order_id,customer_id,product_id,product_name,category,quantity,unit_price,amount,status,order_date
ORD-019798,2,8,Ergonomic Chair,furniture,5,612.75,3063.75,pending,2026-07-11T06:11:42+00:00
ORD-019799,9,2,Wireless Mouse,peripherals,4,49.50,198.00,refunded,2026-07-11T01:22:00+00:00
ORD-019800,6,5,Over-ear Headphones,audio,3,199.95,599.85,completed,2026-07-11T08:47:20+00:00
ORD-019801,7,9,USB-C Hub 8-in-1,accessories,4,39.99,159.96,pending,2026-07-11T20:07:54+00:00
ORD-019802,5,9,USB-C Hub 8-in-1,accessories,3,39.99,119.97,refunded,2026-07-11T19:29:42+00:00
ORD-019803,8,8,Ergonomic Chair,furniture,2,612.75,1225.50,cancelled,2026-07-11T14:38:34+00:00
ORD-019804,6,1,Mechanical Keyboard 75%,peripherals,2,129.00,258.00,completed,2026-07-11T11:40:20+00:00
ORD-019805,3,6,Desk Speakers Pair,audio,2,89.00,178.00,cancelled,2026-07-11T07:06:01+00:00
ORD-019806,10,6,Desk Speakers Pair,audio,4,89.00,356.00,refunded,2026-07-11T12:39:03+00:00
ORD-019807,8,5,Over-ear Headphones,audio,5,199.95,999.75,refunded,2026-07-11T19:48:53+00:00
ORD-019808,5,10,Laptop Stand Aluminium,accessories,4,27.50,110.00,pending,2026-07-11T01:34:20+00:00
ORD-019809,5,3,27in 1440p Monitor,displays,1,319.99,319.99,cancelled,2026-07-11T05:50:13+00:00
ORD-019810,1,6,Desk Speakers Pair,audio,5,89.00,445.00,pending,2026-07-11T22:17:39+00:00
ORD-019811,3,4,34in Ultrawide Monitor,displays,4,579.00,2316.00,cancelled,2026-07-11T01:14:00+00:00
ORD-019812,2,1,Mechanical Keyboard 75%,peripherals,2,129.00,258.00,refunded,2026-07-11T09:27:26+00:00
ORD-019813,9,10,Laptop Stand Aluminium,accessories,5,27.50,137.50,cancelled,2026-07-11T17:37:02+00:00
ORD-019814,7,10,Laptop Stand Aluminium,accessories,2,27.50,55.00,refunded,2026-07-11T19:05:20+00:00
ORD-019815,10,8,Ergonomic Chair,furniture,1,612.75,612.75,completed,2026-07-11T09:15:35+00:00
ORD-019816,9,7,Standing Desk 120cm,furniture,5,449.00,2245.00,completed,2026-07-11T14:21:51+00:00
ORD-019817,10,2,Wireless Mouse,peripherals,3,49.50,148.50,cancelled,2026-07-11T23:50:59+00:00
ORD-019818,2,2,Wireless Mouse,peripherals,1,49.50,49.50,cancelled,2026-07-11T02:33:55+00:00
ORD-019819,3,3,27in 1440p Monitor,displays,3,319.99,959.97,refunded,2026-07-11T22:54:13+00:00
ORD-019820,2,5,Over-ear Headphones,audio,1,199.95,199.95,refunded,2026-07-11T11:27:42+00:00
ORD-019821,10,10,Laptop Stand Aluminium,accessories,3,27.50,82.50,pending,2026-07-11T18:51:49+00:00
ORD-019822,8,2,Wireless Mouse,peripherals,5,49.50,247.50,cancelled,2026-07-11T03:41:04+00:00
ORD-019823,2,10,Laptop Stand Aluminium,accessories,3,27.50,82.50,cancelled,2026-07-11T05:24:09+00:00
ORD-019824,10,7,Standing Desk 120cm,furniture,2,449.00,898.00,refunded,2026-07-11T01:52:21+00:00
ORD-019825,8,6,Desk Speakers Pair,audio,5,89.00,445.00,refunded,2026-07-11T03:43:03+00:00
ORD-019826,1,7,Standing Desk 120cm,furniture,4,449.00,1796.00,completed,2026-07-11T11:19:07+00:00
ORD-019827,4,8,Ergonomic Chair,furniture,2,612.75,1225.50,pending,2026-07-11T01:07:21+00:00
ORD-019828,6,3,27in 1440p Monitor,displays,3,319.99,959.97,refunded,2026-07-11T19:37:12+00:00
ORD-019829,9,3,27in 1440p Monitor,displays,5,319.99,1599.95,cancelled,2026-07-11T05:42:29+00:00
ORD-019830,3,10,Laptop Stand Aluminium,accessories,4,27.50,110.00,completed,2026-07-11T03:44:34+00:00
ORD-019831,6,6,Desk Speakers Pair,audio,4,89.00,356.00,cancelled,2026-07-11T19:20:08+00:00
ORD-019832,7,1,Mechanical Keyboard 75%,peripherals,3,129.00,387.00,completed,2026-07-11T19:12:40+00:00
ORD-019833,8,5,Over-ear Headphones,audio,5,199.95,999.75,cancelled,2026-07-11T19:51:26+00:00
ORD-019834,3,1,Mechanical Keyboard 75%,peripherals,5,129.00,645.00,completed,2026-07-11T10:35:04+00:00
ORD-019835,2,7,Standing Desk 120cm,furniture,5,449.00,2245.00,refunded,2026-07-11T06:18:33+00:00
ORD-019836,10,8,Ergonomic Chair,furniture,4,612.75,2451.00,refunded,2026-07-11T16:27:54+00:00
ORD-019837,6,8,Ergonomic Chair,furniture,1,612.75,612.75,pending,2026-07-11T17:36:31+00:00
ORD-019838,2,1,Mechanical Keyboard 75%,peripherals,1,129.00,129.00,refunded,2026-07-11T13:54:48+00:00
ORD-019839,10,8,Ergonomic Chair,furniture,5,612.75,3063.75,cancelled,2026-07-11T23:31:32+00:00
ORD-019840,2,5,Over-ear Headphones,audio,3,199.95,599.85,refunded,2026-07-11T13:25:36+00:00
ORD-019841,4,1,Mechanical Keyboard 75%,peripherals,2,129.00,258.00,refunded,2026-07-11T02:13:35+00:00
ORD-019842,4,9,USB-C Hub 8-in-1,accessories,4,39.99,159.96,completed,2026-07-11T08:06:57+00:00
ORD-019843,5,2,Wireless Mouse,peripherals,3,49.50,148.50,pending,2026-07-11T20:12:23+00:00
ORD-019844,2,1,Mechanical Keyboard 75%,peripherals,1,129.00,129.00,pending,2026-07-11T08:24:11+00:00
ORD-019845,5,5,Over-ear Headphones,audio,5,199.95,999.75,pending,2026-07-11T17:22:45+00:00
ORD-019846,10,3,27in 1440p Monitor,displays,4,319.99,1279.96,pending,2026-07-11T09:55:11+00:00
ORD-019847,2,6,Desk Speakers Pair,audio,2,89.00,178.00,cancelled,2026-07-11T10:57:09+00:00
ORD-019848,5,4,34in Ultrawide Monitor,displays,5,579.00,2895.00,completed,2026-07-11T19:03:34+00:00
ORD-019849,9,2,Wireless Mouse,peripherals,1,49.50,49.50,completed,2026-07-11T11:06:17+00:00
ORD-019850,9,8,Ergonomic Chair,furniture,3,612.75,1838.25,completed,2026-07-11T09:46:57+00:00
ORD-019851,8,2,Wireless Mouse,peripherals,5,49.50,247.50,refunded,2026-07-11T06:31:45+00:00
ORD-019852,9,4,34in Ultrawide Monitor,displays,4,579.00,2316.00,refunded,2026-07-11T22:55:54+00:00
ORD-019853,6,3,27in 1440p Monitor,displays,5,319.99,1599.95,completed,2026-07-11T05:41:21+00:00
ORD-019854,3,10,Laptop Stand Aluminium,accessories,5,27.50,137.50,cancelled,2026-07-11T10:51:24+00:00
ORD-019855,3,2,Wireless Mouse,peripherals,3,49.50,148.50,completed,2026-07-11T12:56:13+00:00
ORD-019856,1,5,Over-ear Headphones,audio,2,199.95,399.90,cancelled,2026-07-11T00:16:42+00:00
ORD-019857,9,1,Mechanical Keyboard 75%,peripherals,4,129.00,516.00,refunded,2026-07-11T06:50:12+00:00
ORD-019858,8,10,Laptop Stand Aluminium,accessories,5,27.50,137.50,cancelled,2026-07-11T11:13:23+00:00
ORD-019859,9,10,Laptop Stand Aluminium,accessories,3,27.50,82.50,refunded,2026-07-11T03:10:37+00:00
ORD-019860,5,6,Desk Speakers Pair,audio,4,89.00,356.00,completed,2026-07-11T03:59:54+00:00
ORD-019861,5,4,34in Ultrawide Monitor,displays,3,579.00,1737.00,completed,2026-07-11T09:54:39+00:00
ORD-019862,6,7,Standing Desk 120cm,furniture,1,449.00,449.00,pending,2026-07-11T00:44:58+00:00
ORD-019863,10,3,27in 1440p Monitor,displays,3,319.99,959.97,refunded,2026-07-11T20:17:54+00:00
ORD-019864,10,5,Over-ear Headphones,audio,5,199.95,999.75,refunded,2026-07-11T14:33:10+00:00
ORD-019865,1,2,Wireless Mouse,peripherals,2,49.50,99.00,refunded,2026-07-11T02:39:12+00:00
ORD-019866,6,10,Laptop Stand Aluminium,accessories,5,27.50,137.50,refunded,2026-07-11T07:39:53+00:00
ORD-019867,8,8,Ergonomic Chair,furniture,2,612.75,1225.50,pending,2026-07-11T21:24:31+00:00
ORD-019868,8,5,Over-ear Headphones,audio,1,199.95,199.95,completed,2026-07-11T06:45:23+00:00
ORD-019869,6,9,USB-C Hub 8-in-1,accessories,2,39.99,79.98,refunded,2026-07-11T10:39:00+00:00
ORD-019870,2,4,34in Ultrawide Monitor,displays,1,579.00,579.00,completed,2026-07-11T16:18:08+00:00
ORD-019871,3,1,Mechanical Keyboard 75%,peripherals,2,129.00,258.00,refunded,2026-07-11T11:55:57+00:00
ORD-019872,9,6,Desk Speakers Pair,audio,4,89.00,356.00,refunded,2026-07-11T07:58:07+00:00
ORD-019873,2,4,34in Ultrawide Monitor,displays,2,579.00,1158.00,refunded,2026-07-11T10:49:12+00:00
ORD-019874,1,3,27in 1440p Monitor,displays,1,319.99,319.99,cancelled,2026-07-11T12:52:02+00:00
ORD-019875,9,7,Standing Desk 120cm,furniture,3,449.00,1347.00,cancelled,2026-07-11T16:07:07+00:00
ORD-019876,3,7,Standing Desk 120cm,furniture,4,449.00,1796.00,refunded,2026-07-11T13:46:49+00:00
ORD-019877,3,2,Wireless Mouse,peripherals,2,49.50,99.00,cancelled,2026-07-11T02:19:10+00:00
ORD-019878,3,1,Mechanical Keyboard 75%,peripherals,1,129.00,129.00,refunded,2026-07-11T08:21:00+00:00
ORD-019879,4,6,Desk Speakers Pair,audio,2,89.00,178.00,pending,2026-07-11T16:13:21+00:00
ORD-019880,6,10,Laptop Stand Aluminium,accessories,4,27.50,110.00,completed,2026-07-11T19:27:06+00:00
ORD-019881,3,4,34in Ultrawide Monitor,displays,4,579.00,2316.00,pending,2026-07-11T13:11:19+00:00
ORD-019882,5,4,34in Ultrawide Monitor,displays,3,579.00,1737.00,pending,2026-07-11T13:31:38+00:00
ORD-019883,8,1,Mechanical Keyboard 75%,peripherals,5,129.00,645.00,cancelled,2026-07-11T13:50:10+00:00
ORD-019884,4,1,Mechanical Keyboard 75%,peripherals,1,129.00,129.00,pending,2026-07-11T22:05:33+00:00
ORD-019885,7,5,Over-ear Headphones,audio,3,199.95,599.85,cancelled,2026-07-11T07:50:30+00:00
ORD-019886,4,10,Laptop Stand Aluminium,accessories,1,27.50,27.50,pending,2026-07-11T11:50:22+00:00
ORD-019887,10,8,Ergonomic Chair,furniture,4,612.75,2451.00,cancelled,2026-07-11T07:24:38+00:00
ORD-019888,2,7,Standing Desk 120cm,furniture,5,449.00,2245.00,cancelled,2026-07-11T12:46:52+00:00
ORD-019889,1,3,27in 1440p Monitor,displays,2,319.99,639.98,cancelled,2026-07-11T17:34:21+00:00
ORD-019890,2,9,USB-C Hub 8-in-1,accessories,3,39.99,119.97,pending,2026-07-11T13:28:20+00:00
ORD-019891,5,2,Wireless Mouse,peripherals,2,49.50,99.00,pending,2026-07-11T19:16:15+00:00
ORD-019892,2,7,Standing Desk 120cm,furniture,4,449.00,1796.00,pending,2026-07-11T02:40:59+00:00
ORD-019893,9,6,Desk Speakers Pair,audio,5,89.00,445.00,cancelled,2026-07-11T22:57:39+00:00
ORD-019894,6,6,Desk Speakers Pair,audio,4,89.00,356.00,completed,2026-07-11T16:58:02+00:00
ORD-019895,6,3,27in 1440p Monitor,displays,5,319.99,1599.95,completed,2026-07-11T16:31:03+00:00
ORD-019896,2,1,Mechanical Keyboard 75%,peripherals,1,129.00,129.00,completed,2026-07-11T04:08:23+00:00
ORD-019897,6,10,Laptop Stand Aluminium,accessories,3,27.50,82.50,pending,2026-07-11T01:03:21+00:00
ORD-019898,10,9,USB-C Hub 8-in-1,accessories,3,39.99,119.97,pending,2026-07-11T20:21:03+00:00
ORD-019899,2,1,Mechanical Keyboard 75%,peripherals,5,129.00,645.00,completed,2026-07-11T05:41:14+00:00
ORD-019900,1,8,Ergonomic Chair,furniture,5,612.75,3063.75,refunded,2026-07-11T02:33:09+00:00
ORD-019901,1,8,Ergonomic Chair,furniture,5,612.75,3063.75,refunded,2026-07-11T20:08:10+00:00
ORD-019902,4,5,Over-ear Headphones,audio,3,199.95,599.85,cancelled,2026-07-11T14:49:58+00:00
ORD-019903,3,8,Ergonomic Chair,furniture,2,612.75,1225.50,pending,2026-07-11T16:12:09+00:00
ORD-019904,4,1,Mechanical Keyboard 75%,peripherals,1,129.00,129.00,completed,2026-07-11T20:52:05+00:00
ORD-019905,9,7,Standing Desk 120cm,furniture,2,449.00,898.00,refunded,2026-07-11T08:22:33+00:00
ORD-019906,3,2,Wireless Mouse,peripherals,4,49.50,198.00,pending,2026-07-11T01:52:12+00:00
ORD-019907,3,3,27in 1440p Monitor,displays,4,319.99,1279.96,completed,2026-07-11T09:54:27+00:00
ORD-019908,8,8,Ergonomic Chair,furniture,5,612.75,3063.75,refunded,2026-07-11T06:38:58+00:00
ORD-019909,1,2,Wireless Mouse,peripherals,1,49.50,49.50,completed,2026-07-11T12:57:06+00:00
ORD-019910,6,9,USB-C Hub 8-in-1,accessories,2,39.99,79.98,cancelled,2026-07-11T06:09:06+00:00
ORD-019911,4,2,Wireless Mouse,peripherals,2,49.50,99.00,pending,2026-07-11T02:57:43+00:00
ORD-019912,4,1,Mechanical Keyboard 75%,peripherals,5,129.00,645.00,pending,2026-07-11T09:03:18+00:00
ORD-019913,3,4,34in Ultrawide Monitor,displays,3,579.00,1737.00,pending,2026-07-11T15:43:41+00:00
ORD-019914,5,7,Standing Desk 120cm,furniture,3,449.00,1347.00,completed,2026-07-11T05:09:45+00:00
ORD-019915,5,1,Mechanical Keyboard 75%,peripherals,1,129.00,129.00,pending,2026-07-11T17:36:07+00:00
ORD-019916,5,6,Desk Speakers Pair,audio,5,89.00,445.00,cancelled,2026-07-11T03:37:49+00:00
ORD-019917,4,8,Ergonomic Chair,furniture,2,612.75,1225.50,pending,2026-07-11T19:59:37+00:00
ORD-019918,1,4,34in Ultrawide Monitor,displays,4,579.00,2316.00,refunded,2026-07-11T17:19:09+00:00
ORD-019919,1,7,Standing Desk 120cm,furniture,2,449.00,898.00,cancelled,2026-07-11T18:50:39+00:00
ORD-019920,3,7,Standing Desk 120cm,furniture,1,449.00,449.00,cancelled,2026-07-11T12:26:07+00:00
ORD-019921,5,5,Over-ear Headphones,audio,1,199.95,199.95,refunded,2026-07-11T20:26:31+00:00
ORD-019922,1,8,Ergonomic Chair,furniture,1,612.75,612.75,pending,2026-07-11T00:38:44+00:00
ORD-019923,9,8,Ergonomic Chair,furniture,3,612.75,1838.25,refunded,2026-07-11T18:01:54+00:00
ORD-019924,9,9,USB-C Hub 8-in-1,accessories,4,39.99,159.96,completed,2026-07-11T18:05:50+00:00
ORD-019925,10,2,Wireless Mouse,peripherals,4,49.50,198.00,completed,2026-07-11T10:14:04+00:00
ORD-019926,4,3,27in 1440p Monitor,displays,3,319.99,959.97,refunded,2026-07-11T19:43:33+00:00
ORD-019927,7,7,Standing Desk 120cm,furniture,3,449.00,1347.00,refunded,2026-07-11T07:00:06+00:00
ORD-019928,8,7,Standing Desk 120cm,furniture,2,449.00,898.00,pending,2026-07-11T01:48:28+00:00
ORD-019929,8,9,USB-C Hub 8-in-1,accessories,4,39.99,159.96,cancelled,2026-07-11T04:42:24+00:00
ORD-019930,9,8,Ergonomic Chair,furniture,2,612.75,1225.50,pending,2026-07-11T03:52:36+00:00
ORD-019931,2,10,Laptop Stand Aluminium,accessories,1,27.50,27.50,pending,2026-07-11T07:13:20+00:00
ORD-019932,1,4,34in Ultrawide Monitor,displays,5,579.00,2895.00,refunded,2026-07-11T13:48:35+00:00
ORD-019933,5,10,Laptop Stand Aluminium,accessories,2,27.50,55.00,refunded,2026-07-11T17:45:55+00:00
ORD-019934,3,3,27in 1440p Monitor,displays,2,319.99,639.98,cancelled,2026-07-11T05:58:44+00:00
ORD-019935,4,5,Over-ear Headphones,audio,3,199.95,599.85,refunded,2026-07-11T13:39:56+00:00
ORD-019936,7,4,34in Ultrawide Monitor,displays,5,579.00,2895.00,refunded,2026-07-11T04:56:56+00:00
ORD-019937,8,10,Laptop Stand Aluminium,accessories,1,27.50,27.50,refunded,2026-07-11T21:52:35+00:00
ORD-019938,4,10,Laptop Stand Aluminium,accessories,4,27.50,110.00,completed,2026-07-11T07:10:21+00:00
ORD-019939,6,3,27in 1440p Monitor,displays,3,319.99,959.97,cancelled,2026-07-11T03:21:08+00:00
ORD-019940,8,5,Over-ear Headphones,audio,5,199.95,999.75,cancelled,2026-07-11T15:44:54+00:00
ORD-019941,2,9,USB-C Hub 8-in-1,accessories,3,39.99,119.97,refunded,2026-07-11T16:28:05+00:00
ORD-019942,10,8,Ergonomic Chair,furniture,3,612.75,1838.25,cancelled,2026-07-11T14:05:56+00:00
ORD-019943,7,9,USB-C Hub 8-in-1,accessories,3,39.99,119.97,cancelled,2026-07-11T23:14:10+00:00
ORD-019944,10,9,USB-C Hub 8-in-1,accessories,2,39.99,79.98,completed,2026-07-11T00:42:27+00:00
ORD-019945,6,9,USB-C Hub 8-in-1,accessories,1,39.99,39.99,completed,2026-07-11T11:52:36+00:00
ORD-019946,4,7,Standing Desk 120cm,furniture,3,449.00,1347.00,pending,2026-07-11T02:08:52+00:00
ORD-019947,7,6,Desk Speakers Pair,audio,4,89.00,356.00,cancelled,2026-07-11T05:57:22+00:00
ORD-019948,10,1,Mechanical Keyboard 75%,peripherals,5,129.00,645.00,cancelled,2026-07-11T12:50:27+00:00
ORD-019949,10,6,Desk Speakers Pair,audio,1,89.00,89.00,cancelled,2026-07-11T10:53:14+00:00
ORD-019950,3,8,Ergonomic Chair,furniture,2,612.75,1225.50,completed,2026-07-11T23:17:05+00:00
ORD-019951,10,7,Standing Desk 120cm,furniture,1,449.00,449.00,refunded,2026-07-11T11:48:55+00:00
ORD-019952,7,1,Mechanical Keyboard 75%,peripherals,3,129.00,387.00,refunded,2026-07-11T05:04:32+00:00
ORD-019953,8,2,Wireless Mouse,peripherals,4,49.50,198.00,refunded,2026-07-11T21:31:47+00:00
ORD-019954,8,9,USB-C Hub 8-in-1,accessories,1,39.99,39.99,refunded,2026-07-11T21:42:17+00:00
ORD-019955,5,8,Ergonomic Chair,furniture,2,612.75,1225.50,completed,2026-07-11T04:25:53+00:00
ORD-019956,10,3,27in 1440p Monitor,displays,3,319.99,959.97,cancelled,2026-07-11T17:48:39+00:00
ORD-019957,1,7,Standing Desk 120cm,furniture,1,449.00,449.00,pending,2026-07-11T11:48:27+00:00
ORD-019958,2,1,Mechanical Keyboard 75%,peripherals,4,129.00,516.00,cancelled,2026-07-11T12:14:47+00:00
ORD-019959,3,8,Ergonomic Chair,furniture,2,612.75,1225.50,cancelled,2026-07-11T00:54:51+00:00
ORD-019960,6,2,Wireless Mouse,peripherals,5,49.50,247.50,pending,2026-07-11T00:59:37+00:00
ORD-019961,4,7,Standing Desk 120cm,furniture,2,449.00,898.00,refunded,2026-07-11T15:44:38+00:00
ORD-019962,7,4,34in Ultrawide Monitor,displays,5,579.00,2895.00,completed,2026-07-11T11:51:12+00:00
ORD-019963,3,6,Desk Speakers Pair,audio,2,89.00,178.00,cancelled,2026-07-11T13:44:58+00:00
ORD-019964,5,7,Standing Desk 120cm,furniture,4,449.00,1796.00,completed,2026-07-11T13:27:53+00:00
ORD-019965,2,10,Laptop Stand Aluminium,accessories,1,27.50,27.50,refunded,2026-07-11T03:58:11+00:00
ORD-019966,3,1,Mechanical Keyboard 75%,peripherals,4,129.00,516.00,completed,2026-07-11T19:21:46+00:00
ORD-019967,5,2,Wireless Mouse,peripherals,4,49.50,198.00,pending,2026-07-11T15:18:23+00:00
ORD-019968,1,10,Laptop Stand Aluminium,accessories,5,27.50,137.50,refunded,2026-07-11T15:47:43+00:00
ORD-019969,5,8,Ergonomic Chair,furniture,3,612.75,1838.25,refunded,2026-07-11T05:04:21+00:00
ORD-019970,2,6,Desk Speakers Pair,audio,1,89.00,89.00,pending,2026-07-11T17:29:58+00:00
ORD-019971,3,10,Laptop Stand Aluminium,accessories,4,27.50,110.00,cancelled,2026-07-11T23:56:40+00:00
ORD-019972,2,9,USB-C Hub 8-in-1,accessories,5,39.99,199.95,pending,2026-07-11T17:20:04+00:00
ORD-019973,8,3,27in 1440p Monitor,displays,2,319.99,639.98,cancelled,2026-07-11T18:42:24+00:00
ORD-019974,9,5,Over-ear Headphones,audio,2,199.95,399.90,completed,2026-07-11T23:43:55+00:00
ORD-019975,8,1,Mechanical Keyboard 75%,peripherals,3,129.00,387.00,cancelled,2026-07-11T14:23:34+00:00
ORD-019976,10,2,Wireless Mouse,peripherals,5,49.50,247.50,cancelled,2026-07-11T05:11:52+00:00
ORD-019977,1,4,34in Ultrawide Monitor,displays,1,579.00,579.00,cancelled,2026-07-11T11:54:59+00:00
ORD-019978,10,5,Over-ear Headphones,audio,5,199.95,999.75,completed,2026-07-11T07:25:03+00:00
ORD-019979,1,8,Ergonomic Chair,furniture,2,612.75,1225.50,refunded,2026-07-11T01:37:25+00:00
ORD-019980,8,6,Desk Speakers Pair,audio,4,89.00,356.00,refunded,2026-07-11T19:53:08+00:00
ORD-019981,6,1,Mechanical Keyboard 75%,peripherals,3,129.00,387.00,refunded,2026-07-11T03:31:23+00:00
ORD-019982,10,5,Over-ear Headphones,audio,2,199.95,399.90,cancelled,2026-07-11T22:42:53+00:00
ORD-019983,6,4,34in Ultrawide Monitor,displays,2,579.00,1158.00,refunded,2026-07-11T02:45:58+00:00
ORD-019984,10,7,Standing Desk 120cm,furniture,5,449.00,2245.00,pending,2026-07-11T05:18:59+00:00
ORD-019985,8,8,Ergonomic Chair,furniture,2,612.75,1225.50,pending,2026-07-11T01:51:49+00:00
ORD-019986,1,10,Laptop Stand Aluminium,accessories,2,27.50,55.00,refunded,2026-07-11T16:19:14+00:00
ORD-019987,6,4,34in Ultrawide Monitor,displays,3,579.00,1737.00,refunded,2026-07-11T20:22:12+00:00
ORD-019988,5,8,Ergonomic Chair,furniture,3,612.75,1838.25,completed,2026-07-11T19:30:02+00:00
ORD-019989,5,1,Mechanical Keyboard 75%,peripherals,5,129.00,645.00,pending,2026-07-11T17:23:21+00:00
ORD-019990,10,8,Ergonomic Chair,furniture,3,612.75,1838.25,pending,2026-07-11T16:17:06+00:00
ORD-019991,6,8,Ergonomic Chair,furniture,1,612.75,612.75,cancelled,2026-07-11T18:24:52+00:00
ORD-019992,7,4,34in Ultrawide Monitor,displays,1,579.00,579.00,cancelled,2026-07-11T13:51:15+00:00
ORD-019993,5,1,Mechanical Keyboard 75%,peripherals,3,129.00,387.00,cancelled,2026-07-11T08:20:45+00:00
ORD-019994,7,9,USB-C Hub 8-in-1,accessories,3,39.99,119.97,completed,2026-07-11T14:35:20+00:00
ORD-019995,2,2,Wireless Mouse,peripherals,4,49.50,198.00,refunded,2026-07-11T16:47:14+00:00
ORD-019996,3,3,27in 1440p Monitor,displays,2,319.99,639.98,cancelled,2026-07-11T02:01:44+00:00
ORD-019997,9,9,USB-C Hub 8-in-1,accessories,2,39.99,79.98,completed,2026-07-11T20:51:07+00:00
ORD-019998,3,4,34in Ultrawide Monitor,displays,2,579.00,1158.00,refunded,2026-07-11T01:36:31+00:00
ORD-019999,6,3,27in 1440p Monitor,displays,3,319.99,959.97,pending,2026-07-11T17:28:49+00:00
ORD-020000,6,3,27in 1440p Monitor,displays,4,319.99,1279.96,cancelled,2026-07-11T06:26:44+00:00
ORD-020001,2,5,Over-ear Headphones,audio,5,199.95,999.75,cancelled,2026-07-11T08:07:17+00:00
ORD-020002,4,3,27in 1440p Monitor,displays,2,319.99,639.98,completed,2026-07-11T20:43:28+00:00
ORD-020003,10,2,Wireless Mouse,peripherals,1,49.50,49.50,refunded,2026-07-11T17:47:20+00:00
ORD-020004,5,9,USB-C Hub 8-in-1,accessories,3,39.99,119.97,cancelled,2026-07-11T03:30:53+00:00
ORD-020005,5,1,Mechanical Keyboard 75%,peripherals,5,129.00,645.00,completed,2026-07-11T13:00:42+00:00
ORD-020006,7,3,27in 1440p Monitor,displays,3,319.99,959.97,refunded,2026-07-11T19:56:25+00:00
ORD-020007,2,9,USB-C Hub 8-in-1,accessories,1,39.99,39.99,cancelled,2026-07-11T02:07:15+00:00
ORD-020008,5,7,Standing Desk 120cm,furniture,2,449.00,898.00,pending,2026-07-11T04:11:51+00:00
ORD-020009,2,8,Ergonomic Chair,furniture,4,612.75,2451.00,cancelled,2026-07-11T00:40:02+00:00
ORD-020010,3,4,34in Ultrawide Monitor,displays,5,579.00,2895.00,completed,2026-07-11T21:34:49+00:00
ORD-020011,4,5,Over-ear Headphones,audio,3,199.95,599.85,cancelled,2026-07-11T14:41:31+00:00
ORD-020012,2,9,USB-C Hub 8-in-1,accessories,3,39.99,119.97,completed,2026-07-11T04:39:15+00:00
ORD-020013,10,1,Mechanical Keyboard 75%,peripherals,1,129.00,129.00,pending,2026-07-11T17:59:43+00:00
ORD-020014,1,1,Mechanical Keyboard 75%,peripherals,4,129.00,516.00,cancelled,2026-07-11T17:25:50+00:00
ORD-020015,10,8,Ergonomic Chair,furniture,4,612.75,2451.00,refunded,2026-07-11T05:22:36+00:00
ORD-020016,4,6,Desk Speakers Pair,audio,2,89.00,178.00,cancelled,2026-07-11T07:59:05+00:00
ORD-020017,4,7,Standing Desk 120cm,furniture,3,449.00,1347.00,pending,2026-07-11T16:25:40+00:00
ORD-020018,1,10,Laptop Stand Aluminium,accessories,3,27.50,82.50,completed,2026-07-11T14:12:10+00:00
ORD-020019,5,3,27in 1440p Monitor,displays,5,319.99,1599.95,cancelled,2026-07-11T19:29:00+00:00
ORD-020020,10,3,27in 1440p Monitor,displays,5,319.99,1599.95,pending,2026-07-11T14:11:32+00:00
ORD-020021,5,4,34in Ultrawide Monitor,displays,5,579.00,2895.00,refunded,2026-07-11T22:20:22+00:00
ORD-020022,8,3,27in 1440p Monitor,displays,4,319.99,1279.96,completed,2026-07-11T21:20:14+00:00
ORD-020023,10,8,Ergonomic Chair,furniture,2,612.75,1225.50,completed,2026-07-11T16:41:46+00:00
ORD-020024,4,9,USB-C Hub 8-in-1,accessories,4,39.99,159.96,pending,2026-07-11T08:47:09+00:00
ORD-020025,10,9,USB-C Hub 8-in-1,accessories,1,39.99,39.99,refunded,2026-07-11T13:41:25+00:00
ORD-020026,9,6,Desk Speakers Pair,audio,1,89.00,89.00,pending,2026-07-11T16:18:33+00:00
ORD-020027,6,9,USB-C Hub 8-in-1,accessories,5,39.99,199.95,cancelled,2026-07-11T15:13:25+00:00
ORD-020028,2,9,USB-C Hub 8-in-1,accessories,5,39.99,199.95,pending,2026-07-11T22:37:28+00:00
ORD-020029,7,6,Desk Speakers Pair,audio,3,89.00,267.00,cancelled,2026-07-11T14:29:44+00:00
ORD-020030,10,3,27in 1440p Monitor,displays,2,319.99,639.98,refunded,2026-07-11T18:55:06+00:00
ORD-020031,10,6,Desk Speakers Pair,audio,2,89.00,178.00,refunded,2026-07-11T09:00:59+00:00
ORD-020032,1,9,USB-C Hub 8-in-1,accessories,5,39.99,199.95,completed,2026-07-11T15:26:46+00:00
ORD-020033,7,1,Mechanical Keyboard 75%,peripherals,2,129.00,258.00,pending,2026-07-11T12:21:34+00:00
ORD-020034,7,10,Laptop Stand Aluminium,accessories,5,27.50,137.50,refunded,2026-07-11T15:58:11+00:00
ORD-020035,9,2,Wireless Mouse,peripherals,3,49.50,148.50,refunded,2026-07-11T15:47:42+00:00
ORD-020036,8,4,34in Ultrawide Monitor,displays,2,579.00,1158.00,cancelled,2026-07-11T16:59:31+00:00
ORD-020037,6,5,Over-ear Headphones,audio,1,199.95,199.95,cancelled,2026-07-11T11:57:05+00:00
ORD-020038,4,1,Mechanical Keyboard 75%,peripherals,5,129.00,645.00,cancelled,2026-07-11T23:04:06+00:00
ORD-020039,4,9,USB-C Hub 8-in-1,accessories,3,39.99,119.97,refunded,2026-07-11T00:06:11+00:00
ORD-020040,10,3,27in 1440p Monitor,displays,5,319.99,1599.95,cancelled,2026-07-11T21:46:15+00:00
ORD-020041,5,6,Desk Speakers Pair,audio,3,89.00,267.00,refunded,2026-07-11T11:18:48+00:00
ORD-020042,10,10,Laptop Stand Aluminium,accessories,2,27.50,55.00,refunded,2026-07-11T19:21:07+00:00
ORD-020043,7,1,Mechanical Keyboard 75%,peripherals,5,129.00,645.00,completed,2026-07-11T06:06:26+00:00
ORD-020044,9,3,27in 1440p Monitor,displays,1,319.99,319.99,cancelled,2026-07-11T03:39:04+00:00
ORD-020045,4,9,USB-C Hub 8-in-1,accessories,5,39.99,199.95,pending,2026-07-11T12:08:00+00:00
ORD-020046,6,10,Laptop Stand Aluminium,accessories,2,27.50,55.00,refunded,2026-07-11T21:37:32+00:00
ORD-020047,1,9,USB-C Hub 8-in-1,accessories,4,39.99,159.96,cancelled,2026-07-11T12:37:35+00:00
ORD-020048,4,3,27in 1440p Monitor,displays,3,319.99,959.97,completed,2026-07-11T14:19:37+00:00
ORD-020049,1,9,USB-C Hub 8-in-1,accessories,1,39.99,39.99,completed,2026-07-11T01:47:49+00:00
ORD-020050,1,4,34in Ultrawide Monitor,displays,5,579.00,2895.00,refunded,2026-07-11T03:59:45+00:00
ORD-020051,7,5,Over-ear Headphones,audio,1,199.95,199.95,completed,2026-07-11T06:19:47+00:00
ORD-020052,1,1,Mechanical Keyboard 75%,peripherals,5,129.00,645.00,pending,2026-07-11T03:15:33+00:00
ORD-020053,1,2,Wireless Mouse,peripherals,2,49.50,99.00,refunded,2026-07-11T19:09:58+00:00
ORD-020054,5,3,27in 1440p Monitor,displays,5,319.99,1599.95,cancelled,2026-07-11T22:13:16+00:00
ORD-020055,3,8,Ergonomic Chair,furniture,3,612.75,1838.25,pending,2026-07-11T13:54:53+00:00
ORD-020056,5,7,Standing Desk 120cm,furniture,5,449.00,2245.00,completed,2026-07-11T14:04:48+00:00
ORD-020057,9,8,Ergonomic Chair,furniture,4,612.75,2451.00,refunded,2026-07-11T08:49:29+00:00
ORD-020058,7,4,34in Ultrawide Monitor,displays,1,579.00,579.00,pending,2026-07-11T18:35:45+00:00
ORD-020059,6,5,Over-ear Headphones,audio,3,199.95,599.85,cancelled,2026-07-11T13:15:34+00:00
ORD-020060,1,8,Ergonomic Chair,furniture,1,612.75,612.75,refunded,2026-07-11T15:08:32+00:00
ORD-020061,5,9,USB-C Hub 8-in-1,accessories,1,39.99,39.99,completed,2026-07-11T13:19:46+00:00
ORD-020062,10,8,Ergonomic Chair,furniture,1,612.75,612.75,refunded,2026-07-11T06:08:15+00:00
ORD-020063,2,10,Laptop Stand Aluminium,accessories,1,27.50,27.50,refunded,2026-07-11T03:58:50+00:00
ORD-020064,6,7,Standing Desk 120cm,furniture,2,449.00,898.00,refunded,2026-07-11T02:58:12+00:00
ORD-020065,6,4,34in Ultrawide Monitor,displays,1,579.00,579.00,completed,2026-07-11T10:03:06+00:00
ORD-020066,6,4,34in Ultrawide Monitor,displays,2,579.00,1158.00,pending,2026-07-11T03:58:41+00:00
ORD-020067,6,4,34in Ultrawide Monitor,displays,3,579.00,1737.00,pending,2026-07-11T06:09:47+00:00
ORD-020068,9,3,27in 1440p Monitor,displays,2,319.99,639.98,completed,2026-07-11T01:15:24+00:00
ORD-020069,10,3,27in 1440p Monitor,displays,4,319.99,1279.96,pending,2026-07-11T11:21:21+00:00
ORD-020070,1,10,Laptop Stand Aluminium,accessories,1,27.50,27.50,completed,2026-07-11T21:52:08+00:00
ORD-020071,9,2,Wireless Mouse,peripherals,1,49.50,49.50,cancelled,2026-07-11T04:45:22+00:00
ORD-020072,3,1,Mechanical Keyboard 75%,peripherals,1,129.00,129.00,pending,2026-07-11T18:02:33+00:00
ORD-020073,8,5,Over-ear Headphones,audio,3,199.95,599.85,refunded,2026-07-11T14:18:46+00:00
ORD-020074,7,10,Laptop Stand Aluminium,accessories,3,27.50,82.50,completed,2026-07-11T05:57:47+00:00
ORD-020075,9,9,USB-C Hub 8-in-1,accessories,2,39.99,79.98,completed,2026-07-11T14:41:30+00:00
ORD-020076,4,6,Desk Speakers Pair,audio,3,89.00,267.00,pending,2026-07-11T05:31:51+00:00
ORD-020077,7,10,Laptop Stand Aluminium,accessories,1,27.50,27.50,completed,2026-07-11T21:32:38+00:00
ORD-020078,10,5,Over-ear Headphones,audio,5,199.95,999.75,completed,2026-07-11T02:35:13+00:00
ORD-020079,1,8,Ergonomic Chair,furniture,1,612.75,612.75,completed,2026-07-11T23:39:26+00:00
ORD-020080,10,6,Desk Speakers Pair,audio,5,89.00,445.00,refunded,2026-07-11T04:09:22+00:00
ORD-020081,5,8,Ergonomic Chair,furniture,1,612.75,612.75,cancelled,2026-07-11T16:24:07+00:00
ORD-020082,9,4,34in Ultrawide Monitor,displays,3,579.00,1737.00,pending,2026-07-11T17:13:32+00:00
ORD-020083,9,2,Wireless Mouse,peripherals,4,49.50,198.00,completed,2026-07-11T07:52:18+00:00
ORD-020084,1,5,Over-ear Headphones,audio,3,199.95,599.85,cancelled,2026-07-11T13:19:34+00:00
ORD-020085,3,7,Standing Desk 120cm,furniture,3,449.00,1347.00,completed,2026-07-11T23:21:02+00:00
ORD-020086,7,3,27in 1440p Monitor,displays,3,319.99,959.97,cancelled,2026-07-11T09:46:26+00:00
ORD-020087,10,3,27in 1440p Monitor,displays,5,319.99,1599.95,cancelled,2026-07-11T12:28:25+00:00
ORD-020088,10,3,27in 1440p Monitor,displays,3,319.99,959.97,pending,2026-07-11T06:01:18+00:00
ORD-020089,10,5,Over-ear Headphones,audio,2,199.95,399.90,completed,2026-07-11T01:53:06+00:00
ORD-020090,6,5,Over-ear Headphones,audio,2,199.95,399.90,cancelled,2026-07-11T23:10:46+00:00
ORD-020091,10,4,34in Ultrawide Monitor,displays,2,579.00,-50.00,completed,2026-07-11T23:11:43+00:00
ORD-020092,8,8,Ergonomic Chair,furniture,5,612.75,3063.75,refunded,2026-07-11T01:22:04+00:00
ORD-020093,5,3,27in 1440p Monitor,displays,2,319.99,639.98,completed,2026-07-11T10:01:23+00:00
ORD-020094,4,5,Over-ear Headphones,audio,4,199.95,799.80,pending,2026-07-11T08:03:51+00:00
ORD-020095,5,8,Ergonomic Chair,furniture,5,612.75,3063.75,cancelled,2026-07-11T20:09:59+00:00
ORD-020096,6,10,Laptop Stand Aluminium,accessories,2,27.50,55.00,completed,2026-07-11T00:54:53+00:00
ORD-020097,9,7,Standing Desk 120cm,furniture,5,449.00,2245.00,refunded,2026-07-11T21:25:02+00:00
ORD-020098,3,6,Desk Speakers Pair,audio,5,89.00,445.00,cancelled,2026-07-11T11:31:06+00:00
ORD-020099,10,8,Ergonomic Chair,furniture,2,612.75,1225.50,pending,2026-07-11T09:55:39+00:00
ORD-020100,8,6,Desk Speakers Pair,audio,5,89.00,445.00,refunded,2026-07-11T18:21:07+00:00
ORD-020101,7,5,Over-ear Headphones,audio,1,199.95,199.95,refunded,2026-07-11T01:34:23+00:00
ORD-020102,1,5,Over-ear Headphones,audio,4,199.95,799.80,completed,2026-07-11T22:20:57+00:00
ORD-020103,3,7,Standing Desk 120cm,furniture,3,449.00,1347.00,pending,2026-07-11T10:02:43+00:00
ORD-020104,5,8,Ergonomic Chair,furniture,1,612.75,612.75,completed,2026-07-11T02:53:21+00:00
ORD-020105,1,6,Desk Speakers Pair,audio,3,89.00,267.00,cancelled,2026-07-11T02:23:53+00:00
ORD-020106,6,2,Wireless Mouse,peripherals,4,49.50,198.00,refunded,2026-07-11T17:45:07+00:00
ORD-020107,3,9,USB-C Hub 8-in-1,accessories,4,39.99,159.96,pending,2026-07-11T03:01:20+00:00
ORD-020108,7,6,Desk Speakers Pair,audio,5,89.00,445.00,refunded,2026-07-11T16:27:46+00:00
ORD-020109,1,3,27in 1440p Monitor,displays,4,319.99,1279.96,completed,2026-07-11T22:18:12+00:00
ORD-020110,4,2,Wireless Mouse,peripherals,5,49.50,247.50,pending,2026-07-11T15:42:10+00:00
ORD-020111,6,4,34in Ultrawide Monitor,displays,4,579.00,2316.00,pending,2026-07-11T05:46:21+00:00
ORD-020112,4,8,Ergonomic Chair,furniture,5,612.75,3063.75,completed,2026-07-11T15:48:46+00:00
ORD-020113,4,8,Ergonomic Chair,furniture,1,612.75,612.75,completed,2026-07-11T04:22:06+00:00
ORD-020114,10,7,Standing Desk 120cm,furniture,5,449.00,2245.00,refunded,2026-07-11T20:09:18+00:00
ORD-020115,4,9,USB-C Hub 8-in-1,accessories,1,39.99,39.99,pending,2026-07-11T08:55:07+00:00
ORD-020116,5,4,34in Ultrawide Monitor,displays,1,579.00,579.00,cancelled,2026-07-11T15:26:21+00:00
ORD-020117,10,9,USB-C Hub 8-in-1,accessories,4,39.99,159.96,completed,2026-07-11T09:17:45+00:00
ORD-020118,9,8,Ergonomic Chair,furniture,1,612.75,612.75,completed,2026-07-11T11:43:09+00:00
ORD-020119,2,4,34in Ultrawide Monitor,displays,1,579.00,579.00,cancelled,2026-07-11T17:35:00+00:00
ORD-020120,1,7,Standing Desk 120cm,furniture,1,449.00,449.00,cancelled,2026-07-11T04:05:20+00:00
ORD-020121,5,9,USB-C Hub 8-in-1,accessories,4,39.99,159.96,cancelled,2026-07-11T06:06:42+00:00
ORD-020122,2,2,Wireless Mouse,peripherals,1,49.50,49.50,pending,2026-07-11T22:52:50+00:00
ORD-020123,1,10,Laptop Stand Aluminium,accessories,4,27.50,110.00,pending,2026-07-11T08:27:36+00:00
ORD-020124,2,2,Wireless Mouse,peripherals,1,49.50,49.50,refunded,2026-07-11T13:27:24+00:00
ORD-020125,7,9,USB-C Hub 8-in-1,accessories,1,39.99,39.99,completed,2026-07-11T11:18:51+00:00
ORD-020126,5,1,Mechanical Keyboard 75%,peripherals,4,129.00,516.00,pending,2026-07-11T13:57:04+00:00
ORD-020127,2,3,27in 1440p Monitor,displays,4,319.99,1279.96,cancelled,2026-07-11T07:31:48+00:00
ORD-020128,9,3,27in 1440p Monitor,displays,3,319.99,959.97,pending,2026-07-11T08:00:16+00:00
ORD-020129,3,3,27in 1440p Monitor,displays,3,319.99,959.97,cancelled,2026-07-11T10:03:34+00:00
ORD-020130,9,2,Wireless Mouse,peripherals,3,49.50,148.50,cancelled,2026-07-11T08:45:00+00:00
ORD-020131,5,2,Wireless Mouse,peripherals,1,49.50,49.50,completed,2026-07-11T06:25:38+00:00
ORD-020132,3,10,Laptop Stand Aluminium,accessories,4,27.50,110.00,refunded,2026-07-11T11:24:21+00:00
ORD-020133,6,1,Mechanical Keyboard 75%,peripherals,4,129.00,516.00,cancelled,2026-07-11T14:57:37+00:00
ORD-020134,4,4,34in Ultrawide Monitor,displays,1,579.00,579.00,completed,2026-07-11T03:37:09+00:00
ORD-020135,8,10,Laptop Stand Aluminium,accessories,4,27.50,110.00,refunded,2026-07-11T08:41:57+00:00
ORD-020136,2,5,Over-ear Headphones,audio,1,199.95,199.95,cancelled,2026-07-11T22:49:01+00:00
ORD-020137,6,3,27in 1440p Monitor,displays,2,319.99,639.98,pending,2026-07-11T18:29:36+00:00
ORD-020138,4,3,27in 1440p Monitor,displays,1,319.99,319.99,pending,2026-07-11T11:20:12+00:00
ORD-020139,3,1,Mechanical Keyboard 75%,peripherals,1,129.00,129.00,pending,2026-07-11T14:07:29+00:00
ORD-020140,5,1,Mechanical Keyboard 75%,peripherals,3,129.00,387.00,refunded,2026-07-11T01:05:25+00:00
ORD-020141,8,9,USB-C Hub 8-in-1,accessories,2,39.99,79.98,pending,2026-07-11T17:05:58+00:00
ORD-020142,4,5,Over-ear Headphones,audio,3,199.95,599.85,cancelled,2026-07-11T16:51:53+00:00
ORD-020143,7,7,Standing Desk 120cm,furniture,3,449.00,1347.00,refunded,2026-07-11T05:19:10+00:00
ORD-020144,9,5,Over-ear Headphones,audio,5,199.95,999.75,pending,2026-07-11T21:47:41+00:00
ORD-020145,10,6,Desk Speakers Pair,audio,1,89.00,89.00,completed,2026-07-11T22:38:34+00:00
ORD-020146,8,8,Ergonomic Chair,furniture,4,612.75,2451.00,refunded,2026-07-11T08:59:23+00:00
ORD-020147,3,7,Standing Desk 120cm,furniture,1,449.00,449.00,cancelled,2026-07-11T15:36:07+00:00
ORD-020148,8,10,Laptop Stand Aluminium,accessories,2,27.50,55.00,pending,2026-07-11T16:41:30+00:00
ORD-020149,5,5,Over-ear Headphones,audio,3,199.95,599.85,cancelled,2026-07-11T16:22:21+00:00
ORD-020150,10,2,Wireless Mouse,peripherals,3,49.50,148.50,refunded,2026-07-11T07:38:51+00:00
ORD-020151,7,7,Standing Desk 120cm,furniture,1,449.00,449.00,completed,2026-07-11T19:11:05+00:00
ORD-020152,10,5,Over-ear Headphones,audio,5,199.95,999.75,cancelled,2026-07-11T21:44:58+00:00
ORD-020153,6,1,Mechanical Keyboard 75%,peripherals,1,129.00,129.00,completed,2026-07-11T20:21:59+00:00
ORD-020154,9,5,Over-ear Headphones,audio,5,199.95,999.75,refunded,2026-07-11T15:29:51+00:00
ORD-020155,10,4,34in Ultrawide Monitor,displays,4,579.00,2316.00,cancelled,2026-07-11T19:46:10+00:00
ORD-020156,9,6,Desk Speakers Pair,audio,4,89.00,356.00,completed,2026-07-11T03:09:44+00:00
ORD-020157,4,4,34in Ultrawide Monitor,displays,3,579.00,1737.00,completed,2026-07-11T22:32:33+00:00
ORD-020158,6,7,Standing Desk 120cm,furniture,4,449.00,1796.00,completed,2026-07-11T13:25:27+00:00
ORD-020159,10,4,34in Ultrawide Monitor,displays,1,579.00,579.00,pending,2026-07-11T00:01:46+00:00
ORD-020160,3,9,USB-C Hub 8-in-1,accessories,5,39.99,199.95,cancelled,2026-07-11T18:42:50+00:00
ORD-020161,10,7,Standing Desk 120cm,furniture,2,449.00,898.00,refunded,2026-07-11T16:34:23+00:00
ORD-020162,9,4,34in Ultrawide Monitor,displays,4,579.00,2316.00,completed,2026-07-11T17:40:00+00:00
ORD-020163,3,2,Wireless Mouse,peripherals,5,49.50,247.50,pending,2026-07-11T14:56:39+00:00
ORD-020164,3,4,34in Ultrawide Monitor,displays,1,579.00,579.00,completed,2026-07-11T09:35:33+00:00
ORD-020165,4,2,Wireless Mouse,peripherals,2,49.50,99.00,cancelled,2026-07-11T12:01:52+00:00
ORD-020166,5,1,Mechanical Keyboard 75%,peripherals,3,129.00,387.00,cancelled,2026-07-11T09:30:13+00:00
ORD-020167,2,1,Mechanical Keyboard 75%,peripherals,4,129.00,516.00,completed,2026-07-11T04:43:21+00:00
ORD-020168,10,2,Wireless Mouse,peripherals,2,49.50,99.00,refunded,2026-07-11T11:37:40+00:00
ORD-020169,6,7,Standing Desk 120cm,furniture,4,449.00,1796.00,refunded,2026-07-11T20:53:57+00:00
ORD-020170,10,2,Wireless Mouse,peripherals,1,49.50,49.50,pending,2026-07-11T07:42:15+00:00
ORD-020171,2,6,Desk Speakers Pair,audio,2,89.00,178.00,pending,2026-07-11T01:35:25+00:00
ORD-020172,10,7,Standing Desk 120cm,furniture,2,449.00,898.00,cancelled,2026-07-11T07:47:45+00:00
ORD-020173,8,10,Laptop Stand Aluminium,accessories,4,27.50,110.00,refunded,2026-07-11T13:14:57+00:00
ORD-020174,8,9,USB-C Hub 8-in-1,accessories,5,39.99,199.95,refunded,2026-07-11T17:36:27+00:00
ORD-020175,7,2,Wireless Mouse,peripherals,2,49.50,99.00,cancelled,2026-07-11T15:56:07+00:00
ORD-020176,3,2,Wireless Mouse,peripherals,3,49.50,148.50,cancelled,2026-07-11T21:41:12+00:00
ORD-020177,10,2,Wireless Mouse,peripherals,1,49.50,49.50,refunded,2026-07-11T02:11:49+00:00
ORD-020178,5,10,Laptop Stand Aluminium,accessories,1,27.50,27.50,completed,2026-07-11T00:42:38+00:00
ORD-020179,4,9,USB-C Hub 8-in-1,accessories,1,39.99,39.99,refunded,2026-07-11T23:00:20+00:00
ORD-020180,7,7,Standing Desk 120cm,furniture,2,449.00,898.00,refunded,2026-07-11T01:16:50+00:00
ORD-020181,3,7,Standing Desk 120cm,furniture,1,449.00,449.00,completed,2026-07-11T00:15:20+00:00
ORD-020182,5,2,Wireless Mouse,peripherals,1,49.50,49.50,cancelled,2026-07-11T16:25:14+00:00
ORD-020183,9,2,Wireless Mouse,peripherals,5,49.50,247.50,pending,2026-07-11T23:30:11+00:00
ORD-020184,4,5,Over-ear Headphones,audio,4,199.95,799.80,completed,2026-07-11T16:41:29+00:00
ORD-020185,1,1,Mechanical Keyboard 75%,peripherals,1,129.00,129.00,refunded,2026-07-11T02:52:40+00:00
ORD-020186,1,1,Mechanical Keyboard 75%,peripherals,1,129.00,129.00,cancelled,2026-07-11T08:24:59+00:00
ORD-020187,8,10,Laptop Stand Aluminium,accessories,4,27.50,110.00,completed,2026-07-11T08:08:57+00:00
ORD-020188,5,7,Standing Desk 120cm,furniture,1,449.00,449.00,cancelled,2026-07-11T06:23:36+00:00
ORD-020189,10,6,Desk Speakers Pair,audio,3,89.00,267.00,cancelled,2026-07-11T04:13:51+00:00
ORD-020190,3,2,Wireless Mouse,peripherals,2,49.50,99.00,pending,2026-07-11T04:38:19+00:00
ORD-020191,1,7,Standing Desk 120cm,furniture,4,449.00,1796.00,completed,2026-07-11T12:07:37+00:00
ORD-020192,1,2,Wireless Mouse,peripherals,4,49.50,198.00,cancelled,2026-07-11T23:06:11+00:00
ORD-020193,10,7,Standing Desk 120cm,furniture,5,449.00,2245.00,completed,2026-07-11T10:44:47+00:00
ORD-020194,9,5,Over-ear Headphones,audio,3,199.95,599.85,cancelled,2026-07-11T16:06:15+00:00
ORD-020195,4,8,Ergonomic Chair,furniture,1,612.75,612.75,cancelled,2026-07-11T09:24:05+00:00
ORD-020196,1,2,Wireless Mouse,peripherals,2,49.50,99.00,cancelled,2026-07-11T00:29:16+00:00
ORD-020197,9,6,Desk Speakers Pair,audio,1,89.00,89.00,pending,2026-07-11T11:29:56+00:00
ORD-020198,7,9,USB-C Hub 8-in-1,accessories,3,39.99,119.97,cancelled,2026-07-11T08:03:42+00:00
ORD-020199,9,7,Standing Desk 120cm,furniture,5,449.00,2245.00,refunded,2026-07-11T13:28:09+00:00
ORD-020200,5,10,Laptop Stand Aluminium,accessories,4,27.50,110.00,cancelled,2026-07-11T22:53:14+00:00
ORD-020201,8,4,34in Ultrawide Monitor,displays,1,579.00,579.00,completed,2026-07-11T05:27:46+00:00
ORD-020202,6,2,Wireless Mouse,peripherals,4,49.50,198.00,refunded,2026-07-11T11:13:00+00:00
ORD-020203,2,2,Wireless Mouse,peripherals,5,49.50,247.50,pending,2026-07-11T12:05:33+00:00
ORD-020204,1,1,Mechanical Keyboard 75%,peripherals,3,129.00,387.00,cancelled,2026-07-11T09:32:16+00:00
ORD-020205,6,9,USB-C Hub 8-in-1,accessories,2,39.99,79.98,refunded,2026-07-11T11:22:01+00:00
ORD-020206,6,7,Standing Desk 120cm,furniture,5,449.00,2245.00,cancelled,2026-07-11T04:48:00+00:00
ORD-020207,2,2,Wireless Mouse,peripherals,2,49.50,99.00,cancelled,2026-07-11T06:09:06+00:00
ORD-020208,8,7,Standing Desk 120cm,furniture,1,449.00,449.00,completed,2026-07-11T17:23:16+00:00
ORD-020209,10,9,USB-C Hub 8-in-1,accessories,3,39.99,119.97,pending,2026-07-11T07:24:01+00:00
ORD-020210,8,10,Laptop Stand Aluminium,accessories,3,27.50,82.50,cancelled,2026-07-11T23:33:58+00:00
ORD-020211,1,8,Ergonomic Chair,furniture,4,612.75,2451.00,cancelled,2026-07-11T12:42:30+00:00
ORD-020212,8,5,Over-ear Headphones,audio,4,199.95,799.80,cancelled,2026-07-11T13:40:52+00:00
ORD-020213,2,5,Over-ear Headphones,audio,3,199.95,599.85,pending,2026-07-11T07:47:01+00:00
ORD-020214,9,9,USB-C Hub 8-in-1,accessories,4,39.99,159.96,pending,2026-07-11T17:28:18+00:00
ORD-020215,8,4,34in Ultrawide Monitor,displays,4,579.00,2316.00,cancelled,2026-07-11T06:28:52+00:00
ORD-020216,5,3,27in 1440p Monitor,displays,2,319.99,639.98,completed,2026-07-11T17:19:14+00:00
ORD-020217,2,6,Desk Speakers Pair,audio,1,89.00,89.00,refunded,2026-07-11T17:17:20+00:00
ORD-020218,4,6,Desk Speakers Pair,audio,4,89.00,356.00,pending,2026-07-11T23:45:27+00:00
ORD-020219,7,3,27in 1440p Monitor,displays,5,319.99,1599.95,completed,2026-07-11T07:01:36+00:00
ORD-020220,5,4,34in Ultrawide Monitor,displays,5,579.00,2895.00,pending,2026-07-11T03:59:21+00:00
ORD-020221,9,1,Mechanical Keyboard 75%,peripherals,1,129.00,129.00,refunded,2026-07-11T04:46:10+00:00
ORD-020222,4,4,34in Ultrawide Monitor,displays,3,579.00,1737.00,refunded,2026-07-11T00:11:39+00:00
ORD-020223,6,3,27in 1440p Monitor,displays,4,319.99,1279.96,refunded,2026-07-11T22:50:22+00:00
ORD-020224,3,3,27in 1440p Monitor,displays,5,319.99,1599.95,pending,2026-07-11T12:34:54+00:00
ORD-020225,4,5,Over-ear Headphones,audio,2,199.95,399.90,pending,2026-07-11T21:45:09+00:00
ORD-020226,6,7,Standing Desk 120cm,furniture,4,449.00,1796.00,pending,2026-07-11T09:23:41+00:00
ORD-020227,7,1,Mechanical Keyboard 75%,peripherals,5,129.00,645.00,completed,2026-07-11T04:50:57+00:00
ORD-020228,9,8,Ergonomic Chair,furniture,3,612.75,1838.25,completed,2026-07-11T21:37:58+00:00
ORD-020229,2,8,Ergonomic Chair,furniture,2,612.75,1225.50,refunded,2026-07-11T02:44:31+00:00
ORD-020230,5,1,Mechanical Keyboard 75%,peripherals,1,129.00,129.00,completed,2026-07-11T04:38:52+00:00
ORD-020231,4,4,34in Ultrawide Monitor,displays,4,579.00,2316.00,refunded,2026-07-11T01:58:53+00:00
ORD-020232,8,1,Mechanical Keyboard 75%,peripherals,5,129.00,645.00,completed,2026-07-11T05:07:58+00:00
ORD-020233,9,6,Desk Speakers Pair,audio,4,89.00,356.00,cancelled,2026-07-11T13:02:34+00:00
ORD-020234,6,10,Laptop Stand Aluminium,accessories,5,27.50,137.50,cancelled,2026-07-11T17:18:40+00:00
ORD-020235,1,3,27in 1440p Monitor,displays,5,319.99,1599.95,pending,2026-07-11T02:31:26+00:00
ORD-020236,4,2,Wireless Mouse,peripherals,5,49.50,247.50,refunded,2026-07-11T21:58:37+00:00
ORD-020237,3,4,34in Ultrawide Monitor,displays,3,579.00,1737.00,pending,2026-07-11T13:32:18+00:00
ORD-020238,6,2,Wireless Mouse,peripherals,2,49.50,99.00,refunded,2026-07-11T08:46:35+00:00
ORD-020239,6,3,27in 1440p Monitor,displays,4,319.99,1279.96,completed,2026-07-11T18:27:41+00:00
ORD-020240,1,4,34in Ultrawide Monitor,displays,5,579.00,2895.00,cancelled,2026-07-11T11:56:02+00:00
ORD-020241,1,5,Over-ear Headphones,audio,5,199.95,999.75,completed,2026-07-11T13:52:31+00:00
ORD-020242,4,1,Mechanical Keyboard 75%,peripherals,1,129.00,129.00,pending,2026-07-11T14:46:29+00:00
ORD-020243,1,10,Laptop Stand Aluminium,accessories,1,27.50,27.50,cancelled,2026-07-11T00:02:31+00:00
ORD-020244,10,3,27in 1440p Monitor,displays,1,319.99,319.99,pending,2026-07-11T22:22:47+00:00
ORD-020245,8,10,Laptop Stand Aluminium,accessories,4,27.50,110.00,pending,2026-07-11T01:26:44+00:00
ORD-020246,6,4,34in Ultrawide Monitor,displays,1,579.00,579.00,refunded,2026-07-11T06:39:43+00:00
ORD-020247,3,7,Standing Desk 120cm,furniture,1,449.00,449.00,completed,2026-07-11T09:37:45+00:00
ORD-020248,5,7,Standing Desk 120cm,furniture,2,449.00,898.00,completed,2026-07-11T04:05:50+00:00
ORD-020249,10,3,27in 1440p Monitor,displays,3,319.99,959.97,pending,2026-07-11T20:59:17+00:00
ORD-020250,8,5,Over-ear Headphones,audio,2,199.95,399.90,completed,2026-07-11T03:51:03+00:00
ORD-020251,3,2,Wireless Mouse,peripherals,3,49.50,148.50,pending,2026-07-11T04:36:11+00:00
ORD-020252,5,2,Wireless Mouse,peripherals,2,49.50,99.00,completed,2026-07-11T19:34:57+00:00
ORD-020253,8,6,Desk Speakers Pair,audio,2,89.00,178.00,refunded,2026-07-11T16:44:11+00:00
ORD-020254,3,6,Desk Speakers Pair,audio,3,89.00,267.00,cancelled,2026-07-11T20:44:54+00:00
ORD-020255,3,4,34in Ultrawide Monitor,displays,2,579.00,1158.00,cancelled,2026-07-11T09:41:47+00:00
ORD-020256,10,5,Over-ear Headphones,audio,4,199.95,799.80,cancelled,2026-07-11T13:00:30+00:00
ORD-020257,5,8,Ergonomic Chair,furniture,4,612.75,2451.00,pending,2026-07-11T06:18:10+00:00
ORD-020258,7,10,Laptop Stand Aluminium,accessories,5,27.50,137.50,completed,2026-07-11T22:41:02+00:00
ORD-020259,3,9,USB-C Hub 8-in-1,accessories,4,39.99,159.96,pending,2026-07-11T11:56:20+00:00
ORD-020260,1,9,USB-C Hub 8-in-1,accessories,1,39.99,39.99,pending,2026-07-11T16:12:34+00:00
ORD-020261,6,7,Standing Desk 120cm,furniture,2,449.00,898.00,cancelled,2026-07-11T09:46:54+00:00
ORD-020262,4,3,27in 1440p Monitor,displays,2,319.99,639.98,completed,2026-07-11T10:44:05+00:00
ORD-020263,1,7,Standing Desk 120cm,furniture,4,449.00,1796.00,pending,not-a-valid-date
ORD-020264,5,9,USB-C Hub 8-in-1,accessories,5,39.99,199.95,refunded,2026-07-11T18:51:31+00:00
ORD-020265,7,2,Wireless Mouse,peripherals,1,49.50,49.50,pending,2026-07-11T18:57:34+00:00
ORD-020266,6,3,27in 1440p Monitor,displays,4,319.99,1279.96,completed,2026-07-11T23:49:53+00:00
ORD-020267,7,10,Laptop Stand Aluminium,accessories,3,27.50,82.50,refunded,2026-07-11T00:27:34+00:00
ORD-020268,6,10,Laptop Stand Aluminium,accessories,3,27.50,82.50,completed,2026-07-11T04:56:32+00:00
ORD-020269,3,6,Desk Speakers Pair,audio,3,89.00,267.00,refunded,2026-07-11T13:50:08+00:00
ORD-020270,4,6,Desk Speakers Pair,audio,3,89.00,267.00,pending,2026-07-11T21:24:39+00:00
ORD-020271,10,9,USB-C Hub 8-in-1,accessories,3,39.99,119.97,refunded,2026-07-11T04:12:31+00:00
ORD-020272,9,3,27in 1440p Monitor,displays,1,319.99,319.99,cancelled,2026-07-11T22:08:07+00:00
ORD-020273,4,2,Wireless Mouse,peripherals,3,49.50,148.50,cancelled,2026-07-11T13:34:50+00:00
ORD-020274,8,7,Standing Desk 120cm,furniture,5,449.00,2245.00,cancelled,2026-07-11T23:51:26+00:00
ORD-020275,8,4,34in Ultrawide Monitor,displays,5,579.00,2895.00,pending,2026-07-11T10:40:34+00:00
ORD-020276,3,7,Standing Desk 120cm,furniture,3,449.00,1347.00,refunded,2026-07-11T20:43:46+00:00
ORD-020277,2,7,Standing Desk 120cm,furniture,4,449.00,1796.00,pending,2026-07-11T02:19:03+00:00
ORD-020278,2,2,Wireless Mouse,peripherals,4,49.50,198.00,cancelled,2026-07-11T14:03:32+00:00
ORD-020279,1,9,USB-C Hub 8-in-1,accessories,4,39.99,159.96,cancelled,2026-07-11T13:19:18+00:00
ORD-020280,9,9,USB-C Hub 8-in-1,accessories,4,39.99,159.96,refunded,2026-07-11T02:05:01+00:00
ORD-020281,5,3,27in 1440p Monitor,displays,5,319.99,1599.95,completed,2026-07-11T23:16:18+00:00
ORD-020282,8,2,Wireless Mouse,peripherals,1,49.50,49.50,refunded,2026-07-11T15:53:53+00:00
ORD-020283,1,5,Over-ear Headphones,audio,3,199.95,599.85,cancelled,2026-07-11T09:59:43+00:00
ORD-020284,1,7,Standing Desk 120cm,furniture,1,449.00,449.00,completed,2026-07-11T05:58:56+00:00
ORD-020285,3,9,USB-C Hub 8-in-1,accessories,4,39.99,159.96,cancelled,2026-07-11T07:30:46+00:00
ORD-020286,1,7,Standing Desk 120cm,furniture,3,449.00,1347.00,completed,2026-07-11T20:17:39+00:00
ORD-020287,1,6,Desk Speakers Pair,audio,2,89.00,178.00,cancelled,2026-07-11T18:40:09+00:00
ORD-020288,6,4,34in Ultrawide Monitor,displays,3,579.00,1737.00,completed,2026-07-11T15:16:57+00:00
ORD-020289,1,4,34in Ultrawide Monitor,displays,2,579.00,1158.00,pending,2026-07-11T10:39:22+00:00
ORD-020290,4,1,Mechanical Keyboard 75%,peripherals,4,129.00,516.00,completed,2026-07-11T00:22:18+00:00
ORD-020291,5,9,USB-C Hub 8-in-1,accessories,5,39.99,199.95,pending,2026-07-11T12:18:29+00:00
ORD-020292,10,4,34in Ultrawide Monitor,displays,3,579.00,1737.00,pending,2026-07-11T18:51:06+00:00
ORD-020293,9,8,Ergonomic Chair,furniture,4,612.75,2451.00,cancelled,2026-07-11T08:36:48+00:00
ORD-020294,10,7,Standing Desk 120cm,furniture,1,449.00,449.00,refunded,2026-07-11T18:46:39+00:00
ORD-020295,5,4,34in Ultrawide Monitor,displays,4,579.00,2316.00,refunded,2026-07-11T12:23:39+00:00
ORD-020296,1,8,Ergonomic Chair,furniture,3,612.75,1838.25,completed,2026-07-11T15:03:20+00:00
ORD-020297,5,2,Wireless Mouse,peripherals,1,49.50,49.50,pending,2026-07-11T20:22:12+00:00
ORD-020298,2,10,Laptop Stand Aluminium,accessories,5,27.50,137.50,refunded,2026-07-11T01:56:43+00:00
ORD-020299,8,4,34in Ultrawide Monitor,displays,3,579.00,1737.00,cancelled,2026-07-11T18:51:59+00:00
ORD-020300,1,2,Wireless Mouse,peripherals,3,49.50,148.50,completed,2026-07-11T14:22:10+00:00
ORD-020301,1,3,27in 1440p Monitor,displays,3,319.99,959.97,completed,2026-07-11T07:22:19+00:00
ORD-020302,9,10,Laptop Stand Aluminium,accessories,3,27.50,82.50,cancelled,2026-07-11T23:07:20+00:00
ORD-020303,5,1,Mechanical Keyboard 75%,peripherals,2,129.00,258.00,cancelled,2026-07-11T23:33:18+00:00
ORD-020304,10,10,Laptop Stand Aluminium,accessories,5,27.50,137.50,cancelled,2026-07-11T02:28:56+00:00
ORD-020305,8,5,Over-ear Headphones,audio,1,199.95,199.95,refunded,2026-07-11T04:12:30+00:00
ORD-020306,1,5,Over-ear Headphones,audio,5,199.95,999.75,pending,2026-07-11T13:03:04+00:00
ORD-020307,10,6,Desk Speakers Pair,audio,3,89.00,267.00,pending,2026-07-11T09:15:43+00:00
ORD-020308,6,6,Desk Speakers Pair,audio,2,89.00,178.00,completed,2026-07-11T01:55:40+00:00
ORD-020309,2,4,34in Ultrawide Monitor,displays,3,579.00,1737.00,pending,2026-07-11T13:24:40+00:00
ORD-020310,1,7,Standing Desk 120cm,furniture,3,449.00,1347.00,pending,2026-07-11T00:15:22+00:00
ORD-020311,6,9,USB-C Hub 8-in-1,accessories,4,39.99,159.96,refunded,2026-07-11T12:46:52+00:00
ORD-020312,7,9,USB-C Hub 8-in-1,accessories,1,39.99,39.99,refunded,2026-07-11T14:17:43+00:00
ORD-020313,7,5,Over-ear Headphones,audio,2,199.95,399.90,refunded,2026-07-11T01:05:49+00:00
ORD-020314,6,4,34in Ultrawide Monitor,displays,5,579.00,2895.00,completed,2026-07-11T17:40:20+00:00
ORD-020315,8,3,27in 1440p Monitor,displays,4,319.99,1279.96,pending,2026-07-11T19:53:08+00:00
ORD-020316,9,7,Standing Desk 120cm,furniture,2,449.00,898.00,cancelled,2026-07-11T03:27:45+00:00
ORD-020317,8,9,USB-C Hub 8-in-1,accessories,1,39.99,39.99,cancelled,2026-07-11T16:19:56+00:00
ORD-020318,5,6,Desk Speakers Pair,audio,3,89.00,267.00,completed,2026-07-11T19:12:32+00:00
ORD-020319,2,2,Wireless Mouse,peripherals,4,49.50,198.00,refunded,2026-07-11T13:47:41+00:00
ORD-020320,5,4,34in Ultrawide Monitor,displays,3,579.00,1737.00,pending,2026-07-11T17:56:37+00:00
ORD-020321,10,3,27in 1440p Monitor,displays,1,319.99,319.99,completed,2026-07-11T21:07:06+00:00
ORD-020322,6,5,Over-ear Headphones,audio,2,199.95,399.90,completed,2026-07-11T03:34:18+00:00
ORD-020323,8,10,Laptop Stand Aluminium,accessories,4,27.50,110.00,completed,2026-07-11T01:40:37+00:00
ORD-020324,1,1,Mechanical Keyboard 75%,peripherals,2,129.00,258.00,pending,2026-07-11T23:15:03+00:00
ORD-020325,3,4,34in Ultrawide Monitor,displays,3,579.00,1737.00,cancelled,2026-07-11T22:06:31+00:00
ORD-020326,2,1,Mechanical Keyboard 75%,peripherals,5,129.00,645.00,pending,2026-07-11T14:39:43+00:00
ORD-020327,7,1,Mechanical Keyboard 75%,peripherals,2,129.00,258.00,pending,2026-07-11T18:33:49+00:00
ORD-020328,2,9,USB-C Hub 8-in-1,accessories,5,39.99,199.95,pending,2026-07-11T20:23:33+00:00
ORD-020329,1,3,27in 1440p Monitor,displays,5,319.99,1599.95,completed,2026-07-11T09:20:45+00:00
ORD-020330,7,8,Ergonomic Chair,furniture,5,612.75,3063.75,pending,2026-07-11T05:03:05+00:00
ORD-020331,5,2,Wireless Mouse,peripherals,2,49.50,99.00,completed,2026-07-11T06:12:16+00:00
ORD-020332,1,10,Laptop Stand Aluminium,accessories,1,27.50,27.50,pending,2026-07-11T02:09:50+00:00
ORD-020333,2,3,27in 1440p Monitor,displays,3,319.99,959.97,refunded,2026-07-11T21:23:42+00:00
ORD-020334,6,4,34in Ultrawide Monitor,displays,2,579.00,1158.00,pending,2026-07-11T09:28:06+00:00
ORD-020335,2,5,Over-ear Headphones,audio,2,199.95,399.90,completed,2026-07-11T23:19:19+00:00
ORD-020336,10,6,Desk Speakers Pair,audio,3,89.00,267.00,completed,2026-07-11T19:43:17+00:00
ORD-020337,4,2,Wireless Mouse,peripherals,5,49.50,247.50,completed,2026-07-11T19:22:25+00:00
ORD-020338,6,1,Mechanical Keyboard 75%,peripherals,2,129.00,258.00,pending,2026-07-11T01:57:38+00:00
ORD-020339,5,8,Ergonomic Chair,furniture,1,612.75,612.75,cancelled,2026-07-11T07:22:09+00:00
ORD-020340,5,2,Wireless Mouse,peripherals,5,49.50,247.50,cancelled,2026-07-11T23:13:36+00:00
ORD-020341,9,1,Mechanical Keyboard 75%,peripherals,3,129.00,387.00,completed,2026-07-11T07:39:21+00:00
ORD-020342,5,8,Ergonomic Chair,furniture,3,612.75,1838.25,completed,2026-07-11T13:04:25+00:00
ORD-020343,6,6,Desk Speakers Pair,audio,3,89.00,267.00,refunded,2026-07-11T22:51:04+00:00
ORD-020344,3,5,Over-ear Headphones,audio,3,199.95,599.85,refunded,2026-07-11T11:31:04+00:00
ORD-020345,1,5,Over-ear Headphones,audio,4,199.95,799.80,refunded,2026-07-11T13:17:36+00:00
ORD-020346,4,3,27in 1440p Monitor,displays,2,319.99,639.98,cancelled,2026-07-11T03:18:59+00:00
ORD-020347,7,2,Wireless Mouse,peripherals,5,49.50,247.50,pending,2026-07-11T03:34:36+00:00
ORD-020348,5,9,USB-C Hub 8-in-1,accessories,5,39.99,199.95,pending,2026-07-11T10:50:50+00:00
ORD-020349,4,6,Desk Speakers Pair,audio,4,89.00,356.00,completed,2026-07-11T12:13:53+00:00
ORD-020350,9,5,Over-ear Headphones,audio,5,199.95,999.75,completed,2026-07-11T00:09:47+00:00
ORD-020351,3,1,Mechanical Keyboard 75%,peripherals,2,129.00,258.00,pending,2026-07-11T14:36:38+00:00
ORD-020352,10,4,34in Ultrawide Monitor,displays,2,579.00,1158.00,refunded,2026-07-11T05:09:41+00:00
ORD-020353,1,2,Wireless Mouse,peripherals,5,49.50,247.50,completed,2026-07-11T08:51:57+00:00
ORD-020354,10,3,27in 1440p Monitor,displays,1,319.99,319.99,completed,2026-07-11T16:13:29+00:00
ORD-020355,4,7,Standing Desk 120cm,furniture,3,449.00,1347.00,cancelled,2026-07-11T16:13:32+00:00
ORD-020356,9,9,USB-C Hub 8-in-1,accessories,1,39.99,39.99,completed,2026-07-11T00:51:04+00:00
ORD-020357,2,8,Ergonomic Chair,furniture,3,612.75,1838.25,completed,2026-07-11T11:06:37+00:00
ORD-020358,3,8,Ergonomic Chair,furniture,1,612.75,612.75,pending,2026-07-11T16:59:28+00:00
ORD-020359,5,1,Mechanical Keyboard 75%,peripherals,5,129.00,645.00,refunded,2026-07-11T21:42:31+00:00
ORD-020360,10,7,Standing Desk 120cm,furniture,4,449.00,1796.00,completed,2026-07-11T05:41:34+00:00
ORD-020361,9,10,Laptop Stand Aluminium,accessories,5,27.50,137.50,pending,2026-07-11T16:47:30+00:00
ORD-020362,5,6,Desk Speakers Pair,audio,5,89.00,445.00,pending,2026-07-11T23:18:17+00:00
ORD-020363,7,5,Over-ear Headphones,audio,1,199.95,199.95,cancelled,2026-07-11T17:05:42+00:00
ORD-020364,1,1,Mechanical Keyboard 75%,peripherals,2,129.00,258.00,pending,2026-07-11T15:39:19+00:00
ORD-020365,4,10,Laptop Stand Aluminium,accessories,1,27.50,27.50,completed,2026-07-11T21:58:19+00:00
ORD-020366,8,6,Desk Speakers Pair,audio,1,89.00,89.00,completed,2026-07-11T05:37:37+00:00
ORD-020367,1,10,Laptop Stand Aluminium,accessories,5,27.50,137.50,cancelled,2026-07-11T02:49:54+00:00
ORD-020368,3,5,Over-ear Headphones,audio,4,199.95,799.80,cancelled,2026-07-11T11:33:05+00:00
ORD-020369,7,9,USB-C Hub 8-in-1,accessories,5,39.99,199.95,cancelled,2026-07-11T04:48:26+00:00
ORD-020370,4,3,27in 1440p Monitor,displays,2,319.99,639.98,completed,2026-07-11T10:11:35+00:00
ORD-020371,4,5,Over-ear Headphones,audio,1,199.95,199.95,pending,2026-07-11T14:01:01+00:00
ORD-020372,6,6,Desk Speakers Pair,audio,2,89.00,178.00,refunded,2026-07-11T20:31:32+00:00
ORD-020373,4,10,Laptop Stand Aluminium,accessories,1,27.50,27.50,cancelled,2026-07-11T00:31:11+00:00
ORD-020374,6,3,27in 1440p Monitor,displays,3,319.99,959.97,cancelled,2026-07-11T03:44:07+00:00
ORD-020375,10,5,Over-ear Headphones,audio,4,199.95,799.80,cancelled,2026-07-11T22:36:03+00:00
ORD-020376,6,9,USB-C Hub 8-in-1,accessories,1,39.99,39.99,completed,2026-07-11T19:45:43+00:00
ORD-020377,9,2,Wireless Mouse,peripherals,2,49.50,99.00,pending,2026-07-11T00:42:56+00:00
ORD-020378,2,9,USB-C Hub 8-in-1,accessories,5,39.99,199.95,completed,2026-07-11T06:13:48+00:00
ORD-020379,8,7,Standing Desk 120cm,furniture,2,449.00,898.00,completed,2026-07-11T09:44:22+00:00
ORD-020380,5,2,Wireless Mouse,peripherals,4,49.50,198.00,completed,2026-07-11T13:16:32+00:00
ORD-020381,9,9,USB-C Hub 8-in-1,accessories,2,39.99,79.98,cancelled,2026-07-11T23:07:42+00:00
ORD-020382,7,3,27in 1440p Monitor,displays,5,319.99,1599.95,pending,2026-07-11T07:42:17+00:00
ORD-020383,2,2,Wireless Mouse,peripherals,4,49.50,198.00,refunded,2026-07-11T14:48:31+00:00
ORD-020384,5,4,34in Ultrawide Monitor,displays,1,579.00,579.00,completed,2026-07-11T04:03:36+00:00
ORD-020385,10,2,Wireless Mouse,peripherals,1,49.50,49.50,cancelled,2026-07-11T01:39:01+00:00
ORD-020386,10,10,Laptop Stand Aluminium,accessories,5,27.50,137.50,completed,2026-07-11T20:50:55+00:00
ORD-020387,10,6,Desk Speakers Pair,audio,4,89.00,356.00,cancelled,2026-07-11T17:13:02+00:00
ORD-020388,10,9,USB-C Hub 8-in-1,accessories,4,39.99,159.96,completed,2026-07-11T09:26:53+00:00
ORD-020389,2,8,Ergonomic Chair,furniture,5,612.75,3063.75,cancelled,2026-07-11T14:12:48+00:00
ORD-020390,2,1,Mechanical Keyboard 75%,peripherals,3,129.00,387.00,completed,2026-07-11T06:46:14+00:00
ORD-020391,5,7,Standing Desk 120cm,furniture,2,449.00,898.00,completed,2026-07-11T07:55:45+00:00
ORD-020392,4,2,Wireless Mouse,peripherals,4,49.50,198.00,pending,2026-07-11T14:30:46+00:00
ORD-020393,4,2,Wireless Mouse,peripherals,2,49.50,99.00,pending,2026-07-11T21:47:55+00:00
ORD-020394,2,8,Ergonomic Chair,furniture,2,612.75,1225.50,refunded,2026-07-11T14:38:28+00:00
ORD-020395,5,10,Laptop Stand Aluminium,accessories,5,27.50,137.50,pending,2026-07-11T10:39:39+00:00
ORD-020396,5,6,Desk Speakers Pair,audio,5,89.00,445.00,cancelled,2026-07-11T17:49:05+00:00
ORD-020397,2,9,USB-C Hub 8-in-1,accessories,3,39.99,119.97,pending,2026-07-11T07:19:22+00:00
ORD-020398,6,5,Over-ear Headphones,audio,1,199.95,199.95,completed,2026-07-11T18:06:53+00:00
ORD-020399,10,7,Standing Desk 120cm,furniture,3,449.00,1347.00,refunded,2026-07-11T20:25:59+00:00
ORD-020400,5,1,Mechanical Keyboard 75%,peripherals,3,129.00,387.00,completed,2026-07-11T15:44:34+00:00
ORD-020401,10,1,Mechanical Keyboard 75%,peripherals,1,129.00,129.00,completed,2026-07-11T10:02:09+00:00
ORD-020402,1,4,34in Ultrawide Monitor,displays,2,579.00,1158.00,cancelled,2026-07-11T17:45:41+00:00
ORD-020403,3,8,Ergonomic Chair,furniture,2,612.75,1225.50,completed,2026-07-11T14:24:38+00:00
ORD-020404,6,7,Standing Desk 120cm,furniture,2,449.00,898.00,refunded,2026-07-11T02:27:37+00:00
ORD-020405,6,8,Ergonomic Chair,furniture,4,612.75,2451.00,refunded,2026-07-11T03:10:40+00:00
ORD-020406,6,5,Over-ear Headphones,audio,2,199.95,399.90,completed,2026-07-11T12:44:29+00:00
ORD-020407,10,4,34in Ultrawide Monitor,displays,4,579.00,2316.00,pending,2026-07-11T09:22:40+00:00
ORD-020408,10,1,Mechanical Keyboard 75%,peripherals,1,129.00,129.00,cancelled,2026-07-11T13:59:13+00:00
ORD-020409,7,6,Desk Speakers Pair,audio,2,89.00,178.00,refunded,2026-07-11T20:37:00+00:00
ORD-020410,4,3,27in 1440p Monitor,displays,3,319.99,959.97,cancelled,2026-07-11T23:05:29+00:00
ORD-020411,5,8,Ergonomic Chair,furniture,1,612.75,612.75,pending,2026-07-11T02:57:56+00:00
ORD-020412,1,8,Ergonomic Chair,furniture,5,612.75,3063.75,pending,2026-07-11T03:36:33+00:00
ORD-020413,5,7,Standing Desk 120cm,furniture,5,449.00,2245.00,pending,2026-07-11T18:10:53+00:00
ORD-020414,7,9,USB-C Hub 8-in-1,accessories,5,39.99,199.95,refunded,2026-07-11T00:50:17+00:00
ORD-020415,7,10,Laptop Stand Aluminium,accessories,1,27.50,27.50,pending,2026-07-11T09:53:47+00:00
ORD-020416,1,7,Standing Desk 120cm,furniture,3,449.00,1347.00,cancelled,2026-07-11T07:33:20+00:00
ORD-020417,10,5,Over-ear Headphones,audio,5,199.95,999.75,refunded,2026-07-11T17:01:04+00:00
ORD-020418,2,10,Laptop Stand Aluminium,accessories,4,27.50,110.00,cancelled,2026-07-11T16:37:44+00:00
ORD-020419,7,8,Ergonomic Chair,furniture,4,612.75,2451.00,refunded,2026-07-11T01:39:22+00:00
ORD-020420,3,1,Mechanical Keyboard 75%,peripherals,1,129.00,129.00,completed,2026-07-11T03:17:55+00:00
ORD-020421,4,1,Mechanical Keyboard 75%,peripherals,2,129.00,258.00,completed,2026-07-11T10:54:34+00:00
ORD-020422,1,9,USB-C Hub 8-in-1,accessories,1,39.99,39.99,pending,2026-07-11T01:19:37+00:00
ORD-020423,5,6,Desk Speakers Pair,audio,2,89.00,178.00,pending,2026-07-11T07:46:48+00:00
ORD-020424,5,7,Standing Desk 120cm,furniture,3,449.00,1347.00,refunded,2026-07-11T22:18:22+00:00
ORD-020425,2,1,Mechanical Keyboard 75%,peripherals,2,129.00,258.00,refunded,2026-07-11T20:28:10+00:00
ORD-020426,6,3,27in 1440p Monitor,displays,2,319.99,639.98,cancelled,2026-07-11T13:58:04+00:00
ORD-020427,10,7,Standing Desk 120cm,furniture,4,449.00,1796.00,refunded,2026-07-11T22:44:00+00:00
ORD-020428,9,2,Wireless Mouse,peripherals,3,49.50,148.50,cancelled,2026-07-11T15:51:25+00:00
ORD-020429,5,8,Ergonomic Chair,furniture,3,612.75,1838.25,cancelled,2026-07-11T21:00:46+00:00
ORD-020430,3,3,27in 1440p Monitor,displays,5,319.99,1599.95,cancelled,2026-07-11T19:48:52+00:00
ORD-020431,4,1,Mechanical Keyboard 75%,peripherals,5,129.00,645.00,refunded,2026-07-11T08:02:18+00:00
ORD-020432,10,8,Ergonomic Chair,furniture,5,612.75,3063.75,pending,2026-07-11T01:31:19+00:00
ORD-020433,6,3,27in 1440p Monitor,displays,4,319.99,1279.96,cancelled,2026-07-11T06:58:36+00:00
ORD-020434,8,9,USB-C Hub 8-in-1,accessories,4,39.99,159.96,refunded,2026-07-11T21:11:22+00:00
ORD-020435,10,3,27in 1440p Monitor,displays,5,319.99,1599.95,refunded,2026-07-11T18:45:32+00:00
ORD-020436,10,3,27in 1440p Monitor,displays,3,319.99,959.97,pending,2026-07-11T14:59:17+00:00
ORD-020437,9,8,Ergonomic Chair,furniture,3,612.75,1838.25,refunded,2026-07-11T15:03:40+00:00
ORD-020438,5,4,34in Ultrawide Monitor,displays,5,579.00,2895.00,completed,2026-07-11T18:17:56+00:00
ORD-020439,8,6,Desk Speakers Pair,audio,3,89.00,267.00,pending,2026-07-11T07:38:40+00:00
ORD-020440,4,9,USB-C Hub 8-in-1,accessories,3,39.99,119.97,pending,2026-07-11T19:09:54+00:00
ORD-020441,1,2,Wireless Mouse,peripherals,2,49.50,99.00,pending,2026-07-11T11:06:29+00:00
ORD-020442,4,7,Standing Desk 120cm,furniture,1,449.00,449.00,refunded,2026-07-11T17:14:47+00:00
ORD-020443,1,8,Ergonomic Chair,furniture,1,612.75,612.75,refunded,2026-07-11T12:27:15+00:00
ORD-020444,9,2,Wireless Mouse,peripherals,2,49.50,99.00,completed,2026-07-11T23:36:30+00:00
ORD-020445,1,7,Standing Desk 120cm,furniture,3,449.00,1347.00,completed,2026-07-11T21:43:27+00:00
ORD-020446,1,3,27in 1440p Monitor,displays,5,319.99,1599.95,refunded,2026-07-11T19:04:59+00:00
ORD-020447,4,4,34in Ultrawide Monitor,displays,2,579.00,1158.00,completed,2026-07-11T19:42:07+00:00
ORD-020448,8,5,Over-ear Headphones,audio,1,199.95,199.95,cancelled,2026-07-11T10:35:25+00:00
ORD-020449,3,2,Wireless Mouse,peripherals,4,49.50,198.00,pending,2026-07-11T04:02:17+00:00
ORD-020450,9,7,Standing Desk 120cm,furniture,3,449.00,1347.00,pending,2026-07-11T05:56:19+00:00
ORD-020451,6,10,Laptop Stand Aluminium,accessories,2,27.50,55.00,refunded,2026-07-11T08:18:07+00:00
ORD-020452,5,6,Desk Speakers Pair,audio,4,89.00,356.00,cancelled,2026-07-11T09:17:27+00:00
ORD-020453,8,9,USB-C Hub 8-in-1,accessories,2,39.99,79.98,cancelled,2026-07-11T12:49:21+00:00
ORD-020454,8,3,27in 1440p Monitor,displays,2,319.99,639.98,pending,2026-07-11T18:02:52+00:00
ORD-020455,10,1,Mechanical Keyboard 75%,peripherals,3,129.00,387.00,pending,2026-07-11T08:32:30+00:00
ORD-020456,1,5,Over-ear Headphones,audio,3,199.95,599.85,pending,2026-07-11T07:35:51+00:00
ORD-020457,10,10,Laptop Stand Aluminium,accessories,3,27.50,82.50,cancelled,2026-07-11T03:42:18+00:00
ORD-020458,9,7,Standing Desk 120cm,furniture,5,449.00,2245.00,refunded,2026-07-11T17:12:33+00:00
ORD-020459,6,2,Wireless Mouse,peripherals,2,49.50,99.00,completed,2026-07-11T22:26:29+00:00
ORD-020460,5,4,34in Ultrawide Monitor,displays,5,579.00,2895.00,pending,2026-07-11T13:19:47+00:00
ORD-020461,6,4,34in Ultrawide Monitor,displays,4,579.00,2316.00,completed,2026-07-11T14:19:01+00:00
ORD-020462,1,10,Laptop Stand Aluminium,accessories,2,27.50,55.00,refunded,2026-07-11T06:14:03+00:00
ORD-020463,3,7,Standing Desk 120cm,furniture,4,449.00,1796.00,completed,2026-07-11T23:34:09+00:00
ORD-020464,7,7,Standing Desk 120cm,furniture,2,449.00,898.00,cancelled,2026-07-11T11:22:45+00:00
ORD-020465,5,8,Ergonomic Chair,furniture,5,612.75,3063.75,pending,2026-07-11T19:29:03+00:00
ORD-020466,9,5,Over-ear Headphones,audio,4,199.95,799.80,cancelled,2026-07-11T11:57:54+00:00
ORD-020467,9,1,Mechanical Keyboard 75%,peripherals,5,129.00,645.00,refunded,2026-07-11T01:46:41+00:00
ORD-020468,8,2,Wireless Mouse,peripherals,1,49.50,49.50,pending,2026-07-11T11:22:52+00:00
ORD-020469,9,7,Standing Desk 120cm,furniture,3,449.00,1347.00,cancelled,2026-07-11T05:18:04+00:00
ORD-020470,10,7,Standing Desk 120cm,furniture,1,449.00,449.00,refunded,2026-07-11T11:50:21+00:00
ORD-020471,10,6,Desk Speakers Pair,audio,3,89.00,267.00,completed,2026-07-11T08:17:30+00:00
ORD-020472,1,1,Mechanical Keyboard 75%,peripherals,3,129.00,387.00,refunded,2026-07-11T02:59:25+00:00
ORD-020473,9,6,Desk Speakers Pair,audio,4,89.00,356.00,refunded,2026-07-11T23:35:36+00:00
ORD-020474,3,8,Ergonomic Chair,furniture,2,612.75,1225.50,pending,2026-07-11T18:59:59+00:00
ORD-020475,10,7,Standing Desk 120cm,furniture,3,449.00,1347.00,pending,2026-07-11T12:58:17+00:00
ORD-020476,10,4,34in Ultrawide Monitor,displays,1,579.00,579.00,pending,2026-07-11T04:51:12+00:00
ORD-020477,4,2,Wireless Mouse,peripherals,3,49.50,148.50,completed,2026-07-11T06:29:31+00:00
ORD-020478,7,1,Mechanical Keyboard 75%,peripherals,3,129.00,387.00,refunded,2026-07-11T03:03:12+00:00
ORD-020479,5,6,Desk Speakers Pair,audio,2,89.00,178.00,pending,2026-07-11T07:35:41+00:00
ORD-020480,7,2,Wireless Mouse,peripherals,5,49.50,247.50,cancelled,2026-07-11T10:01:30+00:00
ORD-020481,10,8,Ergonomic Chair,furniture,3,612.75,1838.25,completed,2026-07-11T22:37:38+00:00
ORD-020482,5,7,Standing Desk 120cm,furniture,3,449.00,1347.00,refunded,2026-07-11T18:30:01+00:00
ORD-020483,2,3,27in 1440p Monitor,displays,3,319.99,959.97,cancelled,2026-07-11T07:59:58+00:00
ORD-020484,1,4,34in Ultrawide Monitor,displays,3,579.00,1737.00,pending,2026-07-11T15:50:08+00:00
ORD-020485,5,5,Over-ear Headphones,audio,1,199.95,199.95,refunded,2026-07-11T02:32:34+00:00
ORD-020486,6,3,27in 1440p Monitor,displays,3,319.99,959.97,cancelled,2026-07-11T20:52:19+00:00
ORD-020487,1,2,Wireless Mouse,peripherals,2,49.50,99.00,cancelled,2026-07-11T18:14:44+00:00
ORD-020488,6,10,Laptop Stand Aluminium,accessories,2,27.50,55.00,cancelled,2026-07-11T00:17:12+00:00
ORD-020489,1,4,34in Ultrawide Monitor,displays,3,579.00,1737.00,cancelled,2026-07-11T02:13:31+00:00
ORD-020490,9,7,Standing Desk 120cm,furniture,4,449.00,1796.00,completed,2026-07-11T10:23:43+00:00
ORD-020491,5,5,Over-ear Headphones,audio,1,199.95,199.95,cancelled,2026-07-11T03:12:49+00:00
ORD-020492,4,8,Ergonomic Chair,furniture,3,612.75,1838.25,cancelled,2026-07-11T07:44:13+00:00
ORD-020493,8,2,Wireless Mouse,peripherals,3,49.50,148.50,cancelled,2026-07-11T23:20:06+00:00
ORD-020494,8,7,Standing Desk 120cm,furniture,1,449.00,449.00,completed,2026-07-11T15:08:21+00:00
ORD-020495,3,9,USB-C Hub 8-in-1,accessories,2,39.99,79.98,cancelled,2026-07-11T03:23:42+00:00
ORD-020496,1,7,Standing Desk 120cm,furniture,3,449.00,1347.00,refunded,2026-07-11T07:12:14+00:00
ORD-020497,10,3,27in 1440p Monitor,displays,2,319.99,639.98,cancelled,2026-07-11T21:21:12+00:00
ORD-020498,6,6,Desk Speakers Pair,audio,2,89.00,178.00,refunded,2026-07-11T02:30:08+00:00
ORD-020499,5,3,27in 1440p Monitor,displays,2,319.99,639.98,refunded,2026-07-11T03:36:01+00:00
ORD-020500,10,6,Desk Speakers Pair,audio,3,89.00,267.00,refunded,2026-07-11T13:19:52+00:00
ORD-020501,4,9,USB-C Hub 8-in-1,accessories,3,39.99,119.97,pending,2026-07-11T04:17:13+00:00
ORD-020502,8,9,USB-C Hub 8-in-1,accessories,5,39.99,199.95,cancelled,2026-07-11T20:14:22+00:00
ORD-020503,10,7,Standing Desk 120cm,furniture,5,449.00,2245.00,completed,2026-07-11T22:17:23+00:00
ORD-020504,10,9,USB-C Hub 8-in-1,accessories,3,39.99,119.97,pending,2026-07-11T14:17:10+00:00
ORD-020505,4,1,Mechanical Keyboard 75%,peripherals,2,129.00,258.00,cancelled,2026-07-11T19:23:01+00:00
ORD-020506,7,3,27in 1440p Monitor,displays,5,319.99,1599.95,refunded,2026-07-11T16:24:06+00:00
ORD-020507,8,6,Desk Speakers Pair,audio,4,89.00,356.00,pending,2026-07-11T15:44:52+00:00
ORD-020508,9,2,Wireless Mouse,peripherals,3,49.50,148.50,cancelled,2026-07-11T22:58:22+00:00
ORD-020509,5,2,Wireless Mouse,peripherals,4,49.50,198.00,refunded,2026-07-11T03:37:45+00:00
ORD-020510,6,10,Laptop Stand Aluminium,accessories,4,27.50,110.00,completed,2026-07-11T20:17:12+00:00
ORD-020511,8,10,Laptop Stand Aluminium,accessories,5,27.50,137.50,refunded,2026-07-11T00:17:03+00:00
ORD-020512,3,6,Desk Speakers Pair,audio,1,89.00,89.00,completed,2026-07-11T13:37:54+00:00
ORD-020513,9,4,34in Ultrawide Monitor,displays,3,579.00,1737.00,pending,2026-07-11T01:11:02+00:00
ORD-020514,1,7,Standing Desk 120cm,furniture,5,449.00,2245.00,refunded,2026-07-11T14:54:25+00:00
ORD-020515,5,8,Ergonomic Chair,furniture,5,612.75,3063.75,refunded,2026-07-11T09:53:56+00:00
ORD-020516,4,5,Over-ear Headphones,audio,1,199.95,199.95,cancelled,2026-07-11T04:27:57+00:00
ORD-020517,8,9,USB-C Hub 8-in-1,accessories,5,39.99,199.95,completed,2026-07-11T06:06:09+00:00
ORD-020518,9,1,Mechanical Keyboard 75%,peripherals,4,129.00,516.00,pending,2026-07-11T21:43:05+00:00
ORD-020519,10,2,Wireless Mouse,peripherals,5,49.50,247.50,completed,2026-07-11T05:40:26+00:00
ORD-020520,1,3,27in 1440p Monitor,displays,3,319.99,959.97,refunded,2026-07-11T11:33:00+00:00
ORD-020521,9,7,Standing Desk 120cm,furniture,2,449.00,898.00,refunded,2026-07-11T10:37:12+00:00
ORD-020522,10,5,Over-ear Headphones,audio,3,199.95,599.85,completed,2026-07-11T20:54:58+00:00
ORD-020523,2,6,Desk Speakers Pair,audio,5,89.00,445.00,refunded,2026-07-11T12:26:11+00:00
ORD-020524,5,8,Ergonomic Chair,furniture,3,612.75,1838.25,completed,2026-07-11T08:57:04+00:00
ORD-020525,8,3,27in 1440p Monitor,displays,1,319.99,319.99,completed,2026-07-11T22:19:21+00:00
ORD-020526,4,3,27in 1440p Monitor,displays,1,319.99,319.99,cancelled,2026-07-11T15:06:21+00:00
ORD-020527,4,9,USB-C Hub 8-in-1,accessories,2,39.99,79.98,cancelled,2026-07-11T06:09:06+00:00
ORD-020528,5,9,USB-C Hub 8-in-1,accessories,4,39.99,159.96,completed,2026-07-11T07:06:14+00:00
ORD-020529,4,6,Desk Speakers Pair,audio,2,89.00,178.00,refunded,2026-07-11T03:41:19+00:00
ORD-020530,8,8,Ergonomic Chair,furniture,3,612.75,1838.25,completed,2026-07-11T03:27:04+00:00
ORD-020531,6,5,Over-ear Headphones,audio,3,199.95,599.85,completed,2026-07-11T18:45:50+00:00
ORD-020532,9,8,Ergonomic Chair,furniture,1,612.75,612.75,cancelled,2026-07-11T08:53:35+00:00
ORD-020533,5,6,Desk Speakers Pair,audio,4,89.00,356.00,cancelled,2026-07-11T18:58:27+00:00
ORD-020534,7,9,USB-C Hub 8-in-1,accessories,4,39.99,159.96,pending,2026-07-11T03:13:43+00:00
ORD-020535,4,5,Over-ear Headphones,audio,5,199.95,999.75,pending,2026-07-11T09:59:02+00:00
ORD-020536,5,4,34in Ultrawide Monitor,displays,1,579.00,579.00,cancelled,2026-07-11T23:43:21+00:00
ORD-020537,9,10,Laptop Stand Aluminium,accessories,5,27.50,137.50,cancelled,2026-07-11T02:27:44+00:00
ORD-020538,4,9,USB-C Hub 8-in-1,accessories,1,39.99,39.99,refunded,2026-07-11T05:09:50+00:00
ORD-020539,8,8,Ergonomic Chair,furniture,2,612.75,1225.50,refunded,2026-07-11T21:36:24+00:00
ORD-020540,7,1,Mechanical Keyboard 75%,peripherals,1,129.00,129.00,completed,2026-07-11T19:10:15+00:00
ORD-020541,5,8,Ergonomic Chair,furniture,5,612.75,3063.75,completed,2026-07-11T01:12:08+00:00
ORD-020542,7,4,34in Ultrawide Monitor,displays,2,579.00,1158.00,pending,2026-07-11T05:55:42+00:00
ORD-020543,2,2,Wireless Mouse,peripherals,2,49.50,99.00,refunded,2026-07-11T12:06:06+00:00
ORD-020544,9,8,Ergonomic Chair,furniture,4,612.75,2451.00,pending,2026-07-11T21:44:11+00:00
ORD-020545,4,7,Standing Desk 120cm,furniture,4,449.00,1796.00,completed,2026-07-11T04:22:37+00:00
ORD-020546,1,9,USB-C Hub 8-in-1,accessories,5,39.99,199.95,cancelled,2026-07-11T13:07:18+00:00
ORD-020547,1,5,Over-ear Headphones,audio,2,199.95,399.90,completed,2026-07-11T10:03:15+00:00
ORD-020548,8,3,27in 1440p Monitor,displays,5,319.99,1599.95,pending,2026-07-11T06:17:19+00:00
ORD-020549,3,2,Wireless Mouse,peripherals,3,49.50,148.50,completed,2026-07-11T10:39:33+00:00
ORD-020550,9,3,27in 1440p Monitor,displays,3,319.99,959.97,refunded,2026-07-11T18:45:44+00:00
ORD-020551,8,1,Mechanical Keyboard 75%,peripherals,4,129.00,516.00,completed,2026-07-11T11:46:35+00:00
ORD-020552,6,3,27in 1440p Monitor,displays,3,319.99,959.97,pending,2026-07-11T09:42:27+00:00
ORD-020553,2,1,Mechanical Keyboard 75%,peripherals,5,129.00,645.00,cancelled,2026-07-11T19:12:38+00:00
ORD-020554,6,9,USB-C Hub 8-in-1,accessories,1,39.99,39.99,cancelled,2026-07-11T20:06:33+00:00
ORD-020555,6,9,USB-C Hub 8-in-1,accessories,1,39.99,39.99,completed,2026-07-11T23:41:40+00:00
ORD-020556,6,1,Mechanical Keyboard 75%,peripherals,5,129.00,645.00,completed,2026-07-11T18:51:27+00:00
ORD-020557,1,7,Standing Desk 120cm,furniture,5,449.00,2245.00,cancelled,2026-07-11T13:35:51+00:00
ORD-020558,6,3,27in 1440p Monitor,displays,5,319.99,1599.95,cancelled,2026-07-11T08:54:00+00:00
ORD-020559,4,2,Wireless Mouse,peripherals,1,49.50,49.50,refunded,2026-07-11T16:29:58+00:00
ORD-020560,9,3,27in 1440p Monitor,displays,1,319.99,319.99,pending,2026-07-11T19:14:13+00:00
ORD-020561,5,3,27in 1440p Monitor,displays,3,319.99,959.97,refunded,2026-07-11T16:16:46+00:00
ORD-020562,5,6,Desk Speakers Pair,audio,3,89.00,267.00,completed,2026-07-11T23:15:21+00:00
ORD-020563,5,7,Standing Desk 120cm,furniture,2,449.00,898.00,cancelled,2026-07-11T23:51:00+00:00
ORD-020564,3,7,Standing Desk 120cm,furniture,5,449.00,2245.00,pending,2026-07-11T01:27:44+00:00
ORD-020565,1,5,Over-ear Headphones,audio,1,199.95,199.95,pending,2026-07-11T17:47:29+00:00
ORD-020566,7,7,Standing Desk 120cm,furniture,4,449.00,1796.00,completed,2026-07-11T04:54:34+00:00
ORD-020567,1,2,Wireless Mouse,peripherals,5,49.50,247.50,pending,2026-07-11T19:27:08+00:00
ORD-020568,6,9,USB-C Hub 8-in-1,accessories,1,39.99,39.99,completed,2026-07-11T10:35:30+00:00
ORD-020569,8,10,Laptop Stand Aluminium,accessories,4,27.50,110.00,pending,2026-07-11T00:28:15+00:00
ORD-020570,5,5,Over-ear Headphones,audio,5,199.95,999.75,cancelled,2026-07-11T02:57:56+00:00
ORD-020571,2,5,Over-ear Headphones,audio,1,199.95,199.95,refunded,2026-07-11T02:39:07+00:00
ORD-020572,5,5,Over-ear Headphones,audio,5,199.95,999.75,cancelled,2026-07-11T15:03:01+00:00
ORD-020573,1,9,USB-C Hub 8-in-1,accessories,5,39.99,199.95,refunded,2026-07-11T17:04:25+00:00
ORD-020574,6,5,Over-ear Headphones,audio,5,199.95,999.75,cancelled,2026-07-11T13:49:37+00:00
ORD-020575,1,6,Desk Speakers Pair,audio,5,89.00,445.00,completed,2026-07-11T01:57:21+00:00
ORD-020576,4,9,USB-C Hub 8-in-1,accessories,1,39.99,39.99,cancelled,2026-07-11T17:48:40+00:00
ORD-020577,4,1,Mechanical Keyboard 75%,peripherals,1,129.00,129.00,cancelled,2026-07-11T12:01:38+00:00
ORD-020578,10,9,USB-C Hub 8-in-1,accessories,3,39.99,119.97,completed,2026-07-11T05:05:13+00:00
ORD-020579,8,5,Over-ear Headphones,audio,5,199.95,999.75,pending,2026-07-11T21:12:05+00:00
ORD-020580,1,10,Laptop Stand Aluminium,accessories,1,27.50,27.50,completed,2026-07-11T22:20:47+00:00
ORD-020581,1,8,Ergonomic Chair,furniture,1,612.75,612.75,pending,2026-07-11T16:25:00+00:00
ORD-020582,9,10,Laptop Stand Aluminium,accessories,1,27.50,27.50,completed,2026-07-11T06:27:04+00:00
ORD-020583,3,2,Wireless Mouse,peripherals,2,49.50,99.00,refunded,2026-07-11T08:51:22+00:00
ORD-020584,2,9,USB-C Hub 8-in-1,accessories,1,39.99,39.99,completed,2026-07-11T22:09:20+00:00
ORD-020585,9,10,Laptop Stand Aluminium,accessories,1,27.50,27.50,pending,2026-07-11T10:51:32+00:00
ORD-020586,6,8,Ergonomic Chair,furniture,4,612.75,2451.00,refunded,2026-07-11T07:25:47+00:00
ORD-020587,5,8,Ergonomic Chair,furniture,1,612.75,612.75,cancelled,2026-07-11T22:44:49+00:00
ORD-020588,3,6,Desk Speakers Pair,audio,4,89.00,356.00,completed,2026-07-11T20:00:33+00:00
ORD-020589,1,1,Mechanical Keyboard 75%,peripherals,4,129.00,516.00,cancelled,2026-07-11T22:11:04+00:00
ORD-020590,8,1,Mechanical Keyboard 75%,peripherals,2,129.00,258.00,cancelled,2026-07-11T19:48:42+00:00
ORD-020591,7,4,34in Ultrawide Monitor,displays,3,579.00,1737.00,refunded,2026-07-11T20:46:05+00:00
ORD-020592,5,3,27in 1440p Monitor,displays,2,319.99,639.98,refunded,2026-07-11T11:29:17+00:00
ORD-020593,4,8,Ergonomic Chair,furniture,5,612.75,3063.75,pending,2026-07-11T12:58:38+00:00
ORD-020594,3,8,Ergonomic Chair,furniture,4,612.75,2451.00,cancelled,2026-07-11T21:37:15+00:00
ORD-020595,6,8,Ergonomic Chair,furniture,3,612.75,1838.25,refunded,2026-07-11T01:19:54+00:00
ORD-020596,7,10,Laptop Stand Aluminium,accessories,2,27.50,55.00,completed,2026-07-11T16:40:07+00:00
ORD-020597,6,3,27in 1440p Monitor,displays,5,319.99,1599.95,cancelled,2026-07-11T19:44:34+00:00
ORD-020598,1,3,27in 1440p Monitor,displays,5,319.99,1599.95,completed,2026-07-11T18:36:36+00:00
ORD-020599,2,3,27in 1440p Monitor,displays,3,319.99,959.97,cancelled,2026-07-11T14:21:03+00:00
ORD-020600,6,2,Wireless Mouse,peripherals,2,49.50,99.00,completed,2026-07-11T04:39:18+00:00
ORD-020601,10,5,Over-ear Headphones,audio,5,199.95,999.75,cancelled,2026-07-11T09:34:37+00:00
ORD-020602,6,2,Wireless Mouse,peripherals,1,49.50,49.50,cancelled,2026-07-11T00:06:26+00:00
ORD-020603,3,10,Laptop Stand Aluminium,accessories,4,27.50,110.00,refunded,2026-07-11T17:43:42+00:00
ORD-020604,9,9,USB-C Hub 8-in-1,accessories,3,39.99,119.97,cancelled,2026-07-11T02:49:50+00:00
ORD-020605,9,7,Standing Desk 120cm,furniture,4,449.00,1796.00,refunded,2026-07-11T19:19:55+00:00
ORD-020606,7,4,34in Ultrawide Monitor,displays,2,579.00,1158.00,pending,2026-07-11T03:54:05+00:00
ORD-020607,7,4,34in Ultrawide Monitor,displays,5,579.00,2895.00,cancelled,2026-07-11T04:57:42+00:00
ORD-020608,5,8,Ergonomic Chair,furniture,2,612.75,1225.50,cancelled,2026-07-11T09:11:34+00:00
ORD-020609,8,4,34in Ultrawide Monitor,displays,5,579.00,2895.00,refunded,2026-07-11T01:56:52+00:00
ORD-020610,2,5,Over-ear Headphones,audio,3,199.95,599.85,cancelled,2026-07-11T06:35:02+00:00
ORD-020611,5,10,Laptop Stand Aluminium,accessories,3,27.50,82.50,refunded,2026-07-11T01:37:55+00:00
ORD-020612,7,10,Laptop Stand Aluminium,accessories,3,27.50,82.50,cancelled,2026-07-11T16:57:48+00:00
ORD-020613,1,5,Over-ear Headphones,audio,1,199.95,199.95,refunded,2026-07-11T12:35:08+00:00
ORD-020614,6,10,Laptop Stand Aluminium,accessories,3,27.50,82.50,pending,2026-07-11T18:56:42+00:00
ORD-020615,3,3,27in 1440p Monitor,displays,4,319.99,1279.96,cancelled,2026-07-11T14:03:50+00:00
ORD-020616,2,3,27in 1440p Monitor,displays,5,319.99,1599.95,refunded,2026-07-11T17:07:20+00:00
ORD-020617,5,10,Laptop Stand Aluminium,accessories,3,27.50,82.50,pending,2026-07-11T09:24:19+00:00
ORD-020618,8,5,Over-ear Headphones,audio,5,199.95,999.75,refunded,2026-07-11T20:15:17+00:00
ORD-020619,9,4,34in Ultrawide Monitor,displays,3,579.00,1737.00,cancelled,2026-07-11T17:38:24+00:00
ORD-020620,4,7,Standing Desk 120cm,furniture,1,449.00,449.00,cancelled,2026-07-11T03:41:52+00:00
ORD-020621,1,6,Desk Speakers Pair,audio,1,89.00,89.00,pending,2026-07-11T06:52:48+00:00
ORD-020622,1,10,Laptop Stand Aluminium,accessories,5,27.50,137.50,pending,2026-07-11T20:57:51+00:00
ORD-020623,3,1,Mechanical Keyboard 75%,peripherals,2,129.00,258.00,completed,2026-07-11T17:22:31+00:00
ORD-020624,3,10,Laptop Stand Aluminium,accessories,3,27.50,82.50,cancelled,2026-07-11T15:05:33+00:00
ORD-020625,6,1,Mechanical Keyboard 75%,peripherals,3,129.00,387.00,pending,2026-07-11T18:07:36+00:00
ORD-020626,8,2,Wireless Mouse,peripherals,3,49.50,148.50,cancelled,2026-07-11T20:41:31+00:00
ORD-020627,7,3,27in 1440p Monitor,displays,1,319.99,319.99,refunded,2026-07-11T01:43:20+00:00
ORD-020628,7,5,Over-ear Headphones,audio,4,199.95,799.80,pending,2026-07-11T17:01:13+00:00
ORD-020629,8,8,Ergonomic Chair,furniture,4,612.75,2451.00,refunded,2026-07-11T01:16:30+00:00
ORD-020630,5,1,Mechanical Keyboard 75%,peripherals,4,129.00,516.00,pending,2026-07-11T22:23:43+00:00
ORD-020631,3,1,Mechanical Keyboard 75%,peripherals,2,129.00,258.00,cancelled,2026-07-11T05:32:35+00:00
ORD-020632,3,9,USB-C Hub 8-in-1,accessories,5,39.99,199.95,pending,2026-07-11T13:25:26+00:00
ORD-020633,7,9,USB-C Hub 8-in-1,accessories,3,39.99,119.97,cancelled,2026-07-11T04:30:24+00:00
ORD-020634,9,10,Laptop Stand Aluminium,accessories,4,27.50,110.00,cancelled,2026-07-11T20:57:04+00:00
ORD-020635,2,8,Ergonomic Chair,furniture,3,612.75,1838.25,completed,2026-07-11T01:02:09+00:00
ORD-020636,2,8,Ergonomic Chair,furniture,4,612.75,2451.00,pending,2026-07-11T18:57:20+00:00
ORD-020637,4,1,Mechanical Keyboard 75%,peripherals,1,129.00,129.00,cancelled,2026-07-11T00:09:15+00:00
ORD-020638,10,7,Standing Desk 120cm,furniture,1,449.00,449.00,cancelled,2026-07-11T09:34:50+00:00
ORD-020639,7,10,Laptop Stand Aluminium,accessories,2,27.50,55.00,completed,2026-07-11T06:54:59+00:00
ORD-020640,8,2,Wireless Mouse,peripherals,4,49.50,198.00,cancelled,2026-07-11T16:44:39+00:00
ORD-020641,2,8,Ergonomic Chair,furniture,4,612.75,2451.00,pending,2026-07-11T07:35:29+00:00
ORD-020642,2,4,34in Ultrawide Monitor,displays,3,579.00,1737.00,refunded,2026-07-11T03:24:49+00:00
ORD-020643,3,1,Mechanical Keyboard 75%,peripherals,2,129.00,258.00,pending,2026-07-11T17:00:29+00:00
ORD-020644,8,6,Desk Speakers Pair,audio,3,89.00,267.00,pending,2026-07-11T20:46:11+00:00
ORD-020645,9,3,27in 1440p Monitor,displays,5,319.99,1599.95,refunded,2026-07-11T14:27:48+00:00
ORD-020646,8,2,Wireless Mouse,peripherals,4,49.50,198.00,cancelled,2026-07-11T23:48:06+00:00
ORD-020647,9,1,Mechanical Keyboard 75%,peripherals,2,129.00,258.00,pending,2026-07-11T09:45:26+00:00
ORD-020648,3,10,Laptop Stand Aluminium,accessories,5,27.50,137.50,completed,2026-07-11T04:11:47+00:00
ORD-020649,6,7,Standing Desk 120cm,furniture,1,449.00,449.00,pending,2026-07-11T12:17:30+00:00
ORD-020650,8,9,USB-C Hub 8-in-1,accessories,2,39.99,79.98,cancelled,2026-07-11T16:30:00+00:00
ORD-020651,6,3,27in 1440p Monitor,displays,2,319.99,639.98,refunded,2026-07-11T07:00:38+00:00
ORD-020652,6,6,Desk Speakers Pair,audio,3,89.00,267.00,completed,2026-07-11T02:57:43+00:00
ORD-020653,6,10,Laptop Stand Aluminium,accessories,2,27.50,55.00,cancelled,2026-07-11T18:02:32+00:00
ORD-020654,8,2,Wireless Mouse,peripherals,1,49.50,49.50,cancelled,2026-07-11T15:20:58+00:00
ORD-020655,9,9,USB-C Hub 8-in-1,accessories,3,39.99,119.97,pending,2026-07-11T18:51:08+00:00
ORD-020656,6,5,Over-ear Headphones,audio,4,199.95,799.80,completed,2026-07-11T05:24:14+00:00
ORD-020657,2,5,Over-ear Headphones,audio,1,199.95,199.95,completed,2026-07-11T21:14:54+00:00
ORD-020658,9,2,Wireless Mouse,peripherals,4,49.50,198.00,completed,2026-07-11T18:21:43+00:00
ORD-020659,3,3,27in 1440p Monitor,displays,5,319.99,1599.95,cancelled,2026-07-11T04:15:06+00:00
ORD-020660,3,10,Laptop Stand Aluminium,accessories,3,27.50,82.50,cancelled,2026-07-11T09:44:59+00:00
ORD-020661,4,1,Mechanical Keyboard 75%,peripherals,3,129.00,387.00,cancelled,2026-07-11T22:50:24+00:00
ORD-020662,3,5,Over-ear Headphones,audio,2,199.95,399.90,completed,2026-07-11T15:27:14+00:00
ORD-020663,5,5,Over-ear Headphones,audio,4,199.95,799.80,completed,2026-07-11T03:18:11+00:00
ORD-020664,10,9,USB-C Hub 8-in-1,accessories,1,39.99,39.99,cancelled,2026-07-11T09:20:02+00:00
ORD-020665,4,8,Ergonomic Chair,furniture,5,612.75,3063.75,cancelled,2026-07-11T13:17:19+00:00
ORD-020666,7,4,34in Ultrawide Monitor,displays,2,579.00,1158.00,refunded,2026-07-11T01:57:44+00:00
ORD-020667,5,7,Standing Desk 120cm,furniture,4,449.00,1796.00,cancelled,2026-07-11T01:28:25+00:00
ORD-020668,10,3,27in 1440p Monitor,displays,2,319.99,639.98,pending,2026-07-11T15:15:47+00:00
ORD-020669,3,4,34in Ultrawide Monitor,displays,5,579.00,2895.00,completed,2026-07-11T05:52:49+00:00
ORD-020670,6,6,Desk Speakers Pair,audio,1,89.00,89.00,completed,2026-07-11T06:38:59+00:00
ORD-020671,5,3,27in 1440p Monitor,displays,5,319.99,1599.95,refunded,2026-07-11T22:41:06+00:00
ORD-020672,6,9,USB-C Hub 8-in-1,accessories,2,39.99,79.98,pending,2026-07-11T01:08:06+00:00
ORD-020673,5,8,Ergonomic Chair,furniture,5,612.75,3063.75,completed,2026-07-11T22:34:23+00:00
ORD-020674,7,10,Laptop Stand Aluminium,accessories,5,27.50,137.50,completed,2026-07-11T15:22:51+00:00
ORD-020675,5,10,Laptop Stand Aluminium,accessories,5,27.50,137.50,refunded,2026-07-11T14:07:43+00:00
ORD-020676,6,5,Over-ear Headphones,audio,4,199.95,799.80,pending,2026-07-11T15:48:04+00:00
ORD-020677,9,6,Desk Speakers Pair,audio,2,89.00,178.00,cancelled,2026-07-11T09:02:33+00:00
ORD-020678,2,8,Ergonomic Chair,furniture,1,612.75,612.75,pending,2026-07-11T05:55:59+00:00
ORD-020679,2,3,27in 1440p Monitor,displays,4,319.99,1279.96,completed,2026-07-11T00:12:16+00:00
ORD-020680,4,10,Laptop Stand Aluminium,accessories,2,27.50,55.00,cancelled,2026-07-11T23:31:49+00:00
ORD-020681,4,8,Ergonomic Chair,furniture,2,612.75,1225.50,pending,2026-07-11T17:40:10+00:00
ORD-020682,2,3,27in 1440p Monitor,displays,3,319.99,959.97,pending,2026-07-11T01:25:08+00:00
ORD-020683,10,3,27in 1440p Monitor,displays,4,319.99,1279.96,refunded,2026-07-11T03:26:57+00:00
ORD-020684,2,8,Ergonomic Chair,furniture,1,612.75,612.75,completed,2026-07-11T08:11:14+00:00
ORD-020685,2,6,Desk Speakers Pair,audio,2,89.00,178.00,completed,2026-07-11T17:59:39+00:00
ORD-020686,1,10,Laptop Stand Aluminium,accessories,5,27.50,137.50,cancelled,2026-07-11T05:22:06+00:00
ORD-020687,8,4,34in Ultrawide Monitor,displays,2,579.00,1158.00,cancelled,2026-07-11T16:38:59+00:00
ORD-020688,9,4,34in Ultrawide Monitor,displays,1,579.00,579.00,cancelled,2026-07-11T05:39:21+00:00
ORD-020689,4,8,Ergonomic Chair,furniture,5,612.75,3063.75,pending,2026-07-11T09:12:22+00:00
ORD-020690,3,2,Wireless Mouse,peripherals,3,49.50,148.50,completed,2026-07-11T22:45:37+00:00
ORD-020691,5,7,Standing Desk 120cm,furniture,4,449.00,1796.00,cancelled,2026-07-11T09:22:05+00:00
ORD-020692,8,6,Desk Speakers Pair,audio,1,89.00,89.00,cancelled,2026-07-11T23:13:59+00:00
ORD-020693,9,3,27in 1440p Monitor,displays,1,319.99,319.99,refunded,2026-07-11T17:22:16+00:00
ORD-020694,1,9,USB-C Hub 8-in-1,accessories,2,39.99,79.98,cancelled,2026-07-11T00:59:51+00:00
ORD-020695,6,8,Ergonomic Chair,furniture,3,612.75,1838.25,refunded,2026-07-11T06:14:19+00:00
ORD-020696,7,6,Desk Speakers Pair,audio,5,89.00,445.00,cancelled,2026-07-11T06:58:05+00:00
ORD-020697,10,10,Laptop Stand Aluminium,accessories,2,27.50,55.00,refunded,2026-07-11T20:13:04+00:00
ORD-020698,1,7,Standing Desk 120cm,furniture,5,449.00,2245.00,refunded,2026-07-11T02:50:14+00:00
ORD-020699,8,4,34in Ultrawide Monitor,displays,1,579.00,579.00,pending,2026-07-11T00:37:58+00:00
ORD-020700,7,2,Wireless Mouse,peripherals,5,49.50,247.50,cancelled,2026-07-11T06:12:40+00:00
ORD-020701,9,4,34in Ultrawide Monitor,displays,3,579.00,1737.00,pending,2026-07-11T08:17:13+00:00
ORD-020702,1,2,Wireless Mouse,peripherals,5,49.50,247.50,refunded,2026-07-11T03:56:10+00:00
ORD-020703,5,5,Over-ear Headphones,audio,2,199.95,399.90,pending,2026-07-11T22:28:59+00:00
ORD-020704,8,3,27in 1440p Monitor,displays,1,319.99,319.99,cancelled,2026-07-11T09:36:53+00:00
ORD-020705,5,10,Laptop Stand Aluminium,accessories,2,27.50,55.00,cancelled,2026-07-11T11:54:52+00:00
ORD-020706,8,2,Wireless Mouse,peripherals,1,49.50,49.50,cancelled,2026-07-11T22:15:48+00:00
ORD-020707,7,9,USB-C Hub 8-in-1,accessories,4,39.99,159.96,refunded,2026-07-11T17:44:49+00:00
ORD-020708,9,10,Laptop Stand Aluminium,accessories,4,27.50,110.00,refunded,2026-07-11T00:45:35+00:00
ORD-020709,10,1,Mechanical Keyboard 75%,peripherals,5,129.00,645.00,pending,2026-07-11T21:27:49+00:00
ORD-020710,8,6,Desk Speakers Pair,audio,3,89.00,267.00,refunded,2026-07-11T05:52:50+00:00
ORD-020711,2,3,27in 1440p Monitor,displays,5,319.99,1599.95,refunded,2026-07-11T07:41:06+00:00
ORD-020712,8,8,Ergonomic Chair,furniture,1,612.75,612.75,pending,2026-07-11T17:50:26+00:00
ORD-020713,7,4,34in Ultrawide Monitor,displays,1,579.00,579.00,refunded,2026-07-11T22:37:26+00:00
ORD-020714,7,10,Laptop Stand Aluminium,accessories,3,27.50,82.50,pending,2026-07-11T03:54:36+00:00
ORD-020715,6,1,Mechanical Keyboard 75%,peripherals,2,129.00,258.00,completed,2026-07-11T04:05:15+00:00
ORD-020716,2,6,Desk Speakers Pair,audio,4,89.00,356.00,cancelled,2026-07-11T07:07:19+00:00
ORD-020717,10,4,34in Ultrawide Monitor,displays,1,579.00,579.00,refunded,2026-07-11T12:56:42+00:00
ORD-020718,6,2,Wireless Mouse,peripherals,4,49.50,198.00,completed,2026-07-11T00:41:17+00:00
ORD-020719,6,6,Desk Speakers Pair,audio,1,89.00,89.00,completed,2026-07-11T08:59:36+00:00
ORD-020720,7,9,USB-C Hub 8-in-1,accessories,2,39.99,79.98,completed,2026-07-11T18:35:07+00:00
ORD-020721,9,5,Over-ear Headphones,audio,1,199.95,199.95,completed,2026-07-11T00:41:15+00:00
ORD-020722,3,10,Laptop Stand Aluminium,accessories,5,27.50,137.50,pending,2026-07-11T04:58:03+00:00
ORD-020723,9,9,USB-C Hub 8-in-1,accessories,2,39.99,79.98,completed,2026-07-11T05:17:04+00:00
ORD-020724,6,1,Mechanical Keyboard 75%,peripherals,4,129.00,516.00,refunded,2026-07-11T11:28:00+00:00
ORD-020725,6,5,Over-ear Headphones,audio,2,199.95,399.90,completed,2026-07-11T09:57:43+00:00
ORD-020726,4,10,Laptop Stand Aluminium,accessories,4,27.50,110.00,refunded,2026-07-11T05:49:51+00:00
ORD-020727,3,2,Wireless Mouse,peripherals,2,49.50,99.00,pending,2026-07-11T10:34:58+00:00
ORD-020728,7,3,27in 1440p Monitor,displays,4,319.99,1279.96,refunded,2026-07-11T03:41:05+00:00
ORD-020729,7,4,34in Ultrawide Monitor,displays,2,579.00,1158.00,completed,2026-07-11T14:26:45+00:00
ORD-020730,10,6,Desk Speakers Pair,audio,2,89.00,178.00,cancelled,2026-07-11T18:58:53+00:00
ORD-020731,5,5,Over-ear Headphones,audio,3,199.95,599.85,completed,2026-07-11T06:03:13+00:00
ORD-020732,4,6,Desk Speakers Pair,audio,3,89.00,267.00,pending,2026-07-11T02:27:33+00:00
ORD-020733,6,4,34in Ultrawide Monitor,displays,4,579.00,2316.00,pending,2026-07-11T03:19:38+00:00
ORD-020734,6,6,Desk Speakers Pair,audio,4,89.00,356.00,pending,2026-07-11T21:40:55+00:00
ORD-020735,6,10,Laptop Stand Aluminium,accessories,3,27.50,82.50,pending,2026-07-11T12:16:19+00:00
ORD-020736,2,9,USB-C Hub 8-in-1,accessories,1,39.99,39.99,cancelled,2026-07-11T11:43:30+00:00
ORD-020737,7,5,Over-ear Headphones,audio,4,199.95,799.80,cancelled,2026-07-11T08:45:02+00:00
ORD-020738,4,4,34in Ultrawide Monitor,displays,1,579.00,579.00,pending,2026-07-11T20:49:52+00:00
ORD-020739,3,7,Standing Desk 120cm,furniture,4,449.00,1796.00,completed,2026-07-11T12:21:37+00:00
ORD-020740,7,4,34in Ultrawide Monitor,displays,3,579.00,1737.00,completed,2026-07-11T09:55:54+00:00
ORD-020741,6,3,27in 1440p Monitor,displays,5,319.99,1599.95,cancelled,2026-07-11T00:23:16+00:00
ORD-020742,4,4,34in Ultrawide Monitor,displays,5,579.00,2895.00,pending,2026-07-11T03:39:23+00:00
ORD-020743,6,3,27in 1440p Monitor,displays,3,319.99,959.97,refunded,2026-07-11T22:52:20+00:00
ORD-020744,1,1,Mechanical Keyboard 75%,peripherals,1,129.00,129.00,completed,2026-07-11T03:42:24+00:00
ORD-020745,8,5,Over-ear Headphones,audio,3,199.95,599.85,pending,2026-07-11T11:09:17+00:00
ORD-020746,8,7,Standing Desk 120cm,furniture,3,449.00,1347.00,cancelled,2026-07-11T08:05:55+00:00
ORD-020747,3,9,USB-C Hub 8-in-1,accessories,2,39.99,79.98,pending,2026-07-11T14:40:34+00:00
ORD-020748,9,3,27in 1440p Monitor,displays,5,319.99,1599.95,refunded,2026-07-11T23:56:16+00:00
ORD-020749,10,2,Wireless Mouse,peripherals,5,49.50,247.50,completed,2026-07-11T18:19:32+00:00
ORD-020750,6,9,USB-C Hub 8-in-1,accessories,4,39.99,159.96,completed,2026-07-11T07:11:16+00:00
ORD-020751,1,3,27in 1440p Monitor,displays,3,319.99,959.97,cancelled,2026-07-11T15:57:47+00:00
ORD-020752,3,4,34in Ultrawide Monitor,displays,1,579.00,579.00,cancelled,2026-07-11T23:19:07+00:00
ORD-020753,2,1,Mechanical Keyboard 75%,peripherals,2,129.00,258.00,cancelled,2026-07-11T23:13:28+00:00
ORD-020754,2,1,Mechanical Keyboard 75%,peripherals,5,129.00,645.00,cancelled,2026-07-11T21:12:08+00:00
ORD-020755,5,10,Laptop Stand Aluminium,accessories,2,27.50,55.00,completed,2026-07-11T03:22:11+00:00
ORD-020756,2,8,Ergonomic Chair,furniture,1,612.75,612.75,completed,2026-07-11T00:50:26+00:00
ORD-020757,3,6,Desk Speakers Pair,audio,3,89.00,267.00,pending,2026-07-11T01:58:43+00:00
ORD-020758,7,5,Over-ear Headphones,audio,5,199.95,999.75,cancelled,2026-07-11T02:13:14+00:00
ORD-020759,9,3,27in 1440p Monitor,displays,1,319.99,319.99,refunded,2026-07-11T11:18:16+00:00
ORD-020760,1,4,34in Ultrawide Monitor,displays,2,579.00,1158.00,completed,2026-07-11T06:13:03+00:00
ORD-020761,4,3,27in 1440p Monitor,displays,4,319.99,1279.96,refunded,2026-07-11T18:40:31+00:00
ORD-020762,4,1,Mechanical Keyboard 75%,peripherals,1,129.00,129.00,cancelled,2026-07-11T16:46:43+00:00
ORD-020763,9,10,Laptop Stand Aluminium,accessories,3,27.50,82.50,completed,2026-07-11T06:59:03+00:00
ORD-020764,7,1,Mechanical Keyboard 75%,peripherals,1,129.00,129.00,completed,2026-07-11T08:51:45+00:00
ORD-020765,7,2,Wireless Mouse,peripherals,3,49.50,148.50,cancelled,2026-07-11T01:27:06+00:00
ORD-020766,7,8,Ergonomic Chair,furniture,3,612.75,1838.25,completed,2026-07-11T13:50:37+00:00
ORD-020767,2,4,34in Ultrawide Monitor,displays,5,579.00,2895.00,completed,2026-07-11T15:09:30+00:00
ORD-020768,5,1,Mechanical Keyboard 75%,peripherals,4,129.00,516.00,refunded,2026-07-11T14:24:11+00:00
ORD-020769,4,4,34in Ultrawide Monitor,displays,3,579.00,1737.00,refunded,2026-07-11T01:10:21+00:00
ORD-020770,1,2,Wireless Mouse,peripherals,5,49.50,247.50,refunded,2026-07-11T09:28:46+00:00
ORD-020771,6,2,Wireless Mouse,peripherals,3,49.50,148.50,cancelled,2026-07-11T19:24:23+00:00
ORD-020772,9,7,Standing Desk 120cm,furniture,1,449.00,449.00,completed,2026-07-11T01:50:20+00:00
ORD-020773,7,2,Wireless Mouse,peripherals,5,49.50,247.50,cancelled,2026-07-11T10:31:44+00:00
ORD-020774,1,1,Mechanical Keyboard 75%,peripherals,2,129.00,258.00,refunded,2026-07-11T04:43:39+00:00
ORD-020775,2,8,Ergonomic Chair,furniture,2,612.75,1225.50,cancelled,2026-07-11T14:47:06+00:00
ORD-020776,10,7,Standing Desk 120cm,furniture,5,449.00,2245.00,pending,not-a-valid-date
ORD-020777,5,4,34in Ultrawide Monitor,displays,1,579.00,579.00,refunded,2026-07-11T23:36:08+00:00
ORD-020778,7,7,Standing Desk 120cm,furniture,5,449.00,2245.00,pending,2026-07-11T10:11:58+00:00
ORD-020779,5,9,USB-C Hub 8-in-1,accessories,5,39.99,199.95,refunded,2026-07-11T08:21:23+00:00
ORD-020780,9,4,34in Ultrawide Monitor,displays,1,579.00,579.00,cancelled,2026-07-11T02:37:00+00:00
ORD-020781,3,5,Over-ear Headphones,audio,3,199.95,599.85,cancelled,2026-07-11T00:04:02+00:00
ORD-020782,4,3,27in 1440p Monitor,displays,5,319.99,1599.95,completed,2026-07-11T09:45:45+00:00
ORD-020783,5,3,27in 1440p Monitor,displays,5,319.99,1599.95,pending,2026-07-11T13:31:00+00:00
ORD-020784,4,2,Wireless Mouse,peripherals,2,49.50,99.00,cancelled,2026-07-11T01:23:04+00:00
ORD-020785,8,3,27in 1440p Monitor,displays,5,319.99,1599.95,pending,2026-07-11T11:18:32+00:00
ORD-020786,1,4,34in Ultrawide Monitor,displays,5,579.00,2895.00,refunded,2026-07-11T00:40:47+00:00
ORD-020787,3,8,Ergonomic Chair,furniture,2,612.75,1225.50,cancelled,2026-07-11T18:39:57+00:00
ORD-020788,3,3,27in 1440p Monitor,displays,3,319.99,959.97,pending,2026-07-11T09:21:05+00:00
ORD-020789,2,4,34in Ultrawide Monitor,displays,1,579.00,579.00,pending,2026-07-11T23:39:57+00:00
ORD-020790,4,3,27in 1440p Monitor,displays,4,319.99,1279.96,cancelled,2026-07-11T17:35:34+00:00
ORD-020791,7,3,27in 1440p Monitor,displays,1,319.99,319.99,refunded,2026-07-11T15:59:40+00:00
ORD-020792,10,10,Laptop Stand Aluminium,accessories,4,27.50,110.00,cancelled,2026-07-11T01:51:43+00:00
ORD-020793,1,6,Desk Speakers Pair,audio,2,89.00,178.00,cancelled,2026-07-11T05:05:13+00:00
ORD-020794,9,10,Laptop Stand Aluminium,accessories,4,27.50,110.00,cancelled,2026-07-11T21:49:06+00:00
ORD-020795,3,6,Desk Speakers Pair,audio,3,89.00,267.00,refunded,2026-07-11T11:03:45+00:00
ORD-020796,9,4,34in Ultrawide Monitor,displays,1,579.00,579.00,completed,2026-07-11T12:38:07+00:00
ORD-020797,1,7,Standing Desk 120cm,furniture,2,449.00,898.00,completed,2026-07-11T22:55:08+00:00
ORD-020798,9,9,USB-C Hub 8-in-1,accessories,2,39.99,79.98,completed,2026-07-11T06:28:56+00:00
ORD-020799,8,6,Desk Speakers Pair,audio,5,89.00,445.00,pending,2026-07-11T11:50:47+00:00
ORD-020800,9,7,Standing Desk 120cm,furniture,4,449.00,1796.00,refunded,2026-07-11T15:36:42+00:00
ORD-020801,7,10,Laptop Stand Aluminium,accessories,5,27.50,137.50,completed,2026-07-11T16:55:07+00:00
ORD-020802,3,6,Desk Speakers Pair,audio,5,89.00,445.00,refunded,2026-07-11T03:18:27+00:00
ORD-020803,9,10,Laptop Stand Aluminium,accessories,4,27.50,110.00,pending,2026-07-11T05:00:51+00:00
ORD-020804,6,5,Over-ear Headphones,audio,4,199.95,799.80,cancelled,2026-07-11T07:15:32+00:00
ORD-020805,2,10,Laptop Stand Aluminium,accessories,2,27.50,55.00,completed,2026-07-11T05:16:17+00:00
ORD-020806,6,10,Laptop Stand Aluminium,accessories,5,27.50,137.50,unknown_status,2026-07-11T12:03:33+00:00
ORD-020807,1,8,Ergonomic Chair,furniture,4,612.75,2451.00,completed,2026-07-11T19:52:29+00:00
ORD-020808,10,8,Ergonomic Chair,furniture,5,612.75,3063.75,pending,2026-07-11T05:05:39+00:00
ORD-020809,10,7,Standing Desk 120cm,furniture,5,449.00,2245.00,cancelled,2026-07-11T19:47:34+00:00
ORD-020810,2,2,Wireless Mouse,peripherals,3,49.50,148.50,refunded,2026-07-11T12:35:08+00:00
ORD-020811,2,6,Desk Speakers Pair,audio,4,89.00,356.00,refunded,2026-07-11T20:20:07+00:00
ORD-020812,3,10,Laptop Stand Aluminium,accessories,1,27.50,27.50,pending,2026-07-11T17:00:29+00:00
ORD-020813,5,2,Wireless Mouse,peripherals,3,49.50,148.50,completed,2026-07-11T00:55:44+00:00
ORD-020814,5,6,Desk Speakers Pair,audio,2,89.00,178.00,completed,2026-07-11T12:44:03+00:00
ORD-020815,3,4,34in Ultrawide Monitor,displays,4,579.00,2316.00,refunded,2026-07-11T01:35:06+00:00
ORD-020816,3,9,USB-C Hub 8-in-1,accessories,5,39.99,199.95,completed,2026-07-11T23:53:19+00:00
ORD-020817,3,1,Mechanical Keyboard 75%,peripherals,3,129.00,387.00,completed,2026-07-11T20:01:11+00:00
ORD-020818,8,10,Laptop Stand Aluminium,accessories,2,27.50,55.00,cancelled,2026-07-11T12:33:14+00:00
ORD-020819,2,5,Over-ear Headphones,audio,1,199.95,199.95,cancelled,2026-07-11T19:13:54+00:00
ORD-020820,1,7,Standing Desk 120cm,furniture,5,449.00,2245.00,refunded,2026-07-11T12:28:55+00:00
ORD-020821,6,2,Wireless Mouse,peripherals,3,49.50,148.50,completed,2026-07-11T02:34:04+00:00
ORD-020822,8,5,Over-ear Headphones,audio,4,199.95,799.80,pending,2026-07-11T12:47:55+00:00
ORD-020823,8,2,Wireless Mouse,peripherals,1,49.50,49.50,pending,2026-07-11T20:06:05+00:00
ORD-020824,4,9,USB-C Hub 8-in-1,accessories,5,39.99,199.95,cancelled,2026-07-11T09:27:41+00:00
ORD-020825,1,10,Laptop Stand Aluminium,accessories,4,27.50,110.00,pending,2026-07-11T22:32:54+00:00
ORD-020826,2,6,Desk Speakers Pair,audio,4,89.00,356.00,completed,2026-07-11T12:33:04+00:00
ORD-020827,9,7,Standing Desk 120cm,furniture,5,449.00,2245.00,refunded,2026-07-11T21:55:22+00:00
ORD-020828,9,1,Mechanical Keyboard 75%,peripherals,4,129.00,516.00,cancelled,2026-07-11T18:00:18+00:00
ORD-020829,1,1,Mechanical Keyboard 75%,peripherals,2,129.00,258.00,cancelled,2026-07-11T03:59:02+00:00
ORD-020830,3,10,Laptop Stand Aluminium,accessories,3,27.50,82.50,cancelled,2026-07-11T08:52:00+00:00
ORD-020831,9,1,Mechanical Keyboard 75%,peripherals,5,129.00,645.00,completed,2026-07-11T13:06:34+00:00
ORD-020832,8,5,Over-ear Headphones,audio,2,199.95,399.90,pending,2026-07-11T13:44:37+00:00
ORD-020833,7,7,Standing Desk 120cm,furniture,5,449.00,2245.00,pending,2026-07-11T15:07:27+00:00
ORD-020834,8,5,Over-ear Headphones,audio,5,199.95,999.75,cancelled,2026-07-11T10:01:51+00:00
ORD-020835,6,7,Standing Desk 120cm,furniture,5,449.00,2245.00,refunded,2026-07-11T06:41:53+00:00
ORD-020836,5,7,Standing Desk 120cm,furniture,5,449.00,2245.00,refunded,2026-07-11T04:40:01+00:00
ORD-020837,1,6,Desk Speakers Pair,audio,5,89.00,445.00,pending,2026-07-11T09:59:16+00:00
ORD-020838,3,6,Desk Speakers Pair,audio,2,89.00,178.00,completed,2026-07-11T14:53:11+00:00
ORD-020839,1,3,27in 1440p Monitor,displays,1,319.99,319.99,refunded,2026-07-11T10:30:52+00:00
ORD-020840,4,9,USB-C Hub 8-in-1,accessories,3,39.99,119.97,refunded,2026-07-11T09:42:32+00:00
ORD-020841,4,2,Wireless Mouse,peripherals,1,49.50,49.50,completed,2026-07-11T01:01:35+00:00
ORD-020842,2,6,Desk Speakers Pair,audio,2,89.00,178.00,pending,2026-07-11T22:18:15+00:00
ORD-020843,9,1,Mechanical Keyboard 75%,peripherals,3,129.00,387.00,completed,2026-07-11T01:13:12+00:00
ORD-020844,7,7,Standing Desk 120cm,furniture,2,449.00,898.00,pending,2026-07-11T16:20:26+00:00
ORD-020845,7,2,Wireless Mouse,peripherals,3,49.50,148.50,completed,2026-07-11T18:21:01+00:00
ORD-020846,4,5,Over-ear Headphones,audio,3,199.95,599.85,pending,2026-07-11T02:59:20+00:00
ORD-020847,2,10,Laptop Stand Aluminium,accessories,2,27.50,55.00,pending,2026-07-11T04:19:38+00:00
ORD-020848,4,8,Ergonomic Chair,furniture,1,612.75,612.75,cancelled,2026-07-11T20:19:18+00:00
ORD-020849,9,9,USB-C Hub 8-in-1,accessories,2,39.99,79.98,refunded,2026-07-11T01:18:21+00:00
ORD-020850,2,4,34in Ultrawide Monitor,displays,4,579.00,2316.00,pending,2026-07-11T02:12:40+00:00
ORD-020851,8,7,Standing Desk 120cm,furniture,4,449.00,1796.00,completed,2026-07-11T22:47:24+00:00
ORD-020852,2,8,Ergonomic Chair,furniture,5,612.75,3063.75,cancelled,2026-07-11T09:45:16+00:00
ORD-020853,5,3,27in 1440p Monitor,displays,5,319.99,1599.95,pending,2026-07-11T06:32:29+00:00
ORD-020854,7,2,Wireless Mouse,peripherals,3,49.50,148.50,pending,2026-07-11T09:59:02+00:00
ORD-020855,2,1,Mechanical Keyboard 75%,peripherals,3,129.00,387.00,completed,2026-07-11T00:42:16+00:00
ORD-020856,10,8,Ergonomic Chair,furniture,5,612.75,3063.75,completed,2026-07-11T10:11:37+00:00
ORD-020857,10,1,Mechanical Keyboard 75%,peripherals,4,129.00,516.00,cancelled,2026-07-11T12:45:39+00:00
ORD-020858,10,4,34in Ultrawide Monitor,displays,3,579.00,1737.00,cancelled,2026-07-11T17:04:34+00:00
ORD-020859,2,8,Ergonomic Chair,furniture,4,612.75,2451.00,pending,2026-07-11T11:53:56+00:00
ORD-020860,2,10,Laptop Stand Aluminium,accessories,4,27.50,110.00,pending,2026-07-11T01:51:42+00:00
ORD-020861,2,2,Wireless Mouse,peripherals,2,49.50,99.00,completed,2026-07-11T04:40:29+00:00
ORD-020862,3,8,Ergonomic Chair,furniture,1,612.75,612.75,cancelled,2026-07-11T08:11:46+00:00
ORD-020863,2,8,Ergonomic Chair,furniture,2,612.75,1225.50,pending,2026-07-11T16:33:11+00:00
ORD-020864,4,3,27in 1440p Monitor,displays,3,319.99,959.97,cancelled,2026-07-11T14:38:50+00:00
ORD-020865,9,9,USB-C Hub 8-in-1,accessories,3,39.99,119.97,cancelled,2026-07-11T03:05:49+00:00
ORD-020866,10,10,Laptop Stand Aluminium,accessories,5,27.50,137.50,pending,2026-07-11T15:52:59+00:00
ORD-020867,9,6,Desk Speakers Pair,audio,1,89.00,89.00,cancelled,2026-07-11T05:18:01+00:00
ORD-020868,7,1,Mechanical Keyboard 75%,peripherals,1,129.00,129.00,refunded,2026-07-11T09:31:29+00:00
ORD-020869,4,8,Ergonomic Chair,furniture,2,612.75,1225.50,refunded,2026-07-11T12:47:33+00:00
ORD-020870,7,9,USB-C Hub 8-in-1,accessories,4,39.99,159.96,refunded,2026-07-11T13:50:26+00:00
ORD-020871,1,2,Wireless Mouse,peripherals,4,49.50,198.00,pending,2026-07-11T22:51:39+00:00
ORD-020872,10,8,Ergonomic Chair,furniture,4,612.75,2451.00,completed,2026-07-11T12:43:26+00:00
ORD-020873,3,2,Wireless Mouse,peripherals,1,49.50,49.50,cancelled,2026-07-11T16:25:58+00:00
ORD-020874,2,9,USB-C Hub 8-in-1,accessories,2,39.99,79.98,refunded,2026-07-11T11:29:23+00:00
ORD-020875,1,8,Ergonomic Chair,furniture,1,612.75,612.75,pending,2026-07-11T03:49:46+00:00
ORD-020876,7,8,Ergonomic Chair,furniture,4,612.75,2451.00,cancelled,2026-07-11T12:06:01+00:00
ORD-020877,6,9,USB-C Hub 8-in-1,accessories,4,39.99,159.96,cancelled,2026-07-11T22:43:44+00:00
ORD-020878,9,7,Standing Desk 120cm,furniture,4,449.00,1796.00,cancelled,2026-07-11T07:36:56+00:00
ORD-020879,10,3,27in 1440p Monitor,displays,2,319.99,639.98,refunded,2026-07-11T03:51:59+00:00
ORD-020880,6,7,Standing Desk 120cm,furniture,4,449.00,1796.00,completed,2026-07-11T10:01:29+00:00
ORD-020881,1,8,Ergonomic Chair,furniture,1,612.75,612.75,refunded,2026-07-11T21:51:07+00:00
ORD-020882,1,5,Over-ear Headphones,audio,3,199.95,599.85,completed,2026-07-11T16:50:48+00:00
ORD-020883,3,3,27in 1440p Monitor,displays,3,319.99,959.97,cancelled,2026-07-11T14:26:34+00:00
ORD-020884,1,7,Standing Desk 120cm,furniture,4,449.00,1796.00,cancelled,2026-07-11T18:26:01+00:00
ORD-020885,10,2,Wireless Mouse,peripherals,1,49.50,49.50,cancelled,2026-07-11T22:56:18+00:00
ORD-020886,10,8,Ergonomic Chair,furniture,2,612.75,1225.50,cancelled,2026-07-11T11:33:38+00:00
ORD-020887,7,9,USB-C Hub 8-in-1,accessories,4,39.99,159.96,completed,2026-07-11T17:35:00+00:00
ORD-020888,6,3,27in 1440p Monitor,displays,4,319.99,1279.96,pending,2026-07-11T18:41:07+00:00
ORD-020889,1,2,Wireless Mouse,peripherals,3,49.50,148.50,completed,2026-07-11T00:07:48+00:00
ORD-020890,7,3,27in 1440p Monitor,displays,2,319.99,639.98,refunded,2026-07-11T17:10:57+00:00
ORD-020891,6,4,34in Ultrawide Monitor,displays,4,579.00,2316.00,completed,2026-07-11T01:02:53+00:00
ORD-020892,7,8,Ergonomic Chair,furniture,1,612.75,612.75,cancelled,2026-07-11T08:31:28+00:00
ORD-020893,3,5,Over-ear Headphones,audio,3,199.95,599.85,pending,2026-07-11T22:10:19+00:00
ORD-020894,10,7,Standing Desk 120cm,furniture,3,449.00,1347.00,refunded,2026-07-11T20:36:29+00:00
ORD-020895,2,10,Laptop Stand Aluminium,accessories,5,27.50,137.50,pending,2026-07-11T13:06:49+00:00
ORD-020896,3,5,Over-ear Headphones,audio,4,199.95,799.80,cancelled,2026-07-11T02:29:21+00:00
ORD-020897,7,6,Desk Speakers Pair,audio,5,89.00,445.00,pending,2026-07-11T11:31:26+00:00
ORD-020898,4,4,34in Ultrawide Monitor,displays,1,579.00,579.00,completed,2026-07-11T18:58:05+00:00
ORD-020899,7,5,Over-ear Headphones,audio,2,199.95,399.90,completed,2026-07-11T13:36:56+00:00
ORD-020900,9,4,34in Ultrawide Monitor,displays,3,579.00,1737.00,pending,2026-07-11T03:32:11+00:00
ORD-020901,10,8,Ergonomic Chair,furniture,2,612.75,1225.50,completed,2026-07-11T08:50:55+00:00
ORD-020902,9,9,USB-C Hub 8-in-1,accessories,3,39.99,119.97,refunded,2026-07-11T23:40:58+00:00
ORD-020903,6,1,Mechanical Keyboard 75%,peripherals,4,129.00,516.00,completed,2026-07-11T02:28:49+00:00
ORD-020904,5,5,Over-ear Headphones,audio,5,199.95,999.75,refunded,2026-07-11T13:08:50+00:00
ORD-020905,1,5,Over-ear Headphones,audio,2,199.95,399.90,completed,2026-07-11T21:27:40+00:00
ORD-020906,10,3,27in 1440p Monitor,displays,1,319.99,319.99,completed,2026-07-11T18:23:45+00:00
ORD-020907,7,5,Over-ear Headphones,audio,1,199.95,199.95,cancelled,2026-07-11T21:33:26+00:00
ORD-020908,3,7,Standing Desk 120cm,furniture,4,449.00,1796.00,cancelled,2026-07-11T10:04:19+00:00
ORD-020909,9,10,Laptop Stand Aluminium,accessories,3,27.50,82.50,pending,2026-07-11T02:35:51+00:00
ORD-020910,4,8,Ergonomic Chair,furniture,3,612.75,1838.25,completed,2026-07-11T10:45:32+00:00
ORD-020911,2,8,Ergonomic Chair,furniture,1,612.75,612.75,refunded,2026-07-11T10:57:57+00:00
ORD-020912,2,5,Over-ear Headphones,audio,4,199.95,799.80,cancelled,2026-07-11T23:05:01+00:00
ORD-020913,10,8,Ergonomic Chair,furniture,3,612.75,1838.25,refunded,2026-07-11T21:21:32+00:00
ORD-020914,4,5,Over-ear Headphones,audio,4,199.95,799.80,refunded,2026-07-11T05:59:51+00:00
ORD-020915,8,7,Standing Desk 120cm,furniture,1,449.00,449.00,refunded,2026-07-11T02:45:03+00:00
ORD-020916,1,2,Wireless Mouse,peripherals,3,49.50,148.50,pending,2026-07-11T17:58:35+00:00
ORD-020917,1,8,Ergonomic Chair,furniture,5,612.75,3063.75,cancelled,2026-07-11T09:27:12+00:00
ORD-020918,2,10,Laptop Stand Aluminium,accessories,5,27.50,137.50,completed,2026-07-11T14:07:50+00:00
ORD-020919,5,2,Wireless Mouse,peripherals,4,49.50,198.00,refunded,2026-07-11T06:07:48+00:00
ORD-020920,5,9,USB-C Hub 8-in-1,accessories,5,39.99,199.95,refunded,2026-07-11T04:24:45+00:00
ORD-020921,7,6,Desk Speakers Pair,audio,2,89.00,178.00,completed,2026-07-11T09:59:02+00:00
ORD-020922,1,10,Laptop Stand Aluminium,accessories,2,27.50,55.00,completed,2026-07-11T09:06:59+00:00
ORD-020923,3,2,Wireless Mouse,peripherals,2,49.50,99.00,cancelled,2026-07-11T01:47:48+00:00
ORD-020924,2,6,Desk Speakers Pair,audio,3,89.00,267.00,refunded,2026-07-11T19:07:19+00:00
ORD-020925,4,3,27in 1440p Monitor,displays,4,319.99,1279.96,completed,2026-07-11T17:21:22+00:00
ORD-020926,5,3,27in 1440p Monitor,displays,5,319.99,1599.95,completed,2026-07-11T07:31:06+00:00
ORD-020927,2,5,Over-ear Headphones,audio,4,199.95,799.80,completed,2026-07-11T06:00:29+00:00
ORD-020928,7,8,Ergonomic Chair,furniture,3,612.75,1838.25,completed,2026-07-11T13:30:20+00:00
ORD-020929,2,3,27in 1440p Monitor,displays,4,319.99,1279.96,cancelled,2026-07-11T17:11:42+00:00
ORD-020930,1,1,Mechanical Keyboard 75%,peripherals,4,129.00,516.00,refunded,2026-07-11T05:26:44+00:00
ORD-020931,9,4,34in Ultrawide Monitor,displays,1,579.00,579.00,refunded,2026-07-11T16:05:08+00:00
ORD-020932,8,5,Over-ear Headphones,audio,5,199.95,999.75,completed,2026-07-11T21:53:20+00:00
ORD-020933,7,5,Over-ear Headphones,audio,2,199.95,399.90,refunded,2026-07-11T21:50:07+00:00
ORD-020934,9,1,Mechanical Keyboard 75%,peripherals,1,129.00,129.00,refunded,2026-07-11T21:00:31+00:00
ORD-020935,1,8,Ergonomic Chair,furniture,5,612.75,3063.75,completed,2026-07-11T00:00:33+00:00
ORD-020936,1,2,Wireless Mouse,peripherals,2,49.50,99.00,pending,2026-07-11T07:19:59+00:00
ORD-020937,3,5,Over-ear Headphones,audio,5,199.95,999.75,cancelled,2026-07-11T00:30:54+00:00
ORD-020938,1,8,Ergonomic Chair,furniture,3,612.75,1838.25,completed,2026-07-11T03:11:13+00:00
ORD-020939,1,10,Laptop Stand Aluminium,accessories,2,27.50,55.00,completed,2026-07-11T22:08:01+00:00
ORD-020940,6,6,Desk Speakers Pair,audio,3,89.00,267.00,refunded,2026-07-11T00:50:30+00:00
ORD-020941,6,3,27in 1440p Monitor,displays,4,319.99,1279.96,cancelled,2026-07-11T20:33:07+00:00
ORD-020942,6,2,Wireless Mouse,peripherals,5,49.50,247.50,pending,2026-07-11T17:47:57+00:00
ORD-020943,6,10,Laptop Stand Aluminium,accessories,5,27.50,137.50,cancelled,2026-07-11T20:37:35+00:00
ORD-020944,1,8,Ergonomic Chair,furniture,4,612.75,2451.00,cancelled,2026-07-11T21:51:59+00:00
ORD-020945,7,2,Wireless Mouse,peripherals,3,49.50,148.50,pending,2026-07-11T18:54:12+00:00
ORD-020946,10,2,Wireless Mouse,peripherals,5,49.50,247.50,completed,2026-07-11T13:24:31+00:00
ORD-020947,10,4,34in Ultrawide Monitor,displays,3,579.00,1737.00,completed,2026-07-11T18:05:21+00:00
ORD-020948,5,7,Standing Desk 120cm,furniture,2,449.00,898.00,completed,2026-07-11T05:45:09+00:00
ORD-020949,10,4,34in Ultrawide Monitor,displays,5,579.00,2895.00,cancelled,2026-07-11T04:50:56+00:00
ORD-020950,3,3,27in 1440p Monitor,displays,5,319.99,1599.95,refunded,2026-07-11T17:30:20+00:00
ORD-020951,2,7,Standing Desk 120cm,furniture,3,449.00,1347.00,cancelled,2026-07-11T02:31:25+00:00
ORD-020952,1,1,Mechanical Keyboard 75%,peripherals,2,129.00,258.00,refunded,2026-07-11T01:31:57+00:00
ORD-020953,1,4,34in Ultrawide Monitor,displays,1,579.00,579.00,refunded,2026-07-11T22:58:47+00:00
ORD-020954,8,6,Desk Speakers Pair,audio,2,89.00,178.00,refunded,2026-07-11T13:45:11+00:00
ORD-020955,4,7,Standing Desk 120cm,furniture,4,449.00,1796.00,completed,2026-07-11T15:34:58+00:00
ORD-020956,5,8,Ergonomic Chair,furniture,1,612.75,612.75,pending,2026-07-11T01:02:19+00:00
ORD-020957,7,5,Over-ear Headphones,audio,1,199.95,199.95,pending,2026-07-11T01:13:27+00:00
ORD-020958,8,9,USB-C Hub 8-in-1,accessories,4,39.99,159.96,pending,2026-07-11T09:09:17+00:00
ORD-020959,7,4,34in Ultrawide Monitor,displays,1,579.00,579.00,completed,2026-07-11T17:25:22+00:00
ORD-020960,9,2,Wireless Mouse,peripherals,3,49.50,148.50,pending,2026-07-11T16:02:20+00:00
ORD-020961,2,5,Over-ear Headphones,audio,3,199.95,599.85,cancelled,2026-07-11T19:41:56+00:00
ORD-020962,7,7,Standing Desk 120cm,furniture,3,449.00,1347.00,cancelled,2026-07-11T04:48:58+00:00
ORD-020963,10,4,34in Ultrawide Monitor,displays,5,579.00,2895.00,cancelled,2026-07-11T15:31:56+00:00
ORD-020964,6,6,Desk Speakers Pair,audio,5,89.00,445.00,completed,2026-07-11T03:57:17+00:00
ORD-020965,4,2,Wireless Mouse,peripherals,4,49.50,198.00,completed,2026-07-11T03:08:08+00:00
ORD-020966,8,5,Over-ear Headphones,audio,5,199.95,999.75,completed,2026-07-11T22:34:36+00:00
ORD-020967,2,10,Laptop Stand Aluminium,accessories,3,27.50,82.50,cancelled,2026-07-11T12:08:52+00:00
ORD-020968,1,7,Standing Desk 120cm,furniture,2,449.00,898.00,completed,2026-07-11T08:59:17+00:00
ORD-020969,9,4,34in Ultrawide Monitor,displays,4,579.00,2316.00,pending,2026-07-11T04:07:49+00:00
ORD-020970,7,3,27in 1440p Monitor,displays,4,319.99,1279.96,cancelled,2026-07-11T14:27:36+00:00
ORD-020971,6,3,27in 1440p Monitor,displays,4,319.99,1279.96,pending,2026-07-11T18:19:34+00:00
ORD-020972,5,1,Mechanical Keyboard 75%,peripherals,4,129.00,516.00,completed,2026-07-11T10:45:47+00:00
ORD-020973,7,2,Wireless Mouse,peripherals,3,49.50,148.50,refunded,2026-07-11T06:55:20+00:00
ORD-020974,10,5,Over-ear Headphones,audio,3,199.95,599.85,completed,2026-07-11T15:38:00+00:00
ORD-020975,7,3,27in 1440p Monitor,displays,3,319.99,959.97,refunded,2026-07-11T22:57:00+00:00
ORD-020976,6,7,Standing Desk 120cm,furniture,3,449.00,1347.00,completed,2026-07-11T22:50:24+00:00
ORD-020977,8,3,27in 1440p Monitor,displays,5,319.99,1599.95,completed,2026-07-11T20:30:03+00:00
ORD-020978,4,9,USB-C Hub 8-in-1,accessories,5,39.99,199.95,completed,2026-07-11T08:16:14+00:00
ORD-020979,3,10,Laptop Stand Aluminium,accessories,3,27.50,82.50,pending,2026-07-11T15:59:31+00:00
ORD-020980,9,6,Desk Speakers Pair,audio,2,89.00,178.00,completed,2026-07-11T09:21:08+00:00
ORD-020981,7,8,Ergonomic Chair,furniture,1,612.75,612.75,pending,2026-07-11T22:16:43+00:00
ORD-020982,10,2,Wireless Mouse,peripherals,3,49.50,148.50,completed,2026-07-11T05:13:01+00:00
ORD-020983,7,9,USB-C Hub 8-in-1,accessories,3,39.99,119.97,refunded,2026-07-11T02:43:46+00:00
ORD-020984,5,3,27in 1440p Monitor,displays,1,319.99,319.99,pending,2026-07-11T05:26:27+00:00
ORD-020985,9,10,Laptop Stand Aluminium,accessories,1,27.50,27.50,completed,2026-07-11T23:05:36+00:00
ORD-020986,4,6,Desk Speakers Pair,audio,5,89.00,445.00,pending,2026-07-11T17:01:25+00:00
ORD-020987,4,5,Over-ear Headphones,audio,5,199.95,999.75,completed,2026-07-11T23:19:59+00:00
ORD-020988,10,10,Laptop Stand Aluminium,accessories,1,27.50,27.50,cancelled,2026-07-11T11:41:30+00:00
ORD-020989,9,3,27in 1440p Monitor,displays,5,319.99,1599.95,cancelled,2026-07-11T14:17:17+00:00
ORD-020990,10,6,Desk Speakers Pair,audio,4,89.00,356.00,refunded,2026-07-11T04:38:28+00:00
ORD-020991,8,3,27in 1440p Monitor,displays,4,319.99,1279.96,completed,2026-07-11T00:36:22+00:00
ORD-020992,10,9,USB-C Hub 8-in-1,accessories,4,39.99,159.96,refunded,2026-07-11T00:45:45+00:00
ORD-020993,6,6,Desk Speakers Pair,audio,2,89.00,178.00,completed,2026-07-11T20:05:46+00:00
ORD-020994,1,4,34in Ultrawide Monitor,displays,2,579.00,1158.00,refunded,2026-07-11T22:14:26+00:00
ORD-020995,4,2,Wireless Mouse,peripherals,2,49.50,99.00,cancelled,2026-07-11T16:04:02+00:00
ORD-020996,4,10,Laptop Stand Aluminium,accessories,3,27.50,82.50,cancelled,2026-07-11T18:47:56+00:00
ORD-020997,5,4,34in Ultrawide Monitor,displays,3,579.00,1737.00,refunded,2026-07-11T20:20:37+00:00
ORD-020998,10,3,27in 1440p Monitor,displays,4,319.99,1279.96,completed,2026-07-11T16:57:33+00:00
ORD-020999,1,4,34in Ultrawide Monitor,displays,3,579.00,1737.00,cancelled,2026-07-11T12:58:29+00:00
ORD-021000,7,9,USB-C Hub 8-in-1,accessories,2,39.99,79.98,completed,2026-07-11T05:14:12+00:00
ORD-021001,5,7,Standing Desk 120cm,furniture,4,449.00,1796.00,cancelled,2026-07-11T13:47:45+00:00
ORD-021002,10,7,Standing Desk 120cm,furniture,5,449.00,2245.00,cancelled,2026-07-11T17:26:34+00:00
ORD-021003,8,7,Standing Desk 120cm,furniture,5,449.00,2245.00,refunded,2026-07-11T13:37:59+00:00
ORD-021004,4,8,Ergonomic Chair,furniture,5,612.75,3063.75,cancelled,2026-07-11T14:23:54+00:00
ORD-021005,3,1,Mechanical Keyboard 75%,peripherals,3,129.00,387.00,completed,2026-07-11T19:21:08+00:00
ORD-021006,5,10,Laptop Stand Aluminium,accessories,4,27.50,110.00,refunded,2026-07-11T01:46:42+00:00
ORD-021007,3,9,USB-C Hub 8-in-1,accessories,2,39.99,79.98,refunded,2026-07-11T06:35:00+00:00
ORD-021008,5,4,34in Ultrawide Monitor,displays,3,579.00,1737.00,refunded,2026-07-11T21:13:54+00:00
ORD-021009,6,2,Wireless Mouse,peripherals,3,49.50,148.50,pending,2026-07-11T13:02:37+00:00
ORD-021010,1,5,Over-ear Headphones,audio,1,199.95,199.95,refunded,2026-07-11T03:59:31+00:00
ORD-021011,10,7,Standing Desk 120cm,furniture,3,449.00,1347.00,completed,2026-07-11T16:09:13+00:00
ORD-021012,1,8,Ergonomic Chair,furniture,2,612.75,1225.50,refunded,2026-07-11T17:05:17+00:00
ORD-021013,9,5,Over-ear Headphones,audio,2,199.95,399.90,refunded,2026-07-11T09:56:56+00:00
ORD-021014,3,6,Desk Speakers Pair,audio,1,89.00,89.00,completed,2026-07-11T00:46:11+00:00
ORD-021015,6,10,Laptop Stand Aluminium,accessories,4,27.50,110.00,completed,2026-07-11T11:56:37+00:00
ORD-021016,7,5,Over-ear Headphones,audio,2,199.95,399.90,cancelled,2026-07-11T02:21:34+00:00
ORD-021017,6,2,Wireless Mouse,peripherals,4,49.50,198.00,refunded,2026-07-11T07:10:26+00:00
ORD-021018,9,8,Ergonomic Chair,furniture,2,612.75,1225.50,refunded,2026-07-11T00:14:52+00:00
ORD-021019,9,10,Laptop Stand Aluminium,accessories,1,27.50,27.50,pending,2026-07-11T23:35:16+00:00
ORD-021020,5,7,Standing Desk 120cm,furniture,1,449.00,449.00,cancelled,2026-07-11T15:44:53+00:00
ORD-021021,10,7,Standing Desk 120cm,furniture,5,449.00,2245.00,pending,2026-07-11T08:10:38+00:00
ORD-021022,2,2,Wireless Mouse,peripherals,4,49.50,198.00,cancelled,2026-07-11T03:05:25+00:00
ORD-021023,5,9,USB-C Hub 8-in-1,accessories,5,39.99,199.95,pending,2026-07-11T05:52:52+00:00
ORD-021024,1,8,Ergonomic Chair,furniture,5,612.75,3063.75,pending,2026-07-11T02:26:21+00:00
ORD-021025,8,1,Mechanical Keyboard 75%,peripherals,1,129.00,129.00,cancelled,2026-07-11T01:05:13+00:00
ORD-021026,5,4,34in Ultrawide Monitor,displays,4,579.00,2316.00,pending,2026-07-11T03:11:17+00:00
ORD-021027,10,3,27in 1440p Monitor,displays,4,319.99,1279.96,completed,2026-07-11T14:35:28+00:00
ORD-021028,7,4,34in Ultrawide Monitor,displays,4,579.00,2316.00,cancelled,2026-07-11T06:05:25+00:00
ORD-021029,3,5,Over-ear Headphones,audio,2,199.95,399.90,refunded,2026-07-11T08:21:33+00:00
ORD-021030,6,9,USB-C Hub 8-in-1,accessories,5,39.99,199.95,refunded,2026-07-11T12:30:37+00:00
ORD-021031,7,5,Over-ear Headphones,audio,5,199.95,999.75,pending,2026-07-11T04:41:12+00:00
ORD-021032,4,8,Ergonomic Chair,furniture,4,612.75,2451.00,completed,2026-07-11T16:18:37+00:00
ORD-021033,1,3,27in 1440p Monitor,displays,2,319.99,639.98,pending,2026-07-11T15:35:25+00:00
ORD-021034,1,2,Wireless Mouse,peripherals,4,49.50,198.00,refunded,2026-07-11T13:05:56+00:00
ORD-021035,8,6,Desk Speakers Pair,audio,3,89.00,267.00,pending,2026-07-11T02:48:04+00:00
ORD-021036,1,10,Laptop Stand Aluminium,accessories,5,27.50,137.50,cancelled,2026-07-11T04:50:13+00:00
ORD-021037,8,2,Wireless Mouse,peripherals,4,49.50,198.00,completed,2026-07-11T23:51:16+00:00
ORD-021038,8,9,USB-C Hub 8-in-1,accessories,5,39.99,199.95,cancelled,2026-07-11T20:02:20+00:00
ORD-021039,3,10,Laptop Stand Aluminium,accessories,3,27.50,82.50,pending,2026-07-11T09:26:57+00:00
ORD-021040,2,2,Wireless Mouse,peripherals,5,49.50,247.50,cancelled,2026-07-11T04:25:05+00:00
ORD-021041,2,1,Mechanical Keyboard 75%,peripherals,4,129.00,516.00,completed,2026-07-11T08:49:07+00:00
ORD-021042,7,10,Laptop Stand Aluminium,accessories,4,27.50,110.00,pending,2026-07-11T12:44:55+00:00
ORD-021043,1,3,27in 1440p Monitor,displays,4,319.99,1279.96,cancelled,2026-07-11T17:29:22+00:00
ORD-021044,9,6,Desk Speakers Pair,audio,4,89.00,356.00,refunded,2026-07-11T21:28:32+00:00
ORD-021045,9,7,Standing Desk 120cm,furniture,2,449.00,898.00,refunded,2026-07-11T10:45:54+00:00
ORD-021046,3,6,Desk Speakers Pair,audio,3,89.00,267.00,pending,2026-07-11T16:51:09+00:00
ORD-021047,1,4,34in Ultrawide Monitor,displays,1,579.00,579.00,cancelled,2026-07-11T07:00:07+00:00
ORD-021048,9,10,Laptop Stand Aluminium,accessories,2,27.50,55.00,refunded,2026-07-11T19:58:51+00:00
ORD-021049,8,1,Mechanical Keyboard 75%,peripherals,3,129.00,387.00,refunded,2026-07-11T15:31:03+00:00
ORD-021050,1,9,USB-C Hub 8-in-1,accessories,1,39.99,39.99,pending,2026-07-11T05:41:29+00:00
ORD-021051,4,5,Over-ear Headphones,audio,4,199.95,799.80,pending,2026-07-11T06:22:06+00:00
ORD-021052,8,2,Wireless Mouse,peripherals,2,49.50,99.00,completed,2026-07-11T05:56:06+00:00
ORD-021053,9,9,USB-C Hub 8-in-1,accessories,1,39.99,39.99,refunded,2026-07-11T00:22:40+00:00
ORD-021054,5,1,Mechanical Keyboard 75%,peripherals,2,129.00,258.00,cancelled,2026-07-11T11:11:21+00:00
ORD-021055,8,9,USB-C Hub 8-in-1,accessories,1,39.99,39.99,pending,2026-07-11T16:54:05+00:00
ORD-021056,6,9,USB-C Hub 8-in-1,accessories,2,39.99,79.98,pending,2026-07-11T10:33:42+00:00
ORD-021057,6,7,Standing Desk 120cm,furniture,3,449.00,1347.00,refunded,2026-07-11T08:04:45+00:00
ORD-021058,9,9,USB-C Hub 8-in-1,accessories,3,39.99,119.97,pending,2026-07-11T14:29:54+00:00
ORD-021059,6,9,USB-C Hub 8-in-1,accessories,5,39.99,199.95,completed,2026-07-11T00:31:48+00:00
ORD-021060,9,6,Desk Speakers Pair,audio,2,89.00,178.00,refunded,2026-07-11T14:30:24+00:00
ORD-021061,6,7,Standing Desk 120cm,furniture,4,449.00,1796.00,refunded,2026-07-11T13:52:29+00:00
ORD-021062,1,5,Over-ear Headphones,audio,1,199.95,199.95,completed,2026-07-11T14:32:09+00:00
ORD-021063,4,10,Laptop Stand Aluminium,accessories,2,27.50,55.00,refunded,2026-07-11T01:00:47+00:00
ORD-021064,7,5,Over-ear Headphones,audio,1,199.95,199.95,pending,2026-07-11T01:04:26+00:00
ORD-021065,10,10,Laptop Stand Aluminium,accessories,2,27.50,55.00,cancelled,2026-07-11T09:45:48+00:00
ORD-021066,4,9,USB-C Hub 8-in-1,accessories,3,39.99,119.97,completed,2026-07-11T02:00:53+00:00
ORD-021067,4,4,34in Ultrawide Monitor,displays,2,579.00,1158.00,refunded,2026-07-11T18:57:45+00:00
ORD-021068,9,8,Ergonomic Chair,furniture,3,612.75,1838.25,cancelled,2026-07-11T06:04:28+00:00
ORD-021069,2,3,27in 1440p Monitor,displays,5,319.99,1599.95,refunded,2026-07-11T11:48:23+00:00
ORD-021070,6,8,Ergonomic Chair,furniture,3,612.75,1838.25,refunded,2026-07-11T15:36:04+00:00
ORD-021071,5,6,Desk Speakers Pair,audio,5,89.00,445.00,refunded,2026-07-11T18:49:41+00:00
ORD-021072,2,10,Laptop Stand Aluminium,accessories,1,27.50,27.50,refunded,2026-07-11T19:51:55+00:00
ORD-021073,4,6,Desk Speakers Pair,audio,3,89.00,267.00,refunded,2026-07-11T15:48:11+00:00
ORD-021074,3,9,USB-C Hub 8-in-1,accessories,1,39.99,39.99,cancelled,2026-07-11T12:59:21+00:00
ORD-021075,6,6,Desk Speakers Pair,audio,4,89.00,356.00,completed,2026-07-11T22:09:27+00:00
ORD-021076,5,8,Ergonomic Chair,furniture,1,612.75,612.75,cancelled,2026-07-11T13:40:40+00:00
ORD-021077,2,3,27in 1440p Monitor,displays,4,319.99,1279.96,refunded,2026-07-11T13:47:05+00:00
ORD-021078,3,6,Desk Speakers Pair,audio,3,89.00,267.00,pending,2026-07-11T08:57:30+00:00
ORD-021079,3,7,Standing Desk 120cm,furniture,4,449.00,1796.00,refunded,2026-07-11T09:14:22+00:00
ORD-021080,8,6,Desk Speakers Pair,audio,1,89.00,89.00,refunded,2026-07-11T21:07:42+00:00
ORD-021081,7,3,27in 1440p Monitor,displays,1,319.99,319.99,refunded,2026-07-11T04:44:56+00:00
ORD-021082,6,4,34in Ultrawide Monitor,displays,3,579.00,1737.00,refunded,2026-07-11T00:03:21+00:00
ORD-021083,2,1,Mechanical Keyboard 75%,peripherals,3,129.00,387.00,refunded,2026-07-11T21:02:55+00:00
ORD-021084,7,9,USB-C Hub 8-in-1,accessories,4,39.99,159.96,pending,2026-07-11T14:52:34+00:00
ORD-021085,4,5,Over-ear Headphones,audio,2,199.95,399.90,pending,2026-07-11T19:56:14+00:00
ORD-021086,4,3,27in 1440p Monitor,displays,2,319.99,639.98,cancelled,2026-07-11T18:35:15+00:00
ORD-021087,4,7,Standing Desk 120cm,furniture,2,449.00,898.00,refunded,2026-07-11T17:43:32+00:00
ORD-021088,2,2,Wireless Mouse,peripherals,1,49.50,49.50,pending,2026-07-11T20:42:40+00:00
ORD-021089,5,1,Mechanical Keyboard 75%,peripherals,4,129.00,516.00,cancelled,2026-07-11T00:06:00+00:00
ORD-021090,7,5,Over-ear Headphones,audio,1,199.95,199.95,pending,2026-07-11T21:59:18+00:00
ORD-021091,2,4,34in Ultrawide Monitor,displays,1,579.00,579.00,pending,2026-07-11T02:22:00+00:00
ORD-021092,7,5,Over-ear Headphones,audio,5,199.95,999.75,cancelled,2026-07-11T06:14:14+00:00
ORD-021093,9,6,Desk Speakers Pair,audio,1,89.00,89.00,refunded,2026-07-11T04:56:59+00:00
ORD-021094,9,9,USB-C Hub 8-in-1,accessories,2,39.99,79.98,completed,2026-07-11T10:06:20+00:00
ORD-021095,2,10,Laptop Stand Aluminium,accessories,3,27.50,82.50,cancelled,2026-07-11T17:22:20+00:00
ORD-021096,8,7,Standing Desk 120cm,furniture,2,449.00,898.00,completed,2026-07-11T22:08:48+00:00
ORD-021097,6,10,Laptop Stand Aluminium,accessories,1,27.50,27.50,cancelled,2026-07-11T07:07:07+00:00
ORD-021098,1,3,27in 1440p Monitor,displays,5,319.99,1599.95,refunded,2026-07-11T16:30:31+00:00
ORD-021099,8,6,Desk Speakers Pair,audio,1,89.00,89.00,refunded,2026-07-11T03:02:40+00:00
ORD-021100,4,3,27in 1440p Monitor,displays,4,319.99,1279.96,pending,2026-07-11T08:42:12+00:00
ORD-021101,7,3,27in 1440p Monitor,displays,5,319.99,1599.95,completed,2026-07-11T17:18:47+00:00
ORD-021102,9,2,Wireless Mouse,peripherals,2,49.50,99.00,pending,2026-07-11T03:25:01+00:00
ORD-021103,9,4,34in Ultrawide Monitor,displays,4,579.00,2316.00,cancelled,2026-07-11T12:46:58+00:00
ORD-021104,4,3,27in 1440p Monitor,displays,4,319.99,1279.96,completed,2026-07-11T18:32:27+00:00
ORD-021105,4,7,Standing Desk 120cm,furniture,3,449.00,1347.00,refunded,2026-07-11T12:57:18+00:00
ORD-021106,5,7,Standing Desk 120cm,furniture,4,449.00,1796.00,completed,2026-07-11T03:59:06+00:00
ORD-021107,4,9,USB-C Hub 8-in-1,accessories,1,39.99,39.99,refunded,2026-07-11T03:13:56+00:00
ORD-021108,9,5,Over-ear Headphones,audio,2,199.95,399.90,refunded,2026-07-11T13:08:41+00:00
ORD-021109,8,2,Wireless Mouse,peripherals,1,49.50,49.50,completed,2026-07-11T15:00:59+00:00
ORD-021110,8,5,Over-ear Headphones,audio,2,199.95,399.90,cancelled,2026-07-11T06:11:08+00:00
ORD-021111,10,5,Over-ear Headphones,audio,1,199.95,199.95,cancelled,2026-07-11T01:49:13+00:00
ORD-021112,7,10,Laptop Stand Aluminium,accessories,4,27.50,110.00,cancelled,2026-07-11T11:24:29+00:00
ORD-021113,7,5,Over-ear Headphones,audio,2,199.95,399.90,refunded,2026-07-11T00:53:27+00:00
ORD-021114,5,8,Ergonomic Chair,furniture,1,612.75,612.75,cancelled,2026-07-11T06:36:43+00:00
ORD-021115,9,5,Over-ear Headphones,audio,2,199.95,399.90,cancelled,2026-07-11T11:04:26+00:00
ORD-021116,10,5,Over-ear Headphones,audio,2,199.95,399.90,refunded,2026-07-11T00:59:47+00:00
ORD-021117,9,1,Mechanical Keyboard 75%,peripherals,5,129.00,645.00,cancelled,2026-07-11T17:47:44+00:00
ORD-021118,10,9,USB-C Hub 8-in-1,accessories,2,39.99,79.98,pending,2026-07-11T19:06:17+00:00
ORD-021119,3,10,Laptop Stand Aluminium,accessories,2,27.50,55.00,completed,2026-07-11T11:03:29+00:00
ORD-021120,4,2,Wireless Mouse,peripherals,2,49.50,99.00,refunded,2026-07-11T23:49:51+00:00
ORD-021121,9,3,27in 1440p Monitor,displays,5,319.99,1599.95,pending,2026-07-11T07:53:30+00:00
ORD-021122,8,9,USB-C Hub 8-in-1,accessories,5,39.99,199.95,refunded,2026-07-11T16:30:20+00:00
ORD-021123,2,9,USB-C Hub 8-in-1,accessories,4,39.99,159.96,pending,2026-07-11T07:21:06+00:00
ORD-021124,6,6,Desk Speakers Pair,audio,1,89.00,89.00,refunded,2026-07-11T08:23:35+00:00
ORD-021125,10,5,Over-ear Headphones,audio,2,199.95,399.90,cancelled,2026-07-11T08:52:51+00:00
ORD-021126,8,1,Mechanical Keyboard 75%,peripherals,2,129.00,258.00,refunded,2026-07-11T21:20:02+00:00
ORD-021127,1,4,34in Ultrawide Monitor,displays,1,579.00,579.00,refunded,2026-07-11T09:31:59+00:00
ORD-021128,9,5,Over-ear Headphones,audio,1,199.95,199.95,refunded,2026-07-11T21:38:18+00:00
ORD-021129,9,7,Standing Desk 120cm,furniture,2,449.00,898.00,pending,2026-07-11T03:40:32+00:00
ORD-021130,7,7,Standing Desk 120cm,furniture,4,449.00,1796.00,pending,2026-07-11T10:38:19+00:00
ORD-021131,5,4,34in Ultrawide Monitor,displays,1,579.00,579.00,cancelled,2026-07-11T08:58:25+00:00
ORD-021132,3,7,Standing Desk 120cm,furniture,4,449.00,1796.00,refunded,2026-07-11T01:30:16+00:00
ORD-021133,7,7,Standing Desk 120cm,furniture,5,449.00,2245.00,refunded,2026-07-11T00:21:06+00:00
ORD-021134,1,1,Mechanical Keyboard 75%,peripherals,3,129.00,387.00,pending,2026-07-11T20:21:46+00:00
ORD-021135,4,9,USB-C Hub 8-in-1,accessories,2,39.99,79.98,completed,2026-07-11T10:36:52+00:00
ORD-021136,4,7,Standing Desk 120cm,furniture,5,449.00,2245.00,cancelled,2026-07-11T01:06:14+00:00
ORD-021137,2,6,Desk Speakers Pair,audio,4,89.00,356.00,refunded,2026-07-11T09:43:25+00:00
ORD-021138,10,8,Ergonomic Chair,furniture,2,612.75,1225.50,completed,2026-07-11T01:52:01+00:00
ORD-021139,3,7,Standing Desk 120cm,furniture,5,449.00,2245.00,pending,2026-07-11T04:20:13+00:00
ORD-021140,9,2,Wireless Mouse,peripherals,5,49.50,247.50,completed,2026-07-11T22:20:23+00:00
ORD-021141,4,4,34in Ultrawide Monitor,displays,2,579.00,1158.00,completed,2026-07-11T15:53:05+00:00
ORD-021142,9,1,Mechanical Keyboard 75%,peripherals,1,129.00,129.00,completed,2026-07-11T09:04:15+00:00
ORD-021143,10,9,USB-C Hub 8-in-1,accessories,4,39.99,159.96,refunded,2026-07-11T05:51:22+00:00
ORD-021144,3,7,Standing Desk 120cm,furniture,2,449.00,898.00,pending,2026-07-11T22:04:48+00:00
ORD-021145,3,2,Wireless Mouse,peripherals,5,49.50,247.50,pending,2026-07-11T03:48:46+00:00
ORD-021146,6,7,Standing Desk 120cm,furniture,4,449.00,1796.00,cancelled,2026-07-11T16:05:23+00:00
ORD-021147,4,6,Desk Speakers Pair,audio,2,89.00,178.00,refunded,2026-07-11T19:42:31+00:00
ORD-021148,10,4,34in Ultrawide Monitor,displays,3,579.00,1737.00,refunded,2026-07-11T17:21:14+00:00
ORD-021149,9,4,34in Ultrawide Monitor,displays,3,579.00,1737.00,pending,2026-07-11T14:30:23+00:00
ORD-021150,6,10,Laptop Stand Aluminium,accessories,1,27.50,27.50,pending,2026-07-11T20:05:48+00:00
ORD-021151,10,2,Wireless Mouse,peripherals,3,49.50,148.50,cancelled,2026-07-11T16:33:46+00:00
ORD-021152,9,10,Laptop Stand Aluminium,accessories,5,27.50,137.50,refunded,2026-07-11T07:11:17+00:00
ORD-021153,4,10,Laptop Stand Aluminium,accessories,2,27.50,55.00,completed,2026-07-11T20:11:03+00:00
ORD-021154,5,4,34in Ultrawide Monitor,displays,5,579.00,2895.00,refunded,2026-07-11T13:25:57+00:00
ORD-021155,6,3,27in 1440p Monitor,displays,5,319.99,1599.95,cancelled,2026-07-11T20:55:11+00:00
ORD-021156,5,3,27in 1440p Monitor,displays,1,319.99,319.99,cancelled,2026-07-11T04:31:22+00:00
ORD-021157,2,9,USB-C Hub 8-in-1,accessories,3,39.99,119.97,refunded,2026-07-11T13:44:35+00:00
ORD-021158,9,9,USB-C Hub 8-in-1,accessories,1,39.99,39.99,completed,2026-07-11T10:41:40+00:00
ORD-021159,1,9,USB-C Hub 8-in-1,accessories,5,39.99,199.95,pending,2026-07-11T23:20:38+00:00
ORD-021160,9,10,Laptop Stand Aluminium,accessories,1,27.50,27.50,completed,2026-07-11T03:31:14+00:00
ORD-021161,1,9,USB-C Hub 8-in-1,accessories,1,39.99,39.99,refunded,2026-07-11T09:15:38+00:00
ORD-021162,9,3,27in 1440p Monitor,displays,5,319.99,1599.95,pending,2026-07-11T09:46:35+00:00
ORD-021163,1,2,Wireless Mouse,peripherals,5,49.50,247.50,completed,2026-07-11T02:21:09+00:00
ORD-021164,8,8,Ergonomic Chair,furniture,1,612.75,612.75,pending,2026-07-11T13:06:48+00:00
ORD-021165,4,8,Ergonomic Chair,furniture,4,612.75,2451.00,refunded,2026-07-11T09:04:59+00:00
ORD-021166,10,2,Wireless Mouse,peripherals,3,49.50,148.50,refunded,2026-07-11T01:27:50+00:00
ORD-021167,5,2,Wireless Mouse,peripherals,5,49.50,247.50,pending,2026-07-11T19:09:29+00:00
ORD-021168,4,3,27in 1440p Monitor,displays,2,319.99,639.98,pending,2026-07-11T01:02:52+00:00
ORD-021169,1,6,Desk Speakers Pair,audio,3,89.00,267.00,completed,2026-07-11T10:18:03+00:00
ORD-021170,8,4,34in Ultrawide Monitor,displays,4,579.00,2316.00,refunded,2026-07-11T06:02:01+00:00
ORD-021171,2,7,Standing Desk 120cm,furniture,2,449.00,898.00,cancelled,2026-07-11T03:36:50+00:00
ORD-021172,7,2,Wireless Mouse,peripherals,2,49.50,99.00,cancelled,2026-07-11T14:49:53+00:00
ORD-021173,7,2,Wireless Mouse,peripherals,2,49.50,99.00,refunded,2026-07-11T00:49:28+00:00
ORD-021174,4,10,Laptop Stand Aluminium,accessories,1,27.50,27.50,cancelled,2026-07-11T07:35:57+00:00
ORD-021175,4,4,34in Ultrawide Monitor,displays,3,579.00,1737.00,completed,2026-07-11T14:23:42+00:00
ORD-021176,7,9,USB-C Hub 8-in-1,accessories,3,39.99,119.97,completed,2026-07-11T16:07:45+00:00
ORD-021177,7,3,27in 1440p Monitor,displays,3,319.99,959.97,pending,2026-07-11T01:12:05+00:00
ORD-021178,9,10,Laptop Stand Aluminium,accessories,2,27.50,55.00,cancelled,2026-07-11T16:14:58+00:00
ORD-021179,8,5,Over-ear Headphones,audio,1,199.95,199.95,refunded,2026-07-11T09:50:07+00:00
ORD-021180,3,8,Ergonomic Chair,furniture,5,612.75,3063.75,completed,2026-07-11T09:01:46+00:00
ORD-021181,5,9,USB-C Hub 8-in-1,accessories,2,39.99,79.98,completed,2026-07-11T19:46:17+00:00
ORD-021182,5,9,USB-C Hub 8-in-1,accessories,5,39.99,199.95,refunded,2026-07-11T20:48:48+00:00
ORD-021183,5,10,Laptop Stand Aluminium,accessories,3,27.50,82.50,refunded,2026-07-11T19:55:38+00:00
ORD-021184,9,2,Wireless Mouse,peripherals,2,49.50,99.00,refunded,2026-07-11T14:41:48+00:00
ORD-021185,9,5,Over-ear Headphones,audio,2,199.95,399.90,completed,2026-07-11T15:00:28+00:00
ORD-021186,2,3,27in 1440p Monitor,displays,5,319.99,1599.95,refunded,2026-07-11T02:26:51+00:00
ORD-021187,6,4,34in Ultrawide Monitor,displays,1,579.00,579.00,pending,2026-07-11T00:05:47+00:00
ORD-021188,3,2,Wireless Mouse,peripherals,3,49.50,148.50,refunded,2026-07-11T15:03:22+00:00
ORD-021189,3,9,USB-C Hub 8-in-1,accessories,2,39.99,79.98,pending,2026-07-11T02:34:35+00:00
ORD-021190,10,5,Over-ear Headphones,audio,2,199.95,399.90,pending,2026-07-11T22:21:49+00:00
ORD-021191,7,7,Standing Desk 120cm,furniture,3,449.00,1347.00,refunded,2026-07-11T17:25:52+00:00
ORD-021192,1,6,Desk Speakers Pair,audio,1,89.00,89.00,completed,2026-07-11T08:55:48+00:00
ORD-021193,8,9,USB-C Hub 8-in-1,accessories,3,39.99,119.97,refunded,2026-07-11T00:39:57+00:00
ORD-021194,6,4,34in Ultrawide Monitor,displays,1,579.00,579.00,cancelled,2026-07-11T22:34:59+00:00
ORD-021195,2,10,Laptop Stand Aluminium,accessories,4,27.50,110.00,cancelled,2026-07-11T16:20:26+00:00
ORD-021196,2,4,34in Ultrawide Monitor,displays,4,579.00,2316.00,refunded,2026-07-11T20:33:05+00:00
ORD-021197,2,2,Wireless Mouse,peripherals,3,49.50,148.50,pending,2026-07-11T22:09:17+00:00
ORD-021198,5,1,Mechanical Keyboard 75%,peripherals,3,129.00,387.00,cancelled,2026-07-11T13:47:59+00:00
ORD-021199,8,5,Over-ear Headphones,audio,4,199.95,799.80,cancelled,2026-07-11T04:41:29+00:00
ORD-021200,8,2,Wireless Mouse,peripherals,2,49.50,99.00,cancelled,2026-07-11T22:04:43+00:00
ORD-021201,10,7,Standing Desk 120cm,furniture,4,449.00,1796.00,pending,2026-07-11T22:21:14+00:00
ORD-021202,10,5,Over-ear Headphones,audio,4,199.95,799.80,completed,2026-07-11T10:56:07+00:00
ORD-021203,3,6,Desk Speakers Pair,audio,4,89.00,356.00,completed,2026-07-11T11:26:29+00:00
ORD-021204,9,8,Ergonomic Chair,furniture,2,612.75,1225.50,refunded,2026-07-11T11:16:49+00:00
ORD-021205,4,4,34in Ultrawide Monitor,displays,1,579.00,-50.00,cancelled,2026-07-11T02:28:22+00:00
ORD-021206,4,4,34in Ultrawide Monitor,displays,5,579.00,2895.00,pending,2026-07-11T03:24:03+00:00
ORD-021207,1,1,Mechanical Keyboard 75%,peripherals,1,129.00,129.00,refunded,2026-07-11T15:39:54+00:00
ORD-021208,6,7,Standing Desk 120cm,furniture,2,449.00,898.00,completed,2026-07-11T14:00:36+00:00
ORD-021209,4,7,Standing Desk 120cm,furniture,3,449.00,1347.00,refunded,2026-07-11T01:01:43+00:00
ORD-021210,7,9,USB-C Hub 8-in-1,accessories,3,39.99,119.97,refunded,2026-07-11T00:00:00+00:00
ORD-021211,8,3,27in 1440p Monitor,displays,2,319.99,639.98,pending,2026-07-11T12:58:05+00:00
ORD-021212,2,4,34in Ultrawide Monitor,displays,1,579.00,579.00,completed,2026-07-11T04:35:25+00:00
ORD-021213,5,8,Ergonomic Chair,furniture,2,612.75,1225.50,pending,2026-07-11T13:45:37+00:00
ORD-021214,2,8,Ergonomic Chair,furniture,2,612.75,1225.50,refunded,2026-07-11T11:45:21+00:00
ORD-021215,5,1,Mechanical Keyboard 75%,peripherals,5,129.00,645.00,refunded,2026-07-11T15:18:46+00:00
ORD-021216,6,8,Ergonomic Chair,furniture,1,612.75,612.75,pending,2026-07-11T14:42:06+00:00
ORD-021217,5,6,Desk Speakers Pair,audio,3,89.00,267.00,refunded,2026-07-11T08:42:59+00:00
ORD-021218,9,10,Laptop Stand Aluminium,accessories,5,27.50,137.50,completed,2026-07-11T11:10:02+00:00
ORD-021219,9,6,Desk Speakers Pair,audio,4,89.00,356.00,completed,2026-07-11T02:16:57+00:00
ORD-021220,2,9,USB-C Hub 8-in-1,accessories,4,39.99,159.96,refunded,2026-07-11T19:01:13+00:00
ORD-021221,8,8,Ergonomic Chair,furniture,1,612.75,612.75,refunded,2026-07-11T22:00:46+00:00
ORD-021222,3,4,34in Ultrawide Monitor,displays,2,579.00,1158.00,pending,2026-07-11T22:16:53+00:00
ORD-021223,4,8,Ergonomic Chair,furniture,2,612.75,1225.50,cancelled,2026-07-11T04:51:06+00:00
ORD-021224,4,2,Wireless Mouse,peripherals,3,49.50,148.50,cancelled,2026-07-11T05:40:19+00:00
ORD-021225,3,5,Over-ear Headphones,audio,3,199.95,599.85,cancelled,2026-07-11T08:53:33+00:00
ORD-021226,4,1,Mechanical Keyboard 75%,peripherals,5,129.00,645.00,pending,2026-07-11T14:30:23+00:00
ORD-021227,7,9,USB-C Hub 8-in-1,accessories,2,39.99,79.98,pending,2026-07-11T03:36:57+00:00
ORD-021228,3,7,Standing Desk 120cm,furniture,5,449.00,2245.00,refunded,2026-07-11T19:18:41+00:00
ORD-021229,6,1,Mechanical Keyboard 75%,peripherals,5,129.00,645.00,completed,2026-07-11T14:53:02+00:00
ORD-021230,7,3,27in 1440p Monitor,displays,1,319.99,319.99,completed,2026-07-11T07:59:02+00:00
ORD-021231,1,9,USB-C Hub 8-in-1,accessories,1,39.99,39.99,pending,2026-07-11T14:07:00+00:00
ORD-021232,3,2,Wireless Mouse,peripherals,4,49.50,198.00,refunded,2026-07-11T09:52:06+00:00
ORD-021233,10,5,Over-ear Headphones,audio,3,199.95,599.85,completed,2026-07-11T19:18:10+00:00
ORD-021234,4,7,Standing Desk 120cm,furniture,5,449.00,2245.00,cancelled,2026-07-11T20:04:47+00:00
ORD-021235,7,9,USB-C Hub 8-in-1,accessories,3,39.99,119.97,pending,2026-07-11T06:08:58+00:00
ORD-021236,2,6,Desk Speakers Pair,audio,1,89.00,89.00,completed,2026-07-11T10:39:04+00:00
ORD-021237,7,9,USB-C Hub 8-in-1,accessories,3,39.99,119.97,cancelled,2026-07-11T13:11:44+00:00
ORD-021238,1,8,Ergonomic Chair,furniture,4,612.75,2451.00,pending,2026-07-11T03:40:51+00:00
ORD-021239,5,9,USB-C Hub 8-in-1,accessories,5,39.99,199.95,refunded,2026-07-11T08:34:09+00:00
ORD-021240,1,10,Laptop Stand Aluminium,accessories,1,27.50,27.50,refunded,2026-07-11T22:01:16+00:00
ORD-021241,5,10,Laptop Stand Aluminium,accessories,3,27.50,82.50,cancelled,2026-07-11T11:52:32+00:00
ORD-021242,6,7,Standing Desk 120cm,furniture,2,449.00,898.00,pending,2026-07-11T07:03:45+00:00
ORD-021243,2,6,Desk Speakers Pair,audio,2,89.00,178.00,cancelled,2026-07-11T15:19:27+00:00
ORD-021244,7,10,Laptop Stand Aluminium,accessories,5,27.50,137.50,completed,2026-07-11T06:47:19+00:00
ORD-021245,7,1,Mechanical Keyboard 75%,peripherals,3,129.00,387.00,pending,2026-07-11T23:23:07+00:00
ORD-021246,7,6,Desk Speakers Pair,audio,1,89.00,89.00,completed,2026-07-11T15:35:59+00:00
ORD-021247,3,4,34in Ultrawide Monitor,displays,4,579.00,2316.00,refunded,2026-07-11T01:52:58+00:00
ORD-021248,4,6,Desk Speakers Pair,audio,1,89.00,89.00,cancelled,2026-07-11T13:54:54+00:00
ORD-021249,3,4,34in Ultrawide Monitor,displays,4,579.00,2316.00,pending,2026-07-11T07:00:07+00:00
ORD-021250,1,5,Over-ear Headphones,audio,2,199.95,399.90,completed,2026-07-11T22:07:14+00:00
ORD-021251,7,1,Mechanical Keyboard 75%,peripherals,3,129.00,387.00,refunded,2026-07-11T17:57:19+00:00
ORD-021252,10,10,Laptop Stand Aluminium,accessories,3,27.50,82.50,pending,2026-07-11T11:30:33+00:00
ORD-021253,9,7,Standing Desk 120cm,furniture,5,449.00,2245.00,refunded,2026-07-11T00:57:18+00:00
ORD-021254,1,4,34in Ultrawide Monitor,displays,1,579.00,579.00,cancelled,2026-07-11T20:46:36+00:00
ORD-021255,7,3,27in 1440p Monitor,displays,2,319.99,639.98,pending,2026-07-11T07:59:59+00:00
ORD-021256,5,2,Wireless Mouse,peripherals,3,49.50,148.50,refunded,2026-07-11T12:13:16+00:00
ORD-021257,3,2,Wireless Mouse,peripherals,3,49.50,148.50,cancelled,2026-07-11T06:34:15+00:00
ORD-021258,10,6,Desk Speakers Pair,audio,3,89.00,267.00,refunded,2026-07-11T03:43:04+00:00
ORD-021259,8,8,Ergonomic Chair,furniture,3,612.75,1838.25,refunded,2026-07-11T17:50:15+00:00
ORD-021260,9,2,Wireless Mouse,peripherals,4,49.50,198.00,completed,2026-07-11T09:42:54+00:00
ORD-021261,2,5,Over-ear Headphones,audio,2,199.95,399.90,completed,2026-07-11T23:15:09+00:00
ORD-021262,3,1,Mechanical Keyboard 75%,peripherals,1,129.00,129.00,completed,2026-07-11T15:35:11+00:00
ORD-021263,6,9,USB-C Hub 8-in-1,accessories,2,39.99,79.98,refunded,2026-07-11T07:39:54+00:00
ORD-021264,9,4,34in Ultrawide Monitor,displays,4,579.00,2316.00,refunded,2026-07-11T08:42:06+00:00
ORD-021265,2,9,USB-C Hub 8-in-1,accessories,5,39.99,199.95,cancelled,2026-07-11T07:24:49+00:00
ORD-021266,5,9,USB-C Hub 8-in-1,accessories,5,39.99,199.95,cancelled,2026-07-11T02:12:00+00:00
ORD-021267,7,10,Laptop Stand Aluminium,accessories,3,27.50,82.50,refunded,2026-07-11T06:37:23+00:00
ORD-021268,8,7,Standing Desk 120cm,furniture,3,449.00,1347.00,completed,2026-07-11T13:21:30+00:00
ORD-021269,10,3,27in 1440p Monitor,displays,4,319.99,1279.96,completed,2026-07-11T23:58:24+00:00
ORD-021270,5,5,Over-ear Headphones,audio,5,199.95,999.75,completed,2026-07-11T00:23:11+00:00
ORD-021271,3,6,Desk Speakers Pair,audio,3,89.00,267.00,refunded,2026-07-11T03:43:19+00:00
ORD-021272,6,4,34in Ultrawide Monitor,displays,2,579.00,1158.00,completed,2026-07-11T10:26:45+00:00
ORD-021273,6,6,Desk Speakers Pair,audio,4,89.00,356.00,pending,2026-07-11T06:51:22+00:00
ORD-021274,7,9,USB-C Hub 8-in-1,accessories,3,39.99,119.97,pending,2026-07-11T17:22:04+00:00
ORD-021275,3,4,34in Ultrawide Monitor,displays,4,579.00,2316.00,pending,2026-07-11T05:08:32+00:00
ORD-021276,1,10,Laptop Stand Aluminium,accessories,4,27.50,110.00,refunded,2026-07-11T23:46:59+00:00
ORD-021277,8,2,Wireless Mouse,peripherals,2,49.50,99.00,refunded,2026-07-11T11:35:06+00:00
ORD-021278,5,7,Standing Desk 120cm,furniture,5,449.00,2245.00,pending,2026-07-11T22:15:59+00:00
ORD-021279,6,6,Desk Speakers Pair,audio,4,89.00,356.00,completed,2026-07-11T22:01:01+00:00
ORD-021280,8,4,34in Ultrawide Monitor,displays,5,579.00,2895.00,cancelled,2026-07-11T10:50:58+00:00
ORD-021281,5,10,Laptop Stand Aluminium,accessories,3,27.50,82.50,refunded,2026-07-11T08:22:51+00:00
ORD-021282,8,8,Ergonomic Chair,furniture,4,612.75,2451.00,pending,2026-07-11T20:26:45+00:00
ORD-021283,3,8,Ergonomic Chair,furniture,1,612.75,612.75,refunded,2026-07-11T13:15:08+00:00
ORD-021284,1,4,34in Ultrawide Monitor,displays,2,579.00,1158.00,refunded,2026-07-11T02:03:37+00:00
ORD-021285,3,3,27in 1440p Monitor,displays,4,319.99,1279.96,refunded,2026-07-11T16:01:26+00:00
ORD-021286,4,2,Wireless Mouse,peripherals,1,49.50,49.50,cancelled,2026-07-11T22:57:33+00:00
ORD-021287,8,7,Standing Desk 120cm,furniture,5,449.00,2245.00,completed,2026-07-11T10:05:13+00:00
ORD-021288,4,3,27in 1440p Monitor,displays,4,319.99,1279.96,refunded,2026-07-11T17:40:07+00:00
ORD-021289,4,6,Desk Speakers Pair,audio,1,89.00,89.00,pending,2026-07-11T17:07:23+00:00
ORD-021290,8,2,Wireless Mouse,peripherals,3,49.50,148.50,cancelled,2026-07-11T01:00:40+00:00
ORD-021291,7,10,Laptop Stand Aluminium,accessories,1,27.50,27.50,pending,2026-07-11T00:13:54+00:00
ORD-021292,1,3,27in 1440p Monitor,displays,4,319.99,1279.96,pending,2026-07-11T05:16:15+00:00
ORD-021293,1,2,Wireless Mouse,peripherals,2,49.50,99.00,completed,2026-07-11T08:02:52+00:00
ORD-021294,3,9,USB-C Hub 8-in-1,accessories,4,39.99,159.96,completed,2026-07-11T04:01:45+00:00
ORD-021295,9,9,USB-C Hub 8-in-1,accessories,5,39.99,199.95,pending,2026-07-11T12:30:54+00:00
ORD-021296,7,1,Mechanical Keyboard 75%,peripherals,4,129.00,516.00,pending,2026-07-11T11:59:23+00:00
ORD-021297,7,4,34in Ultrawide Monitor,displays,3,579.00,1737.00,cancelled,2026-07-11T07:18:58+00:00
ORD-021298,3,4,34in Ultrawide Monitor,displays,1,579.00,579.00,cancelled,2026-07-11T23:29:26+00:00
ORD-021299,6,2,Wireless Mouse,peripherals,5,49.50,247.50,refunded,2026-07-11T15:43:57+00:00
ORD-021300,5,3,27in 1440p Monitor,displays,2,319.99,639.98,completed,2026-07-11T15:42:50+00:00
ORD-021301,8,4,34in Ultrawide Monitor,displays,1,579.00,579.00,cancelled,2026-07-11T13:58:26+00:00
ORD-021302,2,1,Mechanical Keyboard 75%,peripherals,5,129.00,645.00,refunded,2026-07-11T21:48:37+00:00
ORD-021303,5,6,Desk Speakers Pair,audio,3,89.00,267.00,completed,2026-07-11T11:33:37+00:00
ORD-021304,7,5,Over-ear Headphones,audio,4,199.95,799.80,pending,2026-07-11T13:58:14+00:00
ORD-021305,7,10,Laptop Stand Aluminium,accessories,1,27.50,27.50,cancelled,2026-07-11T13:05:00+00:00
ORD-021306,3,3,27in 1440p Monitor,displays,5,319.99,1599.95,refunded,2026-07-11T12:07:24+00:00
ORD-021307,1,4,34in Ultrawide Monitor,displays,3,579.00,1737.00,cancelled,2026-07-11T21:38:43+00:00
ORD-021308,1,4,34in Ultrawide Monitor,displays,3,579.00,1737.00,refunded,2026-07-11T04:49:30+00:00
ORD-021309,7,6,Desk Speakers Pair,audio,4,89.00,356.00,refunded,2026-07-11T17:09:57+00:00
ORD-021310,4,2,Wireless Mouse,peripherals,2,49.50,99.00,completed,2026-07-11T00:03:42+00:00
ORD-021311,10,7,Standing Desk 120cm,furniture,1,449.00,449.00,cancelled,2026-07-11T03:51:48+00:00
ORD-021312,4,7,Standing Desk 120cm,furniture,4,449.00,1796.00,completed,2026-07-11T17:54:49+00:00
ORD-021313,3,9,USB-C Hub 8-in-1,accessories,5,39.99,199.95,pending,2026-07-11T10:09:00+00:00
ORD-021314,10,5,Over-ear Headphones,audio,4,199.95,799.80,pending,2026-07-11T19:34:54+00:00
ORD-021315,3,1,Mechanical Keyboard 75%,peripherals,4,129.00,516.00,completed,2026-07-11T20:29:06+00:00
ORD-021316,4,6,Desk Speakers Pair,audio,3,89.00,267.00,completed,2026-07-11T10:41:50+00:00
ORD-021317,9,3,27in 1440p Monitor,displays,5,319.99,1599.95,pending,2026-07-11T13:00:36+00:00
ORD-021318,9,10,Laptop Stand Aluminium,accessories,3,27.50,82.50,completed,2026-07-11T07:41:42+00:00
ORD-021319,2,1,Mechanical Keyboard 75%,peripherals,2,129.00,258.00,pending,2026-07-11T11:16:49+00:00
ORD-021320,6,7,Standing Desk 120cm,furniture,1,449.00,449.00,cancelled,2026-07-11T07:36:18+00:00
ORD-021321,9,3,27in 1440p Monitor,displays,3,319.99,959.97,cancelled,2026-07-11T23:15:57+00:00
ORD-021322,1,10,Laptop Stand Aluminium,accessories,3,27.50,82.50,completed,2026-07-11T18:37:21+00:00
ORD-021323,5,4,34in Ultrawide Monitor,displays,2,579.00,1158.00,cancelled,2026-07-11T14:11:39+00:00
ORD-021324,9,8,Ergonomic Chair,furniture,2,612.75,1225.50,cancelled,2026-07-11T21:18:47+00:00
ORD-021325,8,8,Ergonomic Chair,furniture,1,612.75,612.75,cancelled,2026-07-11T22:44:58+00:00
ORD-021326,6,9,USB-C Hub 8-in-1,accessories,4,39.99,159.96,pending,2026-07-11T22:55:49+00:00
ORD-021327,6,2,Wireless Mouse,peripherals,2,49.50,99.00,cancelled,2026-07-11T20:05:50+00:00
ORD-021328,10,3,27in 1440p Monitor,displays,4,319.99,1279.96,pending,2026-07-11T21:50:20+00:00
ORD-021329,6,7,Standing Desk 120cm,furniture,4,449.00,1796.00,cancelled,2026-07-11T06:35:07+00:00
ORD-021330,1,9,USB-C Hub 8-in-1,accessories,1,39.99,39.99,pending,2026-07-11T04:12:42+00:00
ORD-021331,9,2,Wireless Mouse,peripherals,4,49.50,198.00,refunded,2026-07-11T09:09:33+00:00
ORD-021332,9,1,Mechanical Keyboard 75%,peripherals,3,129.00,387.00,refunded,2026-07-11T03:24:37+00:00
ORD-021333,4,8,Ergonomic Chair,furniture,5,612.75,3063.75,completed,2026-07-11T13:52:44+00:00
ORD-021334,9,8,Ergonomic Chair,furniture,5,612.75,3063.75,completed,2026-07-11T02:21:48+00:00
ORD-021335,8,7,Standing Desk 120cm,furniture,3,449.00,1347.00,pending,2026-07-11T21:20:55+00:00
ORD-021336,5,4,34in Ultrawide Monitor,displays,5,579.00,2895.00,pending,2026-07-11T03:18:51+00:00
ORD-021337,4,6,Desk Speakers Pair,audio,5,89.00,445.00,pending,2026-07-11T16:24:59+00:00
ORD-021338,6,6,Desk Speakers Pair,audio,1,89.00,89.00,cancelled,2026-07-11T02:55:07+00:00
ORD-021339,6,3,27in 1440p Monitor,displays,3,319.99,959.97,refunded,2026-07-11T03:12:58+00:00
ORD-021340,6,8,Ergonomic Chair,furniture,5,612.75,3063.75,cancelled,2026-07-11T06:08:33+00:00
ORD-021341,3,4,34in Ultrawide Monitor,displays,1,579.00,579.00,pending,2026-07-11T20:53:01+00:00
ORD-021342,9,7,Standing Desk 120cm,furniture,4,449.00,1796.00,pending,2026-07-11T13:16:54+00:00
ORD-021343,5,4,34in Ultrawide Monitor,displays,5,579.00,2895.00,cancelled,2026-07-11T04:07:25+00:00
ORD-021344,9,10,Laptop Stand Aluminium,accessories,2,27.50,55.00,cancelled,2026-07-11T06:42:44+00:00
ORD-021345,2,6,Desk Speakers Pair,audio,4,89.00,356.00,completed,2026-07-11T21:55:44+00:00
ORD-021346,8,6,Desk Speakers Pair,audio,2,89.00,178.00,cancelled,2026-07-11T07:27:21+00:00
ORD-021347,3,2,Wireless Mouse,peripherals,2,49.50,99.00,cancelled,2026-07-11T05:33:45+00:00
ORD-021348,7,10,Laptop Stand Aluminium,accessories,2,27.50,55.00,cancelled,2026-07-11T12:11:38+00:00
ORD-021349,6,7,Standing Desk 120cm,furniture,1,449.00,449.00,refunded,2026-07-11T00:28:55+00:00
ORD-021350,1,2,Wireless Mouse,peripherals,3,49.50,148.50,cancelled,2026-07-11T03:13:58+00:00
ORD-021351,9,9,USB-C Hub 8-in-1,accessories,5,39.99,199.95,refunded,2026-07-11T13:51:18+00:00
ORD-021352,5,6,Desk Speakers Pair,audio,4,89.00,356.00,refunded,2026-07-11T02:20:14+00:00
ORD-021353,3,9,USB-C Hub 8-in-1,accessories,3,39.99,119.97,refunded,2026-07-11T17:54:03+00:00
ORD-021354,2,4,34in Ultrawide Monitor,displays,1,579.00,579.00,pending,2026-07-11T19:49:36+00:00
ORD-021355,8,2,Wireless Mouse,peripherals,5,49.50,247.50,pending,2026-07-11T15:46:00+00:00
ORD-021356,3,10,Laptop Stand Aluminium,accessories,4,27.50,110.00,refunded,2026-07-11T04:27:22+00:00
ORD-021357,3,4,34in Ultrawide Monitor,displays,4,579.00,2316.00,refunded,2026-07-11T15:58:06+00:00
ORD-021358,2,4,34in Ultrawide Monitor,displays,1,579.00,579.00,cancelled,2026-07-11T23:30:36+00:00
ORD-021359,1,1,Mechanical Keyboard 75%,peripherals,5,129.00,645.00,refunded,2026-07-11T13:15:12+00:00
ORD-021360,2,1,Mechanical Keyboard 75%,peripherals,5,129.00,645.00,refunded,2026-07-11T12:28:50+00:00
ORD-021361,2,7,Standing Desk 120cm,furniture,4,449.00,1796.00,refunded,2026-07-11T12:22:42+00:00
ORD-021362,8,2,Wireless Mouse,peripherals,1,49.50,49.50,refunded,2026-07-11T04:38:37+00:00
ORD-021363,6,10,Laptop Stand Aluminium,accessories,5,27.50,137.50,pending,2026-07-11T18:29:23+00:00
ORD-021364,2,4,34in Ultrawide Monitor,displays,5,579.00,2895.00,pending,2026-07-11T15:46:05+00:00
ORD-021365,8,9,USB-C Hub 8-in-1,accessories,1,39.99,39.99,pending,2026-07-11T01:35:10+00:00
ORD-021366,8,9,USB-C Hub 8-in-1,accessories,2,39.99,79.98,refunded,2026-07-11T15:01:34+00:00
ORD-021367,8,2,Wireless Mouse,peripherals,2,49.50,99.00,cancelled,2026-07-11T00:19:22+00:00
ORD-021368,10,10,Laptop Stand Aluminium,accessories,4,27.50,110.00,pending,2026-07-11T00:35:55+00:00
ORD-021369,2,3,27in 1440p Monitor,displays,1,319.99,319.99,completed,2026-07-11T09:50:53+00:00
ORD-021370,10,9,USB-C Hub 8-in-1,accessories,3,39.99,119.97,refunded,2026-07-11T08:19:56+00:00
ORD-021371,8,10,Laptop Stand Aluminium,accessories,1,27.50,27.50,cancelled,2026-07-11T03:25:01+00:00
ORD-021372,8,1,Mechanical Keyboard 75%,peripherals,2,129.00,258.00,pending,2026-07-11T22:42:54+00:00
ORD-021373,3,3,27in 1440p Monitor,displays,2,319.99,639.98,completed,2026-07-11T10:07:12+00:00
ORD-021374,9,6,Desk Speakers Pair,audio,3,89.00,267.00,completed,2026-07-11T07:54:02+00:00
ORD-021375,10,1,Mechanical Keyboard 75%,peripherals,4,129.00,516.00,pending,2026-07-11T04:42:07+00:00
ORD-021376,8,4,34in Ultrawide Monitor,displays,4,579.00,2316.00,completed,2026-07-11T12:43:53+00:00
ORD-021377,6,5,Over-ear Headphones,audio,4,199.95,799.80,refunded,2026-07-11T20:23:07+00:00
ORD-021378,3,5,Over-ear Headphones,audio,5,199.95,999.75,refunded,2026-07-11T06:43:53+00:00
ORD-021379,2,1,Mechanical Keyboard 75%,peripherals,3,129.00,387.00,refunded,2026-07-11T06:20:28+00:00
ORD-021380,1,3,27in 1440p Monitor,displays,3,319.99,959.97,completed,2026-07-11T10:04:03+00:00
ORD-021381,2,5,Over-ear Headphones,audio,5,199.95,999.75,pending,2026-07-11T15:46:16+00:00
ORD-021382,10,8,Ergonomic Chair,furniture,1,612.75,612.75,completed,2026-07-11T08:33:09+00:00
ORD-021383,3,6,Desk Speakers Pair,audio,2,89.00,178.00,refunded,2026-07-11T15:02:13+00:00
ORD-021384,2,2,Wireless Mouse,peripherals,4,49.50,198.00,pending,2026-07-11T18:08:15+00:00
ORD-021385,10,6,Desk Speakers Pair,audio,2,89.00,178.00,completed,2026-07-11T18:54:43+00:00
ORD-021386,10,10,Laptop Stand Aluminium,accessories,4,27.50,110.00,cancelled,2026-07-11T22:59:59+00:00
ORD-021387,7,10,Laptop Stand Aluminium,accessories,3,27.50,82.50,refunded,2026-07-11T23:26:39+00:00
ORD-021388,5,3,27in 1440p Monitor,displays,5,319.99,1599.95,completed,2026-07-11T05:39:53+00:00
ORD-021389,8,6,Desk Speakers Pair,audio,5,89.00,445.00,pending,2026-07-11T01:51:17+00:00
ORD-021390,2,7,Standing Desk 120cm,furniture,3,449.00,1347.00,completed,2026-07-11T14:17:59+00:00
ORD-021391,1,9,USB-C Hub 8-in-1,accessories,4,39.99,159.96,refunded,2026-07-11T09:24:44+00:00
ORD-021392,2,5,Over-ear Headphones,audio,5,199.95,999.75,completed,2026-07-11T21:22:07+00:00
ORD-021393,10,6,Desk Speakers Pair,audio,3,89.00,267.00,completed,2026-07-11T07:12:34+00:00
ORD-021394,10,2,Wireless Mouse,peripherals,3,49.50,148.50,refunded,2026-07-11T21:00:39+00:00
ORD-021395,4,4,34in Ultrawide Monitor,displays,4,579.00,2316.00,cancelled,2026-07-11T10:34:40+00:00
ORD-021396,2,1,Mechanical Keyboard 75%,peripherals,4,129.00,516.00,pending,2026-07-11T01:42:04+00:00
ORD-021397,6,10,Laptop Stand Aluminium,accessories,3,27.50,82.50,completed,2026-07-11T00:06:08+00:00
ORD-021398,2,9,USB-C Hub 8-in-1,accessories,4,39.99,159.96,completed,2026-07-11T14:12:05+00:00
ORD-021399,6,10,Laptop Stand Aluminium,accessories,1,27.50,27.50,completed,2026-07-11T15:44:17+00:00
ORD-021400,10,5,Over-ear Headphones,audio,5,199.95,999.75,completed,2026-07-11T07:07:55+00:00
ORD-021401,5,6,Desk Speakers Pair,audio,1,89.00,89.00,pending,2026-07-11T11:00:33+00:00
ORD-021402,2,2,Wireless Mouse,peripherals,5,49.50,247.50,pending,2026-07-11T11:39:20+00:00
ORD-021403,7,1,Mechanical Keyboard 75%,peripherals,2,129.00,258.00,pending,2026-07-11T23:21:15+00:00
ORD-021404,4,7,Standing Desk 120cm,furniture,3,449.00,1347.00,refunded,2026-07-11T07:59:49+00:00
ORD-021405,4,6,Desk Speakers Pair,audio,4,89.00,356.00,refunded,2026-07-11T10:36:06+00:00
ORD-021406,3,10,Laptop Stand Aluminium,accessories,3,27.50,82.50,completed,2026-07-11T23:25:01+00:00
ORD-021407,3,8,Ergonomic Chair,furniture,3,612.75,1838.25,cancelled,2026-07-11T10:15:04+00:00
ORD-021408,5,6,Desk Speakers Pair,audio,2,89.00,178.00,pending,2026-07-11T08:54:07+00:00
ORD-021409,6,3,27in 1440p Monitor,displays,3,319.99,959.97,refunded,2026-07-11T02:59:25+00:00
ORD-021410,8,9,USB-C Hub 8-in-1,accessories,5,39.99,199.95,pending,2026-07-11T01:27:27+00:00
ORD-021411,1,9,USB-C Hub 8-in-1,accessories,3,39.99,119.97,completed,2026-07-11T15:46:31+00:00
ORD-021412,9,8,Ergonomic Chair,furniture,2,612.75,1225.50,cancelled,2026-07-11T19:51:09+00:00
ORD-021413,1,1,Mechanical Keyboard 75%,peripherals,1,129.00,129.00,cancelled,2026-07-11T19:56:25+00:00
ORD-021414,2,2,Wireless Mouse,peripherals,1,49.50,49.50,completed,2026-07-11T13:29:17+00:00
ORD-021415,5,10,Laptop Stand Aluminium,accessories,2,27.50,55.00,cancelled,2026-07-11T03:05:03+00:00
ORD-021416,2,1,Mechanical Keyboard 75%,peripherals,3,129.00,387.00,cancelled,2026-07-11T04:06:37+00:00
ORD-021417,9,9,USB-C Hub 8-in-1,accessories,2,39.99,79.98,pending,2026-07-11T05:00:26+00:00
ORD-021418,8,6,Desk Speakers Pair,audio,5,89.00,445.00,refunded,2026-07-11T13:03:16+00:00
ORD-021419,9,1,Mechanical Keyboard 75%,peripherals,2,129.00,258.00,completed,2026-07-11T20:28:57+00:00
ORD-021420,6,8,Ergonomic Chair,furniture,1,612.75,612.75,refunded,2026-07-11T22:10:25+00:00
ORD-021421,9,1,Mechanical Keyboard 75%,peripherals,3,129.00,387.00,cancelled,2026-07-11T04:48:49+00:00
ORD-021422,6,7,Standing Desk 120cm,furniture,2,449.00,898.00,completed,2026-07-11T12:24:03+00:00
ORD-021423,7,4,34in Ultrawide Monitor,displays,4,579.00,2316.00,completed,2026-07-11T13:49:02+00:00
ORD-021424,1,9,USB-C Hub 8-in-1,accessories,5,39.99,199.95,refunded,2026-07-11T01:12:30+00:00
ORD-021425,10,3,27in 1440p Monitor,displays,3,319.99,959.97,cancelled,2026-07-11T13:26:19+00:00
ORD-021426,3,6,Desk Speakers Pair,audio,2,89.00,178.00,pending,2026-07-11T03:25:57+00:00
ORD-021427,7,2,Wireless Mouse,peripherals,3,49.50,148.50,pending,2026-07-11T13:27:27+00:00
ORD-021428,5,2,Wireless Mouse,peripherals,3,49.50,148.50,completed,2026-07-11T23:59:57+00:00
ORD-021429,9,5,Over-ear Headphones,audio,3,199.95,599.85,cancelled,2026-07-11T15:53:13+00:00
ORD-021430,7,8,Ergonomic Chair,furniture,4,612.75,2451.00,pending,2026-07-11T11:50:31+00:00
ORD-021431,5,7,Standing Desk 120cm,furniture,5,449.00,2245.00,pending,2026-07-11T04:15:56+00:00
ORD-021432,8,3,27in 1440p Monitor,displays,5,319.99,1599.95,completed,2026-07-11T05:17:28+00:00
ORD-021433,8,1,Mechanical Keyboard 75%,peripherals,4,129.00,516.00,refunded,2026-07-11T21:35:45+00:00
ORD-021434,9,8,Ergonomic Chair,furniture,3,612.75,1838.25,pending,2026-07-11T12:14:46+00:00
ORD-021435,9,2,Wireless Mouse,peripherals,1,49.50,49.50,completed,2026-07-11T02:02:53+00:00
ORD-021436,9,3,27in 1440p Monitor,displays,2,319.99,639.98,pending,2026-07-11T09:45:17+00:00
ORD-021437,5,3,27in 1440p Monitor,displays,2,319.99,639.98,cancelled,2026-07-11T14:11:24+00:00
ORD-021438,7,2,Wireless Mouse,peripherals,1,49.50,49.50,cancelled,2026-07-11T19:51:14+00:00
ORD-021439,2,10,Laptop Stand Aluminium,accessories,5,27.50,137.50,refunded,2026-07-11T23:05:47+00:00
ORD-021440,1,7,Standing Desk 120cm,furniture,1,449.00,449.00,refunded,2026-07-11T20:08:46+00:00
ORD-021441,7,10,Laptop Stand Aluminium,accessories,3,27.50,82.50,completed,2026-07-11T14:42:09+00:00
ORD-021442,1,4,34in Ultrawide Monitor,displays,1,579.00,579.00,pending,2026-07-11T07:20:01+00:00
ORD-021443,3,6,Desk Speakers Pair,audio,4,89.00,356.00,completed,2026-07-11T05:18:25+00:00
ORD-021444,7,4,34in Ultrawide Monitor,displays,3,579.00,1737.00,cancelled,2026-07-11T00:29:30+00:00
ORD-021445,10,8,Ergonomic Chair,furniture,2,612.75,1225.50,cancelled,2026-07-11T00:53:28+00:00
ORD-021446,1,9,USB-C Hub 8-in-1,accessories,4,39.99,159.96,completed,2026-07-11T14:43:01+00:00
ORD-021447,4,3,27in 1440p Monitor,displays,1,319.99,319.99,completed,2026-07-11T08:37:18+00:00
ORD-021448,6,6,Desk Speakers Pair,audio,4,89.00,356.00,completed,2026-07-11T03:10:10+00:00
ORD-021449,4,10,Laptop Stand Aluminium,accessories,3,27.50,82.50,pending,2026-07-11T22:13:14+00:00
ORD-021450,2,8,Ergonomic Chair,furniture,2,612.75,1225.50,pending,2026-07-11T13:23:56+00:00
ORD-021451,4,4,34in Ultrawide Monitor,displays,5,579.00,2895.00,refunded,2026-07-11T15:47:00+00:00
ORD-021452,9,6,Desk Speakers Pair,audio,3,89.00,267.00,pending,2026-07-11T15:48:34+00:00
ORD-021453,8,4,34in Ultrawide Monitor,displays,5,579.00,2895.00,pending,2026-07-11T12:20:43+00:00
ORD-021454,8,2,Wireless Mouse,peripherals,2,49.50,99.00,pending,2026-07-11T13:25:57+00:00
ORD-021455,6,4,34in Ultrawide Monitor,displays,3,579.00,1737.00,pending,2026-07-11T01:21:49+00:00
ORD-021456,1,4,34in Ultrawide Monitor,displays,5,579.00,2895.00,pending,2026-07-11T21:04:54+00:00
ORD-021457,3,7,Standing Desk 120cm,furniture,3,449.00,1347.00,refunded,2026-07-11T22:05:15+00:00
ORD-021458,10,7,Standing Desk 120cm,furniture,3,449.00,1347.00,pending,2026-07-11T00:46:51+00:00
ORD-021459,1,8,Ergonomic Chair,furniture,2,612.75,1225.50,completed,2026-07-11T01:37:50+00:00
ORD-021460,9,7,Standing Desk 120cm,furniture,2,449.00,898.00,completed,2026-07-11T20:06:32+00:00
ORD-021461,3,8,Ergonomic Chair,furniture,4,612.75,2451.00,completed,2026-07-11T04:45:52+00:00
ORD-021462,4,2,Wireless Mouse,peripherals,1,49.50,49.50,pending,2026-07-11T22:56:07+00:00
ORD-021463,2,9,USB-C Hub 8-in-1,accessories,2,39.99,79.98,completed,2026-07-11T03:07:17+00:00
ORD-021464,8,1,Mechanical Keyboard 75%,peripherals,2,129.00,258.00,cancelled,2026-07-11T22:15:04+00:00
ORD-021465,6,8,Ergonomic Chair,furniture,2,612.75,1225.50,refunded,2026-07-11T21:46:03+00:00
ORD-021466,10,5,Over-ear Headphones,audio,4,199.95,799.80,cancelled,2026-07-11T23:50:54+00:00
ORD-021467,1,8,Ergonomic Chair,furniture,1,612.75,612.75,refunded,2026-07-11T08:59:00+00:00
ORD-021468,2,3,27in 1440p Monitor,displays,1,319.99,319.99,completed,2026-07-11T15:19:31+00:00
ORD-021469,5,3,27in 1440p Monitor,displays,5,319.99,1599.95,refunded,2026-07-11T08:47:47+00:00
ORD-021470,2,1,Mechanical Keyboard 75%,peripherals,4,129.00,516.00,refunded,2026-07-11T22:46:54+00:00
ORD-021471,2,5,Over-ear Headphones,audio,5,199.95,999.75,pending,2026-07-11T07:46:29+00:00
ORD-021472,9,4,34in Ultrawide Monitor,displays,1,579.00,579.00,completed,2026-07-11T14:27:44+00:00
ORD-021473,8,3,27in 1440p Monitor,displays,3,319.99,959.97,completed,2026-07-11T18:28:14+00:00
ORD-021474,6,2,Wireless Mouse,peripherals,1,49.50,49.50,pending,2026-07-11T04:45:34+00:00
ORD-021475,2,8,Ergonomic Chair,furniture,1,612.75,612.75,pending,2026-07-11T15:32:11+00:00
ORD-021476,7,3,27in 1440p Monitor,displays,4,319.99,1279.96,completed,2026-07-11T01:18:41+00:00
ORD-021477,6,5,Over-ear Headphones,audio,2,199.95,399.90,refunded,2026-07-11T09:06:51+00:00
ORD-021478,6,5,Over-ear Headphones,audio,1,199.95,199.95,pending,2026-07-11T10:47:29+00:00
ORD-021479,9,4,34in Ultrawide Monitor,displays,1,579.00,579.00,cancelled,2026-07-11T07:17:57+00:00
ORD-021480,4,3,27in 1440p Monitor,displays,5,319.99,1599.95,pending,2026-07-11T16:58:22+00:00
ORD-021481,8,4,34in Ultrawide Monitor,displays,1,579.00,579.00,pending,2026-07-11T16:02:05+00:00
ORD-021482,5,8,Ergonomic Chair,furniture,3,612.75,1838.25,refunded,2026-07-11T07:45:37+00:00
ORD-021483,7,5,Over-ear Headphones,audio,4,199.95,799.80,cancelled,2026-07-11T10:06:33+00:00
ORD-021484,1,1,Mechanical Keyboard 75%,peripherals,2,129.00,258.00,cancelled,2026-07-11T07:01:41+00:00
ORD-021485,3,6,Desk Speakers Pair,audio,3,89.00,267.00,completed,2026-07-11T02:56:52+00:00
ORD-021486,9,3,27in 1440p Monitor,displays,3,319.99,959.97,pending,2026-07-11T05:17:23+00:00
ORD-021487,5,6,Desk Speakers Pair,audio,5,89.00,445.00,refunded,2026-07-11T22:52:40+00:00
ORD-021488,7,2,Wireless Mouse,peripherals,1,49.50,49.50,completed,2026-07-11T23:57:56+00:00
ORD-021489,4,2,Wireless Mouse,peripherals,3,49.50,148.50,pending,2026-07-11T01:48:12+00:00
ORD-021490,10,7,Standing Desk 120cm,furniture,4,449.00,1796.00,completed,2026-07-11T15:32:54+00:00
ORD-021491,8,3,27in 1440p Monitor,displays,2,319.99,639.98,completed,2026-07-11T12:46:05+00:00
ORD-021492,4,1,Mechanical Keyboard 75%,peripherals,1,129.00,129.00,pending,2026-07-11T23:07:49+00:00
ORD-021493,6,2,Wireless Mouse,peripherals,4,49.50,198.00,completed,2026-07-11T16:28:44+00:00
ORD-021494,8,7,Standing Desk 120cm,furniture,2,449.00,898.00,completed,2026-07-11T01:13:52+00:00
ORD-021495,8,10,Laptop Stand Aluminium,accessories,5,27.50,137.50,cancelled,2026-07-11T14:12:32+00:00
ORD-021496,2,2,Wireless Mouse,peripherals,3,49.50,148.50,refunded,2026-07-11T07:20:02+00:00
ORD-021497,6,6,Desk Speakers Pair,audio,5,89.00,445.00,refunded,2026-07-11T13:09:05+00:00
ORD-021498,5,8,Ergonomic Chair,furniture,3,612.75,1838.25,completed,2026-07-11T11:05:30+00:00
ORD-021499,2,7,Standing Desk 120cm,furniture,1,449.00,449.00,refunded,2026-07-11T15:56:12+00:00
ORD-021500,7,3,27in 1440p Monitor,displays,1,319.99,319.99,refunded,2026-07-11T12:54:50+00:00
ORD-021501,3,4,34in Ultrawide Monitor,displays,5,579.00,2895.00,refunded,2026-07-11T15:34:44+00:00
ORD-021502,10,10,Laptop Stand Aluminium,accessories,3,27.50,82.50,pending,2026-07-11T09:52:49+00:00
ORD-021503,7,1,Mechanical Keyboard 75%,peripherals,3,129.00,387.00,cancelled,2026-07-11T01:57:36+00:00
ORD-021504,1,9,USB-C Hub 8-in-1,accessories,4,39.99,159.96,pending,2026-07-11T02:47:23+00:00
ORD-021505,10,8,Ergonomic Chair,furniture,1,612.75,612.75,pending,2026-07-11T09:47:48+00:00
ORD-021506,2,10,Laptop Stand Aluminium,accessories,4,27.50,110.00,completed,2026-07-11T09:56:08+00:00
ORD-021507,5,8,Ergonomic Chair,furniture,4,612.75,2451.00,cancelled,2026-07-11T23:42:16+00:00
ORD-021508,2,10,Laptop Stand Aluminium,accessories,3,27.50,82.50,pending,2026-07-11T01:17:32+00:00
ORD-021509,1,7,Standing Desk 120cm,furniture,1,449.00,449.00,refunded,2026-07-11T14:56:16+00:00
ORD-021510,2,6,Desk Speakers Pair,audio,5,89.00,445.00,completed,2026-07-11T22:31:37+00:00
ORD-021511,2,1,Mechanical Keyboard 75%,peripherals,1,129.00,129.00,pending,2026-07-11T00:51:01+00:00
ORD-021512,8,9,USB-C Hub 8-in-1,accessories,2,39.99,79.98,completed,2026-07-11T23:38:09+00:00
ORD-021513,3,3,27in 1440p Monitor,displays,3,319.99,959.97,completed,2026-07-11T14:51:13+00:00
ORD-021514,6,3,27in 1440p Monitor,displays,5,319.99,1599.95,refunded,2026-07-11T08:26:19+00:00
ORD-021515,4,3,27in 1440p Monitor,displays,1,319.99,319.99,cancelled,2026-07-11T10:51:26+00:00
ORD-021516,5,1,Mechanical Keyboard 75%,peripherals,1,129.00,129.00,completed,2026-07-11T12:09:37+00:00
ORD-021517,6,4,34in Ultrawide Monitor,displays,1,579.00,579.00,refunded,2026-07-11T14:09:23+00:00
ORD-021518,6,2,Wireless Mouse,peripherals,2,49.50,99.00,completed,2026-07-11T01:41:54+00:00
ORD-021519,4,2,Wireless Mouse,peripherals,2,49.50,99.00,pending,2026-07-11T05:20:51+00:00
ORD-021520,3,8,Ergonomic Chair,furniture,1,612.75,612.75,completed,2026-07-11T08:15:58+00:00
ORD-021521,7,10,Laptop Stand Aluminium,accessories,1,27.50,27.50,refunded,2026-07-11T11:16:18+00:00
ORD-021522,7,2,Wireless Mouse,peripherals,2,49.50,99.00,pending,2026-07-11T22:30:50+00:00
ORD-021523,7,2,Wireless Mouse,peripherals,1,49.50,49.50,refunded,2026-07-11T13:18:30+00:00
ORD-021524,7,2,Wireless Mouse,peripherals,4,49.50,198.00,pending,2026-07-11T02:34:38+00:00
ORD-021525,3,7,Standing Desk 120cm,furniture,4,449.00,1796.00,completed,2026-07-11T20:18:15+00:00
ORD-021526,7,5,Over-ear Headphones,audio,3,199.95,599.85,refunded,2026-07-11T23:39:48+00:00
ORD-021527,1,5,Over-ear Headphones,audio,4,199.95,799.80,pending,2026-07-11T11:56:40+00:00
ORD-021528,9,7,Standing Desk 120cm,furniture,1,449.00,449.00,refunded,2026-07-11T13:02:38+00:00
ORD-021529,7,2,Wireless Mouse,peripherals,5,49.50,247.50,completed,2026-07-11T22:48:24+00:00
ORD-021530,2,4,34in Ultrawide Monitor,displays,3,579.00,1737.00,refunded,2026-07-11T16:20:32+00:00
ORD-021531,8,7,Standing Desk 120cm,furniture,1,449.00,449.00,refunded,2026-07-11T07:05:43+00:00
ORD-021532,10,8,Ergonomic Chair,furniture,3,612.75,1838.25,cancelled,2026-07-11T09:09:12+00:00
ORD-021533,8,10,Laptop Stand Aluminium,accessories,4,27.50,110.00,refunded,2026-07-11T07:55:22+00:00
ORD-021534,10,3,27in 1440p Monitor,displays,4,319.99,1279.96,completed,2026-07-11T12:48:57+00:00
ORD-021535,10,2,Wireless Mouse,peripherals,4,49.50,198.00,refunded,2026-07-11T22:00:22+00:00
ORD-021536,2,4,34in Ultrawide Monitor,displays,5,579.00,2895.00,refunded,2026-07-11T02:59:36+00:00
ORD-021537,4,10,Laptop Stand Aluminium,accessories,2,27.50,55.00,pending,2026-07-11T23:22:27+00:00
ORD-021538,6,5,Over-ear Headphones,audio,1,199.95,199.95,refunded,2026-07-11T06:38:40+00:00
ORD-021539,9,3,27in 1440p Monitor,displays,4,319.99,1279.96,completed,2026-07-11T07:41:34+00:00
ORD-021540,3,9,USB-C Hub 8-in-1,accessories,4,39.99,159.96,refunded,2026-07-11T22:10:03+00:00
ORD-021541,1,4,34in Ultrawide Monitor,displays,2,579.00,1158.00,refunded,2026-07-11T04:08:56+00:00
ORD-021542,5,4,34in Ultrawide Monitor,displays,4,579.00,2316.00,pending,2026-07-11T16:24:50+00:00
ORD-021543,6,5,Over-ear Headphones,audio,3,199.95,599.85,refunded,2026-07-11T08:54:21+00:00
ORD-021544,8,5,Over-ear Headphones,audio,5,199.95,999.75,cancelled,2026-07-11T00:04:55+00:00
ORD-021545,8,1,Mechanical Keyboard 75%,peripherals,4,129.00,516.00,pending,2026-07-11T04:48:52+00:00
ORD-021546,10,1,Mechanical Keyboard 75%,peripherals,3,129.00,387.00,refunded,2026-07-11T16:56:26+00:00
ORD-021547,9,5,Over-ear Headphones,audio,2,199.95,399.90,refunded,2026-07-11T19:59:46+00:00
ORD-021548,7,4,34in Ultrawide Monitor,displays,2,579.00,1158.00,pending,2026-07-11T10:22:14+00:00
ORD-021549,5,3,27in 1440p Monitor,displays,3,319.99,959.97,cancelled,2026-07-11T14:38:32+00:00
ORD-021550,3,3,27in 1440p Monitor,displays,5,319.99,1599.95,pending,2026-07-11T16:33:47+00:00
ORD-021551,4,4,34in Ultrawide Monitor,displays,1,579.00,579.00,unknown_status,2026-07-11T22:51:58+00:00
ORD-021552,6,1,Mechanical Keyboard 75%,peripherals,1,129.00,129.00,completed,2026-07-11T23:14:35+00:00
ORD-021553,9,3,27in 1440p Monitor,displays,5,319.99,1599.95,refunded,2026-07-11T09:23:21+00:00
ORD-021554,1,10,Laptop Stand Aluminium,accessories,2,27.50,55.00,cancelled,2026-07-11T11:59:00+00:00
ORD-021555,7,10,Laptop Stand Aluminium,accessories,3,27.50,82.50,cancelled,2026-07-11T07:08:16+00:00
ORD-021556,3,1,Mechanical Keyboard 75%,peripherals,2,129.00,258.00,refunded,2026-07-11T12:48:55+00:00
ORD-021557,3,1,Mechanical Keyboard 75%,peripherals,2,129.00,258.00,completed,2026-07-11T23:01:58+00:00
ORD-021558,2,4,34in Ultrawide Monitor,displays,4,579.00,2316.00,pending,2026-07-11T22:57:21+00:00
ORD-021559,4,7,Standing Desk 120cm,furniture,2,449.00,898.00,pending,2026-07-11T14:32:53+00:00
ORD-021560,5,9,USB-C Hub 8-in-1,accessories,3,39.99,119.97,completed,2026-07-11T06:46:25+00:00
ORD-021561,9,3,27in 1440p Monitor,displays,1,319.99,319.99,cancelled,2026-07-11T00:04:04+00:00
ORD-021562,6,5,Over-ear Headphones,audio,1,199.95,199.95,pending,2026-07-11T08:10:10+00:00
ORD-021563,9,7,Standing Desk 120cm,furniture,2,449.00,898.00,completed,2026-07-11T05:53:18+00:00
ORD-021564,1,1,Mechanical Keyboard 75%,peripherals,5,129.00,645.00,completed,2026-07-11T12:51:47+00:00
ORD-021565,10,1,Mechanical Keyboard 75%,peripherals,5,129.00,645.00,refunded,2026-07-11T03:33:35+00:00
ORD-021566,10,7,Standing Desk 120cm,furniture,3,449.00,1347.00,cancelled,2026-07-11T17:03:05+00:00
ORD-021567,1,2,Wireless Mouse,peripherals,1,49.50,49.50,pending,2026-07-11T13:15:19+00:00
ORD-021568,2,2,Wireless Mouse,peripherals,5,49.50,247.50,completed,2026-07-11T17:58:13+00:00
ORD-021569,1,2,Wireless Mouse,peripherals,4,49.50,198.00,refunded,2026-07-11T23:51:11+00:00
ORD-021570,4,9,USB-C Hub 8-in-1,accessories,2,39.99,79.98,cancelled,2026-07-11T05:34:35+00:00
ORD-021571,7,6,Desk Speakers Pair,audio,3,89.00,267.00,cancelled,2026-07-11T18:02:37+00:00
ORD-021572,6,8,Ergonomic Chair,furniture,4,612.75,2451.00,completed,2026-07-11T17:30:28+00:00
ORD-021573,5,7,Standing Desk 120cm,furniture,2,449.00,898.00,refunded,2026-07-11T10:11:38+00:00
ORD-021574,5,1,Mechanical Keyboard 75%,peripherals,5,129.00,645.00,cancelled,2026-07-11T09:53:47+00:00
ORD-021575,1,3,27in 1440p Monitor,displays,4,319.99,1279.96,refunded,2026-07-11T09:33:14+00:00
ORD-021576,5,7,Standing Desk 120cm,furniture,4,449.00,1796.00,cancelled,2026-07-11T10:12:47+00:00
ORD-021577,2,2,Wireless Mouse,peripherals,1,49.50,49.50,pending,2026-07-11T13:44:30+00:00
ORD-021578,5,1,Mechanical Keyboard 75%,peripherals,5,129.00,645.00,completed,2026-07-11T23:06:39+00:00
ORD-021579,1,3,27in 1440p Monitor,displays,2,319.99,639.98,pending,2026-07-11T05:23:08+00:00
ORD-021580,8,9,USB-C Hub 8-in-1,accessories,4,39.99,159.96,pending,2026-07-11T15:45:13+00:00
ORD-021581,10,9,USB-C Hub 8-in-1,accessories,3,39.99,119.97,completed,2026-07-11T04:59:44+00:00
ORD-021582,2,9,USB-C Hub 8-in-1,accessories,3,39.99,119.97,pending,2026-07-11T13:50:58+00:00
ORD-021583,2,3,27in 1440p Monitor,displays,2,319.99,639.98,pending,2026-07-11T21:03:56+00:00
ORD-021584,5,5,Over-ear Headphones,audio,3,199.95,599.85,completed,2026-07-11T03:31:20+00:00
ORD-021585,5,7,Standing Desk 120cm,furniture,3,449.00,1347.00,completed,2026-07-11T08:32:19+00:00
ORD-021586,7,3,27in 1440p Monitor,displays,5,319.99,1599.95,refunded,2026-07-11T06:35:14+00:00
ORD-021587,7,8,Ergonomic Chair,furniture,2,612.75,1225.50,refunded,2026-07-11T03:50:39+00:00
ORD-021588,5,9,USB-C Hub 8-in-1,accessories,3,39.99,119.97,pending,2026-07-11T01:01:11+00:00
ORD-021589,4,8,Ergonomic Chair,furniture,3,612.75,1838.25,completed,2026-07-11T10:23:17+00:00
ORD-021590,5,10,Laptop Stand Aluminium,accessories,4,27.50,110.00,pending,2026-07-11T13:15:06+00:00
ORD-021591,3,4,34in Ultrawide Monitor,displays,5,579.00,2895.00,completed,2026-07-11T16:31:05+00:00
ORD-021592,1,2,Wireless Mouse,peripherals,5,49.50,247.50,cancelled,2026-07-11T17:59:20+00:00
ORD-021593,6,3,27in 1440p Monitor,displays,5,319.99,1599.95,pending,2026-07-11T09:16:33+00:00
ORD-021594,9,2,Wireless Mouse,peripherals,1,49.50,49.50,refunded,2026-07-11T12:58:35+00:00
ORD-021595,2,1,Mechanical Keyboard 75%,peripherals,4,129.00,516.00,cancelled,2026-07-11T21:50:10+00:00
ORD-021596,10,9,USB-C Hub 8-in-1,accessories,1,39.99,39.99,pending,2026-07-11T06:51:44+00:00
ORD-021597,1,10,Laptop Stand Aluminium,accessories,5,27.50,137.50,refunded,2026-07-11T02:43:02+00:00
ORD-021598,2,1,Mechanical Keyboard 75%,peripherals,3,129.00,387.00,cancelled,2026-07-11T09:46:47+00:00
ORD-021599,6,10,Laptop Stand Aluminium,accessories,2,27.50,55.00,completed,2026-07-11T19:12:40+00:00
ORD-021600,9,10,Laptop Stand Aluminium,accessories,5,27.50,137.50,completed,2026-07-11T02:34:25+00:00
ORD-021601,10,5,Over-ear Headphones,audio,5,199.95,999.75,refunded,2026-07-11T13:43:55+00:00
ORD-021602,4,5,Over-ear Headphones,audio,3,199.95,599.85,refunded,2026-07-11T07:42:35+00:00
ORD-021603,8,2,Wireless Mouse,peripherals,3,49.50,148.50,cancelled,2026-07-11T21:24:26+00:00
ORD-021604,5,4,34in Ultrawide Monitor,displays,2,579.00,1158.00,pending,2026-07-11T06:55:51+00:00
ORD-021605,9,5,Over-ear Headphones,audio,1,199.95,199.95,pending,2026-07-11T04:31:17+00:00
ORD-021606,9,6,Desk Speakers Pair,audio,1,89.00,89.00,refunded,2026-07-11T10:11:09+00:00
ORD-021607,3,5,Over-ear Headphones,audio,1,199.95,199.95,cancelled,2026-07-11T05:11:40+00:00
ORD-021608,3,9,USB-C Hub 8-in-1,accessories,2,39.99,79.98,pending,2026-07-11T02:09:16+00:00
ORD-021609,8,1,Mechanical Keyboard 75%,peripherals,3,129.00,387.00,pending,2026-07-11T18:52:42+00:00
ORD-021610,4,9,USB-C Hub 8-in-1,accessories,4,39.99,159.96,cancelled,2026-07-11T11:13:13+00:00
ORD-021611,7,4,34in Ultrawide Monitor,displays,3,579.00,1737.00,pending,2026-07-11T20:18:36+00:00
ORD-021612,2,2,Wireless Mouse,peripherals,2,49.50,99.00,cancelled,2026-07-11T22:56:27+00:00
ORD-021613,8,2,Wireless Mouse,peripherals,5,49.50,247.50,completed,2026-07-11T01:27:02+00:00
ORD-021614,10,8,Ergonomic Chair,furniture,5,612.75,3063.75,refunded,2026-07-11T01:50:21+00:00
ORD-021615,6,6,Desk Speakers Pair,audio,5,89.00,445.00,cancelled,2026-07-11T18:54:30+00:00
ORD-021616,3,2,Wireless Mouse,peripherals,4,49.50,198.00,pending,2026-07-11T07:31:03+00:00
ORD-021617,2,5,Over-ear Headphones,audio,2,199.95,399.90,pending,2026-07-11T12:08:29+00:00
ORD-021618,8,9,USB-C Hub 8-in-1,accessories,4,39.99,159.96,cancelled,2026-07-11T04:16:24+00:00
ORD-021619,2,6,Desk Speakers Pair,audio,4,89.00,356.00,refunded,2026-07-11T11:53:33+00:00
ORD-021620,3,4,34in Ultrawide Monitor,displays,5,579.00,2895.00,refunded,2026-07-11T09:23:57+00:00
ORD-021621,7,3,27in 1440p Monitor,displays,1,319.99,319.99,completed,2026-07-11T23:28:43+00:00
ORD-021622,5,10,Laptop Stand Aluminium,accessories,3,27.50,82.50,cancelled,2026-07-11T08:00:21+00:00
ORD-021623,9,3,27in 1440p Monitor,displays,1,319.99,319.99,cancelled,2026-07-11T12:59:09+00:00
ORD-021624,6,8,Ergonomic Chair,furniture,1,612.75,612.75,cancelled,2026-07-11T19:38:59+00:00
ORD-021625,5,2,Wireless Mouse,peripherals,2,49.50,99.00,refunded,2026-07-11T10:26:23+00:00
ORD-021626,4,9,USB-C Hub 8-in-1,accessories,5,39.99,199.95,completed,2026-07-11T10:31:19+00:00
ORD-021627,8,1,Mechanical Keyboard 75%,peripherals,3,129.00,387.00,pending,2026-07-11T00:35:30+00:00
ORD-021628,4,6,Desk Speakers Pair,audio,2,89.00,178.00,pending,2026-07-11T11:56:24+00:00
ORD-021629,10,5,Over-ear Headphones,audio,3,199.95,599.85,pending,2026-07-11T09:10:12+00:00
ORD-021630,10,10,Laptop Stand Aluminium,accessories,3,27.50,82.50,refunded,2026-07-11T17:05:38+00:00
ORD-021631,2,9,USB-C Hub 8-in-1,accessories,4,39.99,159.96,pending,2026-07-11T23:11:47+00:00
ORD-021632,1,9,USB-C Hub 8-in-1,accessories,4,39.99,159.96,pending,2026-07-11T00:16:59+00:00
ORD-021633,3,5,Over-ear Headphones,audio,2,199.95,399.90,cancelled,2026-07-11T06:05:38+00:00
ORD-021634,7,7,Standing Desk 120cm,furniture,2,449.00,898.00,refunded,2026-07-11T10:00:54+00:00
ORD-021635,7,8,Ergonomic Chair,furniture,3,612.75,1838.25,refunded,2026-07-11T02:50:36+00:00
ORD-021636,4,7,Standing Desk 120cm,furniture,2,449.00,898.00,completed,2026-07-11T00:03:48+00:00
ORD-021637,2,8,Ergonomic Chair,furniture,2,612.75,1225.50,refunded,2026-07-11T04:12:08+00:00
ORD-021638,3,3,27in 1440p Monitor,displays,3,319.99,959.97,completed,2026-07-11T10:09:01+00:00
ORD-021639,2,7,Standing Desk 120cm,furniture,5,449.00,2245.00,refunded,2026-07-11T13:56:03+00:00
ORD-021640,1,7,Standing Desk 120cm,furniture,1,449.00,449.00,cancelled,2026-07-11T00:05:33+00:00
ORD-021641,10,1,Mechanical Keyboard 75%,peripherals,5,129.00,645.00,pending,2026-07-11T06:50:07+00:00
ORD-021642,7,7,Standing Desk 120cm,furniture,4,449.00,1796.00,refunded,2026-07-11T14:48:34+00:00
ORD-021643,9,3,27in 1440p Monitor,displays,4,319.99,1279.96,cancelled,2026-07-11T01:08:45+00:00
ORD-021644,4,6,Desk Speakers Pair,audio,5,89.00,445.00,refunded,2026-07-11T18:24:54+00:00
ORD-021645,6,2,Wireless Mouse,peripherals,1,49.50,49.50,cancelled,2026-07-11T07:32:41+00:00
ORD-021646,4,9,USB-C Hub 8-in-1,accessories,3,39.99,119.97,refunded,2026-07-11T13:01:41+00:00
ORD-021647,4,8,Ergonomic Chair,furniture,5,612.75,3063.75,cancelled,2026-07-11T17:29:02+00:00
ORD-021648,1,2,Wireless Mouse,peripherals,4,49.50,198.00,cancelled,2026-07-11T11:16:19+00:00
ORD-021649,10,8,Ergonomic Chair,furniture,1,612.75,612.75,pending,2026-07-11T12:46:11+00:00
ORD-021650,2,10,Laptop Stand Aluminium,accessories,1,27.50,27.50,pending,2026-07-11T05:04:50+00:00
ORD-021651,8,6,Desk Speakers Pair,audio,5,89.00,445.00,completed,2026-07-11T19:28:38+00:00
ORD-021652,1,5,Over-ear Headphones,audio,2,199.95,399.90,completed,2026-07-11T05:09:21+00:00
ORD-021653,10,5,Over-ear Headphones,audio,4,199.95,799.80,completed,2026-07-11T18:50:27+00:00
ORD-021654,9,1,Mechanical Keyboard 75%,peripherals,5,129.00,645.00,refunded,2026-07-11T18:15:57+00:00
ORD-021655,4,6,Desk Speakers Pair,audio,4,89.00,356.00,pending,2026-07-11T17:26:20+00:00
ORD-021656,9,5,Over-ear Headphones,audio,3,199.95,599.85,cancelled,2026-07-11T21:21:15+00:00
ORD-021657,8,1,Mechanical Keyboard 75%,peripherals,4,129.00,516.00,cancelled,2026-07-11T03:55:10+00:00
ORD-021658,7,3,27in 1440p Monitor,displays,3,319.99,959.97,pending,2026-07-11T16:15:21+00:00
ORD-021659,1,9,USB-C Hub 8-in-1,accessories,5,39.99,199.95,pending,2026-07-11T12:00:21+00:00
ORD-021660,3,1,Mechanical Keyboard 75%,peripherals,1,129.00,129.00,cancelled,2026-07-11T11:46:12+00:00
ORD-021661,7,7,Standing Desk 120cm,furniture,3,449.00,1347.00,pending,2026-07-11T05:42:32+00:00
ORD-021662,7,5,Over-ear Headphones,audio,3,199.95,599.85,completed,2026-07-11T19:53:06+00:00
ORD-021663,7,4,34in Ultrawide Monitor,displays,3,579.00,1737.00,completed,2026-07-11T16:42:27+00:00
ORD-021664,1,6,Desk Speakers Pair,audio,3,89.00,267.00,completed,2026-07-11T00:14:43+00:00
ORD-021665,1,3,27in 1440p Monitor,displays,5,319.99,1599.95,completed,2026-07-11T18:41:01+00:00
ORD-021666,2,5,Over-ear Headphones,audio,2,199.95,399.90,pending,2026-07-11T11:03:26+00:00
ORD-021667,9,5,Over-ear Headphones,audio,3,199.95,599.85,completed,2026-07-11T06:50:11+00:00
ORD-021668,3,7,Standing Desk 120cm,furniture,4,449.00,1796.00,pending,2026-07-11T17:27:41+00:00
ORD-021669,10,5,Over-ear Headphones,audio,2,199.95,399.90,completed,2026-07-11T08:29:02+00:00
ORD-021670,5,7,Standing Desk 120cm,furniture,5,449.00,2245.00,pending,2026-07-11T11:29:43+00:00
ORD-021671,1,3,27in 1440p Monitor,displays,2,319.99,639.98,completed,2026-07-11T03:25:30+00:00
ORD-021672,3,3,27in 1440p Monitor,displays,3,319.99,959.97,pending,2026-07-11T02:18:42+00:00
ORD-021673,8,4,34in Ultrawide Monitor,displays,4,579.00,2316.00,completed,2026-07-11T00:38:05+00:00
ORD-021674,3,1,Mechanical Keyboard 75%,peripherals,2,129.00,258.00,pending,2026-07-11T02:13:27+00:00
ORD-021675,10,5,Over-ear Headphones,audio,2,199.95,399.90,pending,2026-07-11T16:49:12+00:00
ORD-021676,4,2,Wireless Mouse,peripherals,4,49.50,198.00,pending,2026-07-11T14:21:13+00:00
ORD-021677,1,5,Over-ear Headphones,audio,1,199.95,199.95,completed,2026-07-11T18:17:19+00:00
ORD-021678,5,5,Over-ear Headphones,audio,4,199.95,799.80,completed,2026-07-11T20:24:28+00:00
ORD-021679,6,6,Desk Speakers Pair,audio,2,89.00,178.00,pending,2026-07-11T08:32:53+00:00
ORD-021680,2,9,USB-C Hub 8-in-1,accessories,1,39.99,39.99,pending,2026-07-11T07:12:25+00:00
ORD-021681,8,5,Over-ear Headphones,audio,2,199.95,399.90,completed,2026-07-11T19:16:03+00:00
ORD-021682,10,2,Wireless Mouse,peripherals,4,49.50,198.00,pending,2026-07-11T14:27:03+00:00
ORD-021683,3,2,Wireless Mouse,peripherals,3,49.50,148.50,refunded,2026-07-11T01:08:15+00:00
ORD-021684,2,9,USB-C Hub 8-in-1,accessories,3,39.99,119.97,pending,2026-07-11T22:10:26+00:00
ORD-021685,8,10,Laptop Stand Aluminium,accessories,2,27.50,55.00,pending,2026-07-11T07:45:42+00:00
ORD-021686,6,10,Laptop Stand Aluminium,accessories,4,27.50,110.00,pending,2026-07-11T10:56:18+00:00
ORD-021687,7,6,Desk Speakers Pair,audio,3,89.00,267.00,pending,2026-07-11T00:36:15+00:00
ORD-021688,1,10,Laptop Stand Aluminium,accessories,3,27.50,82.50,cancelled,2026-07-11T04:50:05+00:00
ORD-021689,4,8,Ergonomic Chair,furniture,4,612.75,2451.00,completed,2026-07-11T07:32:38+00:00
ORD-021690,1,2,Wireless Mouse,peripherals,1,49.50,49.50,cancelled,2026-07-11T06:08:50+00:00
ORD-021691,10,2,Wireless Mouse,peripherals,3,49.50,148.50,cancelled,2026-07-11T09:38:39+00:00
ORD-021692,9,3,27in 1440p Monitor,displays,4,319.99,1279.96,cancelled,2026-07-11T18:00:41+00:00
ORD-021693,2,8,Ergonomic Chair,furniture,1,612.75,612.75,pending,2026-07-11T01:04:59+00:00
ORD-021694,8,8,Ergonomic Chair,furniture,2,612.75,1225.50,refunded,2026-07-11T20:47:50+00:00
ORD-021695,7,5,Over-ear Headphones,audio,3,199.95,599.85,refunded,2026-07-11T04:24:18+00:00
ORD-021696,1,9,USB-C Hub 8-in-1,accessories,5,39.99,199.95,cancelled,2026-07-11T13:22:43+00:00
ORD-021697,10,2,Wireless Mouse,peripherals,5,49.50,247.50,refunded,2026-07-11T00:00:22+00:00
ORD-021698,2,1,Mechanical Keyboard 75%,peripherals,1,129.00,129.00,cancelled,2026-07-11T07:57:55+00:00
ORD-021699,7,1,Mechanical Keyboard 75%,peripherals,5,129.00,645.00,pending,2026-07-11T01:15:47+00:00
ORD-021700,8,8,Ergonomic Chair,furniture,2,612.75,1225.50,cancelled,2026-07-11T20:53:25+00:00
ORD-021701,9,2,Wireless Mouse,peripherals,2,49.50,99.00,pending,2026-07-11T17:31:39+00:00
ORD-021702,5,3,27in 1440p Monitor,displays,2,319.99,639.98,pending,2026-07-11T07:01:30+00:00
ORD-021703,4,4,34in Ultrawide Monitor,displays,2,579.00,1158.00,completed,2026-07-11T05:11:59+00:00
ORD-021704,1,10,Laptop Stand Aluminium,accessories,4,27.50,110.00,completed,2026-07-11T23:01:50+00:00
ORD-021705,3,3,27in 1440p Monitor,displays,4,319.99,1279.96,completed,2026-07-11T19:59:29+00:00
ORD-021706,3,4,34in Ultrawide Monitor,displays,2,579.00,1158.00,pending,2026-07-11T09:44:35+00:00
ORD-021707,7,8,Ergonomic Chair,furniture,3,612.75,1838.25,pending,2026-07-11T08:08:50+00:00
ORD-021708,9,3,27in 1440p Monitor,displays,2,319.99,639.98,pending,2026-07-11T21:20:40+00:00
ORD-021709,7,8,Ergonomic Chair,furniture,1,612.75,612.75,refunded,2026-07-11T00:39:17+00:00
ORD-021710,4,3,27in 1440p Monitor,displays,5,319.99,1599.95,refunded,2026-07-11T10:02:04+00:00
ORD-021711,3,3,27in 1440p Monitor,displays,3,319.99,959.97,refunded,2026-07-11T04:56:39+00:00
ORD-021712,7,10,Laptop Stand Aluminium,accessories,2,27.50,55.00,pending,2026-07-11T10:45:08+00:00
ORD-021713,6,10,Laptop Stand Aluminium,accessories,1,27.50,27.50,pending,2026-07-11T17:16:53+00:00
ORD-021714,6,3,27in 1440p Monitor,displays,4,319.99,1279.96,refunded,2026-07-11T17:28:29+00:00
ORD-021715,7,2,Wireless Mouse,peripherals,3,49.50,148.50,cancelled,2026-07-11T08:30:07+00:00
ORD-021716,5,4,34in Ultrawide Monitor,displays,5,579.00,2895.00,refunded,2026-07-11T07:13:22+00:00
ORD-021717,4,10,Laptop Stand Aluminium,accessories,4,27.50,110.00,pending,2026-07-11T01:56:37+00:00
ORD-021718,1,9,USB-C Hub 8-in-1,accessories,5,39.99,199.95,cancelled,2026-07-11T10:43:45+00:00
ORD-021719,7,5,Over-ear Headphones,audio,4,199.95,799.80,cancelled,2026-07-11T13:06:10+00:00
ORD-021720,4,10,Laptop Stand Aluminium,accessories,3,27.50,82.50,refunded,2026-07-11T19:42:10+00:00
ORD-021721,1,8,Ergonomic Chair,furniture,5,612.75,3063.75,cancelled,2026-07-11T04:46:19+00:00
ORD-021722,3,6,Desk Speakers Pair,audio,4,89.00,356.00,completed,2026-07-11T03:53:11+00:00
ORD-021723,8,1,Mechanical Keyboard 75%,peripherals,4,129.00,516.00,completed,2026-07-11T12:10:29+00:00
ORD-021724,7,9,USB-C Hub 8-in-1,accessories,5,39.99,199.95,refunded,2026-07-11T05:38:14+00:00
ORD-021725,2,2,Wireless Mouse,peripherals,4,49.50,198.00,pending,2026-07-11T02:15:40+00:00
ORD-021726,4,7,Standing Desk 120cm,furniture,2,449.00,898.00,completed,2026-07-11T12:38:58+00:00
ORD-021727,7,1,Mechanical Keyboard 75%,peripherals,3,129.00,387.00,cancelled,2026-07-11T23:24:26+00:00
ORD-021728,8,3,27in 1440p Monitor,displays,2,319.99,639.98,pending,2026-07-11T22:06:23+00:00
ORD-021729,6,9,USB-C Hub 8-in-1,accessories,1,39.99,39.99,pending,2026-07-11T16:48:05+00:00
ORD-021730,9,6,Desk Speakers Pair,audio,5,89.00,445.00,pending,2026-07-11T09:52:28+00:00
ORD-021731,7,8,Ergonomic Chair,furniture,1,612.75,612.75,pending,2026-07-11T23:26:32+00:00
ORD-021732,9,2,Wireless Mouse,peripherals,2,49.50,99.00,cancelled,2026-07-11T08:19:28+00:00
ORD-021733,4,2,Wireless Mouse,peripherals,4,49.50,198.00,completed,2026-07-11T15:46:53+00:00
ORD-021734,9,9,USB-C Hub 8-in-1,accessories,3,39.99,119.97,pending,2026-07-11T21:02:46+00:00
ORD-021735,5,5,Over-ear Headphones,audio,1,199.95,199.95,cancelled,2026-07-11T07:02:38+00:00
ORD-021736,2,8,Ergonomic Chair,furniture,1,612.75,612.75,refunded,2026-07-11T20:28:17+00:00
ORD-021737,5,8,Ergonomic Chair,furniture,3,612.75,1838.25,pending,2026-07-11T07:56:23+00:00
ORD-021738,8,4,34in Ultrawide Monitor,displays,4,579.00,2316.00,cancelled,2026-07-11T10:19:36+00:00
ORD-021739,1,6,Desk Speakers Pair,audio,3,89.00,267.00,cancelled,2026-07-11T08:08:23+00:00
ORD-021740,2,3,27in 1440p Monitor,displays,4,319.99,1279.96,pending,2026-07-11T15:10:21+00:00
ORD-021741,6,9,USB-C Hub 8-in-1,accessories,1,39.99,39.99,refunded,2026-07-11T02:15:23+00:00
ORD-021742,5,4,34in Ultrawide Monitor,displays,3,579.00,1737.00,pending,2026-07-11T16:28:30+00:00
ORD-021743,9,9,USB-C Hub 8-in-1,accessories,2,39.99,79.98,pending,2026-07-11T20:17:51+00:00
ORD-021744,8,6,Desk Speakers Pair,audio,5,89.00,445.00,cancelled,2026-07-11T22:06:06+00:00
ORD-021745,6,5,Over-ear Headphones,audio,3,199.95,599.85,completed,2026-07-11T12:37:14+00:00
ORD-021746,9,5,Over-ear Headphones,audio,1,199.95,199.95,refunded,2026-07-11T11:27:39+00:00
ORD-021747,9,10,Laptop Stand Aluminium,accessories,1,27.50,27.50,completed,2026-07-11T10:11:19+00:00
ORD-021748,8,7,Standing Desk 120cm,furniture,1,449.00,449.00,pending,2026-07-11T14:33:58+00:00
ORD-021749,4,5,Over-ear Headphones,audio,3,199.95,599.85,pending,2026-07-11T22:00:16+00:00
ORD-021750,3,4,34in Ultrawide Monitor,displays,1,579.00,579.00,completed,2026-07-11T20:12:34+00:00
ORD-021751,5,6,Desk Speakers Pair,audio,5,89.00,445.00,refunded,2026-07-11T01:53:11+00:00
ORD-021752,9,9,USB-C Hub 8-in-1,accessories,3,39.99,119.97,cancelled,2026-07-11T01:36:59+00:00
ORD-021753,4,1,Mechanical Keyboard 75%,peripherals,5,129.00,645.00,cancelled,2026-07-11T09:23:29+00:00
ORD-021754,10,8,Ergonomic Chair,furniture,3,612.75,1838.25,refunded,2026-07-11T17:47:16+00:00
ORD-021755,3,10,Laptop Stand Aluminium,accessories,4,27.50,110.00,refunded,2026-07-11T18:46:28+00:00
ORD-021756,5,9,USB-C Hub 8-in-1,accessories,4,39.99,159.96,cancelled,2026-07-11T05:40:02+00:00
ORD-021757,5,9,USB-C Hub 8-in-1,accessories,2,39.99,79.98,completed,2026-07-11T02:37:44+00:00
ORD-021758,8,10,Laptop Stand Aluminium,accessories,1,27.50,27.50,completed,2026-07-11T23:16:57+00:00
ORD-021759,8,5,Over-ear Headphones,audio,4,199.95,799.80,completed,2026-07-11T06:21:57+00:00
ORD-021760,10,4,34in Ultrawide Monitor,displays,5,579.00,2895.00,cancelled,2026-07-11T07:12:36+00:00
ORD-021761,4,5,Over-ear Headphones,audio,5,199.95,999.75,cancelled,2026-07-11T20:15:08+00:00
ORD-021762,3,4,34in Ultrawide Monitor,displays,2,579.00,1158.00,pending,2026-07-11T14:52:06+00:00
ORD-021763,8,10,Laptop Stand Aluminium,accessories,4,27.50,110.00,cancelled,2026-07-11T17:50:07+00:00
ORD-021764,8,1,Mechanical Keyboard 75%,peripherals,4,129.00,516.00,pending,2026-07-11T07:11:32+00:00
ORD-021765,5,3,27in 1440p Monitor,displays,3,319.99,959.97,completed,2026-07-11T13:24:41+00:00
ORD-021766,5,5,Over-ear Headphones,audio,1,199.95,199.95,cancelled,2026-07-11T19:49:33+00:00
ORD-021767,4,9,USB-C Hub 8-in-1,accessories,4,39.99,159.96,completed,2026-07-11T05:49:18+00:00
ORD-021768,8,4,34in Ultrawide Monitor,displays,5,579.00,2895.00,refunded,2026-07-11T14:09:32+00:00
ORD-021769,2,5,Over-ear Headphones,audio,2,199.95,399.90,cancelled,2026-07-11T09:19:58+00:00
ORD-021770,8,7,Standing Desk 120cm,furniture,4,449.00,1796.00,completed,2026-07-11T02:36:06+00:00
ORD-021771,6,2,Wireless Mouse,peripherals,4,49.50,198.00,pending,2026-07-11T10:51:46+00:00
ORD-021772,3,8,Ergonomic Chair,furniture,2,612.75,1225.50,completed,2026-07-11T12:43:01+00:00
ORD-021773,5,2,Wireless Mouse,peripherals,2,49.50,99.00,pending,2026-07-11T07:32:17+00:00
ORD-021774,7,7,Standing Desk 120cm,furniture,5,449.00,2245.00,cancelled,2026-07-11T10:50:49+00:00
ORD-021775,5,6,Desk Speakers Pair,audio,5,89.00,445.00,cancelled,2026-07-11T10:24:40+00:00
ORD-021776,1,1,Mechanical Keyboard 75%,peripherals,1,129.00,129.00,completed,2026-07-11T10:57:57+00:00
ORD-021777,8,8,Ergonomic Chair,furniture,4,612.75,2451.00,cancelled,2026-07-11T15:06:55+00:00
ORD-021778,4,3,27in 1440p Monitor,displays,1,319.99,319.99,cancelled,2026-07-11T00:11:36+00:00
ORD-021779,2,10,Laptop Stand Aluminium,accessories,5,27.50,137.50,completed,2026-07-11T09:38:19+00:00
ORD-021780,10,6,Desk Speakers Pair,audio,2,89.00,178.00,pending,2026-07-11T22:07:37+00:00
ORD-021781,1,7,Standing Desk 120cm,furniture,3,449.00,1347.00,cancelled,2026-07-11T11:09:54+00:00
ORD-021782,7,2,Wireless Mouse,peripherals,1,49.50,49.50,refunded,2026-07-11T19:38:37+00:00
ORD-021783,4,3,27in 1440p Monitor,displays,3,319.99,959.97,completed,2026-07-11T01:03:50+00:00
ORD-021784,6,6,Desk Speakers Pair,audio,3,89.00,267.00,refunded,2026-07-11T15:33:27+00:00
ORD-021785,8,9,USB-C Hub 8-in-1,accessories,4,39.99,159.96,refunded,2026-07-11T10:43:38+00:00
ORD-021786,10,9,USB-C Hub 8-in-1,accessories,3,39.99,119.97,pending,2026-07-11T03:06:57+00:00
ORD-021787,7,3,27in 1440p Monitor,displays,5,319.99,1599.95,pending,2026-07-11T20:02:10+00:00
ORD-021788,2,3,27in 1440p Monitor,displays,4,319.99,1279.96,completed,2026-07-11T07:57:37+00:00
ORD-021789,3,3,27in 1440p Monitor,displays,5,319.99,1599.95,pending,2026-07-11T20:19:41+00:00
ORD-021790,2,9,USB-C Hub 8-in-1,accessories,1,39.99,39.99,refunded,2026-07-11T10:00:37+00:00
ORD-021791,8,10,Laptop Stand Aluminium,accessories,5,27.50,137.50,refunded,2026-07-11T07:25:12+00:00
ORD-021792,9,10,Laptop Stand Aluminium,accessories,4,27.50,110.00,refunded,2026-07-11T00:09:52+00:00
ORD-021793,6,4,34in Ultrawide Monitor,displays,2,579.00,1158.00,refunded,2026-07-11T20:59:45+00:00
ORD-021794,5,8,Ergonomic Chair,furniture,3,612.75,1838.25,pending,2026-07-11T20:13:31+00:00
ORD-021795,5,2,Wireless Mouse,peripherals,5,49.50,247.50,pending,2026-07-11T17:54:40+00:00
ORD-021796,2,7,Standing Desk 120cm,furniture,2,449.00,898.00,cancelled,2026-07-11T18:08:13+00:00
ORD-021797,3,2,Wireless Mouse,peripherals,4,49.50,198.00,pending,2026-07-11T06:19:51+00:00
ORD-021798,5,9,USB-C Hub 8-in-1,accessories,2,39.99,79.98,refunded,2026-07-11T00:42:37+00:00
ORD-021799,9,8,Ergonomic Chair,furniture,5,612.75,-50.00,cancelled,2026-07-11T05:16:05+00:00
ORD-021800,9,8,Ergonomic Chair,furniture,5,612.75,3063.75,completed,2026-07-11T09:01:43+00:00
ORD-021801,3,5,Over-ear Headphones,audio,5,199.95,999.75,pending,2026-07-11T14:34:56+00:00
ORD-021802,3,5,Over-ear Headphones,audio,1,199.95,199.95,completed,2026-07-11T23:49:45+00:00
ORD-021803,7,7,Standing Desk 120cm,furniture,3,449.00,1347.00,refunded,2026-07-11T15:12:40+00:00
ORD-021804,5,2,Wireless Mouse,peripherals,5,49.50,247.50,pending,2026-07-11T09:05:17+00:00
ORD-021805,3,10,Laptop Stand Aluminium,accessories,5,27.50,137.50,cancelled,2026-07-11T15:09:24+00:00
ORD-021806,3,9,USB-C Hub 8-in-1,accessories,2,39.99,79.98,pending,2026-07-11T22:41:05+00:00
ORD-021807,3,10,Laptop Stand Aluminium,accessories,3,27.50,82.50,pending,2026-07-11T08:14:28+00:00
ORD-021808,6,8,Ergonomic Chair,furniture,1,612.75,612.75,pending,2026-07-11T02:49:29+00:00
ORD-021809,9,4,34in Ultrawide Monitor,displays,3,579.00,1737.00,completed,2026-07-11T17:51:15+00:00
ORD-021810,9,5,Over-ear Headphones,audio,5,199.95,999.75,completed,2026-07-11T04:07:26+00:00
ORD-021811,5,3,27in 1440p Monitor,displays,1,319.99,319.99,completed,2026-07-11T13:23:51+00:00
ORD-021812,8,6,Desk Speakers Pair,audio,5,89.00,445.00,completed,2026-07-11T04:44:46+00:00
ORD-021813,2,5,Over-ear Headphones,audio,1,199.95,199.95,refunded,2026-07-11T09:30:16+00:00
ORD-021814,7,10,Laptop Stand Aluminium,accessories,1,27.50,27.50,pending,2026-07-11T12:40:46+00:00
ORD-021815,1,9,USB-C Hub 8-in-1,accessories,1,39.99,39.99,completed,2026-07-11T10:47:30+00:00
ORD-021816,3,5,Over-ear Headphones,audio,3,199.95,599.85,cancelled,2026-07-11T13:17:37+00:00
ORD-021817,5,3,27in 1440p Monitor,displays,4,319.99,1279.96,refunded,2026-07-11T11:24:05+00:00
ORD-021818,10,1,Mechanical Keyboard 75%,peripherals,4,129.00,516.00,pending,2026-07-11T17:49:40+00:00
ORD-021819,9,7,Standing Desk 120cm,furniture,5,449.00,2245.00,pending,2026-07-11T19:56:10+00:00
ORD-021820,9,4,34in Ultrawide Monitor,displays,3,579.00,1737.00,completed,2026-07-11T13:36:48+00:00
ORD-021821,7,10,Laptop Stand Aluminium,accessories,4,27.50,110.00,pending,2026-07-11T22:26:50+00:00
ORD-021822,7,1,Mechanical Keyboard 75%,peripherals,5,129.00,645.00,refunded,2026-07-11T11:30:00+00:00
ORD-021823,4,6,Desk Speakers Pair,audio,3,89.00,267.00,refunded,2026-07-11T01:53:09+00:00
ORD-021824,9,7,Standing Desk 120cm,furniture,3,449.00,1347.00,completed,2026-07-11T17:39:11+00:00
ORD-021825,1,4,34in Ultrawide Monitor,displays,2,579.00,1158.00,completed,2026-07-11T22:19:02+00:00
ORD-021826,3,8,Ergonomic Chair,furniture,3,612.75,1838.25,refunded,2026-07-11T15:51:20+00:00
ORD-021827,1,10,Laptop Stand Aluminium,accessories,1,27.50,27.50,cancelled,2026-07-11T04:27:04+00:00
ORD-021828,9,1,Mechanical Keyboard 75%,peripherals,4,129.00,516.00,pending,2026-07-11T23:27:28+00:00
ORD-021829,8,6,Desk Speakers Pair,audio,5,89.00,445.00,refunded,2026-07-11T17:21:19+00:00
ORD-021830,7,7,Standing Desk 120cm,furniture,2,449.00,898.00,completed,2026-07-11T03:51:47+00:00
ORD-021831,5,10,Laptop Stand Aluminium,accessories,5,27.50,137.50,completed,2026-07-11T15:55:36+00:00
ORD-021832,7,6,Desk Speakers Pair,audio,2,89.00,178.00,refunded,2026-07-11T17:48:49+00:00
ORD-021833,6,1,Mechanical Keyboard 75%,peripherals,3,129.00,387.00,completed,2026-07-11T03:00:43+00:00
ORD-021834,3,1,Mechanical Keyboard 75%,peripherals,4,129.00,516.00,cancelled,2026-07-11T03:15:10+00:00
ORD-021835,1,3,27in 1440p Monitor,displays,1,319.99,319.99,cancelled,2026-07-11T14:42:34+00:00
ORD-021836,4,8,Ergonomic Chair,furniture,5,612.75,3063.75,cancelled,2026-07-11T21:50:51+00:00
ORD-021837,5,2,Wireless Mouse,peripherals,2,49.50,99.00,cancelled,2026-07-11T02:19:39+00:00
ORD-021838,8,2,Wireless Mouse,peripherals,3,49.50,148.50,cancelled,2026-07-11T12:21:31+00:00
ORD-021839,7,7,Standing Desk 120cm,furniture,1,449.00,449.00,completed,2026-07-11T12:33:27+00:00
ORD-021840,8,8,Ergonomic Chair,furniture,2,612.75,1225.50,completed,2026-07-11T16:59:42+00:00
ORD-021841,3,2,Wireless Mouse,peripherals,5,49.50,247.50,cancelled,2026-07-11T19:38:17+00:00
ORD-021842,2,3,27in 1440p Monitor,displays,1,319.99,319.99,pending,2026-07-11T11:35:30+00:00
ORD-021843,3,6,Desk Speakers Pair,audio,2,89.00,178.00,completed,2026-07-11T05:54:34+00:00
ORD-021844,5,7,Standing Desk 120cm,furniture,1,449.00,449.00,completed,2026-07-11T21:00:48+00:00
ORD-021845,2,8,Ergonomic Chair,furniture,2,612.75,1225.50,cancelled,2026-07-11T17:20:02+00:00
ORD-021846,5,5,Over-ear Headphones,audio,2,199.95,399.90,completed,2026-07-11T04:08:13+00:00
ORD-021847,3,3,27in 1440p Monitor,displays,1,319.99,319.99,completed,2026-07-11T21:38:10+00:00
ORD-021848,9,1,Mechanical Keyboard 75%,peripherals,2,129.00,258.00,pending,2026-07-11T23:32:27+00:00
ORD-021849,4,5,Over-ear Headphones,audio,5,199.95,999.75,cancelled,2026-07-11T15:18:52+00:00
ORD-021850,8,6,Desk Speakers Pair,audio,4,89.00,356.00,cancelled,2026-07-11T23:36:31+00:00
ORD-021851,8,5,Over-ear Headphones,audio,2,199.95,399.90,pending,2026-07-11T22:49:17+00:00
ORD-021852,2,10,Laptop Stand Aluminium,accessories,3,27.50,82.50,pending,2026-07-11T10:31:35+00:00
ORD-021853,2,6,Desk Speakers Pair,audio,2,89.00,178.00,completed,2026-07-11T03:32:13+00:00
ORD-021854,4,7,Standing Desk 120cm,furniture,5,449.00,2245.00,refunded,2026-07-11T16:01:16+00:00
ORD-021855,1,7,Standing Desk 120cm,furniture,3,449.00,1347.00,completed,2026-07-11T09:54:42+00:00
ORD-021856,9,1,Mechanical Keyboard 75%,peripherals,3,129.00,387.00,refunded,2026-07-11T07:10:46+00:00
ORD-021857,9,6,Desk Speakers Pair,audio,2,89.00,178.00,cancelled,2026-07-11T14:50:00+00:00
ORD-021858,1,2,Wireless Mouse,peripherals,5,49.50,247.50,cancelled,2026-07-11T15:38:45+00:00
ORD-021859,1,4,34in Ultrawide Monitor,displays,5,579.00,2895.00,completed,2026-07-11T01:27:01+00:00
ORD-021860,9,6,Desk Speakers Pair,audio,5,89.00,445.00,completed,2026-07-11T10:04:41+00:00
ORD-021861,10,4,34in Ultrawide Monitor,displays,4,579.00,2316.00,cancelled,2026-07-11T23:27:31+00:00
ORD-021862,6,7,Standing Desk 120cm,furniture,3,449.00,1347.00,refunded,2026-07-11T15:04:31+00:00
ORD-021863,4,7,Standing Desk 120cm,furniture,4,449.00,1796.00,completed,2026-07-11T08:42:52+00:00
ORD-021864,6,9,USB-C Hub 8-in-1,accessories,1,39.99,39.99,cancelled,2026-07-11T05:57:56+00:00
ORD-021865,2,4,34in Ultrawide Monitor,displays,4,579.00,2316.00,refunded,2026-07-11T07:34:00+00:00
ORD-021866,9,8,Ergonomic Chair,furniture,4,612.75,2451.00,refunded,2026-07-11T22:12:46+00:00
ORD-021867,7,6,Desk Speakers Pair,audio,1,89.00,89.00,cancelled,2026-07-11T11:17:03+00:00
ORD-021868,3,7,Standing Desk 120cm,furniture,1,449.00,449.00,cancelled,2026-07-11T14:22:34+00:00
ORD-021869,9,2,Wireless Mouse,peripherals,1,49.50,49.50,pending,2026-07-11T09:46:49+00:00
ORD-021870,8,9,USB-C Hub 8-in-1,accessories,1,39.99,39.99,cancelled,2026-07-11T02:42:01+00:00
ORD-021871,10,6,Desk Speakers Pair,audio,3,89.00,267.00,refunded,2026-07-11T15:45:16+00:00
ORD-021872,5,7,Standing Desk 120cm,furniture,2,449.00,898.00,refunded,2026-07-11T15:27:56+00:00
ORD-021873,3,4,34in Ultrawide Monitor,displays,1,579.00,579.00,pending,2026-07-11T03:48:48+00:00
ORD-021874,6,2,Wireless Mouse,peripherals,5,49.50,247.50,refunded,2026-07-11T20:39:05+00:00
ORD-021875,10,7,Standing Desk 120cm,furniture,2,449.00,898.00,refunded,2026-07-11T14:28:40+00:00
ORD-021876,4,10,Laptop Stand Aluminium,accessories,3,27.50,82.50,refunded,2026-07-11T13:02:47+00:00
ORD-021877,10,1,Mechanical Keyboard 75%,peripherals,4,129.00,516.00,refunded,2026-07-11T10:12:28+00:00
ORD-021878,8,3,27in 1440p Monitor,displays,1,319.99,319.99,refunded,2026-07-11T20:34:45+00:00
ORD-021879,7,6,Desk Speakers Pair,audio,5,89.00,445.00,completed,2026-07-11T19:08:36+00:00
ORD-021880,6,9,USB-C Hub 8-in-1,accessories,1,39.99,39.99,completed,2026-07-11T06:08:15+00:00
ORD-021881,10,2,Wireless Mouse,peripherals,2,49.50,99.00,refunded,2026-07-11T08:17:56+00:00
ORD-021882,1,8,Ergonomic Chair,furniture,2,612.75,1225.50,cancelled,2026-07-11T18:02:01+00:00
ORD-021883,5,2,Wireless Mouse,peripherals,4,49.50,198.00,completed,2026-07-11T20:11:17+00:00
ORD-021884,8,7,Standing Desk 120cm,furniture,1,449.00,449.00,pending,2026-07-11T13:15:51+00:00
ORD-021885,7,7,Standing Desk 120cm,furniture,2,449.00,898.00,completed,2026-07-11T13:04:07+00:00
ORD-021886,3,10,Laptop Stand Aluminium,accessories,1,27.50,27.50,pending,2026-07-11T15:41:22+00:00
ORD-021887,7,7,Standing Desk 120cm,furniture,1,449.00,449.00,cancelled,2026-07-11T01:14:21+00:00
ORD-021888,9,2,Wireless Mouse,peripherals,1,49.50,49.50,completed,2026-07-11T15:34:48+00:00
ORD-021889,2,4,34in Ultrawide Monitor,displays,1,579.00,579.00,pending,2026-07-11T09:26:49+00:00
ORD-021890,10,8,Ergonomic Chair,furniture,3,612.75,1838.25,pending,2026-07-11T23:23:44+00:00
ORD-021891,3,7,Standing Desk 120cm,furniture,1,449.00,449.00,refunded,2026-07-11T23:26:08+00:00
ORD-021892,1,5,Over-ear Headphones,audio,1,199.95,199.95,refunded,2026-07-11T09:36:37+00:00
ORD-021893,1,10,Laptop Stand Aluminium,accessories,5,27.50,137.50,refunded,2026-07-11T06:06:28+00:00
ORD-021894,6,4,34in Ultrawide Monitor,displays,2,579.00,1158.00,completed,2026-07-11T03:28:08+00:00
ORD-021895,3,7,Standing Desk 120cm,furniture,4,449.00,1796.00,refunded,2026-07-11T22:14:43+00:00
ORD-021896,8,5,Over-ear Headphones,audio,2,199.95,399.90,completed,2026-07-11T00:25:30+00:00
ORD-021897,4,3,27in 1440p Monitor,displays,1,319.99,319.99,refunded,2026-07-11T03:35:47+00:00
ORD-021898,1,2,Wireless Mouse,peripherals,2,49.50,99.00,pending,2026-07-11T16:24:03+00:00
ORD-021899,6,10,Laptop Stand Aluminium,accessories,4,27.50,110.00,pending,2026-07-11T04:01:55+00:00
ORD-021900,2,5,Over-ear Headphones,audio,5,199.95,999.75,pending,2026-07-11T16:26:32+00:00
ORD-021901,4,5,Over-ear Headphones,audio,1,199.95,199.95,refunded,2026-07-11T19:23:43+00:00
ORD-021902,2,6,Desk Speakers Pair,audio,4,89.00,356.00,pending,2026-07-11T22:59:11+00:00
ORD-021903,6,5,Over-ear Headphones,audio,5,199.95,999.75,pending,2026-07-11T13:37:08+00:00
ORD-021904,7,3,27in 1440p Monitor,displays,3,319.99,959.97,cancelled,2026-07-11T18:07:09+00:00
ORD-021905,5,1,Mechanical Keyboard 75%,peripherals,1,129.00,129.00,cancelled,2026-07-11T16:55:03+00:00
ORD-021906,3,10,Laptop Stand Aluminium,accessories,1,27.50,27.50,pending,2026-07-11T10:23:25+00:00
ORD-021907,2,4,34in Ultrawide Monitor,displays,3,579.00,1737.00,completed,2026-07-11T16:48:44+00:00
ORD-021908,2,6,Desk Speakers Pair,audio,4,89.00,356.00,refunded,2026-07-11T09:12:55+00:00
ORD-021909,2,10,Laptop Stand Aluminium,accessories,2,27.50,55.00,cancelled,2026-07-11T06:27:41+00:00
ORD-021910,10,5,Over-ear Headphones,audio,3,199.95,599.85,refunded,2026-07-11T01:31:11+00:00
ORD-021911,3,5,Over-ear Headphones,audio,1,199.95,199.95,refunded,2026-07-11T18:44:45+00:00
ORD-021912,9,2,Wireless Mouse,peripherals,5,49.50,247.50,completed,2026-07-11T22:10:43+00:00
ORD-021913,10,6,Desk Speakers Pair,audio,2,89.00,178.00,completed,2026-07-11T14:50:34+00:00
ORD-021914,8,5,Over-ear Headphones,audio,5,199.95,999.75,completed,2026-07-11T18:46:45+00:00
ORD-021915,6,1,Mechanical Keyboard 75%,peripherals,4,129.00,516.00,refunded,2026-07-11T21:24:11+00:00
ORD-021916,5,3,27in 1440p Monitor,displays,3,319.99,959.97,refunded,2026-07-11T02:47:32+00:00
ORD-021917,3,6,Desk Speakers Pair,audio,5,89.00,445.00,refunded,2026-07-11T21:14:53+00:00
ORD-021918,2,10,Laptop Stand Aluminium,accessories,4,27.50,110.00,refunded,2026-07-11T08:39:20+00:00
ORD-021919,9,8,Ergonomic Chair,furniture,4,612.75,2451.00,completed,2026-07-11T04:26:49+00:00
ORD-021920,2,4,34in Ultrawide Monitor,displays,1,579.00,579.00,pending,2026-07-11T13:41:20+00:00
ORD-021921,9,2,Wireless Mouse,peripherals,2,49.50,99.00,pending,2026-07-11T14:56:49+00:00
ORD-021922,2,5,Over-ear Headphones,audio,2,199.95,399.90,refunded,2026-07-11T07:50:09+00:00
ORD-021923,6,7,Standing Desk 120cm,furniture,1,449.00,449.00,refunded,2026-07-11T01:41:02+00:00
ORD-021924,10,5,Over-ear Headphones,audio,5,199.95,999.75,cancelled,2026-07-11T22:53:53+00:00
ORD-021925,2,6,Desk Speakers Pair,audio,2,89.00,178.00,completed,2026-07-11T03:34:28+00:00
ORD-021926,4,3,27in 1440p Monitor,displays,5,319.99,1599.95,refunded,2026-07-11T00:11:26+00:00
ORD-021927,1,7,Standing Desk 120cm,furniture,5,449.00,2245.00,refunded,2026-07-11T10:02:33+00:00
ORD-021928,9,5,Over-ear Headphones,audio,1,199.95,199.95,pending,2026-07-11T22:28:28+00:00
ORD-021929,4,9,USB-C Hub 8-in-1,accessories,4,39.99,159.96,completed,2026-07-11T16:27:02+00:00
ORD-021930,9,9,USB-C Hub 8-in-1,accessories,4,39.99,159.96,refunded,2026-07-11T20:29:37+00:00
ORD-021931,2,9,USB-C Hub 8-in-1,accessories,1,39.99,39.99,pending,2026-07-11T02:44:18+00:00
ORD-021932,6,3,27in 1440p Monitor,displays,4,319.99,1279.96,pending,2026-07-11T20:07:31+00:00
ORD-021933,3,2,Wireless Mouse,peripherals,1,49.50,49.50,refunded,2026-07-11T15:26:13+00:00
ORD-021934,3,2,Wireless Mouse,peripherals,2,49.50,99.00,cancelled,2026-07-11T14:00:06+00:00
ORD-021935,3,1,Mechanical Keyboard 75%,peripherals,5,129.00,645.00,refunded,2026-07-11T22:45:04+00:00
ORD-021936,3,1,Mechanical Keyboard 75%,peripherals,2,129.00,258.00,cancelled,2026-07-11T14:38:50+00:00
ORD-021937,3,10,Laptop Stand Aluminium,accessories,5,27.50,137.50,cancelled,2026-07-11T18:07:59+00:00
ORD-021938,1,10,Laptop Stand Aluminium,accessories,3,27.50,82.50,refunded,2026-07-11T18:20:19+00:00
ORD-021939,1,10,Laptop Stand Aluminium,accessories,3,27.50,82.50,pending,2026-07-11T07:44:42+00:00
ORD-021940,2,1,Mechanical Keyboard 75%,peripherals,2,129.00,258.00,cancelled,2026-07-11T07:34:56+00:00
ORD-021941,10,5,Over-ear Headphones,audio,1,199.95,199.95,pending,2026-07-11T08:26:18+00:00
ORD-021942,4,9,USB-C Hub 8-in-1,accessories,3,39.99,119.97,refunded,2026-07-11T01:08:01+00:00
ORD-021943,4,10,Laptop Stand Aluminium,accessories,4,27.50,110.00,cancelled,2026-07-11T00:23:02+00:00
ORD-021944,6,5,Over-ear Headphones,audio,5,199.95,999.75,refunded,2026-07-11T03:52:12+00:00
ORD-021945,1,6,Desk Speakers Pair,audio,1,89.00,89.00,cancelled,2026-07-11T09:31:38+00:00
ORD-021946,4,5,Over-ear Headphones,audio,3,199.95,599.85,refunded,2026-07-11T12:09:14+00:00
ORD-021947,7,7,Standing Desk 120cm,furniture,1,449.00,449.00,refunded,2026-07-11T02:12:42+00:00
ORD-021948,1,8,Ergonomic Chair,furniture,2,612.75,1225.50,refunded,2026-07-11T07:46:03+00:00
ORD-021949,7,7,Standing Desk 120cm,furniture,3,449.00,1347.00,pending,2026-07-11T12:31:55+00:00
ORD-021950,2,2,Wireless Mouse,peripherals,2,49.50,99.00,pending,2026-07-11T13:51:07+00:00
ORD-021951,5,8,Ergonomic Chair,furniture,1,612.75,612.75,completed,2026-07-11T14:23:42+00:00
ORD-021952,9,4,34in Ultrawide Monitor,displays,2,579.00,1158.00,refunded,2026-07-11T09:46:32+00:00
ORD-021953,1,4,34in Ultrawide Monitor,displays,3,579.00,1737.00,completed,2026-07-11T16:48:06+00:00
ORD-021954,2,1,Mechanical Keyboard 75%,peripherals,4,129.00,516.00,refunded,2026-07-11T02:32:21+00:00
ORD-021955,5,10,Laptop Stand Aluminium,accessories,1,27.50,27.50,completed,2026-07-11T16:26:00+00:00
ORD-021956,7,9,USB-C Hub 8-in-1,accessories,4,39.99,159.96,completed,2026-07-11T18:33:12+00:00
ORD-021957,4,5,Over-ear Headphones,audio,5,199.95,999.75,completed,2026-07-11T15:56:06+00:00
ORD-021958,2,5,Over-ear Headphones,audio,4,199.95,799.80,completed,2026-07-11T00:12:09+00:00
ORD-021959,8,5,Over-ear Headphones,audio,4,199.95,799.80,cancelled,2026-07-11T13:16:35+00:00
ORD-021960,4,4,34in Ultrawide Monitor,displays,1,579.00,579.00,completed,2026-07-11T11:22:39+00:00
ORD-021961,2,2,Wireless Mouse,peripherals,4,49.50,198.00,completed,2026-07-11T02:19:25+00:00
ORD-021962,4,7,Standing Desk 120cm,furniture,3,449.00,1347.00,cancelled,2026-07-11T18:19:52+00:00
ORD-021963,3,3,27in 1440p Monitor,displays,4,319.99,1279.96,pending,2026-07-11T16:39:53+00:00
ORD-021964,6,9,USB-C Hub 8-in-1,accessories,5,39.99,199.95,cancelled,2026-07-11T17:46:47+00:00
ORD-021965,3,6,Desk Speakers Pair,audio,1,89.00,89.00,cancelled,2026-07-11T04:52:33+00:00
ORD-021966,9,5,Over-ear Headphones,audio,5,199.95,999.75,refunded,2026-07-11T10:07:36+00:00
ORD-021967,5,1,Mechanical Keyboard 75%,peripherals,5,129.00,645.00,refunded,2026-07-11T07:46:38+00:00
ORD-021968,5,8,Ergonomic Chair,furniture,3,612.75,1838.25,cancelled,2026-07-11T23:18:04+00:00
ORD-021969,10,7,Standing Desk 120cm,furniture,5,449.00,2245.00,pending,2026-07-11T00:14:45+00:00
ORD-021970,7,7,Standing Desk 120cm,furniture,2,449.00,898.00,pending,2026-07-11T14:04:51+00:00
ORD-021971,1,1,Mechanical Keyboard 75%,peripherals,3,129.00,387.00,cancelled,2026-07-11T16:23:43+00:00
ORD-021972,8,3,27in 1440p Monitor,displays,4,319.99,1279.96,refunded,2026-07-11T19:53:01+00:00
ORD-021973,8,2,Wireless Mouse,peripherals,1,49.50,49.50,completed,2026-07-11T06:48:35+00:00
ORD-021974,2,7,Standing Desk 120cm,furniture,1,449.00,449.00,refunded,2026-07-11T07:12:58+00:00
ORD-021975,9,9,USB-C Hub 8-in-1,accessories,5,39.99,199.95,completed,2026-07-11T23:18:58+00:00
ORD-021976,1,4,34in Ultrawide Monitor,displays,5,579.00,2895.00,completed,2026-07-11T20:31:52+00:00
ORD-021977,6,8,Ergonomic Chair,furniture,5,612.75,3063.75,refunded,2026-07-11T13:36:12+00:00
ORD-021978,3,7,Standing Desk 120cm,furniture,3,449.00,1347.00,completed,2026-07-11T16:35:13+00:00
ORD-021979,3,1,Mechanical Keyboard 75%,peripherals,4,129.00,516.00,completed,2026-07-11T03:10:24+00:00
ORD-021980,4,9,USB-C Hub 8-in-1,accessories,1,39.99,39.99,pending,2026-07-11T08:20:39+00:00
ORD-021981,6,5,Over-ear Headphones,audio,1,199.95,199.95,cancelled,2026-07-11T05:30:22+00:00
ORD-021982,2,10,Laptop Stand Aluminium,accessories,4,27.50,110.00,pending,2026-07-11T00:10:07+00:00
ORD-021983,6,4,34in Ultrawide Monitor,displays,3,579.00,1737.00,pending,2026-07-11T19:31:01+00:00
ORD-021984,10,7,Standing Desk 120cm,furniture,5,449.00,2245.00,completed,2026-07-11T03:38:07+00:00
ORD-021985,8,10,Laptop Stand Aluminium,accessories,5,27.50,137.50,refunded,2026-07-11T17:51:39+00:00
ORD-021986,7,8,Ergonomic Chair,furniture,3,612.75,1838.25,refunded,2026-07-11T20:39:36+00:00
ORD-021987,8,2,Wireless Mouse,peripherals,5,49.50,247.50,completed,2026-07-11T09:28:11+00:00
ORD-021988,10,3,27in 1440p Monitor,displays,3,319.99,959.97,pending,2026-07-11T01:31:07+00:00
ORD-021989,10,8,Ergonomic Chair,furniture,1,612.75,612.75,completed,2026-07-11T01:23:28+00:00
ORD-021990,6,2,Wireless Mouse,peripherals,1,49.50,49.50,pending,2026-07-11T14:50:01+00:00
ORD-021991,5,8,Ergonomic Chair,furniture,4,612.75,2451.00,refunded,2026-07-11T11:58:39+00:00
ORD-021992,1,3,27in 1440p Monitor,displays,5,319.99,1599.95,refunded,2026-07-11T10:57:29+00:00
ORD-021993,3,2,Wireless Mouse,peripherals,4,49.50,198.00,pending,2026-07-11T07:28:53+00:00
ORD-021994,8,10,Laptop Stand Aluminium,accessories,4,27.50,110.00,cancelled,2026-07-11T17:51:38+00:00
ORD-021995,9,8,Ergonomic Chair,furniture,2,612.75,1225.50,cancelled,2026-07-11T22:08:20+00:00
ORD-021996,2,5,Over-ear Headphones,audio,1,199.95,199.95,cancelled,2026-07-11T16:54:52+00:00
ORD-021997,9,10,Laptop Stand Aluminium,accessories,5,27.50,137.50,completed,2026-07-11T02:53:29+00:00
ORD-021998,6,7,Standing Desk 120cm,furniture,2,449.00,898.00,pending,2026-07-11T03:23:59+00:00
ORD-021999,3,10,Laptop Stand Aluminium,accessories,2,27.50,55.00,pending,2026-07-11T19:05:46+00:00
ORD-022000,1,2,Wireless Mouse,peripherals,3,49.50,148.50,cancelled,2026-07-11T02:20:05+00:00
ORD-022001,2,7,Standing Desk 120cm,furniture,5,449.00,2245.00,cancelled,2026-07-11T16:17:19+00:00
ORD-022002,3,7,Standing Desk 120cm,furniture,1,449.00,449.00,completed,2026-07-11T05:13:16+00:00
ORD-022003,2,7,Standing Desk 120cm,furniture,4,449.00,1796.00,cancelled,2026-07-11T16:19:45+00:00
ORD-022004,6,6,Desk Speakers Pair,audio,3,89.00,267.00,completed,2026-07-11T14:28:22+00:00
ORD-022005,7,5,Over-ear Headphones,audio,4,199.95,799.80,cancelled,2026-07-11T16:05:44+00:00
ORD-022006,7,6,Desk Speakers Pair,audio,1,89.00,89.00,completed,2026-07-11T12:33:20+00:00
ORD-022007,4,6,Desk Speakers Pair,audio,4,89.00,356.00,refunded,2026-07-11T04:51:52+00:00
ORD-022008,9,5,Over-ear Headphones,audio,4,199.95,799.80,pending,2026-07-11T11:07:56+00:00
ORD-022009,10,1,Mechanical Keyboard 75%,peripherals,5,129.00,645.00,completed,2026-07-11T04:37:00+00:00
ORD-022010,2,8,Ergonomic Chair,furniture,4,612.75,2451.00,cancelled,2026-07-11T17:30:44+00:00
ORD-022011,6,7,Standing Desk 120cm,furniture,2,449.00,898.00,completed,2026-07-11T07:16:09+00:00
ORD-022012,3,2,Wireless Mouse,peripherals,5,49.50,247.50,pending,2026-07-11T05:45:07+00:00
ORD-022013,5,5,Over-ear Headphones,audio,5,199.95,999.75,cancelled,2026-07-11T20:03:09+00:00
ORD-022014,6,9,USB-C Hub 8-in-1,accessories,1,39.99,39.99,pending,2026-07-11T21:38:55+00:00
ORD-022015,2,8,Ergonomic Chair,furniture,4,612.75,2451.00,pending,2026-07-11T04:05:13+00:00
ORD-022016,8,2,Wireless Mouse,peripherals,3,49.50,148.50,refunded,2026-07-11T04:26:19+00:00
ORD-022017,3,8,Ergonomic Chair,furniture,5,612.75,3063.75,pending,2026-07-11T19:54:48+00:00
ORD-022018,4,6,Desk Speakers Pair,audio,3,89.00,267.00,cancelled,2026-07-11T02:49:36+00:00
ORD-022019,6,4,34in Ultrawide Monitor,displays,2,579.00,1158.00,pending,2026-07-11T16:42:20+00:00
ORD-022020,10,4,34in Ultrawide Monitor,displays,3,579.00,1737.00,cancelled,2026-07-11T02:53:25+00:00
ORD-022021,1,1,Mechanical Keyboard 75%,peripherals,2,129.00,258.00,refunded,2026-07-11T18:20:39+00:00
ORD-022022,6,9,USB-C Hub 8-in-1,accessories,4,39.99,159.96,completed,2026-07-11T18:35:04+00:00
ORD-022023,9,5,Over-ear Headphones,audio,3,199.95,599.85,cancelled,2026-07-11T08:59:31+00:00
ORD-022024,9,3,27in 1440p Monitor,displays,5,319.99,1599.95,refunded,2026-07-11T07:51:17+00:00
ORD-022025,8,7,Standing Desk 120cm,furniture,3,449.00,1347.00,completed,2026-07-11T23:24:15+00:00
ORD-022026,4,10,Laptop Stand Aluminium,accessories,5,27.50,137.50,refunded,2026-07-11T15:03:27+00:00
ORD-022027,4,8,Ergonomic Chair,furniture,5,612.75,3063.75,pending,2026-07-11T09:15:12+00:00
ORD-022028,10,10,Laptop Stand Aluminium,accessories,3,27.50,82.50,cancelled,2026-07-11T23:47:39+00:00
ORD-022029,3,7,Standing Desk 120cm,furniture,3,449.00,1347.00,pending,2026-07-11T05:24:32+00:00
ORD-022030,10,2,Wireless Mouse,peripherals,3,49.50,148.50,completed,2026-07-11T10:38:30+00:00
ORD-022031,3,9,USB-C Hub 8-in-1,accessories,1,39.99,39.99,pending,2026-07-11T16:51:58+00:00
ORD-022032,4,6,Desk Speakers Pair,audio,5,89.00,445.00,refunded,2026-07-11T02:08:32+00:00
ORD-022033,2,3,27in 1440p Monitor,displays,4,319.99,1279.96,refunded,2026-07-11T18:16:08+00:00
ORD-022034,5,3,27in 1440p Monitor,displays,2,319.99,639.98,cancelled,2026-07-11T14:52:25+00:00
ORD-022035,8,7,Standing Desk 120cm,furniture,5,449.00,2245.00,cancelled,2026-07-11T03:17:16+00:00
ORD-022036,1,8,Ergonomic Chair,furniture,5,612.75,3063.75,completed,2026-07-11T09:24:52+00:00
ORD-022037,3,4,34in Ultrawide Monitor,displays,4,579.00,2316.00,pending,2026-07-11T15:35:04+00:00
ORD-022038,4,1,Mechanical Keyboard 75%,peripherals,4,129.00,516.00,refunded,2026-07-11T07:42:50+00:00
ORD-022039,1,1,Mechanical Keyboard 75%,peripherals,4,129.00,516.00,pending,2026-07-11T14:45:22+00:00
ORD-022040,5,8,Ergonomic Chair,furniture,3,612.75,1838.25,cancelled,2026-07-11T21:53:47+00:00
ORD-022041,4,5,Over-ear Headphones,audio,2,199.95,399.90,pending,2026-07-11T12:46:56+00:00
ORD-022042,1,8,Ergonomic Chair,furniture,5,612.75,3063.75,cancelled,2026-07-11T20:24:58+00:00
ORD-022043,9,4,34in Ultrawide Monitor,displays,1,579.00,579.00,completed,2026-07-11T23:00:53+00:00
ORD-022044,8,7,Standing Desk 120cm,furniture,5,449.00,2245.00,refunded,2026-07-11T11:23:58+00:00
ORD-022045,8,3,27in 1440p Monitor,displays,2,319.99,639.98,cancelled,2026-07-11T00:50:47+00:00
ORD-022046,10,5,Over-ear Headphones,audio,3,199.95,599.85,pending,2026-07-11T23:53:40+00:00
ORD-022047,3,1,Mechanical Keyboard 75%,peripherals,3,129.00,387.00,pending,2026-07-11T03:31:36+00:00
ORD-022048,9,1,Mechanical Keyboard 75%,peripherals,4,129.00,516.00,refunded,2026-07-11T06:53:51+00:00
ORD-022049,2,1,Mechanical Keyboard 75%,peripherals,4,129.00,516.00,cancelled,2026-07-11T19:32:55+00:00
ORD-022050,9,10,Laptop Stand Aluminium,accessories,2,27.50,55.00,completed,2026-07-11T02:50:39+00:00
ORD-022051,8,7,Standing Desk 120cm,furniture,5,449.00,2245.00,cancelled,2026-07-11T17:04:53+00:00
ORD-022052,8,3,27in 1440p Monitor,displays,3,319.99,959.97,cancelled,2026-07-11T22:58:55+00:00
ORD-022053,6,7,Standing Desk 120cm,furniture,3,449.00,1347.00,refunded,2026-07-11T03:06:41+00:00
ORD-022054,9,5,Over-ear Headphones,audio,5,199.95,999.75,refunded,2026-07-11T00:28:30+00:00
ORD-022055,7,7,Standing Desk 120cm,furniture,2,449.00,898.00,cancelled,2026-07-11T03:01:40+00:00
ORD-022056,10,9,USB-C Hub 8-in-1,accessories,5,39.99,199.95,pending,2026-07-11T13:17:36+00:00
ORD-022057,2,6,Desk Speakers Pair,audio,2,89.00,178.00,completed,2026-07-11T14:50:44+00:00
ORD-022058,5,4,34in Ultrawide Monitor,displays,5,579.00,2895.00,refunded,2026-07-11T16:05:54+00:00
ORD-022059,5,2,Wireless Mouse,peripherals,4,49.50,198.00,cancelled,2026-07-11T09:22:42+00:00
ORD-022060,3,7,Standing Desk 120cm,furniture,5,449.00,2245.00,completed,2026-07-11T01:02:59+00:00
ORD-022061,4,1,Mechanical Keyboard 75%,peripherals,3,129.00,387.00,completed,2026-07-11T07:33:54+00:00
ORD-022062,1,7,Standing Desk 120cm,furniture,3,449.00,1347.00,refunded,2026-07-11T00:24:44+00:00
ORD-022063,9,10,Laptop Stand Aluminium,accessories,4,27.50,110.00,completed,2026-07-11T13:30:04+00:00
ORD-022064,7,5,Over-ear Headphones,audio,5,199.95,999.75,cancelled,2026-07-11T16:18:28+00:00
ORD-022065,2,2,Wireless Mouse,peripherals,5,49.50,247.50,refunded,2026-07-11T00:01:10+00:00
ORD-022066,4,5,Over-ear Headphones,audio,5,199.95,999.75,pending,2026-07-11T21:46:24+00:00
ORD-022067,9,8,Ergonomic Chair,furniture,5,612.75,3063.75,cancelled,2026-07-11T16:18:05+00:00
ORD-022068,5,8,Ergonomic Chair,furniture,1,612.75,612.75,refunded,2026-07-11T18:12:27+00:00
ORD-022069,8,1,Mechanical Keyboard 75%,peripherals,4,129.00,516.00,refunded,2026-07-11T20:41:48+00:00
ORD-022070,3,1,Mechanical Keyboard 75%,peripherals,1,129.00,129.00,cancelled,2026-07-11T10:47:31+00:00
ORD-022071,10,3,27in 1440p Monitor,displays,4,319.99,1279.96,cancelled,2026-07-11T13:56:08+00:00
ORD-022072,5,10,Laptop Stand Aluminium,accessories,3,27.50,82.50,completed,2026-07-11T08:26:39+00:00
ORD-022073,5,1,Mechanical Keyboard 75%,peripherals,4,129.00,516.00,pending,2026-07-11T10:15:44+00:00
ORD-022074,3,1,Mechanical Keyboard 75%,peripherals,2,129.00,258.00,completed,2026-07-11T23:16:33+00:00
ORD-022075,1,9,USB-C Hub 8-in-1,accessories,1,39.99,39.99,completed,2026-07-11T09:29:38+00:00
ORD-022076,9,9,USB-C Hub 8-in-1,accessories,3,39.99,119.97,refunded,2026-07-11T04:00:14+00:00
ORD-022077,4,5,Over-ear Headphones,audio,2,199.95,399.90,cancelled,2026-07-11T05:12:52+00:00
ORD-022078,6,10,Laptop Stand Aluminium,accessories,4,27.50,110.00,pending,2026-07-11T00:58:54+00:00
ORD-022079,5,10,Laptop Stand Aluminium,accessories,4,27.50,110.00,refunded,2026-07-11T05:49:31+00:00
ORD-022080,3,6,Desk Speakers Pair,audio,3,89.00,267.00,cancelled,2026-07-11T18:46:15+00:00
ORD-022081,3,9,USB-C Hub 8-in-1,accessories,4,39.99,159.96,refunded,2026-07-11T04:07:14+00:00
ORD-022082,7,4,34in Ultrawide Monitor,displays,3,579.00,1737.00,refunded,2026-07-11T05:44:44+00:00
ORD-022083,8,3,27in 1440p Monitor,displays,3,319.99,959.97,completed,2026-07-11T07:47:04+00:00
ORD-022084,3,5,Over-ear Headphones,audio,1,199.95,199.95,refunded,2026-07-11T18:33:56+00:00
ORD-022085,9,7,Standing Desk 120cm,furniture,2,449.00,898.00,pending,2026-07-11T03:22:10+00:00
ORD-022086,6,10,Laptop Stand Aluminium,accessories,1,27.50,27.50,cancelled,2026-07-11T03:50:21+00:00
ORD-022087,5,5,Over-ear Headphones,audio,1,199.95,199.95,completed,2026-07-11T02:31:55+00:00
ORD-022088,6,2,Wireless Mouse,peripherals,3,49.50,148.50,completed,2026-07-11T05:06:11+00:00
ORD-022089,7,4,34in Ultrawide Monitor,displays,1,579.00,579.00,cancelled,2026-07-11T01:48:53+00:00
ORD-022090,8,7,Standing Desk 120cm,furniture,3,449.00,1347.00,pending,2026-07-11T03:37:40+00:00
ORD-022091,9,2,Wireless Mouse,peripherals,2,49.50,99.00,completed,2026-07-11T12:28:25+00:00
ORD-022092,6,10,Laptop Stand Aluminium,accessories,5,27.50,137.50,refunded,2026-07-11T10:26:32+00:00
ORD-022093,9,8,Ergonomic Chair,furniture,2,612.75,1225.50,completed,2026-07-11T13:50:51+00:00
ORD-022094,5,2,Wireless Mouse,peripherals,1,49.50,49.50,completed,2026-07-11T00:56:21+00:00
ORD-022095,8,5,Over-ear Headphones,audio,3,199.95,599.85,cancelled,2026-07-11T02:49:46+00:00
ORD-022096,5,10,Laptop Stand Aluminium,accessories,1,27.50,27.50,refunded,2026-07-11T15:00:48+00:00
ORD-022097,2,4,34in Ultrawide Monitor,displays,3,579.00,1737.00,cancelled,2026-07-11T03:05:09+00:00
ORD-022098,1,1,Mechanical Keyboard 75%,peripherals,1,129.00,129.00,cancelled,2026-07-11T21:49:55+00:00
ORD-022099,10,9,USB-C Hub 8-in-1,accessories,3,39.99,119.97,pending,2026-07-11T07:48:03+00:00
ORD-022100,9,2,Wireless Mouse,peripherals,2,49.50,99.00,cancelled,2026-07-11T23:29:14+00:00
ORD-022101,8,6,Desk Speakers Pair,audio,4,89.00,356.00,cancelled,2026-07-11T02:54:55+00:00
ORD-022102,6,4,34in Ultrawide Monitor,displays,4,579.00,2316.00,pending,2026-07-11T12:18:57+00:00
ORD-022103,8,3,27in 1440p Monitor,displays,2,319.99,639.98,pending,2026-07-11T05:26:18+00:00
ORD-022104,2,4,34in Ultrawide Monitor,displays,4,579.00,2316.00,completed,2026-07-11T21:50:04+00:00
ORD-022105,3,3,27in 1440p Monitor,displays,3,319.99,959.97,pending,2026-07-11T01:37:23+00:00
ORD-022106,3,7,Standing Desk 120cm,furniture,4,449.00,1796.00,pending,2026-07-11T13:16:49+00:00
ORD-022107,2,7,Standing Desk 120cm,furniture,3,449.00,1347.00,pending,2026-07-11T19:54:12+00:00
ORD-022108,5,2,Wireless Mouse,peripherals,2,49.50,99.00,pending,2026-07-11T05:22:51+00:00
ORD-022109,7,1,Mechanical Keyboard 75%,peripherals,3,129.00,387.00,cancelled,2026-07-11T21:02:24+00:00
ORD-022110,5,7,Standing Desk 120cm,furniture,3,449.00,1347.00,completed,2026-07-11T22:54:38+00:00
ORD-022111,1,4,34in Ultrawide Monitor,displays,2,579.00,1158.00,refunded,2026-07-11T06:19:45+00:00
ORD-022112,5,2,Wireless Mouse,peripherals,1,49.50,49.50,pending,2026-07-11T19:44:24+00:00
ORD-022113,9,6,Desk Speakers Pair,audio,4,89.00,356.00,pending,2026-07-11T13:00:57+00:00
ORD-022114,9,9,USB-C Hub 8-in-1,accessories,3,39.99,119.97,completed,2026-07-11T18:18:25+00:00
ORD-022115,7,6,Desk Speakers Pair,audio,5,89.00,445.00,completed,2026-07-11T02:13:49+00:00
ORD-022116,3,10,Laptop Stand Aluminium,accessories,2,27.50,55.00,pending,2026-07-11T21:15:05+00:00
ORD-022117,7,2,Wireless Mouse,peripherals,3,49.50,148.50,cancelled,2026-07-11T05:59:57+00:00
ORD-022118,7,9,USB-C Hub 8-in-1,accessories,3,39.99,119.97,cancelled,2026-07-11T16:47:40+00:00
ORD-022119,2,2,Wireless Mouse,peripherals,4,49.50,198.00,cancelled,2026-07-11T08:34:22+00:00
ORD-022120,9,2,Wireless Mouse,peripherals,1,49.50,49.50,refunded,2026-07-11T18:28:14+00:00
ORD-022121,7,9,USB-C Hub 8-in-1,accessories,2,39.99,79.98,completed,2026-07-11T11:09:50+00:00
ORD-022122,6,9,USB-C Hub 8-in-1,accessories,5,39.99,199.95,pending,2026-07-11T11:18:39+00:00
ORD-022123,6,5,Over-ear Headphones,audio,2,199.95,399.90,pending,2026-07-11T10:31:24+00:00
ORD-022124,9,5,Over-ear Headphones,audio,2,199.95,-50.00,completed,2026-07-11T14:35:43+00:00
ORD-022125,4,8,Ergonomic Chair,furniture,1,612.75,612.75,refunded,2026-07-11T20:05:09+00:00
ORD-022126,1,10,Laptop Stand Aluminium,accessories,4,27.50,110.00,cancelled,2026-07-11T00:19:00+00:00
ORD-022127,4,1,Mechanical Keyboard 75%,peripherals,5,129.00,645.00,pending,2026-07-11T12:07:40+00:00
ORD-022128,8,2,Wireless Mouse,peripherals,4,49.50,198.00,cancelled,2026-07-11T12:56:21+00:00
ORD-022129,10,2,Wireless Mouse,peripherals,3,49.50,148.50,cancelled,2026-07-11T14:42:58+00:00
ORD-022130,8,5,Over-ear Headphones,audio,4,199.95,799.80,refunded,2026-07-11T00:29:46+00:00
ORD-022131,2,9,USB-C Hub 8-in-1,accessories,2,39.99,79.98,cancelled,2026-07-11T07:08:41+00:00
ORD-022132,2,6,Desk Speakers Pair,audio,4,89.00,356.00,completed,2026-07-11T15:51:03+00:00
ORD-022133,6,1,Mechanical Keyboard 75%,peripherals,2,129.00,258.00,completed,2026-07-11T06:47:03+00:00
ORD-022134,5,5,Over-ear Headphones,audio,3,199.95,599.85,cancelled,2026-07-11T14:43:28+00:00
ORD-022135,7,2,Wireless Mouse,peripherals,2,49.50,99.00,refunded,2026-07-11T06:06:03+00:00
ORD-022136,10,2,Wireless Mouse,peripherals,4,49.50,198.00,pending,2026-07-11T23:57:29+00:00
ORD-022137,9,3,27in 1440p Monitor,displays,5,319.99,1599.95,refunded,2026-07-11T13:25:10+00:00
ORD-022138,2,5,Over-ear Headphones,audio,2,199.95,399.90,cancelled,2026-07-11T17:44:24+00:00
ORD-022139,7,8,Ergonomic Chair,furniture,1,612.75,612.75,pending,2026-07-11T04:01:31+00:00
ORD-022140,7,10,Laptop Stand Aluminium,accessories,3,27.50,82.50,refunded,2026-07-11T08:00:15+00:00
ORD-022141,3,6,Desk Speakers Pair,audio,1,89.00,89.00,pending,2026-07-11T02:54:01+00:00
ORD-022142,4,8,Ergonomic Chair,furniture,3,612.75,1838.25,completed,2026-07-11T16:19:36+00:00
ORD-022143,5,10,Laptop Stand Aluminium,accessories,5,27.50,137.50,completed,2026-07-11T17:34:37+00:00
ORD-022144,6,7,Standing Desk 120cm,furniture,2,449.00,898.00,pending,2026-07-11T03:45:53+00:00
ORD-022145,2,8,Ergonomic Chair,furniture,2,612.75,1225.50,cancelled,2026-07-11T19:42:24+00:00
ORD-022146,6,6,Desk Speakers Pair,audio,4,89.00,356.00,cancelled,2026-07-11T20:31:11+00:00
ORD-022147,8,6,Desk Speakers Pair,audio,4,89.00,356.00,cancelled,2026-07-11T03:35:40+00:00
ORD-022148,5,3,27in 1440p Monitor,displays,4,319.99,1279.96,pending,2026-07-11T03:23:36+00:00
ORD-022149,10,3,27in 1440p Monitor,displays,1,319.99,319.99,pending,2026-07-11T16:00:39+00:00
ORD-022150,8,8,Ergonomic Chair,furniture,2,612.75,1225.50,pending,2026-07-11T01:12:32+00:00
ORD-022151,1,3,27in 1440p Monitor,displays,1,319.99,319.99,cancelled,2026-07-11T16:36:58+00:00
ORD-022152,1,4,34in Ultrawide Monitor,displays,3,579.00,1737.00,pending,2026-07-11T06:20:00+00:00
ORD-022153,10,7,Standing Desk 120cm,furniture,2,449.00,898.00,refunded,2026-07-11T10:16:31+00:00
ORD-022154,9,1,Mechanical Keyboard 75%,peripherals,4,129.00,516.00,cancelled,2026-07-11T00:49:11+00:00
ORD-022155,2,2,Wireless Mouse,peripherals,5,49.50,247.50,pending,2026-07-11T10:50:07+00:00
ORD-022156,2,2,Wireless Mouse,peripherals,1,49.50,49.50,cancelled,2026-07-11T08:10:50+00:00
ORD-022157,4,6,Desk Speakers Pair,audio,2,89.00,178.00,completed,2026-07-11T20:08:22+00:00
ORD-022158,4,7,Standing Desk 120cm,furniture,1,449.00,449.00,completed,2026-07-11T12:53:39+00:00
ORD-022159,3,9,USB-C Hub 8-in-1,accessories,2,39.99,79.98,pending,2026-07-11T01:42:57+00:00
ORD-022160,10,4,34in Ultrawide Monitor,displays,4,579.00,2316.00,refunded,2026-07-11T17:26:13+00:00
ORD-022161,10,5,Over-ear Headphones,audio,3,199.95,599.85,completed,2026-07-11T07:22:27+00:00
ORD-022162,3,3,27in 1440p Monitor,displays,1,319.99,319.99,pending,2026-07-11T21:21:43+00:00
ORD-022163,1,8,Ergonomic Chair,furniture,1,612.75,612.75,pending,2026-07-11T17:41:39+00:00
ORD-022164,1,6,Desk Speakers Pair,audio,3,89.00,267.00,refunded,2026-07-11T18:44:44+00:00
ORD-022165,10,2,Wireless Mouse,peripherals,5,49.50,247.50,pending,2026-07-11T22:44:29+00:00
ORD-022166,5,2,Wireless Mouse,peripherals,5,49.50,247.50,completed,2026-07-11T14:27:44+00:00
ORD-022167,2,8,Ergonomic Chair,furniture,4,612.75,2451.00,cancelled,2026-07-11T01:03:15+00:00
ORD-022168,4,1,Mechanical Keyboard 75%,peripherals,1,129.00,129.00,cancelled,2026-07-11T11:08:43+00:00
ORD-022169,10,3,27in 1440p Monitor,displays,5,319.99,1599.95,completed,2026-07-11T15:16:31+00:00
ORD-022170,3,5,Over-ear Headphones,audio,1,199.95,199.95,refunded,2026-07-11T07:34:38+00:00
ORD-022171,10,1,Mechanical Keyboard 75%,peripherals,3,129.00,387.00,completed,2026-07-11T08:55:47+00:00
ORD-022172,4,8,Ergonomic Chair,furniture,5,612.75,3063.75,completed,2026-07-11T20:10:15+00:00
ORD-022173,2,4,34in Ultrawide Monitor,displays,2,579.00,1158.00,completed,2026-07-11T07:32:16+00:00
ORD-022174,9,1,Mechanical Keyboard 75%,peripherals,5,129.00,645.00,refunded,2026-07-11T07:28:55+00:00
ORD-022175,3,9,USB-C Hub 8-in-1,accessories,5,39.99,199.95,cancelled,2026-07-11T03:14:56+00:00
ORD-022176,4,7,Standing Desk 120cm,furniture,3,449.00,1347.00,cancelled,2026-07-11T14:13:17+00:00
ORD-022177,10,10,Laptop Stand Aluminium,accessories,4,27.50,110.00,pending,2026-07-11T05:31:39+00:00
ORD-022178,4,2,Wireless Mouse,peripherals,2,49.50,99.00,refunded,2026-07-11T23:56:27+00:00
ORD-022179,10,9,USB-C Hub 8-in-1,accessories,5,39.99,199.95,refunded,2026-07-11T06:39:26+00:00
ORD-022180,9,6,Desk Speakers Pair,audio,4,89.00,356.00,refunded,2026-07-11T21:15:54+00:00
ORD-022181,5,5,Over-ear Headphones,audio,4,199.95,799.80,cancelled,2026-07-11T02:38:02+00:00
ORD-022182,7,10,Laptop Stand Aluminium,accessories,4,27.50,110.00,pending,2026-07-11T10:12:01+00:00
ORD-022183,1,4,34in Ultrawide Monitor,displays,4,579.00,2316.00,completed,2026-07-11T14:27:42+00:00
ORD-022184,4,8,Ergonomic Chair,furniture,5,612.75,3063.75,cancelled,2026-07-11T11:08:01+00:00
ORD-022185,9,4,34in Ultrawide Monitor,displays,2,579.00,1158.00,completed,2026-07-11T18:00:06+00:00
ORD-022186,1,5,Over-ear Headphones,audio,5,199.95,999.75,refunded,2026-07-11T21:12:06+00:00
ORD-022187,2,3,27in 1440p Monitor,displays,5,319.99,1599.95,pending,2026-07-11T07:36:33+00:00
ORD-022188,9,3,27in 1440p Monitor,displays,5,319.99,1599.95,pending,2026-07-11T13:58:14+00:00
ORD-022189,1,6,Desk Speakers Pair,audio,1,89.00,89.00,cancelled,2026-07-11T05:07:43+00:00
ORD-022190,4,3,27in 1440p Monitor,displays,3,319.99,959.97,cancelled,2026-07-11T15:21:14+00:00
ORD-022191,3,5,Over-ear Headphones,audio,2,199.95,399.90,completed,2026-07-11T02:20:14+00:00
ORD-022192,10,7,Standing Desk 120cm,furniture,5,449.00,2245.00,completed,2026-07-11T00:57:38+00:00
ORD-022193,10,8,Ergonomic Chair,furniture,5,612.75,3063.75,refunded,2026-07-11T07:09:20+00:00
ORD-022194,9,10,Laptop Stand Aluminium,accessories,1,27.50,27.50,pending,2026-07-11T14:23:11+00:00
ORD-022195,1,9,USB-C Hub 8-in-1,accessories,4,39.99,159.96,refunded,2026-07-11T00:44:46+00:00
ORD-022196,10,7,Standing Desk 120cm,furniture,2,449.00,898.00,refunded,2026-07-11T12:05:59+00:00
ORD-022197,10,3,27in 1440p Monitor,displays,1,319.99,319.99,pending,2026-07-11T10:11:15+00:00
ORD-022198,3,7,Standing Desk 120cm,furniture,1,449.00,449.00,cancelled,2026-07-11T10:19:33+00:00
ORD-022199,9,2,Wireless Mouse,peripherals,5,49.50,247.50,refunded,2026-07-11T10:31:04+00:00
ORD-022200,9,8,Ergonomic Chair,furniture,3,612.75,1838.25,pending,2026-07-11T13:55:35+00:00
ORD-022201,4,7,Standing Desk 120cm,furniture,2,449.00,898.00,completed,2026-07-11T07:23:33+00:00
ORD-022202,4,10,Laptop Stand Aluminium,accessories,2,27.50,55.00,pending,2026-07-11T07:19:46+00:00
ORD-022203,1,5,Over-ear Headphones,audio,4,199.95,799.80,pending,2026-07-11T14:01:23+00:00
ORD-022204,9,8,Ergonomic Chair,furniture,2,612.75,1225.50,pending,2026-07-11T04:53:29+00:00
ORD-022205,6,1,Mechanical Keyboard 75%,peripherals,1,129.00,129.00,completed,2026-07-11T11:34:14+00:00
ORD-022206,3,7,Standing Desk 120cm,furniture,4,449.00,1796.00,completed,2026-07-11T12:52:44+00:00
ORD-022207,1,2,Wireless Mouse,peripherals,5,49.50,247.50,pending,2026-07-11T15:10:34+00:00
ORD-022208,5,3,27in 1440p Monitor,displays,1,319.99,319.99,refunded,2026-07-11T11:05:54+00:00
ORD-022209,10,6,Desk Speakers Pair,audio,3,89.00,267.00,refunded,2026-07-11T10:17:00+00:00
ORD-022210,6,10,Laptop Stand Aluminium,accessories,1,27.50,27.50,pending,2026-07-11T14:14:54+00:00
ORD-022211,1,3,27in 1440p Monitor,displays,4,319.99,1279.96,cancelled,2026-07-11T05:51:59+00:00
ORD-022212,5,4,34in Ultrawide Monitor,displays,5,579.00,2895.00,completed,2026-07-11T02:46:55+00:00
ORD-022213,6,3,27in 1440p Monitor,displays,1,319.99,319.99,cancelled,2026-07-11T10:06:16+00:00
ORD-022214,5,7,Standing Desk 120cm,furniture,4,449.00,1796.00,cancelled,2026-07-11T10:34:32+00:00
ORD-022215,1,8,Ergonomic Chair,furniture,4,612.75,2451.00,completed,2026-07-11T05:26:44+00:00
ORD-022216,1,9,USB-C Hub 8-in-1,accessories,1,39.99,39.99,completed,2026-07-11T13:36:04+00:00
ORD-022217,10,5,Over-ear Headphones,audio,3,199.95,599.85,cancelled,2026-07-11T19:30:38+00:00
ORD-022218,6,5,Over-ear Headphones,audio,2,199.95,399.90,pending,2026-07-11T18:15:53+00:00
ORD-022219,9,4,34in Ultrawide Monitor,displays,1,579.00,579.00,pending,2026-07-11T11:50:44+00:00
ORD-022220,3,3,27in 1440p Monitor,displays,2,319.99,639.98,cancelled,2026-07-11T10:56:03+00:00
ORD-022221,9,10,Laptop Stand Aluminium,accessories,4,27.50,110.00,refunded,2026-07-11T07:39:28+00:00
ORD-022222,7,7,Standing Desk 120cm,furniture,4,449.00,1796.00,completed,2026-07-11T02:20:17+00:00
ORD-022223,10,2,Wireless Mouse,peripherals,1,49.50,49.50,cancelled,2026-07-11T17:03:01+00:00
ORD-022224,9,6,Desk Speakers Pair,audio,1,89.00,89.00,cancelled,2026-07-11T22:24:15+00:00
ORD-022225,2,5,Over-ear Headphones,audio,5,199.95,999.75,cancelled,2026-07-11T21:21:04+00:00
ORD-022226,7,8,Ergonomic Chair,furniture,5,612.75,3063.75,completed,2026-07-11T13:02:07+00:00
ORD-022227,3,10,Laptop Stand Aluminium,accessories,3,27.50,82.50,completed,2026-07-11T17:07:26+00:00
ORD-022228,5,8,Ergonomic Chair,furniture,5,612.75,3063.75,completed,2026-07-11T22:04:30+00:00
ORD-022229,8,3,27in 1440p Monitor,displays,4,319.99,1279.96,refunded,2026-07-11T14:33:26+00:00
ORD-022230,9,6,Desk Speakers Pair,audio,3,89.00,267.00,cancelled,2026-07-11T08:13:05+00:00
ORD-022231,6,4,34in Ultrawide Monitor,displays,5,579.00,2895.00,pending,2026-07-11T01:23:53+00:00
ORD-022232,3,4,34in Ultrawide Monitor,displays,3,579.00,1737.00,refunded,2026-07-11T07:45:42+00:00
ORD-022233,3,6,Desk Speakers Pair,audio,5,89.00,445.00,refunded,2026-07-11T20:10:50+00:00
ORD-022234,2,7,Standing Desk 120cm,furniture,5,449.00,2245.00,cancelled,2026-07-11T19:26:42+00:00
ORD-022235,6,1,Mechanical Keyboard 75%,peripherals,5,129.00,645.00,completed,2026-07-11T18:14:46+00:00
ORD-022236,10,1,Mechanical Keyboard 75%,peripherals,2,129.00,258.00,completed,2026-07-11T21:50:30+00:00
ORD-022237,6,8,Ergonomic Chair,furniture,4,612.75,2451.00,pending,2026-07-11T15:09:09+00:00
ORD-022238,8,9,USB-C Hub 8-in-1,accessories,1,39.99,39.99,pending,2026-07-11T23:19:30+00:00
ORD-022239,9,8,Ergonomic Chair,furniture,2,612.75,1225.50,refunded,2026-07-11T13:33:07+00:00
ORD-022240,9,8,Ergonomic Chair,furniture,3,612.75,1838.25,completed,2026-07-11T05:09:04+00:00
ORD-022241,7,6,Desk Speakers Pair,audio,5,89.00,445.00,completed,2026-07-11T19:10:10+00:00
ORD-022242,1,6,Desk Speakers Pair,audio,1,89.00,89.00,completed,2026-07-11T07:00:30+00:00
ORD-022243,3,4,34in Ultrawide Monitor,displays,4,579.00,2316.00,pending,2026-07-11T03:00:36+00:00
ORD-022244,1,8,Ergonomic Chair,furniture,5,612.75,3063.75,completed,2026-07-11T01:23:20+00:00
ORD-022245,7,3,27in 1440p Monitor,displays,4,319.99,1279.96,pending,2026-07-11T06:51:51+00:00
ORD-022246,6,8,Ergonomic Chair,furniture,5,612.75,3063.75,cancelled,2026-07-11T08:05:44+00:00
ORD-022247,4,5,Over-ear Headphones,audio,1,199.95,199.95,refunded,2026-07-11T09:27:07+00:00
ORD-022248,9,3,27in 1440p Monitor,displays,3,319.99,959.97,cancelled,2026-07-11T21:43:02+00:00
ORD-022249,10,10,Laptop Stand Aluminium,accessories,3,27.50,82.50,pending,2026-07-11T03:58:54+00:00
ORD-022250,3,3,27in 1440p Monitor,displays,5,319.99,1599.95,cancelled,2026-07-11T20:37:01+00:00
ORD-022251,5,1,Mechanical Keyboard 75%,peripherals,2,129.00,258.00,cancelled,2026-07-11T17:28:39+00:00
ORD-022252,7,1,Mechanical Keyboard 75%,peripherals,4,129.00,516.00,refunded,2026-07-11T01:09:50+00:00
ORD-022253,1,9,USB-C Hub 8-in-1,accessories,2,39.99,79.98,pending,2026-07-11T16:51:55+00:00
ORD-022254,7,10,Laptop Stand Aluminium,accessories,2,27.50,55.00,refunded,2026-07-11T22:07:30+00:00
ORD-022255,3,7,Standing Desk 120cm,furniture,4,449.00,1796.00,pending,2026-07-11T03:33:54+00:00
ORD-022256,10,4,34in Ultrawide Monitor,displays,4,579.00,2316.00,pending,2026-07-11T08:14:03+00:00
ORD-022257,1,3,27in 1440p Monitor,displays,1,319.99,319.99,refunded,2026-07-11T07:37:00+00:00
ORD-022258,6,6,Desk Speakers Pair,audio,1,89.00,89.00,refunded,2026-07-11T23:22:25+00:00
ORD-022259,7,1,Mechanical Keyboard 75%,peripherals,2,129.00,258.00,completed,2026-07-11T15:24:02+00:00
ORD-022260,3,8,Ergonomic Chair,furniture,5,612.75,3063.75,completed,2026-07-11T01:20:58+00:00
ORD-022261,3,8,Ergonomic Chair,furniture,5,612.75,3063.75,completed,2026-07-11T03:07:20+00:00
ORD-022262,10,7,Standing Desk 120cm,furniture,1,449.00,449.00,completed,2026-07-11T11:11:32+00:00
ORD-022263,10,2,Wireless Mouse,peripherals,5,49.50,247.50,pending,2026-07-11T23:36:37+00:00
ORD-022264,1,7,Standing Desk 120cm,furniture,3,449.00,1347.00,pending,2026-07-11T01:54:38+00:00
ORD-022265,6,10,Laptop Stand Aluminium,accessories,5,27.50,137.50,refunded,2026-07-11T02:23:53+00:00
ORD-022266,4,9,USB-C Hub 8-in-1,accessories,2,39.99,79.98,cancelled,2026-07-11T11:15:03+00:00
ORD-022267,4,8,Ergonomic Chair,furniture,1,612.75,612.75,cancelled,2026-07-11T04:18:27+00:00
ORD-022268,6,2,Wireless Mouse,peripherals,2,49.50,99.00,pending,2026-07-11T21:28:32+00:00
ORD-022269,9,8,Ergonomic Chair,furniture,3,612.75,1838.25,completed,2026-07-11T13:57:04+00:00
ORD-022270,3,7,Standing Desk 120cm,furniture,2,449.00,898.00,refunded,2026-07-11T00:09:42+00:00
ORD-022271,8,9,USB-C Hub 8-in-1,accessories,5,39.99,199.95,completed,2026-07-11T07:51:20+00:00
ORD-022272,5,6,Desk Speakers Pair,audio,4,89.00,356.00,completed,2026-07-11T03:21:11+00:00
ORD-022273,5,7,Standing Desk 120cm,furniture,5,449.00,2245.00,refunded,2026-07-11T06:09:56+00:00
ORD-022274,4,2,Wireless Mouse,peripherals,1,49.50,49.50,cancelled,2026-07-11T05:12:43+00:00
ORD-022275,6,2,Wireless Mouse,peripherals,4,49.50,198.00,cancelled,2026-07-11T08:19:51+00:00
ORD-022276,5,8,Ergonomic Chair,furniture,2,612.75,1225.50,pending,2026-07-11T11:18:20+00:00
ORD-022277,4,8,Ergonomic Chair,furniture,4,612.75,2451.00,completed,2026-07-11T23:30:14+00:00
ORD-022278,9,4,34in Ultrawide Monitor,displays,1,579.00,579.00,cancelled,2026-07-11T02:02:36+00:00
ORD-022279,5,6,Desk Speakers Pair,audio,4,89.00,356.00,completed,2026-07-11T01:42:04+00:00
ORD-022280,5,8,Ergonomic Chair,furniture,4,612.75,2451.00,cancelled,2026-07-11T12:36:46+00:00
ORD-022281,8,2,Wireless Mouse,peripherals,4,49.50,198.00,cancelled,2026-07-11T17:09:05+00:00
ORD-022282,2,9,USB-C Hub 8-in-1,accessories,2,39.99,79.98,refunded,2026-07-11T08:26:08+00:00
ORD-022283,5,6,Desk Speakers Pair,audio,5,89.00,445.00,refunded,2026-07-11T15:15:36+00:00
ORD-022284,1,1,Mechanical Keyboard 75%,peripherals,2,129.00,258.00,completed,2026-07-11T15:36:20+00:00
ORD-022285,5,7,Standing Desk 120cm,furniture,5,449.00,2245.00,refunded,2026-07-11T01:36:59+00:00
ORD-022286,10,5,Over-ear Headphones,audio,2,199.95,399.90,cancelled,2026-07-11T14:58:26+00:00
ORD-022287,6,7,Standing Desk 120cm,furniture,5,449.00,2245.00,cancelled,2026-07-11T02:11:49+00:00
ORD-022288,5,7,Standing Desk 120cm,furniture,2,449.00,898.00,completed,2026-07-11T12:15:59+00:00
ORD-022289,6,6,Desk Speakers Pair,audio,2,89.00,178.00,pending,2026-07-11T01:39:09+00:00
ORD-022290,8,9,USB-C Hub 8-in-1,accessories,4,39.99,159.96,refunded,2026-07-11T08:48:49+00:00
ORD-022291,10,3,27in 1440p Monitor,displays,3,319.99,959.97,pending,2026-07-11T07:53:48+00:00
ORD-022292,7,10,Laptop Stand Aluminium,accessories,1,27.50,27.50,refunded,2026-07-11T11:05:28+00:00
ORD-022293,3,9,USB-C Hub 8-in-1,accessories,3,39.99,119.97,refunded,2026-07-11T02:49:16+00:00
ORD-022294,1,8,Ergonomic Chair,furniture,2,612.75,1225.50,refunded,2026-07-11T21:26:23+00:00
ORD-022295,9,10,Laptop Stand Aluminium,accessories,3,27.50,82.50,pending,2026-07-11T08:22:04+00:00
ORD-022296,3,8,Ergonomic Chair,furniture,3,612.75,1838.25,cancelled,2026-07-11T01:30:40+00:00
ORD-022297,5,6,Desk Speakers Pair,audio,2,89.00,178.00,completed,2026-07-11T19:22:52+00:00
ORD-022298,6,1,Mechanical Keyboard 75%,peripherals,2,129.00,258.00,pending,2026-07-11T23:00:04+00:00
ORD-022299,6,3,27in 1440p Monitor,displays,3,319.99,959.97,refunded,2026-07-11T10:21:44+00:00
ORD-022300,4,7,Standing Desk 120cm,furniture,5,449.00,2245.00,pending,2026-07-11T19:24:26+00:00
ORD-022301,7,6,Desk Speakers Pair,audio,1,89.00,89.00,completed,2026-07-11T14:14:04+00:00
ORD-022302,9,8,Ergonomic Chair,furniture,4,612.75,2451.00,refunded,2026-07-11T06:50:31+00:00
ORD-022303,8,7,Standing Desk 120cm,furniture,4,449.00,1796.00,refunded,2026-07-11T06:58:12+00:00
ORD-022304,2,9,USB-C Hub 8-in-1,accessories,4,39.99,159.96,refunded,2026-07-11T16:25:47+00:00
ORD-022305,1,2,Wireless Mouse,peripherals,2,49.50,99.00,pending,2026-07-11T06:44:35+00:00
ORD-022306,8,4,34in Ultrawide Monitor,displays,2,579.00,1158.00,refunded,2026-07-11T14:59:30+00:00
ORD-022307,7,3,27in 1440p Monitor,displays,2,319.99,639.98,refunded,2026-07-11T17:28:52+00:00
ORD-022308,4,3,27in 1440p Monitor,displays,2,319.99,639.98,pending,2026-07-11T05:48:49+00:00
ORD-022309,6,10,Laptop Stand Aluminium,accessories,1,27.50,27.50,refunded,2026-07-11T16:47:13+00:00
ORD-022310,9,9,USB-C Hub 8-in-1,accessories,1,39.99,39.99,completed,2026-07-11T20:13:43+00:00
ORD-022311,8,10,Laptop Stand Aluminium,accessories,3,27.50,82.50,refunded,2026-07-11T11:44:01+00:00
ORD-022312,7,5,Over-ear Headphones,audio,3,199.95,599.85,refunded,2026-07-11T16:06:16+00:00
ORD-022313,2,2,Wireless Mouse,peripherals,5,49.50,247.50,refunded,2026-07-11T01:23:02+00:00
ORD-022314,1,10,Laptop Stand Aluminium,accessories,2,27.50,55.00,pending,2026-07-11T02:46:21+00:00
ORD-022315,5,1,Mechanical Keyboard 75%,peripherals,5,129.00,645.00,cancelled,2026-07-11T05:12:53+00:00
ORD-022316,10,1,Mechanical Keyboard 75%,peripherals,1,129.00,129.00,refunded,2026-07-11T11:12:18+00:00
ORD-022317,1,9,USB-C Hub 8-in-1,accessories,4,39.99,159.96,pending,2026-07-11T23:24:18+00:00
ORD-022318,3,7,Standing Desk 120cm,furniture,1,449.00,449.00,pending,2026-07-11T14:20:00+00:00
ORD-022319,1,3,27in 1440p Monitor,displays,4,319.99,1279.96,completed,2026-07-11T23:17:28+00:00
ORD-022320,7,3,27in 1440p Monitor,displays,4,319.99,1279.96,refunded,2026-07-11T03:21:47+00:00
ORD-022321,5,10,Laptop Stand Aluminium,accessories,3,27.50,82.50,pending,2026-07-11T07:49:18+00:00
ORD-022322,1,3,27in 1440p Monitor,displays,5,319.99,1599.95,refunded,2026-07-11T12:22:22+00:00
ORD-022323,1,5,Over-ear Headphones,audio,4,199.95,799.80,completed,2026-07-11T00:51:50+00:00
ORD-022324,7,6,Desk Speakers Pair,audio,3,89.00,267.00,refunded,2026-07-11T04:17:06+00:00
ORD-022325,9,1,Mechanical Keyboard 75%,peripherals,4,129.00,516.00,refunded,2026-07-11T06:30:46+00:00
ORD-022326,1,6,Desk Speakers Pair,audio,5,89.00,445.00,pending,2026-07-11T08:19:07+00:00
ORD-022327,5,7,Standing Desk 120cm,furniture,4,449.00,1796.00,completed,2026-07-11T23:49:22+00:00
ORD-022328,8,7,Standing Desk 120cm,furniture,3,449.00,1347.00,refunded,2026-07-11T00:35:32+00:00
ORD-022329,4,6,Desk Speakers Pair,audio,4,89.00,356.00,cancelled,2026-07-11T17:30:15+00:00
ORD-022330,8,8,Ergonomic Chair,furniture,3,612.75,1838.25,completed,2026-07-11T02:22:32+00:00
ORD-022331,3,5,Over-ear Headphones,audio,3,199.95,599.85,cancelled,2026-07-11T06:12:51+00:00
ORD-022332,2,2,Wireless Mouse,peripherals,3,49.50,148.50,completed,2026-07-11T21:28:03+00:00
ORD-022333,6,10,Laptop Stand Aluminium,accessories,1,27.50,27.50,pending,2026-07-11T22:53:32+00:00
ORD-022334,1,10,Laptop Stand Aluminium,accessories,1,27.50,27.50,completed,2026-07-11T10:19:24+00:00
ORD-022335,2,5,Over-ear Headphones,audio,3,199.95,599.85,completed,2026-07-11T09:28:56+00:00
ORD-022336,4,8,Ergonomic Chair,furniture,4,612.75,2451.00,cancelled,2026-07-11T20:32:55+00:00
ORD-022337,8,1,Mechanical Keyboard 75%,peripherals,5,129.00,645.00,completed,2026-07-11T07:57:03+00:00
ORD-022338,9,1,Mechanical Keyboard 75%,peripherals,4,129.00,516.00,refunded,2026-07-11T11:25:06+00:00
ORD-022339,4,9,USB-C Hub 8-in-1,accessories,5,39.99,199.95,pending,2026-07-11T06:34:35+00:00
ORD-022340,1,8,Ergonomic Chair,furniture,5,612.75,3063.75,refunded,2026-07-11T05:09:56+00:00
ORD-022341,8,4,34in Ultrawide Monitor,displays,5,579.00,2895.00,refunded,2026-07-11T00:56:48+00:00
ORD-022342,8,10,Laptop Stand Aluminium,accessories,4,27.50,110.00,pending,2026-07-11T22:44:04+00:00
ORD-022343,7,10,Laptop Stand Aluminium,accessories,1,27.50,27.50,cancelled,2026-07-11T02:03:49+00:00
ORD-022344,3,4,34in Ultrawide Monitor,displays,5,579.00,2895.00,pending,2026-07-11T11:18:25+00:00
ORD-022345,4,4,34in Ultrawide Monitor,displays,5,579.00,2895.00,completed,2026-07-11T15:30:54+00:00
ORD-022346,9,7,Standing Desk 120cm,furniture,2,449.00,898.00,refunded,2026-07-11T19:41:40+00:00
ORD-022347,8,1,Mechanical Keyboard 75%,peripherals,3,129.00,387.00,refunded,2026-07-11T04:49:11+00:00
ORD-022348,4,9,USB-C Hub 8-in-1,accessories,2,39.99,79.98,cancelled,2026-07-11T16:28:26+00:00
ORD-022349,7,5,Over-ear Headphones,audio,5,199.95,999.75,refunded,2026-07-11T23:35:45+00:00
ORD-022350,3,10,Laptop Stand Aluminium,accessories,1,27.50,27.50,cancelled,2026-07-11T10:19:20+00:00
ORD-022351,6,6,Desk Speakers Pair,audio,3,89.00,267.00,cancelled,2026-07-11T05:11:24+00:00
ORD-022352,3,6,Desk Speakers Pair,audio,5,89.00,445.00,cancelled,2026-07-11T21:19:19+00:00
ORD-022353,8,4,34in Ultrawide Monitor,displays,2,579.00,1158.00,refunded,2026-07-11T20:19:02+00:00
ORD-022354,9,6,Desk Speakers Pair,audio,4,89.00,356.00,pending,2026-07-11T13:35:35+00:00
ORD-022355,4,5,Over-ear Headphones,audio,1,199.95,199.95,cancelled,2026-07-11T20:10:17+00:00
ORD-022356,6,2,Wireless Mouse,peripherals,3,49.50,148.50,pending,2026-07-11T18:37:49+00:00
ORD-022357,7,10,Laptop Stand Aluminium,accessories,2,27.50,55.00,completed,2026-07-11T14:13:14+00:00
ORD-022358,4,6,Desk Speakers Pair,audio,3,89.00,267.00,refunded,2026-07-11T23:03:30+00:00
ORD-022359,2,9,USB-C Hub 8-in-1,accessories,2,39.99,79.98,cancelled,2026-07-11T20:53:18+00:00
ORD-022360,8,10,Laptop Stand Aluminium,accessories,3,27.50,82.50,completed,2026-07-11T00:36:02+00:00
ORD-022361,9,7,Standing Desk 120cm,furniture,2,449.00,898.00,cancelled,2026-07-11T16:35:30+00:00
ORD-022362,3,5,Over-ear Headphones,audio,4,199.95,799.80,completed,2026-07-11T09:49:39+00:00
ORD-022363,10,6,Desk Speakers Pair,audio,4,89.00,356.00,cancelled,2026-07-11T19:06:01+00:00
ORD-022364,10,9,USB-C Hub 8-in-1,accessories,3,39.99,119.97,cancelled,2026-07-11T05:36:54+00:00
ORD-022365,7,3,27in 1440p Monitor,displays,3,319.99,959.97,refunded,2026-07-11T22:22:23+00:00
ORD-022366,7,3,27in 1440p Monitor,displays,4,319.99,1279.96,completed,2026-07-11T21:19:55+00:00
ORD-022367,4,10,Laptop Stand Aluminium,accessories,1,27.50,27.50,completed,2026-07-11T06:24:49+00:00
ORD-022368,4,6,Desk Speakers Pair,audio,1,89.00,89.00,pending,2026-07-11T18:50:31+00:00
ORD-022369,3,6,Desk Speakers Pair,audio,1,89.00,89.00,cancelled,2026-07-11T11:22:07+00:00
ORD-022370,9,9,USB-C Hub 8-in-1,accessories,3,39.99,119.97,refunded,2026-07-11T07:33:48+00:00
ORD-022371,2,9,USB-C Hub 8-in-1,accessories,2,39.99,79.98,completed,2026-07-11T12:22:25+00:00
ORD-022372,6,10,Laptop Stand Aluminium,accessories,1,27.50,27.50,pending,2026-07-11T07:23:55+00:00
ORD-022373,4,8,Ergonomic Chair,furniture,3,612.75,1838.25,cancelled,2026-07-11T14:37:00+00:00
ORD-022374,4,7,Standing Desk 120cm,furniture,5,449.00,2245.00,completed,2026-07-11T12:45:30+00:00
ORD-022375,6,10,Laptop Stand Aluminium,accessories,2,27.50,55.00,refunded,2026-07-11T12:38:02+00:00
ORD-022376,3,5,Over-ear Headphones,audio,2,199.95,399.90,refunded,2026-07-11T22:34:10+00:00
ORD-022377,4,8,Ergonomic Chair,furniture,5,612.75,3063.75,refunded,2026-07-11T06:30:54+00:00
ORD-022378,2,9,USB-C Hub 8-in-1,accessories,1,39.99,39.99,cancelled,2026-07-11T08:42:12+00:00
ORD-022379,1,4,34in Ultrawide Monitor,displays,3,579.00,1737.00,cancelled,2026-07-11T04:46:36+00:00
ORD-022380,4,3,27in 1440p Monitor,displays,3,319.99,959.97,refunded,2026-07-11T22:27:01+00:00
ORD-022381,9,7,Standing Desk 120cm,furniture,5,449.00,2245.00,cancelled,2026-07-11T09:29:04+00:00
ORD-022382,1,10,Laptop Stand Aluminium,accessories,1,27.50,27.50,refunded,2026-07-11T01:32:29+00:00
ORD-022383,3,1,Mechanical Keyboard 75%,peripherals,2,129.00,258.00,refunded,2026-07-11T05:23:01+00:00
ORD-022384,4,10,Laptop Stand Aluminium,accessories,5,27.50,137.50,completed,2026-07-11T22:22:58+00:00
ORD-022385,7,5,Over-ear Headphones,audio,3,199.95,599.85,pending,2026-07-11T13:51:28+00:00
ORD-022386,3,6,Desk Speakers Pair,audio,2,89.00,178.00,cancelled,2026-07-11T19:18:52+00:00
ORD-022387,7,2,Wireless Mouse,peripherals,4,49.50,198.00,cancelled,2026-07-11T11:01:16+00:00
ORD-022388,10,4,34in Ultrawide Monitor,displays,1,579.00,579.00,pending,2026-07-11T03:08:04+00:00
ORD-022389,1,9,USB-C Hub 8-in-1,accessories,3,39.99,119.97,cancelled,2026-07-11T09:20:49+00:00
ORD-022390,2,8,Ergonomic Chair,furniture,4,612.75,2451.00,cancelled,2026-07-11T12:57:05+00:00
ORD-022391,7,3,27in 1440p Monitor,displays,3,319.99,959.97,pending,2026-07-11T15:01:27+00:00
ORD-022392,3,9,USB-C Hub 8-in-1,accessories,5,39.99,199.95,cancelled,2026-07-11T11:28:27+00:00
ORD-022393,2,4,34in Ultrawide Monitor,displays,1,579.00,579.00,refunded,2026-07-11T06:27:23+00:00
ORD-022394,1,8,Ergonomic Chair,furniture,2,612.75,1225.50,cancelled,2026-07-11T19:23:22+00:00
ORD-022395,8,8,Ergonomic Chair,furniture,4,612.75,2451.00,pending,2026-07-11T16:29:08+00:00
ORD-022396,9,10,Laptop Stand Aluminium,accessories,1,27.50,27.50,pending,2026-07-11T03:05:38+00:00
ORD-022397,1,9,USB-C Hub 8-in-1,accessories,3,39.99,119.97,pending,2026-07-11T10:11:59+00:00
ORD-022398,1,10,Laptop Stand Aluminium,accessories,1,27.50,27.50,pending,2026-07-11T03:30:06+00:00
ORD-022399,3,5,Over-ear Headphones,audio,5,199.95,999.75,pending,2026-07-11T01:53:14+00:00
ORD-022400,1,6,Desk Speakers Pair,audio,3,89.00,267.00,refunded,2026-07-11T21:48:17+00:00
ORD-022401,8,2,Wireless Mouse,peripherals,5,49.50,247.50,pending,2026-07-11T20:15:51+00:00
ORD-022402,6,3,27in 1440p Monitor,displays,2,319.99,639.98,pending,2026-07-11T23:16:55+00:00
ORD-022403,7,1,Mechanical Keyboard 75%,peripherals,2,129.00,258.00,refunded,2026-07-11T08:02:30+00:00
ORD-022404,3,10,Laptop Stand Aluminium,accessories,5,27.50,137.50,completed,2026-07-11T08:53:30+00:00
ORD-022405,3,7,Standing Desk 120cm,furniture,4,449.00,1796.00,refunded,2026-07-11T02:58:16+00:00
ORD-022406,9,9,USB-C Hub 8-in-1,accessories,1,39.99,39.99,pending,2026-07-11T03:59:11+00:00
ORD-022407,3,5,Over-ear Headphones,audio,5,199.95,999.75,pending,2026-07-11T07:00:29+00:00
ORD-022408,8,3,27in 1440p Monitor,displays,3,319.99,959.97,cancelled,2026-07-11T11:42:26+00:00
ORD-022409,7,5,Over-ear Headphones,audio,3,199.95,599.85,pending,2026-07-11T12:12:34+00:00
ORD-022410,6,6,Desk Speakers Pair,audio,5,89.00,445.00,cancelled,2026-07-11T08:14:37+00:00
ORD-022411,3,2,Wireless Mouse,peripherals,1,49.50,49.50,refunded,2026-07-11T07:11:56+00:00
ORD-022412,8,8,Ergonomic Chair,furniture,5,612.75,3063.75,refunded,2026-07-11T19:59:36+00:00
ORD-022413,4,7,Standing Desk 120cm,furniture,1,449.00,449.00,completed,2026-07-11T04:32:00+00:00
ORD-022414,5,2,Wireless Mouse,peripherals,3,49.50,148.50,cancelled,2026-07-11T10:20:01+00:00
ORD-022415,9,2,Wireless Mouse,peripherals,1,49.50,49.50,refunded,2026-07-11T11:09:54+00:00
ORD-022416,7,9,USB-C Hub 8-in-1,accessories,5,39.99,199.95,pending,2026-07-11T00:44:54+00:00
ORD-022417,2,8,Ergonomic Chair,furniture,4,612.75,2451.00,cancelled,2026-07-11T14:24:18+00:00
ORD-022418,1,5,Over-ear Headphones,audio,5,199.95,999.75,refunded,2026-07-11T21:36:04+00:00
ORD-022419,8,6,Desk Speakers Pair,audio,5,89.00,445.00,pending,2026-07-11T08:20:59+00:00
ORD-022420,2,1,Mechanical Keyboard 75%,peripherals,1,129.00,129.00,completed,2026-07-11T07:44:36+00:00
ORD-022421,7,6,Desk Speakers Pair,audio,4,89.00,356.00,cancelled,2026-07-11T03:56:48+00:00
ORD-022422,9,4,34in Ultrawide Monitor,displays,5,579.00,2895.00,cancelled,2026-07-11T03:09:45+00:00
ORD-022423,8,7,Standing Desk 120cm,furniture,5,449.00,2245.00,cancelled,2026-07-11T15:50:40+00:00
ORD-022424,6,9,USB-C Hub 8-in-1,accessories,3,39.99,119.97,refunded,2026-07-11T16:20:17+00:00
ORD-022425,8,3,27in 1440p Monitor,displays,1,319.99,319.99,cancelled,2026-07-11T19:04:40+00:00
ORD-022426,7,5,Over-ear Headphones,audio,1,199.95,199.95,cancelled,2026-07-11T23:18:33+00:00
ORD-022427,3,8,Ergonomic Chair,furniture,1,612.75,612.75,cancelled,2026-07-11T05:29:50+00:00
ORD-022428,3,6,Desk Speakers Pair,audio,5,89.00,445.00,refunded,2026-07-11T12:34:44+00:00
ORD-022429,1,8,Ergonomic Chair,furniture,1,612.75,612.75,cancelled,2026-07-11T08:35:19+00:00
ORD-022430,2,10,Laptop Stand Aluminium,accessories,4,27.50,110.00,completed,2026-07-11T15:33:06+00:00
ORD-022431,2,2,Wireless Mouse,peripherals,3,49.50,148.50,pending,2026-07-11T13:35:10+00:00
ORD-022432,3,4,34in Ultrawide Monitor,displays,3,579.00,1737.00,pending,2026-07-11T03:34:18+00:00
ORD-022433,4,2,Wireless Mouse,peripherals,3,49.50,148.50,pending,2026-07-11T01:50:09+00:00
ORD-022434,5,8,Ergonomic Chair,furniture,4,612.75,2451.00,refunded,2026-07-11T17:36:37+00:00
ORD-022435,4,5,Over-ear Headphones,audio,4,199.95,799.80,refunded,2026-07-11T17:14:03+00:00
ORD-022436,4,1,Mechanical Keyboard 75%,peripherals,1,129.00,129.00,pending,2026-07-11T01:44:32+00:00
ORD-022437,4,1,Mechanical Keyboard 75%,peripherals,4,129.00,516.00,completed,2026-07-11T14:25:02+00:00
ORD-022438,3,8,Ergonomic Chair,furniture,4,612.75,2451.00,pending,2026-07-11T04:07:40+00:00
ORD-022439,5,9,USB-C Hub 8-in-1,accessories,1,39.99,39.99,pending,2026-07-11T10:48:52+00:00
ORD-022440,7,5,Over-ear Headphones,audio,1,199.95,199.95,completed,2026-07-11T13:52:57+00:00
ORD-022441,10,8,Ergonomic Chair,furniture,2,612.75,1225.50,cancelled,2026-07-11T21:43:20+00:00
ORD-022442,6,6,Desk Speakers Pair,audio,2,89.00,178.00,refunded,2026-07-11T10:24:28+00:00
ORD-022443,4,6,Desk Speakers Pair,audio,4,89.00,356.00,cancelled,2026-07-11T19:16:59+00:00
ORD-022444,3,9,USB-C Hub 8-in-1,accessories,2,39.99,79.98,refunded,2026-07-11T23:35:08+00:00
ORD-022445,4,8,Ergonomic Chair,furniture,5,612.75,3063.75,cancelled,2026-07-11T21:48:11+00:00
ORD-022446,4,9,USB-C Hub 8-in-1,accessories,3,39.99,119.97,pending,2026-07-11T23:14:40+00:00
ORD-022447,3,4,34in Ultrawide Monitor,displays,2,579.00,1158.00,cancelled,2026-07-11T14:39:15+00:00
ORD-022448,1,9,USB-C Hub 8-in-1,accessories,5,39.99,199.95,completed,2026-07-11T01:51:28+00:00
ORD-022449,10,2,Wireless Mouse,peripherals,5,49.50,247.50,pending,2026-07-11T01:03:01+00:00
ORD-022450,7,9,USB-C Hub 8-in-1,accessories,4,39.99,159.96,completed,2026-07-11T23:39:23+00:00
ORD-022451,4,5,Over-ear Headphones,audio,4,199.95,799.80,pending,2026-07-11T06:57:28+00:00
ORD-022452,4,3,27in 1440p Monitor,displays,1,319.99,319.99,pending,2026-07-11T14:33:28+00:00
ORD-022453,4,10,Laptop Stand Aluminium,accessories,5,27.50,137.50,cancelled,2026-07-11T13:37:02+00:00
ORD-022454,5,2,Wireless Mouse,peripherals,1,49.50,49.50,cancelled,2026-07-11T08:34:42+00:00
ORD-022455,2,6,Desk Speakers Pair,audio,3,89.00,267.00,cancelled,2026-07-11T02:01:51+00:00
ORD-022456,8,6,Desk Speakers Pair,audio,2,89.00,178.00,pending,2026-07-11T02:03:23+00:00
ORD-022457,3,1,Mechanical Keyboard 75%,peripherals,1,129.00,129.00,completed,2026-07-11T06:20:55+00:00
ORD-022458,4,1,Mechanical Keyboard 75%,peripherals,4,129.00,516.00,refunded,2026-07-11T16:03:03+00:00
ORD-022459,6,7,Standing Desk 120cm,furniture,3,449.00,1347.00,completed,2026-07-11T13:35:20+00:00
ORD-022460,3,5,Over-ear Headphones,audio,3,199.95,599.85,pending,2026-07-11T14:19:17+00:00
ORD-022461,10,1,Mechanical Keyboard 75%,peripherals,2,129.00,258.00,cancelled,2026-07-11T14:33:28+00:00
ORD-022462,9,8,Ergonomic Chair,furniture,3,612.75,1838.25,completed,2026-07-11T08:56:04+00:00
ORD-022463,10,3,27in 1440p Monitor,displays,5,319.99,1599.95,completed,2026-07-11T21:16:33+00:00
ORD-022464,9,3,27in 1440p Monitor,displays,1,319.99,319.99,completed,2026-07-11T04:44:35+00:00
ORD-022465,3,3,27in 1440p Monitor,displays,1,319.99,319.99,refunded,2026-07-11T08:20:56+00:00
ORD-022466,2,5,Over-ear Headphones,audio,1,199.95,199.95,refunded,2026-07-11T02:54:54+00:00
ORD-022467,10,7,Standing Desk 120cm,furniture,2,449.00,898.00,pending,2026-07-11T18:42:23+00:00
ORD-022468,4,8,Ergonomic Chair,furniture,5,612.75,3063.75,completed,2026-07-11T23:32:21+00:00
ORD-022469,6,9,USB-C Hub 8-in-1,accessories,1,39.99,39.99,cancelled,2026-07-11T13:00:52+00:00
ORD-022470,7,1,Mechanical Keyboard 75%,peripherals,4,129.00,516.00,completed,2026-07-11T20:11:58+00:00
ORD-022471,6,4,34in Ultrawide Monitor,displays,1,579.00,579.00,cancelled,2026-07-11T19:18:09+00:00
ORD-022472,8,1,Mechanical Keyboard 75%,peripherals,1,129.00,129.00,refunded,2026-07-11T04:11:55+00:00
ORD-022473,10,10,Laptop Stand Aluminium,accessories,2,27.50,55.00,completed,2026-07-11T01:11:33+00:00
ORD-022474,9,8,Ergonomic Chair,furniture,2,612.75,1225.50,completed,2026-07-11T16:42:55+00:00
ORD-022475,9,10,Laptop Stand Aluminium,accessories,1,27.50,27.50,cancelled,2026-07-11T23:28:55+00:00
ORD-022476,5,3,27in 1440p Monitor,displays,3,319.99,959.97,refunded,2026-07-11T20:33:40+00:00
ORD-022477,10,4,34in Ultrawide Monitor,displays,1,579.00,579.00,refunded,2026-07-11T19:16:57+00:00
ORD-022478,7,5,Over-ear Headphones,audio,4,199.95,799.80,pending,2026-07-11T20:51:44+00:00
ORD-022479,2,5,Over-ear Headphones,audio,2,199.95,399.90,pending,2026-07-11T10:05:27+00:00
ORD-022480,10,5,Over-ear Headphones,audio,5,199.95,999.75,pending,2026-07-11T20:30:34+00:00
ORD-022481,10,6,Desk Speakers Pair,audio,3,89.00,267.00,cancelled,2026-07-11T10:38:26+00:00
ORD-022482,9,10,Laptop Stand Aluminium,accessories,3,27.50,82.50,pending,2026-07-11T06:24:26+00:00
ORD-022483,3,2,Wireless Mouse,peripherals,4,49.50,198.00,pending,2026-07-11T17:49:01+00:00
ORD-022484,3,4,34in Ultrawide Monitor,displays,3,579.00,1737.00,refunded,2026-07-11T01:07:44+00:00
ORD-022485,4,10,Laptop Stand Aluminium,accessories,3,27.50,82.50,refunded,2026-07-11T16:40:59+00:00
ORD-022486,10,4,34in Ultrawide Monitor,displays,4,579.00,2316.00,cancelled,2026-07-11T11:23:53+00:00
ORD-022487,7,4,34in Ultrawide Monitor,displays,2,579.00,1158.00,refunded,2026-07-11T09:50:17+00:00
ORD-022488,8,9,USB-C Hub 8-in-1,accessories,5,39.99,199.95,refunded,2026-07-11T14:38:26+00:00
ORD-022489,2,2,Wireless Mouse,peripherals,2,49.50,99.00,refunded,2026-07-11T14:48:24+00:00
ORD-022490,7,4,34in Ultrawide Monitor,displays,4,579.00,2316.00,cancelled,2026-07-11T20:37:09+00:00
ORD-022491,4,5,Over-ear Headphones,audio,1,199.95,199.95,cancelled,2026-07-11T22:56:12+00:00
ORD-022492,5,7,Standing Desk 120cm,furniture,5,449.00,2245.00,pending,2026-07-11T16:41:16+00:00
ORD-022493,10,10,Laptop Stand Aluminium,accessories,1,27.50,27.50,pending,2026-07-11T05:04:30+00:00
