order_id,customer_id,product_id,product_name,category,quantity,unit_price,amount,status,order_date
ORD-109125,8,8,Ergonomic Chair,furniture,2,612.75,1225.50,pending,2026-08-20T16:45:18+00:00
ORD-109126,10,2,Wireless Mouse,peripherals,4,49.50,198.00,completed,2026-08-20T07:40:26+00:00
ORD-109127,6,5,Over-ear Headphones,audio,3,199.95,599.85,cancelled,2026-08-20T18:05:13+00:00
ORD-109128,3,6,Desk Speakers Pair,audio,4,89.00,356.00,refunded,2026-08-20T10:00:00+00:00
ORD-109129,7,5,Over-ear Headphones,audio,1,199.95,199.95,pending,2026-08-20T13:59:59+00:00
ORD-109130,6,7,Standing Desk 120cm,furniture,2,449.00,898.00,pending,2026-08-20T08:57:46+00:00
ORD-109131,5,2,Wireless Mouse,peripherals,3,49.50,148.50,completed,2026-08-20T15:37:26+00:00
ORD-109132,9,4,34in Ultrawide Monitor,displays,1,579.00,579.00,refunded,2026-08-20T17:20:46+00:00
ORD-109133,1,1,Mechanical Keyboard 75%,peripherals,5,129.00,645.00,refunded,2026-08-20T06:31:10+00:00
ORD-109134,2,9,USB-C Hub 8-in-1,accessories,5,39.99,199.95,completed,2026-08-20T21:44:11+00:00
ORD-109135,5,6,Desk Speakers Pair,audio,5,89.00,445.00,refunded,2026-08-20T08:08:05+00:00
ORD-109136,6,8,Ergonomic Chair,furniture,3,612.75,1838.25,completed,2026-08-20T01:26:47+00:00
ORD-109137,6,10,Laptop Stand Aluminium,accessories,2,27.50,55.00,pending,2026-08-20T07:31:58+00:00
ORD-109138,8,7,Standing Desk 120cm,furniture,2,449.00,898.00,refunded,2026-08-20T21:23:17+00:00
ORD-109139,5,9,USB-C Hub 8-in-1,accessories,2,39.99,79.98,refunded,2026-08-20T01:55:03+00:00
ORD-109140,1,5,Over-ear Headphones,audio,2,199.95,399.90,refunded,2026-08-20T11:16:07+00:00
ORD-109141,4,2,Wireless Mouse,peripherals,2,49.50,99.00,pending,2026-08-20T20:46:44+00:00
ORD-109142,9,4,34in Ultrawide Monitor,displays,1,579.00,579.00,completed,2026-08-20T03:09:30+00:00
ORD-109143,8,9,USB-C Hub 8-in-1,accessories,2,39.99,79.98,cancelled,2026-08-20T22:10:19+00:00
ORD-109144,7,3,27in 1440p Monitor,displays,2,319.99,639.98,cancelled,2026-08-20T01:41:45+00:00
ORD-109145,6,5,Over-ear Headphones,audio,4,199.95,799.80,completed,2026-08-20T12:15:28+00:00
ORD-109146,9,7,Standing Desk 120cm,furniture,2,449.00,898.00,pending,2026-08-20T19:03:48+00:00
ORD-109147,4,7,Standing Desk 120cm,furniture,5,449.00,2245.00,cancelled,2026-08-20T21:49:45+00:00
ORD-109148,7,5,Over-ear Headphones,audio,4,199.95,799.80,cancelled,2026-08-20T18:29:18+00:00
ORD-109149,3,4,34in Ultrawide Monitor,displays,4,579.00,2316.00,pending,2026-08-20T12:39:13+00:00
ORD-109150,3,1,Mechanical Keyboard 75%,peripherals,1,129.00,129.00,pending,2026-08-20T17:44:57+00:00
ORD-109151,8,7,Standing Desk 120cm,furniture,2,449.00,898.00,pending,2026-08-20T00:18:40+00:00
ORD-109152,1,8,Ergonomic Chair,furniture,2,612.75,1225.50,cancelled,2026-08-20T12:26:37+00:00
ORD-109153,10,5,Over-ear Headphones,audio,4,199.95,799.80,refunded,2026-08-20T16:53:25+00:00
ORD-109154,8,2,Wireless Mouse,peripherals,2,49.50,99.00,cancelled,2026-08-20T00:32:13+00:00
ORD-109155,7,7,Standing Desk 120cm,furniture,4,449.00,1796.00,refunded,2026-08-20T09:08:47+00:00
ORD-109156,1,8,Ergonomic Chair,furniture,4,612.75,2451.00,refunded,2026-08-20T16:20:59+00:00
ORD-109157,4,2,Wireless Mouse,peripherals,5,49.50,247.50,cancelled,2026-08-20T21:00:34+00:00
ORD-109158,3,6,Desk Speakers Pair,audio,5,89.00,445.00,completed,2026-08-20T05:12:59+00:00
ORD-109159,5,7,Standing Desk 120cm,furniture,3,449.00,1347.00,cancelled,2026-08-20T15:51:21+00:00
ORD-109160,7,6,Desk Speakers Pair,audio,2,89.00,178.00,refunded,2026-08-20T05:20:21+00:00
ORD-109161,6,6,Desk Speakers Pair,audio,3,89.00,267.00,cancelled,2026-08-20T23:48:59+00:00
ORD-109162,3,4,34in Ultrawide Monitor,displays,3,579.00,1737.00,cancelled,2026-08-20T03:58:12+00:00
ORD-109163,2,8,Ergonomic Chair,furniture,3,612.75,1838.25,refunded,2026-08-20T17:20:56+00:00
ORD-109164,6,4,34in Ultrawide Monitor,displays,1,579.00,579.00,completed,2026-08-20T15:43:23+00:00
ORD-109165,5,5,Over-ear Headphones,audio,5,199.95,999.75,completed,2026-08-20T18:16:13+00:00
ORD-109166,5,7,Standing Desk 120cm,furniture,3,449.00,1347.00,pending,2026-08-20T07:10:13+00:00
ORD-109167,7,1,Mechanical Keyboard 75%,peripherals,2,129.00,258.00,refunded,2026-08-20T11:29:51+00:00
ORD-109168,5,5,Over-ear Headphones,audio,4,199.95,799.80,cancelled,2026-08-20T18:48:27+00:00
ORD-109169,6,9,USB-C Hub 8-in-1,accessories,4,39.99,159.96,pending,2026-08-20T05:40:22+00:00
ORD-109170,9,6,Desk Speakers Pair,audio,3,89.00,267.00,completed,2026-08-20T04:33:59+00:00
ORD-109171,1,4,34in Ultrawide Monitor,displays,4,579.00,2316.00,refunded,2026-08-20T10:40:52+00:00
ORD-109172,10,4,34in Ultrawide Monitor,displays,2,579.00,1158.00,pending,2026-08-20T18:42:31+00:00
ORD-109173,1,10,Laptop Stand Aluminium,accessories,1,27.50,27.50,pending,2026-08-20T03:58:08+00:00
ORD-109174,10,7,Standing Desk 120cm,furniture,1,449.00,449.00,pending,2026-08-20T09:37:39+00:00
ORD-109175,7,2,Wireless Mouse,peripherals,2,49.50,99.00,completed,2026-08-20T23:44:10+00:00
ORD-109176,8,3,27in 1440p Monitor,displays,1,319.99,319.99,pending,2026-08-20T13:27:37+00:00
ORD-109177,3,10,Laptop Stand Aluminium,accessories,1,27.50,27.50,completed,2026-08-20T11:21:41+00:00
ORD-109178,6,5,Over-ear Headphones,audio,5,199.95,999.75,refunded,2026-08-20T06:24:50+00:00
ORD-109179,1,9,USB-C Hub 8-in-1,accessories,3,39.99,119.97,completed,2026-08-20T01:43:25+00:00
ORD-109180,1,1,Mechanical Keyboard 75%,peripherals,5,129.00,645.00,pending,2026-08-20T12:00:09+00:00
ORD-109181,4,3,27in 1440p Monitor,displays,4,319.99,1279.96,refunded,2026-08-20T22:45:13+00:00
ORD-109182,10,7,Standing Desk 120cm,furniture,4,449.00,1796.00,refunded,2026-08-20T08:33:25+00:00
ORD-109183,8,8,Ergonomic Chair,furniture,1,612.75,612.75,cancelled,2026-08-20T18:35:03+00:00
ORD-109184,4,10,Laptop Stand Aluminium,accessories,3,27.50,82.50,cancelled,2026-08-20T17:50:07+00:00
ORD-109185,8,9,USB-C Hub 8-in-1,accessories,2,39.99,79.98,completed,2026-08-20T17:17:19+00:00
ORD-109186,7,2,Wireless Mouse,peripherals,2,49.50,99.00,refunded,2026-08-20T20:47:16+00:00
ORD-109187,5,7,Standing Desk 120cm,furniture,1,449.00,449.00,pending,2026-08-20T07:40:12+00:00
ORD-109188,9,10,Laptop Stand Aluminium,accessories,3,27.50,82.50,cancelled,2026-08-20T10:55:56+00:00
ORD-109189,9,2,Wireless Mouse,peripherals,4,49.50,198.00,completed,2026-08-20T02:09:53+00:00
ORD-109190,4,7,Standing Desk 120cm,furniture,5,449.00,2245.00,cancelled,2026-08-20T13:16:56+00:00
ORD-109191,5,3,27in 1440p Monitor,displays,5,319.99,1599.95,refunded,2026-08-20T19:36:33+00:00
ORD-109192,7,10,Laptop Stand Aluminium,accessories,2,27.50,55.00,pending,2026-08-20T09:20:15+00:00
ORD-109193,4,10,Laptop Stand Aluminium,accessories,3,27.50,82.50,refunded,2026-08-20T19:25:44+00:00
ORD-109194,3,5,Over-ear Headphones,audio,3,199.95,599.85,pending,2026-08-20T05:51:32+00:00
ORD-109195,4,3,27in 1440p Monitor,displays,2,319.99,639.98,cancelled,2026-08-20T07:28:43+00:00
ORD-109196,6,5,Over-ear Headphones,audio,1,199.95,199.95,pending,2026-08-20T17:31:02+00:00
ORD-109197,8,9,USB-C Hub 8-in-1,accessories,3,39.99,119.97,completed,2026-08-20T15:59:26+00:00
ORD-109198,10,5,Over-ear Headphones,audio,1,199.95,199.95,cancelled,2026-08-20T07:16:44+00:00
ORD-109199,9,2,Wireless Mouse,peripherals,1,49.50,49.50,completed,2026-08-20T10:57:32+00:00
ORD-109200,4,1,Mechanical Keyboard 75%,peripherals,1,129.00,129.00,pending,2026-08-20T15:52:23+00:00
ORD-109201,8,2,Wireless Mouse,peripherals,1,49.50,49.50,cancelled,2026-08-20T03:47:46+00:00
ORD-109202,9,6,Desk Speakers Pair,audio,4,89.00,356.00,completed,2026-08-20T15:01:53+00:00
ORD-109203,6,2,Wireless Mouse,peripherals,3,49.50,148.50,refunded,2026-08-20T07:28:14+00:00
ORD-109204,4,7,Standing Desk 120cm,furniture,1,449.00,449.00,refunded,2026-08-20T22:36:48+00:00
ORD-109205,2,3,27in 1440p Monitor,displays,3,319.99,959.97,cancelled,2026-08-20T19:02:26+00:00
ORD-109206,9,6,Desk Speakers Pair,audio,1,89.00,89.00,pending,2026-08-20T10:28:08+00:00
ORD-109207,2,10,Laptop Stand Aluminium,accessories,2,27.50,55.00,pending,2026-08-20T09:03:39+00:00
ORD-109208,10,1,Mechanical Keyboard 75%,peripherals,2,129.00,258.00,cancelled,2026-08-20T21:06:31+00:00
ORD-109209,9,2,Wireless Mouse,peripherals,1,49.50,49.50,pending,2026-08-20T10:41:24+00:00
ORD-109210,1,9,USB-C Hub 8-in-1,accessories,4,39.99,159.96,completed,2026-08-20T05:02:36+00:00
ORD-109211,2,7,Standing Desk 120cm,furniture,4,449.00,1796.00,completed,2026-08-20T01:38:03+00:00
ORD-109212,7,8,Ergonomic Chair,furniture,5,612.75,3063.75,completed,2026-08-20T06:36:20+00:00
ORD-109213,2,9,USB-C Hub 8-in-1,accessories,1,39.99,39.99,cancelled,2026-08-20T02:28:28+00:00
ORD-109214,9,9,USB-C Hub 8-in-1,accessories,5,39.99,199.95,refunded,2026-08-20T06:27:50+00:00
ORD-109215,6,9,USB-C Hub 8-in-1,accessories,5,39.99,199.95,cancelled,2026-08-20T00:50:12+00:00
ORD-109216,6,8,Ergonomic Chair,furniture,5,612.75,3063.75,cancelled,2026-08-20T23:33:07+00:00
ORD-109217,10,5,Over-ear Headphones,audio,1,199.95,199.95,pending,2026-08-20T02:02:32+00:00
ORD-109218,6,7,Standing Desk 120cm,furniture,1,449.00,449.00,cancelled,2026-08-20T16:07:13+00:00
ORD-109219,5,7,Standing Desk 120cm,furniture,1,449.00,449.00,completed,2026-08-20T06:45:19+00:00
ORD-109220,6,7,Standing Desk 120cm,furniture,4,449.00,1796.00,cancelled,2026-08-20T10:10:03+00:00
ORD-109221,10,5,Over-ear Headphones,audio,3,199.95,599.85,refunded,2026-08-20T00:09:10+00:00
ORD-109222,8,9,USB-C Hub 8-in-1,accessories,2,39.99,79.98,refunded,2026-08-20T23:31:05+00:00
ORD-109223,8,5,Over-ear Headphones,audio,1,199.95,199.95,pending,2026-08-20T09:25:54+00:00
ORD-109224,10,4,34in Ultrawide Monitor,displays,3,579.00,1737.00,cancelled,2026-08-20T13:14:23+00:00
ORD-109225,3,3,27in 1440p Monitor,displays,5,319.99,1599.95,completed,2026-08-20T19:24:24+00:00
ORD-109226,10,4,34in Ultrawide Monitor,displays,1,579.00,579.00,refunded,2026-08-20T11:07:32+00:00
ORD-109227,1,8,Ergonomic Chair,furniture,3,612.75,1838.25,pending,2026-08-20T10:15:43+00:00
ORD-109228,8,1,Mechanical Keyboard 75%,peripherals,4,129.00,516.00,cancelled,2026-08-20T21:00:13+00:00
ORD-109229,7,10,Laptop Stand Aluminium,accessories,2,27.50,55.00,refunded,2026-08-20T05:14:30+00:00
ORD-109230,4,1,Mechanical Keyboard 75%,peripherals,3,129.00,387.00,refunded,2026-08-20T03:26:04+00:00
ORD-109231,4,4,34in Ultrawide Monitor,displays,4,579.00,2316.00,cancelled,2026-08-20T04:10:00+00:00
ORD-109232,3,2,Wireless Mouse,peripherals,1,49.50,49.50,pending,2026-08-20T15:00:56+00:00
ORD-109233,10,10,Laptop Stand Aluminium,accessories,1,27.50,27.50,completed,2026-08-20T09:44:22+00:00
ORD-109234,7,7,Standing Desk 120cm,furniture,2,449.00,898.00,refunded,2026-08-20T11:25:33+00:00
ORD-109235,8,3,27in 1440p Monitor,displays,5,319.99,1599.95,refunded,2026-08-20T22:49:06+00:00
ORD-109236,1,9,USB-C Hub 8-in-1,accessories,5,39.99,199.95,completed,2026-08-20T00:08:54+00:00
ORD-109237,6,8,Ergonomic Chair,furniture,3,612.75,1838.25,cancelled,2026-08-20T17:03:09+00:00
ORD-109238,1,8,Ergonomic Chair,furniture,2,612.75,1225.50,cancelled,2026-08-20T09:04:10+00:00
ORD-109239,3,4,34in Ultrawide Monitor,displays,2,579.00,1158.00,completed,2026-08-20T02:26:31+00:00
ORD-109240,5,5,Over-ear Headphones,audio,5,199.95,999.75,completed,2026-08-20T23:17:02+00:00
ORD-109241,3,8,Ergonomic Chair,furniture,1,612.75,612.75,refunded,2026-08-20T20:02:51+00:00
ORD-109242,1,3,27in 1440p Monitor,displays,5,319.99,1599.95,completed,2026-08-20T04:55:14+00:00
ORD-109243,5,7,Standing Desk 120cm,furniture,5,449.00,2245.00,refunded,2026-08-20T19:57:05+00:00
ORD-109244,4,10,Laptop Stand Aluminium,accessories,5,27.50,137.50,completed,2026-08-20T06:18:36+00:00
ORD-109245,1,9,USB-C Hub 8-in-1,accessories,2,39.99,79.98,completed,2026-08-20T21:47:30+00:00
ORD-109246,10,5,Over-ear Headphones,audio,2,199.95,399.90,cancelled,2026-08-20T14:51:41+00:00
ORD-109247,3,2,Wireless Mouse,peripherals,3,49.50,148.50,cancelled,2026-08-20T11:30:06+00:00
ORD-109248,5,10,Laptop Stand Aluminium,accessories,1,27.50,27.50,completed,2026-08-20T05:58:07+00:00
ORD-109249,9,9,USB-C Hub 8-in-1,accessories,3,39.99,119.97,refunded,2026-08-20T03:19:49+00:00
ORD-109250,1,4,34in Ultrawide Monitor,displays,4,579.00,2316.00,cancelled,2026-08-20T16:40:07+00:00
ORD-109251,5,2,Wireless Mouse,peripherals,2,49.50,99.00,pending,2026-08-20T06:48:57+00:00
ORD-109252,1,9,USB-C Hub 8-in-1,accessories,2,39.99,79.98,completed,2026-08-20T23:39:51+00:00
ORD-109253,4,9,USB-C Hub 8-in-1,accessories,3,39.99,119.97,refunded,2026-08-20T23:54:09+00:00
ORD-109254,1,2,Wireless Mouse,peripherals,2,49.50,99.00,completed,2026-08-20T09:33:01+00:00
ORD-109255,8,8,Ergonomic Chair,furniture,1,612.75,612.75,refunded,2026-08-20T15:37:48+00:00
ORD-109256,10,5,Over-ear Headphones,audio,5,199.95,999.75,pending,2026-08-20T05:05:14+00:00
ORD-109257,9,2,Wireless Mouse,peripherals,1,49.50,49.50,cancelled,2026-08-20T13:25:12+00:00
ORD-109258,3,9,USB-C Hub 8-in-1,accessories,2,39.99,79.98,pending,2026-08-20T07:53:55+00:00
ORD-109259,7,3,27in 1440p Monitor,displays,2,319.99,639.98,completed,2026-08-20T19:28:38+00:00
ORD-109260,3,6,Desk Speakers Pair,audio,3,89.00,267.00,pending,2026-08-20T01:35:01+00:00
ORD-109261,10,10,Laptop Stand Aluminium,accessories,4,27.50,110.00,refunded,2026-08-20T00:31:26+00:00
ORD-109262,5,1,Mechanical Keyboard 75%,peripherals,3,129.00,387.00,cancelled,2026-08-20T08:41:56+00:00
ORD-109263,1,10,Laptop Stand Aluminium,accessories,2,27.50,55.00,refunded,2026-08-20T11:17:57+00:00
ORD-109264,2,9,USB-C Hub 8-in-1,accessories,4,39.99,159.96,completed,2026-08-20T13:38:43+00:00
ORD-109265,10,10,Laptop Stand Aluminium,accessories,1,27.50,27.50,completed,2026-08-20T23:04:03+00:00
ORD-109266,1,1,Mechanical Keyboard 75%,peripherals,3,129.00,387.00,cancelled,2026-08-20T19:35:57+00:00
ORD-109267,10,6,Desk Speakers Pair,audio,5,89.00,445.00,completed,2026-08-20T03:32:37+00:00
ORD-109268,3,6,Desk Speakers Pair,audio,2,89.00,178.00,completed,2026-08-20T11:47:02+00:00
ORD-109269,2,5,Over-ear Headphones,audio,4,199.95,799.80,completed,2026-08-20T06:10:23+00:00
ORD-109270,3,2,Wireless Mouse,peripherals,3,49.50,148.50,pending,2026-08-20T23:43:34+00:00
ORD-109271,9,10,Laptop Stand Aluminium,accessories,3,27.50,82.50,refunded,2026-08-20T04:58:12+00:00
ORD-109272,8,1,Mechanical Keyboard 75%,peripherals,5,129.00,645.00,pending,2026-08-20T10:54:31+00:00
ORD-109273,7,7,Standing Desk 120cm,furniture,5,449.00,2245.00,cancelled,2026-08-20T07:22:29+00:00
ORD-109274,9,2,Wireless Mouse,peripherals,3,49.50,148.50,refunded,2026-08-20T14:26:36+00:00
ORD-109275,1,7,Standing Desk 120cm,furniture,1,449.00,449.00,cancelled,2026-08-20T09:36:20+00:00
ORD-109276,6,10,Laptop Stand Aluminium,accessories,1,27.50,27.50,refunded,2026-08-20T20:17:43+00:00
ORD-109277,6,5,Over-ear Headphones,audio,3,199.95,599.85,refunded,2026-08-20T17:49:01+00:00
ORD-109278,6,8,Ergonomic Chair,furniture,1,612.75,612.75,cancelled,2026-08-20T01:01:29+00:00
ORD-109279,8,8,Ergonomic Chair,furniture,5,612.75,3063.75,cancelled,2026-08-20T13:45:11+00:00
ORD-109280,10,8,Ergonomic Chair,furniture,5,612.75,3063.75,completed,2026-08-20T17:37:21+00:00
ORD-109281,3,2,Wireless Mouse,peripherals,5,49.50,247.50,pending,2026-08-20T05:07:32+00:00
ORD-109282,9,5,Over-ear Headphones,audio,3,199.95,599.85,refunded,2026-08-20T23:01:01+00:00
ORD-109283,2,5,Over-ear Headphones,audio,1,199.95,199.95,completed,2026-08-20T08:39:17+00:00
ORD-109284,7,9,USB-C Hub 8-in-1,accessories,5,39.99,199.95,pending,2026-08-20T20:29:18+00:00
ORD-109285,2,6,Desk Speakers Pair,audio,4,89.00,356.00,cancelled,2026-08-20T14:09:29+00:00
ORD-109286,1,8,Ergonomic Chair,furniture,4,612.75,2451.00,cancelled,2026-08-20T10:31:07+00:00
ORD-109287,8,2,Wireless Mouse,peripherals,1,49.50,49.50,refunded,2026-08-20T05:09:11+00:00
ORD-109288,7,7,Standing Desk 120cm,furniture,3,449.00,1347.00,refunded,2026-08-20T00:21:16+00:00
ORD-109289,9,8,Ergonomic Chair,furniture,1,612.75,612.75,refunded,2026-08-20T23:44:48+00:00
ORD-109290,8,8,Ergonomic Chair,furniture,5,612.75,3063.75,completed,2026-08-20T07:49:39+00:00
ORD-109291,1,2,Wireless Mouse,peripherals,1,49.50,49.50,refunded,2026-08-20T21:29:33+00:00
ORD-109292,3,6,Desk Speakers Pair,audio,4,89.00,356.00,cancelled,2026-08-20T11:51:40+00:00
ORD-109293,9,1,Mechanical Keyboard 75%,peripherals,2,129.00,258.00,completed,2026-08-20T23:29:39+00:00
ORD-109294,10,4,34in Ultrawide Monitor,displays,3,579.00,1737.00,pending,2026-08-20T21:59:44+00:00
ORD-109295,8,5,Over-ear Headphones,audio,1,199.95,199.95,pending,2026-08-20T01:30:10+00:00
ORD-109296,8,8,Ergonomic Chair,furniture,4,612.75,2451.00,refunded,2026-08-20T07:17:17+00:00
ORD-109297,6,3,27in 1440p Monitor,displays,5,319.99,1599.95,refunded,2026-08-20T05:48:51+00:00
ORD-109298,9,7,Standing Desk 120cm,furniture,4,449.00,1796.00,completed,2026-08-20T20:03:56+00:00
ORD-109299,7,3,27in 1440p Monitor,displays,5,319.99,1599.95,pending,2026-08-20T08:48:00+00:00
ORD-109300,6,2,Wireless Mouse,peripherals,5,49.50,247.50,cancelled,2026-08-20T08:17:35+00:00
ORD-109301,3,2,Wireless Mouse,peripherals,5,49.50,247.50,cancelled,2026-08-20T08:59:34+00:00
ORD-109302,3,8,Ergonomic Chair,furniture,5,612.75,3063.75,cancelled,2026-08-20T21:43:10+00:00
ORD-109303,4,9,USB-C Hub 8-in-1,accessories,3,39.99,119.97,refunded,2026-08-20T03:14:05+00:00
ORD-109304,9,1,Mechanical Keyboard 75%,peripherals,1,129.00,129.00,completed,2026-08-20T11:59:10+00:00
ORD-109305,6,9,USB-C Hub 8-in-1,accessories,4,39.99,159.96,completed,2026-08-20T13:55:33+00:00
ORD-109306,1,5,Over-ear Headphones,audio,4,199.95,799.80,pending,2026-08-20T23:21:34+00:00
ORD-109307,9,2,Wireless Mouse,peripherals,3,49.50,148.50,cancelled,2026-08-20T18:13:44+00:00
ORD-109308,7,9,USB-C Hub 8-in-1,accessories,1,39.99,39.99,pending,2026-08-20T16:38:35+00:00
ORD-109309,10,4,34in Ultrawide Monitor,displays,3,579.00,1737.00,completed,2026-08-20T11:18:40+00:00
ORD-109310,3,5,Over-ear Headphones,audio,5,199.95,999.75,cancelled,2026-08-20T18:58:33+00:00
ORD-109311,6,9,USB-C Hub 8-in-1,accessories,3,39.99,119.97,pending,2026-08-20T10:23:21+00:00
ORD-109312,3,2,Wireless Mouse,peripherals,5,49.50,247.50,refunded,2026-08-20T00:54:55+00:00
ORD-109313,1,9,USB-C Hub 8-in-1,accessories,2,39.99,79.98,cancelled,2026-08-20T13:45:37+00:00
ORD-109314,8,8,Ergonomic Chair,furniture,2,612.75,1225.50,cancelled,2026-08-20T18:18:07+00:00
ORD-109315,5,4,34in Ultrawide Monitor,displays,4,579.00,2316.00,pending,2026-08-20T15:31:57+00:00
ORD-109316,8,8,Ergonomic Chair,furniture,1,612.75,612.75,cancelled,2026-08-20T12:15:37+00:00
ORD-109317,10,8,Ergonomic Chair,furniture,1,612.75,612.75,completed,2026-08-20T01:11:22+00:00
ORD-109318,7,3,27in 1440p Monitor,displays,4,319.99,1279.96,cancelled,2026-08-20T11:54:14+00:00
ORD-109319,10,2,Wireless Mouse,peripherals,3,49.50,148.50,pending,2026-08-20T07:43:09+00:00
ORD-109320,7,10,Laptop Stand Aluminium,accessories,3,27.50,82.50,refunded,2026-08-20T14:27:25+00:00
ORD-109321,10,5,Over-ear Headphones,audio,5,199.95,999.75,cancelled,2026-08-20T22:40:07+00:00
ORD-109322,9,10,Laptop Stand Aluminium,accessories,3,27.50,82.50,cancelled,2026-08-20T10:50:58+00:00
ORD-109323,7,2,Wireless Mouse,peripherals,1,49.50,49.50,refunded,2026-08-20T13:32:45+00:00
ORD-109324,10,3,27in 1440p Monitor,displays,4,319.99,1279.96,refunded,2026-08-20T08:08:13+00:00
ORD-109325,4,6,Desk Speakers Pair,audio,2,89.00,178.00,refunded,2026-08-20T09:04:34+00:00
ORD-109326,10,6,Desk Speakers Pair,audio,1,89.00,89.00,completed,2026-08-20T07:14:53+00:00
ORD-109327,3,2,Wireless Mouse,peripherals,1,49.50,49.50,cancelled,2026-08-20T22:24:41+00:00
ORD-109328,10,6,Desk Speakers Pair,audio,4,89.00,356.00,completed,2026-08-20T19:20:34+00:00
ORD-109329,7,3,27in 1440p Monitor,displays,1,319.99,319.99,pending,2026-08-20T05:28:13+00:00
ORD-109330,10,9,USB-C Hub 8-in-1,accessories,1,39.99,39.99,completed,2026-08-20T05:54:19+00:00
ORD-109331,3,10,Laptop Stand Aluminium,accessories,5,27.50,137.50,pending,2026-08-20T11:36:30+00:00
ORD-109332,1,3,27in 1440p Monitor,displays,1,319.99,319.99,refunded,2026-08-20T09:18:57+00:00
ORD-109333,3,3,27in 1440p Monitor,displays,4,319.99,1279.96,refunded,2026-08-20T13:59:43+00:00
ORD-109334,5,6,Desk Speakers Pair,audio,2,89.00,178.00,completed,2026-08-20T21:52:10+00:00
ORD-109335,8,6,Desk Speakers Pair,audio,1,89.00,89.00,refunded,2026-08-20T07:36:30+00:00
ORD-109336,7,2,Wireless Mouse,peripherals,3,49.50,148.50,completed,2026-08-20T14:03:03+00:00
ORD-109337,9,6,Desk Speakers Pair,audio,4,89.00,356.00,pending,2026-08-20T03:42:42+00:00
ORD-109338,8,8,Ergonomic Chair,furniture,2,612.75,1225.50,pending,2026-08-20T03:19:35+00:00
ORD-109339,6,10,Laptop Stand Aluminium,accessories,4,27.50,110.00,completed,2026-08-20T19:56:56+00:00
ORD-109340,4,2,Wireless Mouse,peripherals,3,49.50,148.50,cancelled,2026-08-20T08:52:33+00:00
ORD-109341,10,8,Ergonomic Chair,furniture,3,612.75,1838.25,refunded,2026-08-20T23:45:50+00:00
ORD-109342,9,5,Over-ear Headphones,audio,3,199.95,599.85,pending,2026-08-20T18:18:22+00:00
ORD-109343,6,8,Ergonomic Chair,furniture,1,612.75,612.75,refunded,2026-08-20T04:19:34+00:00
ORD-109344,7,2,Wireless Mouse,peripherals,4,49.50,198.00,refunded,2026-08-20T06:04:10+00:00
ORD-109345,7,2,Wireless Mouse,peripherals,1,49.50,49.50,cancelled,2026-08-20T01:45:59+00:00
ORD-109346,5,10,Laptop Stand Aluminium,accessories,3,27.50,82.50,completed,2026-08-20T18:02:57+00:00
ORD-109347,9,1,Mechanical Keyboard 75%,peripherals,4,129.00,516.00,refunded,2026-08-20T07:28:20+00:00
ORD-109348,5,5,Over-ear Headphones,audio,3,199.95,599.85,pending,2026-08-20T04:13:39+00:00
ORD-109349,3,9,USB-C Hub 8-in-1,accessories,5,39.99,199.95,pending,2026-08-20T12:58:23+00:00
ORD-109350,5,7,Standing Desk 120cm,furniture,1,449.00,449.00,refunded,2026-08-20T00:18:45+00:00
ORD-109351,9,3,27in 1440p Monitor,displays,3,319.99,959.97,cancelled,2026-08-20T18:22:22+00:00
ORD-109352,4,2,Wireless Mouse,peripherals,5,49.50,247.50,cancelled,2026-08-20T23:33:17+00:00
ORD-109353,10,6,Desk Speakers Pair,audio,2,89.00,178.00,refunded,2026-08-20T20:28:39+00:00
ORD-109354,10,3,27in 1440p Monitor,displays,2,319.99,639.98,pending,2026-08-20T01:57:53+00:00
ORD-109355,3,10,Laptop Stand Aluminium,accessories,3,27.50,82.50,cancelled,2026-08-20T00:45:54+00:00
ORD-109356,4,10,Laptop Stand Aluminium,accessories,3,27.50,82.50,completed,2026-08-20T17:22:19+00:00
ORD-109357,8,1,Mechanical Keyboard 75%,peripherals,1,129.00,129.00,refunded,2026-08-20T19:40:30+00:00
ORD-109358,3,6,Desk Speakers Pair,audio,4,89.00,356.00,completed,2026-08-20T22:35:15+00:00
ORD-109359,5,5,Over-ear Headphones,audio,2,199.95,399.90,cancelled,2026-08-20T21:37:23+00:00
ORD-109360,6,6,Desk Speakers Pair,audio,4,89.00,356.00,cancelled,2026-08-20T16:19:03+00:00
ORD-109361,7,8,Ergonomic Chair,furniture,2,612.75,1225.50,cancelled,2026-08-20T05:34:29+00:00
ORD-109362,3,3,27in 1440p Monitor,displays,1,319.99,319.99,pending,2026-08-20T00:26:04+00:00
ORD-109363,1,2,Wireless Mouse,peripherals,1,49.50,49.50,refunded,2026-08-20T04:59:17+00:00
ORD-109364,5,2,Wireless Mouse,peripherals,3,49.50,148.50,refunded,2026-08-20T18:12:21+00:00
ORD-109365,1,8,Ergonomic Chair,furniture,1,612.75,612.75,pending,2026-08-20T15:21:31+00:00
ORD-109366,1,10,Laptop Stand Aluminium,accessories,3,27.50,82.50,completed,2026-08-20T16:52:15+00:00
ORD-109367,5,7,Standing Desk 120cm,furniture,2,449.00,898.00,completed,2026-08-20T20:53:57+00:00
ORD-109368,5,2,Wireless Mouse,peripherals,5,49.50,247.50,refunded,2026-08-20T13:15:57+00:00
ORD-109369,2,5,Over-ear Headphones,audio,2,199.95,399.90,refunded,2026-08-20T14:58:10+00:00
ORD-109370,8,6,Desk Speakers Pair,audio,1,89.00,89.00,refunded,2026-08-20T14:14:59+00:00
ORD-109371,7,1,Mechanical Keyboard 75%,peripherals,4,129.00,516.00,completed,2026-08-20T12:35:49+00:00
ORD-109372,2,4,34in Ultrawide Monitor,displays,1,579.00,579.00,refunded,2026-08-20T01:00:44+00:00
ORD-109373,3,9,USB-C Hub 8-in-1,accessories,5,39.99,199.95,completed,2026-08-20T21:11:49+00:00
ORD-109374,10,8,Ergonomic Chair,furniture,3,612.75,1838.25,pending,2026-08-20T09:56:04+00:00
ORD-109375,6,3,27in 1440p Monitor,displays,2,319.99,639.98,completed,2026-08-20T03:42:30+00:00
ORD-109376,9,2,Wireless Mouse,peripherals,1,49.50,49.50,refunded,2026-08-20T22:46:08+00:00
ORD-109377,8,2,Wireless Mouse,peripherals,3,49.50,148.50,pending,2026-08-20T09:01:28+00:00
ORD-109378,9,2,Wireless Mouse,peripherals,4,49.50,198.00,refunded,2026-08-20T06:31:45+00:00
ORD-109379,3,6,Desk Speakers Pair,audio,1,89.00,89.00,pending,2026-08-20T21:33:58+00:00
ORD-109380,7,7,Standing Desk 120cm,furniture,2,449.00,898.00,completed,2026-08-20T12:16:22+00:00
ORD-109381,8,6,Desk Speakers Pair,audio,5,89.00,445.00,refunded,2026-08-20T14:52:11+00:00
ORD-109382,9,1,Mechanical Keyboard 75%,peripherals,4,129.00,516.00,completed,2026-08-20T04:06:06+00:00
ORD-109383,10,8,Ergonomic Chair,furniture,3,612.75,1838.25,cancelled,2026-08-20T10:33:36+00:00
ORD-109384,3,9,USB-C Hub 8-in-1,accessories,3,39.99,119.97,pending,2026-08-20T15:27:12+00:00
ORD-109385,4,1,Mechanical Keyboard 75%,peripherals,5,129.00,645.00,cancelled,2026-08-20T17:16:23+00:00
ORD-109386,5,10,Laptop Stand Aluminium,accessories,2,27.50,55.00,completed,2026-08-20T18:29:49+00:00
ORD-109387,10,6,Desk Speakers Pair,audio,4,89.00,356.00,cancelled,2026-08-20T22:59:11+00:00
ORD-109388,10,5,Over-ear Headphones,audio,5,199.95,999.75,completed,2026-08-20T00:26:04+00:00
ORD-109389,4,9,USB-C Hub 8-in-1,accessories,2,39.99,79.98,refunded,2026-08-20T18:29:06+00:00
ORD-109390,9,1,Mechanical Keyboard 75%,peripherals,4,129.00,516.00,pending,2026-08-20T01:50:55+00:00
ORD-109391,5,3,27in 1440p Monitor,displays,1,319.99,319.99,pending,2026-08-20T09:09:40+00:00
ORD-109392,2,1,Mechanical Keyboard 75%,peripherals,2,129.00,258.00,pending,2026-08-20T04:39:30+00:00
ORD-109393,9,4,34in Ultrawide Monitor,displays,5,579.00,2895.00,pending,2026-08-20T07:36:46+00:00
ORD-109394,9,6,Desk Speakers Pair,audio,2,89.00,178.00,refunded,2026-08-20T23:20:47+00:00
ORD-109395,5,3,27in 1440p Monitor,displays,5,319.99,1599.95,refunded,2026-08-20T01:12:49+00:00
ORD-109396,8,9,USB-C Hub 8-in-1,accessories,3,39.99,119.97,refunded,2026-08-20T05:34:49+00:00
ORD-109397,7,8,Ergonomic Chair,furniture,2,612.75,1225.50,pending,2026-08-20T04:41:18+00:00
ORD-109398,7,8,Ergonomic Chair,furniture,3,612.75,1838.25,pending,2026-08-20T12:01:57+00:00
ORD-109399,1,4,34in Ultrawide Monitor,displays,4,579.00,2316.00,refunded,2026-08-20T02:26:17+00:00
ORD-109400,5,3,27in 1440p Monitor,displays,2,319.99,639.98,cancelled,2026-08-20T16:32:22+00:00
ORD-109401,8,9,USB-C Hub 8-in-1,accessories,4,39.99,159.96,cancelled,2026-08-20T01:37:03+00:00
ORD-109402,7,8,Ergonomic Chair,furniture,1,612.75,612.75,cancelled,2026-08-20T15:58:15+00:00
ORD-109403,8,4,34in Ultrawide Monitor,displays,5,579.00,2895.00,refunded,2026-08-20T08:23:32+00:00
ORD-109404,3,7,Standing Desk 120cm,furniture,5,449.00,2245.00,cancelled,2026-08-20T17:25:01+00:00
ORD-109405,6,9,USB-C Hub 8-in-1,accessories,2,39.99,79.98,refunded,2026-08-20T11:51:07+00:00
ORD-109406,9,7,Standing Desk 120cm,furniture,4,449.00,1796.00,cancelled,2026-08-20T13:32:00+00:00
ORD-109407,10,9,USB-C Hub 8-in-1,accessories,1,39.99,39.99,completed,2026-08-20T12:20:59+00:00
ORD-109408,10,7,Standing Desk 120cm,furniture,3,449.00,1347.00,pending,2026-08-20T22:13:15+00:00
ORD-109409,4,2,Wireless Mouse,peripherals,1,49.50,49.50,completed,2026-08-20T05:18:44+00:00
ORD-109410,8,3,27in 1440p Monitor,displays,1,319.99,319.99,cancelled,2026-08-20T09:26:29+00:00
ORD-109411,1,9,USB-C Hub 8-in-1,accessories,3,39.99,119.97,completed,2026-08-20T09:53:01+00:00
ORD-109412,8,4,34in Ultrawide Monitor,displays,5,579.00,2895.00,completed,2026-08-20T00:55:50+00:00
ORD-109413,6,1,Mechanical Keyboard 75%,peripherals,3,129.00,387.00,completed,2026-08-20T20:18:11+00:00
ORD-109414,6,6,Desk Speakers Pair,audio,5,89.00,445.00,pending,2026-08-20T11:18:52+00:00
ORD-109415,5,10,Laptop Stand Aluminium,accessories,3,27.50,82.50,refunded,2026-08-20T20:02:53+00:00
ORD-109416,7,7,Standing Desk 120cm,furniture,4,449.00,1796.00,cancelled,2026-08-20T21:52:55+00:00
ORD-109417,10,4,34in Ultrawide Monitor,displays,5,579.00,2895.00,refunded,2026-08-20T08:39:42+00:00
ORD-109418,3,5,Over-ear Headphones,audio,1,199.95,199.95,cancelled,2026-08-20T19:25:57+00:00
ORD-109419,9,9,USB-C Hub 8-in-1,accessories,3,39.99,119.97,completed,2026-08-20T02:58:16+00:00
ORD-109420,9,4,34in Ultrawide Monitor,displays,1,579.00,579.00,refunded,2026-08-20T00:26:03+00:00
ORD-109421,9,9,USB-C Hub 8-in-1,accessories,3,39.99,119.97,cancelled,2026-08-20T04:05:46+00:00
ORD-109422,9,2,Wireless Mouse,peripherals,5,49.50,247.50,cancelled,2026-08-20T23:30:20+00:00
ORD-109423,9,2,Wireless Mouse,peripherals,5,49.50,247.50,completed,2026-08-20T04:28:37+00:00
ORD-109424,8,5,Over-ear Headphones,audio,3,199.95,599.85,completed,2026-08-20T12:35:10+00:00
ORD-109425,3,3,27in 1440p Monitor,displays,1,319.99,319.99,pending,2026-08-20T08:51:54+00:00
ORD-109426,1,1,Mechanical Keyboard 75%,peripherals,2,129.00,258.00,completed,2026-08-20T16:53:28+00:00
ORD-109427,3,1,Mechanical Keyboard 75%,peripherals,3,129.00,387.00,completed,2026-08-20T18:14:11+00:00
ORD-109428,7,8,Ergonomic Chair,furniture,2,612.75,1225.50,completed,2026-08-20T21:11:54+00:00
ORD-109429,9,6,Desk Speakers Pair,audio,1,89.00,89.00,cancelled,2026-08-20T13:54:39+00:00
ORD-109430,2,8,Ergonomic Chair,furniture,4,612.75,2451.00,pending,2026-08-20T09:30:30+00:00
ORD-109431,10,10,Laptop Stand Aluminium,accessories,3,27.50,82.50,pending,2026-08-20T09:28:20+00:00
ORD-109432,9,1,Mechanical Keyboard 75%,peripherals,1,129.00,129.00,completed,2026-08-20T07:41:54+00:00
ORD-109433,1,2,Wireless Mouse,peripherals,5,49.50,247.50,completed,2026-08-20T06:48:54+00:00
ORD-109434,2,7,Standing Desk 120cm,furniture,5,449.00,2245.00,completed,2026-08-20T00:20:22+00:00
ORD-109435,7,6,Desk Speakers Pair,audio,2,89.00,178.00,pending,2026-08-20T02:42:43+00:00
ORD-109436,3,8,Ergonomic Chair,furniture,5,612.75,3063.75,refunded,2026-08-20T08:17:45+00:00
ORD-109437,6,2,Wireless Mouse,peripherals,2,49.50,99.00,completed,2026-08-20T03:22:50+00:00
ORD-109438,2,2,Wireless Mouse,peripherals,2,49.50,99.00,refunded,2026-08-20T09:53:31+00:00
ORD-109439,3,9,USB-C Hub 8-in-1,accessories,3,39.99,119.97,cancelled,2026-08-20T06:31:24+00:00
ORD-109440,7,6,Desk Speakers Pair,audio,1,89.00,89.00,pending,2026-08-20T23:44:30+00:00
ORD-109441,4,7,Standing Desk 120cm,furniture,2,449.00,898.00,refunded,2026-08-20T16:47:26+00:00
ORD-109442,9,1,Mechanical Keyboard 75%,peripherals,3,129.00,387.00,pending,2026-08-20T21:34:35+00:00
ORD-109443,10,7,Standing Desk 120cm,furniture,5,449.00,2245.00,completed,2026-08-20T00:17:06+00:00
ORD-109444,7,4,34in Ultrawide Monitor,displays,5,579.00,2895.00,pending,2026-08-20T18:06:30+00:00
ORD-109445,7,1,Mechanical Keyboard 75%,peripherals,1,129.00,129.00,cancelled,2026-08-20T21:11:24+00:00
ORD-109446,7,6,Desk Speakers Pair,audio,3,89.00,267.00,refunded,2026-08-20T07:22:48+00:00
ORD-109447,3,4,34in Ultrawide Monitor,displays,4,579.00,2316.00,cancelled,2026-08-20T23:43:23+00:00
ORD-109448,6,2,Wireless Mouse,peripherals,3,49.50,148.50,refunded,2026-08-20T23:58:18+00:00
ORD-109449,3,7,Standing Desk 120cm,furniture,2,449.00,898.00,pending,2026-08-20T17:59:45+00:00
ORD-109450,3,1,Mechanical Keyboard 75%,peripherals,4,129.00,516.00,cancelled,2026-08-20T08:51:23+00:00
ORD-109451,4,4,34in Ultrawide Monitor,displays,5,579.00,2895.00,cancelled,2026-08-20T20:22:46+00:00
ORD-109452,9,9,USB-C Hub 8-in-1,accessories,4,39.99,159.96,cancelled,2026-08-20T12:06:19+00:00
ORD-109453,2,5,Over-ear Headphones,audio,1,199.95,199.95,cancelled,2026-08-20T21:10:39+00:00
ORD-109454,6,1,Mechanical Keyboard 75%,peripherals,2,129.00,258.00,refunded,2026-08-20T23:50:56+00:00
ORD-109455,1,8,Ergonomic Chair,furniture,3,612.75,1838.25,cancelled,2026-08-20T08:16:20+00:00
ORD-109456,10,4,34in Ultrawide Monitor,displays,5,579.00,2895.00,refunded,2026-08-20T03:19:08+00:00
ORD-109457,10,6,Desk Speakers Pair,audio,4,89.00,356.00,cancelled,2026-08-20T03:50:13+00:00
ORD-109458,3,10,Laptop Stand Aluminium,accessories,4,27.50,110.00,completed,2026-08-20T14:46:00+00:00
ORD-109459,6,4,34in Ultrawide Monitor,displays,5,579.00,2895.00,pending,2026-08-20T19:49:27+00:00
ORD-109460,6,10,Laptop Stand Aluminium,accessories,5,27.50,137.50,pending,2026-08-20T18:42:34+00:00
ORD-109461,10,3,27in 1440p Monitor,displays,2,319.99,639.98,pending,2026-08-20T11:07:33+00:00
ORD-109462,4,2,Wireless Mouse,peripherals,4,49.50,198.00,cancelled,2026-08-20T05:25:49+00:00
ORD-109463,5,4,34in Ultrawide Monitor,displays,2,579.00,1158.00,refunded,2026-08-20T21:29:54+00:00
ORD-109464,1,5,Over-ear Headphones,audio,1,199.95,199.95,cancelled,2026-08-20T12:44:15+00:00
ORD-109465,5,5,Over-ear Headphones,audio,5,199.95,999.75,pending,2026-08-20T03:36:03+00:00
ORD-109466,3,7,Standing Desk 120cm,furniture,3,449.00,1347.00,cancelled,2026-08-20T19:48:57+00:00
ORD-109467,5,5,Over-ear Headphones,audio,1,199.95,199.95,refunded,2026-08-20T23:36:39+00:00
ORD-109468,3,3,27in 1440p Monitor,displays,3,319.99,959.97,pending,2026-08-20T13:24:45+00:00
ORD-109469,5,5,Over-ear Headphones,audio,4,199.95,799.80,cancelled,2026-08-20T06:18:27+00:00
ORD-109470,2,8,Ergonomic Chair,furniture,1,612.75,612.75,refunded,2026-08-20T06:00:42+00:00
ORD-109471,1,1,Mechanical Keyboard 75%,peripherals,1,129.00,129.00,completed,2026-08-20T18:49:46+00:00
ORD-109472,1,3,27in 1440p Monitor,displays,3,319.99,959.97,refunded,2026-08-20T00:38:11+00:00
ORD-109473,3,10,Laptop Stand Aluminium,accessories,2,27.50,55.00,pending,2026-08-20T04:29:50+00:00
ORD-109474,8,1,Mechanical Keyboard 75%,peripherals,1,129.00,129.00,refunded,2026-08-20T02:55:45+00:00
ORD-109475,2,4,34in Ultrawide Monitor,displays,2,579.00,1158.00,cancelled,2026-08-20T12:43:43+00:00
ORD-109476,8,7,Standing Desk 120cm,furniture,5,449.00,2245.00,pending,2026-08-20T18:18:09+00:00
ORD-109477,1,6,Desk Speakers Pair,audio,4,89.00,356.00,pending,2026-08-20T00:08:39+00:00
ORD-109478,7,9,USB-C Hub 8-in-1,accessories,3,39.99,119.97,refunded,2026-08-20T14:50:33+00:00
ORD-109479,6,2,Wireless Mouse,peripherals,3,49.50,148.50,completed,2026-08-20T10:58:21+00:00
ORD-109480,9,3,27in 1440p Monitor,displays,4,319.99,1279.96,completed,2026-08-20T23:52:54+00:00
ORD-109481,8,4,34in Ultrawide Monitor,displays,1,579.00,579.00,pending,not-a-valid-date
ORD-109482,9,2,Wireless Mouse,peripherals,2,49.50,99.00,refunded,2026-08-20T18:12:32+00:00
ORD-109483,9,5,Over-ear Headphones,audio,1,199.95,199.95,pending,2026-08-20T13:46:22+00:00
ORD-109484,4,1,Mechanical Keyboard 75%,peripherals,3,129.00,387.00,pending,2026-08-20T19:49:34+00:00
ORD-109485,4,2,Wireless Mouse,peripherals,3,49.50,148.50,refunded,2026-08-20T14:36:24+00:00
ORD-109486,4,4,34in Ultrawide Monitor,displays,5,579.00,2895.00,cancelled,2026-08-20T20:26:50+00:00
ORD-109487,1,5,Over-ear Headphones,audio,4,199.95,799.80,completed,2026-08-20T23:19:58+00:00
ORD-109488,1,2,Wireless Mouse,peripherals,5,49.50,247.50,pending,2026-08-20T14:16:19+00:00
ORD-109489,3,10,Laptop Stand Aluminium,accessories,5,27.50,137.50,cancelled,2026-08-20T09:20:27+00:00
ORD-109490,4,5,Over-ear Headphones,audio,2,199.95,399.90,refunded,2026-08-20T06:37:28+00:00
ORD-109491,6,9,USB-C Hub 8-in-1,accessories,4,39.99,159.96,cancelled,2026-08-20T03:08:27+00:00
ORD-109492,3,4,34in Ultrawide Monitor,displays,5,579.00,2895.00,pending,2026-08-20T08:23:24+00:00
ORD-109493,1,10,Laptop Stand Aluminium,accessories,2,27.50,55.00,cancelled,2026-08-20T08:40:35+00:00
ORD-109494,7,2,Wireless Mouse,peripherals,4,49.50,198.00,completed,2026-08-20T19:16:30+00:00
ORD-109495,3,3,27in 1440p Monitor,displays,5,319.99,1599.95,refunded,2026-08-20T00:17:18+00:00
ORD-109496,10,4,34in Ultrawide Monitor,displays,4,579.00,2316.00,refunded,2026-08-20T02:06:30+00:00
ORD-109497,9,1,Mechanical Keyboard 75%,peripherals,2,129.00,258.00,cancelled,2026-08-20T13:05:31+00:00
ORD-109498,8,4,34in Ultrawide Monitor,displays,1,579.00,579.00,pending,2026-08-20T19:37:04+00:00
ORD-109499,10,6,Desk Speakers Pair,audio,3,89.00,267.00,pending,2026-08-20T05:18:51+00:00
ORD-109500,3,6,Desk Speakers Pair,audio,4,89.00,356.00,pending,2026-08-20T08:28:33+00:00
ORD-109501,7,1,Mechanical Keyboard 75%,peripherals,2,129.00,258.00,refunded,2026-08-20T03:22:50+00:00
ORD-109502,7,7,Standing Desk 120cm,furniture,2,449.00,898.00,cancelled,2026-08-20T04:04:27+00:00
ORD-109503,9,8,Ergonomic Chair,furniture,4,612.75,2451.00,cancelled,2026-08-20T06:21:27+00:00
ORD-109504,10,2,Wireless Mouse,peripherals,2,49.50,99.00,cancelled,2026-08-20T17:21:14+00:00
ORD-109505,6,8,Ergonomic Chair,furniture,5,612.75,3063.75,cancelled,2026-08-20T02:14:51+00:00
ORD-109506,1,7,Standing Desk 120cm,furniture,2,449.00,898.00,pending,2026-08-20T15:03:46+00:00
ORD-109507,8,1,Mechanical Keyboard 75%,peripherals,5,129.00,645.00,completed,2026-08-20T00:49:37+00:00
ORD-109508,7,3,27in 1440p Monitor,displays,1,319.99,319.99,pending,2026-08-20T05:34:44+00:00
ORD-109509,6,4,34in Ultrawide Monitor,displays,1,579.00,579.00,refunded,2026-08-20T09:35:53+00:00
ORD-109510,6,9,USB-C Hub 8-in-1,accessories,5,39.99,199.95,refunded,2026-08-20T19:59:43+00:00
ORD-109511,10,9,USB-C Hub 8-in-1,accessories,1,39.99,39.99,cancelled,2026-08-20T07:20:57+00:00
ORD-109512,7,9,USB-C Hub 8-in-1,accessories,5,39.99,199.95,pending,2026-08-20T18:58:52+00:00
ORD-109513,5,9,USB-C Hub 8-in-1,accessories,1,39.99,39.99,refunded,2026-08-20T02:18:29+00:00
ORD-109514,2,8,Ergonomic Chair,furniture,3,612.75,1838.25,completed,2026-08-20T09:29:12+00:00
ORD-109515,6,4,34in Ultrawide Monitor,displays,3,579.00,1737.00,refunded,2026-08-20T00:30:26+00:00
ORD-109516,10,7,Standing Desk 120cm,furniture,1,449.00,449.00,pending,2026-08-20T00:48:07+00:00
ORD-109517,5,2,Wireless Mouse,peripherals,1,49.50,49.50,cancelled,2026-08-20T15:00:13+00:00
ORD-109518,10,8,Ergonomic Chair,furniture,5,612.75,3063.75,cancelled,2026-08-20T06:39:04+00:00
ORD-109519,10,10,Laptop Stand Aluminium,accessories,5,27.50,137.50,pending,2026-08-20T02:40:49+00:00
ORD-109520,5,1,Mechanical Keyboard 75%,peripherals,5,129.00,645.00,completed,2026-08-20T16:52:09+00:00
ORD-109521,4,4,34in Ultrawide Monitor,displays,3,579.00,1737.00,cancelled,2026-08-20T02:56:44+00:00
ORD-109522,7,4,34in Ultrawide Monitor,displays,1,579.00,579.00,cancelled,2026-08-20T23:41:08+00:00
ORD-109523,9,10,Laptop Stand Aluminium,accessories,5,27.50,137.50,completed,2026-08-20T21:28:04+00:00
ORD-109524,8,5,Over-ear Headphones,audio,1,199.95,199.95,cancelled,2026-08-20T15:03:09+00:00
ORD-109525,1,5,Over-ear Headphones,audio,2,199.95,399.90,completed,2026-08-20T16:48:58+00:00
ORD-109526,2,1,Mechanical Keyboard 75%,peripherals,5,129.00,645.00,refunded,2026-08-20T01:10:36+00:00
ORD-109527,3,5,Over-ear Headphones,audio,2,199.95,399.90,completed,2026-08-20T07:23:35+00:00
ORD-109528,7,4,34in Ultrawide Monitor,displays,1,579.00,579.00,cancelled,2026-08-20T11:49:38+00:00
ORD-109529,6,6,Desk Speakers Pair,audio,3,89.00,267.00,completed,2026-08-20T11:34:34+00:00
ORD-109530,1,6,Desk Speakers Pair,audio,4,89.00,356.00,completed,2026-08-20T04:22:00+00:00
ORD-109531,1,1,Mechanical Keyboard 75%,peripherals,3,129.00,387.00,refunded,2026-08-20T03:46:52+00:00
ORD-109532,10,7,Standing Desk 120cm,furniture,4,449.00,1796.00,refunded,2026-08-20T01:03:16+00:00
ORD-109533,6,8,Ergonomic Chair,furniture,5,612.75,3063.75,completed,2026-08-20T19:36:36+00:00
ORD-109534,10,10,Laptop Stand Aluminium,accessories,4,27.50,110.00,refunded,2026-08-20T13:46:29+00:00
ORD-109535,10,1,Mechanical Keyboard 75%,peripherals,5,129.00,645.00,pending,2026-08-20T21:49:11+00:00
ORD-109536,10,1,Mechanical Keyboard 75%,peripherals,5,129.00,645.00,refunded,2026-08-20T01:56:01+00:00
ORD-109537,8,8,Ergonomic Chair,furniture,5,612.75,3063.75,pending,2026-08-20T12:45:58+00:00
ORD-109538,10,3,27in 1440p Monitor,displays,2,319.99,639.98,refunded,2026-08-20T10:12:42+00:00
ORD-109539,4,6,Desk Speakers Pair,audio,3,89.00,267.00,pending,2026-08-20T17:18:35+00:00
ORD-109540,2,4,34in Ultrawide Monitor,displays,4,579.00,2316.00,refunded,2026-08-20T11:10:14+00:00
ORD-109541,3,10,Laptop Stand Aluminium,accessories,5,27.50,137.50,cancelled,2026-08-20T00:24:48+00:00
ORD-109542,4,2,Wireless Mouse,peripherals,2,49.50,99.00,refunded,2026-08-20T10:36:17+00:00
ORD-109543,1,5,Over-ear Headphones,audio,2,199.95,399.90,cancelled,2026-08-20T20:53:40+00:00
ORD-109544,6,2,Wireless Mouse,peripherals,5,49.50,247.50,refunded,2026-08-20T21:05:02+00:00
ORD-109545,1,4,34in Ultrawide Monitor,displays,5,579.00,2895.00,refunded,2026-08-20T20:08:00+00:00
ORD-109546,8,2,Wireless Mouse,peripherals,3,49.50,148.50,completed,2026-08-20T02:14:24+00:00
ORD-109547,2,3,27in 1440p Monitor,displays,1,319.99,319.99,cancelled,2026-08-20T01:11:01+00:00
ORD-109548,6,3,27in 1440p Monitor,displays,2,319.99,639.98,refunded,2026-08-20T21:21:04+00:00
ORD-109549,9,5,Over-ear Headphones,audio,3,199.95,599.85,refunded,2026-08-20T19:10:55+00:00
ORD-109550,5,5,Over-ear Headphones,audio,1,199.95,199.95,refunded,2026-08-20T20:09:43+00:00
ORD-109551,2,9,USB-C Hub 8-in-1,accessories,3,39.99,119.97,refunded,2026-08-20T06:55:02+00:00
ORD-109552,4,10,Laptop Stand Aluminium,accessories,3,27.50,82.50,completed,2026-08-20T18:37:18+00:00
ORD-109553,6,5,Over-ear Headphones,audio,1,199.95,199.95,pending,2026-08-20T23:41:27+00:00
ORD-109554,10,8,Ergonomic Chair,furniture,1,612.75,612.75,refunded,2026-08-20T13:27:55+00:00
ORD-109555,6,2,Wireless Mouse,peripherals,4,49.50,198.00,refunded,2026-08-20T22:40:37+00:00
ORD-109556,3,9,USB-C Hub 8-in-1,accessories,2,39.99,79.98,refunded,2026-08-20T00:57:27+00:00
ORD-109557,3,5,Over-ear Headphones,audio,1,199.95,199.95,pending,2026-08-20T13:03:32+00:00
ORD-109558,9,1,Mechanical Keyboard 75%,peripherals,4,129.00,516.00,refunded,2026-08-20T22:06:46+00:00
ORD-109559,5,5,Over-ear Headphones,audio,5,199.95,999.75,refunded,2026-08-20T13:56:27+00:00
ORD-109560,5,3,27in 1440p Monitor,displays,4,319.99,1279.96,completed,2026-08-20T03:28:38+00:00
ORD-109561,6,1,Mechanical Keyboard 75%,peripherals,1,129.00,129.00,cancelled,2026-08-20T18:37:18+00:00
ORD-109562,6,5,Over-ear Headphones,audio,4,199.95,799.80,refunded,2026-08-20T13:45:11+00:00
ORD-109563,3,2,Wireless Mouse,peripherals,3,49.50,148.50,pending,2026-08-20T17:04:24+00:00
ORD-109564,6,3,27in 1440p Monitor,displays,1,319.99,319.99,cancelled,2026-08-20T07:45:21+00:00
ORD-109565,9,10,Laptop Stand Aluminium,accessories,2,27.50,55.00,pending,2026-08-20T02:49:58+00:00
ORD-109566,3,9,USB-C Hub 8-in-1,accessories,2,39.99,79.98,completed,2026-08-20T11:25:06+00:00
ORD-109567,9,7,Standing Desk 120cm,furniture,1,449.00,449.00,cancelled,2026-08-20T04:03:05+00:00
ORD-109568,4,2,Wireless Mouse,peripherals,2,49.50,99.00,pending,2026-08-20T08:17:06+00:00
ORD-109569,2,5,Over-ear Headphones,audio,3,199.95,599.85,refunded,2026-08-20T03:52:17+00:00
ORD-109570,1,6,Desk Speakers Pair,audio,2,89.00,178.00,refunded,2026-08-20T15:29:54+00:00
ORD-109571,7,5,Over-ear Headphones,audio,2,199.95,399.90,refunded,2026-08-20T02:07:50+00:00
ORD-109572,2,5,Over-ear Headphones,audio,2,199.95,399.90,cancelled,2026-08-20T11:41:49+00:00
ORD-109573,7,5,Over-ear Headphones,audio,4,199.95,799.80,completed,2026-08-20T17:45:57+00:00
ORD-109574,6,7,Standing Desk 120cm,furniture,5,449.00,2245.00,cancelled,2026-08-20T01:35:04+00:00
ORD-109575,2,3,27in 1440p Monitor,displays,1,319.99,319.99,pending,2026-08-20T02:54:19+00:00
ORD-109576,7,4,34in Ultrawide Monitor,displays,3,579.00,1737.00,pending,2026-08-20T10:27:58+00:00
ORD-109577,2,7,Standing Desk 120cm,furniture,2,449.00,898.00,refunded,2026-08-20T19:17:23+00:00
ORD-109578,4,3,27in 1440p Monitor,displays,3,319.99,959.97,cancelled,2026-08-20T23:32:58+00:00
ORD-109579,5,7,Standing Desk 120cm,furniture,3,449.00,1347.00,cancelled,2026-08-20T21:40:57+00:00
ORD-109580,3,6,Desk Speakers Pair,audio,2,89.00,178.00,completed,2026-08-20T16:14:32+00:00
ORD-109581,2,9,USB-C Hub 8-in-1,accessories,3,39.99,119.97,pending,2026-08-20T19:01:19+00:00
ORD-109582,8,2,Wireless Mouse,peripherals,4,49.50,198.00,cancelled,2026-08-20T07:08:29+00:00
ORD-109583,3,7,Standing Desk 120cm,furniture,5,449.00,2245.00,completed,2026-08-20T23:35:40+00:00
ORD-109584,8,6,Desk Speakers Pair,audio,4,89.00,356.00,cancelled,2026-08-20T23:09:42+00:00
ORD-109585,6,6,Desk Speakers Pair,audio,4,89.00,356.00,cancelled,2026-08-20T22:40:34+00:00
ORD-109586,4,4,34in Ultrawide Monitor,displays,2,579.00,1158.00,refunded,2026-08-20T18:44:19+00:00
ORD-109587,3,3,27in 1440p Monitor,displays,1,319.99,319.99,cancelled,2026-08-20T19:43:21+00:00
ORD-109588,2,8,Ergonomic Chair,furniture,4,612.75,2451.00,refunded,2026-08-20T02:36:32+00:00
ORD-109589,6,10,Laptop Stand Aluminium,accessories,5,27.50,137.50,refunded,2026-08-20T18:59:43+00:00
ORD-109590,2,8,Ergonomic Chair,furniture,5,612.75,3063.75,pending,2026-08-20T06:46:40+00:00
ORD-109591,7,7,Standing Desk 120cm,furniture,2,449.00,898.00,completed,2026-08-20T01:34:08+00:00
ORD-109592,4,9,USB-C Hub 8-in-1,accessories,3,39.99,119.97,cancelled,2026-08-20T21:35:51+00:00
ORD-109593,1,4,34in Ultrawide Monitor,displays,5,579.00,2895.00,completed,2026-08-20T23:56:23+00:00
ORD-109594,9,5,Over-ear Headphones,audio,1,199.95,199.95,pending,2026-08-20T17:01:24+00:00
ORD-109595,7,6,Desk Speakers Pair,audio,2,89.00,178.00,refunded,2026-08-20T10:20:31+00:00
ORD-109596,2,7,Standing Desk 120cm,furniture,1,449.00,449.00,cancelled,2026-08-20T02:39:53+00:00
ORD-109597,3,4,34in Ultrawide Monitor,displays,2,579.00,1158.00,completed,2026-08-20T14:32:54+00:00
ORD-109598,5,3,27in 1440p Monitor,displays,2,319.99,639.98,pending,2026-08-20T14:58:10+00:00
ORD-109599,6,2,Wireless Mouse,peripherals,1,49.50,49.50,cancelled,2026-08-20T14:38:04+00:00
ORD-109600,8,10,Laptop Stand Aluminium,accessories,4,27.50,110.00,pending,2026-08-20T01:51:44+00:00
ORD-109601,4,5,Over-ear Headphones,audio,3,199.95,599.85,cancelled,2026-08-20T07:33:55+00:00
ORD-109602,4,1,Mechanical Keyboard 75%,peripherals,5,129.00,645.00,completed,2026-08-20T09:37:58+00:00
ORD-109603,7,6,Desk Speakers Pair,audio,5,89.00,445.00,completed,2026-08-20T01:49:43+00:00
ORD-109604,4,8,Ergonomic Chair,furniture,4,612.75,2451.00,refunded,2026-08-20T04:51:30+00:00
ORD-109605,7,10,Laptop Stand Aluminium,accessories,2,27.50,55.00,completed,2026-08-20T09:48:05+00:00
ORD-109606,2,9,USB-C Hub 8-in-1,accessories,2,39.99,79.98,pending,2026-08-20T05:52:16+00:00
ORD-109607,6,8,Ergonomic Chair,furniture,4,612.75,2451.00,cancelled,2026-08-20T07:29:06+00:00
ORD-109608,8,4,34in Ultrawide Monitor,displays,3,579.00,1737.00,refunded,2026-08-20T09:18:49+00:00
ORD-109609,4,7,Standing Desk 120cm,furniture,5,449.00,2245.00,cancelled,2026-08-20T20:47:01+00:00
ORD-109610,7,9,USB-C Hub 8-in-1,accessories,1,39.99,39.99,pending,2026-08-20T16:53:42+00:00
ORD-109611,8,3,27in 1440p Monitor,displays,5,319.99,1599.95,pending,2026-08-20T11:52:40+00:00
ORD-109612,3,7,Standing Desk 120cm,furniture,2,449.00,898.00,completed,2026-08-20T14:28:20+00:00
ORD-109613,1,6,Desk Speakers Pair,audio,2,89.00,178.00,pending,2026-08-20T11:27:10+00:00
ORD-109614,8,9,USB-C Hub 8-in-1,accessories,3,39.99,119.97,cancelled,2026-08-20T11:11:58+00:00
ORD-109615,5,9,USB-C Hub 8-in-1,accessories,2,39.99,79.98,cancelled,2026-08-20T04:16:01+00:00
ORD-109616,10,2,Wireless Mouse,peripherals,1,49.50,49.50,completed,2026-08-20T04:15:31+00:00
ORD-109617,3,2,Wireless Mouse,peripherals,2,49.50,99.00,refunded,2026-08-20T21:13:15+00:00
ORD-109618,2,2,Wireless Mouse,peripherals,2,49.50,99.00,pending,2026-08-20T11:49:46+00:00
ORD-109619,9,2,Wireless Mouse,peripherals,5,49.50,247.50,cancelled,2026-08-20T00:48:50+00:00
ORD-109620,9,5,Over-ear Headphones,audio,1,199.95,199.95,pending,2026-08-20T18:15:48+00:00
ORD-109621,10,5,Over-ear Headphones,audio,4,199.95,799.80,completed,2026-08-20T03:19:26+00:00
ORD-109622,8,5,Over-ear Headphones,audio,1,199.95,199.95,completed,2026-08-20T20:39:15+00:00
ORD-109623,2,4,34in Ultrawide Monitor,displays,2,579.00,1158.00,refunded,2026-08-20T18:44:29+00:00
ORD-109624,10,1,Mechanical Keyboard 75%,peripherals,2,129.00,258.00,refunded,2026-08-20T10:03:29+00:00
ORD-109625,9,2,Wireless Mouse,peripherals,2,49.50,99.00,completed,2026-08-20T19:00:45+00:00
ORD-109626,4,6,Desk Speakers Pair,audio,4,89.00,356.00,pending,2026-08-20T13:52:51+00:00
ORD-109627,7,1,Mechanical Keyboard 75%,peripherals,5,129.00,645.00,refunded,2026-08-20T09:23:28+00:00
ORD-109628,6,2,Wireless Mouse,peripherals,2,49.50,99.00,pending,2026-08-20T02:36:25+00:00
ORD-109629,3,7,Standing Desk 120cm,furniture,2,449.00,898.00,cancelled,2026-08-20T07:44:13+00:00
ORD-109630,4,9,USB-C Hub 8-in-1,accessories,1,39.99,39.99,cancelled,2026-08-20T11:24:25+00:00
ORD-109631,10,4,34in Ultrawide Monitor,displays,5,579.00,2895.00,cancelled,2026-08-20T10:23:29+00:00
ORD-109632,7,2,Wireless Mouse,peripherals,5,49.50,247.50,refunded,2026-08-20T08:44:42+00:00
ORD-109633,4,5,Over-ear Headphones,audio,3,199.95,599.85,refunded,2026-08-20T11:56:21+00:00
ORD-109634,4,6,Desk Speakers Pair,audio,2,89.00,178.00,refunded,2026-08-20T14:26:55+00:00
ORD-109635,5,1,Mechanical Keyboard 75%,peripherals,4,129.00,516.00,refunded,2026-08-20T23:01:22+00:00
ORD-109636,4,3,27in 1440p Monitor,displays,4,319.99,1279.96,completed,2026-08-20T15:06:17+00:00
ORD-109637,6,3,27in 1440p Monitor,displays,5,319.99,1599.95,cancelled,2026-08-20T08:34:23+00:00
ORD-109638,4,8,Ergonomic Chair,furniture,3,612.75,1838.25,refunded,2026-08-20T11:39:16+00:00
ORD-109639,8,5,Over-ear Headphones,audio,5,199.95,999.75,refunded,2026-08-20T03:19:06+00:00
ORD-109640,4,3,27in 1440p Monitor,displays,1,319.99,319.99,completed,2026-08-20T15:11:44+00:00
ORD-109641,2,9,USB-C Hub 8-in-1,accessories,4,39.99,159.96,refunded,2026-08-20T23:36:06+00:00
ORD-109642,10,2,Wireless Mouse,peripherals,3,49.50,148.50,completed,2026-08-20T04:30:13+00:00
ORD-109643,3,10,Laptop Stand Aluminium,accessories,5,27.50,137.50,pending,2026-08-20T22:35:50+00:00
ORD-109644,5,7,Standing Desk 120cm,furniture,1,449.00,449.00,completed,2026-08-20T11:48:34+00:00
ORD-109645,1,3,27in 1440p Monitor,displays,1,319.99,319.99,refunded,2026-08-20T10:49:50+00:00
ORD-109646,9,2,Wireless Mouse,peripherals,5,49.50,247.50,pending,2026-08-20T14:44:14+00:00
ORD-109647,4,4,34in Ultrawide Monitor,displays,2,579.00,1158.00,completed,2026-08-20T01:27:50+00:00
ORD-109648,7,1,Mechanical Keyboard 75%,peripherals,4,129.00,516.00,pending,2026-08-20T10:34:27+00:00
ORD-109649,9,6,Desk Speakers Pair,audio,1,89.00,89.00,refunded,2026-08-20T13:11:21+00:00
ORD-109650,2,6,Desk Speakers Pair,audio,1,89.00,89.00,completed,2026-08-20T08:11:24+00:00
ORD-109651,1,8,Ergonomic Chair,furniture,1,612.75,612.75,refunded,2026-08-20T02:38:21+00:00
ORD-109652,7,4,34in Ultrawide Monitor,displays,2,579.00,1158.00,pending,2026-08-20T15:59:01+00:00
ORD-109653,6,6,Desk Speakers Pair,audio,4,89.00,356.00,pending,2026-08-20T14:12:15+00:00
ORD-109654,5,1,Mechanical Keyboard 75%,peripherals,1,129.00,129.00,refunded,2026-08-20T04:43:32+00:00
ORD-109655,5,9,USB-C Hub 8-in-1,accessories,3,39.99,119.97,pending,2026-08-20T21:17:48+00:00
ORD-109656,6,6,Desk Speakers Pair,audio,4,89.00,356.00,pending,2026-08-20T05:17:08+00:00
ORD-109657,10,1,Mechanical Keyboard 75%,peripherals,4,129.00,516.00,pending,2026-08-20T11:55:06+00:00
ORD-109658,5,2,Wireless Mouse,peripherals,1,49.50,49.50,completed,2026-08-20T18:14:26+00:00
ORD-109659,10,10,Laptop Stand Aluminium,accessories,3,27.50,82.50,refunded,2026-08-20T05:04:43+00:00
ORD-109660,4,9,USB-C Hub 8-in-1,accessories,1,39.99,39.99,refunded,2026-08-20T16:24:27+00:00
ORD-109661,4,5,Over-ear Headphones,audio,4,199.95,799.80,cancelled,2026-08-20T04:53:15+00:00
ORD-109662,8,7,Standing Desk 120cm,furniture,3,449.00,1347.00,cancelled,2026-08-20T10:08:22+00:00
ORD-109663,6,8,Ergonomic Chair,furniture,1,612.75,612.75,cancelled,2026-08-20T07:30:39+00:00
ORD-109664,5,1,Mechanical Keyboard 75%,peripherals,5,129.00,645.00,cancelled,2026-08-20T22:38:34+00:00
ORD-109665,10,1,Mechanical Keyboard 75%,peripherals,1,129.00,129.00,refunded,2026-08-20T04:20:53+00:00
ORD-109666,8,7,Standing Desk 120cm,furniture,4,449.00,1796.00,refunded,2026-08-20T21:12:00+00:00
ORD-109667,10,3,27in 1440p Monitor,displays,3,319.99,959.97,pending,2026-08-20T12:14:34+00:00
ORD-109668,8,7,Standing Desk 120cm,furniture,4,449.00,1796.00,cancelled,2026-08-20T08:53:59+00:00
ORD-109669,1,9,USB-C Hub 8-in-1,accessories,1,39.99,39.99,completed,2026-08-20T23:51:37+00:00
ORD-109670,7,9,USB-C Hub 8-in-1,accessories,4,39.99,159.96,refunded,2026-08-20T05:10:30+00:00
ORD-109671,7,7,Standing Desk 120cm,furniture,1,449.00,449.00,completed,2026-08-20T23:01:58+00:00
ORD-109672,6,9,USB-C Hub 8-in-1,accessories,2,39.99,79.98,pending,2026-08-20T20:45:06+00:00
ORD-109673,7,9,USB-C Hub 8-in-1,accessories,4,39.99,159.96,pending,2026-08-20T22:04:56+00:00
ORD-109674,2,4,34in Ultrawide Monitor,displays,2,579.00,1158.00,completed,2026-08-20T22:27:22+00:00
ORD-109675,6,6,Desk Speakers Pair,audio,3,89.00,267.00,refunded,2026-08-20T15:36:29+00:00
ORD-109676,6,8,Ergonomic Chair,furniture,4,612.75,2451.00,cancelled,2026-08-20T05:09:28+00:00
ORD-109677,2,3,27in 1440p Monitor,displays,4,319.99,1279.96,cancelled,2026-08-20T11:12:57+00:00
ORD-109678,3,10,Laptop Stand Aluminium,accessories,1,27.50,27.50,refunded,2026-08-20T21:06:13+00:00
ORD-109679,5,6,Desk Speakers Pair,audio,4,89.00,356.00,pending,2026-08-20T04:50:32+00:00
ORD-109680,8,10,Laptop Stand Aluminium,accessories,5,27.50,137.50,completed,2026-08-20T19:05:59+00:00
ORD-109681,2,9,USB-C Hub 8-in-1,accessories,5,39.99,199.95,completed,2026-08-20T20:08:55+00:00
ORD-109682,8,4,34in Ultrawide Monitor,displays,1,579.00,579.00,completed,2026-08-20T09:49:20+00:00
ORD-109683,10,9,USB-C Hub 8-in-1,accessories,4,39.99,159.96,pending,2026-08-20T03:12:14+00:00
ORD-109684,10,10,Laptop Stand Aluminium,accessories,4,27.50,110.00,pending,2026-08-20T12:37:45+00:00
ORD-109685,3,2,Wireless Mouse,peripherals,4,49.50,198.00,refunded,2026-08-20T02:05:57+00:00
ORD-109686,6,2,Wireless Mouse,peripherals,4,49.50,198.00,refunded,2026-08-20T03:51:58+00:00
ORD-109687,8,2,Wireless Mouse,peripherals,3,49.50,148.50,pending,2026-08-20T04:27:43+00:00
ORD-109688,10,1,Mechanical Keyboard 75%,peripherals,2,129.00,258.00,cancelled,2026-08-20T12:34:55+00:00
ORD-109689,3,1,Mechanical Keyboard 75%,peripherals,4,129.00,516.00,refunded,2026-08-20T10:40:57+00:00
ORD-109690,7,5,Over-ear Headphones,audio,3,199.95,599.85,cancelled,2026-08-20T11:57:20+00:00
ORD-109691,10,9,USB-C Hub 8-in-1,accessories,4,39.99,159.96,completed,2026-08-20T01:25:15+00:00
ORD-109692,9,10,Laptop Stand Aluminium,accessories,4,27.50,110.00,completed,2026-08-20T08:24:39+00:00
ORD-109693,5,9,USB-C Hub 8-in-1,accessories,4,39.99,159.96,pending,2026-08-20T12:18:22+00:00
ORD-109694,7,6,Desk Speakers Pair,audio,2,89.00,178.00,pending,2026-08-20T15:43:40+00:00
ORD-109695,4,4,34in Ultrawide Monitor,displays,3,579.00,1737.00,completed,2026-08-20T00:35:12+00:00
ORD-109696,1,4,34in Ultrawide Monitor,displays,5,579.00,2895.00,completed,2026-08-20T04:00:53+00:00
ORD-109697,7,5,Over-ear Headphones,audio,4,199.95,799.80,refunded,2026-08-20T08:17:53+00:00
ORD-109698,8,9,USB-C Hub 8-in-1,accessories,5,39.99,199.95,cancelled,2026-08-20T05:45:07+00:00
ORD-109699,5,5,Over-ear Headphones,audio,1,199.95,199.95,refunded,2026-08-20T15:07:59+00:00
ORD-109700,6,8,Ergonomic Chair,furniture,4,612.75,2451.00,pending,2026-08-20T15:58:21+00:00
ORD-109701,1,10,Laptop Stand Aluminium,accessories,4,27.50,110.00,cancelled,2026-08-20T13:15:42+00:00
ORD-109702,3,3,27in 1440p Monitor,displays,2,319.99,639.98,pending,2026-08-20T08:14:13+00:00
ORD-109703,4,2,Wireless Mouse,peripherals,3,49.50,148.50,completed,2026-08-20T15:09:01+00:00
ORD-109704,4,8,Ergonomic Chair,furniture,2,612.75,1225.50,cancelled,2026-08-20T13:00:43+00:00
ORD-109705,4,8,Ergonomic Chair,furniture,2,612.75,1225.50,pending,2026-08-20T22:38:30+00:00
ORD-109706,10,9,USB-C Hub 8-in-1,accessories,2,39.99,79.98,completed,2026-08-20T02:15:39+00:00
ORD-109707,2,2,Wireless Mouse,peripherals,3,49.50,148.50,completed,2026-08-20T03:37:09+00:00
ORD-109708,4,8,Ergonomic Chair,furniture,5,612.75,3063.75,refunded,2026-08-20T09:05:26+00:00
ORD-109709,9,5,Over-ear Headphones,audio,5,199.95,999.75,cancelled,2026-08-20T10:41:35+00:00
ORD-109710,7,3,27in 1440p Monitor,displays,4,319.99,1279.96,cancelled,2026-08-20T06:21:26+00:00
ORD-109711,10,2,Wireless Mouse,peripherals,5,49.50,247.50,refunded,2026-08-20T10:07:46+00:00
ORD-109712,4,6,Desk Speakers Pair,audio,5,89.00,445.00,refunded,2026-08-20T18:14:58+00:00
ORD-109713,8,8,Ergonomic Chair,furniture,4,612.75,2451.00,completed,2026-08-20T09:51:02+00:00
ORD-109714,10,1,Mechanical Keyboard 75%,peripherals,1,129.00,129.00,completed,2026-08-20T11:18:29+00:00
ORD-109715,5,10,Laptop Stand Aluminium,accessories,2,27.50,55.00,completed,2026-08-20T21:09:25+00:00
ORD-109716,5,10,Laptop Stand Aluminium,accessories,3,27.50,82.50,completed,2026-08-20T23:35:00+00:00
ORD-109717,3,5,Over-ear Headphones,audio,1,199.95,199.95,refunded,2026-08-20T12:47:22+00:00
ORD-109718,4,4,34in Ultrawide Monitor,displays,5,579.00,2895.00,cancelled,2026-08-20T23:24:51+00:00
ORD-109719,10,2,Wireless Mouse,peripherals,5,49.50,247.50,refunded,2026-08-20T21:35:08+00:00
ORD-109720,10,1,Mechanical Keyboard 75%,peripherals,4,129.00,516.00,refunded,2026-08-20T13:24:16+00:00
ORD-109721,9,2,Wireless Mouse,peripherals,3,49.50,148.50,cancelled,2026-08-20T03:14:15+00:00
ORD-109722,5,2,Wireless Mouse,peripherals,2,49.50,99.00,completed,2026-08-20T20:09:01+00:00
ORD-109723,5,4,34in Ultrawide Monitor,displays,1,579.00,579.00,refunded,2026-08-20T13:23:23+00:00
ORD-109724,1,7,Standing Desk 120cm,furniture,3,449.00,1347.00,pending,2026-08-20T06:35:13+00:00
ORD-109725,3,3,27in 1440p Monitor,displays,3,319.99,959.97,completed,2026-08-20T11:16:31+00:00
ORD-109726,7,4,34in Ultrawide Monitor,displays,1,579.00,579.00,completed,2026-08-20T06:17:56+00:00
ORD-109727,7,1,Mechanical Keyboard 75%,peripherals,5,129.00,645.00,cancelled,2026-08-20T14:21:06+00:00
ORD-109728,2,7,Standing Desk 120cm,furniture,2,449.00,898.00,cancelled,2026-08-20T16:15:09+00:00
ORD-109729,3,2,Wireless Mouse,peripherals,4,49.50,198.00,completed,2026-08-20T00:03:17+00:00
ORD-109730,7,8,Ergonomic Chair,furniture,1,612.75,612.75,refunded,2026-08-20T13:38:31+00:00
ORD-109731,5,8,Ergonomic Chair,furniture,5,612.75,3063.75,completed,2026-08-20T22:58:04+00:00
ORD-109732,9,7,Standing Desk 120cm,furniture,3,449.00,1347.00,cancelled,2026-08-20T10:15:59+00:00
ORD-109733,10,8,Ergonomic Chair,furniture,3,612.75,1838.25,cancelled,2026-08-20T12:14:14+00:00
ORD-109734,5,10,Laptop Stand Aluminium,accessories,4,27.50,110.00,cancelled,2026-08-20T23:45:09+00:00
ORD-109735,8,9,USB-C Hub 8-in-1,accessories,4,39.99,159.96,refunded,2026-08-20T03:51:35+00:00
ORD-109736,5,8,Ergonomic Chair,furniture,5,612.75,3063.75,pending,2026-08-20T22:18:25+00:00
ORD-109737,2,4,34in Ultrawide Monitor,displays,5,579.00,2895.00,completed,2026-08-20T10:10:56+00:00
ORD-109738,4,10,Laptop Stand Aluminium,accessories,4,27.50,110.00,refunded,2026-08-20T09:52:33+00:00
ORD-109739,8,4,34in Ultrawide Monitor,displays,3,579.00,1737.00,completed,2026-08-20T04:45:47+00:00
ORD-109740,1,1,Mechanical Keyboard 75%,peripherals,2,129.00,258.00,completed,2026-08-20T02:10:46+00:00
ORD-109741,8,4,34in Ultrawide Monitor,displays,5,579.00,2895.00,refunded,2026-08-20T15:35:23+00:00
ORD-109742,5,6,Desk Speakers Pair,audio,1,89.00,89.00,completed,2026-08-20T00:50:05+00:00
ORD-109743,3,1,Mechanical Keyboard 75%,peripherals,1,129.00,129.00,cancelled,2026-08-20T18:30:27+00:00
ORD-109744,4,6,Desk Speakers Pair,audio,4,89.00,356.00,pending,2026-08-20T15:56:04+00:00
ORD-109745,2,1,Mechanical Keyboard 75%,peripherals,3,129.00,387.00,pending,2026-08-20T15:19:43+00:00
ORD-109746,3,5,Over-ear Headphones,audio,3,199.95,599.85,pending,2026-08-20T14:52:16+00:00
ORD-109747,7,9,USB-C Hub 8-in-1,accessories,1,39.99,39.99,refunded,2026-08-20T05:28:57+00:00
ORD-109748,6,7,Standing Desk 120cm,furniture,4,449.00,1796.00,refunded,2026-08-20T12:09:02+00:00
ORD-109749,3,7,Standing Desk 120cm,furniture,1,449.00,449.00,cancelled,2026-08-20T21:37:33+00:00
ORD-109750,7,7,Standing Desk 120cm,furniture,1,449.00,449.00,refunded,2026-08-20T06:22:21+00:00
ORD-109751,4,7,Standing Desk 120cm,furniture,4,449.00,1796.00,cancelled,2026-08-20T16:58:19+00:00
ORD-109752,9,10,Laptop Stand Aluminium,accessories,1,27.50,27.50,cancelled,2026-08-20T05:46:07+00:00
ORD-109753,9,9,USB-C Hub 8-in-1,accessories,5,39.99,199.95,pending,2026-08-20T17:15:32+00:00
ORD-109754,5,7,Standing Desk 120cm,furniture,2,449.00,898.00,refunded,2026-08-20T19:50:07+00:00
ORD-109755,6,8,Ergonomic Chair,furniture,3,612.75,1838.25,refunded,2026-08-20T18:58:47+00:00
ORD-109756,6,3,27in 1440p Monitor,displays,4,319.99,1279.96,pending,2026-08-20T10:39:13+00:00
ORD-109757,3,1,Mechanical Keyboard 75%,peripherals,1,129.00,129.00,completed,2026-08-20T22:56:59+00:00
ORD-109758,10,1,Mechanical Keyboard 75%,peripherals,2,129.00,258.00,cancelled,2026-08-20T05:57:27+00:00
ORD-109759,8,10,Laptop Stand Aluminium,accessories,1,27.50,27.50,cancelled,2026-08-20T23:30:33+00:00
ORD-109760,3,1,Mechanical Keyboard 75%,peripherals,4,129.00,516.00,cancelled,2026-08-20T22:52:56+00:00
ORD-109761,3,1,Mechanical Keyboard 75%,peripherals,5,129.00,645.00,completed,2026-08-20T16:27:42+00:00
ORD-109762,6,6,Desk Speakers Pair,audio,4,89.00,356.00,pending,2026-08-20T21:29:08+00:00
ORD-109763,3,1,Mechanical Keyboard 75%,peripherals,4,129.00,516.00,cancelled,2026-08-20T09:54:33+00:00
ORD-109764,4,3,27in 1440p Monitor,displays,3,319.99,959.97,pending,2026-08-20T13:45:07+00:00
ORD-109765,3,3,27in 1440p Monitor,displays,5,319.99,1599.95,cancelled,2026-08-20T14:14:01+00:00
ORD-109766,5,6,Desk Speakers Pair,audio,2,89.00,178.00,completed,2026-08-20T08:01:57+00:00
ORD-109767,1,2,Wireless Mouse,peripherals,4,49.50,198.00,pending,2026-08-20T09:30:10+00:00
ORD-109768,6,4,34in Ultrawide Monitor,displays,1,579.00,579.00,pending,2026-08-20T20:05:56+00:00
ORD-109769,10,7,Standing Desk 120cm,furniture,5,449.00,2245.00,pending,2026-08-20T08:40:47+00:00
ORD-109770,7,5,Over-ear Headphones,audio,4,199.95,799.80,pending,2026-08-20T01:34:01+00:00
ORD-109771,3,3,27in 1440p Monitor,displays,2,319.99,639.98,completed,2026-08-20T06:13:15+00:00
ORD-109772,8,10,Laptop Stand Aluminium,accessories,3,27.50,82.50,pending,2026-08-20T14:32:30+00:00
ORD-109773,2,9,USB-C Hub 8-in-1,accessories,1,39.99,39.99,pending,2026-08-20T06:19:28+00:00
ORD-109774,6,10,Laptop Stand Aluminium,accessories,5,27.50,137.50,completed,2026-08-20T10:20:52+00:00
ORD-109775,3,7,Standing Desk 120cm,furniture,3,449.00,1347.00,refunded,2026-08-20T14:22:32+00:00
ORD-109776,6,4,34in Ultrawide Monitor,displays,4,579.00,2316.00,cancelled,2026-08-20T06:00:14+00:00
ORD-109777,5,5,Over-ear Headphones,audio,4,199.95,799.80,cancelled,2026-08-20T03:50:16+00:00
ORD-109778,5,6,Desk Speakers Pair,audio,3,89.00,267.00,pending,2026-08-20T22:59:58+00:00
ORD-109779,4,4,34in Ultrawide Monitor,displays,4,579.00,2316.00,completed,2026-08-20T01:05:34+00:00
ORD-109780,10,4,34in Ultrawide Monitor,displays,1,579.00,579.00,cancelled,2026-08-20T23:12:02+00:00
ORD-109781,4,2,Wireless Mouse,peripherals,2,49.50,99.00,refunded,2026-08-20T00:39:44+00:00
ORD-109782,6,8,Ergonomic Chair,furniture,4,612.75,2451.00,pending,2026-08-20T04:12:10+00:00
ORD-109783,7,4,34in Ultrawide Monitor,displays,3,579.00,1737.00,completed,2026-08-20T23:44:42+00:00
ORD-109784,9,6,Desk Speakers Pair,audio,5,89.00,445.00,completed,2026-08-20T17:18:14+00:00
ORD-109785,3,3,27in 1440p Monitor,displays,3,319.99,959.97,pending,2026-08-20T20:57:18+00:00
ORD-109786,2,4,34in Ultrawide Monitor,displays,1,579.00,579.00,cancelled,2026-08-20T08:44:38+00:00
ORD-109787,7,10,Laptop Stand Aluminium,accessories,2,27.50,55.00,cancelled,2026-08-20T23:30:04+00:00
ORD-109788,3,10,Laptop Stand Aluminium,accessories,1,27.50,27.50,completed,2026-08-20T03:45:41+00:00
ORD-109789,5,4,34in Ultrawide Monitor,displays,4,579.00,2316.00,refunded,2026-08-20T03:30:29+00:00
ORD-109790,6,8,Ergonomic Chair,furniture,5,612.75,3063.75,refunded,2026-08-20T00:34:04+00:00
ORD-109791,9,8,Ergonomic Chair,furniture,3,612.75,1838.25,completed,2026-08-20T14:37:55+00:00
ORD-109792,5,1,Mechanical Keyboard 75%,peripherals,2,129.00,258.00,refunded,2026-08-20T02:03:41+00:00
ORD-109793,7,9,USB-C Hub 8-in-1,accessories,1,39.99,39.99,pending,2026-08-20T06:56:32+00:00
ORD-109794,6,8,Ergonomic Chair,furniture,1,612.75,612.75,refunded,2026-08-20T02:00:58+00:00
ORD-109795,5,5,Over-ear Headphones,audio,2,199.95,399.90,refunded,2026-08-20T17:21:43+00:00
ORD-109796,6,1,Mechanical Keyboard 75%,peripherals,1,129.00,129.00,refunded,2026-08-20T17:49:26+00:00
ORD-109797,2,9,USB-C Hub 8-in-1,accessories,2,39.99,79.98,cancelled,2026-08-20T12:21:10+00:00
ORD-109798,3,7,Standing Desk 120cm,furniture,5,449.00,2245.00,completed,2026-08-20T14:00:24+00:00
ORD-109799,3,3,27in 1440p Monitor,displays,1,319.99,319.99,refunded,2026-08-20T20:07:51+00:00
ORD-109800,10,5,Over-ear Headphones,audio,3,199.95,599.85,completed,2026-08-20T23:06:17+00:00
ORD-109801,10,9,USB-C Hub 8-in-1,accessories,3,39.99,119.97,completed,2026-08-20T08:35:13+00:00
ORD-109802,9,8,Ergonomic Chair,furniture,3,612.75,1838.25,pending,2026-08-20T10:29:12+00:00
ORD-109803,7,4,34in Ultrawide Monitor,displays,1,579.00,579.00,cancelled,2026-08-20T09:12:26+00:00
ORD-109804,3,9,USB-C Hub 8-in-1,accessories,4,39.99,159.96,refunded,2026-08-20T12:33:20+00:00
ORD-109805,9,10,Laptop Stand Aluminium,accessories,2,27.50,55.00,completed,2026-08-20T12:25:28+00:00
ORD-109806,5,4,34in Ultrawide Monitor,displays,4,579.00,2316.00,refunded,2026-08-20T04:21:23+00:00
ORD-109807,6,9,USB-C Hub 8-in-1,accessories,5,39.99,199.95,completed,2026-08-20T22:44:31+00:00
ORD-109808,5,10,Laptop Stand Aluminium,accessories,2,27.50,55.00,completed,2026-08-20T19:44:21+00:00
ORD-109809,4,6,Desk Speakers Pair,audio,5,89.00,445.00,refunded,2026-08-20T16:55:01+00:00
ORD-109810,7,8,Ergonomic Chair,furniture,2,612.75,1225.50,refunded,2026-08-20T04:00:50+00:00
ORD-109811,1,3,27in 1440p Monitor,displays,1,319.99,319.99,pending,2026-08-20T08:55:48+00:00
ORD-109812,8,10,Laptop Stand Aluminium,accessories,5,27.50,137.50,cancelled,2026-08-20T23:15:28+00:00
ORD-109813,1,3,27in 1440p Monitor,displays,5,319.99,1599.95,refunded,2026-08-20T12:55:39+00:00
ORD-109814,1,1,Mechanical Keyboard 75%,peripherals,1,129.00,129.00,refunded,2026-08-20T12:15:24+00:00
ORD-109815,10,7,Standing Desk 120cm,furniture,2,449.00,898.00,completed,2026-08-20T18:01:55+00:00
ORD-109816,10,4,34in Ultrawide Monitor,displays,4,579.00,2316.00,cancelled,2026-08-20T07:04:47+00:00
ORD-109817,8,2,Wireless Mouse,peripherals,3,49.50,148.50,pending,2026-08-20T22:33:20+00:00
ORD-109818,4,7,Standing Desk 120cm,furniture,1,449.00,449.00,cancelled,2026-08-20T06:58:42+00:00
ORD-109819,3,6,Desk Speakers Pair,audio,4,89.00,356.00,cancelled,2026-08-20T16:39:52+00:00
ORD-109820,6,3,27in 1440p Monitor,displays,5,319.99,1599.95,cancelled,2026-08-20T20:00:38+00:00
ORD-109821,10,4,34in Ultrawide Monitor,displays,2,579.00,1158.00,refunded,2026-08-20T15:25:29+00:00
ORD-109822,7,10,Laptop Stand Aluminium,accessories,5,27.50,137.50,completed,2026-08-20T08:52:35+00:00
ORD-109823,3,6,Desk Speakers Pair,audio,2,89.00,178.00,refunded,2026-08-20T15:26:13+00:00
ORD-109824,4,10,Laptop Stand Aluminium,accessories,1,27.50,27.50,pending,2026-08-20T01:41:51+00:00
ORD-109825,7,9,USB-C Hub 8-in-1,accessories,4,39.99,159.96,pending,2026-08-20T20:22:34+00:00
ORD-109826,10,1,Mechanical Keyboard 75%,peripherals,1,129.00,129.00,pending,2026-08-20T18:19:04+00:00
ORD-109827,4,1,Mechanical Keyboard 75%,peripherals,2,129.00,258.00,completed,2026-08-20T06:52:18+00:00
ORD-109828,10,4,34in Ultrawide Monitor,displays,2,579.00,1158.00,refunded,2026-08-20T06:39:44+00:00
ORD-109829,10,7,Standing Desk 120cm,furniture,1,449.00,449.00,cancelled,2026-08-20T12:44:52+00:00
ORD-109830,7,3,27in 1440p Monitor,displays,5,319.99,1599.95,refunded,2026-08-20T19:28:19+00:00
ORD-109831,9,3,27in 1440p Monitor,displays,5,319.99,1599.95,refunded,2026-08-20T04:40:47+00:00
ORD-109832,8,8,Ergonomic Chair,furniture,2,612.75,1225.50,refunded,2026-08-20T11:06:44+00:00
ORD-109833,5,1,Mechanical Keyboard 75%,peripherals,4,129.00,516.00,pending,2026-08-20T17:25:34+00:00
ORD-109834,10,8,Ergonomic Chair,furniture,2,612.75,1225.50,cancelled,2026-08-20T12:00:23+00:00
ORD-109835,2,9,USB-C Hub 8-in-1,accessories,1,39.99,39.99,refunded,2026-08-20T11:55:53+00:00
ORD-109836,6,3,27in 1440p Monitor,displays,4,319.99,1279.96,refunded,2026-08-20T16:09:02+00:00
ORD-109837,4,5,Over-ear Headphones,audio,2,199.95,399.90,pending,2026-08-20T08:14:27+00:00
ORD-109838,8,10,Laptop Stand Aluminium,accessories,2,27.50,55.00,cancelled,2026-08-20T09:23:08+00:00
ORD-109839,8,8,Ergonomic Chair,furniture,2,612.75,1225.50,completed,2026-08-20T20:42:12+00:00
ORD-109840,1,9,USB-C Hub 8-in-1,accessories,2,39.99,79.98,refunded,2026-08-20T20:39:09+00:00
ORD-109841,3,10,Laptop Stand Aluminium,accessories,5,27.50,137.50,completed,2026-08-20T12:54:46+00:00
ORD-109842,2,3,27in 1440p Monitor,displays,4,319.99,1279.96,pending,2026-08-20T09:51:02+00:00
ORD-109843,6,5,Over-ear Headphones,audio,1,199.95,199.95,pending,2026-08-20T11:54:56+00:00
ORD-109844,9,3,27in 1440p Monitor,displays,4,319.99,1279.96,completed,2026-08-20T07:15:34+00:00
ORD-109845,1,5,Over-ear Headphones,audio,3,199.95,599.85,refunded,2026-08-20T07:46:06+00:00
ORD-109846,7,9,USB-C Hub 8-in-1,accessories,3,39.99,119.97,cancelled,2026-08-20T07:34:00+00:00
ORD-109847,1,10,Laptop Stand Aluminium,accessories,4,27.50,110.00,refunded,2026-08-20T16:14:18+00:00
ORD-109848,2,8,Ergonomic Chair,furniture,2,612.75,1225.50,pending,2026-08-20T05:32:16+00:00
ORD-109849,2,10,Laptop Stand Aluminium,accessories,1,27.50,27.50,pending,2026-08-20T00:19:10+00:00
ORD-109850,9,5,Over-ear Headphones,audio,5,199.95,999.75,pending,2026-08-20T00:39:53+00:00
ORD-109851,1,8,Ergonomic Chair,furniture,5,612.75,3063.75,pending,2026-08-20T20:35:06+00:00
ORD-109852,7,8,Ergonomic Chair,furniture,4,612.75,2451.00,completed,2026-08-20T00:18:12+00:00
ORD-109853,7,8,Ergonomic Chair,furniture,1,612.75,612.75,pending,2026-08-20T12:15:58+00:00
ORD-109854,5,5,Over-ear Headphones,audio,3,199.95,599.85,completed,2026-08-20T00:33:29+00:00
ORD-109855,6,7,Standing Desk 120cm,furniture,2,449.00,898.00,cancelled,2026-08-20T14:08:29+00:00
ORD-109856,6,5,Over-ear Headphones,audio,2,199.95,399.90,completed,2026-08-20T12:50:55+00:00
ORD-109857,8,8,Ergonomic Chair,furniture,5,612.75,3063.75,refunded,2026-08-20T05:22:00+00:00
ORD-109858,3,1,Mechanical Keyboard 75%,peripherals,4,129.00,516.00,refunded,2026-08-20T20:29:42+00:00
ORD-109859,8,1,Mechanical Keyboard 75%,peripherals,5,129.00,645.00,completed,2026-08-20T00:32:21+00:00
ORD-109860,4,9,USB-C Hub 8-in-1,accessories,2,39.99,79.98,pending,2026-08-20T18:08:53+00:00
ORD-109861,8,9,USB-C Hub 8-in-1,accessories,5,39.99,199.95,refunded,2026-08-20T16:57:03+00:00
ORD-109862,8,7,Standing Desk 120cm,furniture,4,449.00,1796.00,refunded,2026-08-20T21:02:44+00:00
ORD-109863,2,1,Mechanical Keyboard 75%,peripherals,3,129.00,387.00,completed,2026-08-20T06:20:17+00:00
ORD-109864,8,9,USB-C Hub 8-in-1,accessories,4,39.99,159.96,completed,2026-08-20T08:14:51+00:00
ORD-109865,9,5,Over-ear Headphones,audio,3,199.95,599.85,pending,2026-08-20T00:46:30+00:00
ORD-109866,9,7,Standing Desk 120cm,furniture,5,449.00,2245.00,pending,2026-08-20T18:56:14+00:00
ORD-109867,2,1,Mechanical Keyboard 75%,peripherals,1,129.00,129.00,completed,2026-08-20T23:23:37+00:00
ORD-109868,10,6,Desk Speakers Pair,audio,2,89.00,178.00,refunded,2026-08-20T16:01:34+00:00
ORD-109869,3,5,Over-ear Headphones,audio,4,199.95,799.80,refunded,2026-08-20T03:18:16+00:00
ORD-109870,4,4,34in Ultrawide Monitor,displays,3,579.00,1737.00,completed,2026-08-20T13:38:17+00:00
ORD-109871,9,2,Wireless Mouse,peripherals,3,49.50,148.50,refunded,2026-08-20T08:38:45+00:00
ORD-109872,8,7,Standing Desk 120cm,furniture,4,449.00,1796.00,cancelled,2026-08-20T21:46:50+00:00
ORD-109873,2,4,34in Ultrawide Monitor,displays,5,579.00,2895.00,refunded,2026-08-20T16:53:59+00:00
ORD-109874,5,2,Wireless Mouse,peripherals,5,49.50,247.50,completed,2026-08-20T04:55:37+00:00
ORD-109875,7,7,Standing Desk 120cm,furniture,2,449.00,898.00,completed,2026-08-20T07:25:26+00:00
ORD-109876,7,2,Wireless Mouse,peripherals,5,49.50,247.50,refunded,2026-08-20T05:30:58+00:00
ORD-109877,1,4,34in Ultrawide Monitor,displays,1,579.00,579.00,cancelled,2026-08-20T13:24:15+00:00
ORD-109878,8,3,27in 1440p Monitor,displays,4,319.99,1279.96,refunded,2026-08-20T02:30:01+00:00
ORD-109879,8,5,Over-ear Headphones,audio,3,199.95,599.85,completed,2026-08-20T09:33:02+00:00
ORD-109880,1,4,34in Ultrawide Monitor,displays,3,579.00,1737.00,cancelled,2026-08-20T13:39:53+00:00
ORD-109881,2,10,Laptop Stand Aluminium,accessories,4,27.50,110.00,pending,2026-08-20T13:52:06+00:00
ORD-109882,8,8,Ergonomic Chair,furniture,3,612.75,-50.00,cancelled,2026-08-20T19:25:49+00:00
ORD-109883,1,5,Over-ear Headphones,audio,3,199.95,599.85,refunded,2026-08-20T04:45:58+00:00
ORD-109884,6,7,Standing Desk 120cm,furniture,1,449.00,449.00,completed,2026-08-20T00:32:11+00:00
ORD-109885,6,2,Wireless Mouse,peripherals,2,49.50,99.00,pending,2026-08-20T11:53:24+00:00
ORD-109886,6,5,Over-ear Headphones,audio,3,199.95,599.85,refunded,2026-08-20T17:02:18+00:00
ORD-109887,4,7,Standing Desk 120cm,furniture,1,449.00,449.00,cancelled,2026-08-20T18:33:29+00:00
ORD-109888,3,9,USB-C Hub 8-in-1,accessories,1,39.99,39.99,completed,2026-08-20T08:18:17+00:00
ORD-109889,9,8,Ergonomic Chair,furniture,4,612.75,2451.00,refunded,2026-08-20T10:29:42+00:00
ORD-109890,1,5,Over-ear Headphones,audio,3,199.95,599.85,cancelled,2026-08-20T19:44:18+00:00
ORD-109891,1,9,USB-C Hub 8-in-1,accessories,5,39.99,199.95,completed,2026-08-20T15:27:51+00:00
ORD-109892,1,10,Laptop Stand Aluminium,accessories,3,27.50,82.50,pending,2026-08-20T21:05:47+00:00
ORD-109893,1,10,Laptop Stand Aluminium,accessories,5,27.50,137.50,cancelled,2026-08-20T00:01:50+00:00
ORD-109894,1,8,Ergonomic Chair,furniture,3,612.75,1838.25,completed,2026-08-20T18:37:38+00:00
ORD-109895,10,4,34in Ultrawide Monitor,displays,4,579.00,2316.00,completed,2026-08-20T17:08:56+00:00
ORD-109896,6,3,27in 1440p Monitor,displays,5,319.99,1599.95,completed,2026-08-20T23:59:12+00:00
ORD-109897,10,5,Over-ear Headphones,audio,1,199.95,199.95,cancelled,2026-08-20T00:52:33+00:00
ORD-109898,8,2,Wireless Mouse,peripherals,4,49.50,198.00,completed,2026-08-20T04:35:59+00:00
ORD-109899,5,9,USB-C Hub 8-in-1,accessories,5,39.99,199.95,completed,2026-08-20T17:46:03+00:00
ORD-109900,1,7,Standing Desk 120cm,furniture,5,449.00,2245.00,refunded,2026-08-20T14:47:25+00:00
ORD-109901,7,2,Wireless Mouse,peripherals,4,49.50,198.00,refunded,2026-08-20T17:04:24+00:00
ORD-109902,8,10,Laptop Stand Aluminium,accessories,1,27.50,27.50,completed,2026-08-20T02:19:07+00:00
ORD-109903,10,7,Standing Desk 120cm,furniture,5,449.00,2245.00,pending,2026-08-20T21:36:59+00:00
ORD-109904,4,8,Ergonomic Chair,furniture,2,612.75,1225.50,refunded,2026-08-20T01:51:36+00:00
ORD-109905,2,10,Laptop Stand Aluminium,accessories,4,27.50,110.00,pending,2026-08-20T10:06:11+00:00
ORD-109906,2,8,Ergonomic Chair,furniture,1,612.75,612.75,pending,2026-08-20T08:39:18+00:00
ORD-109907,2,8,Ergonomic Chair,furniture,1,612.75,612.75,completed,2026-08-20T21:31:36+00:00
ORD-109908,5,3,27in 1440p Monitor,displays,5,319.99,1599.95,pending,2026-08-20T21:00:46+00:00
ORD-109909,6,6,Desk Speakers Pair,audio,4,89.00,356.00,refunded,2026-08-20T07:26:21+00:00
ORD-109910,8,8,Ergonomic Chair,furniture,3,612.75,1838.25,completed,2026-08-20T12:38:51+00:00
ORD-109911,4,8,Ergonomic Chair,furniture,5,612.75,3063.75,pending,2026-08-20T16:50:58+00:00
ORD-109912,1,6,Desk Speakers Pair,audio,1,89.00,89.00,refunded,2026-08-20T11:12:55+00:00
ORD-109913,7,2,Wireless Mouse,peripherals,1,49.50,49.50,pending,2026-08-20T14:36:18+00:00
ORD-109914,2,3,27in 1440p Monitor,displays,1,319.99,319.99,refunded,2026-08-20T11:38:39+00:00
ORD-109915,2,8,Ergonomic Chair,furniture,1,612.75,612.75,refunded,2026-08-20T21:55:03+00:00
ORD-109916,7,10,Laptop Stand Aluminium,accessories,4,27.50,110.00,pending,2026-08-20T10:00:42+00:00
ORD-109917,3,1,Mechanical Keyboard 75%,peripherals,1,129.00,129.00,pending,2026-08-20T15:44:26+00:00
ORD-109918,5,1,Mechanical Keyboard 75%,peripherals,2,129.00,258.00,refunded,2026-08-20T19:32:31+00:00
ORD-109919,1,7,Standing Desk 120cm,furniture,5,449.00,2245.00,pending,2026-08-20T23:11:45+00:00
ORD-109920,9,7,Standing Desk 120cm,furniture,4,449.00,1796.00,completed,2026-08-20T19:18:45+00:00
ORD-109921,1,3,27in 1440p Monitor,displays,4,319.99,1279.96,pending,2026-08-20T05:03:33+00:00
ORD-109922,1,9,USB-C Hub 8-in-1,accessories,3,39.99,119.97,pending,2026-08-20T03:12:27+00:00
ORD-109923,1,9,USB-C Hub 8-in-1,accessories,1,39.99,39.99,refunded,2026-08-20T21:07:51+00:00
ORD-109924,5,5,Over-ear Headphones,audio,5,199.95,999.75,refunded,2026-08-20T04:52:33+00:00
ORD-109925,8,3,27in 1440p Monitor,displays,3,319.99,959.97,completed,2026-08-20T06:59:45+00:00
ORD-109926,4,2,Wireless Mouse,peripherals,3,49.50,148.50,completed,2026-08-20T18:33:52+00:00
ORD-109927,4,1,Mechanical Keyboard 75%,peripherals,1,129.00,129.00,cancelled,2026-08-20T01:48:30+00:00
ORD-109928,2,5,Over-ear Headphones,audio,5,199.95,999.75,refunded,2026-08-20T11:10:26+00:00
ORD-109929,8,9,USB-C Hub 8-in-1,accessories,4,39.99,159.96,cancelled,2026-08-20T07:59:05+00:00
ORD-109930,6,5,Over-ear Headphones,audio,5,199.95,999.75,completed,2026-08-20T23:45:15+00:00
ORD-109931,7,1,Mechanical Keyboard 75%,peripherals,3,129.00,387.00,pending,2026-08-20T13:00:06+00:00
ORD-109932,1,2,Wireless Mouse,peripherals,5,49.50,247.50,cancelled,2026-08-20T09:39:31+00:00
ORD-109933,7,7,Standing Desk 120cm,furniture,2,449.00,898.00,refunded,2026-08-20T14:23:25+00:00
ORD-109934,6,5,Over-ear Headphones,audio,3,199.95,599.85,refunded,2026-08-20T06:18:48+00:00
ORD-109935,7,8,Ergonomic Chair,furniture,5,612.75,3063.75,pending,2026-08-20T22:00:06+00:00
ORD-109936,10,1,Mechanical Keyboard 75%,peripherals,1,129.00,129.00,completed,2026-08-20T06:03:21+00:00
ORD-109937,7,9,USB-C Hub 8-in-1,accessories,2,39.99,79.98,pending,2026-08-20T16:42:25+00:00
ORD-109938,1,5,Over-ear Headphones,audio,1,199.95,199.95,refunded,2026-08-20T21:13:45+00:00
ORD-109939,1,10,Laptop Stand Aluminium,accessories,1,27.50,27.50,refunded,2026-08-20T13:16:45+00:00
ORD-109940,8,5,Over-ear Headphones,audio,2,199.95,399.90,cancelled,2026-08-20T19:22:39+00:00
ORD-109941,1,5,Over-ear Headphones,audio,5,199.95,999.75,pending,2026-08-20T14:41:30+00:00
ORD-109942,4,3,27in 1440p Monitor,displays,4,319.99,1279.96,cancelled,2026-08-20T16:40:19+00:00
ORD-109943,2,1,Mechanical Keyboard 75%,peripherals,2,129.00,258.00,refunded,2026-08-20T03:32:48+00:00
ORD-109944,10,8,Ergonomic Chair,furniture,5,612.75,3063.75,completed,2026-08-20T12:19:42+00:00
ORD-109945,4,8,Ergonomic Chair,furniture,3,612.75,1838.25,cancelled,2026-08-20T08:34:58+00:00
ORD-109946,6,2,Wireless Mouse,peripherals,2,49.50,99.00,cancelled,2026-08-20T04:47:49+00:00
ORD-109947,7,9,USB-C Hub 8-in-1,accessories,4,39.99,159.96,pending,2026-08-20T07:54:38+00:00
ORD-109948,5,3,27in 1440p Monitor,displays,3,319.99,959.97,refunded,2026-08-20T23:04:27+00:00
ORD-109949,1,8,Ergonomic Chair,furniture,3,612.75,1838.25,cancelled,2026-08-20T03:33:40+00:00
ORD-109950,8,1,Mechanical Keyboard 75%,peripherals,3,129.00,387.00,refunded,2026-08-20T02:30:27+00:00
ORD-109951,3,5,Over-ear Headphones,audio,5,199.95,999.75,pending,2026-08-20T21:18:58+00:00
ORD-109952,2,4,34in Ultrawide Monitor,displays,5,579.00,2895.00,cancelled,2026-08-20T12:45:35+00:00
ORD-109953,3,2,Wireless Mouse,peripherals,3,49.50,148.50,pending,2026-08-20T23:52:22+00:00
ORD-109954,2,2,Wireless Mouse,peripherals,3,49.50,148.50,pending,2026-08-20T19:50:07+00:00
ORD-109955,1,6,Desk Speakers Pair,audio,2,89.00,178.00,completed,2026-08-20T14:02:54+00:00
ORD-109956,7,2,Wireless Mouse,peripherals,3,49.50,148.50,refunded,2026-08-20T07:26:18+00:00
ORD-109957,6,10,Laptop Stand Aluminium,accessories,2,27.50,55.00,pending,2026-08-20T11:51:42+00:00
ORD-109958,10,1,Mechanical Keyboard 75%,peripherals,1,129.00,129.00,completed,2026-08-20T06:48:45+00:00
ORD-109959,1,6,Desk Speakers Pair,audio,5,89.00,445.00,cancelled,2026-08-20T00:39:45+00:00
ORD-109960,8,3,27in 1440p Monitor,displays,1,319.99,319.99,cancelled,2026-08-20T10:44:45+00:00
ORD-109961,2,2,Wireless Mouse,peripherals,1,49.50,49.50,pending,2026-08-20T20:51:48+00:00
ORD-109962,6,9,USB-C Hub 8-in-1,accessories,3,39.99,119.97,completed,2026-08-20T15:06:17+00:00
ORD-109963,4,3,27in 1440p Monitor,displays,4,319.99,1279.96,pending,2026-08-20T22:38:26+00:00
ORD-109964,9,5,Over-ear Headphones,audio,5,199.95,999.75,completed,2026-08-20T07:44:40+00:00
ORD-109965,8,8,Ergonomic Chair,furniture,2,612.75,1225.50,pending,2026-08-20T05:37:51+00:00
ORD-109966,8,4,34in Ultrawide Monitor,displays,3,579.00,1737.00,pending,2026-08-20T23:41:52+00:00
ORD-109967,1,3,27in 1440p Monitor,displays,3,319.99,959.97,refunded,2026-08-20T01:12:39+00:00
ORD-109968,7,4,34in Ultrawide Monitor,displays,2,579.00,1158.00,refunded,2026-08-20T03:23:02+00:00
ORD-109969,1,6,Desk Speakers Pair,audio,2,89.00,178.00,refunded,2026-08-20T01:19:56+00:00
ORD-109970,2,2,Wireless Mouse,peripherals,4,49.50,198.00,completed,2026-08-20T08:15:50+00:00
ORD-109971,2,1,Mechanical Keyboard 75%,peripherals,5,129.00,645.00,cancelled,2026-08-20T18:05:36+00:00
ORD-109972,3,5,Over-ear Headphones,audio,2,199.95,399.90,cancelled,2026-08-20T19:46:16+00:00
ORD-109973,3,8,Ergonomic Chair,furniture,3,612.75,1838.25,completed,2026-08-20T11:39:27+00:00
ORD-109974,4,9,USB-C Hub 8-in-1,accessories,1,39.99,39.99,refunded,2026-08-20T06:10:22+00:00
ORD-109975,9,9,USB-C Hub 8-in-1,accessories,2,39.99,79.98,refunded,2026-08-20T04:57:06+00:00
ORD-109976,10,6,Desk Speakers Pair,audio,2,89.00,178.00,pending,2026-08-20T19:59:24+00:00
ORD-109977,5,9,USB-C Hub 8-in-1,accessories,4,39.99,159.96,pending,2026-08-20T05:12:49+00:00
ORD-109978,4,6,Desk Speakers Pair,audio,4,89.00,356.00,cancelled,2026-08-20T09:46:49+00:00
ORD-109979,3,5,Over-ear Headphones,audio,4,199.95,799.80,completed,2026-08-20T05:23:52+00:00
ORD-109980,7,1,Mechanical Keyboard 75%,peripherals,3,129.00,387.00,completed,2026-08-20T08:47:05+00:00
ORD-109981,2,1,Mechanical Keyboard 75%,peripherals,3,129.00,387.00,pending,2026-08-20T19:13:51+00:00
ORD-109982,1,4,34in Ultrawide Monitor,displays,5,579.00,2895.00,cancelled,2026-08-20T09:13:27+00:00
ORD-109983,8,9,USB-C Hub 8-in-1,accessories,4,39.99,159.96,refunded,2026-08-20T22:08:10+00:00
ORD-109984,10,9,USB-C Hub 8-in-1,accessories,3,39.99,119.97,cancelled,2026-08-20T17:10:49+00:00
ORD-109985,1,8,Ergonomic Chair,furniture,4,612.75,2451.00,pending,2026-08-20T01:38:01+00:00
ORD-109986,3,1,Mechanical Keyboard 75%,peripherals,1,129.00,129.00,pending,2026-08-20T06:40:09+00:00
ORD-109987,7,9,USB-C Hub 8-in-1,accessories,5,39.99,199.95,cancelled,2026-08-20T22:46:25+00:00
ORD-109988,10,3,27in 1440p Monitor,displays,1,319.99,319.99,completed,2026-08-20T10:04:15+00:00
ORD-109989,4,3,27in 1440p Monitor,displays,2,319.99,639.98,completed,2026-08-20T21:52:38+00:00
ORD-109990,1,8,Ergonomic Chair,furniture,3,612.75,1838.25,cancelled,2026-08-20T21:08:55+00:00
ORD-109991,9,2,Wireless Mouse,peripherals,3,49.50,148.50,pending,2026-08-20T20:11:12+00:00
ORD-109992,8,8,Ergonomic Chair,furniture,3,612.75,1838.25,refunded,2026-08-20T16:23:07+00:00
ORD-109993,3,2,Wireless Mouse,peripherals,3,49.50,148.50,refunded,2026-08-20T12:50:15+00:00
ORD-109994,6,10,Laptop Stand Aluminium,accessories,1,27.50,27.50,completed,2026-08-20T02:17:52+00:00
ORD-109995,8,2,Wireless Mouse,peripherals,1,49.50,49.50,cancelled,2026-08-20T15:37:00+00:00
ORD-109996,7,7,Standing Desk 120cm,furniture,3,449.00,1347.00,refunded,2026-08-20T01:09:38+00:00
ORD-109997,7,10,Laptop Stand Aluminium,accessories,4,27.50,110.00,cancelled,2026-08-20T11:21:08+00:00
ORD-109998,6,6,Desk Speakers Pair,audio,5,89.00,445.00,pending,2026-08-20T07:51:54+00:00
ORD-109999,5,2,Wireless Mouse,peripherals,1,49.50,49.50,pending,2026-08-20T09:48:14+00:00
ORD-110000,4,7,Standing Desk 120cm,furniture,2,449.00,898.00,refunded,2026-08-20T13:16:21+00:00
ORD-110001,9,2,Wireless Mouse,peripherals,2,49.50,99.00,pending,2026-08-20T06:14:21+00:00
ORD-110002,4,5,Over-ear Headphones,audio,1,199.95,199.95,pending,2026-08-20T03:59:25+00:00
ORD-110003,2,7,Standing Desk 120cm,furniture,5,449.00,2245.00,completed,2026-08-20T01:39:53+00:00
ORD-110004,4,4,34in Ultrawide Monitor,displays,5,579.00,2895.00,cancelled,2026-08-20T16:53:57+00:00
ORD-110005,7,7,Standing Desk 120cm,furniture,1,449.00,449.00,cancelled,2026-08-20T23:38:29+00:00
ORD-110006,7,6,Desk Speakers Pair,audio,1,89.00,89.00,completed,2026-08-20T21:30:44+00:00
ORD-110007,3,3,27in 1440p Monitor,displays,5,319.99,1599.95,completed,2026-08-20T16:19:35+00:00
ORD-110008,2,6,Desk Speakers Pair,audio,4,89.00,356.00,refunded,2026-08-20T01:34:39+00:00
ORD-110009,9,2,Wireless Mouse,peripherals,4,49.50,198.00,cancelled,2026-08-20T06:01:48+00:00
ORD-110010,3,2,Wireless Mouse,peripherals,5,49.50,247.50,completed,2026-08-20T16:46:21+00:00
ORD-110011,6,7,Standing Desk 120cm,furniture,1,449.00,449.00,completed,2026-08-20T21:37:28+00:00
ORD-110012,2,6,Desk Speakers Pair,audio,1,89.00,89.00,pending,2026-08-20T13:02:08+00:00
ORD-110013,10,1,Mechanical Keyboard 75%,peripherals,1,129.00,129.00,completed,2026-08-20T03:40:45+00:00
ORD-110014,3,4,34in Ultrawide Monitor,displays,4,579.00,2316.00,completed,2026-08-20T02:25:36+00:00
ORD-110015,3,5,Over-ear Headphones,audio,2,199.95,399.90,pending,2026-08-20T09:13:10+00:00
ORD-110016,4,5,Over-ear Headphones,audio,1,199.95,199.95,refunded,2026-08-20T03:15:59+00:00
ORD-110017,7,7,Standing Desk 120cm,furniture,1,449.00,449.00,cancelled,2026-08-20T20:15:35+00:00
ORD-110018,5,1,Mechanical Keyboard 75%,peripherals,3,129.00,387.00,cancelled,2026-08-20T18:08:36+00:00
ORD-110019,3,7,Standing Desk 120cm,furniture,4,449.00,1796.00,completed,2026-08-20T21:32:38+00:00
ORD-110020,8,7,Standing Desk 120cm,furniture,2,449.00,898.00,cancelled,2026-08-20T01:39:26+00:00
ORD-110021,4,3,27in 1440p Monitor,displays,3,319.99,959.97,completed,2026-08-20T19:50:50+00:00
ORD-110022,2,4,34in Ultrawide Monitor,displays,2,579.00,1158.00,pending,2026-08-20T02:12:13+00:00
ORD-110023,4,5,Over-ear Headphones,audio,2,199.95,399.90,cancelled,2026-08-20T21:46:11+00:00
ORD-110024,8,1,Mechanical Keyboard 75%,peripherals,3,129.00,387.00,completed,2026-08-20T12:36:14+00:00
ORD-110025,8,5,Over-ear Headphones,audio,3,199.95,599.85,completed,2026-08-20T02:47:44+00:00
ORD-110026,10,1,Mechanical Keyboard 75%,peripherals,3,129.00,387.00,cancelled,2026-08-20T15:35:12+00:00
ORD-110027,6,5,Over-ear Headphones,audio,5,199.95,999.75,pending,2026-08-20T17:14:29+00:00
ORD-110028,1,10,Laptop Stand Aluminium,accessories,2,27.50,55.00,cancelled,2026-08-20T17:30:27+00:00
ORD-110029,8,5,Over-ear Headphones,audio,5,199.95,999.75,completed,2026-08-20T20:43:42+00:00
ORD-110030,5,8,Ergonomic Chair,furniture,1,612.75,612.75,completed,2026-08-20T05:15:25+00:00
ORD-110031,10,10,Laptop Stand Aluminium,accessories,5,27.50,137.50,pending,2026-08-20T13:30:29+00:00
ORD-110032,10,9,USB-C Hub 8-in-1,accessories,5,39.99,199.95,cancelled,2026-08-20T11:59:45+00:00
ORD-110033,2,4,34in Ultrawide Monitor,displays,3,579.00,1737.00,refunded,2026-08-20T00:42:35+00:00
ORD-110034,10,3,27in 1440p Monitor,displays,1,319.99,319.99,completed,2026-08-20T02:15:05+00:00
ORD-110035,3,7,Standing Desk 120cm,furniture,1,449.00,449.00,pending,2026-08-20T01:07:51+00:00
ORD-110036,8,1,Mechanical Keyboard 75%,peripherals,3,129.00,387.00,refunded,2026-08-20T00:15:50+00:00
ORD-110037,8,8,Ergonomic Chair,furniture,1,612.75,612.75,pending,2026-08-20T03:41:18+00:00
ORD-110038,9,3,27in 1440p Monitor,displays,2,319.99,639.98,cancelled,2026-08-20T07:36:19+00:00
ORD-110039,9,10,Laptop Stand Aluminium,accessories,1,27.50,27.50,pending,2026-08-20T08:24:40+00:00
ORD-110040,5,1,Mechanical Keyboard 75%,peripherals,2,129.00,258.00,cancelled,2026-08-20T11:13:23+00:00
ORD-110041,2,5,Over-ear Headphones,audio,1,199.95,199.95,pending,2026-08-20T03:35:29+00:00
ORD-110042,8,10,Laptop Stand Aluminium,accessories,1,27.50,27.50,refunded,2026-08-20T08:45:57+00:00
ORD-110043,6,10,Laptop Stand Aluminium,accessories,4,27.50,110.00,cancelled,2026-08-20T10:34:24+00:00
ORD-110044,1,1,Mechanical Keyboard 75%,peripherals,1,129.00,129.00,pending,2026-08-20T17:43:54+00:00
ORD-110045,4,8,Ergonomic Chair,furniture,2,612.75,1225.50,pending,2026-08-20T01:25:11+00:00
ORD-110046,7,10,Laptop Stand Aluminium,accessories,3,27.50,82.50,completed,2026-08-20T17:25:53+00:00
ORD-110047,8,10,Laptop Stand Aluminium,accessories,1,27.50,27.50,cancelled,2026-08-20T15:53:46+00:00
ORD-110048,7,5,Over-ear Headphones,audio,2,199.95,399.90,refunded,2026-08-20T06:41:33+00:00
ORD-110049,10,6,Desk Speakers Pair,audio,2,89.00,178.00,completed,2026-08-20T06:17:02+00:00
ORD-110050,2,10,Laptop Stand Aluminium,accessories,1,27.50,27.50,refunded,2026-08-20T11:40:42+00:00
ORD-110051,6,2,Wireless Mouse,peripherals,5,49.50,247.50,pending,2026-08-20T09:53:55+00:00
ORD-110052,5,9,USB-C Hub 8-in-1,accessories,1,39.99,39.99,pending,2026-08-20T19:10:08+00:00
ORD-110053,9,3,27in 1440p Monitor,displays,4,319.99,1279.96,refunded,2026-08-20T20:24:25+00:00
ORD-110054,2,3,27in 1440p Monitor,displays,3,319.99,959.97,pending,2026-08-20T18:51:01+00:00
ORD-110055,10,8,Ergonomic Chair,furniture,5,612.75,3063.75,pending,2026-08-20T01:53:42+00:00
ORD-110056,5,3,27in 1440p Monitor,displays,5,319.99,1599.95,refunded,2026-08-20T05:04:57+00:00
ORD-110057,9,2,Wireless Mouse,peripherals,4,49.50,198.00,pending,2026-08-20T13:30:11+00:00
ORD-110058,10,7,Standing Desk 120cm,furniture,5,449.00,2245.00,pending,2026-08-20T05:54:28+00:00
ORD-110059,2,8,Ergonomic Chair,furniture,2,612.75,1225.50,completed,2026-08-20T16:03:10+00:00
ORD-110060,7,6,Desk Speakers Pair,audio,5,89.00,445.00,cancelled,2026-08-20T13:45:17+00:00
ORD-110061,8,7,Standing Desk 120cm,furniture,2,449.00,898.00,pending,2026-08-20T14:50:54+00:00
ORD-110062,5,3,27in 1440p Monitor,displays,1,319.99,319.99,completed,2026-08-20T17:02:44+00:00
ORD-110063,9,4,34in Ultrawide Monitor,displays,5,579.00,2895.00,pending,2026-08-20T21:16:58+00:00
ORD-110064,7,4,34in Ultrawide Monitor,displays,4,579.00,2316.00,completed,2026-08-20T18:52:25+00:00
ORD-110065,9,9,USB-C Hub 8-in-1,accessories,2,39.99,79.98,cancelled,2026-08-20T09:17:57+00:00
ORD-110066,7,7,Standing Desk 120cm,furniture,5,449.00,2245.00,completed,2026-08-20T04:54:38+00:00
ORD-110067,1,5,Over-ear Headphones,audio,2,199.95,399.90,refunded,2026-08-20T03:22:57+00:00
ORD-110068,6,10,Laptop Stand Aluminium,accessories,2,27.50,55.00,pending,2026-08-20T00:49:46+00:00
ORD-110069,8,8,Ergonomic Chair,furniture,5,612.75,3063.75,cancelled,2026-08-20T04:22:34+00:00
ORD-110070,8,3,27in 1440p Monitor,displays,3,319.99,959.97,completed,2026-08-20T20:23:35+00:00
ORD-110071,9,3,27in 1440p Monitor,displays,1,319.99,319.99,refunded,2026-08-20T04:48:11+00:00
ORD-110072,10,5,Over-ear Headphones,audio,2,199.95,399.90,refunded,2026-08-20T01:58:20+00:00
ORD-110073,5,10,Laptop Stand Aluminium,accessories,2,27.50,55.00,cancelled,2026-08-20T18:16:09+00:00
ORD-110074,5,1,Mechanical Keyboard 75%,peripherals,3,129.00,387.00,pending,2026-08-20T01:46:31+00:00
ORD-110075,3,7,Standing Desk 120cm,furniture,5,449.00,2245.00,cancelled,2026-08-20T01:35:25+00:00
ORD-110076,5,1,Mechanical Keyboard 75%,peripherals,1,129.00,129.00,pending,2026-08-20T15:53:09+00:00
ORD-110077,10,1,Mechanical Keyboard 75%,peripherals,1,129.00,129.00,pending,2026-08-20T14:48:38+00:00
ORD-110078,6,5,Over-ear Headphones,audio,2,199.95,399.90,refunded,2026-08-20T21:41:01+00:00
ORD-110079,3,5,Over-ear Headphones,audio,1,199.95,199.95,cancelled,2026-08-20T02:03:43+00:00
ORD-110080,3,5,Over-ear Headphones,audio,5,199.95,999.75,completed,2026-08-20T23:08:56+00:00
ORD-110081,2,2,Wireless Mouse,peripherals,4,49.50,198.00,cancelled,2026-08-20T03:33:09+00:00
ORD-110082,7,7,Standing Desk 120cm,furniture,5,449.00,2245.00,completed,2026-08-20T14:27:20+00:00
ORD-110083,9,10,Laptop Stand Aluminium,accessories,4,27.50,110.00,cancelled,2026-08-20T18:11:57+00:00
ORD-110084,1,5,Over-ear Headphones,audio,4,199.95,799.80,completed,2026-08-20T03:04:31+00:00
ORD-110085,10,3,27in 1440p Monitor,displays,4,319.99,1279.96,pending,2026-08-20T09:08:38+00:00
ORD-110086,4,1,Mechanical Keyboard 75%,peripherals,1,129.00,129.00,completed,2026-08-20T14:57:16+00:00
ORD-110087,8,8,Ergonomic Chair,furniture,5,612.75,3063.75,pending,2026-08-20T01:53:44+00:00
ORD-110088,8,8,Ergonomic Chair,furniture,5,612.75,3063.75,completed,2026-08-20T02:20:00+00:00
ORD-110089,5,6,Desk Speakers Pair,audio,2,89.00,178.00,pending,2026-08-20T09:41:30+00:00
ORD-110090,8,10,Laptop Stand Aluminium,accessories,5,27.50,137.50,completed,2026-08-20T02:16:15+00:00
ORD-110091,10,3,27in 1440p Monitor,displays,1,319.99,319.99,cancelled,2026-08-20T02:09:50+00:00
ORD-110092,5,6,Desk Speakers Pair,audio,2,89.00,178.00,completed,2026-08-20T13:37:52+00:00
ORD-110093,5,3,27in 1440p Monitor,displays,3,319.99,959.97,completed,2026-08-20T22:06:32+00:00
ORD-110094,9,1,Mechanical Keyboard 75%,peripherals,4,129.00,516.00,cancelled,2026-08-20T00:14:49+00:00
ORD-110095,8,4,34in Ultrawide Monitor,displays,1,579.00,579.00,cancelled,2026-08-20T08:57:33+00:00
ORD-110096,6,4,34in Ultrawide Monitor,displays,5,579.00,2895.00,refunded,2026-08-20T02:01:06+00:00
ORD-110097,4,9,USB-C Hub 8-in-1,accessories,2,39.99,79.98,pending,2026-08-20T05:26:17+00:00
ORD-110098,7,5,Over-ear Headphones,audio,1,199.95,199.95,refunded,2026-08-20T10:42:04+00:00
ORD-110099,6,8,Ergonomic Chair,furniture,3,612.75,1838.25,cancelled,2026-08-20T00:41:58+00:00
ORD-110100,10,10,Laptop Stand Aluminium,accessories,3,27.50,82.50,refunded,2026-08-20T20:35:34+00:00
ORD-110101,8,2,Wireless Mouse,peripherals,5,49.50,247.50,cancelled,2026-08-20T01:32:55+00:00
ORD-110102,4,1,Mechanical Keyboard 75%,peripherals,4,129.00,516.00,pending,2026-08-20T11:05:56+00:00
ORD-110103,1,8,Ergonomic Chair,furniture,5,612.75,3063.75,refunded,2026-08-20T00:34:23+00:00
ORD-110104,5,3,27in 1440p Monitor,displays,3,319.99,959.97,completed,2026-08-20T06:48:33+00:00
ORD-110105,9,6,Desk Speakers Pair,audio,5,89.00,445.00,cancelled,2026-08-20T18:42:24+00:00
ORD-110106,1,6,Desk Speakers Pair,audio,5,89.00,445.00,pending,2026-08-20T00:11:57+00:00
ORD-110107,8,2,Wireless Mouse,peripherals,4,49.50,198.00,completed,2026-08-20T13:31:27+00:00
ORD-110108,10,8,Ergonomic Chair,furniture,1,612.75,612.75,cancelled,2026-08-20T17:12:41+00:00
ORD-110109,9,2,Wireless Mouse,peripherals,2,49.50,99.00,pending,2026-08-20T22:06:49+00:00
ORD-110110,10,8,Ergonomic Chair,furniture,1,612.75,612.75,cancelled,2026-08-20T07:19:51+00:00
ORD-110111,8,7,Standing Desk 120cm,furniture,4,449.00,1796.00,pending,2026-08-20T09:53:53+00:00
ORD-110112,8,1,Mechanical Keyboard 75%,peripherals,2,129.00,258.00,pending,2026-08-20T19:30:53+00:00
ORD-110113,10,5,Over-ear Headphones,audio,4,199.95,799.80,cancelled,2026-08-20T23:25:36+00:00
ORD-110114,3,6,Desk Speakers Pair,audio,2,89.00,178.00,pending,2026-08-20T11:12:25+00:00
ORD-110115,4,7,Standing Desk 120cm,furniture,2,449.00,898.00,pending,2026-08-20T15:27:11+00:00
ORD-110116,7,7,Standing Desk 120cm,furniture,4,449.00,1796.00,refunded,2026-08-20T14:17:14+00:00
ORD-110117,8,6,Desk Speakers Pair,audio,3,89.00,267.00,pending,2026-08-20T12:28:13+00:00
ORD-110118,10,8,Ergonomic Chair,furniture,2,612.75,1225.50,refunded,2026-08-20T17:44:59+00:00
ORD-110119,8,9,USB-C Hub 8-in-1,accessories,1,39.99,39.99,pending,2026-08-20T01:39:41+00:00
ORD-110120,10,3,27in 1440p Monitor,displays,1,319.99,319.99,completed,2026-08-20T19:07:11+00:00
ORD-110121,2,6,Desk Speakers Pair,audio,3,89.00,267.00,completed,2026-08-20T04:48:37+00:00
ORD-110122,4,5,Over-ear Headphones,audio,4,199.95,799.80,completed,2026-08-20T04:30:15+00:00
ORD-110123,7,9,USB-C Hub 8-in-1,accessories,1,39.99,39.99,cancelled,2026-08-20T12:34:44+00:00
ORD-110124,4,3,27in 1440p Monitor,displays,3,319.99,959.97,pending,2026-08-20T01:23:32+00:00
ORD-110125,10,4,34in Ultrawide Monitor,displays,1,579.00,579.00,refunded,2026-08-20T19:45:06+00:00
ORD-110126,3,5,Over-ear Headphones,audio,4,199.95,799.80,refunded,2026-08-20T13:15:27+00:00
ORD-110127,4,7,Standing Desk 120cm,furniture,5,449.00,2245.00,refunded,2026-08-20T13:51:32+00:00
ORD-110128,1,1,Mechanical Keyboard 75%,peripherals,1,129.00,129.00,pending,2026-08-20T05:08:48+00:00
ORD-110129,10,6,Desk Speakers Pair,audio,3,89.00,267.00,pending,2026-08-20T00:43:32+00:00
ORD-110130,9,4,34in Ultrawide Monitor,displays,3,579.00,1737.00,completed,2026-08-20T00:53:05+00:00
ORD-110131,9,2,Wireless Mouse,peripherals,2,49.50,99.00,pending,2026-08-20T04:24:21+00:00
ORD-110132,6,7,Standing Desk 120cm,furniture,3,449.00,1347.00,cancelled,2026-08-20T09:55:20+00:00
ORD-110133,6,5,Over-ear Headphones,audio,3,199.95,599.85,pending,2026-08-20T10:09:34+00:00
ORD-110134,10,8,Ergonomic Chair,furniture,3,612.75,1838.25,completed,2026-08-20T00:54:06+00:00
ORD-110135,3,2,Wireless Mouse,peripherals,3,49.50,148.50,cancelled,2026-08-20T01:28:02+00:00
ORD-110136,1,7,Standing Desk 120cm,furniture,1,449.00,449.00,pending,2026-08-20T23:39:00+00:00
ORD-110137,9,2,Wireless Mouse,peripherals,2,49.50,99.00,refunded,2026-08-20T10:41:25+00:00
ORD-110138,10,8,Ergonomic Chair,furniture,3,612.75,1838.25,pending,2026-08-20T15:06:48+00:00
ORD-110139,9,5,Over-ear Headphones,audio,3,199.95,599.85,cancelled,2026-08-20T18:50:07+00:00
ORD-110140,4,6,Desk Speakers Pair,audio,5,89.00,445.00,pending,2026-08-20T17:27:17+00:00
ORD-110141,3,4,34in Ultrawide Monitor,displays,3,579.00,1737.00,pending,2026-08-20T20:26:16+00:00
ORD-110142,10,9,USB-C Hub 8-in-1,accessories,1,39.99,39.99,pending,2026-08-20T11:19:02+00:00
ORD-110143,6,2,Wireless Mouse,peripherals,4,49.50,198.00,completed,2026-08-20T22:43:17+00:00
ORD-110144,5,7,Standing Desk 120cm,furniture,3,449.00,1347.00,completed,2026-08-20T07:28:31+00:00
ORD-110145,1,7,Standing Desk 120cm,furniture,2,449.00,898.00,refunded,2026-08-20T05:37:14+00:00
ORD-110146,7,10,Laptop Stand Aluminium,accessories,4,27.50,110.00,pending,2026-08-20T05:03:50+00:00
ORD-110147,2,1,Mechanical Keyboard 75%,peripherals,5,129.00,645.00,cancelled,2026-08-20T00:01:58+00:00
ORD-110148,4,2,Wireless Mouse,peripherals,2,49.50,99.00,cancelled,2026-08-20T07:19:32+00:00
ORD-110149,2,8,Ergonomic Chair,furniture,5,612.75,3063.75,refunded,2026-08-20T00:04:53+00:00
ORD-110150,8,7,Standing Desk 120cm,furniture,4,449.00,1796.00,refunded,2026-08-20T21:22:46+00:00
ORD-110151,9,8,Ergonomic Chair,furniture,4,612.75,2451.00,completed,2026-08-20T05:38:43+00:00
ORD-110152,4,2,Wireless Mouse,peripherals,5,49.50,247.50,completed,2026-08-20T09:01:39+00:00
ORD-110153,2,2,Wireless Mouse,peripherals,5,49.50,247.50,completed,2026-08-20T06:26:05+00:00
ORD-110154,7,10,Laptop Stand Aluminium,accessories,1,27.50,27.50,pending,2026-08-20T14:15:11+00:00
ORD-110155,9,2,Wireless Mouse,peripherals,1,49.50,49.50,completed,2026-08-20T23:54:18+00:00
ORD-110156,4,2,Wireless Mouse,peripherals,5,49.50,247.50,refunded,2026-08-20T01:14:07+00:00
ORD-110157,10,8,Ergonomic Chair,furniture,1,612.75,612.75,refunded,2026-08-20T14:22:36+00:00
ORD-110158,4,10,Laptop Stand Aluminium,accessories,3,27.50,82.50,refunded,2026-08-20T08:45:47+00:00
ORD-110159,6,7,Standing Desk 120cm,furniture,3,449.00,1347.00,cancelled,2026-08-20T17:36:46+00:00
ORD-110160,8,9,USB-C Hub 8-in-1,accessories,1,39.99,39.99,completed,2026-08-20T23:45:39+00:00
ORD-110161,4,3,27in 1440p Monitor,displays,3,319.99,959.97,refunded,2026-08-20T09:54:12+00:00
ORD-110162,4,7,Standing Desk 120cm,furniture,3,449.00,1347.00,pending,2026-08-20T05:52:10+00:00
ORD-110163,3,9,USB-C Hub 8-in-1,accessories,2,39.99,79.98,refunded,2026-08-20T11:53:49+00:00
ORD-110164,6,9,USB-C Hub 8-in-1,accessories,5,39.99,199.95,cancelled,2026-08-20T08:58:08+00:00
ORD-110165,3,1,Mechanical Keyboard 75%,peripherals,3,129.00,387.00,cancelled,2026-08-20T10:53:57+00:00
ORD-110166,1,2,Wireless Mouse,peripherals,4,49.50,198.00,completed,2026-08-20T10:27:37+00:00
ORD-110167,9,4,34in Ultrawide Monitor,displays,3,579.00,1737.00,cancelled,2026-08-20T01:18:00+00:00
ORD-110168,5,4,34in Ultrawide Monitor,displays,5,579.00,2895.00,cancelled,2026-08-20T11:23:44+00:00
ORD-110169,3,4,34in Ultrawide Monitor,displays,2,579.00,1158.00,cancelled,2026-08-20T20:45:55+00:00
ORD-110170,1,3,27in 1440p Monitor,displays,4,319.99,1279.96,cancelled,2026-08-20T06:04:54+00:00
ORD-110171,7,9,USB-C Hub 8-in-1,accessories,2,39.99,79.98,pending,2026-08-20T14:13:32+00:00
ORD-110172,1,7,Standing Desk 120cm,furniture,4,449.00,1796.00,completed,2026-08-20T00:27:36+00:00
ORD-110173,8,3,27in 1440p Monitor,displays,1,319.99,319.99,pending,2026-08-20T03:48:23+00:00
ORD-110174,10,7,Standing Desk 120cm,furniture,5,449.00,2245.00,refunded,2026-08-20T00:13:30+00:00
ORD-110175,2,10,Laptop Stand Aluminium,accessories,2,27.50,55.00,completed,2026-08-20T17:27:49+00:00
ORD-110176,6,3,27in 1440p Monitor,displays,1,319.99,319.99,pending,2026-08-20T05:51:55+00:00
ORD-110177,1,3,27in 1440p Monitor,displays,1,319.99,319.99,cancelled,2026-08-20T18:19:03+00:00
ORD-110178,9,6,Desk Speakers Pair,audio,5,89.00,445.00,pending,2026-08-20T12:20:48+00:00
ORD-110179,3,9,USB-C Hub 8-in-1,accessories,3,39.99,119.97,completed,2026-08-20T17:29:16+00:00
ORD-110180,1,9,USB-C Hub 8-in-1,accessories,4,39.99,159.96,refunded,2026-08-20T07:56:14+00:00
ORD-110181,3,2,Wireless Mouse,peripherals,1,49.50,49.50,pending,2026-08-20T13:56:45+00:00
ORD-110182,5,8,Ergonomic Chair,furniture,5,612.75,3063.75,cancelled,2026-08-20T19:04:59+00:00
ORD-110183,2,9,USB-C Hub 8-in-1,accessories,4,39.99,159.96,refunded,2026-08-20T02:55:47+00:00
ORD-110184,6,8,Ergonomic Chair,furniture,2,612.75,1225.50,completed,2026-08-20T03:41:46+00:00
ORD-110185,1,5,Over-ear Headphones,audio,1,199.95,199.95,cancelled,2026-08-20T15:38:41+00:00
ORD-110186,5,7,Standing Desk 120cm,furniture,3,449.00,1347.00,completed,2026-08-20T10:49:21+00:00
ORD-110187,9,5,Over-ear Headphones,audio,5,199.95,999.75,refunded,2026-08-20T12:45:48+00:00
ORD-110188,9,1,Mechanical Keyboard 75%,peripherals,1,129.00,129.00,completed,2026-08-20T09:12:27+00:00
ORD-110189,4,5,Over-ear Headphones,audio,5,199.95,999.75,cancelled,2026-08-20T06:45:20+00:00
ORD-110190,9,10,Laptop Stand Aluminium,accessories,2,27.50,55.00,pending,2026-08-20T23:58:18+00:00
ORD-110191,7,4,34in Ultrawide Monitor,displays,3,579.00,1737.00,cancelled,2026-08-20T06:39:54+00:00
ORD-110192,6,5,Over-ear Headphones,audio,4,199.95,799.80,completed,2026-08-20T01:12:30+00:00
ORD-110193,1,3,27in 1440p Monitor,displays,4,319.99,1279.96,cancelled,2026-08-20T09:39:14+00:00
ORD-110194,10,3,27in 1440p Monitor,displays,4,319.99,1279.96,refunded,2026-08-20T06:50:37+00:00
ORD-110195,8,8,Ergonomic Chair,furniture,5,612.75,3063.75,refunded,2026-08-20T11:57:00+00:00
ORD-110196,8,7,Standing Desk 120cm,furniture,2,449.00,898.00,pending,2026-08-20T04:36:12+00:00
ORD-110197,4,9,USB-C Hub 8-in-1,accessories,3,39.99,119.97,cancelled,2026-08-20T06:38:30+00:00
ORD-110198,10,4,34in Ultrawide Monitor,displays,4,579.00,2316.00,completed,2026-08-20T17:32:19+00:00
ORD-110199,4,1,Mechanical Keyboard 75%,peripherals,2,129.00,258.00,pending,2026-08-20T07:46:18+00:00
ORD-110200,4,4,34in Ultrawide Monitor,displays,1,579.00,579.00,completed,2026-08-20T07:14:54+00:00
ORD-110201,5,8,Ergonomic Chair,furniture,3,612.75,1838.25,refunded,2026-08-20T16:23:25+00:00
ORD-110202,7,5,Over-ear Headphones,audio,4,199.95,799.80,completed,2026-08-20T15:46:35+00:00
ORD-110203,6,9,USB-C Hub 8-in-1,accessories,5,39.99,199.95,refunded,2026-08-20T17:21:57+00:00
ORD-110204,2,1,Mechanical Keyboard 75%,peripherals,2,129.00,258.00,pending,2026-08-20T03:10:40+00:00
ORD-110205,2,9,USB-C Hub 8-in-1,accessories,5,39.99,199.95,refunded,2026-08-20T18:58:18+00:00
ORD-110206,10,2,Wireless Mouse,peripherals,3,49.50,148.50,refunded,2026-08-20T18:53:37+00:00
ORD-110207,10,8,Ergonomic Chair,furniture,5,612.75,3063.75,refunded,2026-08-20T13:53:25+00:00
ORD-110208,2,4,34in Ultrawide Monitor,displays,2,579.00,1158.00,refunded,2026-08-20T23:39:14+00:00
ORD-110209,10,5,Over-ear Headphones,audio,5,199.95,999.75,pending,2026-08-20T10:57:56+00:00
ORD-110210,2,10,Laptop Stand Aluminium,accessories,2,27.50,55.00,completed,2026-08-20T17:32:40+00:00
ORD-110211,9,10,Laptop Stand Aluminium,accessories,5,27.50,137.50,refunded,2026-08-20T00:01:28+00:00
ORD-110212,2,5,Over-ear Headphones,audio,5,199.95,999.75,cancelled,2026-08-20T23:36:19+00:00
ORD-110213,5,2,Wireless Mouse,peripherals,1,49.50,49.50,completed,2026-08-20T01:46:04+00:00
ORD-110214,1,9,USB-C Hub 8-in-1,accessories,4,39.99,159.96,pending,2026-08-20T00:20:39+00:00
ORD-110215,6,3,27in 1440p Monitor,displays,2,319.99,639.98,refunded,2026-08-20T12:05:44+00:00
ORD-110216,2,10,Laptop Stand Aluminium,accessories,2,27.50,55.00,pending,2026-08-20T12:42:07+00:00
ORD-110217,6,3,27in 1440p Monitor,displays,3,319.99,959.97,pending,2026-08-20T18:16:00+00:00
ORD-110218,4,6,Desk Speakers Pair,audio,1,89.00,89.00,completed,2026-08-20T20:51:50+00:00
ORD-110219,7,4,34in Ultrawide Monitor,displays,1,579.00,579.00,cancelled,2026-08-20T14:51:47+00:00
ORD-110220,9,8,Ergonomic Chair,furniture,3,612.75,1838.25,pending,2026-08-20T23:58:20+00:00
ORD-110221,6,5,Over-ear Headphones,audio,2,199.95,399.90,completed,2026-08-20T21:45:14+00:00
ORD-110222,6,10,Laptop Stand Aluminium,accessories,1,27.50,27.50,cancelled,2026-08-20T13:53:13+00:00
ORD-110223,7,4,34in Ultrawide Monitor,displays,5,579.00,2895.00,pending,2026-08-20T20:29:49+00:00
ORD-110224,4,6,Desk Speakers Pair,audio,5,89.00,445.00,pending,2026-08-20T20:34:24+00:00
ORD-110225,6,10,Laptop Stand Aluminium,accessories,5,27.50,137.50,pending,2026-08-20T18:05:11+00:00
ORD-110226,7,2,Wireless Mouse,peripherals,1,49.50,49.50,completed,2026-08-20T11:13:14+00:00
ORD-110227,10,4,34in Ultrawide Monitor,displays,1,579.00,579.00,cancelled,2026-08-20T07:23:09+00:00
ORD-110228,3,6,Desk Speakers Pair,audio,5,89.00,445.00,refunded,2026-08-20T19:49:32+00:00
ORD-110229,7,3,27in 1440p Monitor,displays,2,319.99,639.98,refunded,2026-08-20T16:29:55+00:00
ORD-110230,2,10,Laptop Stand Aluminium,accessories,4,27.50,110.00,cancelled,2026-08-20T09:33:33+00:00
ORD-110231,3,1,Mechanical Keyboard 75%,peripherals,1,129.00,129.00,completed,2026-08-20T06:17:18+00:00
ORD-110232,8,5,Over-ear Headphones,audio,3,199.95,599.85,completed,2026-08-20T02:44:55+00:00
ORD-110233,7,4,34in Ultrawide Monitor,displays,3,579.00,1737.00,cancelled,2026-08-20T19:39:46+00:00
ORD-110234,3,6,Desk Speakers Pair,audio,1,89.00,89.00,refunded,2026-08-20T07:09:44+00:00
ORD-110235,9,6,Desk Speakers Pair,audio,4,89.00,356.00,cancelled,2026-08-20T19:03:50+00:00
ORD-110236,5,8,Ergonomic Chair,furniture,1,612.75,612.75,completed,2026-08-20T17:26:19+00:00
ORD-110237,2,8,Ergonomic Chair,furniture,1,612.75,612.75,pending,2026-08-20T10:02:27+00:00
ORD-110238,5,5,Over-ear Headphones,audio,5,199.95,999.75,refunded,2026-08-20T09:02:20+00:00
ORD-110239,5,7,Standing Desk 120cm,furniture,3,449.00,1347.00,completed,2026-08-20T13:36:59+00:00
ORD-110240,5,10,Laptop Stand Aluminium,accessories,1,27.50,27.50,completed,2026-08-20T21:34:57+00:00
ORD-110241,10,7,Standing Desk 120cm,furniture,5,449.00,2245.00,cancelled,2026-08-20T22:48:27+00:00
ORD-110242,2,8,Ergonomic Chair,furniture,1,612.75,612.75,cancelled,2026-08-20T19:23:17+00:00
ORD-110243,10,6,Desk Speakers Pair,audio,4,89.00,356.00,refunded,2026-08-20T06:51:55+00:00
ORD-110244,8,4,34in Ultrawide Monitor,displays,4,579.00,2316.00,completed,2026-08-20T04:20:51+00:00
ORD-110245,3,1,Mechanical Keyboard 75%,peripherals,1,129.00,129.00,completed,2026-08-20T06:23:12+00:00
ORD-110246,6,6,Desk Speakers Pair,audio,1,89.00,89.00,refunded,2026-08-20T07:10:24+00:00
ORD-110247,6,10,Laptop Stand Aluminium,accessories,4,27.50,110.00,cancelled,2026-08-20T21:21:26+00:00
ORD-110248,10,9,USB-C Hub 8-in-1,accessories,1,39.99,39.99,completed,2026-08-20T17:44:19+00:00
ORD-110249,8,6,Desk Speakers Pair,audio,5,89.00,445.00,pending,2026-08-20T01:40:03+00:00
ORD-110250,5,5,Over-ear Headphones,audio,3,199.95,599.85,completed,2026-08-20T02:20:08+00:00
ORD-110251,10,9,USB-C Hub 8-in-1,accessories,2,39.99,79.98,completed,2026-08-20T07:19:11+00:00
ORD-110252,6,1,Mechanical Keyboard 75%,peripherals,1,129.00,129.00,refunded,2026-08-20T15:41:21+00:00
ORD-110253,5,2,Wireless Mouse,peripherals,3,49.50,148.50,completed,2026-08-20T19:57:25+00:00
ORD-110254,6,5,Over-ear Headphones,audio,3,199.95,599.85,cancelled,2026-08-20T00:31:47+00:00
ORD-110255,2,10,Laptop Stand Aluminium,accessories,2,27.50,55.00,cancelled,2026-08-20T08:18:31+00:00
ORD-110256,1,10,Laptop Stand Aluminium,accessories,4,27.50,110.00,completed,2026-08-20T21:18:55+00:00
ORD-110257,9,7,Standing Desk 120cm,furniture,2,449.00,898.00,cancelled,2026-08-20T07:24:44+00:00
ORD-110258,7,5,Over-ear Headphones,audio,4,199.95,799.80,pending,2026-08-20T23:02:40+00:00
ORD-110259,1,5,Over-ear Headphones,audio,3,199.95,599.85,completed,2026-08-20T00:48:16+00:00
ORD-110260,1,3,27in 1440p Monitor,displays,3,319.99,959.97,cancelled,2026-08-20T09:08:48+00:00
ORD-110261,9,8,Ergonomic Chair,furniture,3,612.75,1838.25,pending,2026-08-20T09:04:34+00:00
ORD-110262,9,6,Desk Speakers Pair,audio,5,89.00,445.00,refunded,2026-08-20T16:35:17+00:00
ORD-110263,10,9,USB-C Hub 8-in-1,accessories,1,39.99,39.99,completed,2026-08-20T08:11:28+00:00
ORD-110264,3,8,Ergonomic Chair,furniture,3,612.75,1838.25,cancelled,2026-08-20T01:31:52+00:00
ORD-110265,6,3,27in 1440p Monitor,displays,3,319.99,959.97,refunded,2026-08-20T22:04:19+00:00
ORD-110266,6,6,Desk Speakers Pair,audio,3,89.00,267.00,cancelled,2026-08-20T21:01:59+00:00
ORD-110267,10,6,Desk Speakers Pair,audio,3,89.00,267.00,completed,2026-08-20T14:25:58+00:00
ORD-110268,3,8,Ergonomic Chair,furniture,5,612.75,3063.75,completed,2026-08-20T11:26:34+00:00
ORD-110269,9,6,Desk Speakers Pair,audio,4,89.00,356.00,refunded,2026-08-20T22:29:10+00:00
ORD-110270,1,8,Ergonomic Chair,furniture,1,612.75,612.75,refunded,2026-08-20T08:13:22+00:00
ORD-110271,3,1,Mechanical Keyboard 75%,peripherals,3,129.00,387.00,refunded,2026-08-20T05:36:59+00:00
ORD-110272,2,6,Desk Speakers Pair,audio,5,89.00,445.00,pending,2026-08-20T09:02:24+00:00
ORD-110273,1,5,Over-ear Headphones,audio,3,199.95,599.85,cancelled,2026-08-20T19:18:27+00:00
ORD-110274,5,6,Desk Speakers Pair,audio,3,89.00,267.00,completed,2026-08-20T03:34:58+00:00
ORD-110275,9,5,Over-ear Headphones,audio,2,199.95,399.90,completed,2026-08-20T10:24:07+00:00
ORD-110276,4,8,Ergonomic Chair,furniture,5,612.75,3063.75,completed,2026-08-20T00:06:32+00:00
ORD-110277,1,7,Standing Desk 120cm,furniture,2,449.00,898.00,completed,2026-08-20T09:52:38+00:00
ORD-110278,1,3,27in 1440p Monitor,displays,1,319.99,319.99,refunded,2026-08-20T11:16:43+00:00
ORD-110279,7,10,Laptop Stand Aluminium,accessories,2,27.50,55.00,cancelled,2026-08-20T09:46:48+00:00
ORD-110280,8,1,Mechanical Keyboard 75%,peripherals,2,129.00,258.00,completed,2026-08-20T20:10:59+00:00
ORD-110281,8,6,Desk Speakers Pair,audio,4,89.00,356.00,cancelled,2026-08-20T05:00:34+00:00
ORD-110282,4,1,Mechanical Keyboard 75%,peripherals,4,129.00,516.00,pending,2026-08-20T21:08:26+00:00
ORD-110283,3,4,34in Ultrawide Monitor,displays,3,579.00,1737.00,cancelled,2026-08-20T05:27:39+00:00
ORD-110284,2,10,Laptop Stand Aluminium,accessories,4,27.50,110.00,completed,2026-08-20T14:45:31+00:00
ORD-110285,3,8,Ergonomic Chair,furniture,4,612.75,2451.00,refunded,2026-08-20T00:23:47+00:00
ORD-110286,1,2,Wireless Mouse,peripherals,1,49.50,49.50,refunded,2026-08-20T19:46:03+00:00
ORD-110287,1,9,USB-C Hub 8-in-1,accessories,5,39.99,199.95,pending,2026-08-20T00:08:54+00:00
ORD-110288,3,7,Standing Desk 120cm,furniture,2,449.00,898.00,pending,2026-08-20T11:11:19+00:00
ORD-110289,2,1,Mechanical Keyboard 75%,peripherals,4,129.00,516.00,cancelled,2026-08-20T09:53:36+00:00
ORD-110290,4,6,Desk Speakers Pair,audio,5,89.00,445.00,pending,2026-08-20T18:30:00+00:00
ORD-110291,6,8,Ergonomic Chair,furniture,3,612.75,1838.25,completed,2026-08-20T16:33:54+00:00
ORD-110292,9,5,Over-ear Headphones,audio,5,199.95,999.75,completed,2026-08-20T05:38:54+00:00
ORD-110293,2,3,27in 1440p Monitor,displays,5,319.99,1599.95,pending,2026-08-20T20:01:08+00:00
ORD-110294,6,9,USB-C Hub 8-in-1,accessories,3,39.99,119.97,cancelled,2026-08-20T06:50:34+00:00
ORD-110295,9,5,Over-ear Headphones,audio,2,199.95,399.90,completed,2026-08-20T03:23:07+00:00
ORD-110296,8,2,Wireless Mouse,peripherals,5,49.50,247.50,refunded,2026-08-20T07:29:05+00:00
ORD-110297,2,10,Laptop Stand Aluminium,accessories,2,27.50,55.00,completed,2026-08-20T00:43:40+00:00
ORD-110298,5,1,Mechanical Keyboard 75%,peripherals,2,129.00,258.00,refunded,2026-08-20T03:29:00+00:00
ORD-110299,4,6,Desk Speakers Pair,audio,5,89.00,445.00,cancelled,2026-08-20T04:51:18+00:00
ORD-110300,8,8,Ergonomic Chair,furniture,2,612.75,1225.50,refunded,2026-08-20T12:16:11+00:00
ORD-110301,3,4,34in Ultrawide Monitor,displays,4,579.00,2316.00,completed,2026-08-20T00:36:17+00:00
ORD-110302,8,2,Wireless Mouse,peripherals,5,49.50,247.50,refunded,2026-08-20T10:27:09+00:00
ORD-110303,10,5,Over-ear Headphones,audio,2,199.95,399.90,pending,2026-08-20T19:52:41+00:00
ORD-110304,3,7,Standing Desk 120cm,furniture,5,449.00,2245.00,refunded,2026-08-20T00:59:26+00:00
ORD-110305,3,5,Over-ear Headphones,audio,3,199.95,599.85,completed,2026-08-20T14:03:34+00:00
ORD-110306,9,9,USB-C Hub 8-in-1,accessories,4,39.99,159.96,pending,2026-08-20T03:34:13+00:00
ORD-110307,2,6,Desk Speakers Pair,audio,3,89.00,267.00,completed,2026-08-20T02:14:57+00:00
ORD-110308,2,4,34in Ultrawide Monitor,displays,5,579.00,2895.00,completed,2026-08-20T06:12:44+00:00
ORD-110309,10,1,Mechanical Keyboard 75%,peripherals,4,129.00,516.00,completed,2026-08-20T17:41:59+00:00
ORD-110310,9,2,Wireless Mouse,peripherals,5,49.50,247.50,cancelled,2026-08-20T02:07:52+00:00
ORD-110311,1,4,34in Ultrawide Monitor,displays,1,579.00,579.00,pending,2026-08-20T13:44:27+00:00
ORD-110312,10,6,Desk Speakers Pair,audio,4,89.00,356.00,cancelled,2026-08-20T17:18:40+00:00
ORD-110313,2,9,USB-C Hub 8-in-1,accessories,2,39.99,79.98,pending,2026-08-20T15:23:11+00:00
ORD-110314,8,8,Ergonomic Chair,furniture,1,612.75,612.75,completed,2026-08-20T11:07:19+00:00
ORD-110315,10,6,Desk Speakers Pair,audio,5,89.00,445.00,cancelled,2026-08-20T14:24:32+00:00
ORD-110316,3,3,27in 1440p Monitor,displays,4,319.99,1279.96,completed,2026-08-20T08:20:19+00:00
ORD-110317,4,2,Wireless Mouse,peripherals,2,49.50,99.00,completed,2026-08-20T07:53:50+00:00
ORD-110318,7,8,Ergonomic Chair,furniture,5,612.75,3063.75,cancelled,2026-08-20T17:42:33+00:00
ORD-110319,5,3,27in 1440p Monitor,displays,2,319.99,639.98,cancelled,2026-08-20T15:58:36+00:00
ORD-110320,4,6,Desk Speakers Pair,audio,1,89.00,89.00,completed,2026-08-20T07:10:54+00:00
ORD-110321,2,9,USB-C Hub 8-in-1,accessories,5,39.99,199.95,cancelled,2026-08-20T06:42:46+00:00
ORD-110322,6,4,34in Ultrawide Monitor,displays,5,579.00,2895.00,refunded,2026-08-20T23:18:26+00:00
ORD-110323,8,7,Standing Desk 120cm,furniture,1,449.00,449.00,cancelled,2026-08-20T20:56:29+00:00
ORD-110324,8,2,Wireless Mouse,peripherals,4,49.50,198.00,completed,2026-08-20T18:38:32+00:00
ORD-110325,4,10,Laptop Stand Aluminium,accessories,2,27.50,55.00,pending,2026-08-20T11:41:39+00:00
ORD-110326,9,7,Standing Desk 120cm,furniture,5,449.00,2245.00,refunded,2026-08-20T16:36:47+00:00
ORD-110327,10,8,Ergonomic Chair,furniture,5,612.75,3063.75,pending,2026-08-20T10:22:38+00:00
ORD-110328,3,10,Laptop Stand Aluminium,accessories,4,27.50,110.00,completed,2026-08-20T14:16:23+00:00
ORD-110329,10,5,Over-ear Headphones,audio,3,199.95,599.85,completed,2026-08-20T10:14:35+00:00
ORD-110330,6,10,Laptop Stand Aluminium,accessories,4,27.50,110.00,cancelled,2026-08-20T11:55:05+00:00
ORD-110331,1,9,USB-C Hub 8-in-1,accessories,1,39.99,39.99,pending,2026-08-20T14:07:55+00:00
ORD-110332,9,8,Ergonomic Chair,furniture,5,612.75,3063.75,cancelled,2026-08-20T11:51:21+00:00
ORD-110333,9,3,27in 1440p Monitor,displays,1,319.99,319.99,cancelled,2026-08-20T11:38:31+00:00
ORD-110334,1,5,Over-ear Headphones,audio,2,199.95,399.90,completed,2026-08-20T04:44:51+00:00
ORD-110335,1,8,Ergonomic Chair,furniture,5,612.75,3063.75,refunded,2026-08-20T12:03:45+00:00
ORD-110336,9,9,USB-C Hub 8-in-1,accessories,1,39.99,39.99,cancelled,2026-08-20T16:50:55+00:00
ORD-110337,2,8,Ergonomic Chair,furniture,4,612.75,2451.00,refunded,2026-08-20T19:12:38+00:00
ORD-110338,3,2,Wireless Mouse,peripherals,4,49.50,198.00,pending,2026-08-20T22:36:39+00:00
ORD-110339,7,2,Wireless Mouse,peripherals,5,49.50,247.50,refunded,2026-08-20T02:10:13+00:00
ORD-110340,3,4,34in Ultrawide Monitor,displays,4,579.00,2316.00,cancelled,2026-08-20T03:07:04+00:00
ORD-110341,3,10,Laptop Stand Aluminium,accessories,1,27.50,27.50,refunded,2026-08-20T03:00:37+00:00
ORD-110342,3,7,Standing Desk 120cm,furniture,5,449.00,2245.00,cancelled,2026-08-20T01:30:09+00:00
ORD-110343,4,3,27in 1440p Monitor,displays,1,319.99,319.99,pending,2026-08-20T21:45:41+00:00
ORD-110344,9,5,Over-ear Headphones,audio,2,199.95,399.90,completed,2026-08-20T16:59:57+00:00
ORD-110345,7,4,34in Ultrawide Monitor,displays,1,579.00,579.00,completed,2026-08-20T09:12:47+00:00
ORD-110346,8,1,Mechanical Keyboard 75%,peripherals,5,129.00,645.00,pending,2026-08-20T05:30:37+00:00
ORD-110347,9,9,USB-C Hub 8-in-1,accessories,5,39.99,199.95,refunded,2026-08-20T03:08:28+00:00
ORD-110348,9,10,Laptop Stand Aluminium,accessories,1,27.50,27.50,pending,2026-08-20T23:55:28+00:00
ORD-110349,7,5,Over-ear Headphones,audio,2,199.95,399.90,refunded,2026-08-20T22:43:32+00:00
ORD-110350,10,9,USB-C Hub 8-in-1,accessories,2,39.99,79.98,completed,2026-08-20T03:14:35+00:00
ORD-110351,1,8,Ergonomic Chair,furniture,5,612.75,3063.75,completed,2026-08-20T03:03:28+00:00
ORD-110352,8,3,27in 1440p Monitor,displays,4,319.99,1279.96,cancelled,2026-08-20T01:42:50+00:00
ORD-110353,5,5,Over-ear Headphones,audio,2,199.95,399.90,completed,2026-08-20T07:23:36+00:00
ORD-110354,5,2,Wireless Mouse,peripherals,1,49.50,49.50,completed,2026-08-20T07:09:59+00:00
ORD-110355,1,8,Ergonomic Chair,furniture,2,612.75,1225.50,cancelled,2026-08-20T01:59:23+00:00
ORD-110356,10,10,Laptop Stand Aluminium,accessories,1,27.50,27.50,refunded,2026-08-20T17:47:52+00:00
ORD-110357,1,1,Mechanical Keyboard 75%,peripherals,5,129.00,645.00,pending,2026-08-20T07:40:59+00:00
ORD-110358,2,6,Desk Speakers Pair,audio,2,89.00,178.00,cancelled,2026-08-20T20:49:59+00:00
ORD-110359,2,8,Ergonomic Chair,furniture,4,612.75,2451.00,pending,2026-08-20T22:24:08+00:00
ORD-110360,9,3,27in 1440p Monitor,displays,5,319.99,1599.95,completed,2026-08-20T10:36:08+00:00
ORD-110361,7,10,Laptop Stand Aluminium,accessories,3,27.50,82.50,completed,2026-08-20T03:57:02+00:00
ORD-110362,6,10,Laptop Stand Aluminium,accessories,4,27.50,110.00,completed,2026-08-20T11:08:29+00:00
ORD-110363,3,7,Standing Desk 120cm,furniture,5,449.00,2245.00,pending,2026-08-20T13:38:42+00:00
ORD-110364,5,2,Wireless Mouse,peripherals,4,49.50,198.00,cancelled,2026-08-20T21:08:02+00:00
ORD-110365,3,9,USB-C Hub 8-in-1,accessories,1,39.99,39.99,refunded,2026-08-20T16:59:52+00:00
ORD-110366,10,8,Ergonomic Chair,furniture,2,612.75,1225.50,pending,2026-08-20T16:33:53+00:00
ORD-110367,1,10,Laptop Stand Aluminium,accessories,1,27.50,27.50,pending,2026-08-20T05:28:33+00:00
ORD-110368,2,9,USB-C Hub 8-in-1,accessories,5,39.99,199.95,pending,2026-08-20T03:57:45+00:00
ORD-110369,3,10,Laptop Stand Aluminium,accessories,3,27.50,82.50,pending,2026-08-20T07:13:23+00:00
ORD-110370,4,9,USB-C Hub 8-in-1,accessories,5,39.99,199.95,pending,2026-08-20T10:43:27+00:00
ORD-110371,3,7,Standing Desk 120cm,furniture,1,449.00,449.00,cancelled,2026-08-20T01:25:35+00:00
ORD-110372,4,10,Laptop Stand Aluminium,accessories,1,27.50,27.50,pending,2026-08-20T03:37:31+00:00
ORD-110373,4,9,USB-C Hub 8-in-1,accessories,3,39.99,119.97,cancelled,2026-08-20T15:02:27+00:00
ORD-110374,5,3,27in 1440p Monitor,displays,4,319.99,1279.96,completed,2026-08-20T06:16:49+00:00
ORD-110375,1,8,Ergonomic Chair,furniture,2,612.75,1225.50,cancelled,2026-08-20T19:52:38+00:00
ORD-110376,4,3,27in 1440p Monitor,displays,1,319.99,319.99,completed,2026-08-20T23:49:14+00:00
ORD-110377,4,6,Desk Speakers Pair,audio,3,89.00,267.00,pending,2026-08-20T14:33:09+00:00
ORD-110378,2,4,34in Ultrawide Monitor,displays,2,579.00,1158.00,refunded,2026-08-20T20:07:42+00:00
ORD-110379,4,7,Standing Desk 120cm,furniture,2,449.00,898.00,pending,2026-08-20T13:35:03+00:00
ORD-110380,6,10,Laptop Stand Aluminium,accessories,5,27.50,137.50,pending,2026-08-20T05:23:29+00:00
ORD-110381,1,1,Mechanical Keyboard 75%,peripherals,5,129.00,645.00,pending,2026-08-20T09:53:57+00:00
ORD-110382,8,5,Over-ear Headphones,audio,3,199.95,599.85,completed,2026-08-20T11:22:44+00:00
ORD-110383,9,6,Desk Speakers Pair,audio,4,89.00,356.00,cancelled,2026-08-20T12:13:14+00:00
ORD-110384,5,2,Wireless Mouse,peripherals,5,49.50,247.50,pending,2026-08-20T02:43:34+00:00
ORD-110385,7,5,Over-ear Headphones,audio,2,199.95,399.90,refunded,2026-08-20T01:15:02+00:00
ORD-110386,4,10,Laptop Stand Aluminium,accessories,4,27.50,110.00,cancelled,2026-08-20T21:13:00+00:00
ORD-110387,6,6,Desk Speakers Pair,audio,1,89.00,89.00,refunded,2026-08-20T21:36:13+00:00
ORD-110388,3,5,Over-ear Headphones,audio,4,199.95,799.80,refunded,2026-08-20T06:47:48+00:00
ORD-110389,4,7,Standing Desk 120cm,furniture,3,449.00,1347.00,completed,2026-08-20T00:37:58+00:00
ORD-110390,8,9,USB-C Hub 8-in-1,accessories,1,39.99,39.99,completed,2026-08-20T05:19:11+00:00
ORD-110391,5,10,Laptop Stand Aluminium,accessories,1,27.50,27.50,refunded,2026-08-20T07:15:16+00:00
ORD-110392,9,5,Over-ear Headphones,audio,2,199.95,399.90,pending,2026-08-20T08:32:29+00:00
ORD-110393,6,3,27in 1440p Monitor,displays,4,319.99,1279.96,pending,2026-08-20T05:10:27+00:00
ORD-110394,8,2,Wireless Mouse,peripherals,1,49.50,49.50,completed,2026-08-20T05:01:49+00:00
ORD-110395,9,3,27in 1440p Monitor,displays,1,319.99,319.99,pending,2026-08-20T00:48:55+00:00
ORD-110396,7,1,Mechanical Keyboard 75%,peripherals,2,129.00,258.00,refunded,2026-08-20T05:08:36+00:00
ORD-110397,9,3,27in 1440p Monitor,displays,3,319.99,959.97,refunded,2026-08-20T05:32:49+00:00
ORD-110398,7,7,Standing Desk 120cm,furniture,1,449.00,449.00,completed,2026-08-20T03:03:01+00:00
ORD-110399,8,9,USB-C Hub 8-in-1,accessories,2,39.99,79.98,refunded,2026-08-20T04:58:10+00:00
ORD-110400,5,6,Desk Speakers Pair,audio,5,89.00,445.00,completed,2026-08-20T05:59:36+00:00
ORD-110401,4,10,Laptop Stand Aluminium,accessories,4,27.50,110.00,refunded,2026-08-20T19:04:37+00:00
ORD-110402,8,10,Laptop Stand Aluminium,accessories,5,27.50,137.50,pending,2026-08-20T21:43:04+00:00
ORD-110403,8,8,Ergonomic Chair,furniture,3,612.75,1838.25,cancelled,2026-08-20T01:47:13+00:00
ORD-110404,7,8,Ergonomic Chair,furniture,1,612.75,612.75,refunded,2026-08-20T05:05:53+00:00
ORD-110405,5,5,Over-ear Headphones,audio,5,199.95,999.75,cancelled,2026-08-20T13:07:44+00:00
ORD-110406,3,6,Desk Speakers Pair,audio,3,89.00,267.00,cancelled,2026-08-20T00:30:03+00:00
ORD-110407,8,9,USB-C Hub 8-in-1,accessories,1,39.99,39.99,cancelled,2026-08-20T21:34:42+00:00
ORD-110408,7,7,Standing Desk 120cm,furniture,5,449.00,2245.00,completed,2026-08-20T23:43:05+00:00
ORD-110409,8,9,USB-C Hub 8-in-1,accessories,5,39.99,199.95,completed,2026-08-20T04:49:31+00:00
ORD-110410,1,8,Ergonomic Chair,furniture,3,612.75,1838.25,completed,2026-08-20T05:56:06+00:00
ORD-110411,4,10,Laptop Stand Aluminium,accessories,4,27.50,110.00,completed,2026-08-20T06:12:33+00:00
ORD-110412,1,1,Mechanical Keyboard 75%,peripherals,3,129.00,387.00,refunded,2026-08-20T04:41:42+00:00
ORD-110413,2,6,Desk Speakers Pair,audio,1,89.00,89.00,cancelled,2026-08-20T02:28:26+00:00
ORD-110414,3,3,27in 1440p Monitor,displays,1,319.99,319.99,completed,2026-08-20T07:07:37+00:00
ORD-110415,4,5,Over-ear Headphones,audio,1,199.95,199.95,completed,2026-08-20T04:10:12+00:00
ORD-110416,5,2,Wireless Mouse,peripherals,2,49.50,99.00,completed,2026-08-20T14:57:48+00:00
ORD-110417,2,1,Mechanical Keyboard 75%,peripherals,5,129.00,645.00,cancelled,2026-08-20T09:54:34+00:00
ORD-110418,2,3,27in 1440p Monitor,displays,4,319.99,1279.96,completed,2026-08-20T10:08:34+00:00
ORD-110419,8,2,Wireless Mouse,peripherals,3,49.50,148.50,cancelled,2026-08-20T20:56:34+00:00
ORD-110420,4,4,34in Ultrawide Monitor,displays,2,579.00,1158.00,cancelled,2026-08-20T18:59:07+00:00
ORD-110421,4,6,Desk Speakers Pair,audio,2,89.00,178.00,cancelled,2026-08-20T01:04:37+00:00
ORD-110422,3,6,Desk Speakers Pair,audio,3,89.00,267.00,completed,2026-08-20T01:10:09+00:00
ORD-110423,10,8,Ergonomic Chair,furniture,3,612.75,1838.25,refunded,2026-08-20T05:23:36+00:00
ORD-110424,2,10,Laptop Stand Aluminium,accessories,4,27.50,110.00,cancelled,2026-08-20T10:06:05+00:00
ORD-110425,7,4,34in Ultrawide Monitor,displays,1,579.00,579.00,cancelled,2026-08-20T06:20:33+00:00
ORD-110426,1,5,Over-ear Headphones,audio,1,199.95,199.95,completed,2026-08-20T23:46:11+00:00
ORD-110427,1,10,Laptop Stand Aluminium,accessories,3,27.50,82.50,completed,2026-08-20T07:35:13+00:00
ORD-110428,4,10,Laptop Stand Aluminium,accessories,3,27.50,82.50,cancelled,2026-08-20T10:21:37+00:00
ORD-110429,4,10,Laptop Stand Aluminium,accessories,5,27.50,137.50,cancelled,2026-08-20T03:26:39+00:00
ORD-110430,10,3,27in 1440p Monitor,displays,1,319.99,319.99,pending,2026-08-20T12:53:56+00:00
ORD-110431,7,10,Laptop Stand Aluminium,accessories,2,27.50,55.00,pending,2026-08-20T08:21:13+00:00
ORD-110432,7,7,Standing Desk 120cm,furniture,2,449.00,898.00,refunded,2026-08-20T02:25:50+00:00
ORD-110433,7,5,Over-ear Headphones,audio,2,199.95,399.90,completed,2026-08-20T14:25:45+00:00
ORD-110434,7,9,USB-C Hub 8-in-1,accessories,4,39.99,159.96,cancelled,2026-08-20T20:58:00+00:00
ORD-110435,10,6,Desk Speakers Pair,audio,2,89.00,178.00,refunded,2026-08-20T12:43:26+00:00
ORD-110436,10,6,Desk Speakers Pair,audio,5,89.00,445.00,pending,2026-08-20T14:47:26+00:00
ORD-110437,7,9,USB-C Hub 8-in-1,accessories,1,39.99,39.99,pending,2026-08-20T22:08:18+00:00
ORD-110438,4,3,27in 1440p Monitor,displays,2,319.99,639.98,pending,2026-08-20T15:20:53+00:00
ORD-110439,9,10,Laptop Stand Aluminium,accessories,3,27.50,82.50,cancelled,2026-08-20T10:25:10+00:00
ORD-110440,10,8,Ergonomic Chair,furniture,5,612.75,3063.75,refunded,2026-08-20T11:50:16+00:00
ORD-110441,3,9,USB-C Hub 8-in-1,accessories,4,39.99,159.96,cancelled,2026-08-20T13:26:24+00:00
ORD-110442,2,6,Desk Speakers Pair,audio,4,89.00,356.00,pending,2026-08-20T05:09:49+00:00
ORD-110443,7,9,USB-C Hub 8-in-1,accessories,5,39.99,199.95,pending,2026-08-20T15:22:09+00:00
ORD-110444,7,5,Over-ear Headphones,audio,1,199.95,199.95,pending,2026-08-20T09:24:30+00:00
ORD-110445,4,4,34in Ultrawide Monitor,displays,3,579.00,1737.00,pending,2026-08-20T08:18:56+00:00
ORD-110446,4,7,Standing Desk 120cm,furniture,4,449.00,1796.00,completed,2026-08-20T03:32:51+00:00
ORD-110447,5,7,Standing Desk 120cm,furniture,1,449.00,449.00,cancelled,2026-08-20T05:40:47+00:00
ORD-110448,8,6,Desk Speakers Pair,audio,4,89.00,356.00,cancelled,2026-08-20T18:59:23+00:00
ORD-110449,2,7,Standing Desk 120cm,furniture,5,449.00,2245.00,pending,2026-08-20T21:46:48+00:00
ORD-110450,3,4,34in Ultrawide Monitor,displays,1,579.00,579.00,completed,2026-08-20T06:19:29+00:00
ORD-110451,2,1,Mechanical Keyboard 75%,peripherals,5,129.00,645.00,completed,2026-08-20T09:49:43+00:00
ORD-110452,9,7,Standing Desk 120cm,furniture,2,449.00,898.00,completed,2026-08-20T00:07:27+00:00
ORD-110453,6,9,USB-C Hub 8-in-1,accessories,2,39.99,79.98,cancelled,2026-08-20T22:26:58+00:00
ORD-110454,2,2,Wireless Mouse,peripherals,2,49.50,99.00,cancelled,2026-08-20T14:04:27+00:00
ORD-110455,8,4,34in Ultrawide Monitor,displays,1,579.00,579.00,completed,2026-08-20T18:11:45+00:00
ORD-110456,6,1,Mechanical Keyboard 75%,peripherals,1,129.00,129.00,completed,2026-08-20T17:25:30+00:00
ORD-110457,3,8,Ergonomic Chair,furniture,4,612.75,2451.00,completed,2026-08-20T20:11:53+00:00
ORD-110458,2,4,34in Ultrawide Monitor,displays,4,579.00,2316.00,refunded,2026-08-20T21:01:50+00:00
ORD-110459,6,10,Laptop Stand Aluminium,accessories,1,27.50,27.50,completed,2026-08-20T10:49:41+00:00
ORD-110460,7,2,Wireless Mouse,peripherals,5,49.50,247.50,pending,2026-08-20T17:13:13+00:00
ORD-110461,8,4,34in Ultrawide Monitor,displays,3,579.00,1737.00,completed,2026-08-20T02:12:38+00:00
ORD-110462,5,3,27in 1440p Monitor,displays,1,319.99,319.99,refunded,2026-08-20T03:07:24+00:00
ORD-110463,7,9,USB-C Hub 8-in-1,accessories,5,39.99,199.95,pending,2026-08-20T19:47:38+00:00
ORD-110464,9,9,USB-C Hub 8-in-1,accessories,5,39.99,199.95,cancelled,2026-08-20T07:36:51+00:00
ORD-110465,6,9,USB-C Hub 8-in-1,accessories,1,39.99,39.99,refunded,2026-08-20T16:32:32+00:00
ORD-110466,6,9,USB-C Hub 8-in-1,accessories,4,39.99,159.96,pending,2026-08-20T18:05:37+00:00
ORD-110467,9,8,Ergonomic Chair,furniture,1,612.75,612.75,cancelled,2026-08-20T09:44:59+00:00
ORD-110468,1,4,34in Ultrawide Monitor,displays,3,579.00,1737.00,cancelled,2026-08-20T05:26:33+00:00
ORD-110469,3,6,Desk Speakers Pair,audio,5,89.00,445.00,refunded,2026-08-20T10:54:41+00:00
ORD-110470,6,3,27in 1440p Monitor,displays,3,319.99,959.97,completed,2026-08-20T11:38:22+00:00
ORD-110471,4,1,Mechanical Keyboard 75%,peripherals,1,129.00,129.00,refunded,2026-08-20T10:42:40+00:00
ORD-110472,3,5,Over-ear Headphones,audio,5,199.95,999.75,cancelled,2026-08-20T14:12:31+00:00
ORD-110473,1,7,Standing Desk 120cm,furniture,2,449.00,898.00,refunded,2026-08-20T16:00:21+00:00
ORD-110474,3,5,Over-ear Headphones,audio,2,199.95,399.90,cancelled,2026-08-20T17:19:15+00:00
ORD-110475,10,3,27in 1440p Monitor,displays,4,319.99,1279.96,completed,2026-08-20T12:07:54+00:00
ORD-110476,4,10,Laptop Stand Aluminium,accessories,4,27.50,110.00,cancelled,2026-08-20T09:36:54+00:00
ORD-110477,3,6,Desk Speakers Pair,audio,3,89.00,267.00,refunded,2026-08-20T05:39:54+00:00
ORD-110478,10,5,Over-ear Headphones,audio,3,199.95,599.85,cancelled,2026-08-20T05:38:00+00:00
ORD-110479,7,1,Mechanical Keyboard 75%,peripherals,1,129.00,129.00,completed,2026-08-20T17:33:18+00:00
ORD-110480,8,3,27in 1440p Monitor,displays,2,319.99,639.98,completed,2026-08-20T06:34:28+00:00
ORD-110481,3,7,Standing Desk 120cm,furniture,3,449.00,1347.00,refunded,2026-08-20T01:10:54+00:00
ORD-110482,1,1,Mechanical Keyboard 75%,peripherals,3,129.00,387.00,cancelled,2026-08-20T14:35:23+00:00
ORD-110483,5,3,27in 1440p Monitor,displays,4,319.99,1279.96,pending,2026-08-20T06:05:25+00:00
ORD-110484,5,2,Wireless Mouse,peripherals,2,49.50,99.00,completed,2026-08-20T17:21:31+00:00
ORD-110485,2,8,Ergonomic Chair,furniture,5,612.75,3063.75,refunded,2026-08-20T01:36:32+00:00
ORD-110486,5,6,Desk Speakers Pair,audio,1,89.00,89.00,refunded,2026-08-20T21:56:19+00:00
ORD-110487,10,8,Ergonomic Chair,furniture,1,612.75,612.75,completed,2026-08-20T11:29:00+00:00
ORD-110488,8,10,Laptop Stand Aluminium,accessories,4,27.50,110.00,refunded,2026-08-20T23:02:43+00:00
ORD-110489,1,4,34in Ultrawide Monitor,displays,4,579.00,2316.00,cancelled,2026-08-20T23:07:23+00:00
ORD-110490,4,5,Over-ear Headphones,audio,1,199.95,199.95,refunded,2026-08-20T22:28:19+00:00
ORD-110491,8,6,Desk Speakers Pair,audio,5,89.00,445.00,completed,2026-08-20T03:48:50+00:00
ORD-110492,1,6,Desk Speakers Pair,audio,1,89.00,89.00,refunded,2026-08-20T14:36:24+00:00
ORD-110493,10,4,34in Ultrawide Monitor,displays,4,579.00,2316.00,cancelled,2026-08-20T04:44:30+00:00
ORD-110494,10,5,Over-ear Headphones,audio,3,199.95,599.85,pending,2026-08-20T05:53:50+00:00
ORD-110495,4,3,27in 1440p Monitor,displays,2,319.99,639.98,cancelled,2026-08-20T19:06:39+00:00
ORD-110496,4,3,27in 1440p Monitor,displays,4,319.99,1279.96,completed,2026-08-20T01:04:38+00:00
ORD-110497,10,7,Standing Desk 120cm,furniture,2,449.00,898.00,completed,2026-08-20T10:11:06+00:00
ORD-110498,1,6,Desk Speakers Pair,audio,2,89.00,178.00,refunded,2026-08-20T15:55:38+00:00
ORD-110499,6,5,Over-ear Headphones,audio,5,199.95,999.75,cancelled,2026-08-20T09:58:59+00:00
ORD-110500,6,3,27in 1440p Monitor,displays,2,319.99,639.98,refunded,2026-08-20T01:31:00+00:00
ORD-110501,10,3,27in 1440p Monitor,displays,2,319.99,639.98,pending,2026-08-20T14:14:50+00:00
ORD-110502,6,3,27in 1440p Monitor,displays,5,319.99,1599.95,refunded,2026-08-20T08:22:36+00:00
ORD-110503,5,5,Over-ear Headphones,audio,3,199.95,599.85,pending,2026-08-20T07:37:35+00:00
ORD-110504,6,9,USB-C Hub 8-in-1,accessories,4,39.99,159.96,completed,2026-08-20T15:58:59+00:00
ORD-110505,9,10,Laptop Stand Aluminium,accessories,4,27.50,110.00,pending,2026-08-20T18:31:47+00:00
ORD-110506,2,3,27in 1440p Monitor,displays,4,319.99,1279.96,cancelled,2026-08-20T18:29:45+00:00
ORD-110507,5,10,Laptop Stand Aluminium,accessories,3,27.50,82.50,completed,2026-08-20T11:56:59+00:00
ORD-110508,9,10,Laptop Stand Aluminium,accessories,1,27.50,27.50,completed,2026-08-20T14:59:08+00:00
ORD-110509,10,1,Mechanical Keyboard 75%,peripherals,1,129.00,129.00,cancelled,2026-08-20T21:56:52+00:00
ORD-110510,10,8,Ergonomic Chair,furniture,3,612.75,1838.25,cancelled,2026-08-20T09:04:21+00:00
ORD-110511,10,10,Laptop Stand Aluminium,accessories,1,27.50,27.50,cancelled,2026-08-20T02:57:15+00:00
ORD-110512,10,8,Ergonomic Chair,furniture,2,612.75,1225.50,completed,2026-08-20T04:49:30+00:00
ORD-110513,10,1,Mechanical Keyboard 75%,peripherals,3,129.00,387.00,cancelled,2026-08-20T17:12:38+00:00
ORD-110514,10,6,Desk Speakers Pair,audio,4,89.00,356.00,pending,2026-08-20T18:20:12+00:00
ORD-110515,6,7,Standing Desk 120cm,furniture,3,449.00,1347.00,completed,2026-08-20T04:58:54+00:00
ORD-110516,7,9,USB-C Hub 8-in-1,accessories,3,39.99,119.97,cancelled,2026-08-20T20:04:59+00:00
ORD-110517,8,8,Ergonomic Chair,furniture,2,612.75,1225.50,cancelled,2026-08-20T20:38:51+00:00
ORD-110518,1,9,USB-C Hub 8-in-1,accessories,1,39.99,39.99,completed,2026-08-20T21:36:26+00:00
ORD-110519,5,2,Wireless Mouse,peripherals,5,49.50,247.50,pending,2026-08-20T08:53:40+00:00
ORD-110520,8,2,Wireless Mouse,peripherals,3,49.50,148.50,completed,2026-08-20T10:21:02+00:00
ORD-110521,7,3,27in 1440p Monitor,displays,2,319.99,639.98,cancelled,2026-08-20T14:16:52+00:00
ORD-110522,5,9,USB-C Hub 8-in-1,accessories,3,39.99,119.97,refunded,2026-08-20T06:28:21+00:00
ORD-110523,2,3,27in 1440p Monitor,displays,1,319.99,319.99,pending,2026-08-20T07:56:45+00:00
ORD-110524,9,7,Standing Desk 120cm,furniture,3,449.00,1347.00,refunded,2026-08-20T01:13:08+00:00
ORD-110525,4,10,Laptop Stand Aluminium,accessories,5,27.50,137.50,cancelled,2026-08-20T05:38:59+00:00
ORD-110526,10,7,Standing Desk 120cm,furniture,4,449.00,1796.00,refunded,2026-08-20T03:30:30+00:00
ORD-110527,7,2,Wireless Mouse,peripherals,4,49.50,198.00,completed,2026-08-20T22:54:38+00:00
ORD-110528,5,6,Desk Speakers Pair,audio,5,89.00,445.00,completed,2026-08-20T20:52:16+00:00
ORD-110529,3,1,Mechanical Keyboard 75%,peripherals,2,129.00,258.00,refunded,2026-08-20T11:25:22+00:00
ORD-110530,8,9,USB-C Hub 8-in-1,accessories,2,39.99,79.98,refunded,2026-08-20T17:06:42+00:00
ORD-110531,10,9,USB-C Hub 8-in-1,accessories,5,39.99,199.95,cancelled,2026-08-20T21:17:17+00:00
ORD-110532,4,5,Over-ear Headphones,audio,3,199.95,599.85,cancelled,2026-08-20T12:19:34+00:00
ORD-110533,10,8,Ergonomic Chair,furniture,2,612.75,1225.50,completed,2026-08-20T04:24:34+00:00
ORD-110534,2,6,Desk Speakers Pair,audio,2,89.00,178.00,pending,2026-08-20T05:19:41+00:00
ORD-110535,6,6,Desk Speakers Pair,audio,2,89.00,178.00,refunded,2026-08-20T16:38:49+00:00
ORD-110536,9,10,Laptop Stand Aluminium,accessories,1,27.50,27.50,refunded,2026-08-20T13:53:58+00:00
ORD-110537,8,3,27in 1440p Monitor,displays,2,319.99,639.98,completed,2026-08-20T21:03:59+00:00
ORD-110538,10,9,USB-C Hub 8-in-1,accessories,4,39.99,159.96,pending,2026-08-20T03:34:33+00:00
ORD-110539,2,10,Laptop Stand Aluminium,accessories,4,27.50,110.00,pending,2026-08-20T19:53:25+00:00
ORD-110540,1,4,34in Ultrawide Monitor,displays,3,579.00,1737.00,cancelled,2026-08-20T18:04:19+00:00
ORD-110541,4,3,27in 1440p Monitor,displays,3,319.99,959.97,refunded,2026-08-20T08:01:52+00:00
ORD-110542,8,3,27in 1440p Monitor,displays,4,319.99,1279.96,completed,2026-08-20T01:32:00+00:00
ORD-110543,6,7,Standing Desk 120cm,furniture,2,449.00,898.00,completed,2026-08-20T11:38:02+00:00
ORD-110544,10,6,Desk Speakers Pair,audio,3,89.00,267.00,refunded,2026-08-20T17:43:10+00:00
ORD-110545,3,4,34in Ultrawide Monitor,displays,4,579.00,2316.00,pending,2026-08-20T01:45:49+00:00
ORD-110546,6,4,34in Ultrawide Monitor,displays,5,579.00,2895.00,refunded,2026-08-20T21:05:29+00:00
ORD-110547,2,5,Over-ear Headphones,audio,1,199.95,199.95,pending,2026-08-20T21:44:30+00:00
ORD-110548,3,1,Mechanical Keyboard 75%,peripherals,5,129.00,645.00,cancelled,2026-08-20T18:34:31+00:00
ORD-110549,2,4,34in Ultrawide Monitor,displays,3,579.00,1737.00,completed,2026-08-20T21:32:18+00:00
ORD-110550,1,10,Laptop Stand Aluminium,accessories,5,27.50,137.50,pending,2026-08-20T00:17:10+00:00
ORD-110551,9,6,Desk Speakers Pair,audio,2,89.00,178.00,refunded,2026-08-20T20:44:48+00:00
ORD-110552,8,3,27in 1440p Monitor,displays,2,319.99,639.98,cancelled,2026-08-20T09:45:28+00:00
ORD-110553,2,5,Over-ear Headphones,audio,4,199.95,799.80,completed,2026-08-20T21:17:24+00:00
ORD-110554,7,3,27in 1440p Monitor,displays,2,319.99,639.98,refunded,2026-08-20T13:44:13+00:00
ORD-110555,4,8,Ergonomic Chair,furniture,3,612.75,1838.25,refunded,2026-08-20T14:58:21+00:00
ORD-110556,5,2,Wireless Mouse,peripherals,1,49.50,49.50,cancelled,2026-08-20T01:55:33+00:00
ORD-110557,7,10,Laptop Stand Aluminium,accessories,5,27.50,137.50,cancelled,2026-08-20T10:36:29+00:00
ORD-110558,6,1,Mechanical Keyboard 75%,peripherals,1,129.00,129.00,pending,2026-08-20T22:23:03+00:00
ORD-110559,9,5,Over-ear Headphones,audio,3,199.95,599.85,pending,2026-08-20T16:37:36+00:00
ORD-110560,4,3,27in 1440p Monitor,displays,1,319.99,319.99,pending,2026-08-20T15:15:37+00:00
ORD-110561,2,6,Desk Speakers Pair,audio,5,89.00,445.00,refunded,2026-08-20T19:58:18+00:00
ORD-110562,8,8,Ergonomic Chair,furniture,2,612.75,1225.50,refunded,2026-08-20T11:34:44+00:00
ORD-110563,10,2,Wireless Mouse,peripherals,3,49.50,148.50,pending,2026-08-20T19:39:42+00:00
ORD-110564,2,6,Desk Speakers Pair,audio,5,89.00,445.00,cancelled,2026-08-20T02:52:23+00:00
ORD-110565,5,10,Laptop Stand Aluminium,accessories,3,27.50,82.50,refunded,2026-08-20T07:30:53+00:00
ORD-110566,4,6,Desk Speakers Pair,audio,1,89.00,89.00,pending,2026-08-20T00:16:17+00:00
ORD-110567,1,3,27in 1440p Monitor,displays,4,319.99,1279.96,refunded,2026-08-20T22:10:12+00:00
ORD-110568,2,1,Mechanical Keyboard 75%,peripherals,1,129.00,129.00,completed,2026-08-20T01:18:26+00:00
ORD-110569,7,8,Ergonomic Chair,furniture,5,612.75,3063.75,completed,2026-08-20T18:33:48+00:00
ORD-110570,4,10,Laptop Stand Aluminium,accessories,5,27.50,137.50,completed,2026-08-20T01:41:24+00:00
ORD-110571,8,10,Laptop Stand Aluminium,accessories,2,27.50,55.00,completed,2026-08-20T19:08:41+00:00
ORD-110572,5,6,Desk Speakers Pair,audio,5,89.00,445.00,cancelled,2026-08-20T12:46:07+00:00
ORD-110573,10,9,USB-C Hub 8-in-1,accessories,2,39.99,79.98,pending,2026-08-20T00:40:19+00:00
ORD-110574,3,2,Wireless Mouse,peripherals,1,49.50,49.50,pending,2026-08-20T04:28:56+00:00
ORD-110575,3,10,Laptop Stand Aluminium,accessories,3,27.50,82.50,cancelled,2026-08-20T11:50:15+00:00
ORD-110576,6,8,Ergonomic Chair,furniture,4,612.75,2451.00,completed,2026-08-20T00:55:01+00:00
ORD-110577,3,7,Standing Desk 120cm,furniture,1,449.00,449.00,completed,2026-08-20T06:23:35+00:00
ORD-110578,4,7,Standing Desk 120cm,furniture,1,449.00,449.00,completed,2026-08-20T12:39:58+00:00
ORD-110579,4,6,Desk Speakers Pair,audio,1,89.00,89.00,completed,2026-08-20T10:59:41+00:00
ORD-110580,2,3,27in 1440p Monitor,displays,1,319.99,319.99,refunded,2026-08-20T21:32:21+00:00
ORD-110581,6,2,Wireless Mouse,peripherals,2,49.50,99.00,completed,2026-08-20T01:41:37+00:00
ORD-110582,7,4,34in Ultrawide Monitor,displays,1,579.00,579.00,refunded,2026-08-20T11:35:37+00:00
ORD-110583,8,5,Over-ear Headphones,audio,3,199.95,599.85,cancelled,2026-08-20T13:33:47+00:00
ORD-110584,9,4,34in Ultrawide Monitor,displays,3,579.00,1737.00,refunded,2026-08-20T17:19:41+00:00
ORD-110585,5,3,27in 1440p Monitor,displays,2,319.99,639.98,cancelled,2026-08-20T16:08:51+00:00
ORD-110586,3,3,27in 1440p Monitor,displays,3,319.99,959.97,completed,2026-08-20T08:09:44+00:00
ORD-110587,9,7,Standing Desk 120cm,furniture,4,449.00,1796.00,refunded,2026-08-20T15:41:00+00:00
ORD-110588,9,7,Standing Desk 120cm,furniture,4,449.00,1796.00,pending,2026-08-20T10:29:08+00:00
ORD-110589,4,5,Over-ear Headphones,audio,2,199.95,399.90,cancelled,2026-08-20T10:36:51+00:00
ORD-110590,1,4,34in Ultrawide Monitor,displays,4,579.00,2316.00,refunded,2026-08-20T10:53:16+00:00
ORD-110591,5,5,Over-ear Headphones,audio,5,199.95,999.75,pending,2026-08-20T02:39:10+00:00
ORD-110592,2,5,Over-ear Headphones,audio,2,199.95,399.90,completed,2026-08-20T11:39:23+00:00
ORD-110593,2,10,Laptop Stand Aluminium,accessories,4,27.50,110.00,cancelled,2026-08-20T07:49:06+00:00
ORD-110594,5,1,Mechanical Keyboard 75%,peripherals,2,129.00,258.00,pending,2026-08-20T00:17:51+00:00
ORD-110595,1,3,27in 1440p Monitor,displays,1,319.99,319.99,pending,2026-08-20T06:25:17+00:00
ORD-110596,10,9,USB-C Hub 8-in-1,accessories,1,39.99,39.99,pending,2026-08-20T07:53:03+00:00
ORD-110597,4,2,Wireless Mouse,peripherals,5,49.50,247.50,completed,2026-08-20T07:00:21+00:00
ORD-110598,6,9,USB-C Hub 8-in-1,accessories,1,39.99,39.99,pending,2026-08-20T18:49:34+00:00
ORD-110599,2,6,Desk Speakers Pair,audio,5,89.00,445.00,pending,2026-08-20T04:11:20+00:00
ORD-110600,1,1,Mechanical Keyboard 75%,peripherals,1,129.00,129.00,completed,2026-08-20T13:01:17+00:00
ORD-110601,7,9,USB-C Hub 8-in-1,accessories,5,39.99,199.95,refunded,2026-08-20T05:13:32+00:00
ORD-110602,4,10,Laptop Stand Aluminium,accessories,1,27.50,27.50,completed,2026-08-20T12:07:01+00:00
ORD-110603,3,6,Desk Speakers Pair,audio,1,89.00,89.00,refunded,2026-08-20T13:47:50+00:00
ORD-110604,1,6,Desk Speakers Pair,audio,5,89.00,445.00,completed,2026-08-20T12:45:30+00:00
ORD-110605,4,10,Laptop Stand Aluminium,accessories,2,27.50,55.00,refunded,2026-08-20T06:53:29+00:00
ORD-110606,9,3,27in 1440p Monitor,displays,4,319.99,1279.96,completed,2026-08-20T05:30:23+00:00
ORD-110607,6,6,Desk Speakers Pair,audio,2,89.00,178.00,cancelled,2026-08-20T15:59:50+00:00
ORD-110608,2,6,Desk Speakers Pair,audio,2,89.00,178.00,unknown_status,2026-08-20T05:51:47+00:00
ORD-110609,2,10,Laptop Stand Aluminium,accessories,1,27.50,27.50,cancelled,2026-08-20T07:30:56+00:00
ORD-110610,8,1,Mechanical Keyboard 75%,peripherals,2,129.00,258.00,pending,2026-08-20T22:35:16+00:00
ORD-110611,3,8,Ergonomic Chair,furniture,3,612.75,1838.25,cancelled,2026-08-20T22:01:53+00:00
ORD-110612,5,2,Wireless Mouse,peripherals,4,49.50,198.00,refunded,2026-08-20T16:59:55+00:00
ORD-110613,3,9,USB-C Hub 8-in-1,accessories,3,39.99,119.97,cancelled,2026-08-20T13:54:43+00:00
ORD-110614,7,4,34in Ultrawide Monitor,displays,4,579.00,2316.00,cancelled,2026-08-20T08:15:59+00:00
ORD-110615,10,9,USB-C Hub 8-in-1,accessories,1,39.99,39.99,pending,2026-08-20T16:07:18+00:00
ORD-110616,2,4,34in Ultrawide Monitor,displays,2,579.00,1158.00,refunded,2026-08-20T10:02:30+00:00
ORD-110617,7,2,Wireless Mouse,peripherals,4,49.50,198.00,refunded,2026-08-20T19:05:58+00:00
ORD-110618,9,7,Standing Desk 120cm,furniture,3,449.00,1347.00,completed,2026-08-20T10:37:29+00:00
ORD-110619,6,4,34in Ultrawide Monitor,displays,2,579.00,1158.00,refunded,2026-08-20T04:09:40+00:00
ORD-110620,8,6,Desk Speakers Pair,audio,2,89.00,178.00,refunded,2026-08-20T17:08:43+00:00
ORD-110621,6,1,Mechanical Keyboard 75%,peripherals,3,129.00,387.00,pending,2026-08-20T14:39:42+00:00
ORD-110622,4,3,27in 1440p Monitor,displays,3,319.99,959.97,cancelled,2026-08-20T22:17:08+00:00
ORD-110623,9,3,27in 1440p Monitor,displays,1,319.99,319.99,completed,2026-08-20T02:33:00+00:00
ORD-110624,4,8,Ergonomic Chair,furniture,2,612.75,1225.50,pending,2026-08-20T05:41:49+00:00
ORD-110625,4,8,Ergonomic Chair,furniture,4,612.75,2451.00,refunded,2026-08-20T05:09:47+00:00
ORD-110626,9,6,Desk Speakers Pair,audio,5,89.00,445.00,pending,2026-08-20T04:44:49+00:00
ORD-110627,8,3,27in 1440p Monitor,displays,2,319.99,639.98,completed,2026-08-20T05:26:50+00:00
ORD-110628,6,8,Ergonomic Chair,furniture,4,612.75,2451.00,cancelled,2026-08-20T05:51:23+00:00
ORD-110629,9,2,Wireless Mouse,peripherals,1,49.50,49.50,refunded,2026-08-20T17:17:23+00:00
ORD-110630,10,8,Ergonomic Chair,furniture,5,612.75,3063.75,cancelled,2026-08-20T06:28:22+00:00
ORD-110631,3,5,Over-ear Headphones,audio,1,199.95,199.95,completed,2026-08-20T23:22:57+00:00
ORD-110632,4,4,34in Ultrawide Monitor,displays,5,579.00,2895.00,refunded,2026-08-20T17:21:27+00:00
ORD-110633,10,8,Ergonomic Chair,furniture,1,612.75,612.75,completed,2026-08-20T23:42:33+00:00
ORD-110634,8,7,Standing Desk 120cm,furniture,2,449.00,898.00,refunded,2026-08-20T21:06:13+00:00
ORD-110635,9,9,USB-C Hub 8-in-1,accessories,5,39.99,199.95,refunded,2026-08-20T14:39:57+00:00
ORD-110636,4,6,Desk Speakers Pair,audio,2,89.00,178.00,cancelled,2026-08-20T06:03:23+00:00
ORD-110637,5,5,Over-ear Headphones,audio,2,199.95,399.90,refunded,2026-08-20T17:45:35+00:00
ORD-110638,3,5,Over-ear Headphones,audio,1,199.95,199.95,refunded,2026-08-20T12:57:07+00:00
ORD-110639,4,4,34in Ultrawide Monitor,displays,2,579.00,1158.00,completed,2026-08-20T03:05:21+00:00
ORD-110640,5,2,Wireless Mouse,peripherals,1,49.50,49.50,refunded,2026-08-20T08:54:49+00:00
ORD-110641,7,10,Laptop Stand Aluminium,accessories,4,27.50,110.00,completed,2026-08-20T23:30:35+00:00
ORD-110642,4,1,Mechanical Keyboard 75%,peripherals,1,129.00,129.00,completed,2026-08-20T20:58:30+00:00
ORD-110643,9,8,Ergonomic Chair,furniture,5,612.75,3063.75,pending,2026-08-20T17:45:15+00:00
ORD-110644,6,9,USB-C Hub 8-in-1,accessories,4,39.99,159.96,pending,2026-08-20T08:38:24+00:00
ORD-110645,6,4,34in Ultrawide Monitor,displays,2,579.00,1158.00,refunded,2026-08-20T19:47:50+00:00
ORD-110646,7,8,Ergonomic Chair,furniture,4,612.75,2451.00,cancelled,2026-08-20T03:46:06+00:00
ORD-110647,5,2,Wireless Mouse,peripherals,2,49.50,99.00,completed,2026-08-20T06:38:27+00:00
ORD-110648,4,5,Over-ear Headphones,audio,5,199.95,999.75,completed,2026-08-20T19:52:26+00:00
ORD-110649,7,10,Laptop Stand Aluminium,accessories,5,27.50,137.50,pending,2026-08-20T11:30:58+00:00
ORD-110650,3,10,Laptop Stand Aluminium,accessories,3,27.50,82.50,pending,2026-08-20T04:51:30+00:00
ORD-110651,2,10,Laptop Stand Aluminium,accessories,1,27.50,27.50,completed,2026-08-20T06:44:57+00:00
ORD-110652,9,3,27in 1440p Monitor,displays,3,319.99,959.97,completed,2026-08-20T04:15:43+00:00
ORD-110653,1,5,Over-ear Headphones,audio,3,199.95,599.85,pending,2026-08-20T09:32:59+00:00
ORD-110654,2,3,27in 1440p Monitor,displays,3,319.99,959.97,pending,2026-08-20T13:36:12+00:00
ORD-110655,2,5,Over-ear Headphones,audio,1,199.95,199.95,refunded,2026-08-20T20:48:53+00:00
ORD-110656,2,3,27in 1440p Monitor,displays,3,319.99,959.97,refunded,2026-08-20T16:25:25+00:00
ORD-110657,9,7,Standing Desk 120cm,furniture,3,449.00,1347.00,completed,2026-08-20T18:26:27+00:00
ORD-110658,6,9,USB-C Hub 8-in-1,accessories,1,39.99,39.99,refunded,2026-08-20T07:58:10+00:00
ORD-110659,9,3,27in 1440p Monitor,displays,1,319.99,319.99,completed,2026-08-20T13:17:12+00:00
ORD-110660,4,5,Over-ear Headphones,audio,3,199.95,599.85,pending,2026-08-20T21:21:28+00:00
ORD-110661,10,5,Over-ear Headphones,audio,1,199.95,199.95,completed,2026-08-20T13:12:59+00:00
ORD-110662,10,10,Laptop Stand Aluminium,accessories,5,27.50,137.50,completed,2026-08-20T21:06:04+00:00
ORD-110663,8,2,Wireless Mouse,peripherals,4,49.50,198.00,pending,2026-08-20T22:56:35+00:00
ORD-110664,3,10,Laptop Stand Aluminium,accessories,1,27.50,27.50,cancelled,2026-08-20T00:33:18+00:00
ORD-110665,2,10,Laptop Stand Aluminium,accessories,2,27.50,55.00,refunded,2026-08-20T20:49:47+00:00
ORD-110666,2,7,Standing Desk 120cm,furniture,2,449.00,898.00,cancelled,2026-08-20T14:47:24+00:00
ORD-110667,9,7,Standing Desk 120cm,furniture,5,449.00,2245.00,completed,2026-08-20T05:23:47+00:00
ORD-110668,6,2,Wireless Mouse,peripherals,3,49.50,148.50,cancelled,2026-08-20T07:11:13+00:00
ORD-110669,8,4,34in Ultrawide Monitor,displays,3,579.00,1737.00,cancelled,2026-08-20T22:16:21+00:00
ORD-110670,2,1,Mechanical Keyboard 75%,peripherals,4,129.00,516.00,refunded,2026-08-20T22:46:15+00:00
ORD-110671,9,8,Ergonomic Chair,furniture,2,612.75,1225.50,cancelled,2026-08-20T11:03:51+00:00
ORD-110672,1,5,Over-ear Headphones,audio,3,199.95,599.85,refunded,2026-08-20T03:30:52+00:00
ORD-110673,3,3,27in 1440p Monitor,displays,1,319.99,319.99,completed,2026-08-20T12:45:48+00:00
ORD-110674,3,8,Ergonomic Chair,furniture,1,612.75,612.75,cancelled,2026-08-20T05:33:32+00:00
ORD-110675,6,8,Ergonomic Chair,furniture,3,612.75,1838.25,pending,2026-08-20T13:43:20+00:00
ORD-110676,3,9,USB-C Hub 8-in-1,accessories,2,39.99,79.98,completed,2026-08-20T04:36:51+00:00
ORD-110677,9,3,27in 1440p Monitor,displays,1,319.99,319.99,completed,2026-08-20T07:55:04+00:00
ORD-110678,5,6,Desk Speakers Pair,audio,1,89.00,89.00,completed,2026-08-20T19:03:11+00:00
ORD-110679,9,7,Standing Desk 120cm,furniture,3,449.00,1347.00,cancelled,2026-08-20T07:38:21+00:00
ORD-110680,10,4,34in Ultrawide Monitor,displays,2,579.00,1158.00,completed,2026-08-20T20:33:43+00:00
ORD-110681,1,1,Mechanical Keyboard 75%,peripherals,5,129.00,645.00,completed,2026-08-20T02:56:16+00:00
ORD-110682,2,10,Laptop Stand Aluminium,accessories,3,27.50,82.50,refunded,2026-08-20T05:59:07+00:00
ORD-110683,2,10,Laptop Stand Aluminium,accessories,5,27.50,137.50,refunded,2026-08-20T14:37:00+00:00
ORD-110684,6,10,Laptop Stand Aluminium,accessories,5,27.50,137.50,pending,2026-08-20T20:07:18+00:00
ORD-110685,3,8,Ergonomic Chair,furniture,1,612.75,612.75,refunded,2026-08-20T17:04:51+00:00
ORD-110686,1,1,Mechanical Keyboard 75%,peripherals,4,129.00,516.00,completed,2026-08-20T00:47:48+00:00
ORD-110687,10,4,34in Ultrawide Monitor,displays,2,579.00,1158.00,pending,2026-08-20T10:28:39+00:00
ORD-110688,9,6,Desk Speakers Pair,audio,1,89.00,89.00,cancelled,2026-08-20T17:36:56+00:00
ORD-110689,3,5,Over-ear Headphones,audio,5,199.95,999.75,cancelled,2026-08-20T09:51:21+00:00
ORD-110690,3,1,Mechanical Keyboard 75%,peripherals,2,129.00,258.00,refunded,2026-08-20T11:22:26+00:00
ORD-110691,6,6,Desk Speakers Pair,audio,5,89.00,445.00,cancelled,2026-08-20T13:55:09+00:00
ORD-110692,6,10,Laptop Stand Aluminium,accessories,3,27.50,82.50,cancelled,2026-08-20T07:34:32+00:00
ORD-110693,3,5,Over-ear Headphones,audio,4,199.95,799.80,refunded,2026-08-20T14:48:22+00:00
ORD-110694,8,2,Wireless Mouse,peripherals,4,49.50,198.00,pending,2026-08-20T07:17:57+00:00
ORD-110695,7,9,USB-C Hub 8-in-1,accessories,4,39.99,159.96,completed,2026-08-20T12:45:07+00:00
ORD-110696,7,5,Over-ear Headphones,audio,3,199.95,599.85,pending,2026-08-20T22:00:58+00:00
ORD-110697,6,1,Mechanical Keyboard 75%,peripherals,5,129.00,645.00,completed,2026-08-20T21:00:17+00:00
ORD-110698,8,7,Standing Desk 120cm,furniture,5,449.00,2245.00,cancelled,2026-08-20T11:43:21+00:00
ORD-110699,2,9,USB-C Hub 8-in-1,accessories,5,39.99,199.95,completed,2026-08-20T19:04:45+00:00
ORD-110700,3,4,34in Ultrawide Monitor,displays,2,579.00,1158.00,pending,2026-08-20T15:13:44+00:00
ORD-110701,1,2,Wireless Mouse,peripherals,3,49.50,148.50,refunded,2026-08-20T08:09:33+00:00
ORD-110702,2,10,Laptop Stand Aluminium,accessories,5,27.50,137.50,completed,2026-08-20T09:37:03+00:00
ORD-110703,8,4,34in Ultrawide Monitor,displays,1,579.00,579.00,completed,2026-08-20T03:30:22+00:00
ORD-110704,5,9,USB-C Hub 8-in-1,accessories,5,39.99,199.95,cancelled,2026-08-20T09:19:48+00:00
ORD-110705,4,6,Desk Speakers Pair,audio,4,89.00,356.00,pending,2026-08-20T02:32:55+00:00
ORD-110706,7,2,Wireless Mouse,peripherals,1,49.50,49.50,completed,2026-08-20T08:32:36+00:00
ORD-110707,3,8,Ergonomic Chair,furniture,2,612.75,1225.50,pending,2026-08-20T00:33:20+00:00
ORD-110708,2,7,Standing Desk 120cm,furniture,3,449.00,1347.00,refunded,2026-08-20T12:23:48+00:00
ORD-110709,10,9,USB-C Hub 8-in-1,accessories,3,39.99,119.97,refunded,2026-08-20T16:49:39+00:00
ORD-110710,4,3,27in 1440p Monitor,displays,3,319.99,959.97,pending,2026-08-20T15:30:42+00:00
ORD-110711,1,7,Standing Desk 120cm,furniture,5,449.00,2245.00,completed,2026-08-20T22:21:18+00:00
ORD-110712,5,10,Laptop Stand Aluminium,accessories,3,27.50,82.50,cancelled,2026-08-20T15:07:07+00:00
ORD-110713,6,7,Standing Desk 120cm,furniture,2,449.00,898.00,completed,2026-08-20T17:07:47+00:00
ORD-110714,10,9,USB-C Hub 8-in-1,accessories,1,39.99,39.99,refunded,2026-08-20T04:10:46+00:00
ORD-110715,5,5,Over-ear Headphones,audio,2,199.95,399.90,completed,2026-08-20T00:43:36+00:00
ORD-110716,4,1,Mechanical Keyboard 75%,peripherals,4,129.00,516.00,completed,2026-08-20T10:37:54+00:00
ORD-110717,9,8,Ergonomic Chair,furniture,3,612.75,1838.25,completed,2026-08-20T07:45:34+00:00
ORD-110718,8,6,Desk Speakers Pair,audio,1,89.00,89.00,completed,2026-08-20T03:25:12+00:00
ORD-110719,10,6,Desk Speakers Pair,audio,3,89.00,267.00,completed,2026-08-20T23:44:03+00:00
ORD-110720,8,2,Wireless Mouse,peripherals,3,49.50,148.50,cancelled,2026-08-20T04:34:59+00:00
ORD-110721,1,5,Over-ear Headphones,audio,3,199.95,599.85,cancelled,2026-08-20T02:32:09+00:00
ORD-110722,6,10,Laptop Stand Aluminium,accessories,1,27.50,27.50,pending,2026-08-20T17:52:15+00:00
ORD-110723,1,2,Wireless Mouse,peripherals,2,49.50,99.00,pending,2026-08-20T09:14:40+00:00
ORD-110724,3,3,27in 1440p Monitor,displays,4,319.99,1279.96,cancelled,2026-08-20T23:55:52+00:00
ORD-110725,6,8,Ergonomic Chair,furniture,2,612.75,1225.50,completed,2026-08-20T20:50:07+00:00
ORD-110726,3,2,Wireless Mouse,peripherals,5,49.50,247.50,cancelled,2026-08-20T07:22:02+00:00
ORD-110727,1,4,34in Ultrawide Monitor,displays,2,579.00,1158.00,completed,2026-08-20T00:57:22+00:00
ORD-110728,2,9,USB-C Hub 8-in-1,accessories,3,39.99,119.97,cancelled,2026-08-20T10:29:03+00:00
ORD-110729,3,9,USB-C Hub 8-in-1,accessories,5,39.99,199.95,pending,2026-08-20T00:29:11+00:00
ORD-110730,10,2,Wireless Mouse,peripherals,5,49.50,247.50,cancelled,2026-08-20T10:15:12+00:00
ORD-110731,6,6,Desk Speakers Pair,audio,5,89.00,445.00,completed,2026-08-20T19:56:59+00:00
ORD-110732,1,1,Mechanical Keyboard 75%,peripherals,3,129.00,387.00,completed,2026-08-20T12:39:55+00:00
ORD-110733,2,8,Ergonomic Chair,furniture,5,612.75,3063.75,completed,2026-08-20T02:05:27+00:00
ORD-110734,9,3,27in 1440p Monitor,displays,5,319.99,1599.95,refunded,2026-08-20T19:28:39+00:00
ORD-110735,9,5,Over-ear Headphones,audio,2,199.95,399.90,pending,2026-08-20T08:44:51+00:00
ORD-110736,7,4,34in Ultrawide Monitor,displays,1,579.00,579.00,completed,not-a-valid-date
ORD-110737,8,4,34in Ultrawide Monitor,displays,4,579.00,2316.00,pending,2026-08-20T15:45:59+00:00
ORD-110738,4,1,Mechanical Keyboard 75%,peripherals,3,129.00,387.00,cancelled,2026-08-20T18:44:04+00:00
ORD-110739,7,3,27in 1440p Monitor,displays,5,319.99,1599.95,refunded,2026-08-20T08:08:08+00:00
ORD-110740,5,4,34in Ultrawide Monitor,displays,3,579.00,1737.00,completed,2026-08-20T03:25:55+00:00
ORD-110741,1,7,Standing Desk 120cm,furniture,4,449.00,1796.00,completed,2026-08-20T00:48:53+00:00
ORD-110742,6,7,Standing Desk 120cm,furniture,1,449.00,449.00,refunded,2026-08-20T13:16:46+00:00
ORD-110743,1,3,27in 1440p Monitor,displays,3,319.99,959.97,refunded,2026-08-20T22:55:05+00:00
ORD-110744,3,7,Standing Desk 120cm,furniture,3,449.00,1347.00,cancelled,2026-08-20T06:12:22+00:00
ORD-110745,8,7,Standing Desk 120cm,furniture,3,449.00,1347.00,refunded,2026-08-20T00:25:59+00:00
ORD-110746,10,2,Wireless Mouse,peripherals,1,49.50,49.50,cancelled,2026-08-20T08:09:57+00:00
ORD-110747,2,6,Desk Speakers Pair,audio,1,89.00,89.00,refunded,2026-08-20T03:09:31+00:00
ORD-110748,3,5,Over-ear Headphones,audio,4,199.95,799.80,refunded,2026-08-20T15:43:41+00:00
ORD-110749,8,8,Ergonomic Chair,furniture,4,612.75,2451.00,completed,2026-08-20T08:42:09+00:00
ORD-110750,2,4,34in Ultrawide Monitor,displays,1,579.00,579.00,cancelled,2026-08-20T11:46:08+00:00
ORD-110751,3,3,27in 1440p Monitor,displays,5,319.99,1599.95,cancelled,2026-08-20T06:26:44+00:00
ORD-110752,1,5,Over-ear Headphones,audio,5,199.95,999.75,pending,2026-08-20T07:34:27+00:00
ORD-110753,7,10,Laptop Stand Aluminium,accessories,5,27.50,137.50,pending,2026-08-20T00:46:10+00:00
ORD-110754,5,6,Desk Speakers Pair,audio,2,89.00,178.00,completed,2026-08-20T12:22:38+00:00
ORD-110755,10,9,USB-C Hub 8-in-1,accessories,4,39.99,159.96,refunded,2026-08-20T20:19:03+00:00
ORD-110756,2,6,Desk Speakers Pair,audio,2,89.00,178.00,refunded,2026-08-20T23:43:36+00:00
ORD-110757,6,6,Desk Speakers Pair,audio,5,89.00,445.00,completed,2026-08-20T16:25:13+00:00
ORD-110758,2,8,Ergonomic Chair,furniture,5,612.75,3063.75,pending,2026-08-20T01:10:53+00:00
ORD-110759,6,2,Wireless Mouse,peripherals,5,49.50,247.50,pending,2026-08-20T20:47:12+00:00
ORD-110760,4,3,27in 1440p Monitor,displays,1,319.99,319.99,pending,2026-08-20T21:45:09+00:00
ORD-110761,6,3,27in 1440p Monitor,displays,5,319.99,1599.95,cancelled,2026-08-20T13:19:18+00:00
ORD-110762,8,10,Laptop Stand Aluminium,accessories,1,27.50,27.50,pending,2026-08-20T15:58:46+00:00
ORD-110763,7,9,USB-C Hub 8-in-1,accessories,1,39.99,39.99,pending,2026-08-20T14:04:04+00:00
ORD-110764,10,10,Laptop Stand Aluminium,accessories,4,27.50,110.00,pending,2026-08-20T11:20:13+00:00
ORD-110765,4,2,Wireless Mouse,peripherals,3,49.50,148.50,pending,2026-08-20T01:16:30+00:00
ORD-110766,6,7,Standing Desk 120cm,furniture,1,449.00,449.00,refunded,2026-08-20T16:24:42+00:00
ORD-110767,3,10,Laptop Stand Aluminium,accessories,3,27.50,82.50,cancelled,2026-08-20T13:39:52+00:00
ORD-110768,5,10,Laptop Stand Aluminium,accessories,5,27.50,137.50,refunded,2026-08-20T23:12:13+00:00
ORD-110769,3,2,Wireless Mouse,peripherals,3,49.50,148.50,completed,2026-08-20T20:38:51+00:00
ORD-110770,3,2,Wireless Mouse,peripherals,3,49.50,148.50,cancelled,2026-08-20T05:03:46+00:00
ORD-110771,5,6,Desk Speakers Pair,audio,5,89.00,445.00,cancelled,2026-08-20T06:58:08+00:00
ORD-110772,2,1,Mechanical Keyboard 75%,peripherals,4,129.00,516.00,pending,2026-08-20T07:53:17+00:00
ORD-110773,1,6,Desk Speakers Pair,audio,4,89.00,356.00,completed,2026-08-20T05:03:54+00:00
ORD-110774,3,2,Wireless Mouse,peripherals,2,49.50,99.00,refunded,2026-08-20T12:03:10+00:00
ORD-110775,4,2,Wireless Mouse,peripherals,4,49.50,198.00,pending,2026-08-20T15:33:47+00:00
ORD-110776,2,9,USB-C Hub 8-in-1,accessories,2,39.99,79.98,refunded,2026-08-20T10:17:54+00:00
ORD-110777,7,6,Desk Speakers Pair,audio,3,89.00,267.00,cancelled,2026-08-20T02:21:48+00:00
ORD-110778,6,8,Ergonomic Chair,furniture,1,612.75,612.75,cancelled,2026-08-20T17:48:07+00:00
ORD-110779,2,7,Standing Desk 120cm,furniture,2,449.00,898.00,cancelled,2026-08-20T13:39:33+00:00
ORD-110780,5,1,Mechanical Keyboard 75%,peripherals,3,129.00,387.00,completed,2026-08-20T10:06:52+00:00
ORD-110781,9,2,Wireless Mouse,peripherals,2,49.50,99.00,pending,2026-08-20T23:08:21+00:00
ORD-110782,2,3,27in 1440p Monitor,displays,3,319.99,959.97,refunded,2026-08-20T04:09:18+00:00
ORD-110783,7,9,USB-C Hub 8-in-1,accessories,2,39.99,79.98,refunded,2026-08-20T20:56:51+00:00
ORD-110784,6,4,34in Ultrawide Monitor,displays,1,579.00,579.00,refunded,2026-08-20T01:22:27+00:00
ORD-110785,4,9,USB-C Hub 8-in-1,accessories,3,39.99,119.97,pending,2026-08-20T16:55:43+00:00
ORD-110786,8,7,Standing Desk 120cm,furniture,3,449.00,1347.00,refunded,2026-08-20T14:59:03+00:00
ORD-110787,9,8,Ergonomic Chair,furniture,1,612.75,612.75,pending,2026-08-20T14:04:27+00:00
ORD-110788,4,6,Desk Speakers Pair,audio,4,89.00,356.00,cancelled,2026-08-20T18:30:25+00:00
ORD-110789,6,5,Over-ear Headphones,audio,1,199.95,199.95,cancelled,2026-08-20T02:42:16+00:00
ORD-110790,3,5,Over-ear Headphones,audio,3,199.95,599.85,refunded,2026-08-20T10:20:38+00:00
ORD-110791,1,10,Laptop Stand Aluminium,accessories,1,27.50,27.50,pending,2026-08-20T06:35:51+00:00
ORD-110792,5,6,Desk Speakers Pair,audio,2,89.00,178.00,refunded,2026-08-20T15:00:14+00:00
ORD-110793,10,5,Over-ear Headphones,audio,5,199.95,999.75,pending,2026-08-20T12:19:37+00:00
ORD-110794,7,3,27in 1440p Monitor,displays,3,319.99,959.97,pending,2026-08-20T19:30:25+00:00
ORD-110795,9,4,34in Ultrawide Monitor,displays,5,579.00,2895.00,completed,2026-08-20T03:07:05+00:00
ORD-110796,10,5,Over-ear Headphones,audio,4,199.95,799.80,pending,2026-08-20T19:36:55+00:00
ORD-110797,9,8,Ergonomic Chair,furniture,3,612.75,1838.25,cancelled,2026-08-20T12:28:17+00:00
ORD-110798,8,7,Standing Desk 120cm,furniture,5,449.00,2245.00,completed,2026-08-20T04:27:40+00:00
ORD-110799,1,1,Mechanical Keyboard 75%,peripherals,4,129.00,516.00,refunded,2026-08-20T07:47:11+00:00
ORD-110800,2,1,Mechanical Keyboard 75%,peripherals,1,129.00,129.00,pending,2026-08-20T20:15:12+00:00
ORD-110801,9,3,27in 1440p Monitor,displays,3,319.99,959.97,completed,2026-08-20T02:31:13+00:00
ORD-110802,7,7,Standing Desk 120cm,furniture,2,449.00,898.00,completed,2026-08-20T21:48:59+00:00
ORD-110803,5,5,Over-ear Headphones,audio,3,199.95,599.85,completed,2026-08-20T17:59:15+00:00
ORD-110804,5,10,Laptop Stand Aluminium,accessories,1,27.50,27.50,pending,2026-08-20T13:59:23+00:00
ORD-110805,2,5,Over-ear Headphones,audio,5,199.95,999.75,completed,2026-08-20T09:34:36+00:00
ORD-110806,2,8,Ergonomic Chair,furniture,2,612.75,1225.50,pending,2026-08-20T16:12:01+00:00
ORD-110807,1,2,Wireless Mouse,peripherals,3,49.50,148.50,cancelled,2026-08-20T16:00:50+00:00
ORD-110808,6,3,27in 1440p Monitor,displays,1,319.99,319.99,refunded,2026-08-20T02:51:24+00:00
ORD-110809,5,8,Ergonomic Chair,furniture,2,612.75,1225.50,refunded,2026-08-20T15:32:58+00:00
ORD-110810,6,8,Ergonomic Chair,furniture,5,612.75,3063.75,cancelled,2026-08-20T11:17:49+00:00
ORD-110811,2,6,Desk Speakers Pair,audio,1,89.00,89.00,completed,2026-08-20T18:26:18+00:00
ORD-110812,4,10,Laptop Stand Aluminium,accessories,3,27.50,82.50,cancelled,2026-08-20T19:53:28+00:00
ORD-110813,10,1,Mechanical Keyboard 75%,peripherals,1,129.00,129.00,pending,2026-08-20T05:35:04+00:00
ORD-110814,1,3,27in 1440p Monitor,displays,4,319.99,1279.96,pending,2026-08-20T00:57:48+00:00
ORD-110815,10,3,27in 1440p Monitor,displays,5,319.99,1599.95,cancelled,2026-08-20T05:57:22+00:00
ORD-110816,5,9,USB-C Hub 8-in-1,accessories,3,39.99,119.97,pending,2026-08-20T15:29:22+00:00
ORD-110817,3,6,Desk Speakers Pair,audio,5,89.00,445.00,cancelled,2026-08-20T19:57:34+00:00
ORD-110818,4,3,27in 1440p Monitor,displays,4,319.99,1279.96,cancelled,2026-08-20T20:09:55+00:00
ORD-110819,3,6,Desk Speakers Pair,audio,4,89.00,356.00,pending,2026-08-20T15:18:56+00:00
ORD-110820,4,5,Over-ear Headphones,audio,3,199.95,599.85,completed,2026-08-20T03:56:42+00:00
ORD-110821,3,5,Over-ear Headphones,audio,5,199.95,999.75,completed,2026-08-20T03:36:00+00:00
ORD-110822,1,1,Mechanical Keyboard 75%,peripherals,2,129.00,258.00,pending,2026-08-20T12:30:34+00:00
ORD-110823,5,2,Wireless Mouse,peripherals,2,49.50,99.00,completed,2026-08-20T01:44:46+00:00
ORD-110824,2,9,USB-C Hub 8-in-1,accessories,1,39.99,39.99,pending,2026-08-20T15:49:30+00:00
ORD-110825,1,4,34in Ultrawide Monitor,displays,3,579.00,1737.00,cancelled,2026-08-20T14:49:35+00:00
ORD-110826,1,6,Desk Speakers Pair,audio,1,89.00,89.00,completed,2026-08-20T00:24:21+00:00
ORD-110827,2,1,Mechanical Keyboard 75%,peripherals,4,129.00,516.00,completed,2026-08-20T05:44:27+00:00
ORD-110828,9,4,34in Ultrawide Monitor,displays,3,579.00,1737.00,completed,2026-08-20T12:04:49+00:00
ORD-110829,5,4,34in Ultrawide Monitor,displays,2,579.00,1158.00,pending,2026-08-20T10:59:21+00:00
ORD-110830,6,3,27in 1440p Monitor,displays,5,319.99,1599.95,cancelled,2026-08-20T23:13:10+00:00
ORD-110831,9,10,Laptop Stand Aluminium,accessories,3,27.50,82.50,pending,2026-08-20T18:52:39+00:00
ORD-110832,9,10,Laptop Stand Aluminium,accessories,2,27.50,55.00,refunded,2026-08-20T05:50:47+00:00
ORD-110833,7,6,Desk Speakers Pair,audio,1,89.00,89.00,cancelled,2026-08-20T18:09:36+00:00
ORD-110834,5,1,Mechanical Keyboard 75%,peripherals,4,129.00,516.00,pending,2026-08-20T12:44:04+00:00
ORD-110835,7,9,USB-C Hub 8-in-1,accessories,2,39.99,79.98,pending,2026-08-20T08:43:23+00:00
ORD-110836,5,8,Ergonomic Chair,furniture,2,612.75,1225.50,completed,2026-08-20T18:40:42+00:00
ORD-110837,8,8,Ergonomic Chair,furniture,1,612.75,612.75,cancelled,2026-08-20T03:41:39+00:00
ORD-110838,5,5,Over-ear Headphones,audio,2,199.95,399.90,pending,2026-08-20T14:13:51+00:00
ORD-110839,6,6,Desk Speakers Pair,audio,2,89.00,178.00,pending,2026-08-20T05:47:51+00:00
ORD-110840,7,7,Standing Desk 120cm,furniture,5,449.00,2245.00,completed,2026-08-20T04:41:31+00:00
ORD-110841,1,2,Wireless Mouse,peripherals,1,49.50,49.50,completed,2026-08-20T21:17:58+00:00
ORD-110842,8,4,34in Ultrawide Monitor,displays,1,579.00,579.00,refunded,2026-08-20T07:23:00+00:00
ORD-110843,1,1,Mechanical Keyboard 75%,peripherals,2,129.00,258.00,cancelled,2026-08-20T15:10:02+00:00
ORD-110844,7,5,Over-ear Headphones,audio,4,199.95,799.80,completed,2026-08-20T21:29:41+00:00
ORD-110845,7,2,Wireless Mouse,peripherals,2,49.50,99.00,refunded,2026-08-20T19:28:48+00:00
ORD-110846,2,7,Standing Desk 120cm,furniture,5,449.00,2245.00,refunded,2026-08-20T02:03:01+00:00
ORD-110847,8,2,Wireless Mouse,peripherals,4,49.50,198.00,completed,2026-08-20T06:45:09+00:00
ORD-110848,5,4,34in Ultrawide Monitor,displays,4,579.00,2316.00,cancelled,2026-08-20T21:09:58+00:00
ORD-110849,10,6,Desk Speakers Pair,audio,4,89.00,356.00,refunded,2026-08-20T15:48:11+00:00
ORD-110850,7,6,Desk Speakers Pair,audio,4,89.00,356.00,refunded,2026-08-20T10:14:06+00:00
ORD-110851,3,6,Desk Speakers Pair,audio,2,89.00,178.00,cancelled,2026-08-20T01:29:03+00:00
ORD-110852,5,1,Mechanical Keyboard 75%,peripherals,2,129.00,258.00,cancelled,2026-08-20T03:45:35+00:00
ORD-110853,4,10,Laptop Stand Aluminium,accessories,4,27.50,110.00,completed,2026-08-20T02:49:18+00:00
ORD-110854,9,5,Over-ear Headphones,audio,4,199.95,799.80,refunded,2026-08-20T05:47:00+00:00
ORD-110855,7,10,Laptop Stand Aluminium,accessories,4,27.50,110.00,completed,2026-08-20T18:52:40+00:00
ORD-110856,3,10,Laptop Stand Aluminium,accessories,3,27.50,82.50,pending,2026-08-20T16:58:15+00:00
ORD-110857,6,6,Desk Speakers Pair,audio,5,89.00,445.00,cancelled,2026-08-20T14:44:35+00:00
ORD-110858,6,1,Mechanical Keyboard 75%,peripherals,3,129.00,387.00,refunded,2026-08-20T12:46:00+00:00
ORD-110859,6,3,27in 1440p Monitor,displays,2,319.99,639.98,refunded,2026-08-20T11:39:43+00:00
ORD-110860,3,8,Ergonomic Chair,furniture,5,612.75,3063.75,cancelled,2026-08-20T23:00:18+00:00
ORD-110861,7,2,Wireless Mouse,peripherals,5,49.50,247.50,completed,2026-08-20T08:51:06+00:00
ORD-110862,8,1,Mechanical Keyboard 75%,peripherals,2,129.00,258.00,completed,2026-08-20T14:12:59+00:00
ORD-110863,4,6,Desk Speakers Pair,audio,2,89.00,178.00,cancelled,2026-08-20T01:46:59+00:00
ORD-110864,10,2,Wireless Mouse,peripherals,5,49.50,247.50,refunded,2026-08-20T09:18:11+00:00
ORD-110865,5,5,Over-ear Headphones,audio,5,199.95,999.75,cancelled,2026-08-20T07:18:15+00:00
ORD-110866,4,1,Mechanical Keyboard 75%,peripherals,2,129.00,258.00,refunded,2026-08-20T10:31:34+00:00
ORD-110867,2,6,Desk Speakers Pair,audio,3,89.00,267.00,cancelled,2026-08-20T08:33:02+00:00
ORD-110868,5,4,34in Ultrawide Monitor,displays,1,579.00,579.00,pending,2026-08-20T23:34:59+00:00
ORD-110869,10,9,USB-C Hub 8-in-1,accessories,4,39.99,159.96,pending,2026-08-20T15:55:10+00:00
ORD-110870,5,10,Laptop Stand Aluminium,accessories,2,27.50,55.00,refunded,2026-08-20T12:15:12+00:00
ORD-110871,9,2,Wireless Mouse,peripherals,2,49.50,99.00,completed,2026-08-20T01:00:17+00:00
ORD-110872,4,1,Mechanical Keyboard 75%,peripherals,2,129.00,258.00,completed,2026-08-20T13:22:42+00:00
ORD-110873,9,2,Wireless Mouse,peripherals,3,49.50,148.50,refunded,2026-08-20T19:16:30+00:00
ORD-110874,10,8,Ergonomic Chair,furniture,2,612.75,1225.50,pending,2026-08-20T10:57:57+00:00
ORD-110875,9,7,Standing Desk 120cm,furniture,5,449.00,2245.00,cancelled,2026-08-20T06:11:25+00:00
ORD-110876,10,4,34in Ultrawide Monitor,displays,2,579.00,1158.00,refunded,2026-08-20T03:37:13+00:00
ORD-110877,7,3,27in 1440p Monitor,displays,1,319.99,319.99,cancelled,2026-08-20T13:55:58+00:00
ORD-110878,9,8,Ergonomic Chair,furniture,3,612.75,1838.25,pending,2026-08-20T00:49:23+00:00
ORD-110879,6,1,Mechanical Keyboard 75%,peripherals,3,129.00,387.00,cancelled,2026-08-20T16:36:05+00:00
ORD-110880,2,10,Laptop Stand Aluminium,accessories,4,27.50,110.00,cancelled,2026-08-20T03:52:20+00:00
ORD-110881,2,6,Desk Speakers Pair,audio,5,89.00,445.00,refunded,2026-08-20T16:04:53+00:00
ORD-110882,10,10,Laptop Stand Aluminium,accessories,1,27.50,27.50,pending,2026-08-20T04:42:59+00:00
ORD-110883,4,4,34in Ultrawide Monitor,displays,5,579.00,2895.00,completed,2026-08-20T14:42:19+00:00
ORD-110884,1,10,Laptop Stand Aluminium,accessories,4,27.50,110.00,refunded,2026-08-20T14:10:06+00:00
ORD-110885,10,8,Ergonomic Chair,furniture,1,612.75,612.75,pending,2026-08-20T13:47:03+00:00
ORD-110886,9,10,Laptop Stand Aluminium,accessories,5,27.50,137.50,pending,2026-08-20T03:20:07+00:00
ORD-110887,4,8,Ergonomic Chair,furniture,3,612.75,1838.25,cancelled,2026-08-20T17:36:28+00:00
ORD-110888,4,10,Laptop Stand Aluminium,accessories,5,27.50,137.50,completed,2026-08-20T00:38:09+00:00
ORD-110889,3,1,Mechanical Keyboard 75%,peripherals,2,129.00,258.00,pending,2026-08-20T00:23:55+00:00
ORD-110890,2,7,Standing Desk 120cm,furniture,2,449.00,898.00,pending,2026-08-20T21:33:20+00:00
ORD-110891,6,8,Ergonomic Chair,furniture,1,612.75,612.75,refunded,2026-08-20T17:31:05+00:00
ORD-110892,4,2,Wireless Mouse,peripherals,1,49.50,49.50,pending,2026-08-20T07:14:55+00:00
ORD-110893,4,9,USB-C Hub 8-in-1,accessories,2,39.99,79.98,pending,2026-08-20T01:03:30+00:00
ORD-110894,4,4,34in Ultrawide Monitor,displays,2,579.00,1158.00,pending,2026-08-20T01:51:12+00:00
ORD-110895,6,5,Over-ear Headphones,audio,5,199.95,999.75,refunded,2026-08-20T09:38:57+00:00
ORD-110896,1,7,Standing Desk 120cm,furniture,1,449.00,449.00,refunded,2026-08-20T03:59:53+00:00
ORD-110897,9,9,USB-C Hub 8-in-1,accessories,1,39.99,39.99,completed,2026-08-20T11:38:39+00:00
ORD-110898,4,9,USB-C Hub 8-in-1,accessories,4,39.99,159.96,cancelled,2026-08-20T13:33:53+00:00
ORD-110899,4,5,Over-ear Headphones,audio,5,199.95,999.75,completed,2026-08-20T06:15:58+00:00
ORD-110900,1,5,Over-ear Headphones,audio,2,199.95,399.90,cancelled,2026-08-20T07:51:04+00:00
ORD-110901,9,7,Standing Desk 120cm,furniture,4,449.00,1796.00,refunded,2026-08-20T09:04:11+00:00
ORD-110902,8,4,34in Ultrawide Monitor,displays,4,579.00,2316.00,cancelled,2026-08-20T07:09:46+00:00
ORD-110903,8,9,USB-C Hub 8-in-1,accessories,3,39.99,119.97,cancelled,2026-08-20T03:02:25+00:00
ORD-110904,4,7,Standing Desk 120cm,furniture,5,449.00,2245.00,refunded,2026-08-20T22:40:06+00:00
ORD-110905,6,10,Laptop Stand Aluminium,accessories,4,27.50,110.00,pending,2026-08-20T02:25:28+00:00
ORD-110906,4,1,Mechanical Keyboard 75%,peripherals,2,129.00,258.00,completed,2026-08-20T08:28:36+00:00
ORD-110907,2,3,27in 1440p Monitor,displays,1,319.99,319.99,pending,2026-08-20T10:10:03+00:00
ORD-110908,8,6,Desk Speakers Pair,audio,2,89.00,178.00,completed,2026-08-20T07:35:16+00:00
ORD-110909,6,5,Over-ear Headphones,audio,1,199.95,199.95,completed,2026-08-20T04:51:25+00:00
ORD-110910,5,2,Wireless Mouse,peripherals,2,49.50,99.00,pending,2026-08-20T09:07:03+00:00
ORD-110911,7,5,Over-ear Headphones,audio,1,199.95,199.95,refunded,2026-08-20T06:33:16+00:00
ORD-110912,5,6,Desk Speakers Pair,audio,3,89.00,267.00,refunded,2026-08-20T03:48:57+00:00
ORD-110913,1,8,Ergonomic Chair,furniture,5,612.75,3063.75,pending,2026-08-20T17:00:55+00:00
ORD-110914,6,1,Mechanical Keyboard 75%,peripherals,4,129.00,516.00,refunded,2026-08-20T13:37:11+00:00
ORD-110915,3,1,Mechanical Keyboard 75%,peripherals,2,129.00,258.00,completed,2026-08-20T12:43:53+00:00
ORD-110916,6,4,34in Ultrawide Monitor,displays,5,579.00,2895.00,refunded,2026-08-20T08:57:40+00:00
ORD-110917,9,8,Ergonomic Chair,furniture,1,612.75,612.75,pending,2026-08-20T20:34:29+00:00
ORD-110918,10,10,Laptop Stand Aluminium,accessories,2,27.50,55.00,completed,2026-08-20T15:34:11+00:00
ORD-110919,5,9,USB-C Hub 8-in-1,accessories,2,39.99,79.98,completed,2026-08-20T05:52:08+00:00
ORD-110920,10,6,Desk Speakers Pair,audio,1,89.00,89.00,refunded,2026-08-20T01:57:01+00:00
ORD-110921,6,7,Standing Desk 120cm,furniture,5,449.00,2245.00,pending,2026-08-20T21:39:29+00:00
ORD-110922,10,6,Desk Speakers Pair,audio,5,89.00,445.00,pending,2026-08-20T11:21:27+00:00
ORD-110923,5,10,Laptop Stand Aluminium,accessories,4,27.50,110.00,cancelled,2026-08-20T12:21:13+00:00
ORD-110924,9,3,27in 1440p Monitor,displays,5,319.99,1599.95,refunded,2026-08-20T17:39:31+00:00
ORD-110925,7,2,Wireless Mouse,peripherals,5,49.50,247.50,pending,2026-08-20T17:09:42+00:00
ORD-110926,9,3,27in 1440p Monitor,displays,2,319.99,639.98,completed,2026-08-20T00:09:30+00:00
ORD-110927,6,8,Ergonomic Chair,furniture,1,612.75,612.75,pending,2026-08-20T16:42:32+00:00
ORD-110928,4,6,Desk Speakers Pair,audio,1,89.00,89.00,pending,2026-08-20T23:57:34+00:00
ORD-110929,6,6,Desk Speakers Pair,audio,3,89.00,267.00,refunded,2026-08-20T08:58:33+00:00
ORD-110930,3,6,Desk Speakers Pair,audio,2,89.00,178.00,refunded,2026-08-20T09:45:20+00:00
ORD-110931,10,1,Mechanical Keyboard 75%,peripherals,5,129.00,645.00,completed,2026-08-20T14:23:56+00:00
ORD-110932,3,6,Desk Speakers Pair,audio,4,89.00,356.00,completed,2026-08-20T08:13:18+00:00
ORD-110933,8,7,Standing Desk 120cm,furniture,2,449.00,898.00,completed,2026-08-20T20:38:08+00:00
ORD-110934,7,4,34in Ultrawide Monitor,displays,2,579.00,1158.00,completed,2026-08-20T00:55:58+00:00
ORD-110935,5,5,Over-ear Headphones,audio,1,199.95,199.95,completed,2026-08-20T16:53:32+00:00
ORD-110936,4,4,34in Ultrawide Monitor,displays,3,579.00,1737.00,pending,2026-08-20T19:13:47+00:00
ORD-110937,8,10,Laptop Stand Aluminium,accessories,2,27.50,55.00,pending,2026-08-20T18:49:48+00:00
ORD-110938,6,7,Standing Desk 120cm,furniture,5,449.00,2245.00,refunded,2026-08-20T16:14:36+00:00
ORD-110939,10,7,Standing Desk 120cm,furniture,5,449.00,2245.00,completed,2026-08-20T07:06:04+00:00
ORD-110940,3,8,Ergonomic Chair,furniture,1,612.75,612.75,cancelled,2026-08-20T00:39:40+00:00
ORD-110941,4,2,Wireless Mouse,peripherals,1,49.50,49.50,cancelled,2026-08-20T19:21:16+00:00
ORD-110942,7,7,Standing Desk 120cm,furniture,3,449.00,1347.00,refunded,2026-08-20T03:08:10+00:00
ORD-110943,1,9,USB-C Hub 8-in-1,accessories,5,39.99,199.95,refunded,2026-08-20T01:28:42+00:00
ORD-110944,10,8,Ergonomic Chair,furniture,4,612.75,2451.00,refunded,2026-08-20T13:06:35+00:00
ORD-110945,4,6,Desk Speakers Pair,audio,4,89.00,356.00,cancelled,2026-08-20T19:35:44+00:00
ORD-110946,10,3,27in 1440p Monitor,displays,4,319.99,1279.96,cancelled,2026-08-20T19:12:35+00:00
ORD-110947,9,7,Standing Desk 120cm,furniture,1,449.00,449.00,completed,2026-08-20T16:21:50+00:00
ORD-110948,1,2,Wireless Mouse,peripherals,1,49.50,49.50,pending,2026-08-20T05:32:27+00:00
ORD-110949,2,10,Laptop Stand Aluminium,accessories,5,27.50,137.50,pending,2026-08-20T07:06:54+00:00
ORD-110950,9,8,Ergonomic Chair,furniture,2,612.75,1225.50,pending,2026-08-20T22:48:04+00:00
ORD-110951,3,5,Over-ear Headphones,audio,4,199.95,799.80,completed,2026-08-20T15:50:53+00:00
ORD-110952,9,2,Wireless Mouse,peripherals,4,49.50,198.00,completed,2026-08-20T06:31:37+00:00
ORD-110953,6,5,Over-ear Headphones,audio,2,199.95,399.90,completed,2026-08-20T18:54:54+00:00
ORD-110954,8,10,Laptop Stand Aluminium,accessories,3,27.50,82.50,cancelled,2026-08-20T14:20:11+00:00
ORD-110955,10,8,Ergonomic Chair,furniture,5,612.75,3063.75,cancelled,2026-08-20T13:41:48+00:00
ORD-110956,7,10,Laptop Stand Aluminium,accessories,5,27.50,137.50,pending,2026-08-20T11:20:17+00:00
ORD-110957,3,8,Ergonomic Chair,furniture,5,612.75,3063.75,completed,2026-08-20T06:50:13+00:00
ORD-110958,6,10,Laptop Stand Aluminium,accessories,3,27.50,82.50,refunded,2026-08-20T08:51:45+00:00
ORD-110959,7,9,USB-C Hub 8-in-1,accessories,2,39.99,79.98,cancelled,2026-08-20T03:44:07+00:00
ORD-110960,7,1,Mechanical Keyboard 75%,peripherals,1,129.00,129.00,cancelled,2026-08-20T09:25:44+00:00
ORD-110961,1,1,Mechanical Keyboard 75%,peripherals,3,129.00,387.00,refunded,2026-08-20T07:37:24+00:00
ORD-110962,9,6,Desk Speakers Pair,audio,3,89.00,267.00,pending,2026-08-20T15:58:50+00:00
ORD-110963,9,8,Ergonomic Chair,furniture,3,612.75,1838.25,cancelled,2026-08-20T16:45:02+00:00
ORD-110964,10,2,Wireless Mouse,peripherals,2,49.50,99.00,pending,2026-08-20T15:49:50+00:00
ORD-110965,6,10,Laptop Stand Aluminium,accessories,2,27.50,55.00,cancelled,2026-08-20T15:58:58+00:00
ORD-110966,1,4,34in Ultrawide Monitor,displays,1,579.00,579.00,cancelled,2026-08-20T22:18:12+00:00
ORD-110967,4,2,Wireless Mouse,peripherals,5,49.50,247.50,completed,2026-08-20T12:34:52+00:00
ORD-110968,7,8,Ergonomic Chair,furniture,2,612.75,1225.50,refunded,2026-08-20T23:42:06+00:00
ORD-110969,10,10,Laptop Stand Aluminium,accessories,5,27.50,137.50,pending,2026-08-20T21:33:55+00:00
ORD-110970,3,9,USB-C Hub 8-in-1,accessories,5,39.99,199.95,cancelled,2026-08-20T19:45:20+00:00
ORD-110971,8,2,Wireless Mouse,peripherals,5,49.50,247.50,completed,2026-08-20T23:21:19+00:00
ORD-110972,3,10,Laptop Stand Aluminium,accessories,4,27.50,110.00,refunded,2026-08-20T03:02:51+00:00
ORD-110973,7,4,34in Ultrawide Monitor,displays,1,579.00,579.00,completed,2026-08-20T10:27:19+00:00
ORD-110974,8,10,Laptop Stand Aluminium,accessories,5,27.50,137.50,cancelled,2026-08-20T02:30:20+00:00
ORD-110975,6,8,Ergonomic Chair,furniture,3,612.75,1838.25,cancelled,2026-08-20T21:20:47+00:00
ORD-110976,5,4,34in Ultrawide Monitor,displays,4,579.00,2316.00,completed,2026-08-20T00:07:42+00:00
ORD-110977,2,8,Ergonomic Chair,furniture,4,612.75,2451.00,pending,2026-08-20T23:29:48+00:00
ORD-110978,5,2,Wireless Mouse,peripherals,4,49.50,198.00,cancelled,2026-08-20T15:10:45+00:00
ORD-110979,9,1,Mechanical Keyboard 75%,peripherals,1,129.00,129.00,refunded,2026-08-20T05:42:52+00:00
ORD-110980,10,1,Mechanical Keyboard 75%,peripherals,2,129.00,258.00,cancelled,2026-08-20T13:14:29+00:00
ORD-110981,7,3,27in 1440p Monitor,displays,3,319.99,959.97,completed,2026-08-20T18:10:16+00:00
ORD-110982,8,10,Laptop Stand Aluminium,accessories,4,27.50,110.00,completed,2026-08-20T14:12:14+00:00
ORD-110983,6,10,Laptop Stand Aluminium,accessories,5,27.50,137.50,refunded,2026-08-20T07:29:47+00:00
ORD-110984,5,7,Standing Desk 120cm,furniture,3,449.00,1347.00,completed,2026-08-20T17:29:57+00:00
ORD-110985,4,4,34in Ultrawide Monitor,displays,3,579.00,1737.00,refunded,2026-08-20T14:09:26+00:00
ORD-110986,5,9,USB-C Hub 8-in-1,accessories,4,39.99,159.96,pending,2026-08-20T05:07:24+00:00
ORD-110987,9,4,34in Ultrawide Monitor,displays,5,579.00,2895.00,pending,2026-08-20T12:22:04+00:00
ORD-110988,1,2,Wireless Mouse,peripherals,4,49.50,198.00,refunded,2026-08-20T21:17:51+00:00
ORD-110989,8,1,Mechanical Keyboard 75%,peripherals,4,129.00,516.00,pending,2026-08-20T10:16:40+00:00
ORD-110990,6,5,Over-ear Headphones,audio,2,199.95,399.90,pending,2026-08-20T14:01:11+00:00
ORD-110991,8,4,34in Ultrawide Monitor,displays,5,579.00,2895.00,refunded,2026-08-20T05:16:26+00:00
ORD-110992,4,9,USB-C Hub 8-in-1,accessories,2,39.99,79.98,refunded,2026-08-20T03:04:28+00:00
ORD-110993,6,2,Wireless Mouse,peripherals,4,49.50,198.00,refunded,2026-08-20T15:22:30+00:00
ORD-110994,10,2,Wireless Mouse,peripherals,2,49.50,99.00,completed,2026-08-20T00:45:12+00:00
ORD-110995,8,10,Laptop Stand Aluminium,accessories,4,27.50,110.00,pending,2026-08-20T18:03:40+00:00
ORD-110996,3,1,Mechanical Keyboard 75%,peripherals,4,129.00,516.00,completed,2026-08-20T13:57:46+00:00
ORD-110997,6,10,Laptop Stand Aluminium,accessories,5,27.50,137.50,cancelled,2026-08-20T16:53:54+00:00
ORD-110998,3,5,Over-ear Headphones,audio,3,199.95,599.85,cancelled,2026-08-20T15:51:25+00:00
ORD-110999,9,8,Ergonomic Chair,furniture,5,612.75,3063.75,completed,2026-08-20T11:55:45+00:00
ORD-111000,4,5,Over-ear Headphones,audio,3,199.95,599.85,pending,2026-08-20T11:44:50+00:00
ORD-111001,1,3,27in 1440p Monitor,displays,5,319.99,1599.95,pending,2026-08-20T10:19:11+00:00
ORD-111002,6,7,Standing Desk 120cm,furniture,5,449.00,2245.00,completed,2026-08-20T08:51:14+00:00
ORD-111003,7,6,Desk Speakers Pair,audio,2,89.00,178.00,completed,2026-08-20T08:48:44+00:00
ORD-111004,2,8,Ergonomic Chair,furniture,2,612.75,1225.50,completed,2026-08-20T08:50:43+00:00
ORD-111005,2,3,27in 1440p Monitor,displays,3,319.99,959.97,refunded,2026-08-20T05:06:44+00:00
ORD-111006,5,2,Wireless Mouse,peripherals,4,49.50,198.00,pending,2026-08-20T05:39:59+00:00
ORD-111007,7,6,Desk Speakers Pair,audio,5,89.00,445.00,refunded,2026-08-20T12:31:54+00:00
ORD-111008,8,3,27in 1440p Monitor,displays,4,319.99,1279.96,pending,2026-08-20T10:26:50+00:00
ORD-111009,7,7,Standing Desk 120cm,furniture,3,449.00,1347.00,refunded,2026-08-20T21:07:07+00:00
ORD-111010,7,7,Standing Desk 120cm,furniture,5,449.00,2245.00,refunded,2026-08-20T23:10:57+00:00
ORD-111011,1,6,Desk Speakers Pair,audio,1,89.00,89.00,refunded,2026-08-20T14:10:48+00:00
ORD-111012,3,10,Laptop Stand Aluminium,accessories,3,27.50,82.50,pending,2026-08-20T05:19:40+00:00
ORD-111013,7,8,Ergonomic Chair,furniture,3,612.75,1838.25,pending,2026-08-20T11:14:50+00:00
ORD-111014,9,10,Laptop Stand Aluminium,accessories,4,27.50,110.00,cancelled,2026-08-20T03:24:52+00:00
ORD-111015,8,4,34in Ultrawide Monitor,displays,4,579.00,2316.00,completed,2026-08-20T00:45:13+00:00
ORD-111016,5,4,34in Ultrawide Monitor,displays,5,579.00,2895.00,pending,2026-08-20T08:29:46+00:00
ORD-111017,6,4,34in Ultrawide Monitor,displays,2,579.00,1158.00,pending,2026-08-20T23:50:06+00:00
ORD-111018,10,3,27in 1440p Monitor,displays,1,319.99,319.99,refunded,2026-08-20T20:12:10+00:00
ORD-111019,3,5,Over-ear Headphones,audio,5,199.95,999.75,completed,2026-08-20T06:55:32+00:00
ORD-111020,3,9,USB-C Hub 8-in-1,accessories,4,39.99,159.96,cancelled,2026-08-20T00:33:50+00:00
ORD-111021,10,3,27in 1440p Monitor,displays,5,319.99,1599.95,refunded,2026-08-20T11:44:33+00:00
ORD-111022,2,8,Ergonomic Chair,furniture,5,612.75,3063.75,completed,2026-08-20T16:38:25+00:00
ORD-111023,2,9,USB-C Hub 8-in-1,accessories,1,39.99,39.99,completed,2026-08-20T18:39:20+00:00
ORD-111024,9,4,34in Ultrawide Monitor,displays,3,579.00,1737.00,pending,2026-08-20T08:17:17+00:00
ORD-111025,3,4,34in Ultrawide Monitor,displays,5,579.00,2895.00,pending,2026-08-20T13:19:16+00:00
ORD-111026,9,10,Laptop Stand Aluminium,accessories,5,27.50,137.50,refunded,2026-08-20T13:42:47+00:00
ORD-111027,4,3,27in 1440p Monitor,displays,2,319.99,639.98,pending,2026-08-20T23:26:33+00:00
ORD-111028,8,7,Standing Desk 120cm,furniture,2,449.00,898.00,completed,2026-08-20T19:32:57+00:00
ORD-111029,9,1,Mechanical Keyboard 75%,peripherals,5,129.00,645.00,cancelled,2026-08-20T06:35:46+00:00
ORD-111030,2,7,Standing Desk 120cm,furniture,3,449.00,1347.00,completed,2026-08-20T19:02:30+00:00
ORD-111031,2,6,Desk Speakers Pair,audio,3,89.00,267.00,cancelled,2026-08-20T01:00:33+00:00
ORD-111032,9,9,USB-C Hub 8-in-1,accessories,2,39.99,79.98,pending,2026-08-20T06:04:32+00:00
ORD-111033,10,6,Desk Speakers Pair,audio,5,89.00,445.00,cancelled,2026-08-20T16:00:18+00:00
ORD-111034,3,1,Mechanical Keyboard 75%,peripherals,3,129.00,387.00,refunded,2026-08-20T01:56:37+00:00
ORD-111035,2,7,Standing Desk 120cm,furniture,4,449.00,1796.00,refunded,2026-08-20T12:37:36+00:00
ORD-111036,2,4,34in Ultrawide Monitor,displays,5,579.00,2895.00,completed,2026-08-20T14:54:07+00:00
ORD-111037,4,9,USB-C Hub 8-in-1,accessories,4,39.99,159.96,cancelled,2026-08-20T07:24:37+00:00
ORD-111038,2,4,34in Ultrawide Monitor,displays,1,579.00,579.00,pending,2026-08-20T20:45:44+00:00
ORD-111039,7,3,27in 1440p Monitor,displays,1,319.99,319.99,refunded,2026-08-20T16:41:00+00:00
ORD-111040,1,4,34in Ultrawide Monitor,displays,5,579.00,2895.00,cancelled,2026-08-20T17:33:04+00:00
ORD-111041,2,1,Mechanical Keyboard 75%,peripherals,2,129.00,258.00,completed,2026-08-20T20:38:14+00:00
ORD-111042,7,7,Standing Desk 120cm,furniture,1,449.00,449.00,pending,not-a-valid-date
ORD-111043,8,10,Laptop Stand Aluminium,accessories,1,27.50,27.50,cancelled,2026-08-20T16:00:14+00:00
ORD-111044,1,6,Desk Speakers Pair,audio,1,89.00,89.00,pending,2026-08-20T10:52:54+00:00
ORD-111045,7,3,27in 1440p Monitor,displays,1,319.99,319.99,cancelled,2026-08-20T12:01:32+00:00
ORD-111046,5,4,34in Ultrawide Monitor,displays,2,579.00,1158.00,cancelled,2026-08-20T19:47:53+00:00
ORD-111047,10,2,Wireless Mouse,peripherals,2,49.50,99.00,pending,2026-08-20T20:58:48+00:00
ORD-111048,3,7,Standing Desk 120cm,furniture,1,449.00,449.00,pending,2026-08-20T07:13:53+00:00
ORD-111049,6,4,34in Ultrawide Monitor,displays,2,579.00,1158.00,completed,2026-08-20T17:40:58+00:00
ORD-111050,8,6,Desk Speakers Pair,audio,5,89.00,445.00,refunded,2026-08-20T23:47:15+00:00
ORD-111051,4,8,Ergonomic Chair,furniture,3,612.75,1838.25,pending,2026-08-20T01:32:12+00:00
ORD-111052,1,1,Mechanical Keyboard 75%,peripherals,5,129.00,645.00,refunded,2026-08-20T10:31:31+00:00
ORD-111053,9,9,USB-C Hub 8-in-1,accessories,5,39.99,199.95,completed,2026-08-20T18:03:44+00:00
ORD-111054,1,2,Wireless Mouse,peripherals,2,49.50,99.00,pending,2026-08-20T16:05:30+00:00
ORD-111055,2,4,34in Ultrawide Monitor,displays,5,579.00,2895.00,cancelled,2026-08-20T13:09:52+00:00
ORD-111056,3,7,Standing Desk 120cm,furniture,1,449.00,449.00,cancelled,2026-08-20T06:52:57+00:00
ORD-111057,4,1,Mechanical Keyboard 75%,peripherals,2,129.00,258.00,pending,2026-08-20T10:00:23+00:00
ORD-111058,5,3,27in 1440p Monitor,displays,3,319.99,959.97,pending,2026-08-20T12:06:40+00:00
ORD-111059,2,9,USB-C Hub 8-in-1,accessories,1,39.99,39.99,pending,2026-08-20T04:05:17+00:00
ORD-111060,2,7,Standing Desk 120cm,furniture,2,449.00,898.00,cancelled,2026-08-20T15:18:29+00:00
ORD-111061,2,8,Ergonomic Chair,furniture,5,612.75,3063.75,refunded,2026-08-20T22:21:50+00:00
ORD-111062,5,5,Over-ear Headphones,audio,3,199.95,599.85,refunded,2026-08-20T03:59:35+00:00
ORD-111063,7,8,Ergonomic Chair,furniture,1,612.75,612.75,pending,2026-08-20T07:39:58+00:00
ORD-111064,3,9,USB-C Hub 8-in-1,accessories,2,39.99,79.98,completed,2026-08-20T21:54:16+00:00
ORD-111065,6,5,Over-ear Headphones,audio,1,199.95,199.95,cancelled,2026-08-20T14:12:43+00:00
ORD-111066,2,7,Standing Desk 120cm,furniture,1,449.00,449.00,pending,2026-08-20T19:17:11+00:00
ORD-111067,8,5,Over-ear Headphones,audio,4,199.95,799.80,cancelled,2026-08-20T12:11:49+00:00
ORD-111068,2,8,Ergonomic Chair,furniture,4,612.75,2451.00,pending,2026-08-20T10:23:01+00:00
ORD-111069,3,7,Standing Desk 120cm,furniture,4,449.00,1796.00,pending,2026-08-20T08:47:46+00:00
ORD-111070,6,3,27in 1440p Monitor,displays,4,319.99,1279.96,completed,2026-08-20T15:22:26+00:00
ORD-111071,7,4,34in Ultrawide Monitor,displays,5,579.00,2895.00,cancelled,2026-08-20T15:53:32+00:00
ORD-111072,8,4,34in Ultrawide Monitor,displays,1,579.00,579.00,cancelled,2026-08-20T16:29:41+00:00
ORD-111073,8,4,34in Ultrawide Monitor,displays,1,579.00,579.00,completed,2026-08-20T02:24:38+00:00
ORD-111074,9,8,Ergonomic Chair,furniture,4,612.75,2451.00,cancelled,2026-08-20T10:55:25+00:00
ORD-111075,8,1,Mechanical Keyboard 75%,peripherals,3,129.00,387.00,pending,2026-08-20T14:12:45+00:00
ORD-111076,3,8,Ergonomic Chair,furniture,1,612.75,612.75,refunded,2026-08-20T05:52:22+00:00
ORD-111077,2,7,Standing Desk 120cm,furniture,1,449.00,449.00,pending,2026-08-20T03:24:35+00:00
ORD-111078,8,7,Standing Desk 120cm,furniture,2,449.00,898.00,completed,2026-08-20T21:03:22+00:00
ORD-111079,6,6,Desk Speakers Pair,audio,5,89.00,445.00,cancelled,2026-08-20T04:25:03+00:00
ORD-111080,9,7,Standing Desk 120cm,furniture,1,449.00,449.00,pending,2026-08-20T01:15:30+00:00
ORD-111081,3,2,Wireless Mouse,peripherals,5,49.50,247.50,pending,2026-08-20T07:57:46+00:00
ORD-111082,9,9,USB-C Hub 8-in-1,accessories,2,39.99,79.98,cancelled,2026-08-20T04:27:31+00:00
ORD-111083,3,4,34in Ultrawide Monitor,displays,3,579.00,1737.00,pending,2026-08-20T16:58:23+00:00
ORD-111084,8,5,Over-ear Headphones,audio,3,199.95,599.85,completed,2026-08-20T21:54:55+00:00
ORD-111085,9,8,Ergonomic Chair,furniture,2,612.75,1225.50,completed,2026-08-20T14:21:42+00:00
ORD-111086,10,6,Desk Speakers Pair,audio,2,89.00,178.00,pending,2026-08-20T11:20:01+00:00
ORD-111087,1,5,Over-ear Headphones,audio,3,199.95,599.85,completed,2026-08-20T18:09:19+00:00
ORD-111088,7,3,27in 1440p Monitor,displays,4,319.99,1279.96,cancelled,2026-08-20T02:18:11+00:00
ORD-111089,1,2,Wireless Mouse,peripherals,2,49.50,99.00,cancelled,2026-08-20T11:01:55+00:00
ORD-111090,7,10,Laptop Stand Aluminium,accessories,5,27.50,137.50,completed,2026-08-20T19:31:10+00:00
ORD-111091,3,6,Desk Speakers Pair,audio,1,89.00,89.00,completed,2026-08-20T06:46:21+00:00
ORD-111092,8,6,Desk Speakers Pair,audio,2,89.00,178.00,cancelled,2026-08-20T10:40:44+00:00
ORD-111093,5,6,Desk Speakers Pair,audio,3,89.00,267.00,cancelled,2026-08-20T20:57:13+00:00
ORD-111094,1,1,Mechanical Keyboard 75%,peripherals,3,129.00,387.00,refunded,2026-08-20T21:27:25+00:00
ORD-111095,7,3,27in 1440p Monitor,displays,4,319.99,1279.96,pending,2026-08-20T18:45:43+00:00
ORD-111096,6,1,Mechanical Keyboard 75%,peripherals,2,129.00,258.00,pending,2026-08-20T09:39:42+00:00
ORD-111097,9,6,Desk Speakers Pair,audio,3,89.00,267.00,pending,2026-08-20T00:50:17+00:00
ORD-111098,6,9,USB-C Hub 8-in-1,accessories,3,39.99,119.97,cancelled,2026-08-20T04:21:01+00:00
ORD-111099,2,8,Ergonomic Chair,furniture,5,612.75,3063.75,pending,2026-08-20T02:15:06+00:00
ORD-111100,1,1,Mechanical Keyboard 75%,peripherals,1,129.00,129.00,completed,2026-08-20T12:41:01+00:00
ORD-111101,6,3,27in 1440p Monitor,displays,4,319.99,1279.96,refunded,2026-08-20T16:46:04+00:00
ORD-111102,10,6,Desk Speakers Pair,audio,1,89.00,89.00,pending,2026-08-20T02:38:42+00:00
ORD-111103,7,4,34in Ultrawide Monitor,displays,5,579.00,2895.00,completed,2026-08-20T16:04:44+00:00
ORD-111104,4,3,27in 1440p Monitor,displays,3,319.99,959.97,pending,2026-08-20T07:51:51+00:00
ORD-111105,1,8,Ergonomic Chair,furniture,5,612.75,3063.75,completed,2026-08-20T21:56:36+00:00
ORD-111106,4,5,Over-ear Headphones,audio,1,199.95,199.95,completed,2026-08-20T23:38:45+00:00
ORD-111107,1,2,Wireless Mouse,peripherals,4,49.50,198.00,cancelled,2026-08-20T07:36:01+00:00
ORD-111108,7,7,Standing Desk 120cm,furniture,2,449.00,898.00,cancelled,2026-08-20T02:16:39+00:00
ORD-111109,9,7,Standing Desk 120cm,furniture,3,449.00,1347.00,cancelled,2026-08-20T15:33:06+00:00
ORD-111110,3,1,Mechanical Keyboard 75%,peripherals,3,129.00,387.00,cancelled,2026-08-20T20:06:03+00:00
ORD-111111,8,9,USB-C Hub 8-in-1,accessories,2,39.99,79.98,cancelled,2026-08-20T15:28:14+00:00
ORD-111112,6,10,Laptop Stand Aluminium,accessories,1,27.50,27.50,refunded,2026-08-20T21:00:24+00:00
ORD-111113,5,3,27in 1440p Monitor,displays,4,319.99,1279.96,completed,2026-08-20T17:21:44+00:00
ORD-111114,1,4,34in Ultrawide Monitor,displays,2,579.00,1158.00,completed,2026-08-20T12:42:46+00:00
ORD-111115,4,9,USB-C Hub 8-in-1,accessories,4,39.99,159.96,completed,2026-08-20T20:42:28+00:00
ORD-111116,4,4,34in Ultrawide Monitor,displays,1,579.00,579.00,pending,2026-08-20T05:37:51+00:00
ORD-111117,2,4,34in Ultrawide Monitor,displays,5,579.00,2895.00,refunded,2026-08-20T10:46:40+00:00
ORD-111118,4,4,34in Ultrawide Monitor,displays,5,579.00,2895.00,refunded,2026-08-20T07:35:33+00:00
ORD-111119,3,5,Over-ear Headphones,audio,1,199.95,199.95,refunded,2026-08-20T14:05:58+00:00
ORD-111120,8,2,Wireless Mouse,peripherals,5,49.50,247.50,refunded,2026-08-20T15:30:49+00:00
ORD-111121,7,2,Wireless Mouse,peripherals,2,49.50,99.00,pending,2026-08-20T13:09:44+00:00
ORD-111122,1,8,Ergonomic Chair,furniture,4,612.75,2451.00,cancelled,2026-08-20T14:16:52+00:00
ORD-111123,10,1,Mechanical Keyboard 75%,peripherals,3,129.00,387.00,cancelled,2026-08-20T23:03:32+00:00
ORD-111124,4,9,USB-C Hub 8-in-1,accessories,5,39.99,199.95,cancelled,2026-08-20T08:41:59+00:00
ORD-111125,3,5,Over-ear Headphones,audio,1,199.95,199.95,pending,2026-08-20T01:49:21+00:00
ORD-111126,2,3,27in 1440p Monitor,displays,1,319.99,319.99,refunded,2026-08-20T05:58:38+00:00
ORD-111127,8,7,Standing Desk 120cm,furniture,2,449.00,898.00,completed,2026-08-20T15:37:16+00:00
ORD-111128,4,1,Mechanical Keyboard 75%,peripherals,2,129.00,258.00,completed,2026-08-20T09:12:05+00:00
ORD-111129,6,3,27in 1440p Monitor,displays,3,319.99,959.97,refunded,2026-08-20T08:23:18+00:00
ORD-111130,5,9,USB-C Hub 8-in-1,accessories,5,39.99,199.95,cancelled,2026-08-20T23:47:07+00:00
ORD-111131,2,1,Mechanical Keyboard 75%,peripherals,5,129.00,645.00,refunded,2026-08-20T01:32:27+00:00
ORD-111132,8,10,Laptop Stand Aluminium,accessories,4,27.50,110.00,completed,2026-08-20T10:28:45+00:00
ORD-111133,2,6,Desk Speakers Pair,audio,5,89.00,445.00,pending,2026-08-20T00:54:06+00:00
ORD-111134,7,5,Over-ear Headphones,audio,5,199.95,999.75,cancelled,2026-08-20T20:16:29+00:00
ORD-111135,10,7,Standing Desk 120cm,furniture,3,449.00,1347.00,completed,2026-08-20T07:26:35+00:00
ORD-111136,2,6,Desk Speakers Pair,audio,4,89.00,356.00,completed,2026-08-20T02:20:59+00:00
ORD-111137,3,3,27in 1440p Monitor,displays,5,319.99,1599.95,completed,2026-08-20T23:02:32+00:00
ORD-111138,5,2,Wireless Mouse,peripherals,1,49.50,49.50,cancelled,2026-08-20T20:44:47+00:00
ORD-111139,10,4,34in Ultrawide Monitor,displays,4,579.00,2316.00,pending,2026-08-20T20:46:54+00:00
ORD-111140,6,3,27in 1440p Monitor,displays,5,319.99,1599.95,completed,2026-08-20T06:26:49+00:00
ORD-111141,2,5,Over-ear Headphones,audio,4,199.95,799.80,pending,2026-08-20T14:51:32+00:00
ORD-111142,7,8,Ergonomic Chair,furniture,2,612.75,1225.50,refunded,2026-08-20T00:40:59+00:00
ORD-111143,5,3,27in 1440p Monitor,displays,2,319.99,639.98,pending,2026-08-20T11:45:39+00:00
ORD-111144,5,3,27in 1440p Monitor,displays,4,319.99,1279.96,pending,2026-08-20T15:11:47+00:00
ORD-111145,6,6,Desk Speakers Pair,audio,5,89.00,445.00,pending,2026-08-20T00:00:36+00:00
ORD-111146,5,2,Wireless Mouse,peripherals,3,49.50,148.50,cancelled,2026-08-20T19:42:19+00:00
ORD-111147,5,1,Mechanical Keyboard 75%,peripherals,3,129.00,387.00,completed,2026-08-20T18:33:48+00:00
ORD-111148,2,10,Laptop Stand Aluminium,accessories,1,27.50,27.50,completed,2026-08-20T10:51:44+00:00
ORD-111149,9,6,Desk Speakers Pair,audio,5,89.00,445.00,cancelled,2026-08-20T14:16:25+00:00
ORD-111150,2,1,Mechanical Keyboard 75%,peripherals,1,129.00,129.00,refunded,2026-08-20T11:32:38+00:00
ORD-111151,7,8,Ergonomic Chair,furniture,3,612.75,1838.25,refunded,2026-08-20T01:10:06+00:00
ORD-111152,10,4,34in Ultrawide Monitor,displays,1,579.00,579.00,refunded,2026-08-20T19:50:55+00:00
ORD-111153,3,5,Over-ear Headphones,audio,2,199.95,399.90,refunded,2026-08-20T12:09:34+00:00
ORD-111154,4,10,Laptop Stand Aluminium,accessories,4,27.50,110.00,refunded,2026-08-20T08:00:23+00:00
ORD-111155,4,10,Laptop Stand Aluminium,accessories,1,27.50,27.50,completed,2026-08-20T11:55:40+00:00
ORD-111156,8,10,Laptop Stand Aluminium,accessories,5,27.50,137.50,refunded,2026-08-20T18:57:53+00:00
ORD-111157,4,2,Wireless Mouse,peripherals,4,49.50,198.00,pending,2026-08-20T11:39:33+00:00
ORD-111158,9,8,Ergonomic Chair,furniture,2,612.75,1225.50,cancelled,2026-08-20T12:50:54+00:00
ORD-111159,1,3,27in 1440p Monitor,displays,5,319.99,1599.95,completed,2026-08-20T21:56:03+00:00
ORD-111160,10,8,Ergonomic Chair,furniture,4,612.75,2451.00,refunded,2026-08-20T13:37:59+00:00
ORD-111161,4,3,27in 1440p Monitor,displays,2,319.99,639.98,completed,2026-08-20T10:35:08+00:00
ORD-111162,9,8,Ergonomic Chair,furniture,3,612.75,1838.25,refunded,2026-08-20T06:38:32+00:00
ORD-111163,1,10,Laptop Stand Aluminium,accessories,2,27.50,55.00,completed,2026-08-20T11:45:15+00:00
ORD-111164,6,7,Standing Desk 120cm,furniture,3,449.00,1347.00,refunded,2026-08-20T04:55:20+00:00
ORD-111165,7,4,34in Ultrawide Monitor,displays,3,579.00,1737.00,completed,2026-08-20T02:07:35+00:00
ORD-111166,1,3,27in 1440p Monitor,displays,1,319.99,319.99,pending,2026-08-20T21:23:17+00:00
ORD-111167,4,6,Desk Speakers Pair,audio,4,89.00,356.00,pending,2026-08-20T16:03:59+00:00
ORD-111168,9,9,USB-C Hub 8-in-1,accessories,4,39.99,159.96,completed,2026-08-20T07:37:11+00:00
ORD-111169,2,3,27in 1440p Monitor,displays,3,319.99,959.97,completed,2026-08-20T10:38:17+00:00
ORD-111170,8,8,Ergonomic Chair,furniture,3,612.75,1838.25,cancelled,2026-08-20T13:53:11+00:00
ORD-111171,9,4,34in Ultrawide Monitor,displays,1,579.00,579.00,completed,2026-08-20T04:14:55+00:00
ORD-111172,5,10,Laptop Stand Aluminium,accessories,3,27.50,-50.00,refunded,2026-08-20T19:58:05+00:00
ORD-111173,1,1,Mechanical Keyboard 75%,peripherals,5,129.00,645.00,refunded,2026-08-20T23:00:59+00:00
ORD-111174,10,8,Ergonomic Chair,furniture,1,612.75,612.75,cancelled,2026-08-20T09:03:39+00:00
ORD-111175,10,8,Ergonomic Chair,furniture,5,612.75,3063.75,cancelled,2026-08-20T10:58:54+00:00
ORD-111176,7,9,USB-C Hub 8-in-1,accessories,3,39.99,119.97,refunded,2026-08-20T22:19:34+00:00
ORD-111177,7,7,Standing Desk 120cm,furniture,5,449.00,2245.00,pending,2026-08-20T12:25:03+00:00
ORD-111178,1,1,Mechanical Keyboard 75%,peripherals,2,129.00,258.00,pending,2026-08-20T17:10:58+00:00
ORD-111179,3,5,Over-ear Headphones,audio,1,199.95,199.95,cancelled,2026-08-20T05:36:12+00:00
ORD-111180,7,6,Desk Speakers Pair,audio,3,89.00,267.00,refunded,2026-08-20T19:17:28+00:00
ORD-111181,1,8,Ergonomic Chair,furniture,1,612.75,612.75,pending,2026-08-20T05:45:56+00:00
ORD-111182,7,10,Laptop Stand Aluminium,accessories,4,27.50,110.00,cancelled,2026-08-20T11:57:47+00:00
ORD-111183,1,6,Desk Speakers Pair,audio,1,89.00,89.00,cancelled,2026-08-20T15:49:19+00:00
ORD-111184,4,8,Ergonomic Chair,furniture,1,612.75,612.75,completed,2026-08-20T05:14:42+00:00
ORD-111185,9,6,Desk Speakers Pair,audio,1,89.00,89.00,completed,2026-08-20T04:53:47+00:00
ORD-111186,4,4,34in Ultrawide Monitor,displays,3,579.00,1737.00,completed,2026-08-20T10:49:55+00:00
ORD-111187,2,8,Ergonomic Chair,furniture,4,612.75,2451.00,refunded,2026-08-20T18:10:37+00:00
ORD-111188,9,5,Over-ear Headphones,audio,5,199.95,999.75,completed,2026-08-20T09:43:01+00:00
ORD-111189,9,7,Standing Desk 120cm,furniture,3,449.00,1347.00,completed,2026-08-20T22:44:07+00:00
ORD-111190,5,3,27in 1440p Monitor,displays,4,319.99,1279.96,pending,2026-08-20T09:56:42+00:00
ORD-111191,5,8,Ergonomic Chair,furniture,2,612.75,1225.50,cancelled,2026-08-20T12:09:11+00:00
ORD-111192,2,8,Ergonomic Chair,furniture,3,612.75,1838.25,cancelled,2026-08-20T16:17:26+00:00
ORD-111193,9,3,27in 1440p Monitor,displays,3,319.99,959.97,pending,2026-08-20T21:01:09+00:00
ORD-111194,8,6,Desk Speakers Pair,audio,4,89.00,356.00,pending,2026-08-20T03:55:28+00:00
ORD-111195,1,3,27in 1440p Monitor,displays,5,319.99,1599.95,refunded,2026-08-20T17:13:08+00:00
ORD-111196,7,1,Mechanical Keyboard 75%,peripherals,5,129.00,645.00,refunded,2026-08-20T12:01:44+00:00
ORD-111197,1,7,Standing Desk 120cm,furniture,4,449.00,1796.00,pending,2026-08-20T11:05:10+00:00
ORD-111198,10,1,Mechanical Keyboard 75%,peripherals,1,129.00,129.00,refunded,2026-08-20T00:38:56+00:00
ORD-111199,8,7,Standing Desk 120cm,furniture,3,449.00,1347.00,pending,2026-08-20T08:05:45+00:00
ORD-111200,4,5,Over-ear Headphones,audio,1,199.95,199.95,pending,2026-08-20T12:59:24+00:00
ORD-111201,4,7,Standing Desk 120cm,furniture,5,449.00,2245.00,cancelled,2026-08-20T10:31:33+00:00
ORD-111202,6,10,Laptop Stand Aluminium,accessories,1,27.50,27.50,cancelled,2026-08-20T18:51:21+00:00
ORD-111203,3,7,Standing Desk 120cm,furniture,5,449.00,2245.00,pending,2026-08-20T14:42:53+00:00
ORD-111204,4,10,Laptop Stand Aluminium,accessories,2,27.50,55.00,pending,2026-08-20T06:39:28+00:00
ORD-111205,6,6,Desk Speakers Pair,audio,4,89.00,356.00,pending,2026-08-20T08:01:25+00:00
ORD-111206,3,8,Ergonomic Chair,furniture,5,612.75,3063.75,pending,2026-08-20T06:11:27+00:00
ORD-111207,7,7,Standing Desk 120cm,furniture,5,449.00,2245.00,pending,2026-08-20T00:00:45+00:00
ORD-111208,5,3,27in 1440p Monitor,displays,2,319.99,639.98,cancelled,2026-08-20T22:31:32+00:00
ORD-111209,3,6,Desk Speakers Pair,audio,4,89.00,356.00,completed,2026-08-20T14:19:06+00:00
ORD-111210,2,1,Mechanical Keyboard 75%,peripherals,3,129.00,387.00,cancelled,2026-08-20T06:08:34+00:00
ORD-111211,10,4,34in Ultrawide Monitor,displays,1,579.00,579.00,cancelled,2026-08-20T06:10:27+00:00
ORD-111212,3,8,Ergonomic Chair,furniture,2,612.75,1225.50,refunded,2026-08-20T01:08:43+00:00
ORD-111213,6,1,Mechanical Keyboard 75%,peripherals,5,129.00,645.00,pending,2026-08-20T02:21:30+00:00
ORD-111214,9,5,Over-ear Headphones,audio,1,199.95,199.95,cancelled,2026-08-20T17:09:14+00:00
ORD-111215,7,3,27in 1440p Monitor,displays,1,319.99,319.99,completed,2026-08-20T19:25:04+00:00
ORD-111216,1,4,34in Ultrawide Monitor,displays,1,579.00,579.00,completed,2026-08-20T19:29:34+00:00
ORD-111217,1,6,Desk Speakers Pair,audio,3,89.00,267.00,completed,2026-08-20T00:01:58+00:00
ORD-111218,8,7,Standing Desk 120cm,furniture,4,449.00,1796.00,completed,2026-08-20T04:42:42+00:00
ORD-111219,9,1,Mechanical Keyboard 75%,peripherals,2,129.00,258.00,cancelled,2026-08-20T01:32:38+00:00
ORD-111220,4,10,Laptop Stand Aluminium,accessories,5,27.50,137.50,pending,2026-08-20T09:45:03+00:00
ORD-111221,9,9,USB-C Hub 8-in-1,accessories,4,39.99,159.96,refunded,2026-08-20T17:12:48+00:00
ORD-111222,10,10,Laptop Stand Aluminium,accessories,3,27.50,82.50,cancelled,2026-08-20T10:24:09+00:00
ORD-111223,2,6,Desk Speakers Pair,audio,3,89.00,267.00,cancelled,2026-08-20T09:27:21+00:00
ORD-111224,5,3,27in 1440p Monitor,displays,2,319.99,639.98,completed,2026-08-20T01:22:32+00:00
ORD-111225,9,8,Ergonomic Chair,furniture,2,612.75,1225.50,pending,2026-08-20T12:52:58+00:00
ORD-111226,9,4,34in Ultrawide Monitor,displays,4,579.00,2316.00,pending,2026-08-20T12:00:26+00:00
ORD-111227,7,5,Over-ear Headphones,audio,1,199.95,199.95,completed,2026-08-20T07:56:27+00:00
ORD-111228,6,3,27in 1440p Monitor,displays,3,319.99,959.97,refunded,2026-08-20T05:05:57+00:00
ORD-111229,8,9,USB-C Hub 8-in-1,accessories,5,39.99,199.95,pending,2026-08-20T21:44:45+00:00
ORD-111230,5,6,Desk Speakers Pair,audio,4,89.00,356.00,completed,2026-08-20T13:00:38+00:00
ORD-111231,2,9,USB-C Hub 8-in-1,accessories,4,39.99,159.96,refunded,2026-08-20T04:56:34+00:00
ORD-111232,9,1,Mechanical Keyboard 75%,peripherals,2,129.00,258.00,completed,2026-08-20T03:06:50+00:00
ORD-111233,4,7,Standing Desk 120cm,furniture,3,449.00,1347.00,completed,2026-08-20T08:09:37+00:00
ORD-111234,8,5,Over-ear Headphones,audio,3,199.95,599.85,cancelled,2026-08-20T00:16:35+00:00
ORD-111235,9,6,Desk Speakers Pair,audio,5,89.00,445.00,completed,2026-08-20T02:17:00+00:00
ORD-111236,9,9,USB-C Hub 8-in-1,accessories,4,39.99,159.96,pending,2026-08-20T11:15:53+00:00
ORD-111237,9,6,Desk Speakers Pair,audio,2,89.00,178.00,cancelled,2026-08-20T00:50:58+00:00
ORD-111238,10,4,34in Ultrawide Monitor,displays,2,579.00,1158.00,completed,2026-08-20T23:38:08+00:00
ORD-111239,7,5,Over-ear Headphones,audio,2,199.95,399.90,refunded,2026-08-20T00:02:53+00:00
ORD-111240,5,10,Laptop Stand Aluminium,accessories,5,27.50,137.50,cancelled,2026-08-20T23:49:09+00:00
ORD-111241,10,3,27in 1440p Monitor,displays,2,319.99,639.98,refunded,2026-08-20T16:01:05+00:00
ORD-111242,3,9,USB-C Hub 8-in-1,accessories,2,39.99,79.98,pending,2026-08-20T19:57:06+00:00
ORD-111243,10,2,Wireless Mouse,peripherals,4,49.50,198.00,completed,2026-08-20T03:01:01+00:00
ORD-111244,1,7,Standing Desk 120cm,furniture,4,449.00,1796.00,refunded,2026-08-20T05:40:02+00:00
ORD-111245,6,1,Mechanical Keyboard 75%,peripherals,4,129.00,516.00,refunded,2026-08-20T13:10:29+00:00
ORD-111246,10,4,34in Ultrawide Monitor,displays,5,579.00,2895.00,completed,2026-08-20T01:44:26+00:00
ORD-111247,8,8,Ergonomic Chair,furniture,1,612.75,612.75,pending,2026-08-20T19:46:09+00:00
ORD-111248,1,2,Wireless Mouse,peripherals,5,49.50,247.50,completed,2026-08-20T11:40:27+00:00
ORD-111249,9,7,Standing Desk 120cm,furniture,1,449.00,449.00,completed,2026-08-20T04:00:11+00:00
ORD-111250,4,9,USB-C Hub 8-in-1,accessories,5,39.99,199.95,pending,2026-08-20T09:01:28+00:00
ORD-111251,5,9,USB-C Hub 8-in-1,accessories,4,39.99,159.96,completed,2026-08-20T02:52:36+00:00
ORD-111252,7,4,34in Ultrawide Monitor,displays,5,579.00,2895.00,pending,2026-08-20T13:04:26+00:00
ORD-111253,6,7,Standing Desk 120cm,furniture,4,449.00,1796.00,refunded,2026-08-20T11:01:32+00:00
ORD-111254,10,2,Wireless Mouse,peripherals,5,49.50,247.50,pending,2026-08-20T04:54:13+00:00
