order_id,customer_id,product_id,product_name,category,quantity,unit_price,amount,status,order_date
ORD-034157,9,5,Over-ear Headphones,audio,1,199.95,199.95,refunded,2026-07-18T11:10:14+00:00
ORD-034158,4,2,Wireless Mouse,peripherals,5,49.50,247.50,cancelled,2026-07-18T21:10:47+00:00
ORD-034159,9,10,Laptop Stand Aluminium,accessories,5,27.50,137.50,cancelled,2026-07-18T02:58:54+00:00
ORD-034160,3,6,Desk Speakers Pair,audio,2,89.00,178.00,pending,2026-07-18T13:27:30+00:00
ORD-034161,8,7,Standing Desk 120cm,furniture,1,449.00,449.00,pending,2026-07-18T12:54:58+00:00
ORD-034162,9,7,Standing Desk 120cm,furniture,1,449.00,449.00,completed,2026-07-18T02:23:10+00:00
ORD-034163,5,10,Laptop Stand Aluminium,accessories,1,27.50,27.50,refunded,2026-07-18T00:37:03+00:00
ORD-034164,9,7,Standing Desk 120cm,furniture,2,449.00,898.00,cancelled,2026-07-18T13:10:43+00:00
ORD-034165,9,3,27in 1440p Monitor,displays,4,319.99,1279.96,refunded,2026-07-18T02:58:27+00:00
ORD-034166,5,8,Ergonomic Chair,furniture,3,612.75,1838.25,refunded,2026-07-18T04:52:35+00:00
ORD-034167,8,8,Ergonomic Chair,furniture,3,612.75,1838.25,cancelled,2026-07-18T14:54:32+00:00
ORD-034168,10,1,Mechanical Keyboard 75%,peripherals,5,129.00,645.00,refunded,2026-07-18T11:18:27+00:00
ORD-034169,5,6,Desk Speakers Pair,audio,5,89.00,445.00,refunded,2026-07-18T13:49:10+00:00
ORD-034170,1,6,Desk Speakers Pair,audio,5,89.00,445.00,pending,2026-07-18T00:52:28+00:00
ORD-034171,7,7,Standing Desk 120cm,furniture,3,449.00,1347.00,cancelled,2026-07-18T21:44:36+00:00
ORD-034172,1,10,Laptop Stand Aluminium,accessories,1,27.50,27.50,completed,2026-07-18T03:04:15+00:00
ORD-034173,3,6,Desk Speakers Pair,audio,3,89.00,267.00,pending,2026-07-18T18:59:20+00:00
ORD-034174,7,9,USB-C Hub 8-in-1,accessories,3,39.99,119.97,pending,2026-07-18T03:44:51+00:00
ORD-034175,7,9,USB-C Hub 8-in-1,accessories,3,39.99,119.97,completed,2026-07-18T04:54:34+00:00
ORD-034176,1,10,Laptop Stand Aluminium,accessories,2,27.50,55.00,cancelled,2026-07-18T17:26:50+00:00
ORD-034177,10,7,Standing Desk 120cm,furniture,4,449.00,1796.00,cancelled,2026-07-18T02:45:58+00:00
ORD-034178,2,1,Mechanical Keyboard 75%,peripherals,1,129.00,129.00,completed,2026-07-18T19:04:04+00:00
ORD-034179,9,6,Desk Speakers Pair,audio,3,89.00,267.00,cancelled,2026-07-18T04:59:58+00:00
ORD-034180,7,4,34in Ultrawide Monitor,displays,5,579.00,2895.00,cancelled,2026-07-18T00:07:20+00:00
ORD-034181,1,7,Standing Desk 120cm,furniture,3,449.00,1347.00,cancelled,2026-07-18T22:15:36+00:00
ORD-034182,7,7,Standing Desk 120cm,furniture,4,449.00,1796.00,cancelled,2026-07-18T03:23:08+00:00
ORD-034183,5,1,Mechanical Keyboard 75%,peripherals,3,129.00,387.00,pending,2026-07-18T03:03:16+00:00
ORD-034184,2,9,USB-C Hub 8-in-1,accessories,4,39.99,159.96,completed,2026-07-18T14:36:08+00:00
ORD-034185,2,5,Over-ear Headphones,audio,4,199.95,799.80,refunded,2026-07-18T10:18:59+00:00
ORD-034186,6,4,34in Ultrawide Monitor,displays,5,579.00,2895.00,pending,2026-07-18T23:29:29+00:00
ORD-034187,6,10,Laptop Stand Aluminium,accessories,3,27.50,82.50,cancelled,2026-07-18T01:19:21+00:00
ORD-034188,3,5,Over-ear Headphones,audio,3,199.95,599.85,completed,2026-07-18T16:47:04+00:00
ORD-034189,1,10,Laptop Stand Aluminium,accessories,5,27.50,137.50,pending,2026-07-18T02:59:20+00:00
ORD-034190,6,4,34in Ultrawide Monitor,displays,5,579.00,2895.00,pending,2026-07-18T17:09:06+00:00
ORD-034191,4,7,Standing Desk 120cm,furniture,3,449.00,1347.00,completed,2026-07-18T05:52:23+00:00
ORD-034192,4,7,Standing Desk 120cm,furniture,3,449.00,1347.00,cancelled,2026-07-18T09:55:28+00:00
ORD-034193,2,2,Wireless Mouse,peripherals,1,49.50,49.50,refunded,2026-07-18T02:31:32+00:00
ORD-034194,8,9,USB-C Hub 8-in-1,accessories,2,39.99,79.98,refunded,2026-07-18T19:43:56+00:00
ORD-034195,4,2,Wireless Mouse,peripherals,2,49.50,99.00,refunded,2026-07-18T10:40:49+00:00
ORD-034196,7,4,34in Ultrawide Monitor,displays,5,579.00,2895.00,refunded,2026-07-18T13:55:39+00:00
ORD-034197,1,4,34in Ultrawide Monitor,displays,3,579.00,1737.00,refunded,2026-07-18T22:31:22+00:00
ORD-034198,10,7,Standing Desk 120cm,furniture,4,449.00,1796.00,pending,2026-07-18T21:28:00+00:00
ORD-034199,4,2,Wireless Mouse,peripherals,4,49.50,198.00,cancelled,2026-07-18T03:45:16+00:00
ORD-034200,9,5,Over-ear Headphones,audio,3,199.95,599.85,completed,2026-07-18T01:20:29+00:00
ORD-034201,6,10,Laptop Stand Aluminium,accessories,5,27.50,137.50,cancelled,2026-07-18T14:37:04+00:00
ORD-034202,7,6,Desk Speakers Pair,audio,2,89.00,178.00,cancelled,2026-07-18T10:38:17+00:00
ORD-034203,3,5,Over-ear Headphones,audio,4,199.95,799.80,pending,2026-07-18T07:23:53+00:00
ORD-034204,3,9,USB-C Hub 8-in-1,accessories,2,39.99,79.98,pending,2026-07-18T16:25:45+00:00
ORD-034205,9,4,34in Ultrawide Monitor,displays,5,579.00,2895.00,cancelled,2026-07-18T13:29:59+00:00
ORD-034206,3,3,27in 1440p Monitor,displays,1,319.99,319.99,refunded,2026-07-18T18:43:43+00:00
ORD-034207,6,4,34in Ultrawide Monitor,displays,4,579.00,2316.00,refunded,2026-07-18T17:07:49+00:00
ORD-034208,2,4,34in Ultrawide Monitor,displays,5,579.00,2895.00,completed,2026-07-18T20:49:52+00:00
ORD-034209,5,4,34in Ultrawide Monitor,displays,2,579.00,1158.00,pending,2026-07-18T22:14:44+00:00
ORD-034210,9,3,27in 1440p Monitor,displays,3,319.99,959.97,cancelled,2026-07-18T10:27:13+00:00
ORD-034211,3,4,34in Ultrawide Monitor,displays,1,579.00,579.00,cancelled,2026-07-18T03:52:45+00:00
ORD-034212,1,7,Standing Desk 120cm,furniture,1,449.00,449.00,completed,2026-07-18T01:28:22+00:00
ORD-034213,2,8,Ergonomic Chair,furniture,2,612.75,1225.50,refunded,2026-07-18T02:15:47+00:00
ORD-034214,10,9,USB-C Hub 8-in-1,accessories,4,39.99,159.96,refunded,2026-07-18T17:01:30+00:00
ORD-034215,7,3,27in 1440p Monitor,displays,2,319.99,639.98,cancelled,2026-07-18T17:38:58+00:00
ORD-034216,2,9,USB-C Hub 8-in-1,accessories,3,39.99,119.97,completed,2026-07-18T06:39:26+00:00
ORD-034217,5,9,USB-C Hub 8-in-1,accessories,2,39.99,79.98,refunded,2026-07-18T05:54:26+00:00
ORD-034218,4,9,USB-C Hub 8-in-1,accessories,2,39.99,79.98,cancelled,2026-07-18T14:24:35+00:00
ORD-034219,7,10,Laptop Stand Aluminium,accessories,3,27.50,82.50,refunded,2026-07-18T20:57:13+00:00
ORD-034220,10,7,Standing Desk 120cm,furniture,1,449.00,449.00,pending,2026-07-18T18:23:28+00:00
ORD-034221,4,1,Mechanical Keyboard 75%,peripherals,1,129.00,129.00,refunded,2026-07-18T14:54:36+00:00
ORD-034222,6,8,Ergonomic Chair,furniture,5,612.75,3063.75,pending,2026-07-18T14:00:33+00:00
ORD-034223,3,8,Ergonomic Chair,furniture,3,612.75,1838.25,refunded,2026-07-18T09:52:59+00:00
ORD-034224,4,9,USB-C Hub 8-in-1,accessories,1,39.99,39.99,cancelled,2026-07-18T15:12:53+00:00
ORD-034225,9,9,USB-C Hub 8-in-1,accessories,5,39.99,199.95,pending,2026-07-18T22:10:55+00:00
ORD-034226,6,7,Standing Desk 120cm,furniture,1,449.00,449.00,refunded,2026-07-18T06:38:56+00:00
ORD-034227,7,10,Laptop Stand Aluminium,accessories,4,27.50,110.00,refunded,2026-07-18T10:12:15+00:00
ORD-034228,9,3,27in 1440p Monitor,displays,5,319.99,1599.95,cancelled,2026-07-18T05:53:26+00:00
ORD-034229,5,10,Laptop Stand Aluminium,accessories,2,27.50,55.00,refunded,2026-07-18T10:25:48+00:00
ORD-034230,6,8,Ergonomic Chair,furniture,1,612.75,612.75,refunded,2026-07-18T03:42:59+00:00
ORD-034231,10,5,Over-ear Headphones,audio,1,199.95,199.95,cancelled,2026-07-18T17:20:56+00:00
ORD-034232,7,1,Mechanical Keyboard 75%,peripherals,5,129.00,645.00,completed,2026-07-18T13:43:43+00:00
ORD-034233,3,2,Wireless Mouse,peripherals,1,49.50,49.50,completed,2026-07-18T23:31:07+00:00
ORD-034234,2,9,USB-C Hub 8-in-1,accessories,2,39.99,79.98,completed,2026-07-18T01:26:51+00:00
ORD-034235,8,4,34in Ultrawide Monitor,displays,5,579.00,2895.00,pending,2026-07-18T10:18:20+00:00
ORD-034236,9,9,USB-C Hub 8-in-1,accessories,2,39.99,79.98,cancelled,2026-07-18T05:32:24+00:00
ORD-034237,4,6,Desk Speakers Pair,audio,2,89.00,178.00,refunded,2026-07-18T09:46:15+00:00
ORD-034238,7,1,Mechanical Keyboard 75%,peripherals,3,129.00,387.00,refunded,2026-07-18T14:58:14+00:00
ORD-034239,8,6,Desk Speakers Pair,audio,1,89.00,89.00,pending,2026-07-18T23:33:15+00:00
ORD-034240,6,3,27in 1440p Monitor,displays,4,319.99,1279.96,pending,2026-07-18T15:27:37+00:00
ORD-034241,9,2,Wireless Mouse,peripherals,4,49.50,198.00,completed,2026-07-18T02:27:04+00:00
ORD-034242,10,7,Standing Desk 120cm,furniture,1,449.00,449.00,cancelled,2026-07-18T12:00:02+00:00
ORD-034243,10,2,Wireless Mouse,peripherals,5,49.50,247.50,refunded,2026-07-18T12:06:54+00:00
ORD-034244,5,4,34in Ultrawide Monitor,displays,5,579.00,2895.00,cancelled,2026-07-18T20:11:01+00:00
ORD-034245,6,3,27in 1440p Monitor,displays,5,319.99,1599.95,completed,2026-07-18T13:25:37+00:00
ORD-034246,9,6,Desk Speakers Pair,audio,3,89.00,267.00,cancelled,2026-07-18T05:49:22+00:00
ORD-034247,5,10,Laptop Stand Aluminium,accessories,1,27.50,27.50,cancelled,2026-07-18T18:45:21+00:00
ORD-034248,9,5,Over-ear Headphones,audio,4,199.95,799.80,cancelled,2026-07-18T18:11:37+00:00
ORD-034249,9,9,USB-C Hub 8-in-1,accessories,1,39.99,39.99,pending,2026-07-18T02:52:34+00:00
ORD-034250,7,9,USB-C Hub 8-in-1,accessories,4,39.99,159.96,cancelled,2026-07-18T15:53:08+00:00
ORD-034251,9,6,Desk Speakers Pair,audio,5,89.00,445.00,completed,2026-07-18T23:03:27+00:00
ORD-034252,8,2,Wireless Mouse,peripherals,5,49.50,247.50,refunded,2026-07-18T15:36:40+00:00
ORD-034253,8,2,Wireless Mouse,peripherals,2,49.50,99.00,pending,2026-07-18T20:09:35+00:00
ORD-034254,2,1,Mechanical Keyboard 75%,peripherals,3,129.00,387.00,refunded,2026-07-18T15:57:13+00:00
ORD-034255,1,5,Over-ear Headphones,audio,1,199.95,199.95,completed,2026-07-18T20:08:54+00:00
ORD-034256,2,4,34in Ultrawide Monitor,displays,4,579.00,2316.00,completed,2026-07-18T01:20:35+00:00
ORD-034257,10,6,Desk Speakers Pair,audio,1,89.00,89.00,completed,2026-07-18T10:56:08+00:00
ORD-034258,3,3,27in 1440p Monitor,displays,3,319.99,959.97,cancelled,2026-07-18T10:05:05+00:00
ORD-034259,1,9,USB-C Hub 8-in-1,accessories,2,39.99,79.98,pending,2026-07-18T06:28:12+00:00
ORD-034260,2,5,Over-ear Headphones,audio,4,199.95,799.80,pending,2026-07-18T02:08:31+00:00
ORD-034261,2,8,Ergonomic Chair,furniture,1,612.75,612.75,cancelled,2026-07-18T23:39:39+00:00
ORD-034262,6,6,Desk Speakers Pair,audio,3,89.00,267.00,pending,2026-07-18T03:58:56+00:00
ORD-034263,8,8,Ergonomic Chair,furniture,4,612.75,2451.00,pending,2026-07-18T07:45:39+00:00
ORD-034264,4,7,Standing Desk 120cm,furniture,5,449.00,2245.00,completed,2026-07-18T06:21:17+00:00
ORD-034265,5,4,34in Ultrawide Monitor,displays,5,579.00,2895.00,cancelled,2026-07-18T15:14:34+00:00
ORD-034266,1,6,Desk Speakers Pair,audio,2,89.00,178.00,cancelled,2026-07-18T08:06:15+00:00
ORD-034267,2,10,Laptop Stand Aluminium,accessories,4,27.50,110.00,cancelled,2026-07-18T00:27:38+00:00
ORD-034268,4,10,Laptop Stand Aluminium,accessories,4,27.50,110.00,refunded,2026-07-18T18:00:39+00:00
ORD-034269,7,6,Desk Speakers Pair,audio,1,89.00,89.00,cancelled,2026-07-18T02:51:01+00:00
ORD-034270,1,4,34in Ultrawide Monitor,displays,4,579.00,2316.00,cancelled,2026-07-18T21:20:22+00:00
ORD-034271,8,1,Mechanical Keyboard 75%,peripherals,4,129.00,516.00,cancelled,2026-07-18T01:59:32+00:00
ORD-034272,6,10,Laptop Stand Aluminium,accessories,1,27.50,27.50,refunded,2026-07-18T15:48:19+00:00
ORD-034273,4,9,USB-C Hub 8-in-1,accessories,1,39.99,39.99,pending,2026-07-18T09:34:11+00:00
ORD-034274,1,1,Mechanical Keyboard 75%,peripherals,1,129.00,129.00,pending,2026-07-18T08:33:26+00:00
ORD-034275,6,7,Standing Desk 120cm,furniture,1,449.00,449.00,pending,2026-07-18T10:52:40+00:00
ORD-034276,3,9,USB-C Hub 8-in-1,accessories,2,39.99,79.98,pending,2026-07-18T21:48:46+00:00
ORD-034277,3,9,USB-C Hub 8-in-1,accessories,5,39.99,199.95,cancelled,2026-07-18T04:49:06+00:00
ORD-034278,2,8,Ergonomic Chair,furniture,5,612.75,3063.75,completed,2026-07-18T17:47:23+00:00
ORD-034279,10,3,27in 1440p Monitor,displays,1,319.99,319.99,completed,2026-07-18T07:36:49+00:00
ORD-034280,6,3,27in 1440p Monitor,displays,3,319.99,959.97,cancelled,2026-07-18T03:24:20+00:00
ORD-034281,2,7,Standing Desk 120cm,furniture,3,449.00,1347.00,cancelled,2026-07-18T03:54:22+00:00
ORD-034282,9,7,Standing Desk 120cm,furniture,3,449.00,1347.00,cancelled,2026-07-18T14:04:58+00:00
ORD-034283,9,8,Ergonomic Chair,furniture,3,612.75,1838.25,completed,2026-07-18T22:15:32+00:00
ORD-034284,9,5,Over-ear Headphones,audio,4,199.95,799.80,cancelled,2026-07-18T01:49:59+00:00
ORD-034285,10,10,Laptop Stand Aluminium,accessories,1,27.50,27.50,cancelled,2026-07-18T07:46:41+00:00
ORD-034286,8,1,Mechanical Keyboard 75%,peripherals,3,129.00,387.00,completed,2026-07-18T01:50:42+00:00
ORD-034287,7,2,Wireless Mouse,peripherals,1,49.50,49.50,cancelled,2026-07-18T18:30:31+00:00
ORD-034288,5,2,Wireless Mouse,peripherals,1,49.50,49.50,cancelled,2026-07-18T15:42:01+00:00
ORD-034289,10,10,Laptop Stand Aluminium,accessories,1,27.50,27.50,refunded,2026-07-18T23:00:02+00:00
ORD-034290,1,4,34in Ultrawide Monitor,displays,2,579.00,1158.00,pending,2026-07-18T11:08:37+00:00
ORD-034291,5,10,Laptop Stand Aluminium,accessories,3,27.50,82.50,pending,2026-07-18T17:20:31+00:00
ORD-034292,6,1,Mechanical Keyboard 75%,peripherals,5,129.00,645.00,refunded,2026-07-18T17:08:33+00:00
ORD-034293,1,8,Ergonomic Chair,furniture,4,612.75,2451.00,refunded,2026-07-18T12:09:03+00:00
ORD-034294,7,7,Standing Desk 120cm,furniture,4,449.00,1796.00,pending,2026-07-18T14:40:06+00:00
ORD-034295,1,7,Standing Desk 120cm,furniture,5,449.00,2245.00,pending,2026-07-18T14:07:59+00:00
ORD-034296,10,3,27in 1440p Monitor,displays,3,319.99,959.97,completed,2026-07-18T13:01:48+00:00
ORD-034297,6,2,Wireless Mouse,peripherals,1,49.50,49.50,refunded,2026-07-18T04:46:26+00:00
ORD-034298,2,2,Wireless Mouse,peripherals,3,49.50,148.50,cancelled,2026-07-18T01:03:15+00:00
ORD-034299,5,4,34in Ultrawide Monitor,displays,3,579.00,1737.00,pending,2026-07-18T08:58:35+00:00
ORD-034300,2,10,Laptop Stand Aluminium,accessories,3,27.50,82.50,refunded,2026-07-18T00:01:22+00:00
ORD-034301,7,2,Wireless Mouse,peripherals,1,49.50,49.50,completed,2026-07-18T02:38:49+00:00
ORD-034302,9,7,Standing Desk 120cm,furniture,1,449.00,449.00,completed,2026-07-18T04:15:58+00:00
ORD-034303,7,5,Over-ear Headphones,audio,4,199.95,799.80,refunded,2026-07-18T16:38:26+00:00
ORD-034304,5,2,Wireless Mouse,peripherals,3,49.50,148.50,pending,2026-07-18T20:12:02+00:00
ORD-034305,3,3,27in 1440p Monitor,displays,1,319.99,319.99,pending,2026-07-18T08:47:08+00:00
ORD-034306,1,2,Wireless Mouse,peripherals,2,49.50,99.00,completed,2026-07-18T14:38:16+00:00
ORD-034307,6,9,USB-C Hub 8-in-1,accessories,2,39.99,79.98,cancelled,2026-07-18T06:08:19+00:00
ORD-034308,4,6,Desk Speakers Pair,audio,4,89.00,356.00,cancelled,2026-07-18T18:06:51+00:00
ORD-034309,4,7,Standing Desk 120cm,furniture,4,449.00,1796.00,completed,2026-07-18T20:36:31+00:00
ORD-034310,1,4,34in Ultrawide Monitor,displays,3,579.00,1737.00,refunded,2026-07-18T13:14:25+00:00
ORD-034311,2,10,Laptop Stand Aluminium,accessories,4,27.50,110.00,pending,2026-07-18T03:55:02+00:00
ORD-034312,7,5,Over-ear Headphones,audio,1,199.95,199.95,pending,2026-07-18T03:58:46+00:00
ORD-034313,10,9,USB-C Hub 8-in-1,accessories,5,39.99,199.95,cancelled,2026-07-18T10:30:00+00:00
ORD-034314,1,8,Ergonomic Chair,furniture,4,612.75,2451.00,refunded,2026-07-18T22:17:41+00:00
ORD-034315,10,8,Ergonomic Chair,furniture,5,612.75,3063.75,pending,2026-07-18T03:38:37+00:00
ORD-034316,4,3,27in 1440p Monitor,displays,4,319.99,1279.96,refunded,2026-07-18T00:39:13+00:00
ORD-034317,3,10,Laptop Stand Aluminium,accessories,2,27.50,55.00,completed,2026-07-18T05:31:50+00:00
ORD-034318,8,9,USB-C Hub 8-in-1,accessories,2,39.99,79.98,completed,2026-07-18T00:29:42+00:00
ORD-034319,8,7,Standing Desk 120cm,furniture,5,449.00,2245.00,completed,2026-07-18T12:15:18+00:00
ORD-034320,1,1,Mechanical Keyboard 75%,peripherals,1,129.00,129.00,pending,2026-07-18T20:49:54+00:00
ORD-034321,1,6,Desk Speakers Pair,audio,5,89.00,445.00,completed,2026-07-18T05:09:20+00:00
ORD-034322,2,5,Over-ear Headphones,audio,5,199.95,999.75,refunded,2026-07-18T07:07:08+00:00
ORD-034323,1,2,Wireless Mouse,peripherals,4,49.50,198.00,pending,2026-07-18T15:09:39+00:00
ORD-034324,7,5,Over-ear Headphones,audio,5,199.95,999.75,pending,2026-07-18T16:10:10+00:00
ORD-034325,5,3,27in 1440p Monitor,displays,3,319.99,959.97,completed,2026-07-18T22:58:57+00:00
ORD-034326,1,6,Desk Speakers Pair,audio,4,89.00,356.00,pending,2026-07-18T05:29:31+00:00
ORD-034327,3,3,27in 1440p Monitor,displays,2,319.99,639.98,cancelled,2026-07-18T14:15:01+00:00
ORD-034328,8,5,Over-ear Headphones,audio,2,199.95,399.90,completed,2026-07-18T20:31:10+00:00
ORD-034329,8,9,USB-C Hub 8-in-1,accessories,4,39.99,159.96,pending,2026-07-18T09:30:43+00:00
ORD-034330,6,4,34in Ultrawide Monitor,displays,5,579.00,2895.00,completed,2026-07-18T00:11:33+00:00
ORD-034331,5,1,Mechanical Keyboard 75%,peripherals,5,129.00,645.00,pending,2026-07-18T14:39:47+00:00
ORD-034332,5,8,Ergonomic Chair,furniture,5,612.75,3063.75,refunded,2026-07-18T11:08:58+00:00
ORD-034333,10,6,Desk Speakers Pair,audio,2,89.00,178.00,completed,2026-07-18T07:29:51+00:00
ORD-034334,2,8,Ergonomic Chair,furniture,1,612.75,612.75,completed,2026-07-18T08:58:10+00:00
ORD-034335,6,2,Wireless Mouse,peripherals,5,49.50,247.50,cancelled,2026-07-18T18:11:00+00:00
ORD-034336,7,9,USB-C Hub 8-in-1,accessories,4,39.99,159.96,completed,2026-07-18T07:17:30+00:00
ORD-034337,9,6,Desk Speakers Pair,audio,3,89.00,267.00,pending,2026-07-18T13:18:18+00:00
ORD-034338,3,9,USB-C Hub 8-in-1,accessories,3,39.99,119.97,refunded,2026-07-18T09:37:52+00:00
ORD-034339,4,7,Standing Desk 120cm,furniture,2,449.00,898.00,refunded,2026-07-18T11:14:40+00:00
ORD-034340,9,10,Laptop Stand Aluminium,accessories,1,27.50,27.50,completed,2026-07-18T15:11:02+00:00
ORD-034341,6,5,Over-ear Headphones,audio,2,199.95,399.90,completed,2026-07-18T08:09:16+00:00
ORD-034342,4,7,Standing Desk 120cm,furniture,1,449.00,449.00,cancelled,2026-07-18T21:05:35+00:00
ORD-034343,10,5,Over-ear Headphones,audio,2,199.95,399.90,pending,2026-07-18T18:52:02+00:00
ORD-034344,3,1,Mechanical Keyboard 75%,peripherals,1,129.00,129.00,completed,2026-07-18T18:11:28+00:00
ORD-034345,7,8,Ergonomic Chair,furniture,5,612.75,3063.75,pending,2026-07-18T20:15:57+00:00
ORD-034346,3,8,Ergonomic Chair,furniture,4,612.75,2451.00,completed,2026-07-18T17:24:27+00:00
ORD-034347,1,9,USB-C Hub 8-in-1,accessories,2,39.99,79.98,pending,2026-07-18T23:14:37+00:00
ORD-034348,6,5,Over-ear Headphones,audio,3,199.95,599.85,completed,2026-07-18T08:52:22+00:00
ORD-034349,6,7,Standing Desk 120cm,furniture,5,449.00,2245.00,refunded,2026-07-18T17:08:25+00:00
ORD-034350,4,9,USB-C Hub 8-in-1,accessories,1,39.99,39.99,cancelled,2026-07-18T16:16:52+00:00
ORD-034351,6,9,USB-C Hub 8-in-1,accessories,1,39.99,39.99,cancelled,2026-07-18T13:13:49+00:00
ORD-034352,5,4,34in Ultrawide Monitor,displays,3,579.00,1737.00,cancelled,2026-07-18T09:13:02+00:00
ORD-034353,10,2,Wireless Mouse,peripherals,2,49.50,99.00,completed,2026-07-18T06:41:10+00:00
ORD-034354,4,7,Standing Desk 120cm,furniture,1,449.00,449.00,cancelled,2026-07-18T09:19:54+00:00
ORD-034355,9,3,27in 1440p Monitor,displays,1,319.99,319.99,completed,2026-07-18T19:56:02+00:00
ORD-034356,7,10,Laptop Stand Aluminium,accessories,2,27.50,55.00,pending,2026-07-18T11:12:19+00:00
ORD-034357,10,1,Mechanical Keyboard 75%,peripherals,4,129.00,516.00,refunded,2026-07-18T18:31:59+00:00
ORD-034358,7,2,Wireless Mouse,peripherals,4,49.50,198.00,completed,2026-07-18T01:42:03+00:00
ORD-034359,3,5,Over-ear Headphones,audio,4,199.95,799.80,cancelled,2026-07-18T11:20:09+00:00
ORD-034360,4,9,USB-C Hub 8-in-1,accessories,3,39.99,119.97,refunded,2026-07-18T03:29:49+00:00
ORD-034361,10,7,Standing Desk 120cm,furniture,4,449.00,1796.00,cancelled,2026-07-18T15:25:53+00:00
ORD-034362,1,10,Laptop Stand Aluminium,accessories,4,27.50,110.00,cancelled,2026-07-18T21:49:01+00:00
ORD-034363,7,5,Over-ear Headphones,audio,3,199.95,599.85,completed,2026-07-18T17:41:51+00:00
ORD-034364,7,2,Wireless Mouse,peripherals,4,49.50,198.00,cancelled,2026-07-18T14:14:50+00:00
ORD-034365,2,10,Laptop Stand Aluminium,accessories,5,27.50,137.50,completed,2026-07-18T10:06:09+00:00
ORD-034366,4,2,Wireless Mouse,peripherals,3,49.50,148.50,refunded,2026-07-18T19:26:43+00:00
ORD-034367,9,5,Over-ear Headphones,audio,1,199.95,199.95,cancelled,2026-07-18T15:40:43+00:00
ORD-034368,8,5,Over-ear Headphones,audio,5,199.95,999.75,completed,2026-07-18T19:12:01+00:00
ORD-034369,8,7,Standing Desk 120cm,furniture,1,449.00,449.00,completed,2026-07-18T00:01:02+00:00
ORD-034370,1,8,Ergonomic Chair,furniture,2,612.75,1225.50,completed,2026-07-18T22:50:05+00:00
ORD-034371,9,10,Laptop Stand Aluminium,accessories,2,27.50,55.00,pending,2026-07-18T08:52:32+00:00
ORD-034372,1,10,Laptop Stand Aluminium,accessories,4,27.50,110.00,refunded,2026-07-18T08:16:03+00:00
ORD-034373,5,9,USB-C Hub 8-in-1,accessories,1,39.99,39.99,completed,2026-07-18T20:30:51+00:00
ORD-034374,4,4,34in Ultrawide Monitor,displays,1,579.00,579.00,refunded,2026-07-18T23:15:55+00:00
ORD-034375,6,2,Wireless Mouse,peripherals,4,49.50,198.00,cancelled,2026-07-18T11:19:06+00:00
ORD-034376,10,2,Wireless Mouse,peripherals,2,49.50,99.00,refunded,2026-07-18T11:03:28+00:00
ORD-034377,8,4,34in Ultrawide Monitor,displays,3,579.00,1737.00,completed,2026-07-18T11:23:08+00:00
ORD-034378,10,4,34in Ultrawide Monitor,displays,5,579.00,2895.00,pending,2026-07-18T13:35:59+00:00
ORD-034379,3,2,Wireless Mouse,peripherals,1,49.50,49.50,cancelled,2026-07-18T07:05:02+00:00
ORD-034380,7,1,Mechanical Keyboard 75%,peripherals,5,129.00,645.00,completed,2026-07-18T20:55:05+00:00
ORD-034381,10,1,Mechanical Keyboard 75%,peripherals,1,129.00,129.00,cancelled,2026-07-18T20:58:59+00:00
ORD-034382,7,9,USB-C Hub 8-in-1,accessories,3,39.99,119.97,pending,2026-07-18T06:09:42+00:00
ORD-034383,8,9,USB-C Hub 8-in-1,accessories,3,39.99,119.97,completed,2026-07-18T08:25:57+00:00
ORD-034384,5,4,34in Ultrawide Monitor,displays,2,579.00,1158.00,cancelled,2026-07-18T12:57:13+00:00
ORD-034385,3,4,34in Ultrawide Monitor,displays,1,579.00,579.00,completed,2026-07-18T04:05:51+00:00
ORD-034386,4,4,34in Ultrawide Monitor,displays,2,579.00,1158.00,refunded,2026-07-18T05:30:08+00:00
ORD-034387,5,5,Over-ear Headphones,audio,1,199.95,199.95,pending,2026-07-18T22:35:07+00:00
ORD-034388,2,8,Ergonomic Chair,furniture,5,612.75,3063.75,refunded,2026-07-18T08:45:54+00:00
ORD-034389,2,10,Laptop Stand Aluminium,accessories,5,27.50,137.50,cancelled,2026-07-18T10:30:02+00:00
ORD-034390,10,9,USB-C Hub 8-in-1,accessories,5,39.99,199.95,completed,2026-07-18T08:22:51+00:00
ORD-034391,3,4,34in Ultrawide Monitor,displays,4,579.00,2316.00,cancelled,2026-07-18T14:17:55+00:00
ORD-034392,4,7,Standing Desk 120cm,furniture,2,449.00,898.00,cancelled,2026-07-18T17:07:21+00:00
ORD-034393,6,1,Mechanical Keyboard 75%,peripherals,1,129.00,129.00,cancelled,2026-07-18T06:56:16+00:00
ORD-034394,9,7,Standing Desk 120cm,furniture,2,449.00,898.00,cancelled,2026-07-18T23:24:19+00:00
ORD-034395,5,3,27in 1440p Monitor,displays,2,319.99,639.98,cancelled,2026-07-18T23:32:11+00:00
ORD-034396,4,4,34in Ultrawide Monitor,displays,2,579.00,1158.00,pending,2026-07-18T01:29:38+00:00
ORD-034397,1,8,Ergonomic Chair,furniture,3,612.75,1838.25,refunded,2026-07-18T08:16:09+00:00
ORD-034398,9,7,Standing Desk 120cm,furniture,4,449.00,1796.00,cancelled,2026-07-18T22:23:01+00:00
ORD-034399,8,1,Mechanical Keyboard 75%,peripherals,1,129.00,129.00,cancelled,2026-07-18T16:42:53+00:00
ORD-034400,2,6,Desk Speakers Pair,audio,3,89.00,267.00,completed,2026-07-18T13:33:45+00:00
ORD-034401,3,5,Over-ear Headphones,audio,1,199.95,199.95,pending,2026-07-18T10:26:15+00:00
ORD-034402,3,4,34in Ultrawide Monitor,displays,4,579.00,2316.00,completed,2026-07-18T00:49:58+00:00
ORD-034403,5,3,27in 1440p Monitor,displays,5,319.99,1599.95,pending,2026-07-18T02:24:15+00:00
ORD-034404,1,10,Laptop Stand Aluminium,accessories,2,27.50,55.00,refunded,2026-07-18T18:30:47+00:00
ORD-034405,1,4,34in Ultrawide Monitor,displays,3,579.00,1737.00,cancelled,2026-07-18T06:13:53+00:00
ORD-034406,10,1,Mechanical Keyboard 75%,peripherals,4,129.00,516.00,completed,2026-07-18T13:26:24+00:00
ORD-034407,3,7,Standing Desk 120cm,furniture,5,449.00,2245.00,completed,2026-07-18T21:30:36+00:00
ORD-034408,10,8,Ergonomic Chair,furniture,1,612.75,612.75,cancelled,2026-07-18T03:05:13+00:00
ORD-034409,9,8,Ergonomic Chair,furniture,2,612.75,1225.50,refunded,2026-07-18T03:42:49+00:00
ORD-034410,10,9,USB-C Hub 8-in-1,accessories,2,39.99,79.98,refunded,2026-07-18T01:45:23+00:00
ORD-034411,7,6,Desk Speakers Pair,audio,1,89.00,89.00,cancelled,2026-07-18T13:38:40+00:00
ORD-034412,3,6,Desk Speakers Pair,audio,3,89.00,267.00,completed,2026-07-18T22:08:54+00:00
ORD-034413,6,5,Over-ear Headphones,audio,3,199.95,599.85,pending,2026-07-18T04:19:51+00:00
ORD-034414,10,1,Mechanical Keyboard 75%,peripherals,4,129.00,516.00,cancelled,2026-07-18T04:24:00+00:00
ORD-034415,6,9,USB-C Hub 8-in-1,accessories,5,39.99,199.95,completed,2026-07-18T18:25:50+00:00
ORD-034416,5,5,Over-ear Headphones,audio,2,199.95,399.90,refunded,2026-07-18T16:53:10+00:00
ORD-034417,4,1,Mechanical Keyboard 75%,peripherals,5,129.00,645.00,pending,2026-07-18T06:11:29+00:00
ORD-034418,8,4,34in Ultrawide Monitor,displays,4,579.00,2316.00,pending,2026-07-18T06:32:09+00:00
ORD-034419,2,3,27in 1440p Monitor,displays,5,319.99,1599.95,pending,2026-07-18T20:09:54+00:00
ORD-034420,2,7,Standing Desk 120cm,furniture,1,449.00,449.00,pending,2026-07-18T12:50:36+00:00
ORD-034421,10,2,Wireless Mouse,peripherals,2,49.50,99.00,refunded,2026-07-18T07:01:56+00:00
ORD-034422,3,5,Over-ear Headphones,audio,5,199.95,999.75,completed,2026-07-18T18:26:35+00:00
ORD-034423,4,10,Laptop Stand Aluminium,accessories,5,27.50,137.50,refunded,2026-07-18T18:24:52+00:00
ORD-034424,10,8,Ergonomic Chair,furniture,3,612.75,1838.25,pending,2026-07-18T15:21:25+00:00
ORD-034425,7,6,Desk Speakers Pair,audio,1,89.00,89.00,refunded,2026-07-18T03:15:53+00:00
ORD-034426,8,8,Ergonomic Chair,furniture,1,612.75,612.75,refunded,2026-07-18T01:34:47+00:00
ORD-034427,8,9,USB-C Hub 8-in-1,accessories,1,39.99,39.99,refunded,2026-07-18T00:09:05+00:00
ORD-034428,5,5,Over-ear Headphones,audio,4,199.95,799.80,refunded,2026-07-18T17:32:04+00:00
ORD-034429,4,6,Desk Speakers Pair,audio,5,89.00,445.00,completed,2026-07-18T04:57:40+00:00
ORD-034430,1,6,Desk Speakers Pair,audio,1,89.00,89.00,cancelled,2026-07-18T13:15:31+00:00
ORD-034431,7,8,Ergonomic Chair,furniture,1,612.75,612.75,completed,2026-07-18T23:09:44+00:00
ORD-034432,6,10,Laptop Stand Aluminium,accessories,3,27.50,82.50,cancelled,2026-07-18T08:25:38+00:00
ORD-034433,4,2,Wireless Mouse,peripherals,2,49.50,99.00,completed,2026-07-18T04:17:32+00:00
ORD-034434,1,1,Mechanical Keyboard 75%,peripherals,2,129.00,258.00,cancelled,2026-07-18T04:43:46+00:00
ORD-034435,2,9,USB-C Hub 8-in-1,accessories,1,39.99,39.99,completed,2026-07-18T07:15:24+00:00
ORD-034436,1,7,Standing Desk 120cm,furniture,1,449.00,449.00,completed,2026-07-18T00:29:30+00:00
ORD-034437,5,8,Ergonomic Chair,furniture,2,612.75,1225.50,cancelled,2026-07-18T17:21:04+00:00
ORD-034438,10,9,USB-C Hub 8-in-1,accessories,1,39.99,39.99,refunded,2026-07-18T06:47:32+00:00
ORD-034439,1,2,Wireless Mouse,peripherals,1,49.50,49.50,refunded,2026-07-18T11:04:05+00:00
ORD-034440,6,2,Wireless Mouse,peripherals,1,49.50,49.50,refunded,2026-07-18T00:30:11+00:00
ORD-034441,4,8,Ergonomic Chair,furniture,4,612.75,2451.00,refunded,2026-07-18T04:27:58+00:00
ORD-034442,1,3,27in 1440p Monitor,displays,2,319.99,639.98,refunded,2026-07-18T18:08:09+00:00
ORD-034443,9,7,Standing Desk 120cm,furniture,4,449.00,1796.00,pending,2026-07-18T06:13:44+00:00
ORD-034444,1,2,Wireless Mouse,peripherals,3,49.50,148.50,completed,2026-07-18T21:59:17+00:00
ORD-034445,3,10,Laptop Stand Aluminium,accessories,1,27.50,27.50,completed,2026-07-18T02:37:00+00:00
ORD-034446,2,2,Wireless Mouse,peripherals,4,49.50,198.00,completed,2026-07-18T17:58:59+00:00
ORD-034447,10,4,34in Ultrawide Monitor,displays,3,579.00,1737.00,refunded,2026-07-18T01:05:43+00:00
ORD-034448,10,5,Over-ear Headphones,audio,2,199.95,399.90,refunded,2026-07-18T10:04:25+00:00
ORD-034449,8,7,Standing Desk 120cm,furniture,5,449.00,2245.00,pending,2026-07-18T20:48:11+00:00
ORD-034450,4,2,Wireless Mouse,peripherals,2,49.50,99.00,pending,2026-07-18T13:08:11+00:00
ORD-034451,7,2,Wireless Mouse,peripherals,3,49.50,148.50,completed,2026-07-18T04:33:37+00:00
ORD-034452,3,1,Mechanical Keyboard 75%,peripherals,5,129.00,645.00,completed,2026-07-18T06:37:18+00:00
ORD-034453,5,10,Laptop Stand Aluminium,accessories,3,27.50,82.50,completed,2026-07-18T22:44:29+00:00
ORD-034454,5,3,27in 1440p Monitor,displays,4,319.99,1279.96,cancelled,2026-07-18T11:56:37+00:00
ORD-034455,8,10,Laptop Stand Aluminium,accessories,2,27.50,55.00,refunded,2026-07-18T23:13:16+00:00
ORD-034456,5,8,Ergonomic Chair,furniture,3,612.75,1838.25,completed,2026-07-18T23:52:13+00:00
ORD-034457,8,8,Ergonomic Chair,furniture,5,612.75,3063.75,cancelled,2026-07-18T20:47:36+00:00
ORD-034458,4,2,Wireless Mouse,peripherals,1,49.50,49.50,refunded,2026-07-18T03:43:08+00:00
ORD-034459,5,8,Ergonomic Chair,furniture,4,612.75,2451.00,refunded,2026-07-18T02:50:47+00:00
ORD-034460,2,10,Laptop Stand Aluminium,accessories,1,27.50,27.50,cancelled,2026-07-18T19:36:01+00:00
ORD-034461,4,3,27in 1440p Monitor,displays,2,319.99,639.98,pending,2026-07-18T22:49:55+00:00
ORD-034462,7,9,USB-C Hub 8-in-1,accessories,5,39.99,199.95,cancelled,2026-07-18T12:24:06+00:00
ORD-034463,7,5,Over-ear Headphones,audio,3,199.95,599.85,cancelled,2026-07-18T17:06:47+00:00
ORD-034464,7,7,Standing Desk 120cm,furniture,2,449.00,898.00,cancelled,2026-07-18T04:37:29+00:00
ORD-034465,8,2,Wireless Mouse,peripherals,3,49.50,148.50,completed,2026-07-18T22:39:46+00:00
ORD-034466,4,1,Mechanical Keyboard 75%,peripherals,4,129.00,516.00,refunded,2026-07-18T22:24:20+00:00
ORD-034467,2,10,Laptop Stand Aluminium,accessories,3,27.50,82.50,pending,2026-07-18T16:11:47+00:00
ORD-034468,2,10,Laptop Stand Aluminium,accessories,1,27.50,27.50,refunded,2026-07-18T12:48:03+00:00
ORD-034469,10,4,34in Ultrawide Monitor,displays,2,579.00,1158.00,completed,2026-07-18T12:42:11+00:00
ORD-034470,7,3,27in 1440p Monitor,displays,5,319.99,1599.95,refunded,2026-07-18T06:34:39+00:00
ORD-034471,9,8,Ergonomic Chair,furniture,1,612.75,612.75,completed,2026-07-18T00:05:16+00:00
ORD-034472,3,1,Mechanical Keyboard 75%,peripherals,4,129.00,516.00,pending,2026-07-18T01:22:03+00:00
ORD-034473,9,3,27in 1440p Monitor,displays,2,319.99,639.98,pending,2026-07-18T12:31:23+00:00
ORD-034474,1,6,Desk Speakers Pair,audio,4,89.00,356.00,cancelled,2026-07-18T04:35:37+00:00
ORD-034475,4,3,27in 1440p Monitor,displays,1,319.99,319.99,completed,2026-07-18T02:06:19+00:00
ORD-034476,10,7,Standing Desk 120cm,furniture,3,449.00,1347.00,completed,2026-07-18T09:38:38+00:00
ORD-034477,7,8,Ergonomic Chair,furniture,4,612.75,2451.00,cancelled,2026-07-18T18:42:23+00:00
ORD-034478,6,4,34in Ultrawide Monitor,displays,5,579.00,2895.00,cancelled,2026-07-18T08:44:16+00:00
ORD-034479,2,3,27in 1440p Monitor,displays,2,319.99,639.98,pending,2026-07-18T10:16:39+00:00
ORD-034480,9,8,Ergonomic Chair,furniture,4,612.75,2451.00,refunded,2026-07-18T07:35:19+00:00
ORD-034481,6,10,Laptop Stand Aluminium,accessories,3,27.50,82.50,refunded,2026-07-18T05:43:00+00:00
ORD-034482,10,6,Desk Speakers Pair,audio,4,89.00,356.00,completed,2026-07-18T00:02:25+00:00
ORD-034483,4,10,Laptop Stand Aluminium,accessories,3,27.50,82.50,refunded,2026-07-18T19:29:40+00:00
ORD-034484,8,4,34in Ultrawide Monitor,displays,1,579.00,579.00,completed,2026-07-18T10:20:31+00:00
ORD-034485,3,10,Laptop Stand Aluminium,accessories,1,27.50,27.50,completed,2026-07-18T02:25:54+00:00
ORD-034486,7,8,Ergonomic Chair,furniture,4,612.75,2451.00,refunded,2026-07-18T04:58:41+00:00
ORD-034487,4,10,Laptop Stand Aluminium,accessories,4,27.50,110.00,pending,2026-07-18T05:39:23+00:00
ORD-034488,10,4,34in Ultrawide Monitor,displays,4,579.00,2316.00,pending,2026-07-18T08:03:16+00:00
ORD-034489,5,1,Mechanical Keyboard 75%,peripherals,2,129.00,258.00,refunded,2026-07-18T19:51:10+00:00
ORD-034490,8,8,Ergonomic Chair,furniture,2,612.75,1225.50,completed,2026-07-18T21:22:16+00:00
ORD-034491,5,7,Standing Desk 120cm,furniture,2,449.00,898.00,pending,2026-07-18T11:46:45+00:00
ORD-034492,1,9,USB-C Hub 8-in-1,accessories,1,39.99,39.99,refunded,2026-07-18T12:45:24+00:00
ORD-034493,8,5,Over-ear Headphones,audio,1,199.95,199.95,completed,2026-07-18T17:17:13+00:00
ORD-034494,6,1,Mechanical Keyboard 75%,peripherals,2,129.00,258.00,pending,2026-07-18T20:53:38+00:00
ORD-034495,8,3,27in 1440p Monitor,displays,3,319.99,959.97,cancelled,2026-07-18T05:09:52+00:00
ORD-034496,3,1,Mechanical Keyboard 75%,peripherals,5,129.00,645.00,refunded,2026-07-18T10:13:01+00:00
ORD-034497,7,2,Wireless Mouse,peripherals,5,49.50,247.50,pending,2026-07-18T23:54:11+00:00
ORD-034498,7,4,34in Ultrawide Monitor,displays,2,579.00,1158.00,refunded,2026-07-18T14:55:46+00:00
ORD-034499,6,9,USB-C Hub 8-in-1,accessories,3,39.99,119.97,refunded,2026-07-18T23:27:23+00:00
ORD-034500,6,2,Wireless Mouse,peripherals,1,49.50,49.50,refunded,2026-07-18T23:55:12+00:00
ORD-034501,3,8,Ergonomic Chair,furniture,5,612.75,3063.75,cancelled,2026-07-18T14:23:36+00:00
ORD-034502,7,6,Desk Speakers Pair,audio,2,89.00,178.00,refunded,2026-07-18T08:52:46+00:00
ORD-034503,9,1,Mechanical Keyboard 75%,peripherals,5,129.00,645.00,completed,2026-07-18T06:00:59+00:00
ORD-034504,7,3,27in 1440p Monitor,displays,5,319.99,1599.95,cancelled,2026-07-18T23:09:26+00:00
ORD-034505,10,8,Ergonomic Chair,furniture,3,612.75,1838.25,refunded,2026-07-18T23:23:28+00:00
ORD-034506,8,8,Ergonomic Chair,furniture,3,612.75,1838.25,completed,2026-07-18T13:35:34+00:00
ORD-034507,4,2,Wireless Mouse,peripherals,4,49.50,198.00,refunded,2026-07-18T02:04:58+00:00
ORD-034508,1,8,Ergonomic Chair,furniture,2,612.75,1225.50,completed,2026-07-18T02:46:21+00:00
ORD-034509,8,10,Laptop Stand Aluminium,accessories,5,27.50,137.50,refunded,2026-07-18T11:06:50+00:00
ORD-034510,4,4,34in Ultrawide Monitor,displays,2,579.00,1158.00,cancelled,2026-07-18T04:56:17+00:00
ORD-034511,4,5,Over-ear Headphones,audio,4,199.95,799.80,cancelled,2026-07-18T04:28:57+00:00
ORD-034512,9,3,27in 1440p Monitor,displays,1,319.99,319.99,completed,2026-07-18T06:22:41+00:00
ORD-034513,5,1,Mechanical Keyboard 75%,peripherals,3,129.00,387.00,pending,not-a-valid-date
ORD-034514,8,7,Standing Desk 120cm,furniture,5,449.00,2245.00,refunded,2026-07-18T07:37:57+00:00
ORD-034515,8,3,27in 1440p Monitor,displays,3,319.99,959.97,pending,2026-07-18T15:28:28+00:00
ORD-034516,10,5,Over-ear Headphones,audio,5,199.95,999.75,pending,2026-07-18T05:23:47+00:00
ORD-034517,6,9,USB-C Hub 8-in-1,accessories,3,39.99,119.97,completed,2026-07-18T23:30:38+00:00
ORD-034518,6,6,Desk Speakers Pair,audio,1,89.00,89.00,refunded,2026-07-18T18:00:12+00:00
ORD-034519,5,2,Wireless Mouse,peripherals,2,49.50,99.00,refunded,2026-07-18T00:30:01+00:00
ORD-034520,7,7,Standing Desk 120cm,furniture,5,449.00,2245.00,cancelled,2026-07-18T13:52:53+00:00
ORD-034521,10,10,Laptop Stand Aluminium,accessories,3,27.50,82.50,completed,2026-07-18T18:36:31+00:00
ORD-034522,8,2,Wireless Mouse,peripherals,2,49.50,99.00,refunded,2026-07-18T18:01:05+00:00
ORD-034523,1,10,Laptop Stand Aluminium,accessories,4,27.50,110.00,cancelled,2026-07-18T09:12:14+00:00
ORD-034524,3,10,Laptop Stand Aluminium,accessories,5,27.50,137.50,pending,2026-07-18T07:28:09+00:00
ORD-034525,7,7,Standing Desk 120cm,furniture,2,449.00,898.00,completed,2026-07-18T10:48:15+00:00
ORD-034526,5,2,Wireless Mouse,peripherals,2,49.50,99.00,completed,2026-07-18T07:56:18+00:00
ORD-034527,2,1,Mechanical Keyboard 75%,peripherals,5,129.00,645.00,cancelled,2026-07-18T22:06:43+00:00
ORD-034528,3,1,Mechanical Keyboard 75%,peripherals,2,129.00,258.00,refunded,2026-07-18T20:10:10+00:00
ORD-034529,9,7,Standing Desk 120cm,furniture,2,449.00,898.00,completed,2026-07-18T04:27:34+00:00
ORD-034530,5,5,Over-ear Headphones,audio,3,199.95,599.85,pending,2026-07-18T08:23:14+00:00
ORD-034531,10,6,Desk Speakers Pair,audio,4,89.00,356.00,refunded,2026-07-18T09:15:05+00:00
ORD-034532,5,2,Wireless Mouse,peripherals,1,49.50,49.50,pending,2026-07-18T07:15:04+00:00
ORD-034533,9,1,Mechanical Keyboard 75%,peripherals,4,129.00,516.00,cancelled,2026-07-18T00:09:33+00:00
ORD-034534,4,3,27in 1440p Monitor,displays,5,319.99,1599.95,cancelled,2026-07-18T05:10:59+00:00
ORD-034535,2,3,27in 1440p Monitor,displays,5,319.99,1599.95,refunded,2026-07-18T03:35:52+00:00
ORD-034536,3,7,Standing Desk 120cm,furniture,4,449.00,1796.00,refunded,2026-07-18T21:20:29+00:00
ORD-034537,10,2,Wireless Mouse,peripherals,5,49.50,247.50,completed,2026-07-18T12:46:22+00:00
ORD-034538,10,5,Over-ear Headphones,audio,1,199.95,199.95,refunded,2026-07-18T06:45:58+00:00
ORD-034539,9,9,USB-C Hub 8-in-1,accessories,1,39.99,39.99,pending,2026-07-18T22:57:01+00:00
ORD-034540,5,5,Over-ear Headphones,audio,2,199.95,399.90,completed,2026-07-18T10:00:44+00:00
ORD-034541,2,1,Mechanical Keyboard 75%,peripherals,1,129.00,129.00,cancelled,2026-07-18T22:46:55+00:00
ORD-034542,4,5,Over-ear Headphones,audio,3,199.95,599.85,pending,2026-07-18T20:15:27+00:00
ORD-034543,1,3,27in 1440p Monitor,displays,1,319.99,319.99,cancelled,2026-07-18T05:56:58+00:00
ORD-034544,8,8,Ergonomic Chair,furniture,4,612.75,2451.00,completed,2026-07-18T01:26:54+00:00
ORD-034545,10,1,Mechanical Keyboard 75%,peripherals,4,129.00,516.00,completed,2026-07-18T17:55:30+00:00
ORD-034546,6,4,34in Ultrawide Monitor,displays,5,579.00,2895.00,pending,2026-07-18T20:26:10+00:00
ORD-034547,9,8,Ergonomic Chair,furniture,4,612.75,2451.00,pending,2026-07-18T20:53:23+00:00
ORD-034548,8,3,27in 1440p Monitor,displays,1,319.99,319.99,completed,2026-07-18T06:57:52+00:00
ORD-034549,7,7,Standing Desk 120cm,furniture,1,449.00,449.00,pending,2026-07-18T08:36:00+00:00
ORD-034550,5,2,Wireless Mouse,peripherals,5,49.50,247.50,refunded,2026-07-18T18:48:08+00:00
ORD-034551,6,10,Laptop Stand Aluminium,accessories,5,27.50,137.50,pending,2026-07-18T00:47:43+00:00
ORD-034552,10,10,Laptop Stand Aluminium,accessories,2,27.50,55.00,cancelled,2026-07-18T05:35:27+00:00
ORD-034553,8,5,Over-ear Headphones,audio,5,199.95,999.75,pending,2026-07-18T13:20:24+00:00
ORD-034554,3,4,34in Ultrawide Monitor,displays,3,579.00,1737.00,pending,2026-07-18T15:07:58+00:00
ORD-034555,5,10,Laptop Stand Aluminium,accessories,2,27.50,55.00,cancelled,2026-07-18T06:02:50+00:00
ORD-034556,4,4,34in Ultrawide Monitor,displays,4,579.00,2316.00,refunded,2026-07-18T13:46:50+00:00
ORD-034557,2,3,27in 1440p Monitor,displays,2,319.99,639.98,refunded,2026-07-18T04:20:37+00:00
ORD-034558,9,5,Over-ear Headphones,audio,1,199.95,199.95,pending,2026-07-18T21:27:22+00:00
ORD-034559,9,1,Mechanical Keyboard 75%,peripherals,4,129.00,516.00,pending,2026-07-18T12:22:32+00:00
ORD-034560,5,4,34in Ultrawide Monitor,displays,1,579.00,579.00,cancelled,2026-07-18T18:15:16+00:00
ORD-034561,7,6,Desk Speakers Pair,audio,4,89.00,356.00,completed,2026-07-18T10:34:10+00:00
ORD-034562,10,6,Desk Speakers Pair,audio,5,89.00,445.00,cancelled,2026-07-18T00:40:10+00:00
ORD-034563,4,3,27in 1440p Monitor,displays,2,319.99,639.98,refunded,2026-07-18T13:03:18+00:00
ORD-034564,1,1,Mechanical Keyboard 75%,peripherals,4,129.00,516.00,pending,2026-07-18T08:42:09+00:00
ORD-034565,10,9,USB-C Hub 8-in-1,accessories,1,39.99,39.99,cancelled,2026-07-18T18:35:23+00:00
ORD-034566,8,8,Ergonomic Chair,furniture,3,612.75,1838.25,completed,2026-07-18T14:10:31+00:00
ORD-034567,1,3,27in 1440p Monitor,displays,2,319.99,639.98,pending,2026-07-18T17:29:45+00:00
ORD-034568,10,10,Laptop Stand Aluminium,accessories,3,27.50,82.50,refunded,2026-07-18T13:01:19+00:00
ORD-034569,5,5,Over-ear Headphones,audio,2,199.95,399.90,refunded,2026-07-18T14:42:58+00:00
ORD-034570,10,1,Mechanical Keyboard 75%,peripherals,4,129.00,516.00,pending,2026-07-18T20:05:17+00:00
ORD-034571,6,6,Desk Speakers Pair,audio,3,89.00,267.00,completed,2026-07-18T06:34:17+00:00
ORD-034572,3,3,27in 1440p Monitor,displays,1,319.99,319.99,completed,2026-07-18T18:59:02+00:00
ORD-034573,2,4,34in Ultrawide Monitor,displays,2,579.00,1158.00,pending,2026-07-18T21:51:43+00:00
ORD-034574,9,8,Ergonomic Chair,furniture,4,612.75,2451.00,refunded,2026-07-18T00:04:13+00:00
ORD-034575,6,1,Mechanical Keyboard 75%,peripherals,5,129.00,645.00,completed,2026-07-18T18:40:30+00:00
ORD-034576,9,2,Wireless Mouse,peripherals,5,49.50,247.50,refunded,2026-07-18T15:48:29+00:00
ORD-034577,9,5,Over-ear Headphones,audio,2,199.95,399.90,completed,2026-07-18T10:39:08+00:00
ORD-034578,9,9,USB-C Hub 8-in-1,accessories,5,39.99,199.95,pending,2026-07-18T00:43:38+00:00
ORD-034579,2,2,Wireless Mouse,peripherals,1,49.50,49.50,completed,2026-07-18T13:16:59+00:00
ORD-034580,2,2,Wireless Mouse,peripherals,3,49.50,148.50,completed,2026-07-18T03:11:58+00:00
ORD-034581,1,7,Standing Desk 120cm,furniture,1,449.00,449.00,completed,2026-07-18T00:26:41+00:00
ORD-034582,7,10,Laptop Stand Aluminium,accessories,4,27.50,110.00,completed,2026-07-18T14:51:56+00:00
ORD-034583,10,5,Over-ear Headphones,audio,5,199.95,999.75,completed,2026-07-18T04:06:29+00:00
ORD-034584,6,4,34in Ultrawide Monitor,displays,2,579.00,1158.00,cancelled,2026-07-18T02:45:50+00:00
ORD-034585,4,6,Desk Speakers Pair,audio,3,89.00,267.00,cancelled,2026-07-18T08:39:42+00:00
ORD-034586,2,6,Desk Speakers Pair,audio,4,89.00,356.00,pending,2026-07-18T07:00:09+00:00
ORD-034587,3,3,27in 1440p Monitor,displays,1,319.99,319.99,pending,2026-07-18T09:55:32+00:00
ORD-034588,5,3,27in 1440p Monitor,displays,3,319.99,959.97,completed,2026-07-18T03:03:17+00:00
ORD-034589,9,9,USB-C Hub 8-in-1,accessories,5,39.99,199.95,completed,2026-07-18T04:20:11+00:00
ORD-034590,9,3,27in 1440p Monitor,displays,5,319.99,1599.95,cancelled,2026-07-18T18:08:20+00:00
ORD-034591,3,8,Ergonomic Chair,furniture,3,612.75,1838.25,completed,2026-07-18T23:22:50+00:00
ORD-034592,1,6,Desk Speakers Pair,audio,5,89.00,445.00,completed,2026-07-18T04:52:06+00:00
ORD-034593,5,8,Ergonomic Chair,furniture,3,612.75,1838.25,refunded,2026-07-18T15:37:32+00:00
ORD-034594,6,7,Standing Desk 120cm,furniture,3,449.00,1347.00,cancelled,2026-07-18T05:23:27+00:00
ORD-034595,7,1,Mechanical Keyboard 75%,peripherals,4,129.00,516.00,cancelled,2026-07-18T03:19:10+00:00
ORD-034596,6,1,Mechanical Keyboard 75%,peripherals,1,129.00,129.00,refunded,2026-07-18T00:32:07+00:00
ORD-034597,9,8,Ergonomic Chair,furniture,1,612.75,612.75,completed,2026-07-18T13:07:58+00:00
ORD-034598,9,10,Laptop Stand Aluminium,accessories,3,27.50,82.50,cancelled,2026-07-18T04:08:01+00:00
ORD-034599,1,7,Standing Desk 120cm,furniture,1,449.00,449.00,completed,2026-07-18T18:08:04+00:00
ORD-034600,6,9,USB-C Hub 8-in-1,accessories,4,39.99,159.96,completed,2026-07-18T13:46:11+00:00
ORD-034601,4,7,Standing Desk 120cm,furniture,4,449.00,1796.00,refunded,2026-07-18T23:15:03+00:00
ORD-034602,5,10,Laptop Stand Aluminium,accessories,1,27.50,27.50,cancelled,2026-07-18T03:52:42+00:00
ORD-034603,2,4,34in Ultrawide Monitor,displays,3,579.00,1737.00,refunded,2026-07-18T21:36:47+00:00
ORD-034604,2,5,Over-ear Headphones,audio,2,199.95,399.90,completed,2026-07-18T06:05:48+00:00
ORD-034605,7,10,Laptop Stand Aluminium,accessories,5,27.50,137.50,pending,2026-07-18T22:58:28+00:00
ORD-034606,7,1,Mechanical Keyboard 75%,peripherals,5,129.00,645.00,pending,2026-07-18T12:01:49+00:00
ORD-034607,3,10,Laptop Stand Aluminium,accessories,2,27.50,55.00,pending,2026-07-18T10:56:21+00:00
ORD-034608,3,7,Standing Desk 120cm,furniture,5,449.00,2245.00,refunded,2026-07-18T19:36:16+00:00
ORD-034609,4,2,Wireless Mouse,peripherals,3,49.50,148.50,pending,2026-07-18T05:38:57+00:00
ORD-034610,2,5,Over-ear Headphones,audio,2,199.95,399.90,pending,2026-07-18T02:14:19+00:00
ORD-034611,9,1,Mechanical Keyboard 75%,peripherals,1,129.00,129.00,cancelled,2026-07-18T05:09:07+00:00
ORD-034612,2,6,Desk Speakers Pair,audio,1,89.00,89.00,refunded,2026-07-18T18:14:20+00:00
ORD-034613,6,8,Ergonomic Chair,furniture,2,612.75,1225.50,pending,2026-07-18T19:56:35+00:00
ORD-034614,6,1,Mechanical Keyboard 75%,peripherals,5,129.00,645.00,pending,2026-07-18T05:17:51+00:00
ORD-034615,5,8,Ergonomic Chair,furniture,3,612.75,1838.25,cancelled,2026-07-18T05:29:05+00:00
ORD-034616,3,4,34in Ultrawide Monitor,displays,2,579.00,1158.00,completed,2026-07-18T15:35:42+00:00
ORD-034617,5,2,Wireless Mouse,peripherals,1,49.50,49.50,refunded,2026-07-18T12:33:13+00:00
ORD-034618,4,8,Ergonomic Chair,furniture,4,612.75,2451.00,pending,2026-07-18T11:12:26+00:00
ORD-034619,7,8,Ergonomic Chair,furniture,4,612.75,2451.00,completed,2026-07-18T13:27:42+00:00
ORD-034620,3,5,Over-ear Headphones,audio,5,199.95,999.75,completed,2026-07-18T06:08:53+00:00
ORD-034621,10,2,Wireless Mouse,peripherals,5,49.50,247.50,completed,2026-07-18T05:17:20+00:00
ORD-034622,9,1,Mechanical Keyboard 75%,peripherals,3,129.00,387.00,pending,2026-07-18T15:43:56+00:00
ORD-034623,2,10,Laptop Stand Aluminium,accessories,1,27.50,27.50,refunded,2026-07-18T20:42:36+00:00
ORD-034624,10,1,Mechanical Keyboard 75%,peripherals,4,129.00,516.00,refunded,2026-07-18T07:13:53+00:00
ORD-034625,8,5,Over-ear Headphones,audio,5,199.95,999.75,refunded,2026-07-18T01:14:40+00:00
ORD-034626,3,3,27in 1440p Monitor,displays,1,319.99,319.99,pending,2026-07-18T21:24:34+00:00
ORD-034627,1,5,Over-ear Headphones,audio,1,199.95,199.95,refunded,2026-07-18T07:52:23+00:00
ORD-034628,9,4,34in Ultrawide Monitor,displays,2,579.00,1158.00,refunded,2026-07-18T18:13:28+00:00
ORD-034629,8,4,34in Ultrawide Monitor,displays,1,579.00,579.00,refunded,2026-07-18T14:52:55+00:00
ORD-034630,1,7,Standing Desk 120cm,furniture,2,449.00,898.00,cancelled,2026-07-18T04:06:14+00:00
ORD-034631,9,9,USB-C Hub 8-in-1,accessories,1,39.99,39.99,refunded,2026-07-18T14:42:53+00:00
ORD-034632,8,1,Mechanical Keyboard 75%,peripherals,4,129.00,516.00,pending,2026-07-18T01:15:01+00:00
ORD-034633,6,2,Wireless Mouse,peripherals,4,49.50,198.00,pending,2026-07-18T08:53:28+00:00
ORD-034634,5,1,Mechanical Keyboard 75%,peripherals,4,129.00,516.00,refunded,2026-07-18T18:18:31+00:00
ORD-034635,4,8,Ergonomic Chair,furniture,5,612.75,3063.75,cancelled,2026-07-18T15:51:15+00:00
ORD-034636,9,1,Mechanical Keyboard 75%,peripherals,1,129.00,129.00,cancelled,2026-07-18T19:11:26+00:00
ORD-034637,3,10,Laptop Stand Aluminium,accessories,2,27.50,55.00,refunded,2026-07-18T02:23:59+00:00
ORD-034638,4,6,Desk Speakers Pair,audio,2,89.00,178.00,pending,2026-07-18T05:44:29+00:00
ORD-034639,5,10,Laptop Stand Aluminium,accessories,5,27.50,137.50,pending,2026-07-18T11:25:39+00:00
ORD-034640,2,8,Ergonomic Chair,furniture,4,612.75,2451.00,completed,2026-07-18T00:51:21+00:00
ORD-034641,8,5,Over-ear Headphones,audio,1,199.95,-50.00,completed,2026-07-18T21:53:04+00:00
ORD-034642,9,8,Ergonomic Chair,furniture,1,612.75,612.75,pending,2026-07-18T01:32:33+00:00
ORD-034643,6,1,Mechanical Keyboard 75%,peripherals,2,129.00,258.00,cancelled,2026-07-18T13:57:36+00:00
ORD-034644,2,9,USB-C Hub 8-in-1,accessories,2,39.99,79.98,cancelled,2026-07-18T10:17:34+00:00
ORD-034645,1,1,Mechanical Keyboard 75%,peripherals,5,129.00,645.00,refunded,2026-07-18T19:07:16+00:00
ORD-034646,1,3,27in 1440p Monitor,displays,4,319.99,1279.96,cancelled,2026-07-18T17:59:44+00:00
ORD-034647,1,10,Laptop Stand Aluminium,accessories,2,27.50,55.00,refunded,2026-07-18T08:01:37+00:00
ORD-034648,2,2,Wireless Mouse,peripherals,3,49.50,148.50,completed,2026-07-18T07:43:54+00:00
ORD-034649,5,3,27in 1440p Monitor,displays,3,319.99,959.97,cancelled,2026-07-18T16:34:03+00:00
ORD-034650,1,4,34in Ultrawide Monitor,displays,3,579.00,1737.00,pending,2026-07-18T08:38:37+00:00
ORD-034651,3,7,Standing Desk 120cm,furniture,1,449.00,449.00,completed,2026-07-18T10:09:50+00:00
ORD-034652,2,9,USB-C Hub 8-in-1,accessories,3,39.99,119.97,unknown_status,2026-07-18T22:56:19+00:00
ORD-034653,2,5,Over-ear Headphones,audio,1,199.95,199.95,cancelled,2026-07-18T20:29:22+00:00
ORD-034654,4,8,Ergonomic Chair,furniture,5,612.75,3063.75,cancelled,2026-07-18T16:30:07+00:00
ORD-034655,3,4,34in Ultrawide Monitor,displays,1,579.00,579.00,pending,2026-07-18T09:26:04+00:00
ORD-034656,5,9,USB-C Hub 8-in-1,accessories,2,39.99,79.98,cancelled,2026-07-18T23:46:38+00:00
ORD-034657,6,9,USB-C Hub 8-in-1,accessories,4,39.99,159.96,completed,2026-07-18T06:40:30+00:00
ORD-034658,7,3,27in 1440p Monitor,displays,5,319.99,1599.95,pending,2026-07-18T09:15:19+00:00
ORD-034659,2,5,Over-ear Headphones,audio,4,199.95,799.80,completed,2026-07-18T14:27:03+00:00
ORD-034660,7,9,USB-C Hub 8-in-1,accessories,1,39.99,39.99,completed,2026-07-18T16:18:48+00:00
ORD-034661,4,6,Desk Speakers Pair,audio,4,89.00,356.00,pending,2026-07-18T01:15:55+00:00
ORD-034662,6,5,Over-ear Headphones,audio,1,199.95,199.95,completed,2026-07-18T10:07:19+00:00
ORD-034663,1,5,Over-ear Headphones,audio,2,199.95,399.90,pending,2026-07-18T15:55:11+00:00
ORD-034664,8,1,Mechanical Keyboard 75%,peripherals,2,129.00,258.00,cancelled,2026-07-18T01:03:48+00:00
ORD-034665,9,6,Desk Speakers Pair,audio,5,89.00,445.00,completed,2026-07-18T16:16:10+00:00
ORD-034666,8,1,Mechanical Keyboard 75%,peripherals,2,129.00,258.00,refunded,2026-07-18T15:59:05+00:00
ORD-034667,8,5,Over-ear Headphones,audio,2,199.95,399.90,completed,2026-07-18T03:12:27+00:00
ORD-034668,3,6,Desk Speakers Pair,audio,1,89.00,89.00,pending,2026-07-18T12:40:01+00:00
ORD-034669,6,9,USB-C Hub 8-in-1,accessories,3,39.99,119.97,cancelled,2026-07-18T01:13:22+00:00
ORD-034670,1,8,Ergonomic Chair,furniture,2,612.75,1225.50,refunded,2026-07-18T13:42:53+00:00
ORD-034671,8,2,Wireless Mouse,peripherals,1,49.50,49.50,cancelled,2026-07-18T19:28:59+00:00
ORD-034672,8,2,Wireless Mouse,peripherals,3,49.50,148.50,completed,2026-07-18T18:10:42+00:00
ORD-034673,2,7,Standing Desk 120cm,furniture,2,449.00,898.00,cancelled,2026-07-18T15:14:35+00:00
ORD-034674,3,9,USB-C Hub 8-in-1,accessories,1,39.99,39.99,pending,2026-07-18T04:10:03+00:00
ORD-034675,7,3,27in 1440p Monitor,displays,2,319.99,639.98,cancelled,2026-07-18T08:21:25+00:00
ORD-034676,10,5,Over-ear Headphones,audio,3,199.95,599.85,refunded,2026-07-18T09:42:43+00:00
ORD-034677,4,8,Ergonomic Chair,furniture,5,612.75,3063.75,completed,2026-07-18T06:40:13+00:00
ORD-034678,6,2,Wireless Mouse,peripherals,2,49.50,99.00,pending,2026-07-18T08:38:53+00:00
ORD-034679,5,10,Laptop Stand Aluminium,accessories,3,27.50,82.50,pending,2026-07-18T06:03:28+00:00
ORD-034680,6,2,Wireless Mouse,peripherals,3,49.50,148.50,completed,2026-07-18T21:23:36+00:00
ORD-034681,3,5,Over-ear Headphones,audio,5,199.95,999.75,refunded,2026-07-18T23:19:27+00:00
ORD-034682,5,6,Desk Speakers Pair,audio,1,89.00,89.00,completed,2026-07-18T14:59:59+00:00
ORD-034683,7,1,Mechanical Keyboard 75%,peripherals,5,129.00,645.00,cancelled,2026-07-18T19:50:27+00:00
ORD-034684,10,4,34in Ultrawide Monitor,displays,1,579.00,579.00,refunded,2026-07-18T10:07:41+00:00
ORD-034685,9,8,Ergonomic Chair,furniture,2,612.75,1225.50,cancelled,2026-07-18T21:21:36+00:00
ORD-034686,1,3,27in 1440p Monitor,displays,2,319.99,639.98,pending,2026-07-18T00:02:39+00:00
ORD-034687,10,3,27in 1440p Monitor,displays,3,319.99,959.97,completed,2026-07-18T13:16:04+00:00
ORD-034688,3,10,Laptop Stand Aluminium,accessories,3,27.50,82.50,refunded,2026-07-18T15:20:09+00:00
ORD-034689,5,10,Laptop Stand Aluminium,accessories,3,27.50,82.50,cancelled,2026-07-18T10:55:45+00:00
ORD-034690,2,7,Standing Desk 120cm,furniture,5,449.00,2245.00,refunded,2026-07-18T13:09:38+00:00
ORD-034691,6,6,Desk Speakers Pair,audio,3,89.00,267.00,refunded,2026-07-18T20:52:11+00:00
ORD-034692,5,7,Standing Desk 120cm,furniture,4,449.00,1796.00,pending,2026-07-18T17:10:00+00:00
ORD-034693,4,4,34in Ultrawide Monitor,displays,3,579.00,1737.00,refunded,2026-07-18T08:23:21+00:00
ORD-034694,9,7,Standing Desk 120cm,furniture,1,449.00,449.00,completed,2026-07-18T21:42:09+00:00
ORD-034695,8,3,27in 1440p Monitor,displays,5,319.99,1599.95,cancelled,2026-07-18T16:50:26+00:00
ORD-034696,6,3,27in 1440p Monitor,displays,1,319.99,319.99,pending,2026-07-18T16:39:12+00:00
ORD-034697,7,7,Standing Desk 120cm,furniture,4,449.00,1796.00,cancelled,2026-07-18T23:41:50+00:00
ORD-034698,3,9,USB-C Hub 8-in-1,accessories,3,39.99,119.97,refunded,2026-07-18T20:50:28+00:00
ORD-034699,3,6,Desk Speakers Pair,audio,5,89.00,445.00,completed,2026-07-18T16:11:46+00:00
ORD-034700,3,9,USB-C Hub 8-in-1,accessories,1,39.99,39.99,completed,2026-07-18T16:42:16+00:00
ORD-034701,8,7,Standing Desk 120cm,furniture,1,449.00,449.00,refunded,2026-07-18T05:26:03+00:00
ORD-034702,1,7,Standing Desk 120cm,furniture,3,449.00,1347.00,completed,2026-07-18T03:12:21+00:00
ORD-034703,3,6,Desk Speakers Pair,audio,5,89.00,445.00,refunded,2026-07-18T13:15:20+00:00
ORD-034704,10,9,USB-C Hub 8-in-1,accessories,2,39.99,79.98,cancelled,2026-07-18T19:48:53+00:00
ORD-034705,2,1,Mechanical Keyboard 75%,peripherals,4,129.00,516.00,completed,2026-07-18T03:53:19+00:00
ORD-034706,4,10,Laptop Stand Aluminium,accessories,5,27.50,137.50,refunded,2026-07-18T19:04:49+00:00
ORD-034707,4,10,Laptop Stand Aluminium,accessories,3,27.50,82.50,refunded,2026-07-18T07:52:44+00:00
ORD-034708,7,9,USB-C Hub 8-in-1,accessories,4,39.99,159.96,pending,2026-07-18T12:29:43+00:00
ORD-034709,5,5,Over-ear Headphones,audio,4,199.95,799.80,cancelled,2026-07-18T21:22:11+00:00
ORD-034710,1,9,USB-C Hub 8-in-1,accessories,5,39.99,199.95,cancelled,2026-07-18T07:33:13+00:00
ORD-034711,8,3,27in 1440p Monitor,displays,3,319.99,959.97,cancelled,2026-07-18T02:19:56+00:00
ORD-034712,1,2,Wireless Mouse,peripherals,5,49.50,247.50,pending,2026-07-18T23:21:07+00:00
ORD-034713,7,7,Standing Desk 120cm,furniture,2,449.00,898.00,completed,2026-07-18T18:03:19+00:00
ORD-034714,9,4,34in Ultrawide Monitor,displays,2,579.00,1158.00,completed,2026-07-18T09:01:11+00:00
ORD-034715,1,10,Laptop Stand Aluminium,accessories,5,27.50,137.50,refunded,2026-07-18T00:07:20+00:00
ORD-034716,2,8,Ergonomic Chair,furniture,5,612.75,3063.75,cancelled,2026-07-18T12:38:05+00:00
ORD-034717,9,7,Standing Desk 120cm,furniture,1,449.00,449.00,refunded,2026-07-18T00:13:37+00:00
ORD-034718,10,8,Ergonomic Chair,furniture,4,612.75,2451.00,pending,2026-07-18T01:12:23+00:00
ORD-034719,7,1,Mechanical Keyboard 75%,peripherals,3,129.00,387.00,completed,2026-07-18T20:32:46+00:00
ORD-034720,5,10,Laptop Stand Aluminium,accessories,2,27.50,55.00,completed,2026-07-18T10:39:36+00:00
ORD-034721,9,2,Wireless Mouse,peripherals,1,49.50,49.50,pending,2026-07-18T04:49:18+00:00
ORD-034722,6,9,USB-C Hub 8-in-1,accessories,2,39.99,79.98,cancelled,2026-07-18T18:18:52+00:00
ORD-034723,3,3,27in 1440p Monitor,displays,3,319.99,959.97,pending,2026-07-18T07:45:43+00:00
ORD-034724,6,6,Desk Speakers Pair,audio,4,89.00,356.00,refunded,2026-07-18T16:47:53+00:00
ORD-034725,3,10,Laptop Stand Aluminium,accessories,3,27.50,82.50,completed,2026-07-18T13:04:42+00:00
ORD-034726,6,1,Mechanical Keyboard 75%,peripherals,5,129.00,645.00,cancelled,2026-07-18T01:42:16+00:00
ORD-034727,1,3,27in 1440p Monitor,displays,4,319.99,1279.96,cancelled,2026-07-18T16:57:55+00:00
ORD-034728,8,6,Desk Speakers Pair,audio,5,89.00,445.00,cancelled,2026-07-18T15:47:27+00:00
ORD-034729,1,2,Wireless Mouse,peripherals,4,49.50,198.00,cancelled,2026-07-18T01:20:45+00:00
ORD-034730,3,6,Desk Speakers Pair,audio,5,89.00,445.00,refunded,2026-07-18T11:54:18+00:00
ORD-034731,1,2,Wireless Mouse,peripherals,1,49.50,49.50,completed,2026-07-18T12:37:02+00:00
ORD-034732,10,3,27in 1440p Monitor,displays,4,319.99,1279.96,cancelled,2026-07-18T12:07:03+00:00
ORD-034733,8,10,Laptop Stand Aluminium,accessories,2,27.50,55.00,refunded,2026-07-18T14:04:29+00:00
ORD-034734,7,7,Standing Desk 120cm,furniture,2,449.00,898.00,refunded,2026-07-18T23:01:37+00:00
ORD-034735,10,9,USB-C Hub 8-in-1,accessories,2,39.99,79.98,refunded,2026-07-18T15:23:11+00:00
ORD-034736,4,7,Standing Desk 120cm,furniture,4,449.00,1796.00,cancelled,2026-07-18T19:01:53+00:00
ORD-034737,6,6,Desk Speakers Pair,audio,3,89.00,267.00,refunded,2026-07-18T23:06:14+00:00
ORD-034738,9,10,Laptop Stand Aluminium,accessories,2,27.50,55.00,cancelled,2026-07-18T12:21:00+00:00
ORD-034739,6,3,27in 1440p Monitor,displays,1,319.99,319.99,cancelled,2026-07-18T08:20:01+00:00
ORD-034740,9,10,Laptop Stand Aluminium,accessories,2,27.50,55.00,completed,2026-07-18T11:19:46+00:00
ORD-034741,1,4,34in Ultrawide Monitor,displays,3,579.00,1737.00,refunded,2026-07-18T01:03:59+00:00
ORD-034742,1,5,Over-ear Headphones,audio,3,199.95,599.85,completed,2026-07-18T01:29:30+00:00
ORD-034743,9,7,Standing Desk 120cm,furniture,4,449.00,1796.00,refunded,2026-07-18T06:34:41+00:00
ORD-034744,10,6,Desk Speakers Pair,audio,3,89.00,267.00,completed,2026-07-18T17:52:42+00:00
ORD-034745,5,10,Laptop Stand Aluminium,accessories,3,27.50,82.50,pending,2026-07-18T14:29:00+00:00
ORD-034746,5,2,Wireless Mouse,peripherals,5,49.50,247.50,cancelled,2026-07-18T00:37:18+00:00
ORD-034747,1,10,Laptop Stand Aluminium,accessories,3,27.50,82.50,cancelled,2026-07-18T22:45:50+00:00
ORD-034748,2,6,Desk Speakers Pair,audio,1,89.00,89.00,completed,2026-07-18T01:16:04+00:00
ORD-034749,10,4,34in Ultrawide Monitor,displays,3,579.00,1737.00,pending,2026-07-18T08:05:40+00:00
ORD-034750,6,2,Wireless Mouse,peripherals,3,49.50,148.50,completed,2026-07-18T04:08:04+00:00
ORD-034751,4,1,Mechanical Keyboard 75%,peripherals,3,129.00,387.00,cancelled,2026-07-18T04:30:50+00:00
ORD-034752,7,5,Over-ear Headphones,audio,4,199.95,799.80,pending,2026-07-18T09:24:37+00:00
ORD-034753,9,4,34in Ultrawide Monitor,displays,2,579.00,1158.00,refunded,2026-07-18T22:33:33+00:00
ORD-034754,5,8,Ergonomic Chair,furniture,4,612.75,2451.00,pending,2026-07-18T11:58:13+00:00
ORD-034755,6,8,Ergonomic Chair,furniture,5,612.75,3063.75,completed,2026-07-18T13:34:03+00:00
ORD-034756,3,4,34in Ultrawide Monitor,displays,2,579.00,1158.00,pending,2026-07-18T11:10:30+00:00
ORD-034757,4,9,USB-C Hub 8-in-1,accessories,3,39.99,119.97,completed,2026-07-18T22:48:45+00:00
ORD-034758,2,2,Wireless Mouse,peripherals,3,49.50,148.50,completed,2026-07-18T23:16:12+00:00
ORD-034759,9,1,Mechanical Keyboard 75%,peripherals,4,129.00,516.00,pending,2026-07-18T07:46:14+00:00
ORD-034760,2,9,USB-C Hub 8-in-1,accessories,1,39.99,39.99,pending,2026-07-18T19:32:35+00:00
ORD-034761,9,7,Standing Desk 120cm,furniture,2,449.00,898.00,refunded,2026-07-18T12:36:55+00:00
ORD-034762,7,2,Wireless Mouse,peripherals,2,49.50,99.00,refunded,2026-07-18T23:32:53+00:00
ORD-034763,8,9,USB-C Hub 8-in-1,accessories,1,39.99,39.99,completed,2026-07-18T14:22:08+00:00
ORD-034764,4,5,Over-ear Headphones,audio,3,199.95,599.85,cancelled,2026-07-18T15:10:38+00:00
ORD-034765,5,1,Mechanical Keyboard 75%,peripherals,4,129.00,516.00,completed,2026-07-18T03:06:07+00:00
ORD-034766,10,1,Mechanical Keyboard 75%,peripherals,1,129.00,129.00,refunded,2026-07-18T10:15:06+00:00
ORD-034767,2,5,Over-ear Headphones,audio,5,199.95,999.75,refunded,2026-07-18T20:53:24+00:00
ORD-034768,1,10,Laptop Stand Aluminium,accessories,4,27.50,110.00,cancelled,2026-07-18T14:28:03+00:00
ORD-034769,10,4,34in Ultrawide Monitor,displays,3,579.00,1737.00,completed,2026-07-18T08:30:15+00:00
ORD-034770,9,10,Laptop Stand Aluminium,accessories,1,27.50,27.50,refunded,2026-07-18T23:47:08+00:00
ORD-034771,10,2,Wireless Mouse,peripherals,4,49.50,198.00,pending,2026-07-18T15:35:02+00:00
ORD-034772,9,4,34in Ultrawide Monitor,displays,3,579.00,1737.00,cancelled,2026-07-18T21:26:10+00:00
ORD-034773,9,4,34in Ultrawide Monitor,displays,4,579.00,2316.00,refunded,2026-07-18T19:10:34+00:00
ORD-034774,4,6,Desk Speakers Pair,audio,4,89.00,356.00,refunded,2026-07-18T23:21:33+00:00
ORD-034775,5,10,Laptop Stand Aluminium,accessories,4,27.50,110.00,pending,2026-07-18T15:06:31+00:00
ORD-034776,7,10,Laptop Stand Aluminium,accessories,5,27.50,137.50,refunded,2026-07-18T20:57:51+00:00
ORD-034777,2,9,USB-C Hub 8-in-1,accessories,5,39.99,199.95,cancelled,2026-07-18T05:33:38+00:00
ORD-034778,1,4,34in Ultrawide Monitor,displays,5,579.00,2895.00,pending,2026-07-18T04:21:47+00:00
ORD-034779,1,9,USB-C Hub 8-in-1,accessories,5,39.99,199.95,cancelled,2026-07-18T01:24:16+00:00
ORD-034780,3,5,Over-ear Headphones,audio,3,199.95,599.85,completed,2026-07-18T17:33:46+00:00
ORD-034781,10,4,34in Ultrawide Monitor,displays,4,579.00,2316.00,refunded,2026-07-18T09:50:23+00:00
ORD-034782,3,5,Over-ear Headphones,audio,2,199.95,399.90,pending,2026-07-18T05:42:30+00:00
ORD-034783,10,9,USB-C Hub 8-in-1,accessories,5,39.99,199.95,completed,2026-07-18T06:13:43+00:00
ORD-034784,9,6,Desk Speakers Pair,audio,5,89.00,445.00,cancelled,2026-07-18T06:06:31+00:00
ORD-034785,10,3,27in 1440p Monitor,displays,5,319.99,1599.95,completed,2026-07-18T08:56:40+00:00
ORD-034786,7,4,34in Ultrawide Monitor,displays,2,579.00,1158.00,refunded,2026-07-18T10:52:29+00:00
ORD-034787,8,3,27in 1440p Monitor,displays,2,319.99,639.98,pending,2026-07-18T19:19:38+00:00
ORD-034788,6,10,Laptop Stand Aluminium,accessories,1,27.50,27.50,completed,2026-07-18T01:07:23+00:00
ORD-034789,3,1,Mechanical Keyboard 75%,peripherals,2,129.00,258.00,refunded,2026-07-18T19:29:54+00:00
ORD-034790,2,8,Ergonomic Chair,furniture,4,612.75,2451.00,pending,2026-07-18T08:16:05+00:00
ORD-034791,10,4,34in Ultrawide Monitor,displays,4,579.00,2316.00,cancelled,2026-07-18T10:45:02+00:00
ORD-034792,7,7,Standing Desk 120cm,furniture,5,449.00,2245.00,refunded,2026-07-18T20:04:22+00:00
ORD-034793,7,3,27in 1440p Monitor,displays,1,319.99,319.99,completed,2026-07-18T01:33:38+00:00
ORD-034794,8,6,Desk Speakers Pair,audio,1,89.00,89.00,pending,2026-07-18T23:12:17+00:00
ORD-034795,1,8,Ergonomic Chair,furniture,5,612.75,3063.75,cancelled,2026-07-18T23:10:35+00:00
ORD-034796,4,3,27in 1440p Monitor,displays,5,319.99,1599.95,cancelled,2026-07-18T06:30:51+00:00
ORD-034797,4,2,Wireless Mouse,peripherals,3,49.50,148.50,cancelled,2026-07-18T10:33:55+00:00
ORD-034798,8,4,34in Ultrawide Monitor,displays,5,579.00,2895.00,completed,2026-07-18T05:28:28+00:00
ORD-034799,5,8,Ergonomic Chair,furniture,4,612.75,2451.00,pending,2026-07-18T02:07:46+00:00
ORD-034800,1,7,Standing Desk 120cm,furniture,2,449.00,898.00,refunded,2026-07-18T08:36:18+00:00
ORD-034801,9,4,34in Ultrawide Monitor,displays,5,579.00,2895.00,cancelled,2026-07-18T16:02:31+00:00
ORD-034802,7,5,Over-ear Headphones,audio,2,199.95,399.90,completed,2026-07-18T06:05:34+00:00
ORD-034803,10,3,27in 1440p Monitor,displays,3,319.99,959.97,completed,2026-07-18T13:17:37+00:00
ORD-034804,4,2,Wireless Mouse,peripherals,3,49.50,148.50,pending,2026-07-18T00:02:20+00:00
ORD-034805,8,6,Desk Speakers Pair,audio,3,89.00,267.00,completed,2026-07-18T09:48:21+00:00
ORD-034806,6,9,USB-C Hub 8-in-1,accessories,5,39.99,199.95,refunded,2026-07-18T06:01:05+00:00
ORD-034807,1,3,27in 1440p Monitor,displays,3,319.99,959.97,pending,2026-07-18T10:24:04+00:00
ORD-034808,9,6,Desk Speakers Pair,audio,3,89.00,267.00,pending,2026-07-18T19:46:28+00:00
ORD-034809,9,5,Over-ear Headphones,audio,5,199.95,999.75,completed,2026-07-18T14:18:39+00:00
ORD-034810,1,3,27in 1440p Monitor,displays,4,319.99,1279.96,refunded,2026-07-18T19:50:03+00:00
ORD-034811,10,6,Desk Speakers Pair,audio,3,89.00,267.00,refunded,2026-07-18T22:26:04+00:00
ORD-034812,1,2,Wireless Mouse,peripherals,4,49.50,198.00,pending,2026-07-18T07:20:32+00:00
ORD-034813,4,2,Wireless Mouse,peripherals,3,49.50,148.50,completed,2026-07-18T00:37:26+00:00
ORD-034814,10,6,Desk Speakers Pair,audio,1,89.00,89.00,cancelled,2026-07-18T22:21:50+00:00
ORD-034815,9,3,27in 1440p Monitor,displays,3,319.99,959.97,cancelled,2026-07-18T23:33:26+00:00
ORD-034816,7,6,Desk Speakers Pair,audio,2,89.00,178.00,refunded,2026-07-18T05:51:23+00:00
ORD-034817,7,8,Ergonomic Chair,furniture,4,612.75,2451.00,refunded,2026-07-18T22:22:28+00:00
ORD-034818,9,1,Mechanical Keyboard 75%,peripherals,5,129.00,645.00,cancelled,2026-07-18T12:07:39+00:00
ORD-034819,7,6,Desk Speakers Pair,audio,1,89.00,89.00,refunded,2026-07-18T05:30:39+00:00
ORD-034820,3,1,Mechanical Keyboard 75%,peripherals,4,129.00,516.00,completed,2026-07-18T13:52:42+00:00
ORD-034821,10,2,Wireless Mouse,peripherals,2,49.50,99.00,cancelled,2026-07-18T12:48:53+00:00
ORD-034822,1,9,USB-C Hub 8-in-1,accessories,1,39.99,39.99,refunded,2026-07-18T23:22:32+00:00
ORD-034823,3,2,Wireless Mouse,peripherals,2,49.50,99.00,refunded,2026-07-18T19:07:08+00:00
ORD-034824,7,2,Wireless Mouse,peripherals,1,49.50,49.50,cancelled,2026-07-18T08:31:42+00:00
ORD-034825,2,3,27in 1440p Monitor,displays,1,319.99,319.99,refunded,2026-07-18T05:08:28+00:00
ORD-034826,2,7,Standing Desk 120cm,furniture,1,449.00,449.00,cancelled,2026-07-18T22:41:50+00:00
ORD-034827,2,10,Laptop Stand Aluminium,accessories,3,27.50,82.50,pending,2026-07-18T07:33:56+00:00
ORD-034828,8,8,Ergonomic Chair,furniture,4,612.75,2451.00,refunded,2026-07-18T13:05:43+00:00
ORD-034829,4,10,Laptop Stand Aluminium,accessories,3,27.50,82.50,completed,2026-07-18T13:27:32+00:00
ORD-034830,2,9,USB-C Hub 8-in-1,accessories,1,39.99,39.99,pending,2026-07-18T07:04:22+00:00
ORD-034831,3,2,Wireless Mouse,peripherals,2,49.50,99.00,cancelled,2026-07-18T00:09:13+00:00
ORD-034832,3,4,34in Ultrawide Monitor,displays,5,579.00,2895.00,completed,2026-07-18T13:16:01+00:00
ORD-034833,9,7,Standing Desk 120cm,furniture,3,449.00,1347.00,cancelled,2026-07-18T06:58:29+00:00
ORD-034834,10,7,Standing Desk 120cm,furniture,3,449.00,1347.00,cancelled,2026-07-18T12:28:51+00:00
ORD-034835,1,7,Standing Desk 120cm,furniture,4,449.00,1796.00,completed,2026-07-18T07:27:24+00:00
ORD-034836,2,1,Mechanical Keyboard 75%,peripherals,3,129.00,387.00,completed,2026-07-18T15:09:22+00:00
ORD-034837,3,8,Ergonomic Chair,furniture,5,612.75,3063.75,refunded,2026-07-18T13:12:44+00:00
ORD-034838,7,7,Standing Desk 120cm,furniture,3,449.00,1347.00,completed,2026-07-18T07:38:03+00:00
ORD-034839,9,2,Wireless Mouse,peripherals,5,49.50,247.50,refunded,2026-07-18T19:11:00+00:00
ORD-034840,3,4,34in Ultrawide Monitor,displays,4,579.00,2316.00,completed,2026-07-18T00:01:42+00:00
ORD-034841,7,7,Standing Desk 120cm,furniture,2,449.00,898.00,refunded,2026-07-18T22:34:23+00:00
ORD-034842,10,3,27in 1440p Monitor,displays,1,319.99,319.99,pending,2026-07-18T02:42:47+00:00
ORD-034843,6,9,USB-C Hub 8-in-1,accessories,5,39.99,199.95,pending,2026-07-18T23:49:32+00:00
ORD-034844,8,8,Ergonomic Chair,furniture,4,612.75,2451.00,cancelled,2026-07-18T09:19:20+00:00
ORD-034845,7,9,USB-C Hub 8-in-1,accessories,3,39.99,119.97,cancelled,2026-07-18T22:39:29+00:00
ORD-034846,4,4,34in Ultrawide Monitor,displays,1,579.00,579.00,cancelled,2026-07-18T04:32:47+00:00
ORD-034847,8,1,Mechanical Keyboard 75%,peripherals,1,129.00,129.00,cancelled,2026-07-18T03:42:46+00:00
ORD-034848,8,8,Ergonomic Chair,furniture,2,612.75,1225.50,pending,2026-07-18T08:00:04+00:00
ORD-034849,8,10,Laptop Stand Aluminium,accessories,1,27.50,27.50,cancelled,2026-07-18T04:47:35+00:00
ORD-034850,6,8,Ergonomic Chair,furniture,5,612.75,3063.75,refunded,2026-07-18T22:30:00+00:00
ORD-034851,4,10,Laptop Stand Aluminium,accessories,2,27.50,55.00,pending,2026-07-18T03:52:08+00:00
ORD-034852,3,1,Mechanical Keyboard 75%,peripherals,2,129.00,258.00,cancelled,2026-07-18T14:43:08+00:00
ORD-034853,9,3,27in 1440p Monitor,displays,2,319.99,639.98,pending,2026-07-18T17:30:22+00:00
ORD-034854,4,2,Wireless Mouse,peripherals,1,49.50,49.50,refunded,2026-07-18T05:10:58+00:00
ORD-034855,10,3,27in 1440p Monitor,displays,5,319.99,1599.95,completed,2026-07-18T22:00:49+00:00
ORD-034856,7,9,USB-C Hub 8-in-1,accessories,5,39.99,199.95,cancelled,2026-07-18T01:39:51+00:00
ORD-034857,4,9,USB-C Hub 8-in-1,accessories,5,39.99,199.95,completed,2026-07-18T04:17:11+00:00
ORD-034858,1,8,Ergonomic Chair,furniture,4,612.75,2451.00,pending,2026-07-18T12:52:00+00:00
ORD-034859,7,9,USB-C Hub 8-in-1,accessories,2,39.99,79.98,cancelled,2026-07-18T06:36:44+00:00
ORD-034860,1,7,Standing Desk 120cm,furniture,4,449.00,1796.00,cancelled,2026-07-18T23:06:35+00:00
ORD-034861,5,2,Wireless Mouse,peripherals,5,49.50,247.50,completed,2026-07-18T08:56:12+00:00
ORD-034862,7,1,Mechanical Keyboard 75%,peripherals,4,129.00,516.00,refunded,2026-07-18T15:24:05+00:00
ORD-034863,8,7,Standing Desk 120cm,furniture,2,449.00,898.00,pending,2026-07-18T15:43:29+00:00
ORD-034864,3,1,Mechanical Keyboard 75%,peripherals,4,129.00,516.00,refunded,2026-07-18T09:14:12+00:00
ORD-034865,4,1,Mechanical Keyboard 75%,peripherals,2,129.00,258.00,cancelled,2026-07-18T05:11:46+00:00
ORD-034866,10,2,Wireless Mouse,peripherals,3,49.50,148.50,completed,2026-07-18T17:39:42+00:00
ORD-034867,7,2,Wireless Mouse,peripherals,2,49.50,99.00,refunded,2026-07-18T05:15:49+00:00
ORD-034868,9,4,34in Ultrawide Monitor,displays,1,579.00,579.00,refunded,2026-07-18T00:27:00+00:00
ORD-034869,8,9,USB-C Hub 8-in-1,accessories,2,39.99,79.98,cancelled,2026-07-18T23:08:16+00:00
ORD-034870,9,5,Over-ear Headphones,audio,4,199.95,799.80,pending,2026-07-18T07:46:55+00:00
ORD-034871,1,2,Wireless Mouse,peripherals,2,49.50,99.00,completed,2026-07-18T21:36:04+00:00
ORD-034872,1,7,Standing Desk 120cm,furniture,1,449.00,449.00,cancelled,2026-07-18T03:33:52+00:00
ORD-034873,8,9,USB-C Hub 8-in-1,accessories,1,39.99,39.99,pending,2026-07-18T18:30:22+00:00
ORD-034874,3,1,Mechanical Keyboard 75%,peripherals,4,129.00,516.00,refunded,2026-07-18T23:32:25+00:00
ORD-034875,1,3,27in 1440p Monitor,displays,1,319.99,319.99,cancelled,2026-07-18T09:05:09+00:00
ORD-034876,2,6,Desk Speakers Pair,audio,2,89.00,178.00,cancelled,2026-07-18T06:04:08+00:00
ORD-034877,4,6,Desk Speakers Pair,audio,1,89.00,89.00,completed,2026-07-18T00:53:51+00:00
ORD-034878,10,2,Wireless Mouse,peripherals,2,49.50,99.00,refunded,2026-07-18T17:13:08+00:00
ORD-034879,4,6,Desk Speakers Pair,audio,1,89.00,89.00,pending,2026-07-18T12:27:23+00:00
ORD-034880,1,6,Desk Speakers Pair,audio,3,89.00,267.00,completed,2026-07-18T17:59:04+00:00
ORD-034881,10,2,Wireless Mouse,peripherals,3,49.50,148.50,completed,2026-07-18T18:17:09+00:00
ORD-034882,8,7,Standing Desk 120cm,furniture,2,449.00,898.00,completed,2026-07-18T22:37:00+00:00
ORD-034883,10,5,Over-ear Headphones,audio,4,199.95,799.80,pending,2026-07-18T17:02:25+00:00
ORD-034884,5,3,27in 1440p Monitor,displays,1,319.99,319.99,cancelled,2026-07-18T21:10:20+00:00
ORD-034885,7,10,Laptop Stand Aluminium,accessories,4,27.50,110.00,pending,2026-07-18T22:46:09+00:00
ORD-034886,9,3,27in 1440p Monitor,displays,2,319.99,639.98,completed,2026-07-18T23:45:46+00:00
ORD-034887,2,2,Wireless Mouse,peripherals,1,49.50,49.50,cancelled,2026-07-18T05:26:17+00:00
ORD-034888,4,10,Laptop Stand Aluminium,accessories,2,27.50,55.00,refunded,2026-07-18T11:36:07+00:00
ORD-034889,1,1,Mechanical Keyboard 75%,peripherals,4,129.00,516.00,refunded,2026-07-18T04:43:25+00:00
ORD-034890,2,8,Ergonomic Chair,furniture,2,612.75,1225.50,refunded,2026-07-18T17:13:44+00:00
ORD-034891,6,8,Ergonomic Chair,furniture,5,612.75,3063.75,completed,2026-07-18T08:39:44+00:00
ORD-034892,10,1,Mechanical Keyboard 75%,peripherals,5,129.00,645.00,cancelled,2026-07-18T18:23:06+00:00
ORD-034893,2,9,USB-C Hub 8-in-1,accessories,2,39.99,79.98,completed,2026-07-18T17:10:34+00:00
ORD-034894,7,3,27in 1440p Monitor,displays,5,319.99,1599.95,refunded,2026-07-18T10:58:36+00:00
ORD-034895,6,6,Desk Speakers Pair,audio,1,89.00,89.00,pending,2026-07-18T20:10:49+00:00
ORD-034896,2,6,Desk Speakers Pair,audio,4,89.00,356.00,pending,2026-07-18T16:12:55+00:00
ORD-034897,3,10,Laptop Stand Aluminium,accessories,4,27.50,110.00,cancelled,2026-07-18T13:04:17+00:00
ORD-034898,10,6,Desk Speakers Pair,audio,1,89.00,89.00,completed,2026-07-18T13:29:53+00:00
ORD-034899,6,8,Ergonomic Chair,furniture,4,612.75,2451.00,refunded,2026-07-18T21:27:24+00:00
ORD-034900,2,6,Desk Speakers Pair,audio,2,89.00,178.00,completed,2026-07-18T12:24:03+00:00
ORD-034901,6,3,27in 1440p Monitor,displays,4,319.99,1279.96,refunded,2026-07-18T13:33:28+00:00
ORD-034902,4,1,Mechanical Keyboard 75%,peripherals,2,129.00,258.00,cancelled,2026-07-18T01:32:04+00:00
ORD-034903,3,8,Ergonomic Chair,furniture,4,612.75,2451.00,cancelled,2026-07-18T22:12:50+00:00
ORD-034904,5,10,Laptop Stand Aluminium,accessories,3,27.50,82.50,pending,2026-07-18T17:00:12+00:00
ORD-034905,3,6,Desk Speakers Pair,audio,4,89.00,356.00,completed,2026-07-18T19:13:19+00:00
ORD-034906,9,1,Mechanical Keyboard 75%,peripherals,1,129.00,129.00,unknown_status,2026-07-18T15:42:17+00:00
ORD-034907,4,2,Wireless Mouse,peripherals,5,49.50,247.50,refunded,2026-07-18T02:57:20+00:00
ORD-034908,5,10,Laptop Stand Aluminium,accessories,4,27.50,110.00,completed,2026-07-18T09:19:05+00:00
ORD-034909,6,2,Wireless Mouse,peripherals,4,49.50,198.00,refunded,2026-07-18T18:50:25+00:00
ORD-034910,3,9,USB-C Hub 8-in-1,accessories,1,39.99,39.99,refunded,2026-07-18T03:03:13+00:00
ORD-034911,7,3,27in 1440p Monitor,displays,1,319.99,319.99,pending,2026-07-18T16:06:25+00:00
ORD-034912,3,1,Mechanical Keyboard 75%,peripherals,5,129.00,645.00,cancelled,2026-07-18T21:59:54+00:00
ORD-034913,10,7,Standing Desk 120cm,furniture,4,449.00,1796.00,refunded,2026-07-18T10:44:47+00:00
ORD-034914,10,4,34in Ultrawide Monitor,displays,2,579.00,1158.00,cancelled,2026-07-18T19:41:32+00:00
ORD-034915,8,10,Laptop Stand Aluminium,accessories,5,27.50,137.50,completed,2026-07-18T06:48:57+00:00
ORD-034916,6,10,Laptop Stand Aluminium,accessories,5,27.50,137.50,refunded,2026-07-18T13:31:42+00:00
ORD-034917,10,2,Wireless Mouse,peripherals,3,49.50,148.50,pending,2026-07-18T10:54:55+00:00
ORD-034918,3,10,Laptop Stand Aluminium,accessories,4,27.50,110.00,completed,2026-07-18T12:44:36+00:00
ORD-034919,7,6,Desk Speakers Pair,audio,3,89.00,267.00,completed,2026-07-18T09:12:57+00:00
ORD-034920,10,10,Laptop Stand Aluminium,accessories,2,27.50,55.00,pending,2026-07-18T16:28:28+00:00
ORD-034921,7,2,Wireless Mouse,peripherals,1,49.50,49.50,completed,2026-07-18T00:27:28+00:00
ORD-034922,7,1,Mechanical Keyboard 75%,peripherals,5,129.00,645.00,completed,2026-07-18T11:04:16+00:00
ORD-034923,4,5,Over-ear Headphones,audio,3,199.95,599.85,refunded,2026-07-18T05:16:59+00:00
ORD-034924,10,6,Desk Speakers Pair,audio,5,89.00,445.00,completed,2026-07-18T23:37:57+00:00
ORD-034925,8,9,USB-C Hub 8-in-1,accessories,4,39.99,159.96,pending,2026-07-18T16:44:25+00:00
ORD-034926,7,5,Over-ear Headphones,audio,2,199.95,399.90,cancelled,2026-07-18T12:59:54+00:00
ORD-034927,6,3,27in 1440p Monitor,displays,4,319.99,1279.96,completed,2026-07-18T12:06:04+00:00
ORD-034928,7,8,Ergonomic Chair,furniture,3,612.75,1838.25,cancelled,2026-07-18T03:18:25+00:00
ORD-034929,9,4,34in Ultrawide Monitor,displays,5,579.00,2895.00,pending,2026-07-18T14:58:40+00:00
ORD-034930,6,8,Ergonomic Chair,furniture,3,612.75,1838.25,completed,2026-07-18T20:34:08+00:00
ORD-034931,3,6,Desk Speakers Pair,audio,3,89.00,267.00,cancelled,2026-07-18T03:13:36+00:00
ORD-034932,8,1,Mechanical Keyboard 75%,peripherals,5,129.00,645.00,refunded,2026-07-18T06:04:34+00:00
ORD-034933,10,7,Standing Desk 120cm,furniture,5,449.00,2245.00,completed,2026-07-18T15:41:02+00:00
ORD-034934,3,1,Mechanical Keyboard 75%,peripherals,1,129.00,129.00,refunded,2026-07-18T02:04:25+00:00
ORD-034935,9,3,27in 1440p Monitor,displays,3,319.99,959.97,refunded,2026-07-18T01:38:01+00:00
ORD-034936,10,4,34in Ultrawide Monitor,displays,4,579.00,2316.00,refunded,2026-07-18T11:20:58+00:00
ORD-034937,7,2,Wireless Mouse,peripherals,1,49.50,49.50,pending,2026-07-18T20:22:10+00:00
ORD-034938,1,2,Wireless Mouse,peripherals,3,49.50,148.50,cancelled,2026-07-18T05:23:30+00:00
ORD-034939,9,3,27in 1440p Monitor,displays,3,319.99,959.97,cancelled,2026-07-18T22:05:16+00:00
ORD-034940,1,10,Laptop Stand Aluminium,accessories,4,27.50,110.00,completed,2026-07-18T01:55:30+00:00
ORD-034941,4,1,Mechanical Keyboard 75%,peripherals,1,129.00,129.00,completed,2026-07-18T20:06:08+00:00
ORD-034942,6,10,Laptop Stand Aluminium,accessories,5,27.50,137.50,completed,2026-07-18T05:35:31+00:00
ORD-034943,7,8,Ergonomic Chair,furniture,5,612.75,3063.75,refunded,2026-07-18T07:54:52+00:00
ORD-034944,7,8,Ergonomic Chair,furniture,5,612.75,3063.75,pending,2026-07-18T14:51:46+00:00
ORD-034945,10,3,27in 1440p Monitor,displays,2,319.99,639.98,pending,2026-07-18T23:51:30+00:00
ORD-034946,6,10,Laptop Stand Aluminium,accessories,4,27.50,110.00,completed,2026-07-18T03:26:41+00:00
ORD-034947,3,3,27in 1440p Monitor,displays,5,319.99,1599.95,refunded,2026-07-18T07:47:39+00:00
ORD-034948,8,6,Desk Speakers Pair,audio,4,89.00,356.00,cancelled,2026-07-18T08:59:46+00:00
ORD-034949,3,7,Standing Desk 120cm,furniture,5,449.00,2245.00,completed,2026-07-18T04:03:48+00:00
ORD-034950,10,7,Standing Desk 120cm,furniture,4,449.00,1796.00,cancelled,2026-07-18T23:59:22+00:00
ORD-034951,8,5,Over-ear Headphones,audio,1,199.95,199.95,cancelled,2026-07-18T04:29:10+00:00
ORD-034952,3,6,Desk Speakers Pair,audio,5,89.00,445.00,cancelled,2026-07-18T18:32:35+00:00
ORD-034953,5,1,Mechanical Keyboard 75%,peripherals,1,129.00,129.00,pending,2026-07-18T05:19:54+00:00
ORD-034954,1,9,USB-C Hub 8-in-1,accessories,5,39.99,199.95,pending,2026-07-18T15:11:21+00:00
ORD-034955,9,2,Wireless Mouse,peripherals,2,49.50,99.00,completed,2026-07-18T22:25:51+00:00
ORD-034956,8,10,Laptop Stand Aluminium,accessories,2,27.50,55.00,cancelled,2026-07-18T09:46:24+00:00
ORD-034957,5,9,USB-C Hub 8-in-1,accessories,2,39.99,79.98,refunded,2026-07-18T22:34:32+00:00
ORD-034958,7,2,Wireless Mouse,peripherals,3,49.50,148.50,cancelled,2026-07-18T12:10:55+00:00
ORD-034959,9,3,27in 1440p Monitor,displays,2,319.99,639.98,cancelled,2026-07-18T06:26:24+00:00
ORD-034960,9,7,Standing Desk 120cm,furniture,2,449.00,898.00,completed,2026-07-18T00:26:54+00:00
ORD-034961,2,9,USB-C Hub 8-in-1,accessories,4,39.99,159.96,refunded,2026-07-18T13:31:53+00:00
ORD-034962,10,8,Ergonomic Chair,furniture,3,612.75,1838.25,pending,2026-07-18T01:23:01+00:00
ORD-034963,7,10,Laptop Stand Aluminium,accessories,2,27.50,55.00,cancelled,2026-07-18T04:33:42+00:00
ORD-034964,8,5,Over-ear Headphones,audio,3,199.95,599.85,refunded,2026-07-18T04:34:13+00:00
ORD-034965,3,1,Mechanical Keyboard 75%,peripherals,2,129.00,258.00,pending,2026-07-18T19:40:53+00:00
ORD-034966,6,9,USB-C Hub 8-in-1,accessories,1,39.99,39.99,refunded,2026-07-18T10:37:10+00:00
ORD-034967,10,2,Wireless Mouse,peripherals,1,49.50,49.50,pending,2026-07-18T01:16:53+00:00
ORD-034968,3,4,34in Ultrawide Monitor,displays,4,579.00,2316.00,refunded,2026-07-18T18:09:49+00:00
ORD-034969,2,3,27in 1440p Monitor,displays,5,319.99,1599.95,pending,2026-07-18T23:18:10+00:00
ORD-034970,7,2,Wireless Mouse,peripherals,1,49.50,49.50,cancelled,2026-07-18T18:55:35+00:00
ORD-034971,6,5,Over-ear Headphones,audio,3,199.95,599.85,cancelled,2026-07-18T06:16:24+00:00
ORD-034972,4,6,Desk Speakers Pair,audio,3,89.00,267.00,refunded,2026-07-18T10:19:09+00:00
ORD-034973,10,4,34in Ultrawide Monitor,displays,1,579.00,579.00,cancelled,2026-07-18T07:49:13+00:00
ORD-034974,2,10,Laptop Stand Aluminium,accessories,1,27.50,27.50,pending,2026-07-18T01:13:13+00:00
ORD-034975,2,4,34in Ultrawide Monitor,displays,3,579.00,1737.00,refunded,2026-07-18T00:43:57+00:00
ORD-034976,2,3,27in 1440p Monitor,displays,4,319.99,1279.96,pending,2026-07-18T12:29:03+00:00
ORD-034977,10,9,USB-C Hub 8-in-1,accessories,4,39.99,159.96,pending,2026-07-18T22:59:14+00:00
ORD-034978,4,8,Ergonomic Chair,furniture,4,612.75,2451.00,cancelled,2026-07-18T09:11:52+00:00
ORD-034979,10,10,Laptop Stand Aluminium,accessories,5,27.50,137.50,cancelled,2026-07-18T03:36:52+00:00
ORD-034980,6,10,Laptop Stand Aluminium,accessories,4,27.50,110.00,completed,2026-07-18T13:48:01+00:00
ORD-034981,4,1,Mechanical Keyboard 75%,peripherals,1,129.00,129.00,completed,2026-07-18T21:07:39+00:00
ORD-034982,10,4,34in Ultrawide Monitor,displays,5,579.00,2895.00,cancelled,2026-07-18T00:38:25+00:00
ORD-034983,3,2,Wireless Mouse,peripherals,2,49.50,99.00,refunded,2026-07-18T11:59:32+00:00
ORD-034984,2,3,27in 1440p Monitor,displays,1,319.99,319.99,pending,2026-07-18T04:49:33+00:00
ORD-034985,8,3,27in 1440p Monitor,displays,5,319.99,1599.95,completed,2026-07-18T01:49:31+00:00
ORD-034986,2,9,USB-C Hub 8-in-1,accessories,3,39.99,119.97,pending,2026-07-18T13:41:44+00:00
ORD-034987,8,6,Desk Speakers Pair,audio,2,89.00,178.00,pending,2026-07-18T03:55:05+00:00
ORD-034988,8,4,34in Ultrawide Monitor,displays,5,579.00,2895.00,completed,2026-07-18T11:43:13+00:00
ORD-034989,5,2,Wireless Mouse,peripherals,4,49.50,198.00,completed,2026-07-18T10:33:16+00:00
ORD-034990,3,8,Ergonomic Chair,furniture,2,612.75,1225.50,pending,2026-07-18T12:03:13+00:00
ORD-034991,3,9,USB-C Hub 8-in-1,accessories,4,39.99,159.96,cancelled,2026-07-18T00:30:48+00:00
ORD-034992,8,4,34in Ultrawide Monitor,displays,3,579.00,1737.00,completed,2026-07-18T17:28:34+00:00
ORD-034993,4,5,Over-ear Headphones,audio,4,199.95,799.80,completed,2026-07-18T00:33:14+00:00
ORD-034994,5,9,USB-C Hub 8-in-1,accessories,2,39.99,79.98,refunded,2026-07-18T21:47:10+00:00
ORD-034995,8,9,USB-C Hub 8-in-1,accessories,5,39.99,199.95,pending,2026-07-18T06:18:28+00:00
ORD-034996,2,8,Ergonomic Chair,furniture,4,612.75,2451.00,completed,2026-07-18T09:53:51+00:00
ORD-034997,2,8,Ergonomic Chair,furniture,4,612.75,2451.00,completed,2026-07-18T08:21:34+00:00
ORD-034998,5,1,Mechanical Keyboard 75%,peripherals,5,129.00,645.00,completed,2026-07-18T12:37:30+00:00
ORD-034999,7,8,Ergonomic Chair,furniture,4,612.75,2451.00,completed,2026-07-18T19:21:55+00:00
ORD-035000,6,10,Laptop Stand Aluminium,accessories,5,27.50,137.50,cancelled,2026-07-18T11:11:45+00:00
ORD-035001,6,6,Desk Speakers Pair,audio,5,89.00,445.00,pending,2026-07-18T17:46:33+00:00
ORD-035002,2,10,Laptop Stand Aluminium,accessories,4,27.50,110.00,cancelled,2026-07-18T17:07:58+00:00
ORD-035003,3,1,Mechanical Keyboard 75%,peripherals,1,129.00,129.00,refunded,2026-07-18T17:39:04+00:00
ORD-035004,1,2,Wireless Mouse,peripherals,4,49.50,198.00,completed,2026-07-18T09:00:38+00:00
ORD-035005,10,7,Standing Desk 120cm,furniture,2,449.00,898.00,pending,2026-07-18T19:14:46+00:00
ORD-035006,5,10,Laptop Stand Aluminium,accessories,3,27.50,82.50,pending,2026-07-18T04:22:43+00:00
ORD-035007,8,10,Laptop Stand Aluminium,accessories,5,27.50,137.50,cancelled,2026-07-18T19:30:52+00:00
ORD-035008,4,4,34in Ultrawide Monitor,displays,4,579.00,2316.00,completed,2026-07-18T04:56:07+00:00
ORD-035009,8,7,Standing Desk 120cm,furniture,2,449.00,898.00,completed,2026-07-18T15:15:06+00:00
ORD-035010,1,5,Over-ear Headphones,audio,4,199.95,799.80,cancelled,2026-07-18T00:26:29+00:00
ORD-035011,8,6,Desk Speakers Pair,audio,3,89.00,267.00,refunded,2026-07-18T05:56:22+00:00
ORD-035012,1,8,Ergonomic Chair,furniture,1,612.75,612.75,completed,2026-07-18T21:03:27+00:00
ORD-035013,3,1,Mechanical Keyboard 75%,peripherals,4,129.00,516.00,cancelled,2026-07-18T05:31:31+00:00
ORD-035014,4,5,Over-ear Headphones,audio,3,199.95,599.85,refunded,2026-07-18T23:45:51+00:00
ORD-035015,6,8,Ergonomic Chair,furniture,2,612.75,1225.50,cancelled,2026-07-18T01:30:37+00:00
ORD-035016,7,9,USB-C Hub 8-in-1,accessories,2,39.99,79.98,refunded,2026-07-18T00:47:03+00:00
ORD-035017,7,10,Laptop Stand Aluminium,accessories,3,27.50,82.50,refunded,2026-07-18T11:59:03+00:00
ORD-035018,8,4,34in Ultrawide Monitor,displays,5,579.00,2895.00,completed,2026-07-18T22:46:15+00:00
ORD-035019,3,2,Wireless Mouse,peripherals,4,49.50,198.00,completed,2026-07-18T03:25:25+00:00
ORD-035020,9,4,34in Ultrawide Monitor,displays,4,579.00,2316.00,refunded,2026-07-18T10:17:54+00:00
ORD-035021,8,7,Standing Desk 120cm,furniture,2,449.00,898.00,refunded,2026-07-18T10:55:23+00:00
ORD-035022,1,7,Standing Desk 120cm,furniture,2,449.00,898.00,cancelled,2026-07-18T17:37:49+00:00
ORD-035023,2,6,Desk Speakers Pair,audio,5,89.00,445.00,refunded,2026-07-18T23:32:24+00:00
ORD-035024,9,4,34in Ultrawide Monitor,displays,3,579.00,1737.00,completed,2026-07-18T06:11:43+00:00
ORD-035025,6,6,Desk Speakers Pair,audio,2,89.00,178.00,cancelled,2026-07-18T10:03:03+00:00
ORD-035026,1,5,Over-ear Headphones,audio,2,199.95,399.90,pending,2026-07-18T14:50:27+00:00
ORD-035027,2,2,Wireless Mouse,peripherals,1,49.50,49.50,pending,2026-07-18T17:43:31+00:00
ORD-035028,5,3,27in 1440p Monitor,displays,1,319.99,319.99,cancelled,2026-07-18T02:34:33+00:00
ORD-035029,8,5,Over-ear Headphones,audio,1,199.95,199.95,cancelled,2026-07-18T13:42:26+00:00
ORD-035030,1,6,Desk Speakers Pair,audio,2,89.00,178.00,refunded,2026-07-18T15:56:20+00:00
ORD-035031,8,10,Laptop Stand Aluminium,accessories,1,27.50,27.50,completed,2026-07-18T13:38:50+00:00
ORD-035032,5,3,27in 1440p Monitor,displays,4,319.99,1279.96,completed,2026-07-18T11:21:57+00:00
ORD-035033,7,8,Ergonomic Chair,furniture,1,612.75,612.75,cancelled,2026-07-18T14:27:47+00:00
ORD-035034,10,9,USB-C Hub 8-in-1,accessories,2,39.99,79.98,cancelled,2026-07-18T14:26:56+00:00
ORD-035035,10,6,Desk Speakers Pair,audio,3,89.00,267.00,cancelled,2026-07-18T02:11:35+00:00
ORD-035036,3,3,27in 1440p Monitor,displays,3,319.99,959.97,completed,2026-07-18T03:57:11+00:00
ORD-035037,9,4,34in Ultrawide Monitor,displays,1,579.00,579.00,refunded,2026-07-18T02:34:29+00:00
ORD-035038,2,5,Over-ear Headphones,audio,2,199.95,399.90,completed,2026-07-18T10:14:47+00:00
ORD-035039,6,4,34in Ultrawide Monitor,displays,2,579.00,1158.00,completed,2026-07-18T23:08:14+00:00
ORD-035040,10,1,Mechanical Keyboard 75%,peripherals,5,129.00,645.00,pending,2026-07-18T13:42:52+00:00
ORD-035041,8,2,Wireless Mouse,peripherals,3,49.50,148.50,pending,2026-07-18T21:23:32+00:00
ORD-035042,5,1,Mechanical Keyboard 75%,peripherals,4,129.00,516.00,pending,2026-07-18T22:24:22+00:00
ORD-035043,3,2,Wireless Mouse,peripherals,2,49.50,99.00,refunded,2026-07-18T22:51:03+00:00
ORD-035044,1,3,27in 1440p Monitor,displays,5,319.99,1599.95,refunded,2026-07-18T18:36:11+00:00
ORD-035045,6,7,Standing Desk 120cm,furniture,3,449.00,1347.00,pending,2026-07-18T06:07:49+00:00
ORD-035046,5,3,27in 1440p Monitor,displays,1,319.99,319.99,refunded,2026-07-18T21:46:36+00:00
ORD-035047,4,6,Desk Speakers Pair,audio,2,89.00,178.00,refunded,2026-07-18T07:30:57+00:00
ORD-035048,7,6,Desk Speakers Pair,audio,1,89.00,89.00,cancelled,2026-07-18T13:02:57+00:00
ORD-035049,8,8,Ergonomic Chair,furniture,3,612.75,1838.25,pending,2026-07-18T16:46:29+00:00
ORD-035050,9,8,Ergonomic Chair,furniture,1,612.75,612.75,completed,2026-07-18T14:18:45+00:00
ORD-035051,4,2,Wireless Mouse,peripherals,3,49.50,148.50,pending,2026-07-18T17:46:58+00:00
ORD-035052,7,3,27in 1440p Monitor,displays,1,319.99,319.99,cancelled,2026-07-18T03:50:01+00:00
ORD-035053,3,9,USB-C Hub 8-in-1,accessories,2,39.99,79.98,refunded,2026-07-18T03:21:33+00:00
ORD-035054,2,9,USB-C Hub 8-in-1,accessories,4,39.99,159.96,cancelled,2026-07-18T10:39:28+00:00
ORD-035055,8,8,Ergonomic Chair,furniture,5,612.75,3063.75,pending,2026-07-18T13:17:35+00:00
ORD-035056,2,6,Desk Speakers Pair,audio,3,89.00,267.00,cancelled,2026-07-18T17:23:52+00:00
ORD-035057,10,10,Laptop Stand Aluminium,accessories,2,27.50,55.00,pending,2026-07-18T00:17:25+00:00
ORD-035058,5,4,34in Ultrawide Monitor,displays,2,579.00,1158.00,completed,2026-07-18T06:30:59+00:00
ORD-035059,4,7,Standing Desk 120cm,furniture,2,449.00,898.00,refunded,2026-07-18T03:50:43+00:00
ORD-035060,9,7,Standing Desk 120cm,furniture,2,449.00,898.00,completed,2026-07-18T18:47:19+00:00
ORD-035061,4,1,Mechanical Keyboard 75%,peripherals,1,129.00,129.00,cancelled,2026-07-18T04:29:59+00:00
ORD-035062,2,9,USB-C Hub 8-in-1,accessories,2,39.99,79.98,pending,2026-07-18T16:20:02+00:00
ORD-035063,2,7,Standing Desk 120cm,furniture,5,449.00,2245.00,cancelled,2026-07-18T21:05:17+00:00
ORD-035064,10,8,Ergonomic Chair,furniture,1,612.75,612.75,refunded,2026-07-18T22:24:24+00:00
ORD-035065,4,3,27in 1440p Monitor,displays,1,319.99,319.99,refunded,2026-07-18T23:53:49+00:00
ORD-035066,6,8,Ergonomic Chair,furniture,1,612.75,612.75,pending,2026-07-18T18:29:10+00:00
ORD-035067,10,7,Standing Desk 120cm,furniture,4,449.00,1796.00,cancelled,2026-07-18T10:56:03+00:00
ORD-035068,9,9,USB-C Hub 8-in-1,accessories,2,39.99,79.98,refunded,2026-07-18T21:23:45+00:00
ORD-035069,2,4,34in Ultrawide Monitor,displays,4,579.00,2316.00,completed,2026-07-18T02:49:28+00:00
ORD-035070,2,5,Over-ear Headphones,audio,1,199.95,199.95,cancelled,2026-07-18T12:56:47+00:00
ORD-035071,8,9,USB-C Hub 8-in-1,accessories,2,39.99,79.98,refunded,2026-07-18T15:33:27+00:00
ORD-035072,2,8,Ergonomic Chair,furniture,1,612.75,612.75,refunded,2026-07-18T00:52:53+00:00
ORD-035073,10,7,Standing Desk 120cm,furniture,4,449.00,1796.00,completed,2026-07-18T04:18:22+00:00
ORD-035074,2,4,34in Ultrawide Monitor,displays,2,579.00,1158.00,cancelled,2026-07-18T09:41:20+00:00
ORD-035075,1,1,Mechanical Keyboard 75%,peripherals,3,129.00,387.00,refunded,2026-07-18T21:19:01+00:00
ORD-035076,6,2,Wireless Mouse,peripherals,2,49.50,99.00,refunded,2026-07-18T22:10:38+00:00
ORD-035077,1,2,Wireless Mouse,peripherals,4,49.50,198.00,completed,2026-07-18T06:28:19+00:00
ORD-035078,1,10,Laptop Stand Aluminium,accessories,4,27.50,110.00,completed,2026-07-18T00:47:45+00:00
ORD-035079,6,10,Laptop Stand Aluminium,accessories,2,27.50,55.00,refunded,2026-07-18T00:44:29+00:00
ORD-035080,4,9,USB-C Hub 8-in-1,accessories,3,39.99,119.97,refunded,2026-07-18T17:55:01+00:00
ORD-035081,9,10,Laptop Stand Aluminium,accessories,2,27.50,55.00,refunded,2026-07-18T08:37:24+00:00
ORD-035082,10,3,27in 1440p Monitor,displays,3,319.99,959.97,completed,2026-07-18T04:51:30+00:00
ORD-035083,1,1,Mechanical Keyboard 75%,peripherals,2,129.00,258.00,completed,2026-07-18T23:52:49+00:00
ORD-035084,5,9,USB-C Hub 8-in-1,accessories,2,39.99,79.98,refunded,2026-07-18T08:03:35+00:00
ORD-035085,10,8,Ergonomic Chair,furniture,4,612.75,2451.00,refunded,2026-07-18T15:21:34+00:00
ORD-035086,8,10,Laptop Stand Aluminium,accessories,3,27.50,82.50,cancelled,2026-07-18T17:07:44+00:00
ORD-035087,6,9,USB-C Hub 8-in-1,accessories,2,39.99,79.98,completed,2026-07-18T03:09:50+00:00
ORD-035088,5,3,27in 1440p Monitor,displays,2,319.99,639.98,cancelled,2026-07-18T15:35:54+00:00
ORD-035089,10,9,USB-C Hub 8-in-1,accessories,5,39.99,199.95,cancelled,2026-07-18T23:14:20+00:00
ORD-035090,6,9,USB-C Hub 8-in-1,accessories,3,39.99,119.97,completed,2026-07-18T20:55:21+00:00
ORD-035091,1,7,Standing Desk 120cm,furniture,4,449.00,1796.00,completed,2026-07-18T06:38:21+00:00
ORD-035092,4,1,Mechanical Keyboard 75%,peripherals,1,129.00,129.00,refunded,2026-07-18T01:35:32+00:00
ORD-035093,2,4,34in Ultrawide Monitor,displays,5,579.00,2895.00,completed,2026-07-18T20:33:40+00:00
ORD-035094,9,7,Standing Desk 120cm,furniture,3,449.00,1347.00,completed,2026-07-18T14:40:09+00:00
ORD-035095,9,3,27in 1440p Monitor,displays,5,319.99,1599.95,completed,2026-07-18T20:32:11+00:00
ORD-035096,1,10,Laptop Stand Aluminium,accessories,1,27.50,27.50,completed,2026-07-18T12:05:11+00:00
ORD-035097,3,4,34in Ultrawide Monitor,displays,2,579.00,1158.00,cancelled,2026-07-18T01:33:09+00:00
ORD-035098,8,8,Ergonomic Chair,furniture,4,612.75,2451.00,cancelled,2026-07-18T17:51:49+00:00
ORD-035099,7,4,34in Ultrawide Monitor,displays,2,579.00,1158.00,completed,2026-07-18T23:48:37+00:00
ORD-035100,2,10,Laptop Stand Aluminium,accessories,4,27.50,110.00,refunded,2026-07-18T02:45:01+00:00
ORD-035101,6,2,Wireless Mouse,peripherals,3,49.50,148.50,completed,2026-07-18T05:02:37+00:00
ORD-035102,8,5,Over-ear Headphones,audio,2,199.95,399.90,cancelled,2026-07-18T10:12:03+00:00
ORD-035103,9,9,USB-C Hub 8-in-1,accessories,1,39.99,39.99,completed,2026-07-18T06:06:08+00:00
ORD-035104,7,2,Wireless Mouse,peripherals,2,49.50,99.00,cancelled,2026-07-18T08:22:41+00:00
ORD-035105,2,2,Wireless Mouse,peripherals,5,49.50,247.50,refunded,2026-07-18T21:56:17+00:00
ORD-035106,9,2,Wireless Mouse,peripherals,2,49.50,99.00,refunded,2026-07-18T21:59:57+00:00
ORD-035107,10,8,Ergonomic Chair,furniture,1,612.75,612.75,cancelled,2026-07-18T04:09:39+00:00
ORD-035108,2,4,34in Ultrawide Monitor,displays,1,579.00,579.00,cancelled,2026-07-18T17:41:50+00:00
ORD-035109,4,3,27in 1440p Monitor,displays,3,319.99,959.97,completed,2026-07-18T20:17:10+00:00
ORD-035110,6,8,Ergonomic Chair,furniture,5,612.75,3063.75,completed,2026-07-18T03:24:53+00:00
ORD-035111,6,9,USB-C Hub 8-in-1,accessories,3,39.99,119.97,pending,2026-07-18T18:02:46+00:00
ORD-035112,6,1,Mechanical Keyboard 75%,peripherals,1,129.00,129.00,cancelled,2026-07-18T20:40:27+00:00
ORD-035113,5,10,Laptop Stand Aluminium,accessories,2,27.50,55.00,pending,2026-07-18T17:24:23+00:00
ORD-035114,3,7,Standing Desk 120cm,furniture,5,449.00,2245.00,refunded,2026-07-18T09:50:56+00:00
ORD-035115,7,9,USB-C Hub 8-in-1,accessories,4,39.99,159.96,refunded,2026-07-18T09:29:00+00:00
ORD-035116,8,7,Standing Desk 120cm,furniture,4,449.00,1796.00,refunded,2026-07-18T14:26:53+00:00
ORD-035117,5,1,Mechanical Keyboard 75%,peripherals,1,129.00,129.00,completed,2026-07-18T12:25:40+00:00
ORD-035118,4,8,Ergonomic Chair,furniture,5,612.75,3063.75,completed,2026-07-18T12:20:59+00:00
ORD-035119,3,8,Ergonomic Chair,furniture,5,612.75,3063.75,completed,2026-07-18T22:55:59+00:00
ORD-035120,9,1,Mechanical Keyboard 75%,peripherals,2,129.00,258.00,refunded,2026-07-18T22:24:52+00:00
ORD-035121,1,6,Desk Speakers Pair,audio,3,89.00,267.00,refunded,2026-07-18T09:54:45+00:00
ORD-035122,3,5,Over-ear Headphones,audio,1,199.95,199.95,refunded,2026-07-18T13:37:49+00:00
ORD-035123,4,3,27in 1440p Monitor,displays,2,319.99,639.98,pending,2026-07-18T12:29:49+00:00
ORD-035124,2,10,Laptop Stand Aluminium,accessories,2,27.50,55.00,cancelled,2026-07-18T22:39:35+00:00
ORD-035125,3,4,34in Ultrawide Monitor,displays,3,579.00,1737.00,completed,2026-07-18T04:03:00+00:00
ORD-035126,9,2,Wireless Mouse,peripherals,2,49.50,99.00,refunded,2026-07-18T21:12:21+00:00
ORD-035127,2,2,Wireless Mouse,peripherals,4,49.50,198.00,pending,2026-07-18T09:07:30+00:00
ORD-035128,6,9,USB-C Hub 8-in-1,accessories,2,39.99,79.98,pending,2026-07-18T20:56:15+00:00
ORD-035129,6,1,Mechanical Keyboard 75%,peripherals,4,129.00,516.00,refunded,2026-07-18T02:21:41+00:00
ORD-035130,5,7,Standing Desk 120cm,furniture,1,449.00,449.00,refunded,2026-07-18T04:11:34+00:00
ORD-035131,9,6,Desk Speakers Pair,audio,1,89.00,89.00,cancelled,2026-07-18T19:48:04+00:00
ORD-035132,10,10,Laptop Stand Aluminium,accessories,3,27.50,82.50,completed,2026-07-18T12:33:44+00:00
ORD-035133,7,8,Ergonomic Chair,furniture,1,612.75,612.75,cancelled,2026-07-18T04:58:58+00:00
ORD-035134,6,10,Laptop Stand Aluminium,accessories,2,27.50,55.00,completed,2026-07-18T11:45:00+00:00
ORD-035135,3,4,34in Ultrawide Monitor,displays,3,579.00,1737.00,cancelled,2026-07-18T12:58:31+00:00
ORD-035136,3,1,Mechanical Keyboard 75%,peripherals,5,129.00,645.00,refunded,2026-07-18T01:24:02+00:00
ORD-035137,2,10,Laptop Stand Aluminium,accessories,2,27.50,55.00,refunded,2026-07-18T04:12:36+00:00
ORD-035138,10,10,Laptop Stand Aluminium,accessories,5,27.50,137.50,refunded,2026-07-18T01:35:53+00:00
ORD-035139,9,8,Ergonomic Chair,furniture,3,612.75,1838.25,cancelled,2026-07-18T22:38:37+00:00
ORD-035140,8,7,Standing Desk 120cm,furniture,2,449.00,898.00,cancelled,2026-07-18T22:42:36+00:00
ORD-035141,9,10,Laptop Stand Aluminium,accessories,3,27.50,82.50,pending,2026-07-18T19:13:27+00:00
ORD-035142,9,2,Wireless Mouse,peripherals,3,49.50,148.50,completed,2026-07-18T01:50:06+00:00
ORD-035143,10,4,34in Ultrawide Monitor,displays,2,579.00,1158.00,refunded,2026-07-18T09:45:22+00:00
ORD-035144,9,8,Ergonomic Chair,furniture,5,612.75,3063.75,pending,2026-07-18T08:31:09+00:00
ORD-035145,7,6,Desk Speakers Pair,audio,4,89.00,356.00,completed,2026-07-18T13:47:14+00:00
ORD-035146,6,1,Mechanical Keyboard 75%,peripherals,4,129.00,516.00,refunded,2026-07-18T19:16:03+00:00
ORD-035147,6,5,Over-ear Headphones,audio,4,199.95,799.80,completed,2026-07-18T10:17:27+00:00
ORD-035148,10,7,Standing Desk 120cm,furniture,5,449.00,2245.00,completed,2026-07-18T19:17:10+00:00
ORD-035149,6,1,Mechanical Keyboard 75%,peripherals,3,129.00,387.00,cancelled,2026-07-18T09:33:23+00:00
ORD-035150,6,3,27in 1440p Monitor,displays,5,319.99,1599.95,pending,2026-07-18T18:29:33+00:00
ORD-035151,8,1,Mechanical Keyboard 75%,peripherals,3,129.00,387.00,completed,2026-07-18T13:07:59+00:00
ORD-035152,3,6,Desk Speakers Pair,audio,5,89.00,445.00,completed,2026-07-18T02:32:19+00:00
ORD-035153,5,2,Wireless Mouse,peripherals,2,49.50,99.00,refunded,2026-07-18T16:47:29+00:00
ORD-035154,4,10,Laptop Stand Aluminium,accessories,3,27.50,82.50,refunded,2026-07-18T03:53:04+00:00
ORD-035155,6,4,34in Ultrawide Monitor,displays,1,579.00,579.00,completed,2026-07-18T09:36:48+00:00
ORD-035156,3,2,Wireless Mouse,peripherals,1,49.50,49.50,pending,2026-07-18T15:02:26+00:00
ORD-035157,1,2,Wireless Mouse,peripherals,2,49.50,99.00,completed,2026-07-18T13:44:34+00:00
ORD-035158,9,5,Over-ear Headphones,audio,4,199.95,799.80,cancelled,2026-07-18T03:46:46+00:00
ORD-035159,2,5,Over-ear Headphones,audio,4,199.95,799.80,refunded,2026-07-18T02:48:47+00:00
ORD-035160,6,2,Wireless Mouse,peripherals,5,49.50,247.50,cancelled,2026-07-18T13:31:30+00:00
ORD-035161,6,1,Mechanical Keyboard 75%,peripherals,5,129.00,645.00,refunded,2026-07-18T22:01:46+00:00
ORD-035162,4,7,Standing Desk 120cm,furniture,1,449.00,449.00,pending,2026-07-18T17:54:06+00:00
ORD-035163,1,7,Standing Desk 120cm,furniture,2,449.00,898.00,completed,2026-07-18T09:15:18+00:00
ORD-035164,5,7,Standing Desk 120cm,furniture,5,449.00,2245.00,refunded,2026-07-18T19:09:10+00:00
ORD-035165,4,6,Desk Speakers Pair,audio,4,89.00,356.00,refunded,2026-07-18T19:10:23+00:00
ORD-035166,3,7,Standing Desk 120cm,furniture,5,449.00,2245.00,completed,2026-07-18T19:06:56+00:00
ORD-035167,10,7,Standing Desk 120cm,furniture,2,449.00,898.00,pending,2026-07-18T01:34:47+00:00
ORD-035168,6,5,Over-ear Headphones,audio,2,199.95,399.90,cancelled,2026-07-18T02:23:02+00:00
ORD-035169,9,6,Desk Speakers Pair,audio,3,89.00,267.00,refunded,2026-07-18T20:21:25+00:00
ORD-035170,10,8,Ergonomic Chair,furniture,5,612.75,3063.75,completed,2026-07-18T20:10:21+00:00
ORD-035171,3,2,Wireless Mouse,peripherals,4,49.50,198.00,refunded,2026-07-18T13:08:24+00:00
ORD-035172,3,6,Desk Speakers Pair,audio,3,89.00,267.00,refunded,2026-07-18T08:06:58+00:00
ORD-035173,9,4,34in Ultrawide Monitor,displays,4,579.00,2316.00,pending,2026-07-18T09:04:05+00:00
ORD-035174,1,9,USB-C Hub 8-in-1,accessories,4,39.99,159.96,pending,2026-07-18T03:51:38+00:00
ORD-035175,3,10,Laptop Stand Aluminium,accessories,4,27.50,110.00,completed,2026-07-18T06:46:49+00:00
ORD-035176,4,4,34in Ultrawide Monitor,displays,1,579.00,579.00,completed,2026-07-18T12:46:00+00:00
ORD-035177,4,10,Laptop Stand Aluminium,accessories,5,27.50,137.50,refunded,2026-07-18T10:27:19+00:00
ORD-035178,3,10,Laptop Stand Aluminium,accessories,2,27.50,55.00,pending,2026-07-18T03:57:36+00:00
ORD-035179,4,10,Laptop Stand Aluminium,accessories,2,27.50,55.00,cancelled,2026-07-18T02:01:40+00:00
ORD-035180,4,2,Wireless Mouse,peripherals,5,49.50,247.50,completed,2026-07-18T09:10:35+00:00
ORD-035181,1,7,Standing Desk 120cm,furniture,2,449.00,898.00,pending,2026-07-18T19:42:13+00:00
ORD-035182,3,4,34in Ultrawide Monitor,displays,1,579.00,579.00,pending,2026-07-18T03:28:01+00:00
ORD-035183,1,3,27in 1440p Monitor,displays,2,319.99,639.98,completed,2026-07-18T02:14:09+00:00
ORD-035184,10,5,Over-ear Headphones,audio,1,199.95,199.95,refunded,2026-07-18T15:01:51+00:00
ORD-035185,5,9,USB-C Hub 8-in-1,accessories,1,39.99,39.99,cancelled,2026-07-18T19:14:51+00:00
ORD-035186,3,6,Desk Speakers Pair,audio,4,89.00,356.00,refunded,2026-07-18T16:26:58+00:00
ORD-035187,9,8,Ergonomic Chair,furniture,2,612.75,1225.50,refunded,2026-07-18T00:14:42+00:00
ORD-035188,3,7,Standing Desk 120cm,furniture,5,449.00,2245.00,refunded,2026-07-18T06:33:55+00:00
ORD-035189,1,10,Laptop Stand Aluminium,accessories,5,27.50,137.50,refunded,2026-07-18T23:37:00+00:00
ORD-035190,9,8,Ergonomic Chair,furniture,4,612.75,2451.00,refunded,2026-07-18T05:07:06+00:00
ORD-035191,3,2,Wireless Mouse,peripherals,1,49.50,49.50,pending,2026-07-18T05:23:46+00:00
ORD-035192,7,2,Wireless Mouse,peripherals,5,49.50,247.50,cancelled,2026-07-18T06:27:01+00:00
ORD-035193,6,6,Desk Speakers Pair,audio,3,89.00,267.00,refunded,2026-07-18T02:54:45+00:00
ORD-035194,1,9,USB-C Hub 8-in-1,accessories,5,39.99,199.95,completed,2026-07-18T01:59:46+00:00
ORD-035195,7,8,Ergonomic Chair,furniture,3,612.75,1838.25,completed,2026-07-18T15:56:18+00:00
ORD-035196,8,10,Laptop Stand Aluminium,accessories,4,27.50,110.00,cancelled,2026-07-18T06:12:35+00:00
ORD-035197,8,8,Ergonomic Chair,furniture,3,612.75,1838.25,completed,2026-07-18T05:58:30+00:00
ORD-035198,2,4,34in Ultrawide Monitor,displays,2,579.00,1158.00,completed,2026-07-18T21:38:29+00:00
ORD-035199,1,7,Standing Desk 120cm,furniture,5,449.00,2245.00,refunded,2026-07-18T18:41:21+00:00
ORD-035200,9,1,Mechanical Keyboard 75%,peripherals,1,129.00,129.00,cancelled,2026-07-18T06:50:00+00:00
ORD-035201,6,7,Standing Desk 120cm,furniture,1,449.00,449.00,refunded,2026-07-18T04:04:08+00:00
ORD-035202,5,10,Laptop Stand Aluminium,accessories,4,27.50,110.00,pending,2026-07-18T14:52:04+00:00
ORD-035203,6,10,Laptop Stand Aluminium,accessories,1,27.50,27.50,completed,2026-07-18T20:53:40+00:00
ORD-035204,6,3,27in 1440p Monitor,displays,2,319.99,639.98,refunded,2026-07-18T00:15:32+00:00
ORD-035205,6,4,34in Ultrawide Monitor,displays,1,579.00,579.00,refunded,2026-07-18T15:14:22+00:00
ORD-035206,4,6,Desk Speakers Pair,audio,3,89.00,267.00,cancelled,2026-07-18T06:49:46+00:00
ORD-035207,6,5,Over-ear Headphones,audio,4,199.95,799.80,pending,2026-07-18T00:53:59+00:00
ORD-035208,1,5,Over-ear Headphones,audio,4,199.95,799.80,pending,2026-07-18T13:22:23+00:00
ORD-035209,5,9,USB-C Hub 8-in-1,accessories,4,39.99,159.96,refunded,2026-07-18T05:12:48+00:00
ORD-035210,4,5,Over-ear Headphones,audio,2,199.95,399.90,completed,2026-07-18T03:40:39+00:00
ORD-035211,3,8,Ergonomic Chair,furniture,5,612.75,3063.75,completed,2026-07-18T13:16:41+00:00
ORD-035212,4,9,USB-C Hub 8-in-1,accessories,3,39.99,119.97,refunded,2026-07-18T03:59:57+00:00
ORD-035213,7,10,Laptop Stand Aluminium,accessories,3,27.50,82.50,refunded,2026-07-18T19:14:00+00:00
ORD-035214,7,8,Ergonomic Chair,furniture,1,612.75,612.75,cancelled,2026-07-18T11:38:55+00:00
ORD-035215,9,10,Laptop Stand Aluminium,accessories,5,27.50,137.50,completed,2026-07-18T08:34:34+00:00
ORD-035216,8,10,Laptop Stand Aluminium,accessories,3,27.50,82.50,completed,2026-07-18T10:29:39+00:00
ORD-035217,7,5,Over-ear Headphones,audio,2,199.95,399.90,pending,2026-07-18T21:02:10+00:00
ORD-035218,6,3,27in 1440p Monitor,displays,5,319.99,1599.95,pending,2026-07-18T21:33:29+00:00
ORD-035219,3,7,Standing Desk 120cm,furniture,5,449.00,2245.00,pending,2026-07-18T08:42:45+00:00
ORD-035220,1,9,USB-C Hub 8-in-1,accessories,1,39.99,39.99,cancelled,2026-07-18T07:18:10+00:00
ORD-035221,10,2,Wireless Mouse,peripherals,2,49.50,99.00,completed,2026-07-18T07:27:27+00:00
ORD-035222,8,6,Desk Speakers Pair,audio,2,89.00,178.00,cancelled,2026-07-18T02:30:11+00:00
ORD-035223,7,5,Over-ear Headphones,audio,3,199.95,599.85,cancelled,2026-07-18T02:39:51+00:00
ORD-035224,2,5,Over-ear Headphones,audio,4,199.95,799.80,cancelled,2026-07-18T02:33:06+00:00
ORD-035225,4,5,Over-ear Headphones,audio,1,199.95,199.95,completed,2026-07-18T05:30:43+00:00
ORD-035226,5,6,Desk Speakers Pair,audio,4,89.00,356.00,cancelled,2026-07-18T12:47:06+00:00
ORD-035227,8,8,Ergonomic Chair,furniture,4,612.75,2451.00,completed,2026-07-18T05:20:27+00:00
ORD-035228,6,9,USB-C Hub 8-in-1,accessories,1,39.99,39.99,pending,2026-07-18T11:43:28+00:00
ORD-035229,7,3,27in 1440p Monitor,displays,5,319.99,1599.95,completed,2026-07-18T01:47:15+00:00
ORD-035230,10,4,34in Ultrawide Monitor,displays,4,579.00,2316.00,pending,2026-07-18T09:36:16+00:00
ORD-035231,7,9,USB-C Hub 8-in-1,accessories,2,39.99,79.98,pending,2026-07-18T20:32:30+00:00
ORD-035232,7,1,Mechanical Keyboard 75%,peripherals,2,129.00,258.00,pending,2026-07-18T16:43:20+00:00
ORD-035233,9,7,Standing Desk 120cm,furniture,1,449.00,449.00,pending,2026-07-18T10:44:53+00:00
ORD-035234,2,7,Standing Desk 120cm,furniture,5,449.00,2245.00,cancelled,2026-07-18T06:47:08+00:00
ORD-035235,7,1,Mechanical Keyboard 75%,peripherals,1,129.00,129.00,cancelled,2026-07-18T06:50:37+00:00
ORD-035236,1,1,Mechanical Keyboard 75%,peripherals,1,129.00,129.00,completed,2026-07-18T14:51:50+00:00
ORD-035237,2,8,Ergonomic Chair,furniture,3,612.75,1838.25,pending,2026-07-18T06:09:30+00:00
ORD-035238,2,3,27in 1440p Monitor,displays,2,319.99,639.98,completed,2026-07-18T06:19:52+00:00
ORD-035239,6,5,Over-ear Headphones,audio,1,199.95,199.95,cancelled,2026-07-18T16:05:27+00:00
ORD-035240,5,7,Standing Desk 120cm,furniture,2,449.00,898.00,completed,2026-07-18T08:39:38+00:00
ORD-035241,6,9,USB-C Hub 8-in-1,accessories,4,39.99,159.96,completed,2026-07-18T16:12:31+00:00
ORD-035242,7,7,Standing Desk 120cm,furniture,2,449.00,898.00,refunded,2026-07-18T16:52:17+00:00
ORD-035243,6,4,34in Ultrawide Monitor,displays,3,579.00,1737.00,cancelled,2026-07-18T10:55:29+00:00
ORD-035244,8,5,Over-ear Headphones,audio,1,199.95,199.95,pending,2026-07-18T22:28:10+00:00
ORD-035245,5,9,USB-C Hub 8-in-1,accessories,1,39.99,39.99,completed,2026-07-18T09:35:15+00:00
ORD-035246,2,6,Desk Speakers Pair,audio,2,89.00,178.00,completed,2026-07-18T16:08:38+00:00
ORD-035247,5,1,Mechanical Keyboard 75%,peripherals,4,129.00,516.00,refunded,2026-07-18T13:46:35+00:00
ORD-035248,4,6,Desk Speakers Pair,audio,5,89.00,445.00,cancelled,2026-07-18T18:41:46+00:00
ORD-035249,8,4,34in Ultrawide Monitor,displays,3,579.00,1737.00,cancelled,2026-07-18T03:15:13+00:00
ORD-035250,7,5,Over-ear Headphones,audio,3,199.95,599.85,completed,2026-07-18T04:28:21+00:00
ORD-035251,1,10,Laptop Stand Aluminium,accessories,1,27.50,27.50,refunded,2026-07-18T10:54:34+00:00
ORD-035252,10,5,Over-ear Headphones,audio,2,199.95,399.90,completed,2026-07-18T00:22:23+00:00
ORD-035253,2,1,Mechanical Keyboard 75%,peripherals,1,129.00,129.00,pending,2026-07-18T00:25:38+00:00
ORD-035254,8,3,27in 1440p Monitor,displays,3,319.99,959.97,refunded,2026-07-18T22:52:15+00:00
ORD-035255,8,5,Over-ear Headphones,audio,2,199.95,399.90,completed,2026-07-18T07:03:39+00:00
ORD-035256,10,9,USB-C Hub 8-in-1,accessories,2,39.99,79.98,completed,2026-07-18T02:41:46+00:00
ORD-035257,1,7,Standing Desk 120cm,furniture,5,449.00,2245.00,refunded,2026-07-18T23:04:32+00:00
ORD-035258,4,6,Desk Speakers Pair,audio,3,89.00,267.00,completed,2026-07-18T17:03:12+00:00
ORD-035259,6,4,34in Ultrawide Monitor,displays,4,579.00,2316.00,refunded,2026-07-18T19:48:20+00:00
ORD-035260,4,3,27in 1440p Monitor,displays,3,319.99,959.97,refunded,2026-07-18T23:46:45+00:00
ORD-035261,8,4,34in Ultrawide Monitor,displays,1,579.00,579.00,completed,2026-07-18T11:13:29+00:00
ORD-035262,5,5,Over-ear Headphones,audio,2,199.95,399.90,cancelled,2026-07-18T08:29:40+00:00
ORD-035263,1,10,Laptop Stand Aluminium,accessories,1,27.50,27.50,refunded,2026-07-18T08:57:11+00:00
ORD-035264,10,6,Desk Speakers Pair,audio,4,89.00,356.00,completed,2026-07-18T05:51:45+00:00
ORD-035265,10,10,Laptop Stand Aluminium,accessories,2,27.50,55.00,completed,2026-07-18T15:46:02+00:00
ORD-035266,2,9,USB-C Hub 8-in-1,accessories,2,39.99,79.98,cancelled,2026-07-18T22:09:16+00:00
ORD-035267,10,5,Over-ear Headphones,audio,4,199.95,799.80,refunded,2026-07-18T23:56:32+00:00
ORD-035268,9,10,Laptop Stand Aluminium,accessories,4,27.50,110.00,pending,2026-07-18T12:02:54+00:00
ORD-035269,4,7,Standing Desk 120cm,furniture,3,449.00,1347.00,cancelled,2026-07-18T12:29:20+00:00
ORD-035270,7,3,27in 1440p Monitor,displays,4,319.99,1279.96,pending,2026-07-18T08:37:40+00:00
ORD-035271,3,6,Desk Speakers Pair,audio,3,89.00,267.00,completed,2026-07-18T12:30:44+00:00
ORD-035272,10,3,27in 1440p Monitor,displays,3,319.99,959.97,completed,2026-07-18T01:36:57+00:00
ORD-035273,10,9,USB-C Hub 8-in-1,accessories,5,39.99,199.95,pending,2026-07-18T11:37:04+00:00
ORD-035274,6,8,Ergonomic Chair,furniture,2,612.75,1225.50,refunded,2026-07-18T06:44:40+00:00
ORD-035275,6,10,Laptop Stand Aluminium,accessories,5,27.50,137.50,pending,2026-07-18T09:20:17+00:00
ORD-035276,1,4,34in Ultrawide Monitor,displays,1,579.00,579.00,cancelled,2026-07-18T21:56:00+00:00
ORD-035277,2,9,USB-C Hub 8-in-1,accessories,5,39.99,199.95,refunded,2026-07-18T22:15:03+00:00
ORD-035278,9,5,Over-ear Headphones,audio,1,199.95,199.95,pending,2026-07-18T21:21:01+00:00
ORD-035279,7,9,USB-C Hub 8-in-1,accessories,1,39.99,39.99,completed,2026-07-18T06:31:15+00:00
ORD-035280,7,7,Standing Desk 120cm,furniture,2,449.00,898.00,cancelled,2026-07-18T23:46:49+00:00
ORD-035281,9,9,USB-C Hub 8-in-1,accessories,5,39.99,199.95,completed,2026-07-18T09:59:14+00:00
ORD-035282,10,6,Desk Speakers Pair,audio,3,89.00,267.00,cancelled,2026-07-18T20:50:25+00:00
ORD-035283,4,9,USB-C Hub 8-in-1,accessories,4,39.99,159.96,completed,2026-07-18T13:25:34+00:00
ORD-035284,8,5,Over-ear Headphones,audio,1,199.95,199.95,refunded,2026-07-18T22:25:19+00:00
ORD-035285,1,7,Standing Desk 120cm,furniture,4,449.00,1796.00,refunded,2026-07-18T07:26:17+00:00
ORD-035286,7,9,USB-C Hub 8-in-1,accessories,2,39.99,79.98,completed,2026-07-18T12:26:31+00:00
ORD-035287,5,2,Wireless Mouse,peripherals,1,49.50,49.50,pending,2026-07-18T00:57:47+00:00
ORD-035288,7,7,Standing Desk 120cm,furniture,2,449.00,898.00,completed,2026-07-18T10:44:05+00:00
ORD-035289,8,2,Wireless Mouse,peripherals,5,49.50,247.50,refunded,2026-07-18T21:51:37+00:00
ORD-035290,5,10,Laptop Stand Aluminium,accessories,2,27.50,55.00,pending,2026-07-18T19:18:55+00:00
ORD-035291,10,10,Laptop Stand Aluminium,accessories,3,27.50,82.50,cancelled,2026-07-18T09:55:50+00:00
ORD-035292,1,7,Standing Desk 120cm,furniture,2,449.00,898.00,completed,2026-07-18T13:20:41+00:00
ORD-035293,5,4,34in Ultrawide Monitor,displays,4,579.00,2316.00,cancelled,2026-07-18T07:52:23+00:00
ORD-035294,6,3,27in 1440p Monitor,displays,1,319.99,319.99,refunded,2026-07-18T12:03:44+00:00
ORD-035295,3,1,Mechanical Keyboard 75%,peripherals,5,129.00,645.00,pending,2026-07-18T07:07:15+00:00
ORD-035296,9,10,Laptop Stand Aluminium,accessories,5,27.50,137.50,cancelled,2026-07-18T10:56:45+00:00
ORD-035297,5,7,Standing Desk 120cm,furniture,4,449.00,1796.00,cancelled,2026-07-18T03:55:46+00:00
ORD-035298,1,8,Ergonomic Chair,furniture,1,612.75,612.75,cancelled,2026-07-18T17:59:50+00:00
ORD-035299,5,4,34in Ultrawide Monitor,displays,1,579.00,579.00,refunded,2026-07-18T23:30:43+00:00
ORD-035300,8,6,Desk Speakers Pair,audio,2,89.00,178.00,completed,2026-07-18T10:21:08+00:00
ORD-035301,3,5,Over-ear Headphones,audio,3,199.95,599.85,cancelled,2026-07-18T13:13:49+00:00
ORD-035302,1,8,Ergonomic Chair,furniture,4,612.75,2451.00,refunded,2026-07-18T10:16:12+00:00
ORD-035303,6,10,Laptop Stand Aluminium,accessories,3,27.50,82.50,cancelled,2026-07-18T21:20:45+00:00
ORD-035304,3,5,Over-ear Headphones,audio,1,199.95,199.95,cancelled,2026-07-18T04:08:49+00:00
ORD-035305,1,7,Standing Desk 120cm,furniture,4,449.00,1796.00,pending,2026-07-18T04:22:39+00:00
ORD-035306,8,10,Laptop Stand Aluminium,accessories,5,27.50,137.50,refunded,2026-07-18T17:48:51+00:00
ORD-035307,1,10,Laptop Stand Aluminium,accessories,1,27.50,27.50,completed,2026-07-18T07:29:26+00:00
ORD-035308,8,2,Wireless Mouse,peripherals,1,49.50,49.50,pending,2026-07-18T23:12:28+00:00
ORD-035309,9,1,Mechanical Keyboard 75%,peripherals,3,129.00,387.00,refunded,2026-07-18T02:19:40+00:00
ORD-035310,4,3,27in 1440p Monitor,displays,4,319.99,1279.96,cancelled,2026-07-18T16:24:19+00:00
ORD-035311,9,1,Mechanical Keyboard 75%,peripherals,4,129.00,516.00,cancelled,2026-07-18T20:36:08+00:00
ORD-035312,1,4,34in Ultrawide Monitor,displays,2,579.00,1158.00,completed,2026-07-18T02:24:42+00:00
ORD-035313,8,6,Desk Speakers Pair,audio,3,89.00,267.00,completed,2026-07-18T14:12:12+00:00
ORD-035314,1,4,34in Ultrawide Monitor,displays,2,579.00,1158.00,completed,2026-07-18T02:50:40+00:00
ORD-035315,9,4,34in Ultrawide Monitor,displays,4,579.00,2316.00,pending,2026-07-18T17:51:09+00:00
ORD-035316,1,3,27in 1440p Monitor,displays,4,319.99,1279.96,completed,2026-07-18T07:24:22+00:00
ORD-035317,5,4,34in Ultrawide Monitor,displays,4,579.00,2316.00,pending,2026-07-18T13:59:39+00:00
ORD-035318,3,7,Standing Desk 120cm,furniture,5,449.00,2245.00,cancelled,2026-07-18T02:00:02+00:00
ORD-035319,3,10,Laptop Stand Aluminium,accessories,2,27.50,55.00,pending,2026-07-18T23:50:59+00:00
ORD-035320,3,5,Over-ear Headphones,audio,5,199.95,999.75,completed,2026-07-18T21:20:05+00:00
ORD-035321,6,2,Wireless Mouse,peripherals,5,49.50,247.50,completed,2026-07-18T22:08:48+00:00
ORD-035322,10,4,34in Ultrawide Monitor,displays,1,579.00,579.00,pending,2026-07-18T23:02:32+00:00
ORD-035323,1,9,USB-C Hub 8-in-1,accessories,1,39.99,39.99,refunded,2026-07-18T07:57:16+00:00
ORD-035324,10,6,Desk Speakers Pair,audio,5,89.00,445.00,cancelled,2026-07-18T06:38:24+00:00
ORD-035325,2,7,Standing Desk 120cm,furniture,1,449.00,449.00,cancelled,2026-07-18T19:11:01+00:00
ORD-035326,5,4,34in Ultrawide Monitor,displays,4,579.00,2316.00,refunded,2026-07-18T02:19:04+00:00
ORD-035327,4,9,USB-C Hub 8-in-1,accessories,4,39.99,159.96,cancelled,2026-07-18T14:20:15+00:00
ORD-035328,10,3,27in 1440p Monitor,displays,2,319.99,639.98,cancelled,2026-07-18T09:55:04+00:00
ORD-035329,3,2,Wireless Mouse,peripherals,1,49.50,49.50,cancelled,2026-07-18T22:18:01+00:00
ORD-035330,4,2,Wireless Mouse,peripherals,1,49.50,49.50,refunded,2026-07-18T22:15:58+00:00
ORD-035331,7,8,Ergonomic Chair,furniture,2,612.75,1225.50,pending,2026-07-18T16:39:13+00:00
ORD-035332,6,3,27in 1440p Monitor,displays,3,319.99,959.97,refunded,2026-07-18T18:38:45+00:00
ORD-035333,4,9,USB-C Hub 8-in-1,accessories,3,39.99,119.97,pending,2026-07-18T09:32:00+00:00
ORD-035334,10,4,34in Ultrawide Monitor,displays,4,579.00,2316.00,cancelled,2026-07-18T22:03:30+00:00
ORD-035335,2,5,Over-ear Headphones,audio,1,199.95,199.95,completed,2026-07-18T04:43:47+00:00
ORD-035336,2,5,Over-ear Headphones,audio,3,199.95,599.85,refunded,2026-07-18T21:48:53+00:00
ORD-035337,3,9,USB-C Hub 8-in-1,accessories,5,39.99,199.95,completed,2026-07-18T02:54:42+00:00
ORD-035338,3,2,Wireless Mouse,peripherals,2,49.50,99.00,completed,2026-07-18T22:02:44+00:00
ORD-035339,9,2,Wireless Mouse,peripherals,1,49.50,49.50,cancelled,2026-07-18T03:54:00+00:00
ORD-035340,2,8,Ergonomic Chair,furniture,5,612.75,3063.75,refunded,2026-07-18T14:50:57+00:00
ORD-035341,2,10,Laptop Stand Aluminium,accessories,2,27.50,55.00,cancelled,2026-07-18T12:59:16+00:00
ORD-035342,4,10,Laptop Stand Aluminium,accessories,1,27.50,27.50,cancelled,2026-07-18T22:43:50+00:00
ORD-035343,2,6,Desk Speakers Pair,audio,2,89.00,178.00,refunded,2026-07-18T23:36:15+00:00
ORD-035344,1,2,Wireless Mouse,peripherals,1,49.50,49.50,cancelled,2026-07-18T05:27:39+00:00
ORD-035345,8,9,USB-C Hub 8-in-1,accessories,5,39.99,199.95,completed,2026-07-18T01:07:29+00:00
ORD-035346,8,8,Ergonomic Chair,furniture,1,612.75,612.75,completed,2026-07-18T20:34:35+00:00
ORD-035347,4,7,Standing Desk 120cm,furniture,2,449.00,898.00,pending,2026-07-18T04:51:15+00:00
ORD-035348,5,7,Standing Desk 120cm,furniture,4,449.00,1796.00,completed,2026-07-18T15:59:33+00:00
ORD-035349,9,1,Mechanical Keyboard 75%,peripherals,4,129.00,516.00,cancelled,2026-07-18T08:18:58+00:00
ORD-035350,4,3,27in 1440p Monitor,displays,4,319.99,1279.96,pending,2026-07-18T01:38:40+00:00
ORD-035351,8,4,34in Ultrawide Monitor,displays,5,579.00,2895.00,refunded,2026-07-18T03:20:27+00:00
ORD-035352,10,6,Desk Speakers Pair,audio,2,89.00,178.00,cancelled,2026-07-18T06:43:07+00:00
ORD-035353,5,9,USB-C Hub 8-in-1,accessories,4,39.99,159.96,pending,2026-07-18T09:50:28+00:00
ORD-035354,2,3,27in 1440p Monitor,displays,5,319.99,1599.95,refunded,2026-07-18T13:17:11+00:00
ORD-035355,2,8,Ergonomic Chair,furniture,1,612.75,612.75,cancelled,2026-07-18T18:31:42+00:00
ORD-035356,1,4,34in Ultrawide Monitor,displays,4,579.00,2316.00,cancelled,2026-07-18T14:15:42+00:00
ORD-035357,7,9,USB-C Hub 8-in-1,accessories,2,39.99,79.98,cancelled,2026-07-18T22:04:01+00:00
ORD-035358,8,3,27in 1440p Monitor,displays,5,319.99,1599.95,completed,2026-07-18T09:52:54+00:00
ORD-035359,2,4,34in Ultrawide Monitor,displays,2,579.00,1158.00,refunded,2026-07-18T07:12:42+00:00
ORD-035360,1,4,34in Ultrawide Monitor,displays,2,579.00,1158.00,cancelled,2026-07-18T13:38:29+00:00
ORD-035361,4,1,Mechanical Keyboard 75%,peripherals,5,129.00,645.00,completed,2026-07-18T22:08:33+00:00
ORD-035362,9,7,Standing Desk 120cm,furniture,4,449.00,1796.00,completed,2026-07-18T07:55:02+00:00
ORD-035363,6,10,Laptop Stand Aluminium,accessories,4,27.50,110.00,pending,2026-07-18T10:32:33+00:00
ORD-035364,5,3,27in 1440p Monitor,displays,2,319.99,639.98,cancelled,2026-07-18T02:53:36+00:00
ORD-035365,8,7,Standing Desk 120cm,furniture,2,449.00,898.00,completed,2026-07-18T21:03:05+00:00
ORD-035366,9,9,USB-C Hub 8-in-1,accessories,5,39.99,199.95,pending,2026-07-18T04:07:43+00:00
ORD-035367,7,3,27in 1440p Monitor,displays,1,319.99,319.99,pending,2026-07-18T23:28:35+00:00
ORD-035368,9,8,Ergonomic Chair,furniture,2,612.75,1225.50,completed,2026-07-18T21:30:41+00:00
ORD-035369,2,10,Laptop Stand Aluminium,accessories,3,27.50,82.50,completed,2026-07-18T10:12:17+00:00
ORD-035370,6,6,Desk Speakers Pair,audio,5,89.00,445.00,completed,2026-07-18T20:45:41+00:00
ORD-035371,4,5,Over-ear Headphones,audio,2,199.95,399.90,pending,2026-07-18T13:26:04+00:00
ORD-035372,7,1,Mechanical Keyboard 75%,peripherals,5,129.00,645.00,pending,2026-07-18T17:17:17+00:00
ORD-035373,2,1,Mechanical Keyboard 75%,peripherals,4,129.00,516.00,refunded,2026-07-18T08:40:15+00:00
ORD-035374,7,10,Laptop Stand Aluminium,accessories,2,27.50,55.00,completed,2026-07-18T04:48:32+00:00
ORD-035375,1,3,27in 1440p Monitor,displays,3,319.99,959.97,refunded,2026-07-18T17:00:10+00:00
ORD-035376,6,8,Ergonomic Chair,furniture,2,612.75,1225.50,refunded,2026-07-18T08:06:16+00:00
ORD-035377,5,1,Mechanical Keyboard 75%,peripherals,3,129.00,387.00,refunded,2026-07-18T11:33:49+00:00
ORD-035378,4,2,Wireless Mouse,peripherals,3,49.50,148.50,cancelled,2026-07-18T07:28:38+00:00
ORD-035379,1,10,Laptop Stand Aluminium,accessories,4,27.50,110.00,cancelled,2026-07-18T18:15:45+00:00
ORD-035380,5,4,34in Ultrawide Monitor,displays,2,579.00,1158.00,refunded,2026-07-18T10:10:31+00:00
ORD-035381,8,9,USB-C Hub 8-in-1,accessories,4,39.99,159.96,cancelled,2026-07-18T01:35:49+00:00
ORD-035382,1,9,USB-C Hub 8-in-1,accessories,5,39.99,199.95,cancelled,2026-07-18T13:59:26+00:00
ORD-035383,7,7,Standing Desk 120cm,furniture,4,449.00,1796.00,pending,2026-07-18T10:20:25+00:00
ORD-035384,9,10,Laptop Stand Aluminium,accessories,5,27.50,137.50,pending,2026-07-18T00:40:38+00:00
ORD-035385,5,4,34in Ultrawide Monitor,displays,2,579.00,1158.00,completed,2026-07-18T11:04:23+00:00
ORD-035386,7,7,Standing Desk 120cm,furniture,3,449.00,1347.00,pending,2026-07-18T09:11:19+00:00
ORD-035387,3,9,USB-C Hub 8-in-1,accessories,4,39.99,159.96,completed,2026-07-18T14:13:09+00:00
ORD-035388,9,7,Standing Desk 120cm,furniture,3,449.00,1347.00,refunded,2026-07-18T22:43:24+00:00
ORD-035389,3,8,Ergonomic Chair,furniture,2,612.75,1225.50,pending,2026-07-18T06:33:09+00:00
ORD-035390,6,7,Standing Desk 120cm,furniture,3,449.00,1347.00,pending,2026-07-18T22:56:40+00:00
ORD-035391,4,1,Mechanical Keyboard 75%,peripherals,2,129.00,258.00,completed,2026-07-18T06:09:49+00:00
ORD-035392,3,9,USB-C Hub 8-in-1,accessories,2,39.99,79.98,refunded,2026-07-18T05:22:39+00:00
ORD-035393,5,6,Desk Speakers Pair,audio,3,89.00,267.00,cancelled,2026-07-18T02:20:32+00:00
ORD-035394,8,7,Standing Desk 120cm,furniture,5,449.00,2245.00,cancelled,2026-07-18T03:10:31+00:00
ORD-035395,6,3,27in 1440p Monitor,displays,2,319.99,639.98,cancelled,2026-07-18T00:18:35+00:00
ORD-035396,4,7,Standing Desk 120cm,furniture,1,449.00,449.00,refunded,2026-07-18T02:36:41+00:00
ORD-035397,8,10,Laptop Stand Aluminium,accessories,1,27.50,27.50,pending,2026-07-18T08:23:21+00:00
ORD-035398,7,2,Wireless Mouse,peripherals,4,49.50,198.00,pending,2026-07-18T05:42:22+00:00
ORD-035399,3,4,34in Ultrawide Monitor,displays,5,579.00,2895.00,completed,2026-07-18T05:35:37+00:00
ORD-035400,7,5,Over-ear Headphones,audio,4,199.95,799.80,refunded,2026-07-18T13:19:10+00:00
ORD-035401,2,4,34in Ultrawide Monitor,displays,3,579.00,1737.00,refunded,2026-07-18T05:04:54+00:00
ORD-035402,8,3,27in 1440p Monitor,displays,2,319.99,639.98,pending,2026-07-18T08:36:44+00:00
ORD-035403,5,5,Over-ear Headphones,audio,4,199.95,799.80,cancelled,2026-07-18T11:38:16+00:00
ORD-035404,8,6,Desk Speakers Pair,audio,2,89.00,178.00,completed,2026-07-18T19:28:28+00:00
ORD-035405,6,8,Ergonomic Chair,furniture,5,612.75,3063.75,refunded,2026-07-18T03:22:31+00:00
ORD-035406,1,6,Desk Speakers Pair,audio,2,89.00,178.00,completed,2026-07-18T08:22:24+00:00
ORD-035407,10,2,Wireless Mouse,peripherals,3,49.50,148.50,refunded,2026-07-18T12:05:37+00:00
ORD-035408,3,8,Ergonomic Chair,furniture,3,612.75,1838.25,pending,2026-07-18T09:46:14+00:00
ORD-035409,3,3,27in 1440p Monitor,displays,1,319.99,319.99,cancelled,2026-07-18T23:40:06+00:00
ORD-035410,2,8,Ergonomic Chair,furniture,3,612.75,1838.25,completed,2026-07-18T06:27:14+00:00
ORD-035411,6,6,Desk Speakers Pair,audio,2,89.00,178.00,pending,2026-07-18T18:38:52+00:00
ORD-035412,5,2,Wireless Mouse,peripherals,1,49.50,49.50,completed,2026-07-18T16:44:18+00:00
ORD-035413,4,8,Ergonomic Chair,furniture,3,612.75,1838.25,cancelled,2026-07-18T09:52:40+00:00
ORD-035414,6,2,Wireless Mouse,peripherals,2,49.50,99.00,cancelled,2026-07-18T21:33:45+00:00
ORD-035415,9,8,Ergonomic Chair,furniture,2,612.75,1225.50,pending,2026-07-18T03:22:18+00:00
ORD-035416,10,9,USB-C Hub 8-in-1,accessories,4,39.99,159.96,cancelled,2026-07-18T06:54:43+00:00
ORD-035417,5,9,USB-C Hub 8-in-1,accessories,2,39.99,79.98,cancelled,2026-07-18T07:51:31+00:00
ORD-035418,6,5,Over-ear Headphones,audio,5,199.95,999.75,refunded,2026-07-18T07:05:39+00:00
ORD-035419,10,9,USB-C Hub 8-in-1,accessories,1,39.99,39.99,completed,2026-07-18T20:19:29+00:00
ORD-035420,3,2,Wireless Mouse,peripherals,5,49.50,247.50,pending,2026-07-18T05:03:15+00:00
ORD-035421,3,9,USB-C Hub 8-in-1,accessories,5,39.99,199.95,completed,2026-07-18T10:32:33+00:00
ORD-035422,4,3,27in 1440p Monitor,displays,4,319.99,1279.96,cancelled,2026-07-18T10:15:12+00:00
ORD-035423,5,8,Ergonomic Chair,furniture,2,612.75,1225.50,completed,2026-07-18T18:48:39+00:00
ORD-035424,1,6,Desk Speakers Pair,audio,2,89.00,178.00,refunded,2026-07-18T14:01:17+00:00
ORD-035425,8,10,Laptop Stand Aluminium,accessories,5,27.50,137.50,refunded,2026-07-18T11:34:43+00:00
ORD-035426,4,7,Standing Desk 120cm,furniture,4,449.00,1796.00,cancelled,2026-07-18T15:13:05+00:00
ORD-035427,9,2,Wireless Mouse,peripherals,5,49.50,247.50,refunded,2026-07-18T01:10:01+00:00
ORD-035428,8,6,Desk Speakers Pair,audio,3,89.00,267.00,refunded,2026-07-18T06:31:07+00:00
ORD-035429,3,2,Wireless Mouse,peripherals,5,49.50,247.50,completed,2026-07-18T13:24:53+00:00
ORD-035430,1,8,Ergonomic Chair,furniture,1,612.75,612.75,completed,2026-07-18T01:34:00+00:00
ORD-035431,2,5,Over-ear Headphones,audio,4,199.95,799.80,cancelled,2026-07-18T02:54:11+00:00
ORD-035432,10,2,Wireless Mouse,peripherals,5,49.50,247.50,pending,2026-07-18T13:03:08+00:00
ORD-035433,5,7,Standing Desk 120cm,furniture,3,449.00,1347.00,pending,2026-07-18T16:16:36+00:00
ORD-035434,8,6,Desk Speakers Pair,audio,2,89.00,178.00,refunded,2026-07-18T06:34:44+00:00
ORD-035435,2,3,27in 1440p Monitor,displays,2,319.99,639.98,completed,2026-07-18T17:11:34+00:00
ORD-035436,10,1,Mechanical Keyboard 75%,peripherals,2,129.00,258.00,pending,2026-07-18T11:31:48+00:00
ORD-035437,1,9,USB-C Hub 8-in-1,accessories,3,39.99,119.97,refunded,2026-07-18T22:47:07+00:00
ORD-035438,10,7,Standing Desk 120cm,furniture,1,449.00,449.00,completed,2026-07-18T21:23:16+00:00
ORD-035439,4,5,Over-ear Headphones,audio,1,199.95,199.95,pending,2026-07-18T21:22:25+00:00
ORD-035440,1,10,Laptop Stand Aluminium,accessories,1,27.50,27.50,pending,2026-07-18T16:01:14+00:00
ORD-035441,6,7,Standing Desk 120cm,furniture,1,449.00,449.00,refunded,2026-07-18T22:33:24+00:00
ORD-035442,3,5,Over-ear Headphones,audio,4,199.95,799.80,pending,2026-07-18T19:47:08+00:00
ORD-035443,4,3,27in 1440p Monitor,displays,3,319.99,959.97,cancelled,2026-07-18T03:33:05+00:00
ORD-035444,9,1,Mechanical Keyboard 75%,peripherals,1,129.00,129.00,refunded,2026-07-18T17:37:07+00:00
ORD-035445,5,4,34in Ultrawide Monitor,displays,2,579.00,1158.00,unknown_status,2026-07-18T11:45:25+00:00
ORD-035446,4,2,Wireless Mouse,peripherals,4,49.50,198.00,refunded,2026-07-18T18:08:57+00:00
ORD-035447,4,4,34in Ultrawide Monitor,displays,2,579.00,1158.00,refunded,2026-07-18T14:51:35+00:00
ORD-035448,8,7,Standing Desk 120cm,furniture,3,449.00,1347.00,cancelled,2026-07-18T11:40:07+00:00
ORD-035449,2,9,USB-C Hub 8-in-1,accessories,5,39.99,199.95,pending,2026-07-18T18:12:08+00:00
ORD-035450,7,7,Standing Desk 120cm,furniture,4,449.00,1796.00,completed,2026-07-18T09:10:05+00:00
ORD-035451,7,4,34in Ultrawide Monitor,displays,5,579.00,2895.00,completed,2026-07-18T15:59:00+00:00
ORD-035452,6,1,Mechanical Keyboard 75%,peripherals,5,129.00,645.00,cancelled,2026-07-18T02:32:46+00:00
ORD-035453,7,9,USB-C Hub 8-in-1,accessories,4,39.99,159.96,pending,2026-07-18T13:29:09+00:00
ORD-035454,9,5,Over-ear Headphones,audio,1,199.95,199.95,pending,2026-07-18T21:51:40+00:00
ORD-035455,10,9,USB-C Hub 8-in-1,accessories,2,39.99,79.98,cancelled,2026-07-18T13:21:16+00:00
ORD-035456,1,2,Wireless Mouse,peripherals,5,49.50,247.50,pending,2026-07-18T10:47:18+00:00
ORD-035457,1,10,Laptop Stand Aluminium,accessories,2,27.50,55.00,pending,2026-07-18T09:05:20+00:00
ORD-035458,5,7,Standing Desk 120cm,furniture,2,449.00,898.00,completed,2026-07-18T03:11:49+00:00
ORD-035459,8,10,Laptop Stand Aluminium,accessories,4,27.50,110.00,pending,2026-07-18T14:55:49+00:00
ORD-035460,6,8,Ergonomic Chair,furniture,2,612.75,1225.50,completed,2026-07-18T20:17:37+00:00
ORD-035461,3,1,Mechanical Keyboard 75%,peripherals,1,129.00,129.00,refunded,2026-07-18T14:02:17+00:00
ORD-035462,2,3,27in 1440p Monitor,displays,4,319.99,1279.96,pending,2026-07-18T01:01:01+00:00
ORD-035463,6,5,Over-ear Headphones,audio,3,199.95,599.85,refunded,2026-07-18T18:52:23+00:00
ORD-035464,5,3,27in 1440p Monitor,displays,3,319.99,959.97,refunded,2026-07-18T11:50:43+00:00
ORD-035465,9,9,USB-C Hub 8-in-1,accessories,5,39.99,199.95,pending,2026-07-18T08:52:33+00:00
ORD-035466,2,1,Mechanical Keyboard 75%,peripherals,2,129.00,258.00,refunded,2026-07-18T22:39:03+00:00
ORD-035467,6,5,Over-ear Headphones,audio,2,199.95,399.90,pending,2026-07-18T09:07:34+00:00
ORD-035468,1,1,Mechanical Keyboard 75%,peripherals,2,129.00,258.00,cancelled,2026-07-18T21:18:24+00:00
ORD-035469,5,9,USB-C Hub 8-in-1,accessories,4,39.99,159.96,cancelled,2026-07-18T06:18:39+00:00
ORD-035470,8,7,Standing Desk 120cm,furniture,4,449.00,1796.00,completed,2026-07-18T17:55:56+00:00
ORD-035471,7,6,Desk Speakers Pair,audio,5,89.00,445.00,completed,2026-07-18T18:12:41+00:00
ORD-035472,4,10,Laptop Stand Aluminium,accessories,3,27.50,82.50,refunded,2026-07-18T17:26:44+00:00
ORD-035473,8,7,Standing Desk 120cm,furniture,1,449.00,449.00,refunded,2026-07-18T04:47:18+00:00
ORD-035474,10,1,Mechanical Keyboard 75%,peripherals,3,129.00,387.00,refunded,2026-07-18T05:42:48+00:00
ORD-035475,4,4,34in Ultrawide Monitor,displays,4,579.00,2316.00,cancelled,2026-07-18T05:25:12+00:00
ORD-035476,9,1,Mechanical Keyboard 75%,peripherals,2,129.00,258.00,pending,2026-07-18T15:17:10+00:00
ORD-035477,3,9,USB-C Hub 8-in-1,accessories,4,39.99,159.96,pending,2026-07-18T10:55:37+00:00
ORD-035478,10,1,Mechanical Keyboard 75%,peripherals,1,129.00,129.00,pending,2026-07-18T12:59:17+00:00
ORD-035479,3,10,Laptop Stand Aluminium,accessories,2,27.50,55.00,completed,2026-07-18T13:24:54+00:00
ORD-035480,6,8,Ergonomic Chair,furniture,3,612.75,1838.25,completed,2026-07-18T19:49:01+00:00
ORD-035481,8,1,Mechanical Keyboard 75%,peripherals,2,129.00,258.00,completed,2026-07-18T01:27:10+00:00
ORD-035482,8,4,34in Ultrawide Monitor,displays,2,579.00,1158.00,pending,2026-07-18T15:03:51+00:00
ORD-035483,9,8,Ergonomic Chair,furniture,3,612.75,1838.25,refunded,2026-07-18T11:57:24+00:00
ORD-035484,5,10,Laptop Stand Aluminium,accessories,5,27.50,137.50,refunded,2026-07-18T21:25:48+00:00
ORD-035485,9,7,Standing Desk 120cm,furniture,4,449.00,1796.00,cancelled,2026-07-18T20:43:56+00:00
ORD-035486,1,10,Laptop Stand Aluminium,accessories,4,27.50,110.00,completed,2026-07-18T19:43:14+00:00
ORD-035487,4,8,Ergonomic Chair,furniture,3,612.75,1838.25,completed,2026-07-18T09:25:49+00:00
ORD-035488,6,1,Mechanical Keyboard 75%,peripherals,4,129.00,516.00,refunded,2026-07-18T22:09:48+00:00
ORD-035489,7,3,27in 1440p Monitor,displays,1,319.99,319.99,pending,2026-07-18T03:52:11+00:00
ORD-035490,4,1,Mechanical Keyboard 75%,peripherals,1,129.00,129.00,pending,2026-07-18T15:58:03+00:00
ORD-035491,1,5,Over-ear Headphones,audio,2,199.95,399.90,cancelled,2026-07-18T00:53:46+00:00
ORD-035492,7,4,34in Ultrawide Monitor,displays,2,579.00,1158.00,cancelled,2026-07-18T12:06:36+00:00
ORD-035493,2,8,Ergonomic Chair,furniture,1,612.75,612.75,pending,2026-07-18T16:17:13+00:00
ORD-035494,4,6,Desk Speakers Pair,audio,3,89.00,267.00,completed,2026-07-18T15:29:27+00:00
ORD-035495,8,3,27in 1440p Monitor,displays,2,319.99,639.98,pending,2026-07-18T04:09:17+00:00
ORD-035496,3,7,Standing Desk 120cm,furniture,2,449.00,898.00,cancelled,2026-07-18T17:17:24+00:00
ORD-035497,4,4,34in Ultrawide Monitor,displays,1,579.00,579.00,completed,2026-07-18T12:39:11+00:00
ORD-035498,5,6,Desk Speakers Pair,audio,1,89.00,89.00,cancelled,2026-07-18T23:15:57+00:00
ORD-035499,5,6,Desk Speakers Pair,audio,3,89.00,267.00,cancelled,2026-07-18T20:14:31+00:00
ORD-035500,6,8,Ergonomic Chair,furniture,4,612.75,2451.00,completed,2026-07-18T07:08:59+00:00
ORD-035501,8,10,Laptop Stand Aluminium,accessories,3,27.50,82.50,cancelled,2026-07-18T06:45:05+00:00
ORD-035502,4,6,Desk Speakers Pair,audio,1,89.00,89.00,completed,2026-07-18T01:23:23+00:00
ORD-035503,5,4,34in Ultrawide Monitor,displays,3,579.00,1737.00,refunded,2026-07-18T16:37:47+00:00
ORD-035504,2,6,Desk Speakers Pair,audio,5,89.00,445.00,refunded,2026-07-18T08:59:27+00:00
ORD-035505,9,3,27in 1440p Monitor,displays,5,319.99,1599.95,refunded,2026-07-18T05:20:49+00:00
ORD-035506,9,6,Desk Speakers Pair,audio,5,89.00,445.00,cancelled,2026-07-18T13:10:10+00:00
ORD-035507,4,5,Over-ear Headphones,audio,1,199.95,199.95,cancelled,2026-07-18T06:03:49+00:00
ORD-035508,3,4,34in Ultrawide Monitor,displays,4,579.00,2316.00,refunded,2026-07-18T19:34:01+00:00
ORD-035509,4,1,Mechanical Keyboard 75%,peripherals,3,129.00,387.00,refunded,2026-07-18T19:13:16+00:00
ORD-035510,1,3,27in 1440p Monitor,displays,3,319.99,959.97,refunded,2026-07-18T18:03:30+00:00
ORD-035511,7,3,27in 1440p Monitor,displays,5,319.99,1599.95,refunded,2026-07-18T14:28:34+00:00
ORD-035512,5,1,Mechanical Keyboard 75%,peripherals,3,129.00,387.00,pending,2026-07-18T02:20:43+00:00
ORD-035513,3,8,Ergonomic Chair,furniture,3,612.75,1838.25,refunded,2026-07-18T06:26:07+00:00
ORD-035514,4,8,Ergonomic Chair,furniture,1,612.75,612.75,pending,2026-07-18T04:14:43+00:00
ORD-035515,8,9,USB-C Hub 8-in-1,accessories,3,39.99,119.97,refunded,2026-07-18T20:45:05+00:00
ORD-035516,5,9,USB-C Hub 8-in-1,accessories,4,39.99,159.96,refunded,2026-07-18T10:51:36+00:00
ORD-035517,9,2,Wireless Mouse,peripherals,2,49.50,99.00,completed,2026-07-18T14:15:49+00:00
ORD-035518,9,6,Desk Speakers Pair,audio,3,89.00,267.00,pending,2026-07-18T20:14:44+00:00
ORD-035519,1,4,34in Ultrawide Monitor,displays,1,579.00,579.00,completed,2026-07-18T12:52:07+00:00
ORD-035520,3,4,34in Ultrawide Monitor,displays,4,579.00,2316.00,completed,2026-07-18T20:31:42+00:00
ORD-035521,10,6,Desk Speakers Pair,audio,5,89.00,445.00,completed,2026-07-18T22:15:32+00:00
ORD-035522,1,4,34in Ultrawide Monitor,displays,4,579.00,2316.00,pending,2026-07-18T23:50:51+00:00
ORD-035523,7,9,USB-C Hub 8-in-1,accessories,5,39.99,199.95,completed,2026-07-18T03:32:25+00:00
ORD-035524,10,8,Ergonomic Chair,furniture,4,612.75,2451.00,cancelled,2026-07-18T16:01:17+00:00
ORD-035525,1,3,27in 1440p Monitor,displays,2,319.99,639.98,cancelled,2026-07-18T02:06:32+00:00
ORD-035526,1,6,Desk Speakers Pair,audio,4,89.00,356.00,cancelled,2026-07-18T10:06:13+00:00
ORD-035527,3,5,Over-ear Headphones,audio,2,199.95,399.90,cancelled,2026-07-18T02:04:28+00:00
ORD-035528,5,7,Standing Desk 120cm,furniture,1,449.00,449.00,refunded,2026-07-18T17:51:27+00:00
ORD-035529,4,2,Wireless Mouse,peripherals,2,49.50,99.00,refunded,2026-07-18T00:55:57+00:00
ORD-035530,3,6,Desk Speakers Pair,audio,2,89.00,178.00,completed,2026-07-18T13:03:46+00:00
ORD-035531,5,5,Over-ear Headphones,audio,1,199.95,199.95,pending,2026-07-18T11:00:13+00:00
ORD-035532,10,8,Ergonomic Chair,furniture,4,612.75,2451.00,completed,2026-07-18T09:24:44+00:00
ORD-035533,8,7,Standing Desk 120cm,furniture,5,449.00,2245.00,pending,2026-07-18T10:17:58+00:00
ORD-035534,4,5,Over-ear Headphones,audio,5,199.95,999.75,completed,2026-07-18T21:14:06+00:00
ORD-035535,10,9,USB-C Hub 8-in-1,accessories,5,39.99,199.95,cancelled,2026-07-18T01:33:01+00:00
ORD-035536,4,5,Over-ear Headphones,audio,1,199.95,199.95,cancelled,2026-07-18T19:21:39+00:00
ORD-035537,10,2,Wireless Mouse,peripherals,1,49.50,49.50,pending,2026-07-18T09:46:57+00:00
ORD-035538,7,10,Laptop Stand Aluminium,accessories,4,27.50,110.00,completed,2026-07-18T06:23:44+00:00
ORD-035539,2,2,Wireless Mouse,peripherals,1,49.50,49.50,cancelled,2026-07-18T20:41:28+00:00
ORD-035540,6,7,Standing Desk 120cm,furniture,4,449.00,1796.00,completed,2026-07-18T16:58:52+00:00
ORD-035541,3,5,Over-ear Headphones,audio,1,199.95,199.95,pending,2026-07-18T14:21:20+00:00
ORD-035542,8,3,27in 1440p Monitor,displays,3,319.99,959.97,refunded,2026-07-18T15:36:51+00:00
ORD-035543,2,2,Wireless Mouse,peripherals,5,49.50,247.50,cancelled,2026-07-18T09:49:25+00:00
ORD-035544,9,3,27in 1440p Monitor,displays,3,319.99,959.97,completed,2026-07-18T18:58:12+00:00
ORD-035545,3,2,Wireless Mouse,peripherals,2,49.50,99.00,cancelled,2026-07-18T17:11:44+00:00
ORD-035546,9,8,Ergonomic Chair,furniture,4,612.75,2451.00,cancelled,2026-07-18T16:04:28+00:00
ORD-035547,7,10,Laptop Stand Aluminium,accessories,5,27.50,137.50,pending,2026-07-18T17:00:38+00:00
ORD-035548,5,9,USB-C Hub 8-in-1,accessories,5,39.99,199.95,completed,2026-07-18T09:58:06+00:00
ORD-035549,10,3,27in 1440p Monitor,displays,2,319.99,639.98,completed,2026-07-18T11:57:55+00:00
ORD-035550,8,7,Standing Desk 120cm,furniture,4,449.00,1796.00,cancelled,2026-07-18T19:34:47+00:00
ORD-035551,9,7,Standing Desk 120cm,furniture,2,449.00,898.00,pending,2026-07-18T18:14:34+00:00
ORD-035552,2,4,34in Ultrawide Monitor,displays,5,579.00,2895.00,cancelled,2026-07-18T06:23:43+00:00
ORD-035553,9,7,Standing Desk 120cm,furniture,3,449.00,1347.00,cancelled,2026-07-18T14:03:25+00:00
ORD-035554,7,3,27in 1440p Monitor,displays,5,319.99,1599.95,completed,2026-07-18T17:18:25+00:00
ORD-035555,1,1,Mechanical Keyboard 75%,peripherals,4,129.00,516.00,cancelled,2026-07-18T11:47:58+00:00
ORD-035556,3,8,Ergonomic Chair,furniture,5,612.75,3063.75,completed,2026-07-18T23:19:48+00:00
ORD-035557,4,4,34in Ultrawide Monitor,displays,1,579.00,579.00,completed,2026-07-18T21:13:07+00:00
ORD-035558,4,1,Mechanical Keyboard 75%,peripherals,5,129.00,645.00,pending,2026-07-18T03:02:47+00:00
ORD-035559,8,10,Laptop Stand Aluminium,accessories,4,27.50,110.00,pending,2026-07-18T04:32:01+00:00
ORD-035560,7,7,Standing Desk 120cm,furniture,2,449.00,898.00,cancelled,2026-07-18T03:25:23+00:00
ORD-035561,9,5,Over-ear Headphones,audio,1,199.95,199.95,refunded,2026-07-18T22:27:51+00:00
ORD-035562,9,3,27in 1440p Monitor,displays,2,319.99,639.98,pending,2026-07-18T03:33:19+00:00
ORD-035563,2,4,34in Ultrawide Monitor,displays,3,579.00,1737.00,cancelled,2026-07-18T17:39:33+00:00
ORD-035564,10,2,Wireless Mouse,peripherals,1,49.50,49.50,refunded,2026-07-18T15:31:56+00:00
ORD-035565,5,5,Over-ear Headphones,audio,2,199.95,399.90,pending,2026-07-18T07:39:56+00:00
ORD-035566,7,4,34in Ultrawide Monitor,displays,3,579.00,1737.00,refunded,2026-07-18T04:36:28+00:00
ORD-035567,6,7,Standing Desk 120cm,furniture,4,449.00,1796.00,refunded,2026-07-18T05:40:25+00:00
ORD-035568,7,1,Mechanical Keyboard 75%,peripherals,3,129.00,387.00,refunded,2026-07-18T08:17:37+00:00
ORD-035569,8,9,USB-C Hub 8-in-1,accessories,4,39.99,159.96,pending,2026-07-18T21:12:28+00:00
ORD-035570,6,7,Standing Desk 120cm,furniture,1,449.00,449.00,refunded,2026-07-18T09:14:59+00:00
ORD-035571,5,6,Desk Speakers Pair,audio,1,89.00,89.00,pending,2026-07-18T19:23:17+00:00
ORD-035572,2,8,Ergonomic Chair,furniture,3,612.75,1838.25,completed,2026-07-18T21:29:14+00:00
ORD-035573,1,6,Desk Speakers Pair,audio,4,89.00,356.00,pending,2026-07-18T21:00:44+00:00
ORD-035574,9,10,Laptop Stand Aluminium,accessories,1,27.50,27.50,pending,2026-07-18T13:19:03+00:00
ORD-035575,5,8,Ergonomic Chair,furniture,1,612.75,612.75,pending,2026-07-18T02:18:02+00:00
ORD-035576,4,2,Wireless Mouse,peripherals,3,49.50,148.50,completed,2026-07-18T03:42:07+00:00
ORD-035577,1,1,Mechanical Keyboard 75%,peripherals,1,129.00,129.00,cancelled,2026-07-18T10:14:15+00:00
ORD-035578,7,8,Ergonomic Chair,furniture,3,612.75,1838.25,pending,2026-07-18T16:00:55+00:00
ORD-035579,1,10,Laptop Stand Aluminium,accessories,2,27.50,55.00,cancelled,2026-07-18T11:01:58+00:00
ORD-035580,2,6,Desk Speakers Pair,audio,1,89.00,89.00,completed,2026-07-18T22:24:43+00:00
ORD-035581,1,4,34in Ultrawide Monitor,displays,4,579.00,2316.00,pending,2026-07-18T04:48:57+00:00
ORD-035582,9,3,27in 1440p Monitor,displays,2,319.99,639.98,pending,2026-07-18T01:18:08+00:00
ORD-035583,2,4,34in Ultrawide Monitor,displays,4,579.00,2316.00,refunded,2026-07-18T18:29:41+00:00
ORD-035584,7,4,34in Ultrawide Monitor,displays,5,579.00,2895.00,pending,2026-07-18T19:58:25+00:00
ORD-035585,3,5,Over-ear Headphones,audio,5,199.95,999.75,pending,2026-07-18T07:15:29+00:00
ORD-035586,10,10,Laptop Stand Aluminium,accessories,1,27.50,27.50,refunded,2026-07-18T03:02:55+00:00
ORD-035587,7,2,Wireless Mouse,peripherals,2,49.50,99.00,cancelled,2026-07-18T11:33:03+00:00
ORD-035588,1,1,Mechanical Keyboard 75%,peripherals,5,129.00,645.00,completed,2026-07-18T21:41:09+00:00
ORD-035589,9,3,27in 1440p Monitor,displays,1,319.99,319.99,pending,2026-07-18T10:14:17+00:00
ORD-035590,8,8,Ergonomic Chair,furniture,4,612.75,2451.00,cancelled,2026-07-18T21:36:11+00:00
ORD-035591,7,8,Ergonomic Chair,furniture,2,612.75,1225.50,pending,2026-07-18T20:32:35+00:00
ORD-035592,6,8,Ergonomic Chair,furniture,5,612.75,3063.75,cancelled,2026-07-18T02:40:08+00:00
ORD-035593,3,10,Laptop Stand Aluminium,accessories,3,27.50,82.50,pending,2026-07-18T23:26:06+00:00
ORD-035594,3,7,Standing Desk 120cm,furniture,1,449.00,449.00,cancelled,2026-07-18T22:10:32+00:00
ORD-035595,2,8,Ergonomic Chair,furniture,3,612.75,1838.25,cancelled,2026-07-18T00:29:39+00:00
ORD-035596,6,1,Mechanical Keyboard 75%,peripherals,2,129.00,258.00,completed,2026-07-18T03:48:50+00:00
ORD-035597,6,2,Wireless Mouse,peripherals,4,49.50,198.00,refunded,2026-07-18T17:37:49+00:00
ORD-035598,1,8,Ergonomic Chair,furniture,3,612.75,1838.25,completed,2026-07-18T15:59:07+00:00
ORD-035599,10,10,Laptop Stand Aluminium,accessories,5,27.50,137.50,pending,2026-07-18T03:31:04+00:00
ORD-035600,5,3,27in 1440p Monitor,displays,4,319.99,1279.96,refunded,2026-07-18T13:50:54+00:00
ORD-035601,4,4,34in Ultrawide Monitor,displays,5,579.00,2895.00,refunded,2026-07-18T02:18:47+00:00
ORD-035602,10,7,Standing Desk 120cm,furniture,3,449.00,1347.00,completed,2026-07-18T09:27:16+00:00
ORD-035603,8,1,Mechanical Keyboard 75%,peripherals,3,129.00,387.00,pending,2026-07-18T19:30:59+00:00
ORD-035604,4,3,27in 1440p Monitor,displays,5,319.99,1599.95,pending,2026-07-18T06:09:53+00:00
ORD-035605,3,8,Ergonomic Chair,furniture,4,612.75,2451.00,cancelled,2026-07-18T00:17:40+00:00
ORD-035606,5,5,Over-ear Headphones,audio,1,199.95,199.95,refunded,2026-07-18T22:35:28+00:00
ORD-035607,2,1,Mechanical Keyboard 75%,peripherals,5,129.00,645.00,cancelled,2026-07-18T03:23:01+00:00
ORD-035608,9,5,Over-ear Headphones,audio,5,199.95,999.75,completed,2026-07-18T18:09:43+00:00
ORD-035609,2,3,27in 1440p Monitor,displays,5,319.99,1599.95,refunded,2026-07-18T01:26:26+00:00
ORD-035610,4,7,Standing Desk 120cm,furniture,5,449.00,2245.00,completed,2026-07-18T20:17:31+00:00
ORD-035611,3,8,Ergonomic Chair,furniture,5,612.75,3063.75,refunded,2026-07-18T03:40:02+00:00
ORD-035612,2,1,Mechanical Keyboard 75%,peripherals,3,129.00,387.00,pending,2026-07-18T02:54:49+00:00
ORD-035613,9,2,Wireless Mouse,peripherals,1,49.50,49.50,completed,2026-07-18T02:55:38+00:00
ORD-035614,4,7,Standing Desk 120cm,furniture,1,449.00,449.00,completed,2026-07-18T08:16:05+00:00
ORD-035615,1,8,Ergonomic Chair,furniture,3,612.75,1838.25,cancelled,2026-07-18T17:09:04+00:00
ORD-035616,6,10,Laptop Stand Aluminium,accessories,1,27.50,27.50,cancelled,2026-07-18T10:28:52+00:00
ORD-035617,9,9,USB-C Hub 8-in-1,accessories,4,39.99,159.96,completed,2026-07-18T15:15:01+00:00
ORD-035618,8,10,Laptop Stand Aluminium,accessories,4,27.50,110.00,refunded,2026-07-18T06:50:45+00:00
ORD-035619,7,8,Ergonomic Chair,furniture,3,612.75,1838.25,pending,2026-07-18T02:07:23+00:00
ORD-035620,5,8,Ergonomic Chair,furniture,1,612.75,612.75,completed,2026-07-18T03:31:03+00:00
ORD-035621,1,9,USB-C Hub 8-in-1,accessories,4,39.99,159.96,refunded,2026-07-18T19:11:54+00:00
ORD-035622,9,8,Ergonomic Chair,furniture,1,612.75,612.75,cancelled,2026-07-18T05:35:09+00:00
ORD-035623,10,10,Laptop Stand Aluminium,accessories,1,27.50,27.50,cancelled,2026-07-18T02:59:42+00:00
ORD-035624,10,9,USB-C Hub 8-in-1,accessories,3,39.99,119.97,cancelled,2026-07-18T15:46:56+00:00
ORD-035625,10,10,Laptop Stand Aluminium,accessories,4,27.50,110.00,cancelled,2026-07-18T21:39:47+00:00
ORD-035626,3,2,Wireless Mouse,peripherals,1,49.50,49.50,pending,2026-07-18T10:39:27+00:00
ORD-035627,1,7,Standing Desk 120cm,furniture,2,449.00,898.00,refunded,2026-07-18T08:06:51+00:00
ORD-035628,2,2,Wireless Mouse,peripherals,3,49.50,148.50,completed,2026-07-18T14:23:42+00:00
ORD-035629,7,2,Wireless Mouse,peripherals,2,49.50,99.00,cancelled,2026-07-18T12:31:07+00:00
ORD-035630,3,6,Desk Speakers Pair,audio,3,89.00,267.00,refunded,2026-07-18T15:30:04+00:00
ORD-035631,3,1,Mechanical Keyboard 75%,peripherals,3,129.00,387.00,completed,2026-07-18T11:03:03+00:00
ORD-035632,10,9,USB-C Hub 8-in-1,accessories,3,39.99,119.97,completed,2026-07-18T22:16:36+00:00
ORD-035633,4,2,Wireless Mouse,peripherals,1,49.50,49.50,completed,2026-07-18T18:57:18+00:00
ORD-035634,4,9,USB-C Hub 8-in-1,accessories,3,39.99,119.97,completed,2026-07-18T23:55:50+00:00
ORD-035635,8,6,Desk Speakers Pair,audio,5,89.00,445.00,pending,2026-07-18T13:11:04+00:00
ORD-035636,10,1,Mechanical Keyboard 75%,peripherals,1,129.00,129.00,pending,2026-07-18T07:13:51+00:00
ORD-035637,2,6,Desk Speakers Pair,audio,4,89.00,356.00,completed,2026-07-18T14:56:05+00:00
ORD-035638,9,7,Standing Desk 120cm,furniture,1,449.00,449.00,completed,2026-07-18T14:37:28+00:00
ORD-035639,3,5,Over-ear Headphones,audio,4,199.95,799.80,cancelled,2026-07-18T09:41:27+00:00
ORD-035640,9,10,Laptop Stand Aluminium,accessories,4,27.50,110.00,cancelled,2026-07-18T23:17:35+00:00
ORD-035641,9,9,USB-C Hub 8-in-1,accessories,2,39.99,79.98,pending,2026-07-18T14:32:01+00:00
ORD-035642,2,3,27in 1440p Monitor,displays,3,319.99,959.97,refunded,2026-07-18T05:48:17+00:00
ORD-035643,7,10,Laptop Stand Aluminium,accessories,3,27.50,82.50,pending,2026-07-18T22:01:58+00:00
ORD-035644,7,7,Standing Desk 120cm,furniture,4,449.00,1796.00,refunded,2026-07-18T02:36:25+00:00
ORD-035645,2,6,Desk Speakers Pair,audio,5,89.00,445.00,pending,2026-07-18T04:00:43+00:00
ORD-035646,3,3,27in 1440p Monitor,displays,5,319.99,1599.95,pending,2026-07-18T07:57:19+00:00
ORD-035647,10,6,Desk Speakers Pair,audio,1,89.00,89.00,completed,2026-07-18T02:52:24+00:00
ORD-035648,1,8,Ergonomic Chair,furniture,4,612.75,2451.00,cancelled,2026-07-18T22:55:35+00:00
ORD-035649,3,6,Desk Speakers Pair,audio,4,89.00,356.00,pending,2026-07-18T03:51:41+00:00
ORD-035650,3,4,34in Ultrawide Monitor,displays,2,579.00,1158.00,refunded,2026-07-18T00:10:48+00:00
ORD-035651,2,4,34in Ultrawide Monitor,displays,4,579.00,2316.00,refunded,2026-07-18T14:36:49+00:00
ORD-035652,6,9,USB-C Hub 8-in-1,accessories,3,39.99,119.97,pending,2026-07-18T07:27:42+00:00
ORD-035653,1,1,Mechanical Keyboard 75%,peripherals,3,129.00,387.00,pending,2026-07-18T13:51:50+00:00
ORD-035654,10,4,34in Ultrawide Monitor,displays,4,579.00,2316.00,refunded,2026-07-18T16:41:16+00:00
ORD-035655,8,5,Over-ear Headphones,audio,5,199.95,999.75,pending,2026-07-18T21:03:17+00:00
ORD-035656,4,4,34in Ultrawide Monitor,displays,2,579.00,1158.00,pending,2026-07-18T23:10:27+00:00
ORD-035657,5,8,Ergonomic Chair,furniture,3,612.75,1838.25,completed,2026-07-18T21:39:29+00:00
ORD-035658,7,3,27in 1440p Monitor,displays,5,319.99,1599.95,cancelled,2026-07-18T13:57:06+00:00
ORD-035659,10,8,Ergonomic Chair,furniture,4,612.75,2451.00,cancelled,2026-07-18T02:29:23+00:00
ORD-035660,10,9,USB-C Hub 8-in-1,accessories,2,39.99,79.98,pending,2026-07-18T21:43:19+00:00
ORD-035661,3,8,Ergonomic Chair,furniture,5,612.75,3063.75,refunded,2026-07-18T14:04:31+00:00
ORD-035662,6,5,Over-ear Headphones,audio,3,199.95,599.85,refunded,2026-07-18T12:42:25+00:00
ORD-035663,5,1,Mechanical Keyboard 75%,peripherals,3,129.00,387.00,refunded,2026-07-18T11:12:11+00:00
ORD-035664,1,4,34in Ultrawide Monitor,displays,3,579.00,1737.00,cancelled,2026-07-18T05:24:34+00:00
ORD-035665,6,7,Standing Desk 120cm,furniture,4,449.00,1796.00,cancelled,2026-07-18T21:08:48+00:00
ORD-035666,1,3,27in 1440p Monitor,displays,5,319.99,1599.95,completed,2026-07-18T02:51:49+00:00
ORD-035667,4,2,Wireless Mouse,peripherals,3,49.50,148.50,pending,2026-07-18T09:10:20+00:00
ORD-035668,1,3,27in 1440p Monitor,displays,5,319.99,1599.95,cancelled,2026-07-18T06:38:46+00:00
ORD-035669,5,4,34in Ultrawide Monitor,displays,4,579.00,2316.00,refunded,2026-07-18T05:43:53+00:00
ORD-035670,8,5,Over-ear Headphones,audio,5,199.95,999.75,cancelled,2026-07-18T19:46:02+00:00
ORD-035671,4,8,Ergonomic Chair,furniture,2,612.75,1225.50,refunded,2026-07-18T02:47:15+00:00
ORD-035672,7,3,27in 1440p Monitor,displays,3,319.99,959.97,pending,2026-07-18T17:10:47+00:00
ORD-035673,1,7,Standing Desk 120cm,furniture,5,449.00,2245.00,refunded,2026-07-18T22:46:30+00:00
ORD-035674,5,8,Ergonomic Chair,furniture,5,612.75,3063.75,cancelled,2026-07-18T21:30:28+00:00
ORD-035675,2,3,27in 1440p Monitor,displays,2,319.99,639.98,pending,2026-07-18T02:51:54+00:00
ORD-035676,10,3,27in 1440p Monitor,displays,3,319.99,959.97,cancelled,2026-07-18T00:26:50+00:00
ORD-035677,1,3,27in 1440p Monitor,displays,1,319.99,319.99,cancelled,2026-07-18T11:29:12+00:00
ORD-035678,8,2,Wireless Mouse,peripherals,5,49.50,247.50,cancelled,2026-07-18T00:01:09+00:00
ORD-035679,10,7,Standing Desk 120cm,furniture,2,449.00,898.00,completed,2026-07-18T03:57:03+00:00
ORD-035680,2,7,Standing Desk 120cm,furniture,4,449.00,1796.00,pending,2026-07-18T13:56:56+00:00
ORD-035681,7,9,USB-C Hub 8-in-1,accessories,4,39.99,159.96,pending,2026-07-18T16:59:25+00:00
ORD-035682,1,2,Wireless Mouse,peripherals,1,49.50,49.50,completed,2026-07-18T22:28:20+00:00
ORD-035683,1,7,Standing Desk 120cm,furniture,4,449.00,1796.00,cancelled,2026-07-18T16:01:19+00:00
ORD-035684,7,9,USB-C Hub 8-in-1,accessories,5,39.99,199.95,cancelled,2026-07-18T12:32:16+00:00
ORD-035685,1,10,Laptop Stand Aluminium,accessories,2,27.50,55.00,cancelled,2026-07-18T23:30:41+00:00
ORD-035686,10,3,27in 1440p Monitor,displays,5,319.99,1599.95,pending,2026-07-18T19:35:17+00:00
ORD-035687,9,4,34in Ultrawide Monitor,displays,1,579.00,579.00,refunded,2026-07-18T12:28:29+00:00
ORD-035688,9,6,Desk Speakers Pair,audio,4,89.00,356.00,refunded,2026-07-18T06:50:28+00:00
ORD-035689,2,7,Standing Desk 120cm,furniture,1,449.00,449.00,refunded,2026-07-18T15:11:05+00:00
ORD-035690,9,5,Over-ear Headphones,audio,3,199.95,599.85,pending,2026-07-18T01:05:46+00:00
ORD-035691,1,10,Laptop Stand Aluminium,accessories,5,27.50,137.50,cancelled,2026-07-18T19:59:51+00:00
ORD-035692,3,8,Ergonomic Chair,furniture,2,612.75,1225.50,pending,2026-07-18T13:19:36+00:00
ORD-035693,8,2,Wireless Mouse,peripherals,3,49.50,148.50,refunded,2026-07-18T20:52:47+00:00
ORD-035694,7,6,Desk Speakers Pair,audio,2,89.00,178.00,cancelled,2026-07-18T10:29:53+00:00
ORD-035695,6,6,Desk Speakers Pair,audio,5,89.00,445.00,refunded,2026-07-18T02:50:31+00:00
ORD-035696,1,1,Mechanical Keyboard 75%,peripherals,3,129.00,387.00,pending,2026-07-18T19:32:23+00:00
ORD-035697,6,7,Standing Desk 120cm,furniture,2,449.00,898.00,cancelled,2026-07-18T14:29:59+00:00
ORD-035698,8,10,Laptop Stand Aluminium,accessories,3,27.50,82.50,refunded,2026-07-18T18:36:24+00:00
ORD-035699,8,10,Laptop Stand Aluminium,accessories,2,27.50,55.00,completed,2026-07-18T03:05:47+00:00
ORD-035700,5,10,Laptop Stand Aluminium,accessories,5,27.50,137.50,cancelled,2026-07-18T20:09:56+00:00
ORD-035701,4,6,Desk Speakers Pair,audio,2,89.00,178.00,cancelled,2026-07-18T05:19:19+00:00
ORD-035702,4,9,USB-C Hub 8-in-1,accessories,4,39.99,159.96,cancelled,2026-07-18T08:09:41+00:00
ORD-035703,7,1,Mechanical Keyboard 75%,peripherals,3,129.00,387.00,cancelled,2026-07-18T14:00:23+00:00
ORD-035704,10,1,Mechanical Keyboard 75%,peripherals,3,129.00,387.00,refunded,2026-07-18T19:55:59+00:00
ORD-035705,4,10,Laptop Stand Aluminium,accessories,5,27.50,137.50,cancelled,2026-07-18T01:51:59+00:00
ORD-035706,1,3,27in 1440p Monitor,displays,4,319.99,1279.96,refunded,2026-07-18T16:22:53+00:00
ORD-035707,9,1,Mechanical Keyboard 75%,peripherals,5,129.00,645.00,cancelled,2026-07-18T03:06:20+00:00
ORD-035708,5,8,Ergonomic Chair,furniture,4,612.75,2451.00,completed,2026-07-18T03:48:34+00:00
ORD-035709,6,2,Wireless Mouse,peripherals,1,49.50,49.50,cancelled,2026-07-18T04:56:12+00:00
ORD-035710,8,2,Wireless Mouse,peripherals,5,49.50,247.50,refunded,2026-07-18T07:28:46+00:00
ORD-035711,7,5,Over-ear Headphones,audio,2,199.95,399.90,refunded,2026-07-18T20:14:20+00:00
ORD-035712,4,6,Desk Speakers Pair,audio,1,89.00,89.00,completed,2026-07-18T19:38:09+00:00
ORD-035713,6,10,Laptop Stand Aluminium,accessories,5,27.50,137.50,completed,2026-07-18T08:27:46+00:00
ORD-035714,5,8,Ergonomic Chair,furniture,4,612.75,2451.00,cancelled,2026-07-18T11:18:24+00:00
ORD-035715,4,9,USB-C Hub 8-in-1,accessories,1,39.99,39.99,cancelled,2026-07-18T18:41:06+00:00
ORD-035716,3,10,Laptop Stand Aluminium,accessories,5,27.50,137.50,cancelled,2026-07-18T12:19:05+00:00
ORD-035717,6,1,Mechanical Keyboard 75%,peripherals,1,129.00,129.00,refunded,2026-07-18T11:53:28+00:00
ORD-035718,1,4,34in Ultrawide Monitor,displays,3,579.00,1737.00,pending,2026-07-18T13:43:34+00:00
ORD-035719,6,2,Wireless Mouse,peripherals,4,49.50,198.00,completed,2026-07-18T17:58:39+00:00
ORD-035720,9,6,Desk Speakers Pair,audio,3,89.00,267.00,refunded,2026-07-18T14:28:22+00:00
ORD-035721,1,9,USB-C Hub 8-in-1,accessories,1,39.99,39.99,pending,2026-07-18T23:47:38+00:00
ORD-035722,8,1,Mechanical Keyboard 75%,peripherals,2,129.00,258.00,refunded,2026-07-18T07:17:44+00:00
ORD-035723,4,4,34in Ultrawide Monitor,displays,2,579.00,1158.00,cancelled,2026-07-18T00:18:28+00:00
ORD-035724,10,7,Standing Desk 120cm,furniture,4,449.00,1796.00,refunded,2026-07-18T07:05:28+00:00
ORD-035725,3,5,Over-ear Headphones,audio,1,199.95,199.95,pending,2026-07-18T00:43:54+00:00
ORD-035726,4,6,Desk Speakers Pair,audio,1,89.00,89.00,cancelled,2026-07-18T10:54:05+00:00
ORD-035727,2,4,34in Ultrawide Monitor,displays,2,579.00,1158.00,refunded,2026-07-18T23:58:25+00:00
ORD-035728,10,6,Desk Speakers Pair,audio,3,89.00,267.00,refunded,2026-07-18T06:01:47+00:00
ORD-035729,4,4,34in Ultrawide Monitor,displays,3,579.00,1737.00,pending,2026-07-18T11:02:39+00:00
ORD-035730,8,3,27in 1440p Monitor,displays,2,319.99,639.98,refunded,2026-07-18T10:16:58+00:00
ORD-035731,4,7,Standing Desk 120cm,furniture,3,449.00,1347.00,cancelled,2026-07-18T12:12:15+00:00
ORD-035732,7,3,27in 1440p Monitor,displays,4,319.99,1279.96,completed,2026-07-18T11:02:30+00:00
ORD-035733,5,6,Desk Speakers Pair,audio,2,89.00,178.00,cancelled,2026-07-18T01:12:05+00:00
ORD-035734,7,4,34in Ultrawide Monitor,displays,2,579.00,1158.00,completed,2026-07-18T18:08:26+00:00
ORD-035735,6,10,Laptop Stand Aluminium,accessories,4,27.50,110.00,cancelled,2026-07-18T11:57:18+00:00
ORD-035736,7,1,Mechanical Keyboard 75%,peripherals,5,129.00,645.00,refunded,2026-07-18T04:42:44+00:00
ORD-035737,4,9,USB-C Hub 8-in-1,accessories,3,39.99,119.97,cancelled,2026-07-18T16:08:18+00:00
ORD-035738,10,1,Mechanical Keyboard 75%,peripherals,2,129.00,258.00,completed,2026-07-18T22:36:30+00:00
ORD-035739,9,5,Over-ear Headphones,audio,3,199.95,599.85,refunded,2026-07-18T12:15:50+00:00
ORD-035740,9,3,27in 1440p Monitor,displays,4,319.99,1279.96,refunded,2026-07-18T03:23:39+00:00
ORD-035741,1,3,27in 1440p Monitor,displays,1,319.99,319.99,refunded,2026-07-18T10:36:06+00:00
ORD-035742,8,7,Standing Desk 120cm,furniture,5,449.00,2245.00,pending,2026-07-18T09:33:55+00:00
ORD-035743,1,4,34in Ultrawide Monitor,displays,2,579.00,1158.00,pending,2026-07-18T03:49:31+00:00
ORD-035744,1,6,Desk Speakers Pair,audio,2,89.00,178.00,refunded,2026-07-18T20:46:57+00:00
ORD-035745,3,1,Mechanical Keyboard 75%,peripherals,4,129.00,516.00,refunded,2026-07-18T23:03:01+00:00
ORD-035746,9,6,Desk Speakers Pair,audio,4,89.00,356.00,pending,2026-07-18T23:33:04+00:00
ORD-035747,7,8,Ergonomic Chair,furniture,3,612.75,1838.25,completed,2026-07-18T04:00:15+00:00
ORD-035748,6,2,Wireless Mouse,peripherals,1,49.50,49.50,pending,2026-07-18T16:41:15+00:00
ORD-035749,1,2,Wireless Mouse,peripherals,2,49.50,99.00,pending,2026-07-18T08:52:14+00:00
ORD-035750,7,1,Mechanical Keyboard 75%,peripherals,4,129.00,516.00,completed,2026-07-18T00:43:32+00:00
ORD-035751,5,2,Wireless Mouse,peripherals,4,49.50,198.00,cancelled,2026-07-18T05:48:05+00:00
ORD-035752,8,6,Desk Speakers Pair,audio,4,89.00,356.00,cancelled,2026-07-18T05:25:35+00:00
ORD-035753,8,9,USB-C Hub 8-in-1,accessories,4,39.99,159.96,refunded,2026-07-18T21:19:27+00:00
ORD-035754,8,4,34in Ultrawide Monitor,displays,5,579.00,2895.00,refunded,2026-07-18T10:32:47+00:00
ORD-035755,2,9,USB-C Hub 8-in-1,accessories,5,39.99,199.95,cancelled,2026-07-18T02:02:56+00:00
ORD-035756,8,2,Wireless Mouse,peripherals,2,49.50,99.00,refunded,2026-07-18T03:11:06+00:00
ORD-035757,10,6,Desk Speakers Pair,audio,2,89.00,178.00,completed,2026-07-18T08:18:01+00:00
ORD-035758,7,6,Desk Speakers Pair,audio,5,89.00,-50.00,refunded,2026-07-18T06:11:56+00:00
ORD-035759,6,4,34in Ultrawide Monitor,displays,3,579.00,1737.00,completed,2026-07-18T14:07:59+00:00
ORD-035760,4,1,Mechanical Keyboard 75%,peripherals,3,129.00,387.00,completed,2026-07-18T00:54:49+00:00
ORD-035761,7,3,27in 1440p Monitor,displays,2,319.99,639.98,cancelled,2026-07-18T17:18:56+00:00
ORD-035762,1,2,Wireless Mouse,peripherals,4,49.50,198.00,cancelled,2026-07-18T11:58:12+00:00
ORD-035763,3,5,Over-ear Headphones,audio,5,199.95,999.75,cancelled,2026-07-18T07:58:35+00:00
ORD-035764,7,4,34in Ultrawide Monitor,displays,3,579.00,1737.00,completed,2026-07-18T00:00:34+00:00
ORD-035765,9,2,Wireless Mouse,peripherals,2,49.50,99.00,refunded,2026-07-18T11:57:42+00:00
ORD-035766,8,6,Desk Speakers Pair,audio,2,89.00,178.00,cancelled,2026-07-18T14:42:32+00:00
ORD-035767,6,2,Wireless Mouse,peripherals,4,49.50,198.00,completed,2026-07-18T14:29:37+00:00
ORD-035768,2,2,Wireless Mouse,peripherals,4,49.50,198.00,pending,2026-07-18T04:04:02+00:00
ORD-035769,9,4,34in Ultrawide Monitor,displays,3,579.00,1737.00,cancelled,2026-07-18T14:51:00+00:00
ORD-035770,6,7,Standing Desk 120cm,furniture,5,449.00,2245.00,completed,2026-07-18T09:13:27+00:00
ORD-035771,7,7,Standing Desk 120cm,furniture,1,449.00,449.00,pending,2026-07-18T16:40:14+00:00
ORD-035772,9,3,27in 1440p Monitor,displays,4,319.99,1279.96,pending,2026-07-18T10:26:59+00:00
ORD-035773,3,4,34in Ultrawide Monitor,displays,1,579.00,579.00,cancelled,2026-07-18T10:15:47+00:00
ORD-035774,5,2,Wireless Mouse,peripherals,3,49.50,148.50,refunded,2026-07-18T01:52:57+00:00
ORD-035775,10,1,Mechanical Keyboard 75%,peripherals,5,129.00,645.00,completed,2026-07-18T12:19:27+00:00
ORD-035776,9,2,Wireless Mouse,peripherals,2,49.50,99.00,completed,2026-07-18T22:28:11+00:00
ORD-035777,2,8,Ergonomic Chair,furniture,2,612.75,1225.50,completed,2026-07-18T09:48:25+00:00
ORD-035778,6,1,Mechanical Keyboard 75%,peripherals,3,129.00,387.00,refunded,2026-07-18T14:26:52+00:00
ORD-035779,3,9,USB-C Hub 8-in-1,accessories,2,39.99,79.98,cancelled,2026-07-18T17:33:47+00:00
ORD-035780,5,8,Ergonomic Chair,furniture,2,612.75,1225.50,pending,2026-07-18T04:29:58+00:00
ORD-035781,9,5,Over-ear Headphones,audio,3,199.95,599.85,pending,2026-07-18T21:18:23+00:00
ORD-035782,3,1,Mechanical Keyboard 75%,peripherals,1,129.00,129.00,refunded,2026-07-18T21:23:24+00:00
ORD-035783,2,7,Standing Desk 120cm,furniture,4,449.00,1796.00,cancelled,2026-07-18T19:42:14+00:00
ORD-035784,3,7,Standing Desk 120cm,furniture,3,449.00,1347.00,pending,2026-07-18T14:47:36+00:00
ORD-035785,2,8,Ergonomic Chair,furniture,3,612.75,1838.25,pending,2026-07-18T22:11:43+00:00
ORD-035786,4,5,Over-ear Headphones,audio,3,199.95,599.85,pending,2026-07-18T08:31:21+00:00
ORD-035787,5,4,34in Ultrawide Monitor,displays,1,579.00,579.00,cancelled,2026-07-18T12:49:38+00:00
ORD-035788,9,9,USB-C Hub 8-in-1,accessories,3,39.99,119.97,pending,2026-07-18T10:29:58+00:00
ORD-035789,5,7,Standing Desk 120cm,furniture,5,449.00,2245.00,completed,2026-07-18T21:22:20+00:00
ORD-035790,9,5,Over-ear Headphones,audio,5,199.95,999.75,completed,2026-07-18T18:00:03+00:00
ORD-035791,3,3,27in 1440p Monitor,displays,4,319.99,1279.96,cancelled,2026-07-18T13:49:58+00:00
ORD-035792,2,3,27in 1440p Monitor,displays,4,319.99,1279.96,completed,2026-07-18T02:53:27+00:00
ORD-035793,2,7,Standing Desk 120cm,furniture,5,449.00,2245.00,cancelled,2026-07-18T13:15:27+00:00
ORD-035794,8,3,27in 1440p Monitor,displays,3,319.99,959.97,completed,2026-07-18T00:49:26+00:00
ORD-035795,2,9,USB-C Hub 8-in-1,accessories,1,39.99,39.99,completed,2026-07-18T10:48:45+00:00
ORD-035796,4,3,27in 1440p Monitor,displays,1,319.99,319.99,cancelled,2026-07-18T18:55:34+00:00
ORD-035797,9,1,Mechanical Keyboard 75%,peripherals,2,129.00,258.00,cancelled,2026-07-18T05:58:46+00:00
ORD-035798,7,3,27in 1440p Monitor,displays,3,319.99,959.97,refunded,2026-07-18T15:24:23+00:00
ORD-035799,4,9,USB-C Hub 8-in-1,accessories,2,39.99,79.98,completed,2026-07-18T04:30:31+00:00
ORD-035800,9,7,Standing Desk 120cm,furniture,3,449.00,1347.00,completed,2026-07-18T10:42:22+00:00
ORD-035801,6,9,USB-C Hub 8-in-1,accessories,2,39.99,79.98,refunded,2026-07-18T21:05:29+00:00
ORD-035802,6,8,Ergonomic Chair,furniture,2,612.75,1225.50,completed,2026-07-18T13:28:10+00:00
ORD-035803,5,4,34in Ultrawide Monitor,displays,4,579.00,2316.00,cancelled,2026-07-18T01:40:27+00:00
ORD-035804,5,6,Desk Speakers Pair,audio,5,89.00,445.00,refunded,2026-07-18T00:14:33+00:00
ORD-035805,10,5,Over-ear Headphones,audio,1,199.95,199.95,completed,2026-07-18T16:45:44+00:00
ORD-035806,1,6,Desk Speakers Pair,audio,3,89.00,267.00,completed,2026-07-18T23:58:20+00:00
ORD-035807,3,9,USB-C Hub 8-in-1,accessories,2,39.99,79.98,completed,2026-07-18T21:34:08+00:00
ORD-035808,8,6,Desk Speakers Pair,audio,3,89.00,267.00,refunded,2026-07-18T11:40:57+00:00
ORD-035809,7,7,Standing Desk 120cm,furniture,5,449.00,2245.00,refunded,2026-07-18T10:15:22+00:00
ORD-035810,6,5,Over-ear Headphones,audio,2,199.95,399.90,cancelled,2026-07-18T01:36:04+00:00
ORD-035811,9,1,Mechanical Keyboard 75%,peripherals,5,129.00,645.00,pending,2026-07-18T19:37:39+00:00
ORD-035812,2,3,27in 1440p Monitor,displays,1,319.99,319.99,refunded,2026-07-18T23:43:45+00:00
ORD-035813,9,1,Mechanical Keyboard 75%,peripherals,5,129.00,645.00,refunded,2026-07-18T15:11:48+00:00
ORD-035814,5,4,34in Ultrawide Monitor,displays,1,579.00,579.00,cancelled,2026-07-18T12:19:08+00:00
ORD-035815,9,10,Laptop Stand Aluminium,accessories,2,27.50,55.00,cancelled,2026-07-18T05:23:00+00:00
ORD-035816,10,1,Mechanical Keyboard 75%,peripherals,5,129.00,645.00,pending,2026-07-18T21:15:16+00:00
ORD-035817,1,10,Laptop Stand Aluminium,accessories,3,27.50,82.50,completed,2026-07-18T23:29:43+00:00
ORD-035818,6,2,Wireless Mouse,peripherals,4,49.50,198.00,pending,2026-07-18T14:48:43+00:00
ORD-035819,7,5,Over-ear Headphones,audio,3,199.95,599.85,completed,2026-07-18T02:57:50+00:00
ORD-035820,4,10,Laptop Stand Aluminium,accessories,4,27.50,110.00,pending,2026-07-18T22:14:16+00:00
ORD-035821,3,1,Mechanical Keyboard 75%,peripherals,1,129.00,129.00,completed,2026-07-18T13:55:30+00:00
ORD-035822,10,3,27in 1440p Monitor,displays,3,319.99,959.97,pending,2026-07-18T07:53:39+00:00
ORD-035823,5,1,Mechanical Keyboard 75%,peripherals,4,129.00,516.00,cancelled,2026-07-18T06:51:54+00:00
ORD-035824,7,3,27in 1440p Monitor,displays,3,319.99,959.97,refunded,2026-07-18T08:52:19+00:00
ORD-035825,1,3,27in 1440p Monitor,displays,3,319.99,959.97,cancelled,2026-07-18T18:15:56+00:00
ORD-035826,10,1,Mechanical Keyboard 75%,peripherals,2,129.00,258.00,cancelled,2026-07-18T12:46:38+00:00
ORD-035827,7,7,Standing Desk 120cm,furniture,1,449.00,449.00,pending,2026-07-18T12:40:26+00:00
ORD-035828,7,6,Desk Speakers Pair,audio,2,89.00,178.00,completed,2026-07-18T01:14:45+00:00
ORD-035829,1,1,Mechanical Keyboard 75%,peripherals,3,129.00,387.00,refunded,2026-07-18T02:49:45+00:00
ORD-035830,6,7,Standing Desk 120cm,furniture,3,449.00,1347.00,completed,2026-07-18T22:15:47+00:00
ORD-035831,2,9,USB-C Hub 8-in-1,accessories,3,39.99,119.97,completed,2026-07-18T21:16:36+00:00
ORD-035832,7,3,27in 1440p Monitor,displays,1,319.99,319.99,cancelled,2026-07-18T17:28:56+00:00
ORD-035833,7,2,Wireless Mouse,peripherals,5,49.50,247.50,cancelled,2026-07-18T01:06:47+00:00
ORD-035834,6,10,Laptop Stand Aluminium,accessories,3,27.50,82.50,cancelled,2026-07-18T22:03:00+00:00
ORD-035835,10,1,Mechanical Keyboard 75%,peripherals,2,129.00,258.00,completed,2026-07-18T23:01:07+00:00
ORD-035836,4,6,Desk Speakers Pair,audio,4,89.00,356.00,cancelled,2026-07-18T12:07:35+00:00
ORD-035837,1,8,Ergonomic Chair,furniture,1,612.75,612.75,cancelled,2026-07-18T05:54:02+00:00
ORD-035838,5,5,Over-ear Headphones,audio,5,199.95,999.75,cancelled,2026-07-18T16:45:37+00:00
ORD-035839,8,5,Over-ear Headphones,audio,4,199.95,799.80,refunded,2026-07-18T13:54:37+00:00
ORD-035840,6,6,Desk Speakers Pair,audio,5,89.00,445.00,pending,2026-07-18T01:06:36+00:00
ORD-035841,9,10,Laptop Stand Aluminium,accessories,5,27.50,137.50,cancelled,2026-07-18T04:02:07+00:00
ORD-035842,4,6,Desk Speakers Pair,audio,4,89.00,356.00,pending,2026-07-18T10:34:30+00:00
ORD-035843,5,8,Ergonomic Chair,furniture,2,612.75,1225.50,pending,2026-07-18T10:48:46+00:00
ORD-035844,4,5,Over-ear Headphones,audio,2,199.95,399.90,refunded,2026-07-18T02:42:54+00:00
ORD-035845,9,2,Wireless Mouse,peripherals,5,49.50,247.50,refunded,2026-07-18T20:15:37+00:00
ORD-035846,1,10,Laptop Stand Aluminium,accessories,5,27.50,137.50,refunded,2026-07-18T20:07:24+00:00
ORD-035847,8,5,Over-ear Headphones,audio,1,199.95,199.95,cancelled,2026-07-18T13:48:09+00:00
ORD-035848,7,3,27in 1440p Monitor,displays,2,319.99,639.98,pending,2026-07-18T13:48:02+00:00
ORD-035849,10,7,Standing Desk 120cm,furniture,4,449.00,1796.00,refunded,2026-07-18T12:55:42+00:00
ORD-035850,10,5,Over-ear Headphones,audio,2,199.95,399.90,pending,2026-07-18T10:55:34+00:00
ORD-035851,1,4,34in Ultrawide Monitor,displays,3,579.00,1737.00,pending,2026-07-18T10:53:02+00:00
ORD-035852,5,1,Mechanical Keyboard 75%,peripherals,5,129.00,645.00,refunded,2026-07-18T13:02:02+00:00
ORD-035853,6,5,Over-ear Headphones,audio,4,199.95,799.80,completed,2026-07-18T17:36:00+00:00
ORD-035854,4,4,34in Ultrawide Monitor,displays,5,579.00,2895.00,cancelled,2026-07-18T12:58:10+00:00
ORD-035855,1,4,34in Ultrawide Monitor,displays,5,579.00,2895.00,cancelled,2026-07-18T15:54:12+00:00
ORD-035856,8,10,Laptop Stand Aluminium,accessories,1,27.50,27.50,completed,2026-07-18T00:18:50+00:00
ORD-035857,4,8,Ergonomic Chair,furniture,4,612.75,2451.00,cancelled,2026-07-18T16:12:43+00:00
ORD-035858,10,4,34in Ultrawide Monitor,displays,3,579.00,1737.00,completed,2026-07-18T05:29:07+00:00
ORD-035859,5,10,Laptop Stand Aluminium,accessories,5,27.50,137.50,cancelled,2026-07-18T03:00:56+00:00
ORD-035860,9,9,USB-C Hub 8-in-1,accessories,1,39.99,39.99,refunded,2026-07-18T17:21:11+00:00
ORD-035861,7,10,Laptop Stand Aluminium,accessories,1,27.50,27.50,pending,2026-07-18T04:13:05+00:00
ORD-035862,6,6,Desk Speakers Pair,audio,5,89.00,445.00,cancelled,2026-07-18T07:45:18+00:00
ORD-035863,5,10,Laptop Stand Aluminium,accessories,2,27.50,55.00,cancelled,2026-07-18T17:13:36+00:00
ORD-035864,7,10,Laptop Stand Aluminium,accessories,4,27.50,110.00,refunded,2026-07-18T16:21:18+00:00
ORD-035865,6,5,Over-ear Headphones,audio,2,199.95,399.90,cancelled,2026-07-18T23:32:39+00:00
ORD-035866,7,5,Over-ear Headphones,audio,5,199.95,999.75,completed,2026-07-18T02:21:20+00:00
ORD-035867,6,6,Desk Speakers Pair,audio,3,89.00,267.00,pending,2026-07-18T20:13:29+00:00
ORD-035868,9,8,Ergonomic Chair,furniture,2,612.75,1225.50,completed,2026-07-18T02:55:09+00:00
ORD-035869,6,1,Mechanical Keyboard 75%,peripherals,1,129.00,129.00,refunded,2026-07-18T17:57:07+00:00
ORD-035870,3,1,Mechanical Keyboard 75%,peripherals,5,129.00,645.00,cancelled,2026-07-18T22:06:09+00:00
ORD-035871,2,3,27in 1440p Monitor,displays,3,319.99,959.97,completed,2026-07-18T00:11:33+00:00
ORD-035872,2,10,Laptop Stand Aluminium,accessories,1,27.50,27.50,cancelled,2026-07-18T11:25:31+00:00
ORD-035873,8,1,Mechanical Keyboard 75%,peripherals,4,129.00,516.00,pending,2026-07-18T04:56:01+00:00
ORD-035874,5,1,Mechanical Keyboard 75%,peripherals,1,129.00,129.00,cancelled,2026-07-18T17:36:46+00:00
ORD-035875,6,1,Mechanical Keyboard 75%,peripherals,4,129.00,516.00,cancelled,2026-07-18T09:24:47+00:00
ORD-035876,5,3,27in 1440p Monitor,displays,3,319.99,959.97,refunded,2026-07-18T21:28:01+00:00
ORD-035877,9,6,Desk Speakers Pair,audio,3,89.00,267.00,refunded,2026-07-18T21:11:43+00:00
ORD-035878,5,7,Standing Desk 120cm,furniture,2,449.00,898.00,cancelled,2026-07-18T18:36:33+00:00
ORD-035879,5,7,Standing Desk 120cm,furniture,5,449.00,2245.00,completed,2026-07-18T02:26:17+00:00
ORD-035880,1,2,Wireless Mouse,peripherals,2,49.50,99.00,pending,2026-07-18T17:51:47+00:00
ORD-035881,7,3,27in 1440p Monitor,displays,5,319.99,1599.95,refunded,2026-07-18T04:52:20+00:00
ORD-035882,1,7,Standing Desk 120cm,furniture,2,449.00,898.00,completed,2026-07-18T14:32:10+00:00
ORD-035883,10,3,27in 1440p Monitor,displays,2,319.99,639.98,completed,2026-07-18T22:45:23+00:00
ORD-035884,3,5,Over-ear Headphones,audio,1,199.95,199.95,pending,2026-07-18T06:28:53+00:00
ORD-035885,6,5,Over-ear Headphones,audio,1,199.95,199.95,refunded,2026-07-18T21:23:06+00:00
ORD-035886,3,7,Standing Desk 120cm,furniture,3,449.00,1347.00,refunded,2026-07-18T08:08:35+00:00
ORD-035887,9,6,Desk Speakers Pair,audio,3,89.00,267.00,refunded,2026-07-18T07:42:32+00:00
ORD-035888,10,1,Mechanical Keyboard 75%,peripherals,2,129.00,258.00,cancelled,2026-07-18T05:49:11+00:00
ORD-035889,4,1,Mechanical Keyboard 75%,peripherals,4,129.00,516.00,refunded,2026-07-18T18:37:05+00:00
ORD-035890,4,9,USB-C Hub 8-in-1,accessories,4,39.99,159.96,completed,2026-07-18T16:03:29+00:00
ORD-035891,9,8,Ergonomic Chair,furniture,2,612.75,1225.50,refunded,2026-07-18T13:05:04+00:00
ORD-035892,1,7,Standing Desk 120cm,furniture,2,449.00,898.00,refunded,2026-07-18T23:26:40+00:00
ORD-035893,4,5,Over-ear Headphones,audio,2,199.95,399.90,cancelled,2026-07-18T17:53:12+00:00
ORD-035894,5,1,Mechanical Keyboard 75%,peripherals,1,129.00,129.00,pending,2026-07-18T08:07:09+00:00
ORD-035895,10,6,Desk Speakers Pair,audio,1,89.00,89.00,completed,2026-07-18T22:01:12+00:00
ORD-035896,6,9,USB-C Hub 8-in-1,accessories,4,39.99,159.96,completed,2026-07-18T16:51:28+00:00
ORD-035897,1,3,27in 1440p Monitor,displays,2,319.99,639.98,completed,2026-07-18T01:47:56+00:00
ORD-035898,3,4,34in Ultrawide Monitor,displays,2,579.00,1158.00,cancelled,2026-07-18T21:55:33+00:00
ORD-035899,9,1,Mechanical Keyboard 75%,peripherals,1,129.00,129.00,cancelled,2026-07-18T16:46:27+00:00
ORD-035900,6,6,Desk Speakers Pair,audio,2,89.00,178.00,pending,2026-07-18T19:32:55+00:00
ORD-035901,3,6,Desk Speakers Pair,audio,2,89.00,178.00,refunded,2026-07-18T21:00:10+00:00
ORD-035902,6,10,Laptop Stand Aluminium,accessories,2,27.50,55.00,pending,2026-07-18T19:23:23+00:00
ORD-035903,2,1,Mechanical Keyboard 75%,peripherals,4,129.00,516.00,pending,2026-07-18T13:07:46+00:00
ORD-035904,1,2,Wireless Mouse,peripherals,3,49.50,148.50,completed,2026-07-18T01:16:40+00:00
ORD-035905,1,10,Laptop Stand Aluminium,accessories,4,27.50,110.00,refunded,2026-07-18T07:15:01+00:00
ORD-035906,3,6,Desk Speakers Pair,audio,1,89.00,89.00,pending,2026-07-18T01:39:48+00:00
ORD-035907,10,8,Ergonomic Chair,furniture,4,612.75,2451.00,completed,2026-07-18T03:03:31+00:00
ORD-035908,8,9,USB-C Hub 8-in-1,accessories,5,39.99,199.95,refunded,2026-07-18T02:57:35+00:00
ORD-035909,9,6,Desk Speakers Pair,audio,5,89.00,445.00,refunded,2026-07-18T15:37:57+00:00
ORD-035910,4,10,Laptop Stand Aluminium,accessories,2,27.50,55.00,completed,2026-07-18T06:35:38+00:00
ORD-035911,1,3,27in 1440p Monitor,displays,2,319.99,639.98,completed,2026-07-18T04:19:36+00:00
ORD-035912,5,9,USB-C Hub 8-in-1,accessories,5,39.99,199.95,pending,2026-07-18T13:29:13+00:00
ORD-035913,10,8,Ergonomic Chair,furniture,4,612.75,2451.00,refunded,2026-07-18T23:44:44+00:00
ORD-035914,7,10,Laptop Stand Aluminium,accessories,4,27.50,110.00,cancelled,2026-07-18T02:51:22+00:00
ORD-035915,2,3,27in 1440p Monitor,displays,1,319.99,319.99,refunded,2026-07-18T20:52:20+00:00
ORD-035916,3,10,Laptop Stand Aluminium,accessories,5,27.50,137.50,cancelled,2026-07-18T07:27:48+00:00
ORD-035917,7,1,Mechanical Keyboard 75%,peripherals,1,129.00,129.00,completed,2026-07-18T06:18:35+00:00
ORD-035918,5,1,Mechanical Keyboard 75%,peripherals,4,129.00,516.00,cancelled,2026-07-18T08:39:21+00:00
ORD-035919,3,2,Wireless Mouse,peripherals,1,49.50,49.50,completed,2026-07-18T02:46:50+00:00
ORD-035920,8,2,Wireless Mouse,peripherals,2,49.50,99.00,refunded,2026-07-18T12:27:31+00:00
ORD-035921,6,9,USB-C Hub 8-in-1,accessories,4,39.99,159.96,completed,2026-07-18T05:13:56+00:00
ORD-035922,3,3,27in 1440p Monitor,displays,4,319.99,1279.96,pending,2026-07-18T03:18:15+00:00
ORD-035923,7,5,Over-ear Headphones,audio,5,199.95,999.75,completed,2026-07-18T04:57:37+00:00
ORD-035924,9,1,Mechanical Keyboard 75%,peripherals,1,129.00,129.00,completed,2026-07-18T07:51:23+00:00
ORD-035925,2,6,Desk Speakers Pair,audio,3,89.00,267.00,pending,2026-07-18T19:11:30+00:00
ORD-035926,8,6,Desk Speakers Pair,audio,1,89.00,89.00,pending,2026-07-18T16:28:06+00:00
ORD-035927,9,6,Desk Speakers Pair,audio,1,89.00,89.00,pending,2026-07-18T22:30:26+00:00
ORD-035928,1,5,Over-ear Headphones,audio,5,199.95,999.75,completed,2026-07-18T02:02:42+00:00
ORD-035929,1,7,Standing Desk 120cm,furniture,5,449.00,2245.00,pending,2026-07-18T21:58:10+00:00
ORD-035930,1,2,Wireless Mouse,peripherals,4,49.50,198.00,pending,2026-07-18T05:22:18+00:00
ORD-035931,7,8,Ergonomic Chair,furniture,4,612.75,2451.00,completed,2026-07-18T04:17:02+00:00
ORD-035932,10,8,Ergonomic Chair,furniture,5,612.75,3063.75,completed,2026-07-18T16:16:07+00:00
ORD-035933,5,7,Standing Desk 120cm,furniture,5,449.00,2245.00,refunded,2026-07-18T14:33:11+00:00
ORD-035934,6,5,Over-ear Headphones,audio,2,199.95,399.90,pending,2026-07-18T22:33:08+00:00
ORD-035935,2,9,USB-C Hub 8-in-1,accessories,3,39.99,119.97,refunded,2026-07-18T11:34:47+00:00
ORD-035936,8,10,Laptop Stand Aluminium,accessories,2,27.50,55.00,completed,2026-07-18T20:23:25+00:00
ORD-035937,7,1,Mechanical Keyboard 75%,peripherals,5,129.00,645.00,pending,2026-07-18T02:29:42+00:00
ORD-035938,8,5,Over-ear Headphones,audio,4,199.95,799.80,pending,2026-07-18T21:56:03+00:00
ORD-035939,9,1,Mechanical Keyboard 75%,peripherals,3,129.00,387.00,cancelled,2026-07-18T17:24:49+00:00
ORD-035940,9,7,Standing Desk 120cm,furniture,1,449.00,449.00,cancelled,2026-07-18T17:11:43+00:00
ORD-035941,4,2,Wireless Mouse,peripherals,3,49.50,148.50,refunded,2026-07-18T17:11:09+00:00
ORD-035942,4,3,27in 1440p Monitor,displays,2,319.99,639.98,cancelled,2026-07-18T19:09:42+00:00
ORD-035943,9,5,Over-ear Headphones,audio,2,199.95,399.90,cancelled,2026-07-18T10:46:00+00:00
ORD-035944,10,6,Desk Speakers Pair,audio,1,89.00,89.00,cancelled,2026-07-18T06:21:14+00:00
ORD-035945,9,8,Ergonomic Chair,furniture,4,612.75,2451.00,refunded,2026-07-18T22:03:47+00:00
ORD-035946,10,2,Wireless Mouse,peripherals,2,49.50,99.00,cancelled,2026-07-18T11:32:49+00:00
ORD-035947,4,4,34in Ultrawide Monitor,displays,4,579.00,2316.00,refunded,2026-07-18T00:57:57+00:00
ORD-035948,5,2,Wireless Mouse,peripherals,3,49.50,148.50,refunded,2026-07-18T06:04:02+00:00
ORD-035949,9,9,USB-C Hub 8-in-1,accessories,2,39.99,79.98,completed,2026-07-18T14:58:08+00:00
ORD-035950,9,1,Mechanical Keyboard 75%,peripherals,1,129.00,129.00,completed,2026-07-18T22:41:36+00:00
ORD-035951,6,1,Mechanical Keyboard 75%,peripherals,4,129.00,516.00,completed,2026-07-18T15:04:12+00:00
ORD-035952,6,10,Laptop Stand Aluminium,accessories,4,27.50,110.00,cancelled,2026-07-18T17:34:00+00:00
ORD-035953,4,7,Standing Desk 120cm,furniture,3,449.00,1347.00,completed,2026-07-18T21:30:23+00:00
ORD-035954,4,8,Ergonomic Chair,furniture,1,612.75,612.75,pending,2026-07-18T01:39:56+00:00
ORD-035955,4,6,Desk Speakers Pair,audio,2,89.00,178.00,completed,2026-07-18T04:31:18+00:00
ORD-035956,3,10,Laptop Stand Aluminium,accessories,1,27.50,27.50,completed,2026-07-18T05:04:57+00:00
ORD-035957,4,4,34in Ultrawide Monitor,displays,5,579.00,2895.00,pending,2026-07-18T12:58:04+00:00
ORD-035958,8,5,Over-ear Headphones,audio,5,199.95,999.75,cancelled,2026-07-18T00:22:52+00:00
ORD-035959,6,2,Wireless Mouse,peripherals,1,49.50,49.50,cancelled,2026-07-18T21:59:54+00:00
ORD-035960,5,6,Desk Speakers Pair,audio,1,89.00,89.00,cancelled,2026-07-18T05:41:31+00:00
ORD-035961,3,8,Ergonomic Chair,furniture,5,612.75,3063.75,refunded,2026-07-18T17:14:13+00:00
ORD-035962,4,10,Laptop Stand Aluminium,accessories,5,27.50,137.50,cancelled,2026-07-18T09:11:48+00:00
ORD-035963,3,7,Standing Desk 120cm,furniture,4,449.00,1796.00,refunded,2026-07-18T05:06:37+00:00
ORD-035964,3,1,Mechanical Keyboard 75%,peripherals,1,129.00,129.00,refunded,2026-07-18T19:02:00+00:00
ORD-035965,8,4,34in Ultrawide Monitor,displays,5,579.00,2895.00,pending,2026-07-18T17:30:44+00:00
ORD-035966,6,5,Over-ear Headphones,audio,3,199.95,599.85,pending,2026-07-18T22:10:38+00:00
ORD-035967,9,8,Ergonomic Chair,furniture,5,612.75,3063.75,refunded,2026-07-18T00:25:22+00:00
ORD-035968,1,2,Wireless Mouse,peripherals,1,49.50,49.50,pending,2026-07-18T12:47:13+00:00
ORD-035969,6,4,34in Ultrawide Monitor,displays,5,579.00,2895.00,pending,2026-07-18T04:50:28+00:00
ORD-035970,1,2,Wireless Mouse,peripherals,5,49.50,247.50,completed,2026-07-18T14:58:29+00:00
ORD-035971,5,3,27in 1440p Monitor,displays,1,319.99,319.99,refunded,2026-07-18T01:58:16+00:00
ORD-035972,3,1,Mechanical Keyboard 75%,peripherals,5,129.00,645.00,pending,2026-07-18T03:04:17+00:00
ORD-035973,8,5,Over-ear Headphones,audio,4,199.95,799.80,completed,2026-07-18T19:52:22+00:00
ORD-035974,8,10,Laptop Stand Aluminium,accessories,1,27.50,27.50,cancelled,2026-07-18T05:19:35+00:00
ORD-035975,7,2,Wireless Mouse,peripherals,2,49.50,99.00,refunded,2026-07-18T13:12:14+00:00
ORD-035976,10,7,Standing Desk 120cm,furniture,2,449.00,898.00,completed,2026-07-18T21:05:54+00:00
ORD-035977,7,8,Ergonomic Chair,furniture,2,612.75,1225.50,cancelled,2026-07-18T12:41:57+00:00
ORD-035978,7,1,Mechanical Keyboard 75%,peripherals,3,129.00,387.00,pending,2026-07-18T17:04:03+00:00
ORD-035979,6,1,Mechanical Keyboard 75%,peripherals,2,129.00,258.00,pending,2026-07-18T08:15:50+00:00
ORD-035980,4,5,Over-ear Headphones,audio,5,199.95,999.75,pending,2026-07-18T05:01:22+00:00
ORD-035981,10,1,Mechanical Keyboard 75%,peripherals,1,129.00,129.00,refunded,2026-07-18T13:32:17+00:00
ORD-035982,3,8,Ergonomic Chair,furniture,4,612.75,2451.00,completed,2026-07-18T21:21:02+00:00
ORD-035983,5,6,Desk Speakers Pair,audio,5,89.00,445.00,cancelled,2026-07-18T09:35:36+00:00
ORD-035984,2,5,Over-ear Headphones,audio,4,199.95,799.80,pending,2026-07-18T22:45:15+00:00
ORD-035985,4,1,Mechanical Keyboard 75%,peripherals,4,129.00,516.00,completed,2026-07-18T13:03:10+00:00
ORD-035986,2,7,Standing Desk 120cm,furniture,3,449.00,1347.00,completed,2026-07-18T06:58:49+00:00
ORD-035987,1,6,Desk Speakers Pair,audio,5,89.00,445.00,refunded,2026-07-18T22:21:34+00:00
ORD-035988,10,6,Desk Speakers Pair,audio,4,89.00,356.00,cancelled,2026-07-18T20:27:46+00:00
ORD-035989,1,7,Standing Desk 120cm,furniture,1,449.00,449.00,pending,2026-07-18T11:16:36+00:00
ORD-035990,2,9,USB-C Hub 8-in-1,accessories,5,39.99,199.95,pending,2026-07-18T23:52:03+00:00
ORD-035991,8,9,USB-C Hub 8-in-1,accessories,4,39.99,159.96,refunded,2026-07-18T01:33:59+00:00
ORD-035992,8,6,Desk Speakers Pair,audio,5,89.00,445.00,completed,2026-07-18T07:44:49+00:00
ORD-035993,7,8,Ergonomic Chair,furniture,2,612.75,1225.50,refunded,2026-07-18T00:18:05+00:00
ORD-035994,7,4,34in Ultrawide Monitor,displays,4,579.00,2316.00,completed,2026-07-18T03:14:59+00:00
ORD-035995,1,7,Standing Desk 120cm,furniture,5,449.00,2245.00,pending,2026-07-18T10:16:16+00:00
ORD-035996,8,6,Desk Speakers Pair,audio,2,89.00,178.00,refunded,2026-07-18T04:39:59+00:00
ORD-035997,1,4,34in Ultrawide Monitor,displays,5,579.00,2895.00,pending,2026-07-18T17:43:27+00:00
ORD-035998,5,2,Wireless Mouse,peripherals,3,49.50,148.50,pending,2026-07-18T23:48:40+00:00
ORD-035999,4,2,Wireless Mouse,peripherals,2,49.50,99.00,pending,2026-07-18T01:35:10+00:00
ORD-036000,1,9,USB-C Hub 8-in-1,accessories,5,39.99,199.95,completed,2026-07-18T10:42:13+00:00
ORD-036001,9,3,27in 1440p Monitor,displays,1,319.99,319.99,completed,2026-07-18T14:02:29+00:00
ORD-036002,2,4,34in Ultrawide Monitor,displays,2,579.00,1158.00,cancelled,2026-07-18T23:39:27+00:00
ORD-036003,1,4,34in Ultrawide Monitor,displays,2,579.00,1158.00,cancelled,2026-07-18T20:59:45+00:00
ORD-036004,1,9,USB-C Hub 8-in-1,accessories,4,39.99,159.96,completed,2026-07-18T20:17:06+00:00
ORD-036005,8,9,USB-C Hub 8-in-1,accessories,3,39.99,119.97,refunded,2026-07-18T12:53:42+00:00
ORD-036006,6,6,Desk Speakers Pair,audio,2,89.00,178.00,cancelled,2026-07-18T13:28:06+00:00
ORD-036007,7,5,Over-ear Headphones,audio,4,199.95,799.80,pending,2026-07-18T06:38:37+00:00
ORD-036008,5,5,Over-ear Headphones,audio,2,199.95,399.90,completed,2026-07-18T04:41:06+00:00
ORD-036009,3,4,34in Ultrawide Monitor,displays,4,579.00,2316.00,refunded,2026-07-18T21:21:02+00:00
ORD-036010,3,6,Desk Speakers Pair,audio,2,89.00,178.00,cancelled,2026-07-18T09:28:46+00:00
ORD-036011,10,6,Desk Speakers Pair,audio,1,89.00,89.00,pending,2026-07-18T07:24:37+00:00
ORD-036012,9,3,27in 1440p Monitor,displays,5,319.99,1599.95,refunded,2026-07-18T01:58:42+00:00
ORD-036013,6,8,Ergonomic Chair,furniture,2,612.75,1225.50,pending,2026-07-18T14:28:20+00:00
ORD-036014,4,6,Desk Speakers Pair,audio,2,89.00,178.00,cancelled,2026-07-18T05:43:53+00:00
ORD-036015,1,9,USB-C Hub 8-in-1,accessories,5,39.99,199.95,completed,2026-07-18T06:04:21+00:00
ORD-036016,8,7,Standing Desk 120cm,furniture,1,449.00,449.00,pending,2026-07-18T16:44:35+00:00
ORD-036017,1,3,27in 1440p Monitor,displays,2,319.99,639.98,refunded,2026-07-18T07:40:19+00:00
ORD-036018,3,9,USB-C Hub 8-in-1,accessories,5,39.99,199.95,refunded,2026-07-18T15:04:27+00:00
ORD-036019,5,9,USB-C Hub 8-in-1,accessories,1,39.99,39.99,pending,2026-07-18T20:16:21+00:00
ORD-036020,10,4,34in Ultrawide Monitor,displays,1,579.00,579.00,completed,2026-07-18T14:13:31+00:00
ORD-036021,4,2,Wireless Mouse,peripherals,2,49.50,99.00,completed,2026-07-18T18:57:36+00:00
ORD-036022,6,1,Mechanical Keyboard 75%,peripherals,4,129.00,516.00,cancelled,2026-07-18T12:33:52+00:00
ORD-036023,6,3,27in 1440p Monitor,displays,5,319.99,1599.95,cancelled,2026-07-18T11:24:32+00:00
ORD-036024,10,8,Ergonomic Chair,furniture,2,612.75,1225.50,pending,2026-07-18T07:36:48+00:00
ORD-036025,1,2,Wireless Mouse,peripherals,3,49.50,148.50,pending,2026-07-18T11:10:02+00:00
ORD-036026,10,1,Mechanical Keyboard 75%,peripherals,1,129.00,129.00,cancelled,2026-07-18T17:09:34+00:00
ORD-036027,7,3,27in 1440p Monitor,displays,5,319.99,1599.95,completed,2026-07-18T18:26:27+00:00
ORD-036028,3,5,Over-ear Headphones,audio,1,199.95,199.95,refunded,2026-07-18T11:32:00+00:00
ORD-036029,7,5,Over-ear Headphones,audio,3,199.95,599.85,completed,2026-07-18T08:09:44+00:00
ORD-036030,5,6,Desk Speakers Pair,audio,1,89.00,89.00,cancelled,2026-07-18T04:02:56+00:00
ORD-036031,5,6,Desk Speakers Pair,audio,1,89.00,89.00,pending,2026-07-18T21:27:45+00:00
ORD-036032,1,8,Ergonomic Chair,furniture,3,612.75,1838.25,cancelled,2026-07-18T19:58:10+00:00
ORD-036033,6,5,Over-ear Headphones,audio,1,199.95,199.95,pending,2026-07-18T06:38:54+00:00
ORD-036034,8,5,Over-ear Headphones,audio,4,199.95,799.80,completed,2026-07-18T02:14:33+00:00
ORD-036035,8,5,Over-ear Headphones,audio,4,199.95,799.80,completed,2026-07-18T14:33:57+00:00
ORD-036036,5,3,27in 1440p Monitor,displays,1,319.99,319.99,pending,2026-07-18T17:38:43+00:00
ORD-036037,9,6,Desk Speakers Pair,audio,1,89.00,89.00,completed,2026-07-18T11:09:39+00:00
ORD-036038,5,4,34in Ultrawide Monitor,displays,2,579.00,1158.00,refunded,2026-07-18T22:09:28+00:00
ORD-036039,1,4,34in Ultrawide Monitor,displays,3,579.00,1737.00,cancelled,2026-07-18T07:47:51+00:00
ORD-036040,10,1,Mechanical Keyboard 75%,peripherals,3,129.00,387.00,refunded,2026-07-18T15:23:15+00:00
ORD-036041,2,5,Over-ear Headphones,audio,2,199.95,399.90,cancelled,2026-07-18T12:21:31+00:00
ORD-036042,6,2,Wireless Mouse,peripherals,1,49.50,49.50,completed,2026-07-18T17:53:42+00:00
ORD-036043,6,4,34in Ultrawide Monitor,displays,2,579.00,1158.00,cancelled,2026-07-18T13:01:51+00:00
ORD-036044,8,2,Wireless Mouse,peripherals,5,49.50,247.50,pending,2026-07-18T01:11:47+00:00
ORD-036045,6,2,Wireless Mouse,peripherals,4,49.50,198.00,cancelled,2026-07-18T02:29:32+00:00
ORD-036046,10,4,34in Ultrawide Monitor,displays,1,579.00,579.00,completed,2026-07-18T22:55:15+00:00
ORD-036047,2,5,Over-ear Headphones,audio,4,199.95,799.80,cancelled,2026-07-18T04:11:20+00:00
ORD-036048,3,6,Desk Speakers Pair,audio,5,89.00,445.00,completed,2026-07-18T16:28:01+00:00
ORD-036049,5,8,Ergonomic Chair,furniture,4,612.75,2451.00,completed,2026-07-18T12:19:05+00:00
ORD-036050,1,9,USB-C Hub 8-in-1,accessories,4,39.99,159.96,completed,2026-07-18T00:20:13+00:00
ORD-036051,6,9,USB-C Hub 8-in-1,accessories,1,39.99,39.99,pending,2026-07-18T14:22:23+00:00
ORD-036052,9,7,Standing Desk 120cm,furniture,4,449.00,1796.00,completed,2026-07-18T02:16:56+00:00
ORD-036053,8,2,Wireless Mouse,peripherals,4,49.50,198.00,completed,2026-07-18T15:14:54+00:00
ORD-036054,2,6,Desk Speakers Pair,audio,3,89.00,267.00,cancelled,2026-07-18T14:15:30+00:00
ORD-036055,6,2,Wireless Mouse,peripherals,4,49.50,198.00,refunded,2026-07-18T09:38:09+00:00
ORD-036056,8,5,Over-ear Headphones,audio,2,199.95,399.90,completed,2026-07-18T11:45:06+00:00
ORD-036057,2,8,Ergonomic Chair,furniture,2,612.75,1225.50,pending,2026-07-18T13:45:58+00:00
ORD-036058,7,5,Over-ear Headphones,audio,5,199.95,999.75,cancelled,2026-07-18T22:34:27+00:00
ORD-036059,4,5,Over-ear Headphones,audio,4,199.95,799.80,completed,2026-07-18T02:46:22+00:00
ORD-036060,4,8,Ergonomic Chair,furniture,4,612.75,2451.00,pending,2026-07-18T10:16:41+00:00
ORD-036061,4,1,Mechanical Keyboard 75%,peripherals,4,129.00,516.00,completed,2026-07-18T04:18:54+00:00
ORD-036062,3,6,Desk Speakers Pair,audio,4,89.00,356.00,pending,2026-07-18T17:00:52+00:00
ORD-036063,10,6,Desk Speakers Pair,audio,4,89.00,356.00,pending,2026-07-18T03:26:21+00:00
ORD-036064,10,6,Desk Speakers Pair,audio,1,89.00,89.00,refunded,2026-07-18T04:53:30+00:00
ORD-036065,3,1,Mechanical Keyboard 75%,peripherals,4,129.00,516.00,completed,2026-07-18T17:59:17+00:00
ORD-036066,7,8,Ergonomic Chair,furniture,1,612.75,612.75,pending,2026-07-18T17:01:06+00:00
ORD-036067,8,8,Ergonomic Chair,furniture,2,612.75,1225.50,refunded,2026-07-18T02:39:41+00:00
ORD-036068,6,7,Standing Desk 120cm,furniture,4,449.00,1796.00,pending,2026-07-18T12:19:18+00:00
ORD-036069,4,1,Mechanical Keyboard 75%,peripherals,5,129.00,645.00,pending,2026-07-18T19:44:55+00:00
ORD-036070,2,4,34in Ultrawide Monitor,displays,2,579.00,1158.00,refunded,2026-07-18T13:54:17+00:00
ORD-036071,1,5,Over-ear Headphones,audio,3,199.95,599.85,cancelled,2026-07-18T20:08:06+00:00
ORD-036072,7,10,Laptop Stand Aluminium,accessories,5,27.50,137.50,cancelled,2026-07-18T06:15:09+00:00
ORD-036073,4,4,34in Ultrawide Monitor,displays,1,579.00,579.00,refunded,2026-07-18T13:13:50+00:00
ORD-036074,2,3,27in 1440p Monitor,displays,2,319.99,639.98,completed,2026-07-18T05:37:35+00:00
ORD-036075,5,4,34in Ultrawide Monitor,displays,3,579.00,1737.00,cancelled,2026-07-18T00:56:42+00:00
ORD-036076,8,10,Laptop Stand Aluminium,accessories,1,27.50,27.50,cancelled,2026-07-18T10:35:27+00:00
ORD-036077,1,5,Over-ear Headphones,audio,1,199.95,199.95,refunded,2026-07-18T09:15:30+00:00
ORD-036078,7,5,Over-ear Headphones,audio,1,199.95,199.95,pending,2026-07-18T05:48:16+00:00
ORD-036079,7,7,Standing Desk 120cm,furniture,3,449.00,1347.00,completed,2026-07-18T14:02:26+00:00
ORD-036080,6,4,34in Ultrawide Monitor,displays,1,579.00,579.00,completed,2026-07-18T16:26:56+00:00
ORD-036081,1,5,Over-ear Headphones,audio,5,199.95,999.75,completed,2026-07-18T18:57:39+00:00
ORD-036082,1,5,Over-ear Headphones,audio,2,199.95,399.90,cancelled,2026-07-18T02:24:25+00:00
ORD-036083,8,3,27in 1440p Monitor,displays,4,319.99,1279.96,completed,2026-07-18T20:23:35+00:00
ORD-036084,5,7,Standing Desk 120cm,furniture,5,449.00,2245.00,completed,2026-07-18T02:25:32+00:00
ORD-036085,3,9,USB-C Hub 8-in-1,accessories,1,39.99,39.99,completed,2026-07-18T02:19:07+00:00
ORD-036086,2,10,Laptop Stand Aluminium,accessories,1,27.50,27.50,pending,2026-07-18T20:11:13+00:00
ORD-036087,7,6,Desk Speakers Pair,audio,2,89.00,178.00,cancelled,2026-07-18T10:36:58+00:00
ORD-036088,1,9,USB-C Hub 8-in-1,accessories,3,39.99,119.97,refunded,2026-07-18T19:23:30+00:00
ORD-036089,10,2,Wireless Mouse,peripherals,2,49.50,99.00,completed,2026-07-18T13:42:29+00:00
ORD-036090,7,6,Desk Speakers Pair,audio,2,89.00,178.00,refunded,2026-07-18T19:20:46+00:00
ORD-036091,3,3,27in 1440p Monitor,displays,5,319.99,1599.95,completed,2026-07-18T16:30:04+00:00
ORD-036092,8,2,Wireless Mouse,peripherals,3,49.50,148.50,pending,2026-07-18T15:44:16+00:00
ORD-036093,8,10,Laptop Stand Aluminium,accessories,3,27.50,82.50,completed,2026-07-18T16:27:22+00:00
ORD-036094,2,3,27in 1440p Monitor,displays,2,319.99,639.98,pending,2026-07-18T09:05:40+00:00
ORD-036095,6,6,Desk Speakers Pair,audio,5,89.00,445.00,cancelled,2026-07-18T05:38:34+00:00
ORD-036096,6,7,Standing Desk 120cm,furniture,5,449.00,2245.00,pending,2026-07-18T20:42:42+00:00
ORD-036097,5,5,Over-ear Headphones,audio,5,199.95,999.75,completed,2026-07-18T04:22:34+00:00
ORD-036098,1,8,Ergonomic Chair,furniture,2,612.75,1225.50,pending,2026-07-18T05:57:03+00:00
ORD-036099,5,6,Desk Speakers Pair,audio,4,89.00,356.00,pending,2026-07-18T10:07:56+00:00
ORD-036100,4,5,Over-ear Headphones,audio,5,199.95,999.75,refunded,2026-07-18T18:02:14+00:00
ORD-036101,2,4,34in Ultrawide Monitor,displays,1,579.00,579.00,completed,2026-07-18T13:13:15+00:00
ORD-036102,10,2,Wireless Mouse,peripherals,3,49.50,148.50,pending,2026-07-18T23:09:48+00:00
ORD-036103,9,6,Desk Speakers Pair,audio,1,89.00,89.00,pending,2026-07-18T00:42:03+00:00
ORD-036104,6,6,Desk Speakers Pair,audio,4,89.00,356.00,completed,2026-07-18T20:17:18+00:00
ORD-036105,6,7,Standing Desk 120cm,furniture,2,449.00,898.00,pending,2026-07-18T04:05:17+00:00
ORD-036106,1,7,Standing Desk 120cm,furniture,1,449.00,449.00,refunded,2026-07-18T08:58:51+00:00
ORD-036107,4,4,34in Ultrawide Monitor,displays,2,579.00,1158.00,pending,2026-07-18T15:32:25+00:00
ORD-036108,2,6,Desk Speakers Pair,audio,1,89.00,89.00,cancelled,2026-07-18T19:33:01+00:00
ORD-036109,6,7,Standing Desk 120cm,furniture,5,449.00,2245.00,cancelled,2026-07-18T14:23:43+00:00
ORD-036110,2,5,Over-ear Headphones,audio,1,199.95,199.95,cancelled,2026-07-18T18:19:40+00:00
ORD-036111,4,7,Standing Desk 120cm,furniture,4,449.00,1796.00,pending,2026-07-18T07:35:21+00:00
ORD-036112,2,2,Wireless Mouse,peripherals,4,49.50,198.00,pending,2026-07-18T01:22:52+00:00
ORD-036113,8,2,Wireless Mouse,peripherals,5,49.50,247.50,completed,2026-07-18T04:33:38+00:00
ORD-036114,9,6,Desk Speakers Pair,audio,1,89.00,89.00,cancelled,2026-07-18T19:37:59+00:00
ORD-036115,8,9,USB-C Hub 8-in-1,accessories,5,39.99,199.95,refunded,2026-07-18T08:55:00+00:00
ORD-036116,2,6,Desk Speakers Pair,audio,4,89.00,356.00,completed,2026-07-18T17:55:25+00:00
ORD-036117,4,8,Ergonomic Chair,furniture,1,612.75,612.75,pending,2026-07-18T03:49:42+00:00
ORD-036118,8,5,Over-ear Headphones,audio,3,199.95,599.85,cancelled,2026-07-18T03:59:18+00:00
ORD-036119,10,8,Ergonomic Chair,furniture,5,612.75,3063.75,completed,2026-07-18T08:29:32+00:00
ORD-036120,8,9,USB-C Hub 8-in-1,accessories,4,39.99,159.96,completed,2026-07-18T13:49:48+00:00
ORD-036121,3,2,Wireless Mouse,peripherals,1,49.50,49.50,refunded,2026-07-18T14:55:09+00:00
ORD-036122,5,3,27in 1440p Monitor,displays,4,319.99,1279.96,pending,2026-07-18T15:11:04+00:00
ORD-036123,4,5,Over-ear Headphones,audio,5,199.95,999.75,refunded,2026-07-18T20:41:03+00:00
ORD-036124,2,4,34in Ultrawide Monitor,displays,2,579.00,1158.00,cancelled,2026-07-18T07:56:14+00:00
ORD-036125,3,6,Desk Speakers Pair,audio,3,89.00,267.00,refunded,2026-07-18T06:34:13+00:00
ORD-036126,6,1,Mechanical Keyboard 75%,peripherals,2,129.00,258.00,refunded,2026-07-18T19:43:46+00:00
ORD-036127,3,5,Over-ear Headphones,audio,5,199.95,999.75,cancelled,2026-07-18T15:37:47+00:00
ORD-036128,5,3,27in 1440p Monitor,displays,5,319.99,1599.95,completed,2026-07-18T12:50:12+00:00
ORD-036129,7,1,Mechanical Keyboard 75%,peripherals,4,129.00,516.00,refunded,2026-07-18T18:25:27+00:00
ORD-036130,9,2,Wireless Mouse,peripherals,5,49.50,247.50,refunded,2026-07-18T10:28:58+00:00
ORD-036131,4,4,34in Ultrawide Monitor,displays,3,579.00,1737.00,cancelled,2026-07-18T21:08:43+00:00
ORD-036132,5,9,USB-C Hub 8-in-1,accessories,3,39.99,119.97,refunded,2026-07-18T05:49:32+00:00
ORD-036133,2,9,USB-C Hub 8-in-1,accessories,2,39.99,79.98,completed,2026-07-18T22:17:51+00:00
ORD-036134,8,4,34in Ultrawide Monitor,displays,5,579.00,2895.00,completed,2026-07-18T05:56:14+00:00
ORD-036135,8,10,Laptop Stand Aluminium,accessories,4,27.50,110.00,cancelled,2026-07-18T01:24:10+00:00
ORD-036136,5,7,Standing Desk 120cm,furniture,2,449.00,898.00,refunded,2026-07-18T05:12:21+00:00
ORD-036137,10,9,USB-C Hub 8-in-1,accessories,4,39.99,159.96,refunded,2026-07-18T23:25:11+00:00
ORD-036138,8,4,34in Ultrawide Monitor,displays,1,579.00,579.00,refunded,2026-07-18T18:17:00+00:00
ORD-036139,2,9,USB-C Hub 8-in-1,accessories,2,39.99,79.98,completed,2026-07-18T13:03:41+00:00
ORD-036140,2,10,Laptop Stand Aluminium,accessories,5,27.50,137.50,refunded,2026-07-18T22:53:28+00:00
ORD-036141,5,7,Standing Desk 120cm,furniture,2,449.00,898.00,cancelled,2026-07-18T01:50:37+00:00
ORD-036142,7,5,Over-ear Headphones,audio,3,199.95,599.85,cancelled,2026-07-18T01:06:53+00:00
ORD-036143,8,6,Desk Speakers Pair,audio,4,89.00,356.00,pending,2026-07-18T12:33:18+00:00
ORD-036144,9,1,Mechanical Keyboard 75%,peripherals,3,129.00,387.00,cancelled,2026-07-18T18:10:02+00:00
ORD-036145,8,8,Ergonomic Chair,furniture,3,612.75,1838.25,cancelled,2026-07-18T05:17:17+00:00
ORD-036146,3,6,Desk Speakers Pair,audio,1,89.00,89.00,refunded,2026-07-18T17:39:31+00:00
ORD-036147,6,3,27in 1440p Monitor,displays,4,319.99,1279.96,cancelled,2026-07-18T09:37:53+00:00
ORD-036148,8,9,USB-C Hub 8-in-1,accessories,3,39.99,119.97,refunded,2026-07-18T07:28:45+00:00
ORD-036149,4,9,USB-C Hub 8-in-1,accessories,5,39.99,199.95,refunded,2026-07-18T01:55:04+00:00
ORD-036150,5,3,27in 1440p Monitor,displays,3,319.99,959.97,refunded,2026-07-18T05:26:14+00:00
ORD-036151,6,10,Laptop Stand Aluminium,accessories,4,27.50,110.00,cancelled,2026-07-18T04:00:21+00:00
ORD-036152,5,10,Laptop Stand Aluminium,accessories,2,27.50,55.00,completed,2026-07-18T15:34:51+00:00
ORD-036153,5,7,Standing Desk 120cm,furniture,4,449.00,1796.00,completed,2026-07-18T10:47:54+00:00
ORD-036154,8,9,USB-C Hub 8-in-1,accessories,4,39.99,159.96,cancelled,2026-07-18T14:49:21+00:00
ORD-036155,1,1,Mechanical Keyboard 75%,peripherals,4,129.00,516.00,pending,2026-07-18T16:42:08+00:00
ORD-036156,7,9,USB-C Hub 8-in-1,accessories,2,39.99,79.98,cancelled,2026-07-18T21:04:41+00:00
ORD-036157,1,3,27in 1440p Monitor,displays,5,319.99,1599.95,cancelled,2026-07-18T02:42:55+00:00
ORD-036158,10,8,Ergonomic Chair,furniture,3,612.75,1838.25,cancelled,2026-07-18T15:47:09+00:00
ORD-036159,3,10,Laptop Stand Aluminium,accessories,4,27.50,110.00,pending,2026-07-18T20:16:33+00:00
ORD-036160,10,9,USB-C Hub 8-in-1,accessories,1,39.99,39.99,pending,2026-07-18T22:04:41+00:00
ORD-036161,1,5,Over-ear Headphones,audio,2,199.95,399.90,completed,2026-07-18T20:05:19+00:00
ORD-036162,6,4,34in Ultrawide Monitor,displays,2,579.00,1158.00,refunded,2026-07-18T12:08:45+00:00
ORD-036163,5,4,34in Ultrawide Monitor,displays,2,579.00,1158.00,completed,2026-07-18T06:00:41+00:00
ORD-036164,7,4,34in Ultrawide Monitor,displays,3,579.00,1737.00,pending,2026-07-18T02:53:28+00:00
ORD-036165,4,3,27in 1440p Monitor,displays,3,319.99,959.97,completed,2026-07-18T15:22:08+00:00
ORD-036166,2,5,Over-ear Headphones,audio,5,199.95,999.75,pending,2026-07-18T21:21:55+00:00
ORD-036167,3,5,Over-ear Headphones,audio,1,199.95,199.95,cancelled,2026-07-18T17:57:21+00:00
ORD-036168,9,5,Over-ear Headphones,audio,2,199.95,399.90,cancelled,2026-07-18T19:29:50+00:00
ORD-036169,8,7,Standing Desk 120cm,furniture,4,449.00,1796.00,cancelled,2026-07-18T22:49:01+00:00
ORD-036170,10,1,Mechanical Keyboard 75%,peripherals,3,129.00,387.00,pending,2026-07-18T01:28:27+00:00
ORD-036171,6,8,Ergonomic Chair,furniture,5,612.75,3063.75,pending,2026-07-18T09:30:11+00:00
ORD-036172,4,2,Wireless Mouse,peripherals,5,49.50,247.50,pending,2026-07-18T16:51:10+00:00
ORD-036173,4,7,Standing Desk 120cm,furniture,2,449.00,898.00,pending,2026-07-18T11:40:25+00:00
ORD-036174,3,2,Wireless Mouse,peripherals,2,49.50,99.00,completed,2026-07-18T09:34:58+00:00
ORD-036175,5,4,34in Ultrawide Monitor,displays,5,579.00,2895.00,completed,2026-07-18T17:41:57+00:00
ORD-036176,9,9,USB-C Hub 8-in-1,accessories,4,39.99,159.96,pending,2026-07-18T03:25:54+00:00
ORD-036177,10,6,Desk Speakers Pair,audio,5,89.00,445.00,cancelled,2026-07-18T09:32:10+00:00
ORD-036178,1,10,Laptop Stand Aluminium,accessories,2,27.50,55.00,completed,2026-07-18T21:52:50+00:00
ORD-036179,7,6,Desk Speakers Pair,audio,2,89.00,178.00,completed,2026-07-18T14:14:44+00:00
ORD-036180,6,4,34in Ultrawide Monitor,displays,1,579.00,579.00,completed,2026-07-18T20:52:23+00:00
ORD-036181,5,2,Wireless Mouse,peripherals,5,49.50,247.50,cancelled,2026-07-18T16:35:34+00:00
ORD-036182,7,7,Standing Desk 120cm,furniture,1,449.00,449.00,completed,2026-07-18T16:40:59+00:00
ORD-036183,5,7,Standing Desk 120cm,furniture,1,449.00,449.00,refunded,2026-07-18T18:43:29+00:00
ORD-036184,5,10,Laptop Stand Aluminium,accessories,4,27.50,110.00,cancelled,2026-07-18T23:01:11+00:00
ORD-036185,2,10,Laptop Stand Aluminium,accessories,2,27.50,55.00,refunded,2026-07-18T21:11:41+00:00
ORD-036186,2,3,27in 1440p Monitor,displays,5,319.99,1599.95,completed,2026-07-18T03:09:34+00:00
ORD-036187,5,7,Standing Desk 120cm,furniture,5,449.00,2245.00,cancelled,2026-07-18T07:37:06+00:00
ORD-036188,4,8,Ergonomic Chair,furniture,3,612.75,1838.25,completed,2026-07-18T14:50:01+00:00
ORD-036189,6,2,Wireless Mouse,peripherals,2,49.50,99.00,cancelled,2026-07-18T02:17:44+00:00
ORD-036190,6,6,Desk Speakers Pair,audio,4,89.00,356.00,pending,2026-07-18T23:20:50+00:00
ORD-036191,5,2,Wireless Mouse,peripherals,1,49.50,49.50,cancelled,2026-07-18T04:00:33+00:00
ORD-036192,6,9,USB-C Hub 8-in-1,accessories,2,39.99,79.98,completed,2026-07-18T07:31:55+00:00
ORD-036193,9,5,Over-ear Headphones,audio,3,199.95,599.85,refunded,2026-07-18T07:51:18+00:00
ORD-036194,8,4,34in Ultrawide Monitor,displays,5,579.00,2895.00,refunded,2026-07-18T10:37:05+00:00
ORD-036195,3,5,Over-ear Headphones,audio,5,199.95,999.75,cancelled,2026-07-18T05:12:36+00:00
ORD-036196,3,7,Standing Desk 120cm,furniture,5,449.00,2245.00,cancelled,2026-07-18T20:36:28+00:00
ORD-036197,6,2,Wireless Mouse,peripherals,1,49.50,49.50,pending,2026-07-18T19:51:03+00:00
ORD-036198,10,1,Mechanical Keyboard 75%,peripherals,1,129.00,129.00,pending,2026-07-18T21:38:02+00:00
ORD-036199,4,3,27in 1440p Monitor,displays,5,319.99,1599.95,refunded,2026-07-18T12:26:16+00:00
ORD-036200,2,9,USB-C Hub 8-in-1,accessories,2,39.99,79.98,pending,2026-07-18T22:23:36+00:00
ORD-036201,10,7,Standing Desk 120cm,furniture,5,449.00,2245.00,refunded,2026-07-18T01:22:49+00:00
ORD-036202,3,10,Laptop Stand Aluminium,accessories,3,27.50,82.50,refunded,2026-07-18T20:53:39+00:00
ORD-036203,5,9,USB-C Hub 8-in-1,accessories,4,39.99,159.96,pending,2026-07-18T17:36:48+00:00
ORD-036204,2,6,Desk Speakers Pair,audio,4,89.00,356.00,refunded,2026-07-18T14:12:07+00:00
ORD-036205,5,6,Desk Speakers Pair,audio,3,89.00,267.00,cancelled,2026-07-18T00:11:14+00:00
ORD-036206,6,2,Wireless Mouse,peripherals,5,49.50,247.50,completed,2026-07-18T20:17:25+00:00
ORD-036207,8,4,34in Ultrawide Monitor,displays,5,579.00,2895.00,refunded,2026-07-18T06:46:36+00:00
ORD-036208,6,6,Desk Speakers Pair,audio,3,89.00,267.00,pending,2026-07-18T05:36:20+00:00
ORD-036209,9,9,USB-C Hub 8-in-1,accessories,1,39.99,39.99,completed,2026-07-18T06:54:30+00:00
ORD-036210,6,9,USB-C Hub 8-in-1,accessories,5,39.99,199.95,pending,2026-07-18T20:16:34+00:00
ORD-036211,2,9,USB-C Hub 8-in-1,accessories,4,39.99,159.96,completed,2026-07-18T16:52:11+00:00
ORD-036212,6,1,Mechanical Keyboard 75%,peripherals,5,129.00,645.00,completed,2026-07-18T12:25:48+00:00
ORD-036213,6,1,Mechanical Keyboard 75%,peripherals,1,129.00,129.00,pending,2026-07-18T09:21:15+00:00
ORD-036214,9,4,34in Ultrawide Monitor,displays,3,579.00,1737.00,completed,2026-07-18T19:09:58+00:00
ORD-036215,3,10,Laptop Stand Aluminium,accessories,5,27.50,137.50,refunded,2026-07-18T09:42:33+00:00
ORD-036216,3,2,Wireless Mouse,peripherals,1,49.50,49.50,cancelled,2026-07-18T13:25:28+00:00
ORD-036217,6,4,34in Ultrawide Monitor,displays,3,579.00,1737.00,pending,2026-07-18T04:52:04+00:00
ORD-036218,2,2,Wireless Mouse,peripherals,2,49.50,99.00,pending,2026-07-18T19:20:22+00:00
ORD-036219,9,6,Desk Speakers Pair,audio,5,89.00,445.00,cancelled,2026-07-18T04:12:51+00:00
ORD-036220,9,1,Mechanical Keyboard 75%,peripherals,1,129.00,129.00,completed,2026-07-18T05:25:45+00:00
ORD-036221,2,9,USB-C Hub 8-in-1,accessories,4,39.99,159.96,completed,2026-07-18T14:35:48+00:00
ORD-036222,7,7,Standing Desk 120cm,furniture,4,449.00,1796.00,refunded,2026-07-18T14:47:39+00:00
ORD-036223,10,5,Over-ear Headphones,audio,5,199.95,999.75,completed,2026-07-18T23:02:51+00:00
ORD-036224,3,3,27in 1440p Monitor,displays,4,319.99,1279.96,completed,2026-07-18T14:31:54+00:00
ORD-036225,2,5,Over-ear Headphones,audio,3,199.95,599.85,cancelled,2026-07-18T18:33:39+00:00
ORD-036226,3,10,Laptop Stand Aluminium,accessories,3,27.50,82.50,cancelled,2026-07-18T07:06:54+00:00
ORD-036227,4,9,USB-C Hub 8-in-1,accessories,3,39.99,119.97,pending,2026-07-18T08:10:10+00:00
ORD-036228,2,9,USB-C Hub 8-in-1,accessories,5,39.99,199.95,completed,2026-07-18T05:16:05+00:00
ORD-036229,7,7,Standing Desk 120cm,furniture,3,449.00,1347.00,completed,2026-07-18T11:18:55+00:00
ORD-036230,2,3,27in 1440p Monitor,displays,5,319.99,1599.95,cancelled,2026-07-18T08:55:40+00:00
ORD-036231,10,5,Over-ear Headphones,audio,2,199.95,399.90,cancelled,2026-07-18T09:33:13+00:00
ORD-036232,1,8,Ergonomic Chair,furniture,4,612.75,2451.00,cancelled,2026-07-18T09:20:18+00:00
ORD-036233,1,10,Laptop Stand Aluminium,accessories,3,27.50,82.50,pending,2026-07-18T04:44:03+00:00
ORD-036234,5,6,Desk Speakers Pair,audio,1,89.00,89.00,refunded,2026-07-18T04:50:44+00:00
ORD-036235,4,3,27in 1440p Monitor,displays,1,319.99,319.99,pending,2026-07-18T22:04:29+00:00
ORD-036236,4,2,Wireless Mouse,peripherals,4,49.50,198.00,refunded,2026-07-18T01:40:53+00:00
ORD-036237,3,1,Mechanical Keyboard 75%,peripherals,1,129.00,129.00,pending,2026-07-18T22:51:13+00:00
ORD-036238,10,4,34in Ultrawide Monitor,displays,2,579.00,1158.00,completed,2026-07-18T08:00:12+00:00
ORD-036239,10,3,27in 1440p Monitor,displays,4,319.99,1279.96,completed,2026-07-18T05:54:17+00:00
ORD-036240,4,4,34in Ultrawide Monitor,displays,1,579.00,579.00,pending,2026-07-18T17:12:51+00:00
ORD-036241,7,2,Wireless Mouse,peripherals,3,49.50,148.50,refunded,2026-07-18T10:09:36+00:00
ORD-036242,7,1,Mechanical Keyboard 75%,peripherals,3,129.00,387.00,cancelled,2026-07-18T17:52:08+00:00
ORD-036243,10,3,27in 1440p Monitor,displays,2,319.99,639.98,pending,2026-07-18T12:23:05+00:00
ORD-036244,9,4,34in Ultrawide Monitor,displays,5,579.00,2895.00,pending,2026-07-18T09:19:25+00:00
ORD-036245,7,1,Mechanical Keyboard 75%,peripherals,2,129.00,258.00,refunded,2026-07-18T01:29:36+00:00
ORD-036246,7,8,Ergonomic Chair,furniture,3,612.75,1838.25,cancelled,2026-07-18T21:30:53+00:00
ORD-036247,6,6,Desk Speakers Pair,audio,2,89.00,178.00,refunded,2026-07-18T19:25:22+00:00
ORD-036248,7,7,Standing Desk 120cm,furniture,2,449.00,898.00,completed,2026-07-18T21:22:20+00:00
ORD-036249,8,1,Mechanical Keyboard 75%,peripherals,1,129.00,129.00,cancelled,2026-07-18T07:55:36+00:00
ORD-036250,1,5,Over-ear Headphones,audio,5,199.95,999.75,completed,2026-07-18T07:56:27+00:00
ORD-036251,9,7,Standing Desk 120cm,furniture,2,449.00,898.00,pending,2026-07-18T22:56:18+00:00
ORD-036252,2,9,USB-C Hub 8-in-1,accessories,4,39.99,159.96,pending,2026-07-18T06:45:37+00:00
ORD-036253,7,3,27in 1440p Monitor,displays,3,319.99,959.97,refunded,2026-07-18T11:22:45+00:00
ORD-036254,5,6,Desk Speakers Pair,audio,2,89.00,178.00,refunded,2026-07-18T06:27:37+00:00
ORD-036255,4,8,Ergonomic Chair,furniture,3,612.75,1838.25,refunded,2026-07-18T21:38:07+00:00
ORD-036256,9,6,Desk Speakers Pair,audio,3,89.00,267.00,completed,2026-07-18T21:45:29+00:00
ORD-036257,2,6,Desk Speakers Pair,audio,2,89.00,178.00,completed,2026-07-18T07:48:55+00:00
ORD-036258,7,9,USB-C Hub 8-in-1,accessories,5,39.99,199.95,pending,2026-07-18T01:55:11+00:00
ORD-036259,10,1,Mechanical Keyboard 75%,peripherals,4,129.00,516.00,pending,2026-07-18T10:40:23+00:00
ORD-036260,2,5,Over-ear Headphones,audio,1,199.95,199.95,completed,2026-07-18T19:21:13+00:00
ORD-036261,6,5,Over-ear Headphones,audio,1,199.95,199.95,refunded,2026-07-18T16:53:26+00:00
ORD-036262,8,4,34in Ultrawide Monitor,displays,5,579.00,2895.00,cancelled,2026-07-18T10:25:21+00:00
ORD-036263,9,7,Standing Desk 120cm,furniture,5,449.00,2245.00,cancelled,2026-07-18T07:50:12+00:00
ORD-036264,4,6,Desk Speakers Pair,audio,5,89.00,445.00,cancelled,2026-07-18T17:00:34+00:00
ORD-036265,1,2,Wireless Mouse,peripherals,3,49.50,148.50,completed,2026-07-18T22:29:21+00:00
ORD-036266,6,6,Desk Speakers Pair,audio,4,89.00,356.00,refunded,2026-07-18T08:30:50+00:00
ORD-036267,6,2,Wireless Mouse,peripherals,5,49.50,247.50,pending,2026-07-18T15:05:44+00:00
ORD-036268,1,7,Standing Desk 120cm,furniture,2,449.00,898.00,completed,2026-07-18T07:45:05+00:00
ORD-036269,8,2,Wireless Mouse,peripherals,1,49.50,49.50,refunded,2026-07-18T04:59:03+00:00
ORD-036270,9,6,Desk Speakers Pair,audio,4,89.00,356.00,refunded,2026-07-18T21:59:59+00:00
ORD-036271,10,4,34in Ultrawide Monitor,displays,3,579.00,1737.00,refunded,2026-07-18T00:49:06+00:00
ORD-036272,9,1,Mechanical Keyboard 75%,peripherals,5,129.00,645.00,cancelled,2026-07-18T01:33:19+00:00
ORD-036273,5,7,Standing Desk 120cm,furniture,1,449.00,449.00,pending,2026-07-18T07:13:21+00:00
ORD-036274,4,8,Ergonomic Chair,furniture,4,612.75,2451.00,refunded,2026-07-18T17:47:15+00:00
ORD-036275,8,9,USB-C Hub 8-in-1,accessories,1,39.99,39.99,completed,2026-07-18T14:38:58+00:00
ORD-036276,4,8,Ergonomic Chair,furniture,5,612.75,3063.75,completed,2026-07-18T10:23:56+00:00
ORD-036277,2,8,Ergonomic Chair,furniture,1,612.75,612.75,cancelled,2026-07-18T12:23:58+00:00
ORD-036278,1,1,Mechanical Keyboard 75%,peripherals,3,129.00,387.00,pending,2026-07-18T08:34:12+00:00
ORD-036279,7,9,USB-C Hub 8-in-1,accessories,5,39.99,199.95,cancelled,2026-07-18T15:59:09+00:00
ORD-036280,10,4,34in Ultrawide Monitor,displays,5,579.00,2895.00,pending,2026-07-18T13:06:10+00:00
ORD-036281,8,8,Ergonomic Chair,furniture,2,612.75,1225.50,refunded,2026-07-18T15:02:02+00:00
ORD-036282,8,3,27in 1440p Monitor,displays,1,319.99,319.99,pending,2026-07-18T18:49:04+00:00
ORD-036283,5,7,Standing Desk 120cm,furniture,5,449.00,2245.00,completed,2026-07-18T10:37:56+00:00
ORD-036284,5,2,Wireless Mouse,peripherals,2,49.50,99.00,pending,2026-07-18T10:12:56+00:00
ORD-036285,7,5,Over-ear Headphones,audio,5,199.95,999.75,completed,2026-07-18T21:54:03+00:00
ORD-036286,6,8,Ergonomic Chair,furniture,1,612.75,612.75,refunded,2026-07-18T07:22:30+00:00
ORD-036287,1,7,Standing Desk 120cm,furniture,3,449.00,1347.00,pending,2026-07-18T16:12:08+00:00
ORD-036288,7,1,Mechanical Keyboard 75%,peripherals,4,129.00,516.00,cancelled,2026-07-18T19:36:34+00:00
ORD-036289,2,6,Desk Speakers Pair,audio,3,89.00,267.00,pending,2026-07-18T01:36:43+00:00
ORD-036290,6,10,Laptop Stand Aluminium,accessories,4,27.50,110.00,completed,2026-07-18T13:57:13+00:00
ORD-036291,6,1,Mechanical Keyboard 75%,peripherals,1,129.00,129.00,refunded,2026-07-18T18:25:52+00:00
ORD-036292,9,10,Laptop Stand Aluminium,accessories,4,27.50,110.00,completed,2026-07-18T01:12:29+00:00
ORD-036293,4,7,Standing Desk 120cm,furniture,4,449.00,1796.00,refunded,2026-07-18T04:21:54+00:00
ORD-036294,1,8,Ergonomic Chair,furniture,3,612.75,1838.25,cancelled,2026-07-18T12:36:49+00:00
ORD-036295,10,7,Standing Desk 120cm,furniture,5,449.00,2245.00,refunded,2026-07-18T18:19:13+00:00
ORD-036296,8,9,USB-C Hub 8-in-1,accessories,4,39.99,159.96,pending,2026-07-18T15:44:48+00:00
ORD-036297,4,7,Standing Desk 120cm,furniture,3,449.00,1347.00,cancelled,2026-07-18T19:50:26+00:00
ORD-036298,10,9,USB-C Hub 8-in-1,accessories,4,39.99,159.96,cancelled,2026-07-18T14:31:16+00:00
ORD-036299,1,9,USB-C Hub 8-in-1,accessories,1,39.99,39.99,completed,2026-07-18T00:37:40+00:00
ORD-036300,7,1,Mechanical Keyboard 75%,peripherals,2,129.00,258.00,completed,2026-07-18T12:55:48+00:00
ORD-036301,4,8,Ergonomic Chair,furniture,4,612.75,2451.00,pending,2026-07-18T07:27:03+00:00
ORD-036302,3,4,34in Ultrawide Monitor,displays,1,579.00,579.00,completed,2026-07-18T16:37:26+00:00
ORD-036303,4,5,Over-ear Headphones,audio,3,199.95,599.85,pending,2026-07-18T00:21:43+00:00
ORD-036304,5,10,Laptop Stand Aluminium,accessories,2,27.50,55.00,refunded,2026-07-18T18:05:23+00:00
ORD-036305,9,9,USB-C Hub 8-in-1,accessories,2,39.99,79.98,pending,2026-07-18T07:44:39+00:00
ORD-036306,4,2,Wireless Mouse,peripherals,5,49.50,247.50,cancelled,2026-07-18T19:45:28+00:00
ORD-036307,4,1,Mechanical Keyboard 75%,peripherals,3,129.00,387.00,pending,2026-07-18T18:02:32+00:00
ORD-036308,6,7,Standing Desk 120cm,furniture,5,449.00,2245.00,cancelled,2026-07-18T17:10:54+00:00
ORD-036309,9,1,Mechanical Keyboard 75%,peripherals,5,129.00,645.00,refunded,2026-07-18T11:24:32+00:00
ORD-036310,10,7,Standing Desk 120cm,furniture,1,449.00,449.00,pending,2026-07-18T16:04:11+00:00
ORD-036311,4,4,34in Ultrawide Monitor,displays,2,579.00,1158.00,refunded,2026-07-18T13:12:43+00:00
ORD-036312,1,7,Standing Desk 120cm,furniture,1,449.00,449.00,refunded,2026-07-18T20:41:31+00:00
ORD-036313,4,3,27in 1440p Monitor,displays,4,319.99,1279.96,completed,2026-07-18T11:29:34+00:00
ORD-036314,4,3,27in 1440p Monitor,displays,5,319.99,1599.95,cancelled,2026-07-18T19:45:10+00:00
ORD-036315,4,1,Mechanical Keyboard 75%,peripherals,3,129.00,387.00,pending,2026-07-18T07:42:39+00:00
ORD-036316,1,3,27in 1440p Monitor,displays,4,319.99,1279.96,refunded,2026-07-18T01:31:56+00:00
ORD-036317,7,8,Ergonomic Chair,furniture,5,612.75,3063.75,refunded,2026-07-18T14:18:05+00:00
ORD-036318,6,7,Standing Desk 120cm,furniture,4,449.00,1796.00,refunded,2026-07-18T22:31:30+00:00
ORD-036319,6,6,Desk Speakers Pair,audio,1,89.00,89.00,cancelled,2026-07-18T06:21:46+00:00
ORD-036320,8,10,Laptop Stand Aluminium,accessories,1,27.50,27.50,refunded,2026-07-18T13:12:26+00:00
ORD-036321,1,3,27in 1440p Monitor,displays,2,319.99,639.98,cancelled,2026-07-18T14:12:49+00:00
ORD-036322,6,1,Mechanical Keyboard 75%,peripherals,4,129.00,516.00,completed,2026-07-18T06:43:32+00:00
ORD-036323,4,2,Wireless Mouse,peripherals,2,49.50,99.00,cancelled,2026-07-18T22:42:15+00:00
ORD-036324,5,2,Wireless Mouse,peripherals,4,49.50,198.00,pending,2026-07-18T01:07:22+00:00
ORD-036325,4,7,Standing Desk 120cm,furniture,2,449.00,898.00,completed,2026-07-18T10:33:35+00:00
ORD-036326,4,8,Ergonomic Chair,furniture,2,612.75,1225.50,refunded,2026-07-18T23:23:01+00:00
ORD-036327,5,5,Over-ear Headphones,audio,2,199.95,399.90,pending,2026-07-18T16:38:26+00:00
ORD-036328,5,5,Over-ear Headphones,audio,4,199.95,799.80,refunded,2026-07-18T23:27:06+00:00
ORD-036329,4,7,Standing Desk 120cm,furniture,4,449.00,1796.00,cancelled,2026-07-18T19:15:17+00:00
ORD-036330,6,8,Ergonomic Chair,furniture,1,612.75,612.75,pending,2026-07-18T20:58:45+00:00
ORD-036331,5,2,Wireless Mouse,peripherals,3,49.50,148.50,cancelled,2026-07-18T06:25:46+00:00
ORD-036332,9,6,Desk Speakers Pair,audio,1,89.00,89.00,pending,2026-07-18T22:16:03+00:00
ORD-036333,6,2,Wireless Mouse,peripherals,2,49.50,99.00,completed,2026-07-18T16:23:45+00:00
ORD-036334,5,10,Laptop Stand Aluminium,accessories,2,27.50,55.00,cancelled,2026-07-18T18:51:14+00:00
ORD-036335,6,9,USB-C Hub 8-in-1,accessories,3,39.99,119.97,pending,2026-07-18T06:50:20+00:00
ORD-036336,9,9,USB-C Hub 8-in-1,accessories,1,39.99,39.99,cancelled,2026-07-18T23:14:11+00:00
ORD-036337,8,5,Over-ear Headphones,audio,3,199.95,599.85,completed,2026-07-18T19:46:37+00:00
ORD-036338,5,4,34in Ultrawide Monitor,displays,3,579.00,1737.00,refunded,2026-07-18T01:11:13+00:00
ORD-036339,2,9,USB-C Hub 8-in-1,accessories,2,39.99,79.98,refunded,2026-07-18T07:02:00+00:00
ORD-036340,6,7,Standing Desk 120cm,furniture,2,449.00,898.00,completed,2026-07-18T12:21:20+00:00
ORD-036341,5,5,Over-ear Headphones,audio,2,199.95,399.90,completed,2026-07-18T20:16:12+00:00
ORD-036342,6,6,Desk Speakers Pair,audio,4,89.00,356.00,refunded,2026-07-18T16:34:50+00:00
ORD-036343,4,3,27in 1440p Monitor,displays,2,319.99,639.98,refunded,2026-07-18T05:21:27+00:00
ORD-036344,7,9,USB-C Hub 8-in-1,accessories,1,39.99,39.99,cancelled,2026-07-18T02:01:36+00:00
ORD-036345,9,5,Over-ear Headphones,audio,1,199.95,199.95,refunded,2026-07-18T01:38:34+00:00
ORD-036346,8,3,27in 1440p Monitor,displays,5,319.99,1599.95,pending,2026-07-18T06:43:18+00:00
ORD-036347,10,8,Ergonomic Chair,furniture,1,612.75,612.75,cancelled,2026-07-18T05:54:59+00:00
ORD-036348,1,4,34in Ultrawide Monitor,displays,5,579.00,2895.00,completed,2026-07-18T18:46:41+00:00
ORD-036349,10,10,Laptop Stand Aluminium,accessories,2,27.50,55.00,cancelled,2026-07-18T23:17:20+00:00
ORD-036350,10,5,Over-ear Headphones,audio,1,199.95,199.95,completed,2026-07-18T03:24:59+00:00
ORD-036351,7,5,Over-ear Headphones,audio,2,199.95,399.90,completed,2026-07-18T11:52:37+00:00
ORD-036352,9,3,27in 1440p Monitor,displays,3,319.99,959.97,pending,2026-07-18T04:00:26+00:00
ORD-036353,6,8,Ergonomic Chair,furniture,1,612.75,612.75,refunded,2026-07-18T11:22:52+00:00
ORD-036354,10,5,Over-ear Headphones,audio,5,199.95,999.75,pending,2026-07-18T04:54:51+00:00
ORD-036355,4,9,USB-C Hub 8-in-1,accessories,1,39.99,39.99,cancelled,2026-07-18T13:24:35+00:00
ORD-036356,3,5,Over-ear Headphones,audio,2,199.95,399.90,refunded,2026-07-18T12:33:27+00:00
ORD-036357,2,2,Wireless Mouse,peripherals,2,49.50,99.00,pending,2026-07-18T01:41:41+00:00
ORD-036358,2,6,Desk Speakers Pair,audio,5,89.00,445.00,pending,2026-07-18T18:52:47+00:00
ORD-036359,8,9,USB-C Hub 8-in-1,accessories,2,39.99,79.98,cancelled,2026-07-18T01:52:11+00:00
ORD-036360,1,3,27in 1440p Monitor,displays,5,319.99,1599.95,cancelled,2026-07-18T23:24:48+00:00
ORD-036361,1,7,Standing Desk 120cm,furniture,3,449.00,1347.00,cancelled,2026-07-18T11:48:59+00:00
ORD-036362,6,1,Mechanical Keyboard 75%,peripherals,4,129.00,516.00,completed,2026-07-18T12:05:23+00:00
ORD-036363,4,9,USB-C Hub 8-in-1,accessories,1,39.99,-50.00,refunded,2026-07-18T07:19:45+00:00
ORD-036364,7,2,Wireless Mouse,peripherals,2,49.50,99.00,cancelled,2026-07-18T03:48:35+00:00
ORD-036365,10,2,Wireless Mouse,peripherals,5,49.50,247.50,pending,2026-07-18T10:43:42+00:00
ORD-036366,10,4,34in Ultrawide Monitor,displays,4,579.00,2316.00,pending,2026-07-18T11:31:32+00:00
ORD-036367,2,1,Mechanical Keyboard 75%,peripherals,2,129.00,258.00,cancelled,2026-07-18T14:33:10+00:00
ORD-036368,9,5,Over-ear Headphones,audio,5,199.95,999.75,refunded,2026-07-18T16:59:41+00:00
ORD-036369,1,5,Over-ear Headphones,audio,3,199.95,599.85,cancelled,2026-07-18T13:04:16+00:00
ORD-036370,5,7,Standing Desk 120cm,furniture,4,449.00,1796.00,cancelled,2026-07-18T20:10:26+00:00
ORD-036371,7,10,Laptop Stand Aluminium,accessories,1,27.50,27.50,pending,2026-07-18T08:48:12+00:00
ORD-036372,4,6,Desk Speakers Pair,audio,4,89.00,356.00,pending,2026-07-18T16:12:01+00:00
ORD-036373,2,8,Ergonomic Chair,furniture,3,612.75,1838.25,pending,2026-07-18T06:05:34+00:00
ORD-036374,7,2,Wireless Mouse,peripherals,5,49.50,247.50,pending,2026-07-18T05:11:46+00:00
ORD-036375,4,9,USB-C Hub 8-in-1,accessories,1,39.99,39.99,pending,2026-07-18T18:14:45+00:00
ORD-036376,5,6,Desk Speakers Pair,audio,4,89.00,356.00,completed,2026-07-18T15:55:57+00:00
ORD-036377,10,8,Ergonomic Chair,furniture,1,612.75,612.75,completed,2026-07-18T06:02:32+00:00
ORD-036378,4,2,Wireless Mouse,peripherals,4,49.50,198.00,completed,2026-07-18T11:27:27+00:00
ORD-036379,6,9,USB-C Hub 8-in-1,accessories,2,39.99,79.98,completed,2026-07-18T21:34:32+00:00
ORD-036380,3,4,34in Ultrawide Monitor,displays,1,579.00,579.00,refunded,2026-07-18T13:07:49+00:00
ORD-036381,1,1,Mechanical Keyboard 75%,peripherals,5,129.00,645.00,refunded,2026-07-18T01:12:33+00:00
ORD-036382,4,1,Mechanical Keyboard 75%,peripherals,1,129.00,129.00,cancelled,2026-07-18T15:43:59+00:00
ORD-036383,1,8,Ergonomic Chair,furniture,2,612.75,1225.50,cancelled,2026-07-18T21:10:10+00:00
ORD-036384,6,4,34in Ultrawide Monitor,displays,1,579.00,579.00,completed,2026-07-18T12:53:05+00:00
ORD-036385,6,9,USB-C Hub 8-in-1,accessories,2,39.99,79.98,pending,2026-07-18T06:08:53+00:00
ORD-036386,4,10,Laptop Stand Aluminium,accessories,4,27.50,110.00,cancelled,2026-07-18T11:07:25+00:00
ORD-036387,4,5,Over-ear Headphones,audio,2,199.95,399.90,cancelled,2026-07-18T17:32:10+00:00
ORD-036388,7,6,Desk Speakers Pair,audio,4,89.00,356.00,cancelled,2026-07-18T16:51:31+00:00
ORD-036389,10,8,Ergonomic Chair,furniture,2,612.75,1225.50,pending,2026-07-18T03:46:17+00:00
ORD-036390,7,7,Standing Desk 120cm,furniture,2,449.00,898.00,refunded,2026-07-18T00:55:25+00:00
ORD-036391,8,3,27in 1440p Monitor,displays,3,319.99,959.97,pending,2026-07-18T03:43:56+00:00
ORD-036392,9,7,Standing Desk 120cm,furniture,3,449.00,1347.00,cancelled,2026-07-18T03:00:17+00:00
ORD-036393,8,7,Standing Desk 120cm,furniture,2,449.00,898.00,refunded,2026-07-18T11:32:24+00:00
ORD-036394,1,2,Wireless Mouse,peripherals,2,49.50,99.00,cancelled,2026-07-18T11:30:30+00:00
ORD-036395,10,10,Laptop Stand Aluminium,accessories,3,27.50,82.50,refunded,2026-07-18T01:30:06+00:00
ORD-036396,4,8,Ergonomic Chair,furniture,4,612.75,2451.00,pending,2026-07-18T02:52:03+00:00
ORD-036397,4,4,34in Ultrawide Monitor,displays,3,579.00,1737.00,cancelled,2026-07-18T11:49:18+00:00
ORD-036398,8,5,Over-ear Headphones,audio,2,199.95,399.90,completed,2026-07-18T04:06:33+00:00
ORD-036399,5,10,Laptop Stand Aluminium,accessories,3,27.50,82.50,refunded,2026-07-18T08:02:42+00:00
ORD-036400,4,3,27in 1440p Monitor,displays,3,319.99,959.97,completed,2026-07-18T15:29:11+00:00
ORD-036401,9,9,USB-C Hub 8-in-1,accessories,3,39.99,119.97,completed,2026-07-18T03:13:06+00:00
ORD-036402,8,6,Desk Speakers Pair,audio,3,89.00,267.00,completed,2026-07-18T19:04:22+00:00
ORD-036403,1,4,34in Ultrawide Monitor,displays,2,579.00,1158.00,refunded,2026-07-18T11:48:19+00:00
ORD-036404,2,6,Desk Speakers Pair,audio,4,89.00,356.00,pending,2026-07-18T06:49:59+00:00
ORD-036405,2,1,Mechanical Keyboard 75%,peripherals,1,129.00,129.00,completed,2026-07-18T12:51:25+00:00
ORD-036406,4,4,34in Ultrawide Monitor,displays,5,579.00,2895.00,cancelled,2026-07-18T17:58:21+00:00
ORD-036407,3,1,Mechanical Keyboard 75%,peripherals,5,129.00,645.00,cancelled,2026-07-18T00:04:53+00:00
ORD-036408,8,6,Desk Speakers Pair,audio,5,89.00,445.00,cancelled,2026-07-18T08:58:28+00:00
ORD-036409,8,10,Laptop Stand Aluminium,accessories,1,27.50,27.50,completed,2026-07-18T08:07:49+00:00
ORD-036410,3,8,Ergonomic Chair,furniture,5,612.75,3063.75,pending,2026-07-18T12:33:22+00:00
ORD-036411,4,2,Wireless Mouse,peripherals,1,49.50,49.50,cancelled,2026-07-18T06:28:01+00:00
ORD-036412,6,3,27in 1440p Monitor,displays,5,319.99,1599.95,completed,2026-07-18T13:07:14+00:00
ORD-036413,4,10,Laptop Stand Aluminium,accessories,1,27.50,27.50,completed,2026-07-18T13:09:30+00:00
ORD-036414,7,9,USB-C Hub 8-in-1,accessories,4,39.99,159.96,refunded,2026-07-18T20:24:50+00:00
ORD-036415,8,1,Mechanical Keyboard 75%,peripherals,3,129.00,387.00,refunded,2026-07-18T23:39:42+00:00
ORD-036416,7,9,USB-C Hub 8-in-1,accessories,5,39.99,199.95,refunded,2026-07-18T08:35:31+00:00
ORD-036417,5,3,27in 1440p Monitor,displays,5,319.99,1599.95,pending,2026-07-18T16:13:20+00:00
ORD-036418,5,2,Wireless Mouse,peripherals,4,49.50,198.00,refunded,2026-07-18T22:01:39+00:00
ORD-036419,1,1,Mechanical Keyboard 75%,peripherals,5,129.00,645.00,completed,2026-07-18T20:13:22+00:00
ORD-036420,8,5,Over-ear Headphones,audio,4,199.95,799.80,cancelled,2026-07-18T07:22:25+00:00
ORD-036421,4,4,34in Ultrawide Monitor,displays,5,579.00,2895.00,cancelled,2026-07-18T08:18:48+00:00
ORD-036422,6,7,Standing Desk 120cm,furniture,3,449.00,1347.00,completed,2026-07-18T18:19:27+00:00
ORD-036423,5,5,Over-ear Headphones,audio,2,199.95,399.90,completed,2026-07-18T00:25:28+00:00
ORD-036424,7,7,Standing Desk 120cm,furniture,2,449.00,898.00,completed,2026-07-18T14:05:28+00:00
ORD-036425,3,8,Ergonomic Chair,furniture,1,612.75,612.75,refunded,2026-07-18T22:59:31+00:00
ORD-036426,8,9,USB-C Hub 8-in-1,accessories,1,39.99,39.99,completed,2026-07-18T07:49:54+00:00
ORD-036427,6,4,34in Ultrawide Monitor,displays,4,579.00,2316.00,cancelled,2026-07-18T01:37:10+00:00
ORD-036428,6,5,Over-ear Headphones,audio,4,199.95,799.80,refunded,2026-07-18T07:38:25+00:00
ORD-036429,9,7,Standing Desk 120cm,furniture,2,449.00,898.00,cancelled,2026-07-18T08:54:51+00:00
ORD-036430,6,7,Standing Desk 120cm,furniture,1,449.00,449.00,pending,2026-07-18T15:00:25+00:00
ORD-036431,4,7,Standing Desk 120cm,furniture,5,449.00,2245.00,completed,2026-07-18T06:05:26+00:00
ORD-036432,2,10,Laptop Stand Aluminium,accessories,1,27.50,27.50,completed,2026-07-18T08:30:30+00:00
ORD-036433,1,9,USB-C Hub 8-in-1,accessories,1,39.99,39.99,cancelled,2026-07-18T05:32:21+00:00
ORD-036434,5,9,USB-C Hub 8-in-1,accessories,1,39.99,39.99,cancelled,2026-07-18T23:34:49+00:00
ORD-036435,7,7,Standing Desk 120cm,furniture,3,449.00,1347.00,completed,2026-07-18T12:40:35+00:00
ORD-036436,1,6,Desk Speakers Pair,audio,4,89.00,356.00,refunded,2026-07-18T17:43:14+00:00
ORD-036437,8,5,Over-ear Headphones,audio,3,199.95,599.85,refunded,2026-07-18T00:09:34+00:00
ORD-036438,8,3,27in 1440p Monitor,displays,2,319.99,639.98,completed,2026-07-18T20:15:37+00:00
ORD-036439,6,2,Wireless Mouse,peripherals,1,49.50,49.50,cancelled,2026-07-18T12:10:04+00:00
ORD-036440,10,3,27in 1440p Monitor,displays,4,319.99,1279.96,pending,2026-07-18T00:46:44+00:00
ORD-036441,10,8,Ergonomic Chair,furniture,4,612.75,2451.00,pending,2026-07-18T19:54:34+00:00
ORD-036442,4,7,Standing Desk 120cm,furniture,2,449.00,898.00,cancelled,2026-07-18T06:54:32+00:00
ORD-036443,1,5,Over-ear Headphones,audio,5,199.95,999.75,refunded,2026-07-18T18:04:57+00:00
ORD-036444,1,1,Mechanical Keyboard 75%,peripherals,1,129.00,129.00,cancelled,2026-07-18T06:03:44+00:00
ORD-036445,8,6,Desk Speakers Pair,audio,2,89.00,178.00,completed,2026-07-18T14:23:08+00:00
ORD-036446,4,9,USB-C Hub 8-in-1,accessories,2,39.99,79.98,refunded,2026-07-18T10:01:09+00:00
ORD-036447,9,10,Laptop Stand Aluminium,accessories,5,27.50,137.50,completed,2026-07-18T17:27:19+00:00
ORD-036448,4,2,Wireless Mouse,peripherals,1,49.50,49.50,cancelled,2026-07-18T20:15:39+00:00
ORD-036449,7,5,Over-ear Headphones,audio,4,199.95,799.80,refunded,2026-07-18T06:13:07+00:00
ORD-036450,7,7,Standing Desk 120cm,furniture,3,449.00,1347.00,cancelled,2026-07-18T08:57:49+00:00
ORD-036451,10,5,Over-ear Headphones,audio,4,199.95,799.80,cancelled,2026-07-18T17:30:23+00:00
ORD-036452,2,10,Laptop Stand Aluminium,accessories,1,27.50,27.50,refunded,2026-07-18T15:31:36+00:00
ORD-036453,7,6,Desk Speakers Pair,audio,2,89.00,178.00,pending,2026-07-18T09:51:12+00:00
ORD-036454,2,5,Over-ear Headphones,audio,5,199.95,999.75,completed,2026-07-18T17:41:48+00:00
ORD-036455,7,7,Standing Desk 120cm,furniture,5,449.00,2245.00,cancelled,2026-07-18T18:46:29+00:00
ORD-036456,5,10,Laptop Stand Aluminium,accessories,4,27.50,110.00,pending,2026-07-18T20:29:31+00:00
ORD-036457,2,3,27in 1440p Monitor,displays,4,319.99,1279.96,cancelled,2026-07-18T00:44:39+00:00
ORD-036458,6,8,Ergonomic Chair,furniture,4,612.75,2451.00,refunded,2026-07-18T15:35:28+00:00
ORD-036459,10,7,Standing Desk 120cm,furniture,1,449.00,449.00,pending,2026-07-18T00:46:17+00:00
ORD-036460,6,3,27in 1440p Monitor,displays,3,319.99,959.97,cancelled,2026-07-18T07:34:59+00:00
ORD-036461,5,8,Ergonomic Chair,furniture,2,612.75,1225.50,completed,2026-07-18T00:07:36+00:00
ORD-036462,8,4,34in Ultrawide Monitor,displays,1,579.00,579.00,pending,2026-07-18T14:29:30+00:00
ORD-036463,2,9,USB-C Hub 8-in-1,accessories,3,39.99,119.97,completed,2026-07-18T17:34:25+00:00
ORD-036464,4,1,Mechanical Keyboard 75%,peripherals,3,129.00,387.00,completed,2026-07-18T11:11:47+00:00
ORD-036465,5,2,Wireless Mouse,peripherals,1,49.50,49.50,completed,2026-07-18T05:06:16+00:00
ORD-036466,2,6,Desk Speakers Pair,audio,4,89.00,356.00,cancelled,2026-07-18T03:39:19+00:00
ORD-036467,7,5,Over-ear Headphones,audio,2,199.95,399.90,refunded,2026-07-18T15:06:32+00:00
ORD-036468,4,5,Over-ear Headphones,audio,4,199.95,799.80,completed,2026-07-18T09:59:39+00:00
ORD-036469,3,3,27in 1440p Monitor,displays,2,319.99,639.98,completed,2026-07-18T19:16:14+00:00
ORD-036470,5,3,27in 1440p Monitor,displays,4,319.99,1279.96,pending,2026-07-18T11:20:57+00:00
ORD-036471,5,1,Mechanical Keyboard 75%,peripherals,5,129.00,645.00,refunded,2026-07-18T01:27:01+00:00
ORD-036472,3,8,Ergonomic Chair,furniture,2,612.75,1225.50,completed,2026-07-18T23:11:24+00:00
ORD-036473,5,6,Desk Speakers Pair,audio,4,89.00,356.00,cancelled,2026-07-18T03:08:32+00:00
ORD-036474,1,8,Ergonomic Chair,furniture,3,612.75,1838.25,refunded,2026-07-18T10:18:28+00:00
ORD-036475,8,3,27in 1440p Monitor,displays,1,319.99,319.99,cancelled,2026-07-18T10:21:56+00:00
ORD-036476,10,8,Ergonomic Chair,furniture,4,612.75,2451.00,completed,2026-07-18T05:30:20+00:00
ORD-036477,8,3,27in 1440p Monitor,displays,2,319.99,639.98,completed,2026-07-18T23:48:58+00:00
ORD-036478,2,9,USB-C Hub 8-in-1,accessories,2,39.99,79.98,completed,2026-07-18T01:02:59+00:00
ORD-036479,2,7,Standing Desk 120cm,furniture,5,449.00,2245.00,refunded,2026-07-18T01:40:20+00:00
ORD-036480,5,1,Mechanical Keyboard 75%,peripherals,3,129.00,387.00,cancelled,2026-07-18T13:29:21+00:00
ORD-036481,2,8,Ergonomic Chair,furniture,3,612.75,1838.25,completed,2026-07-18T16:49:20+00:00
ORD-036482,1,1,Mechanical Keyboard 75%,peripherals,2,129.00,258.00,pending,2026-07-18T18:47:18+00:00
ORD-036483,8,7,Standing Desk 120cm,furniture,3,449.00,1347.00,completed,2026-07-18T15:03:46+00:00
ORD-036484,2,9,USB-C Hub 8-in-1,accessories,4,39.99,159.96,pending,2026-07-18T10:03:28+00:00
ORD-036485,7,4,34in Ultrawide Monitor,displays,1,579.00,579.00,cancelled,2026-07-18T19:04:45+00:00
ORD-036486,8,3,27in 1440p Monitor,displays,3,319.99,959.97,cancelled,2026-07-18T08:18:41+00:00
ORD-036487,1,7,Standing Desk 120cm,furniture,1,449.00,449.00,cancelled,2026-07-18T01:02:35+00:00
ORD-036488,1,5,Over-ear Headphones,audio,1,199.95,199.95,cancelled,2026-07-18T21:58:43+00:00
ORD-036489,2,5,Over-ear Headphones,audio,1,199.95,199.95,refunded,2026-07-18T00:36:51+00:00
ORD-036490,1,9,USB-C Hub 8-in-1,accessories,5,39.99,199.95,cancelled,2026-07-18T08:08:53+00:00
ORD-036491,6,9,USB-C Hub 8-in-1,accessories,3,39.99,119.97,cancelled,2026-07-18T19:29:56+00:00
ORD-036492,6,2,Wireless Mouse,peripherals,3,49.50,148.50,cancelled,2026-07-18T03:08:16+00:00
ORD-036493,4,7,Standing Desk 120cm,furniture,2,449.00,898.00,completed,2026-07-18T19:53:35+00:00
ORD-036494,3,5,Over-ear Headphones,audio,2,199.95,399.90,refunded,2026-07-18T16:19:42+00:00
ORD-036495,2,4,34in Ultrawide Monitor,displays,1,579.00,579.00,cancelled,2026-07-18T12:42:10+00:00
ORD-036496,3,3,27in 1440p Monitor,displays,3,319.99,959.97,refunded,2026-07-18T09:20:46+00:00
ORD-036497,10,5,Over-ear Headphones,audio,2,199.95,399.90,cancelled,2026-07-18T22:25:49+00:00
ORD-036498,2,3,27in 1440p Monitor,displays,5,319.99,1599.95,cancelled,2026-07-18T04:18:13+00:00
ORD-036499,1,6,Desk Speakers Pair,audio,3,89.00,267.00,completed,2026-07-18T07:48:54+00:00
ORD-036500,10,7,Standing Desk 120cm,furniture,1,449.00,449.00,cancelled,2026-07-18T05:06:57+00:00
ORD-036501,7,7,Standing Desk 120cm,furniture,3,449.00,1347.00,cancelled,2026-07-18T20:35:47+00:00
ORD-036502,6,9,USB-C Hub 8-in-1,accessories,1,39.99,39.99,completed,2026-07-18T15:30:29+00:00
ORD-036503,1,2,Wireless Mouse,peripherals,3,49.50,148.50,completed,2026-07-18T11:59:16+00:00
ORD-036504,4,10,Laptop Stand Aluminium,accessories,4,27.50,110.00,pending,2026-07-18T04:50:22+00:00
ORD-036505,8,2,Wireless Mouse,peripherals,4,49.50,198.00,cancelled,2026-07-18T22:23:56+00:00
ORD-036506,7,10,Laptop Stand Aluminium,accessories,2,27.50,55.00,refunded,2026-07-18T23:41:23+00:00
ORD-036507,2,7,Standing Desk 120cm,furniture,5,449.00,2245.00,pending,2026-07-18T15:31:28+00:00
ORD-036508,1,2,Wireless Mouse,peripherals,2,49.50,99.00,refunded,2026-07-18T13:27:30+00:00
ORD-036509,3,5,Over-ear Headphones,audio,2,199.95,399.90,completed,2026-07-18T19:23:05+00:00
ORD-036510,7,9,USB-C Hub 8-in-1,accessories,3,39.99,119.97,cancelled,2026-07-18T04:33:23+00:00
ORD-036511,3,4,34in Ultrawide Monitor,displays,3,579.00,1737.00,completed,2026-07-18T15:22:59+00:00
ORD-036512,7,2,Wireless Mouse,peripherals,4,49.50,198.00,pending,2026-07-18T22:04:43+00:00
ORD-036513,5,5,Over-ear Headphones,audio,3,199.95,599.85,refunded,2026-07-18T03:14:41+00:00
ORD-036514,5,7,Standing Desk 120cm,furniture,4,449.00,1796.00,cancelled,2026-07-18T11:52:31+00:00
ORD-036515,7,4,34in Ultrawide Monitor,displays,1,579.00,579.00,refunded,2026-07-18T20:40:23+00:00
ORD-036516,9,3,27in 1440p Monitor,displays,5,319.99,1599.95,completed,2026-07-18T21:30:35+00:00
ORD-036517,7,9,USB-C Hub 8-in-1,accessories,2,39.99,79.98,cancelled,2026-07-18T19:14:36+00:00
ORD-036518,7,4,34in Ultrawide Monitor,displays,1,579.00,579.00,pending,2026-07-18T02:01:28+00:00
ORD-036519,5,3,27in 1440p Monitor,displays,5,319.99,1599.95,pending,2026-07-18T08:17:49+00:00
ORD-036520,4,6,Desk Speakers Pair,audio,5,89.00,445.00,refunded,2026-07-18T03:07:24+00:00
ORD-036521,2,8,Ergonomic Chair,furniture,3,612.75,1838.25,pending,2026-07-18T06:19:24+00:00
ORD-036522,2,5,Over-ear Headphones,audio,1,199.95,199.95,completed,2026-07-18T00:22:21+00:00
ORD-036523,3,1,Mechanical Keyboard 75%,peripherals,2,129.00,258.00,refunded,2026-07-18T00:48:16+00:00
ORD-036524,1,6,Desk Speakers Pair,audio,2,89.00,178.00,refunded,2026-07-18T22:47:48+00:00
ORD-036525,8,9,USB-C Hub 8-in-1,accessories,5,39.99,199.95,pending,2026-07-18T01:06:32+00:00
ORD-036526,1,2,Wireless Mouse,peripherals,4,49.50,198.00,pending,2026-07-18T03:51:50+00:00
ORD-036527,8,8,Ergonomic Chair,furniture,1,612.75,612.75,pending,2026-07-18T07:09:24+00:00
ORD-036528,2,6,Desk Speakers Pair,audio,2,89.00,178.00,pending,2026-07-18T16:37:47+00:00
ORD-036529,10,9,USB-C Hub 8-in-1,accessories,1,39.99,39.99,pending,2026-07-18T01:00:41+00:00
ORD-036530,10,1,Mechanical Keyboard 75%,peripherals,4,129.00,516.00,pending,2026-07-18T17:22:21+00:00
ORD-036531,7,6,Desk Speakers Pair,audio,2,89.00,178.00,cancelled,2026-07-18T13:19:33+00:00
ORD-036532,1,1,Mechanical Keyboard 75%,peripherals,5,129.00,645.00,pending,2026-07-18T04:30:32+00:00
ORD-036533,1,7,Standing Desk 120cm,furniture,5,449.00,2245.00,pending,2026-07-18T19:37:17+00:00
ORD-036534,2,6,Desk Speakers Pair,audio,5,89.00,445.00,refunded,2026-07-18T12:43:22+00:00
ORD-036535,3,2,Wireless Mouse,peripherals,5,49.50,247.50,pending,2026-07-18T07:47:47+00:00
ORD-036536,1,1,Mechanical Keyboard 75%,peripherals,1,129.00,129.00,completed,2026-07-18T09:36:21+00:00
ORD-036537,1,4,34in Ultrawide Monitor,displays,2,579.00,1158.00,refunded,2026-07-18T06:21:52+00:00
ORD-036538,3,3,27in 1440p Monitor,displays,2,319.99,639.98,cancelled,2026-07-18T17:53:47+00:00
ORD-036539,9,1,Mechanical Keyboard 75%,peripherals,5,129.00,645.00,completed,2026-07-18T14:31:32+00:00
ORD-036540,5,8,Ergonomic Chair,furniture,4,612.75,2451.00,refunded,2026-07-18T14:23:48+00:00
ORD-036541,9,6,Desk Speakers Pair,audio,3,89.00,267.00,pending,2026-07-18T05:25:36+00:00
ORD-036542,4,10,Laptop Stand Aluminium,accessories,5,27.50,137.50,completed,2026-07-18T05:11:20+00:00
ORD-036543,5,1,Mechanical Keyboard 75%,peripherals,2,129.00,258.00,pending,2026-07-18T05:13:14+00:00
ORD-036544,4,6,Desk Speakers Pair,audio,5,89.00,445.00,pending,2026-07-18T22:56:02+00:00
ORD-036545,8,8,Ergonomic Chair,furniture,5,612.75,3063.75,cancelled,2026-07-18T11:38:48+00:00
ORD-036546,1,10,Laptop Stand Aluminium,accessories,5,27.50,137.50,refunded,2026-07-18T03:33:14+00:00
ORD-036547,5,2,Wireless Mouse,peripherals,5,49.50,247.50,refunded,2026-07-18T22:47:40+00:00
ORD-036548,10,2,Wireless Mouse,peripherals,1,49.50,49.50,cancelled,2026-07-18T21:47:59+00:00
ORD-036549,5,2,Wireless Mouse,peripherals,2,49.50,99.00,pending,2026-07-18T08:28:58+00:00
ORD-036550,5,3,27in 1440p Monitor,displays,3,319.99,959.97,pending,2026-07-18T12:09:35+00:00
ORD-036551,5,3,27in 1440p Monitor,displays,3,319.99,959.97,pending,2026-07-18T04:18:31+00:00
ORD-036552,5,3,27in 1440p Monitor,displays,5,319.99,1599.95,refunded,2026-07-18T16:21:41+00:00
ORD-036553,7,5,Over-ear Headphones,audio,3,199.95,599.85,completed,2026-07-18T04:46:54+00:00
ORD-036554,7,5,Over-ear Headphones,audio,4,199.95,799.80,pending,2026-07-18T13:15:28+00:00
ORD-036555,7,3,27in 1440p Monitor,displays,2,319.99,639.98,completed,2026-07-18T22:40:39+00:00
ORD-036556,2,6,Desk Speakers Pair,audio,1,89.00,89.00,cancelled,2026-07-18T15:36:52+00:00
ORD-036557,7,9,USB-C Hub 8-in-1,accessories,2,39.99,79.98,cancelled,2026-07-18T18:48:22+00:00
ORD-036558,9,1,Mechanical Keyboard 75%,peripherals,5,129.00,645.00,completed,2026-07-18T22:34:31+00:00
ORD-036559,9,7,Standing Desk 120cm,furniture,2,449.00,898.00,completed,2026-07-18T02:43:24+00:00
ORD-036560,7,6,Desk Speakers Pair,audio,5,89.00,445.00,cancelled,2026-07-18T12:58:53+00:00
ORD-036561,6,8,Ergonomic Chair,furniture,1,612.75,612.75,refunded,2026-07-18T18:36:46+00:00
ORD-036562,1,4,34in Ultrawide Monitor,displays,3,579.00,1737.00,cancelled,2026-07-18T10:49:27+00:00
ORD-036563,10,1,Mechanical Keyboard 75%,peripherals,1,129.00,129.00,refunded,2026-07-18T01:40:31+00:00
ORD-036564,1,2,Wireless Mouse,peripherals,5,49.50,247.50,pending,2026-07-18T00:25:33+00:00
ORD-036565,10,6,Desk Speakers Pair,audio,5,89.00,445.00,refunded,2026-07-18T00:23:06+00:00
ORD-036566,5,7,Standing Desk 120cm,furniture,5,449.00,2245.00,refunded,2026-07-18T09:26:29+00:00
ORD-036567,8,9,USB-C Hub 8-in-1,accessories,5,39.99,199.95,cancelled,2026-07-18T23:12:05+00:00
ORD-036568,1,9,USB-C Hub 8-in-1,accessories,1,39.99,39.99,cancelled,2026-07-18T10:13:55+00:00
ORD-036569,4,6,Desk Speakers Pair,audio,5,89.00,445.00,completed,2026-07-18T20:39:52+00:00
ORD-036570,10,8,Ergonomic Chair,furniture,2,612.75,1225.50,pending,2026-07-18T15:10:32+00:00
ORD-036571,2,6,Desk Speakers Pair,audio,2,89.00,178.00,completed,2026-07-18T01:34:36+00:00
ORD-036572,4,10,Laptop Stand Aluminium,accessories,3,27.50,82.50,completed,2026-07-18T12:47:07+00:00
ORD-036573,8,6,Desk Speakers Pair,audio,4,89.00,356.00,cancelled,2026-07-18T02:17:17+00:00
ORD-036574,10,6,Desk Speakers Pair,audio,5,89.00,445.00,cancelled,2026-07-18T23:17:37+00:00
ORD-036575,8,4,34in Ultrawide Monitor,displays,3,579.00,1737.00,refunded,2026-07-18T06:04:38+00:00
ORD-036576,2,10,Laptop Stand Aluminium,accessories,3,27.50,82.50,refunded,2026-07-18T18:52:34+00:00
ORD-036577,6,1,Mechanical Keyboard 75%,peripherals,5,129.00,645.00,completed,2026-07-18T23:36:23+00:00
ORD-036578,4,9,USB-C Hub 8-in-1,accessories,2,39.99,79.98,pending,2026-07-18T22:07:57+00:00
ORD-036579,2,8,Ergonomic Chair,furniture,5,612.75,3063.75,completed,2026-07-18T21:34:39+00:00
ORD-036580,10,2,Wireless Mouse,peripherals,5,49.50,247.50,refunded,2026-07-18T14:36:03+00:00
ORD-036581,5,6,Desk Speakers Pair,audio,2,89.00,178.00,pending,2026-07-18T02:14:40+00:00
ORD-036582,3,1,Mechanical Keyboard 75%,peripherals,2,129.00,258.00,cancelled,2026-07-18T20:42:53+00:00
ORD-036583,6,8,Ergonomic Chair,furniture,2,612.75,1225.50,refunded,2026-07-18T03:24:20+00:00
ORD-036584,9,7,Standing Desk 120cm,furniture,5,449.00,2245.00,cancelled,2026-07-18T08:20:19+00:00
ORD-036585,2,4,34in Ultrawide Monitor,displays,1,579.00,579.00,refunded,2026-07-18T04:37:36+00:00
ORD-036586,6,1,Mechanical Keyboard 75%,peripherals,2,129.00,258.00,refunded,2026-07-18T13:04:41+00:00
ORD-036587,2,9,USB-C Hub 8-in-1,accessories,2,39.99,79.98,refunded,2026-07-18T02:00:53+00:00
ORD-036588,6,5,Over-ear Headphones,audio,1,199.95,199.95,cancelled,2026-07-18T13:00:56+00:00
ORD-036589,5,4,34in Ultrawide Monitor,displays,1,579.00,579.00,cancelled,2026-07-18T15:08:40+00:00
ORD-036590,1,10,Laptop Stand Aluminium,accessories,3,27.50,82.50,refunded,2026-07-18T13:19:08+00:00
ORD-036591,2,10,Laptop Stand Aluminium,accessories,4,27.50,110.00,pending,2026-07-18T08:28:15+00:00
ORD-036592,5,4,34in Ultrawide Monitor,displays,4,579.00,2316.00,completed,2026-07-18T12:06:40+00:00
ORD-036593,9,9,USB-C Hub 8-in-1,accessories,2,39.99,79.98,cancelled,2026-07-18T19:39:22+00:00
ORD-036594,1,9,USB-C Hub 8-in-1,accessories,1,39.99,39.99,pending,2026-07-18T16:37:52+00:00
ORD-036595,8,7,Standing Desk 120cm,furniture,4,449.00,1796.00,completed,2026-07-18T01:15:37+00:00
ORD-036596,9,7,Standing Desk 120cm,furniture,1,449.00,449.00,refunded,2026-07-18T21:22:36+00:00
ORD-036597,7,3,27in 1440p Monitor,displays,3,319.99,959.97,completed,2026-07-18T05:52:46+00:00
ORD-036598,6,7,Standing Desk 120cm,furniture,1,449.00,449.00,refunded,2026-07-18T12:47:59+00:00
ORD-036599,2,3,27in 1440p Monitor,displays,5,319.99,1599.95,refunded,2026-07-18T04:26:41+00:00
ORD-036600,9,10,Laptop Stand Aluminium,accessories,2,27.50,55.00,completed,2026-07-18T10:39:33+00:00
ORD-036601,8,8,Ergonomic Chair,furniture,5,612.75,3063.75,pending,2026-07-18T18:47:22+00:00
ORD-036602,9,9,USB-C Hub 8-in-1,accessories,1,39.99,39.99,pending,2026-07-18T23:44:55+00:00
ORD-036603,2,5,Over-ear Headphones,audio,4,199.95,799.80,pending,2026-07-18T10:37:05+00:00
ORD-036604,2,2,Wireless Mouse,peripherals,5,49.50,247.50,pending,2026-07-18T11:49:18+00:00
ORD-036605,7,3,27in 1440p Monitor,displays,1,319.99,319.99,refunded,2026-07-18T16:57:46+00:00
ORD-036606,1,4,34in Ultrawide Monitor,displays,3,579.00,1737.00,refunded,2026-07-18T04:38:45+00:00
ORD-036607,9,9,USB-C Hub 8-in-1,accessories,3,39.99,119.97,completed,2026-07-18T09:57:33+00:00
ORD-036608,4,3,27in 1440p Monitor,displays,2,319.99,639.98,cancelled,2026-07-18T16:32:56+00:00
ORD-036609,7,1,Mechanical Keyboard 75%,peripherals,5,129.00,645.00,pending,2026-07-18T02:10:16+00:00
ORD-036610,10,10,Laptop Stand Aluminium,accessories,5,27.50,137.50,cancelled,2026-07-18T14:10:48+00:00
ORD-036611,1,4,34in Ultrawide Monitor,displays,5,579.00,2895.00,refunded,2026-07-18T05:54:38+00:00
ORD-036612,9,9,USB-C Hub 8-in-1,accessories,1,39.99,39.99,pending,2026-07-18T12:14:41+00:00
ORD-036613,10,9,USB-C Hub 8-in-1,accessories,5,39.99,199.95,completed,2026-07-18T19:10:38+00:00
ORD-036614,4,5,Over-ear Headphones,audio,1,199.95,199.95,pending,2026-07-18T03:10:34+00:00
ORD-036615,4,7,Standing Desk 120cm,furniture,2,449.00,898.00,cancelled,2026-07-18T11:46:35+00:00
ORD-036616,8,1,Mechanical Keyboard 75%,peripherals,1,129.00,129.00,cancelled,2026-07-18T01:18:17+00:00
ORD-036617,4,9,USB-C Hub 8-in-1,accessories,5,39.99,199.95,cancelled,2026-07-18T01:39:46+00:00
ORD-036618,4,10,Laptop Stand Aluminium,accessories,1,27.50,27.50,completed,2026-07-18T07:19:20+00:00
ORD-036619,6,8,Ergonomic Chair,furniture,4,612.75,2451.00,pending,2026-07-18T00:35:45+00:00
ORD-036620,7,1,Mechanical Keyboard 75%,peripherals,2,129.00,258.00,refunded,2026-07-18T18:33:05+00:00
ORD-036621,6,3,27in 1440p Monitor,displays,3,319.99,959.97,cancelled,2026-07-18T18:58:31+00:00
ORD-036622,6,5,Over-ear Headphones,audio,2,199.95,399.90,pending,2026-07-18T20:10:59+00:00
ORD-036623,4,6,Desk Speakers Pair,audio,1,89.00,89.00,refunded,2026-07-18T06:11:18+00:00
ORD-036624,5,7,Standing Desk 120cm,furniture,3,449.00,1347.00,cancelled,2026-07-18T06:32:57+00:00
ORD-036625,4,4,34in Ultrawide Monitor,displays,3,579.00,1737.00,cancelled,2026-07-18T03:50:49+00:00
ORD-036626,1,2,Wireless Mouse,peripherals,5,49.50,247.50,completed,2026-07-18T20:13:46+00:00
ORD-036627,10,8,Ergonomic Chair,furniture,1,612.75,612.75,cancelled,2026-07-18T19:37:46+00:00
ORD-036628,4,3,27in 1440p Monitor,displays,5,319.99,1599.95,refunded,2026-07-18T08:32:50+00:00
ORD-036629,5,6,Desk Speakers Pair,audio,2,89.00,178.00,refunded,2026-07-18T15:50:23+00:00
ORD-036630,8,1,Mechanical Keyboard 75%,peripherals,5,129.00,645.00,refunded,2026-07-18T04:01:39+00:00
ORD-036631,7,8,Ergonomic Chair,furniture,5,612.75,3063.75,refunded,2026-07-18T01:16:18+00:00
ORD-036632,4,10,Laptop Stand Aluminium,accessories,4,27.50,110.00,completed,2026-07-18T13:31:00+00:00
ORD-036633,4,2,Wireless Mouse,peripherals,1,49.50,49.50,refunded,2026-07-18T03:42:37+00:00
ORD-036634,4,2,Wireless Mouse,peripherals,2,49.50,99.00,completed,2026-07-18T04:59:06+00:00
ORD-036635,5,1,Mechanical Keyboard 75%,peripherals,5,129.00,645.00,completed,2026-07-18T05:58:27+00:00
ORD-036636,8,3,27in 1440p Monitor,displays,5,319.99,1599.95,pending,2026-07-18T00:14:34+00:00
ORD-036637,7,9,USB-C Hub 8-in-1,accessories,1,39.99,39.99,completed,2026-07-18T14:09:53+00:00
ORD-036638,3,2,Wireless Mouse,peripherals,1,49.50,49.50,completed,2026-07-18T06:57:00+00:00
ORD-036639,5,2,Wireless Mouse,peripherals,4,49.50,198.00,refunded,2026-07-18T07:28:30+00:00
ORD-036640,5,10,Laptop Stand Aluminium,accessories,1,27.50,27.50,cancelled,2026-07-18T09:45:12+00:00
ORD-036641,3,1,Mechanical Keyboard 75%,peripherals,5,129.00,645.00,refunded,2026-07-18T12:19:19+00:00
ORD-036642,6,4,34in Ultrawide Monitor,displays,1,579.00,579.00,completed,2026-07-18T16:20:35+00:00
ORD-036643,7,7,Standing Desk 120cm,furniture,1,449.00,449.00,refunded,2026-07-18T17:43:21+00:00
ORD-036644,7,10,Laptop Stand Aluminium,accessories,3,27.50,82.50,refunded,2026-07-18T21:13:05+00:00
ORD-036645,10,2,Wireless Mouse,peripherals,3,49.50,148.50,pending,2026-07-18T08:40:55+00:00
ORD-036646,8,3,27in 1440p Monitor,displays,2,319.99,639.98,pending,2026-07-18T06:53:20+00:00
ORD-036647,8,2,Wireless Mouse,peripherals,4,49.50,198.00,refunded,2026-07-18T22:34:59+00:00
ORD-036648,7,5,Over-ear Headphones,audio,2,199.95,399.90,refunded,2026-07-18T17:13:34+00:00
ORD-036649,5,2,Wireless Mouse,peripherals,1,49.50,49.50,refunded,2026-07-18T08:42:03+00:00
ORD-036650,7,4,34in Ultrawide Monitor,displays,3,579.00,1737.00,completed,2026-07-18T14:54:08+00:00
ORD-036651,1,4,34in Ultrawide Monitor,displays,3,579.00,1737.00,pending,2026-07-18T19:44:07+00:00
ORD-036652,6,8,Ergonomic Chair,furniture,5,612.75,3063.75,pending,2026-07-18T18:06:34+00:00
ORD-036653,8,4,34in Ultrawide Monitor,displays,5,579.00,2895.00,completed,2026-07-18T03:06:34+00:00
ORD-036654,2,4,34in Ultrawide Monitor,displays,5,579.00,2895.00,refunded,2026-07-18T15:05:32+00:00
ORD-036655,8,8,Ergonomic Chair,furniture,5,612.75,3063.75,refunded,2026-07-18T03:00:21+00:00
ORD-036656,2,7,Standing Desk 120cm,furniture,3,449.00,1347.00,cancelled,2026-07-18T17:03:33+00:00
ORD-036657,10,8,Ergonomic Chair,furniture,1,612.75,612.75,pending,2026-07-18T09:25:07+00:00
ORD-036658,6,2,Wireless Mouse,peripherals,2,49.50,99.00,completed,2026-07-18T21:44:05+00:00
ORD-036659,3,3,27in 1440p Monitor,displays,5,319.99,1599.95,pending,2026-07-18T23:52:50+00:00
ORD-036660,1,4,34in Ultrawide Monitor,displays,1,579.00,579.00,pending,2026-07-18T02:45:01+00:00
ORD-036661,8,7,Standing Desk 120cm,furniture,3,449.00,1347.00,completed,2026-07-18T10:00:24+00:00
ORD-036662,8,3,27in 1440p Monitor,displays,4,319.99,1279.96,pending,2026-07-18T15:17:25+00:00
ORD-036663,7,4,34in Ultrawide Monitor,displays,3,579.00,1737.00,pending,2026-07-18T16:47:26+00:00
ORD-036664,3,1,Mechanical Keyboard 75%,peripherals,3,129.00,387.00,pending,2026-07-18T03:02:35+00:00
ORD-036665,1,4,34in Ultrawide Monitor,displays,3,579.00,1737.00,pending,2026-07-18T16:45:53+00:00
ORD-036666,7,4,34in Ultrawide Monitor,displays,2,579.00,1158.00,pending,2026-07-18T04:57:54+00:00
ORD-036667,9,6,Desk Speakers Pair,audio,4,89.00,356.00,refunded,2026-07-18T10:37:41+00:00
ORD-036668,3,7,Standing Desk 120cm,furniture,3,449.00,1347.00,cancelled,2026-07-18T20:14:34+00:00
ORD-036669,1,10,Laptop Stand Aluminium,accessories,4,27.50,110.00,cancelled,2026-07-18T06:50:39+00:00
ORD-036670,8,7,Standing Desk 120cm,furniture,2,449.00,898.00,refunded,2026-07-18T06:14:30+00:00
ORD-036671,2,7,Standing Desk 120cm,furniture,5,449.00,2245.00,pending,2026-07-18T10:15:34+00:00
ORD-036672,3,3,27in 1440p Monitor,displays,4,319.99,1279.96,cancelled,2026-07-18T01:06:19+00:00
ORD-036673,7,6,Desk Speakers Pair,audio,2,89.00,178.00,completed,2026-07-18T15:19:00+00:00
ORD-036674,6,2,Wireless Mouse,peripherals,1,49.50,49.50,cancelled,2026-07-18T19:09:25+00:00
ORD-036675,4,4,34in Ultrawide Monitor,displays,1,579.00,579.00,refunded,2026-07-18T15:36:39+00:00
ORD-036676,6,1,Mechanical Keyboard 75%,peripherals,2,129.00,258.00,refunded,2026-07-18T06:02:02+00:00
ORD-036677,1,7,Standing Desk 120cm,furniture,4,449.00,1796.00,refunded,2026-07-18T23:11:17+00:00
ORD-036678,1,5,Over-ear Headphones,audio,4,199.95,799.80,pending,2026-07-18T09:03:17+00:00
ORD-036679,1,6,Desk Speakers Pair,audio,3,89.00,267.00,pending,2026-07-18T02:45:56+00:00
ORD-036680,10,7,Standing Desk 120cm,furniture,5,449.00,2245.00,completed,2026-07-18T21:18:32+00:00
ORD-036681,2,7,Standing Desk 120cm,furniture,2,449.00,898.00,pending,2026-07-18T02:07:32+00:00
ORD-036682,4,10,Laptop Stand Aluminium,accessories,2,27.50,55.00,completed,2026-07-18T11:47:21+00:00
ORD-036683,7,6,Desk Speakers Pair,audio,4,89.00,356.00,completed,2026-07-18T07:10:56+00:00
ORD-036684,2,1,Mechanical Keyboard 75%,peripherals,5,129.00,645.00,completed,2026-07-18T00:14:48+00:00
ORD-036685,9,1,Mechanical Keyboard 75%,peripherals,2,129.00,258.00,refunded,2026-07-18T02:24:34+00:00
ORD-036686,10,10,Laptop Stand Aluminium,accessories,3,27.50,82.50,cancelled,2026-07-18T10:33:47+00:00
ORD-036687,1,7,Standing Desk 120cm,furniture,1,449.00,449.00,pending,2026-07-18T10:33:19+00:00
ORD-036688,2,9,USB-C Hub 8-in-1,accessories,5,39.99,199.95,cancelled,2026-07-18T13:35:31+00:00
ORD-036689,10,2,Wireless Mouse,peripherals,1,49.50,49.50,completed,2026-07-18T11:01:39+00:00
ORD-036690,4,4,34in Ultrawide Monitor,displays,3,579.00,1737.00,cancelled,2026-07-18T13:57:06+00:00
ORD-036691,8,4,34in Ultrawide Monitor,displays,3,579.00,1737.00,cancelled,2026-07-18T21:37:33+00:00
ORD-036692,3,9,USB-C Hub 8-in-1,accessories,3,39.99,119.97,cancelled,2026-07-18T20:46:09+00:00
ORD-036693,4,4,34in Ultrawide Monitor,displays,4,579.00,2316.00,completed,2026-07-18T09:59:44+00:00
ORD-036694,4,1,Mechanical Keyboard 75%,peripherals,5,129.00,645.00,refunded,2026-07-18T05:14:38+00:00
ORD-036695,6,2,Wireless Mouse,peripherals,4,49.50,198.00,cancelled,2026-07-18T15:24:53+00:00
ORD-036696,2,3,27in 1440p Monitor,displays,4,319.99,1279.96,pending,2026-07-18T10:41:01+00:00
ORD-036697,4,7,Standing Desk 120cm,furniture,3,449.00,1347.00,refunded,2026-07-18T00:36:59+00:00
ORD-036698,3,2,Wireless Mouse,peripherals,5,49.50,247.50,cancelled,2026-07-18T13:15:10+00:00
ORD-036699,5,3,27in 1440p Monitor,displays,2,319.99,639.98,completed,2026-07-18T02:15:12+00:00
ORD-036700,7,5,Over-ear Headphones,audio,4,199.95,799.80,completed,2026-07-18T01:48:47+00:00
ORD-036701,4,6,Desk Speakers Pair,audio,5,89.00,445.00,cancelled,2026-07-18T17:29:32+00:00
ORD-036702,5,9,USB-C Hub 8-in-1,accessories,4,39.99,159.96,completed,2026-07-18T12:48:50+00:00
ORD-036703,9,4,34in Ultrawide Monitor,displays,2,579.00,1158.00,cancelled,2026-07-18T00:55:50+00:00
ORD-036704,10,1,Mechanical Keyboard 75%,peripherals,4,129.00,516.00,refunded,2026-07-18T02:15:38+00:00
ORD-036705,1,10,Laptop Stand Aluminium,accessories,2,27.50,55.00,completed,2026-07-18T19:45:01+00:00
ORD-036706,10,8,Ergonomic Chair,furniture,5,612.75,3063.75,completed,2026-07-18T18:21:52+00:00
ORD-036707,3,5,Over-ear Headphones,audio,2,199.95,399.90,refunded,2026-07-18T22:50:10+00:00
ORD-036708,1,2,Wireless Mouse,peripherals,4,49.50,198.00,refunded,2026-07-18T10:44:08+00:00
ORD-036709,1,6,Desk Speakers Pair,audio,1,89.00,89.00,completed,2026-07-18T14:59:30+00:00
ORD-036710,10,6,Desk Speakers Pair,audio,1,89.00,89.00,pending,2026-07-18T16:49:31+00:00
ORD-036711,7,10,Laptop Stand Aluminium,accessories,4,27.50,110.00,refunded,2026-07-18T15:10:45+00:00
ORD-036712,9,3,27in 1440p Monitor,displays,2,319.99,639.98,cancelled,2026-07-18T03:40:12+00:00
ORD-036713,1,7,Standing Desk 120cm,furniture,3,449.00,1347.00,cancelled,2026-07-18T08:34:49+00:00
ORD-036714,5,8,Ergonomic Chair,furniture,5,612.75,3063.75,completed,2026-07-18T15:44:32+00:00
ORD-036715,2,10,Laptop Stand Aluminium,accessories,4,27.50,110.00,completed,2026-07-18T01:36:14+00:00
ORD-036716,2,9,USB-C Hub 8-in-1,accessories,2,39.99,79.98,pending,2026-07-18T09:58:52+00:00
ORD-036717,2,8,Ergonomic Chair,furniture,4,612.75,2451.00,refunded,2026-07-18T06:13:20+00:00
ORD-036718,6,8,Ergonomic Chair,furniture,4,612.75,2451.00,completed,2026-07-18T10:11:19+00:00
ORD-036719,8,2,Wireless Mouse,peripherals,1,49.50,49.50,completed,2026-07-18T21:46:07+00:00
ORD-036720,2,4,34in Ultrawide Monitor,displays,2,579.00,1158.00,cancelled,2026-07-18T06:58:05+00:00
ORD-036721,10,4,34in Ultrawide Monitor,displays,1,579.00,579.00,refunded,2026-07-18T16:08:33+00:00
ORD-036722,5,8,Ergonomic Chair,furniture,5,612.75,3063.75,completed,2026-07-18T11:56:56+00:00
ORD-036723,4,1,Mechanical Keyboard 75%,peripherals,2,129.00,258.00,completed,2026-07-18T09:51:28+00:00
ORD-036724,6,3,27in 1440p Monitor,displays,1,319.99,319.99,refunded,2026-07-18T15:19:22+00:00
ORD-036725,10,3,27in 1440p Monitor,displays,5,319.99,1599.95,cancelled,2026-07-18T16:17:07+00:00
ORD-036726,6,3,27in 1440p Monitor,displays,3,319.99,959.97,pending,2026-07-18T14:13:04+00:00
ORD-036727,1,10,Laptop Stand Aluminium,accessories,5,27.50,137.50,completed,2026-07-18T14:54:30+00:00
ORD-036728,8,6,Desk Speakers Pair,audio,3,89.00,267.00,refunded,2026-07-18T03:43:07+00:00
ORD-036729,4,9,USB-C Hub 8-in-1,accessories,1,39.99,39.99,completed,2026-07-18T10:27:48+00:00
ORD-036730,3,4,34in Ultrawide Monitor,displays,2,579.00,1158.00,pending,2026-07-18T11:30:09+00:00
ORD-036731,10,6,Desk Speakers Pair,audio,5,89.00,445.00,completed,2026-07-18T07:28:42+00:00
ORD-036732,9,3,27in 1440p Monitor,displays,3,319.99,959.97,completed,2026-07-18T00:39:06+00:00
ORD-036733,10,6,Desk Speakers Pair,audio,2,89.00,178.00,pending,2026-07-18T08:44:53+00:00
ORD-036734,1,10,Laptop Stand Aluminium,accessories,1,27.50,27.50,pending,2026-07-18T22:37:30+00:00
ORD-036735,1,4,34in Ultrawide Monitor,displays,2,579.00,1158.00,refunded,2026-07-18T19:03:38+00:00
ORD-036736,4,6,Desk Speakers Pair,audio,3,89.00,267.00,cancelled,2026-07-18T13:52:38+00:00
ORD-036737,3,1,Mechanical Keyboard 75%,peripherals,5,129.00,645.00,cancelled,2026-07-18T22:03:17+00:00
ORD-036738,4,4,34in Ultrawide Monitor,displays,5,579.00,2895.00,cancelled,2026-07-18T07:53:02+00:00
ORD-036739,2,3,27in 1440p Monitor,displays,1,319.99,319.99,completed,2026-07-18T02:23:17+00:00
ORD-036740,7,8,Ergonomic Chair,furniture,1,612.75,612.75,pending,2026-07-18T13:28:19+00:00
ORD-036741,3,7,Standing Desk 120cm,furniture,2,449.00,898.00,pending,2026-07-18T06:42:53+00:00
ORD-036742,4,10,Laptop Stand Aluminium,accessories,5,27.50,137.50,refunded,2026-07-18T07:36:34+00:00
ORD-036743,10,9,USB-C Hub 8-in-1,accessories,2,39.99,79.98,completed,2026-07-18T02:38:50+00:00
ORD-036744,8,6,Desk Speakers Pair,audio,5,89.00,445.00,pending,2026-07-18T18:40:39+00:00
ORD-036745,5,5,Over-ear Headphones,audio,4,199.95,799.80,pending,2026-07-18T06:22:06+00:00
ORD-036746,8,5,Over-ear Headphones,audio,1,199.95,199.95,pending,2026-07-18T14:22:14+00:00
ORD-036747,8,6,Desk Speakers Pair,audio,5,89.00,445.00,completed,2026-07-18T09:10:59+00:00
ORD-036748,8,9,USB-C Hub 8-in-1,accessories,2,39.99,79.98,pending,2026-07-18T05:35:30+00:00
ORD-036749,5,7,Standing Desk 120cm,furniture,2,449.00,898.00,completed,2026-07-18T02:32:36+00:00
ORD-036750,4,5,Over-ear Headphones,audio,3,199.95,599.85,refunded,2026-07-18T21:22:30+00:00
ORD-036751,5,6,Desk Speakers Pair,audio,5,89.00,445.00,cancelled,2026-07-18T16:21:23+00:00
ORD-036752,8,7,Standing Desk 120cm,furniture,5,449.00,2245.00,pending,2026-07-18T05:21:27+00:00
ORD-036753,6,1,Mechanical Keyboard 75%,peripherals,1,129.00,129.00,cancelled,2026-07-18T05:10:13+00:00
ORD-036754,10,3,27in 1440p Monitor,displays,1,319.99,319.99,pending,2026-07-18T15:39:37+00:00
ORD-036755,9,5,Over-ear Headphones,audio,3,199.95,599.85,completed,2026-07-18T19:17:38+00:00
ORD-036756,2,10,Laptop Stand Aluminium,accessories,2,27.50,55.00,refunded,2026-07-18T22:25:57+00:00
ORD-036757,5,8,Ergonomic Chair,furniture,3,612.75,1838.25,cancelled,2026-07-18T09:44:21+00:00
ORD-036758,5,8,Ergonomic Chair,furniture,5,612.75,3063.75,cancelled,2026-07-18T10:08:36+00:00
ORD-036759,8,1,Mechanical Keyboard 75%,peripherals,1,129.00,129.00,pending,2026-07-18T14:45:37+00:00
ORD-036760,3,3,27in 1440p Monitor,displays,2,319.99,639.98,pending,2026-07-18T20:50:38+00:00
ORD-036761,7,9,USB-C Hub 8-in-1,accessories,1,39.99,39.99,pending,2026-07-18T03:18:49+00:00
ORD-036762,10,8,Ergonomic Chair,furniture,5,612.75,3063.75,pending,2026-07-18T11:30:21+00:00
ORD-036763,10,5,Over-ear Headphones,audio,1,199.95,199.95,refunded,2026-07-18T19:03:04+00:00
ORD-036764,9,6,Desk Speakers Pair,audio,4,89.00,356.00,cancelled,2026-07-18T08:54:42+00:00
ORD-036765,2,2,Wireless Mouse,peripherals,2,49.50,99.00,cancelled,2026-07-18T03:25:53+00:00
ORD-036766,5,7,Standing Desk 120cm,furniture,4,449.00,1796.00,cancelled,2026-07-18T07:22:23+00:00
ORD-036767,9,6,Desk Speakers Pair,audio,3,89.00,267.00,cancelled,2026-07-18T00:43:22+00:00
ORD-036768,3,10,Laptop Stand Aluminium,accessories,3,27.50,82.50,pending,2026-07-18T13:17:48+00:00
ORD-036769,6,9,USB-C Hub 8-in-1,accessories,5,39.99,199.95,completed,2026-07-18T20:03:36+00:00
ORD-036770,2,8,Ergonomic Chair,furniture,3,612.75,1838.25,pending,2026-07-18T08:48:30+00:00
ORD-036771,9,4,34in Ultrawide Monitor,displays,3,579.00,1737.00,pending,2026-07-18T04:40:18+00:00
ORD-036772,6,7,Standing Desk 120cm,furniture,1,449.00,449.00,completed,2026-07-18T11:07:46+00:00
ORD-036773,9,1,Mechanical Keyboard 75%,peripherals,4,129.00,516.00,cancelled,2026-07-18T03:05:29+00:00
ORD-036774,10,10,Laptop Stand Aluminium,accessories,2,27.50,55.00,completed,2026-07-18T02:22:19+00:00
ORD-036775,2,7,Standing Desk 120cm,furniture,2,449.00,898.00,refunded,2026-07-18T03:20:37+00:00
ORD-036776,4,10,Laptop Stand Aluminium,accessories,4,27.50,110.00,completed,2026-07-18T09:45:10+00:00
ORD-036777,6,10,Laptop Stand Aluminium,accessories,2,27.50,55.00,completed,2026-07-18T01:15:39+00:00
ORD-036778,2,6,Desk Speakers Pair,audio,5,89.00,445.00,refunded,2026-07-18T07:11:59+00:00
ORD-036779,3,2,Wireless Mouse,peripherals,3,49.50,148.50,completed,2026-07-18T10:14:27+00:00
ORD-036780,7,7,Standing Desk 120cm,furniture,1,449.00,449.00,refunded,2026-07-18T15:10:17+00:00
ORD-036781,8,9,USB-C Hub 8-in-1,accessories,5,39.99,199.95,pending,2026-07-18T01:39:21+00:00
ORD-036782,3,10,Laptop Stand Aluminium,accessories,2,27.50,55.00,pending,2026-07-18T08:57:07+00:00
ORD-036783,5,8,Ergonomic Chair,furniture,5,612.75,3063.75,completed,2026-07-18T20:57:24+00:00
ORD-036784,5,2,Wireless Mouse,peripherals,1,49.50,49.50,refunded,2026-07-18T06:42:56+00:00
ORD-036785,7,2,Wireless Mouse,peripherals,3,49.50,148.50,pending,2026-07-18T12:10:17+00:00
ORD-036786,6,9,USB-C Hub 8-in-1,accessories,1,39.99,39.99,completed,2026-07-18T02:56:56+00:00
ORD-036787,4,7,Standing Desk 120cm,furniture,4,449.00,1796.00,completed,2026-07-18T17:47:59+00:00
ORD-036788,2,7,Standing Desk 120cm,furniture,5,449.00,2245.00,completed,2026-07-18T05:48:21+00:00
ORD-036789,2,10,Laptop Stand Aluminium,accessories,3,27.50,82.50,pending,2026-07-18T23:50:10+00:00
ORD-036790,9,9,USB-C Hub 8-in-1,accessories,1,39.99,39.99,pending,2026-07-18T23:53:14+00:00
ORD-036791,7,10,Laptop Stand Aluminium,accessories,5,27.50,137.50,completed,2026-07-18T22:55:20+00:00
ORD-036792,10,1,Mechanical Keyboard 75%,peripherals,3,129.00,387.00,refunded,2026-07-18T10:57:03+00:00
ORD-036793,1,3,27in 1440p Monitor,displays,1,319.99,319.99,refunded,2026-07-18T03:43:08+00:00
ORD-036794,1,3,27in 1440p Monitor,displays,3,319.99,959.97,refunded,2026-07-18T16:59:34+00:00
ORD-036795,5,3,27in 1440p Monitor,displays,1,319.99,319.99,cancelled,2026-07-18T01:49:21+00:00
ORD-036796,10,4,34in Ultrawide Monitor,displays,4,579.00,2316.00,cancelled,2026-07-18T07:32:41+00:00
ORD-036797,9,3,27in 1440p Monitor,displays,3,319.99,959.97,refunded,2026-07-18T15:23:36+00:00
ORD-036798,6,7,Standing Desk 120cm,furniture,3,449.00,1347.00,pending,2026-07-18T10:08:10+00:00
ORD-036799,8,1,Mechanical Keyboard 75%,peripherals,4,129.00,516.00,cancelled,2026-07-18T01:00:38+00:00
ORD-036800,4,5,Over-ear Headphones,audio,5,199.95,999.75,pending,2026-07-18T20:53:09+00:00
ORD-036801,2,6,Desk Speakers Pair,audio,1,89.00,89.00,refunded,2026-07-18T15:53:20+00:00
ORD-036802,7,5,Over-ear Headphones,audio,2,199.95,399.90,completed,2026-07-18T15:13:45+00:00
ORD-036803,2,4,34in Ultrawide Monitor,displays,1,579.00,579.00,cancelled,2026-07-18T10:44:33+00:00
ORD-036804,1,10,Laptop Stand Aluminium,accessories,3,27.50,82.50,pending,2026-07-18T00:10:57+00:00
ORD-036805,9,2,Wireless Mouse,peripherals,4,49.50,198.00,cancelled,2026-07-18T14:40:23+00:00
ORD-036806,8,7,Standing Desk 120cm,furniture,4,449.00,1796.00,pending,2026-07-18T22:10:55+00:00
ORD-036807,5,8,Ergonomic Chair,furniture,3,612.75,1838.25,completed,2026-07-18T23:12:12+00:00
ORD-036808,6,4,34in Ultrawide Monitor,displays,5,579.00,2895.00,pending,2026-07-18T05:54:29+00:00
ORD-036809,9,4,34in Ultrawide Monitor,displays,4,579.00,2316.00,refunded,2026-07-18T20:09:32+00:00
ORD-036810,6,6,Desk Speakers Pair,audio,5,89.00,445.00,cancelled,2026-07-18T01:14:04+00:00
ORD-036811,1,6,Desk Speakers Pair,audio,5,89.00,445.00,pending,2026-07-18T23:29:26+00:00
ORD-036812,4,7,Standing Desk 120cm,furniture,3,449.00,1347.00,cancelled,2026-07-18T23:14:48+00:00
ORD-036813,4,9,USB-C Hub 8-in-1,accessories,2,39.99,79.98,completed,2026-07-18T12:53:37+00:00
ORD-036814,10,1,Mechanical Keyboard 75%,peripherals,3,129.00,387.00,completed,2026-07-18T03:07:04+00:00
ORD-036815,7,7,Standing Desk 120cm,furniture,5,449.00,2245.00,cancelled,2026-07-18T06:01:15+00:00
ORD-036816,9,5,Over-ear Headphones,audio,5,199.95,999.75,refunded,2026-07-18T17:32:28+00:00
ORD-036817,3,10,Laptop Stand Aluminium,accessories,1,27.50,27.50,pending,2026-07-18T06:06:51+00:00
ORD-036818,6,2,Wireless Mouse,peripherals,5,49.50,247.50,pending,2026-07-18T10:24:35+00:00
ORD-036819,7,2,Wireless Mouse,peripherals,5,49.50,247.50,pending,2026-07-18T10:17:51+00:00
ORD-036820,7,4,34in Ultrawide Monitor,displays,1,579.00,579.00,cancelled,2026-07-18T01:53:20+00:00
ORD-036821,9,2,Wireless Mouse,peripherals,3,49.50,148.50,refunded,2026-07-18T11:13:31+00:00
ORD-036822,10,2,Wireless Mouse,peripherals,5,49.50,247.50,cancelled,2026-07-18T18:07:41+00:00
ORD-036823,8,2,Wireless Mouse,peripherals,1,49.50,49.50,cancelled,2026-07-18T15:21:20+00:00
ORD-036824,1,7,Standing Desk 120cm,furniture,2,449.00,898.00,completed,2026-07-18T04:06:16+00:00
ORD-036825,5,4,34in Ultrawide Monitor,displays,4,579.00,2316.00,cancelled,2026-07-18T16:59:45+00:00
ORD-036826,2,9,USB-C Hub 8-in-1,accessories,4,39.99,159.96,cancelled,2026-07-18T19:09:48+00:00
ORD-036827,6,6,Desk Speakers Pair,audio,4,89.00,356.00,refunded,2026-07-18T22:23:42+00:00
ORD-036828,2,8,Ergonomic Chair,furniture,5,612.75,3063.75,completed,2026-07-18T06:53:52+00:00
ORD-036829,2,7,Standing Desk 120cm,furniture,1,449.00,449.00,refunded,2026-07-18T10:33:00+00:00
ORD-036830,8,6,Desk Speakers Pair,audio,3,89.00,267.00,pending,2026-07-18T06:21:49+00:00
ORD-036831,9,6,Desk Speakers Pair,audio,5,89.00,445.00,refunded,2026-07-18T01:19:34+00:00
ORD-036832,1,8,Ergonomic Chair,furniture,5,612.75,3063.75,cancelled,2026-07-18T01:09:22+00:00
ORD-036833,3,8,Ergonomic Chair,furniture,5,612.75,3063.75,completed,2026-07-18T19:27:54+00:00
ORD-036834,4,2,Wireless Mouse,peripherals,3,49.50,148.50,cancelled,2026-07-18T09:18:31+00:00
ORD-036835,7,8,Ergonomic Chair,furniture,5,612.75,3063.75,pending,2026-07-18T11:22:14+00:00
ORD-036836,9,2,Wireless Mouse,peripherals,5,49.50,247.50,pending,2026-07-18T00:08:01+00:00
ORD-036837,5,6,Desk Speakers Pair,audio,1,89.00,89.00,refunded,2026-07-18T16:34:21+00:00
ORD-036838,7,5,Over-ear Headphones,audio,4,199.95,799.80,refunded,2026-07-18T05:48:49+00:00
ORD-036839,9,4,34in Ultrawide Monitor,displays,2,579.00,1158.00,cancelled,2026-07-18T10:31:50+00:00
ORD-036840,4,4,34in Ultrawide Monitor,displays,3,579.00,1737.00,pending,2026-07-18T08:13:35+00:00
ORD-036841,8,7,Standing Desk 120cm,furniture,1,449.00,449.00,completed,2026-07-18T14:36:02+00:00
ORD-036842,2,3,27in 1440p Monitor,displays,1,319.99,319.99,pending,2026-07-18T23:53:06+00:00
ORD-036843,6,1,Mechanical Keyboard 75%,peripherals,1,129.00,129.00,completed,2026-07-18T01:55:40+00:00
ORD-036844,2,4,34in Ultrawide Monitor,displays,1,579.00,579.00,refunded,2026-07-18T05:36:30+00:00
ORD-036845,6,4,34in Ultrawide Monitor,displays,2,579.00,1158.00,completed,2026-07-18T12:56:23+00:00
ORD-036846,4,5,Over-ear Headphones,audio,5,199.95,999.75,pending,2026-07-18T04:46:19+00:00
ORD-036847,5,7,Standing Desk 120cm,furniture,4,449.00,1796.00,refunded,2026-07-18T23:08:30+00:00
ORD-036848,2,9,USB-C Hub 8-in-1,accessories,1,39.99,39.99,completed,2026-07-18T00:54:05+00:00
ORD-036849,1,7,Standing Desk 120cm,furniture,5,449.00,2245.00,cancelled,2026-07-18T15:40:21+00:00
ORD-036850,3,1,Mechanical Keyboard 75%,peripherals,4,129.00,516.00,pending,2026-07-18T04:28:46+00:00
ORD-036851,5,6,Desk Speakers Pair,audio,3,89.00,267.00,cancelled,2026-07-18T20:00:31+00:00
ORD-036852,8,6,Desk Speakers Pair,audio,1,89.00,89.00,pending,2026-07-18T21:36:25+00:00
ORD-036853,10,5,Over-ear Headphones,audio,5,199.95,999.75,completed,2026-07-18T13:32:45+00:00
ORD-036854,4,4,34in Ultrawide Monitor,displays,5,579.00,2895.00,cancelled,2026-07-18T11:16:21+00:00
ORD-036855,6,4,34in Ultrawide Monitor,displays,4,579.00,2316.00,cancelled,2026-07-18T18:14:50+00:00
ORD-036856,3,10,Laptop Stand Aluminium,accessories,1,27.50,27.50,refunded,2026-07-18T18:02:59+00:00
ORD-036857,1,5,Over-ear Headphones,audio,1,199.95,199.95,refunded,2026-07-18T17:05:38+00:00
ORD-036858,1,9,USB-C Hub 8-in-1,accessories,4,39.99,159.96,completed,2026-07-18T13:31:53+00:00
ORD-036859,2,1,Mechanical Keyboard 75%,peripherals,1,129.00,129.00,refunded,2026-07-18T17:32:00+00:00
ORD-036860,10,6,Desk Speakers Pair,audio,3,89.00,267.00,refunded,2026-07-18T21:30:10+00:00
ORD-036861,1,10,Laptop Stand Aluminium,accessories,2,27.50,55.00,refunded,2026-07-18T20:31:43+00:00
ORD-036862,6,6,Desk Speakers Pair,audio,3,89.00,267.00,pending,2026-07-18T22:58:00+00:00
ORD-036863,9,7,Standing Desk 120cm,furniture,1,449.00,449.00,unknown_status,2026-07-18T17:12:03+00:00
ORD-036864,10,1,Mechanical Keyboard 75%,peripherals,1,129.00,129.00,cancelled,2026-07-18T03:37:59+00:00
ORD-036865,7,3,27in 1440p Monitor,displays,5,319.99,1599.95,completed,2026-07-18T12:10:44+00:00
ORD-036866,2,2,Wireless Mouse,peripherals,4,49.50,198.00,pending,2026-07-18T06:59:54+00:00
ORD-036867,1,9,USB-C Hub 8-in-1,accessories,2,39.99,79.98,refunded,2026-07-18T09:40:21+00:00
ORD-036868,3,3,27in 1440p Monitor,displays,1,319.99,319.99,completed,2026-07-18T09:00:01+00:00
ORD-036869,2,1,Mechanical Keyboard 75%,peripherals,3,129.00,387.00,refunded,2026-07-18T06:10:07+00:00
ORD-036870,5,4,34in Ultrawide Monitor,displays,3,579.00,1737.00,pending,2026-07-18T00:43:55+00:00
ORD-036871,8,7,Standing Desk 120cm,furniture,2,449.00,898.00,cancelled,2026-07-18T00:34:56+00:00
ORD-036872,5,8,Ergonomic Chair,furniture,4,612.75,2451.00,refunded,2026-07-18T23:33:56+00:00
ORD-036873,7,5,Over-ear Headphones,audio,1,199.95,199.95,pending,2026-07-18T14:40:36+00:00
ORD-036874,9,4,34in Ultrawide Monitor,displays,5,579.00,2895.00,cancelled,2026-07-18T20:31:09+00:00
ORD-036875,4,4,34in Ultrawide Monitor,displays,4,579.00,2316.00,refunded,2026-07-18T23:22:23+00:00
ORD-036876,10,3,27in 1440p Monitor,displays,3,319.99,959.97,pending,2026-07-18T12:04:36+00:00
ORD-036877,7,9,USB-C Hub 8-in-1,accessories,3,39.99,119.97,cancelled,2026-07-18T17:59:14+00:00
ORD-036878,5,7,Standing Desk 120cm,furniture,2,449.00,898.00,cancelled,2026-07-18T12:33:24+00:00
ORD-036879,6,3,27in 1440p Monitor,displays,2,319.99,639.98,refunded,2026-07-18T18:14:53+00:00
ORD-036880,7,10,Laptop Stand Aluminium,accessories,1,27.50,27.50,pending,2026-07-18T19:24:08+00:00
ORD-036881,3,7,Standing Desk 120cm,furniture,2,449.00,898.00,completed,2026-07-18T19:53:05+00:00
ORD-036882,8,7,Standing Desk 120cm,furniture,1,449.00,449.00,pending,2026-07-18T23:30:11+00:00
ORD-036883,1,1,Mechanical Keyboard 75%,peripherals,4,129.00,516.00,pending,2026-07-18T05:35:55+00:00
ORD-036884,5,6,Desk Speakers Pair,audio,4,89.00,356.00,refunded,2026-07-18T01:42:28+00:00
ORD-036885,2,4,34in Ultrawide Monitor,displays,3,579.00,1737.00,pending,2026-07-18T09:40:23+00:00
ORD-036886,2,4,34in Ultrawide Monitor,displays,4,579.00,2316.00,pending,2026-07-18T10:29:39+00:00
ORD-036887,6,1,Mechanical Keyboard 75%,peripherals,4,129.00,516.00,refunded,2026-07-18T09:32:05+00:00
ORD-036888,4,6,Desk Speakers Pair,audio,3,89.00,267.00,cancelled,2026-07-18T20:34:03+00:00
ORD-036889,4,5,Over-ear Headphones,audio,1,199.95,199.95,completed,2026-07-18T17:09:27+00:00
ORD-036890,2,6,Desk Speakers Pair,audio,4,89.00,356.00,pending,2026-07-18T03:25:58+00:00
ORD-036891,3,3,27in 1440p Monitor,displays,2,319.99,639.98,completed,2026-07-18T12:25:09+00:00
ORD-036892,5,3,27in 1440p Monitor,displays,2,319.99,639.98,refunded,2026-07-18T00:35:43+00:00
ORD-036893,5,1,Mechanical Keyboard 75%,peripherals,3,129.00,387.00,pending,2026-07-18T04:59:41+00:00
ORD-036894,5,3,27in 1440p Monitor,displays,3,319.99,959.97,refunded,2026-07-18T12:47:21+00:00
ORD-036895,8,8,Ergonomic Chair,furniture,5,612.75,3063.75,cancelled,2026-07-18T03:02:33+00:00
ORD-036896,3,9,USB-C Hub 8-in-1,accessories,3,39.99,119.97,refunded,2026-07-18T02:19:18+00:00
ORD-036897,9,5,Over-ear Headphones,audio,2,199.95,399.90,pending,2026-07-18T07:07:53+00:00
ORD-036898,9,4,34in Ultrawide Monitor,displays,3,579.00,1737.00,refunded,2026-07-18T21:29:22+00:00
ORD-036899,5,2,Wireless Mouse,peripherals,4,49.50,198.00,pending,2026-07-18T22:42:41+00:00
ORD-036900,5,3,27in 1440p Monitor,displays,4,319.99,1279.96,cancelled,2026-07-18T19:15:30+00:00
ORD-036901,10,8,Ergonomic Chair,furniture,2,612.75,1225.50,refunded,2026-07-18T22:08:42+00:00
ORD-036902,6,8,Ergonomic Chair,furniture,1,612.75,612.75,cancelled,2026-07-18T02:02:47+00:00
ORD-036903,6,1,Mechanical Keyboard 75%,peripherals,1,129.00,129.00,refunded,2026-07-18T09:29:56+00:00
ORD-036904,2,10,Laptop Stand Aluminium,accessories,2,27.50,55.00,refunded,2026-07-18T19:30:03+00:00
ORD-036905,5,8,Ergonomic Chair,furniture,5,612.75,3063.75,refunded,2026-07-18T19:41:15+00:00
ORD-036906,6,4,34in Ultrawide Monitor,displays,4,579.00,2316.00,pending,2026-07-18T13:52:46+00:00
ORD-036907,2,3,27in 1440p Monitor,displays,3,319.99,959.97,pending,2026-07-18T12:01:14+00:00
ORD-036908,3,2,Wireless Mouse,peripherals,2,49.50,99.00,pending,2026-07-18T08:46:26+00:00
ORD-036909,4,7,Standing Desk 120cm,furniture,1,449.00,449.00,pending,2026-07-18T10:46:32+00:00
ORD-036910,5,5,Over-ear Headphones,audio,5,199.95,999.75,pending,2026-07-18T22:43:08+00:00
ORD-036911,6,7,Standing Desk 120cm,furniture,2,449.00,898.00,refunded,2026-07-18T07:32:21+00:00
ORD-036912,2,1,Mechanical Keyboard 75%,peripherals,5,129.00,645.00,refunded,2026-07-18T17:47:50+00:00
ORD-036913,6,10,Laptop Stand Aluminium,accessories,5,27.50,137.50,completed,2026-07-18T05:13:11+00:00
ORD-036914,8,8,Ergonomic Chair,furniture,2,612.75,1225.50,refunded,2026-07-18T07:10:14+00:00
ORD-036915,8,2,Wireless Mouse,peripherals,2,49.50,99.00,cancelled,2026-07-18T18:14:36+00:00
ORD-036916,10,7,Standing Desk 120cm,furniture,3,449.00,1347.00,cancelled,2026-07-18T23:52:47+00:00
ORD-036917,9,5,Over-ear Headphones,audio,3,199.95,599.85,completed,2026-07-18T15:32:36+00:00
ORD-036918,1,7,Standing Desk 120cm,furniture,3,449.00,1347.00,refunded,2026-07-18T06:37:38+00:00
ORD-036919,3,5,Over-ear Headphones,audio,3,199.95,599.85,refunded,2026-07-18T06:29:25+00:00
ORD-036920,5,2,Wireless Mouse,peripherals,2,49.50,99.00,pending,2026-07-18T11:49:54+00:00
ORD-036921,10,4,34in Ultrawide Monitor,displays,5,579.00,2895.00,refunded,2026-07-18T17:19:54+00:00
ORD-036922,8,4,34in Ultrawide Monitor,displays,5,579.00,2895.00,cancelled,2026-07-18T09:10:32+00:00
ORD-036923,10,7,Standing Desk 120cm,furniture,5,449.00,2245.00,completed,2026-07-18T09:55:37+00:00
ORD-036924,6,9,USB-C Hub 8-in-1,accessories,3,39.99,119.97,refunded,2026-07-18T01:00:17+00:00
ORD-036925,10,4,34in Ultrawide Monitor,displays,5,579.00,2895.00,refunded,2026-07-18T08:29:56+00:00
ORD-036926,1,7,Standing Desk 120cm,furniture,1,449.00,449.00,refunded,2026-07-18T06:57:47+00:00
ORD-036927,6,1,Mechanical Keyboard 75%,peripherals,4,129.00,516.00,pending,2026-07-18T11:39:16+00:00
ORD-036928,7,6,Desk Speakers Pair,audio,2,89.00,178.00,refunded,2026-07-18T23:24:43+00:00
ORD-036929,5,1,Mechanical Keyboard 75%,peripherals,3,129.00,387.00,pending,2026-07-18T21:38:32+00:00
ORD-036930,5,9,USB-C Hub 8-in-1,accessories,5,39.99,199.95,refunded,2026-07-18T01:14:02+00:00
ORD-036931,2,2,Wireless Mouse,peripherals,4,49.50,198.00,refunded,2026-07-18T10:16:37+00:00
ORD-036932,1,3,27in 1440p Monitor,displays,4,319.99,1279.96,pending,2026-07-18T05:18:40+00:00
ORD-036933,4,1,Mechanical Keyboard 75%,peripherals,4,129.00,516.00,completed,2026-07-18T22:13:05+00:00
ORD-036934,1,10,Laptop Stand Aluminium,accessories,3,27.50,82.50,pending,2026-07-18T08:40:03+00:00
ORD-036935,2,10,Laptop Stand Aluminium,accessories,5,27.50,137.50,refunded,2026-07-18T17:17:08+00:00
ORD-036936,1,10,Laptop Stand Aluminium,accessories,5,27.50,137.50,cancelled,2026-07-18T07:26:47+00:00
ORD-036937,10,3,27in 1440p Monitor,displays,1,319.99,319.99,pending,2026-07-18T20:32:45+00:00
ORD-036938,10,3,27in 1440p Monitor,displays,5,319.99,1599.95,cancelled,2026-07-18T17:38:05+00:00
ORD-036939,9,5,Over-ear Headphones,audio,3,199.95,599.85,refunded,2026-07-18T12:26:28+00:00
ORD-036940,9,1,Mechanical Keyboard 75%,peripherals,1,129.00,129.00,completed,2026-07-18T10:06:09+00:00
ORD-036941,6,7,Standing Desk 120cm,furniture,3,449.00,1347.00,refunded,2026-07-18T02:49:21+00:00
ORD-036942,7,5,Over-ear Headphones,audio,4,199.95,799.80,refunded,2026-07-18T01:48:58+00:00
ORD-036943,2,4,34in Ultrawide Monitor,displays,2,579.00,1158.00,refunded,2026-07-18T13:16:13+00:00
ORD-036944,9,7,Standing Desk 120cm,furniture,4,449.00,1796.00,pending,2026-07-18T13:53:37+00:00
ORD-036945,9,9,USB-C Hub 8-in-1,accessories,1,39.99,39.99,refunded,2026-07-18T05:19:23+00:00
ORD-036946,4,10,Laptop Stand Aluminium,accessories,3,27.50,82.50,refunded,2026-07-18T05:14:01+00:00
ORD-036947,9,9,USB-C Hub 8-in-1,accessories,3,39.99,119.97,pending,2026-07-18T08:13:16+00:00
ORD-036948,6,9,USB-C Hub 8-in-1,accessories,1,39.99,39.99,pending,2026-07-18T16:45:09+00:00
ORD-036949,3,3,27in 1440p Monitor,displays,1,319.99,319.99,pending,2026-07-18T04:40:23+00:00
ORD-036950,5,1,Mechanical Keyboard 75%,peripherals,5,129.00,645.00,completed,2026-07-18T15:29:47+00:00
ORD-036951,9,5,Over-ear Headphones,audio,4,199.95,799.80,cancelled,2026-07-18T05:39:41+00:00
ORD-036952,3,2,Wireless Mouse,peripherals,1,49.50,49.50,completed,2026-07-18T04:26:41+00:00
ORD-036953,3,6,Desk Speakers Pair,audio,2,89.00,178.00,completed,2026-07-18T05:47:01+00:00
ORD-036954,7,4,34in Ultrawide Monitor,displays,3,579.00,1737.00,completed,2026-07-18T00:41:51+00:00
ORD-036955,6,4,34in Ultrawide Monitor,displays,5,579.00,2895.00,pending,2026-07-18T23:48:30+00:00
ORD-036956,3,6,Desk Speakers Pair,audio,4,89.00,356.00,refunded,2026-07-18T03:56:03+00:00
ORD-036957,1,4,34in Ultrawide Monitor,displays,1,579.00,579.00,cancelled,2026-07-18T10:41:13+00:00
ORD-036958,5,2,Wireless Mouse,peripherals,5,49.50,247.50,refunded,2026-07-18T21:56:48+00:00
ORD-036959,5,9,USB-C Hub 8-in-1,accessories,4,39.99,159.96,pending,2026-07-18T14:40:36+00:00
ORD-036960,10,5,Over-ear Headphones,audio,5,199.95,999.75,completed,2026-07-18T12:09:56+00:00
ORD-036961,10,10,Laptop Stand Aluminium,accessories,5,27.50,137.50,pending,2026-07-18T15:37:06+00:00
ORD-036962,10,4,34in Ultrawide Monitor,displays,2,579.00,1158.00,completed,2026-07-18T16:48:22+00:00
ORD-036963,9,6,Desk Speakers Pair,audio,4,89.00,356.00,cancelled,2026-07-18T16:38:05+00:00
ORD-036964,8,10,Laptop Stand Aluminium,accessories,2,27.50,55.00,pending,2026-07-18T23:34:31+00:00
ORD-036965,6,1,Mechanical Keyboard 75%,peripherals,5,129.00,645.00,completed,2026-07-18T04:43:23+00:00
ORD-036966,6,6,Desk Speakers Pair,audio,4,89.00,356.00,pending,2026-07-18T08:46:46+00:00
ORD-036967,6,1,Mechanical Keyboard 75%,peripherals,3,129.00,387.00,completed,2026-07-18T18:42:22+00:00
ORD-036968,8,2,Wireless Mouse,peripherals,4,49.50,198.00,completed,2026-07-18T09:40:36+00:00
ORD-036969,7,6,Desk Speakers Pair,audio,2,89.00,178.00,pending,2026-07-18T03:58:48+00:00
ORD-036970,9,7,Standing Desk 120cm,furniture,2,449.00,898.00,completed,2026-07-18T03:19:33+00:00
ORD-036971,8,1,Mechanical Keyboard 75%,peripherals,2,129.00,258.00,cancelled,2026-07-18T07:24:50+00:00
ORD-036972,7,8,Ergonomic Chair,furniture,5,612.75,3063.75,completed,2026-07-18T18:45:34+00:00
ORD-036973,7,3,27in 1440p Monitor,displays,3,319.99,959.97,refunded,2026-07-18T03:19:09+00:00
ORD-036974,6,10,Laptop Stand Aluminium,accessories,5,27.50,137.50,pending,2026-07-18T00:43:08+00:00
ORD-036975,9,8,Ergonomic Chair,furniture,4,612.75,2451.00,completed,2026-07-18T04:59:46+00:00
ORD-036976,10,6,Desk Speakers Pair,audio,2,89.00,178.00,cancelled,2026-07-18T00:06:31+00:00
ORD-036977,3,9,USB-C Hub 8-in-1,accessories,5,39.99,199.95,pending,2026-07-18T13:16:42+00:00
ORD-036978,8,4,34in Ultrawide Monitor,displays,5,579.00,2895.00,cancelled,2026-07-18T19:00:38+00:00
ORD-036979,7,10,Laptop Stand Aluminium,accessories,1,27.50,27.50,pending,2026-07-18T15:12:26+00:00
ORD-036980,6,9,USB-C Hub 8-in-1,accessories,5,39.99,199.95,cancelled,2026-07-18T22:16:54+00:00
ORD-036981,6,4,34in Ultrawide Monitor,displays,1,579.00,579.00,cancelled,2026-07-18T12:12:04+00:00
ORD-036982,7,4,34in Ultrawide Monitor,displays,3,579.00,1737.00,refunded,2026-07-18T00:21:11+00:00
ORD-036983,10,6,Desk Speakers Pair,audio,3,89.00,267.00,refunded,2026-07-18T15:40:22+00:00
ORD-036984,2,9,USB-C Hub 8-in-1,accessories,2,39.99,79.98,completed,2026-07-18T07:20:39+00:00
ORD-036985,2,2,Wireless Mouse,peripherals,3,49.50,148.50,refunded,2026-07-18T06:39:58+00:00
ORD-036986,7,2,Wireless Mouse,peripherals,1,49.50,49.50,refunded,2026-07-18T05:17:53+00:00
ORD-036987,5,1,Mechanical Keyboard 75%,peripherals,5,129.00,645.00,cancelled,2026-07-18T14:11:24+00:00
ORD-036988,3,1,Mechanical Keyboard 75%,peripherals,1,129.00,129.00,cancelled,2026-07-18T17:20:50+00:00
ORD-036989,5,3,27in 1440p Monitor,displays,2,319.99,639.98,cancelled,2026-07-18T13:29:48+00:00
ORD-036990,1,3,27in 1440p Monitor,displays,2,319.99,639.98,completed,2026-07-18T12:40:56+00:00
ORD-036991,4,9,USB-C Hub 8-in-1,accessories,4,39.99,159.96,cancelled,2026-07-18T09:08:44+00:00
ORD-036992,3,9,USB-C Hub 8-in-1,accessories,2,39.99,79.98,pending,2026-07-18T19:46:56+00:00
ORD-036993,1,8,Ergonomic Chair,furniture,1,612.75,612.75,refunded,2026-07-18T05:25:03+00:00
ORD-036994,7,5,Over-ear Headphones,audio,2,199.95,399.90,cancelled,2026-07-18T13:28:58+00:00
ORD-036995,9,7,Standing Desk 120cm,furniture,4,449.00,1796.00,pending,2026-07-18T09:01:22+00:00
ORD-036996,2,8,Ergonomic Chair,furniture,5,612.75,3063.75,pending,2026-07-18T05:17:53+00:00
ORD-036997,9,4,34in Ultrawide Monitor,displays,1,579.00,579.00,refunded,2026-07-18T07:39:55+00:00
ORD-036998,5,5,Over-ear Headphones,audio,5,199.95,999.75,refunded,2026-07-18T04:15:41+00:00
ORD-036999,4,6,Desk Speakers Pair,audio,1,89.00,89.00,cancelled,2026-07-18T21:47:29+00:00
ORD-037000,4,3,27in 1440p Monitor,displays,1,319.99,319.99,pending,2026-07-18T00:17:37+00:00
ORD-037001,9,5,Over-ear Headphones,audio,3,199.95,599.85,completed,2026-07-18T15:06:42+00:00
ORD-037002,2,4,34in Ultrawide Monitor,displays,3,579.00,1737.00,cancelled,2026-07-18T15:31:54+00:00
ORD-037003,2,5,Over-ear Headphones,audio,5,199.95,999.75,completed,2026-07-18T09:30:49+00:00
ORD-037004,4,3,27in 1440p Monitor,displays,5,319.99,1599.95,pending,2026-07-18T14:22:26+00:00
ORD-037005,6,1,Mechanical Keyboard 75%,peripherals,3,129.00,387.00,refunded,2026-07-18T00:02:48+00:00
ORD-037006,3,4,34in Ultrawide Monitor,displays,3,579.00,1737.00,completed,2026-07-18T15:16:11+00:00
ORD-037007,10,9,USB-C Hub 8-in-1,accessories,2,39.99,79.98,cancelled,2026-07-18T17:06:01+00:00
ORD-037008,1,8,Ergonomic Chair,furniture,1,612.75,612.75,completed,2026-07-18T21:25:03+00:00
ORD-037009,7,5,Over-ear Headphones,audio,2,199.95,399.90,pending,2026-07-18T19:27:40+00:00
ORD-037010,7,3,27in 1440p Monitor,displays,1,319.99,319.99,cancelled,2026-07-18T00:00:21+00:00
ORD-037011,8,9,USB-C Hub 8-in-1,accessories,1,39.99,39.99,pending,2026-07-18T22:09:03+00:00
ORD-037012,1,6,Desk Speakers Pair,audio,5,89.00,445.00,refunded,2026-07-18T15:03:10+00:00
ORD-037013,3,3,27in 1440p Monitor,displays,5,319.99,1599.95,refunded,2026-07-18T06:37:09+00:00
ORD-037014,7,10,Laptop Stand Aluminium,accessories,1,27.50,27.50,refunded,2026-07-18T22:40:27+00:00
ORD-037015,2,10,Laptop Stand Aluminium,accessories,3,27.50,82.50,completed,2026-07-18T06:03:58+00:00
ORD-037016,8,1,Mechanical Keyboard 75%,peripherals,3,129.00,387.00,pending,2026-07-18T18:12:22+00:00
ORD-037017,10,9,USB-C Hub 8-in-1,accessories,5,39.99,199.95,pending,2026-07-18T19:07:08+00:00
ORD-037018,4,8,Ergonomic Chair,furniture,4,612.75,2451.00,cancelled,2026-07-18T23:20:55+00:00
ORD-037019,4,8,Ergonomic Chair,furniture,5,612.75,3063.75,cancelled,2026-07-18T09:10:06+00:00
ORD-037020,4,6,Desk Speakers Pair,audio,5,89.00,445.00,cancelled,2026-07-18T14:04:07+00:00
ORD-037021,2,7,Standing Desk 120cm,furniture,2,449.00,898.00,refunded,2026-07-18T12:35:58+00:00
ORD-037022,2,1,Mechanical Keyboard 75%,peripherals,4,129.00,516.00,refunded,2026-07-18T01:34:12+00:00
ORD-037023,6,6,Desk Speakers Pair,audio,2,89.00,178.00,pending,2026-07-18T20:21:31+00:00
ORD-037024,9,10,Laptop Stand Aluminium,accessories,3,27.50,82.50,completed,2026-07-18T02:14:47+00:00
ORD-037025,1,6,Desk Speakers Pair,audio,4,89.00,356.00,cancelled,2026-07-18T20:13:45+00:00
ORD-037026,8,2,Wireless Mouse,peripherals,3,49.50,148.50,cancelled,2026-07-18T00:11:10+00:00
ORD-037027,7,10,Laptop Stand Aluminium,accessories,5,27.50,137.50,completed,2026-07-18T19:15:42+00:00
ORD-037028,2,9,USB-C Hub 8-in-1,accessories,1,39.99,39.99,cancelled,2026-07-18T04:17:31+00:00
ORD-037029,3,2,Wireless Mouse,peripherals,3,49.50,148.50,cancelled,2026-07-18T22:10:33+00:00
