order_id,customer_id,product_id,product_name,category,quantity,unit_price,amount,status,order_date
ORD-005841,6,8,Ergonomic Chair,furniture,1,612.75,612.75,completed,2026-07-04T19:15:48+00:00
ORD-005842,10,2,Wireless Mouse,peripherals,5,49.50,247.50,cancelled,2026-07-04T02:55:51+00:00
ORD-005843,6,5,Over-ear Headphones,audio,3,199.95,599.85,refunded,2026-07-04T09:26:58+00:00
ORD-005844,10,10,Laptop Stand Aluminium,accessories,4,27.50,110.00,refunded,2026-07-04T05:09:41+00:00
ORD-005845,2,6,Desk Speakers Pair,audio,3,89.00,267.00,pending,2026-07-04T14:10:50+00:00
ORD-005846,2,8,Ergonomic Chair,furniture,4,612.75,2451.00,pending,2026-07-04T18:09:01+00:00
ORD-005847,9,8,Ergonomic Chair,furniture,4,612.75,2451.00,refunded,2026-07-04T04:14:07+00:00
ORD-005848,10,3,27in 1440p Monitor,displays,4,319.99,1279.96,cancelled,2026-07-04T08:45:25+00:00
ORD-005849,7,7,Standing Desk 120cm,furniture,1,449.00,449.00,refunded,2026-07-04T04:53:45+00:00
ORD-005850,1,8,Ergonomic Chair,furniture,5,612.75,3063.75,cancelled,2026-07-04T07:57:53+00:00
ORD-005851,8,6,Desk Speakers Pair,audio,4,89.00,356.00,completed,2026-07-04T07:33:13+00:00
ORD-005852,8,4,34in Ultrawide Monitor,displays,5,579.00,2895.00,cancelled,2026-07-04T19:06:20+00:00
ORD-005853,4,1,Mechanical Keyboard 75%,peripherals,2,129.00,258.00,cancelled,2026-07-04T05:05:22+00:00
ORD-005854,5,7,Standing Desk 120cm,furniture,1,449.00,449.00,refunded,2026-07-04T10:59:34+00:00
ORD-005855,7,7,Standing Desk 120cm,furniture,2,449.00,898.00,pending,2026-07-04T17:59:40+00:00
ORD-005856,2,4,34in Ultrawide Monitor,displays,1,579.00,579.00,completed,2026-07-04T10:48:29+00:00
ORD-005857,5,8,Ergonomic Chair,furniture,4,612.75,2451.00,pending,2026-07-04T03:31:22+00:00
ORD-005858,5,2,Wireless Mouse,peripherals,3,49.50,148.50,pending,2026-07-04T06:45:22+00:00
ORD-005859,9,2,Wireless Mouse,peripherals,5,49.50,247.50,refunded,2026-07-04T14:26:47+00:00
ORD-005860,8,4,34in Ultrawide Monitor,displays,4,579.00,2316.00,completed,2026-07-04T09:32:11+00:00
ORD-005861,7,5,Over-ear Headphones,audio,4,199.95,799.80,refunded,2026-07-04T11:24:10+00:00
ORD-005862,1,10,Laptop Stand Aluminium,accessories,5,27.50,137.50,pending,2026-07-04T17:35:12+00:00
ORD-005863,4,7,Standing Desk 120cm,furniture,5,449.00,2245.00,completed,2026-07-04T20:20:34+00:00
ORD-005864,4,1,Mechanical Keyboard 75%,peripherals,3,129.00,387.00,refunded,2026-07-04T19:42:27+00:00
ORD-005865,4,10,Laptop Stand Aluminium,accessories,2,27.50,55.00,completed,2026-07-04T14:37:13+00:00
ORD-005866,3,6,Desk Speakers Pair,audio,5,89.00,445.00,completed,2026-07-04T06:35:40+00:00
ORD-005867,7,3,27in 1440p Monitor,displays,4,319.99,1279.96,cancelled,2026-07-04T02:05:56+00:00
ORD-005868,2,10,Laptop Stand Aluminium,accessories,2,27.50,55.00,completed,2026-07-04T10:12:01+00:00
ORD-005869,3,5,Over-ear Headphones,audio,1,199.95,199.95,completed,2026-07-04T13:43:49+00:00
ORD-005870,3,2,Wireless Mouse,peripherals,5,49.50,247.50,pending,2026-07-04T16:26:40+00:00
ORD-005871,8,9,USB-C Hub 8-in-1,accessories,2,39.99,79.98,completed,2026-07-04T10:13:20+00:00
ORD-005872,2,9,USB-C Hub 8-in-1,accessories,2,39.99,79.98,completed,2026-07-04T00:44:36+00:00
ORD-005873,1,8,Ergonomic Chair,furniture,5,612.75,3063.75,refunded,2026-07-04T14:34:51+00:00
ORD-005874,10,6,Desk Speakers Pair,audio,4,89.00,356.00,cancelled,2026-07-04T19:08:40+00:00
ORD-005875,10,10,Laptop Stand Aluminium,accessories,4,27.50,110.00,refunded,2026-07-04T10:22:17+00:00
ORD-005876,6,10,Laptop Stand Aluminium,accessories,5,27.50,137.50,pending,2026-07-04T02:04:15+00:00
ORD-005877,2,3,27in 1440p Monitor,displays,1,319.99,319.99,completed,2026-07-04T17:51:08+00:00
ORD-005878,6,5,Over-ear Headphones,audio,5,199.95,999.75,refunded,2026-07-04T14:53:57+00:00
ORD-005879,9,6,Desk Speakers Pair,audio,5,89.00,445.00,completed,2026-07-04T03:27:21+00:00
ORD-005880,8,1,Mechanical Keyboard 75%,peripherals,4,129.00,516.00,pending,2026-07-04T02:48:08+00:00
ORD-005881,2,6,Desk Speakers Pair,audio,4,89.00,356.00,refunded,2026-07-04T08:51:23+00:00
ORD-005882,10,4,34in Ultrawide Monitor,displays,1,579.00,579.00,refunded,2026-07-04T06:07:21+00:00
ORD-005883,3,6,Desk Speakers Pair,audio,3,89.00,267.00,refunded,2026-07-04T16:20:03+00:00
ORD-005884,5,2,Wireless Mouse,peripherals,4,49.50,198.00,refunded,2026-07-04T21:43:28+00:00
ORD-005885,9,4,34in Ultrawide Monitor,displays,4,579.00,2316.00,completed,2026-07-04T20:24:32+00:00
ORD-005886,9,2,Wireless Mouse,peripherals,5,49.50,247.50,completed,2026-07-04T07:41:30+00:00
ORD-005887,1,7,Standing Desk 120cm,furniture,5,449.00,2245.00,completed,2026-07-04T06:04:08+00:00
ORD-005888,2,4,34in Ultrawide Monitor,displays,1,579.00,579.00,refunded,2026-07-04T18:11:22+00:00
ORD-005889,3,8,Ergonomic Chair,furniture,3,612.75,1838.25,completed,2026-07-04T06:51:50+00:00
ORD-005890,7,7,Standing Desk 120cm,furniture,2,449.00,898.00,completed,2026-07-04T07:04:49+00:00
ORD-005891,10,4,34in Ultrawide Monitor,displays,1,579.00,579.00,cancelled,2026-07-04T17:07:10+00:00
ORD-005892,1,5,Over-ear Headphones,audio,5,199.95,999.75,cancelled,2026-07-04T01:20:01+00:00
ORD-005893,8,10,Laptop Stand Aluminium,accessories,1,27.50,27.50,pending,2026-07-04T08:50:07+00:00
ORD-005894,6,10,Laptop Stand Aluminium,accessories,3,27.50,82.50,cancelled,2026-07-04T10:46:18+00:00
ORD-005895,7,9,USB-C Hub 8-in-1,accessories,2,39.99,79.98,pending,2026-07-04T12:26:33+00:00
ORD-005896,2,10,Laptop Stand Aluminium,accessories,5,27.50,137.50,pending,2026-07-04T19:57:28+00:00
ORD-005897,10,8,Ergonomic Chair,furniture,3,612.75,1838.25,pending,2026-07-04T07:55:51+00:00
ORD-005898,2,3,27in 1440p Monitor,displays,3,319.99,959.97,refunded,2026-07-04T12:27:09+00:00
ORD-005899,3,5,Over-ear Headphones,audio,1,199.95,199.95,cancelled,2026-07-04T21:51:09+00:00
ORD-005900,5,9,USB-C Hub 8-in-1,accessories,1,39.99,39.99,refunded,2026-07-04T22:54:50+00:00
ORD-005901,3,7,Standing Desk 120cm,furniture,2,449.00,898.00,pending,2026-07-04T03:52:12+00:00
ORD-005902,9,7,Standing Desk 120cm,furniture,1,449.00,449.00,refunded,2026-07-04T04:25:27+00:00
ORD-005903,5,4,34in Ultrawide Monitor,displays,5,579.00,2895.00,cancelled,2026-07-04T21:46:51+00:00
ORD-005904,9,5,Over-ear Headphones,audio,1,199.95,199.95,cancelled,2026-07-04T07:34:11+00:00
ORD-005905,6,6,Desk Speakers Pair,audio,2,89.00,178.00,refunded,2026-07-04T03:24:56+00:00
ORD-005906,4,4,34in Ultrawide Monitor,displays,1,579.00,579.00,completed,2026-07-04T21:57:30+00:00
ORD-005907,9,8,Ergonomic Chair,furniture,5,612.75,3063.75,cancelled,2026-07-04T14:33:41+00:00
ORD-005908,10,10,Laptop Stand Aluminium,accessories,1,27.50,27.50,refunded,2026-07-04T23:41:17+00:00
ORD-005909,9,5,Over-ear Headphones,audio,3,199.95,599.85,refunded,2026-07-04T21:05:29+00:00
ORD-005910,9,3,27in 1440p Monitor,displays,3,319.99,959.97,pending,2026-07-04T01:10:08+00:00
ORD-005911,4,2,Wireless Mouse,peripherals,4,49.50,198.00,cancelled,2026-07-04T17:36:07+00:00
ORD-005912,9,2,Wireless Mouse,peripherals,4,49.50,198.00,completed,2026-07-04T14:34:49+00:00
ORD-005913,10,2,Wireless Mouse,peripherals,2,49.50,99.00,refunded,2026-07-04T07:51:24+00:00
ORD-005914,1,4,34in Ultrawide Monitor,displays,4,579.00,2316.00,refunded,2026-07-04T16:29:12+00:00
ORD-005915,4,3,27in 1440p Monitor,displays,1,319.99,319.99,cancelled,2026-07-04T17:26:00+00:00
ORD-005916,3,1,Mechanical Keyboard 75%,peripherals,2,129.00,258.00,pending,2026-07-04T11:07:39+00:00
ORD-005917,10,3,27in 1440p Monitor,displays,3,319.99,959.97,pending,2026-07-04T03:25:28+00:00
ORD-005918,3,1,Mechanical Keyboard 75%,peripherals,4,129.00,516.00,pending,2026-07-04T08:56:35+00:00
ORD-005919,1,7,Standing Desk 120cm,furniture,3,449.00,1347.00,completed,2026-07-04T11:14:01+00:00
ORD-005920,5,9,USB-C Hub 8-in-1,accessories,1,39.99,39.99,cancelled,2026-07-04T23:37:21+00:00
ORD-005921,9,5,Over-ear Headphones,audio,2,199.95,399.90,cancelled,2026-07-04T10:47:46+00:00
ORD-005922,5,3,27in 1440p Monitor,displays,1,319.99,319.99,pending,2026-07-04T05:43:43+00:00
ORD-005923,5,6,Desk Speakers Pair,audio,1,89.00,89.00,refunded,2026-07-04T21:52:44+00:00
ORD-005924,2,7,Standing Desk 120cm,furniture,3,449.00,1347.00,refunded,2026-07-04T03:18:29+00:00
ORD-005925,5,2,Wireless Mouse,peripherals,3,49.50,148.50,completed,2026-07-04T15:09:55+00:00
ORD-005926,2,10,Laptop Stand Aluminium,accessories,5,27.50,137.50,cancelled,2026-07-04T10:22:36+00:00
ORD-005927,10,8,Ergonomic Chair,furniture,3,612.75,1838.25,completed,2026-07-04T07:00:18+00:00
ORD-005928,6,4,34in Ultrawide Monitor,displays,4,579.00,2316.00,cancelled,2026-07-04T01:25:02+00:00
ORD-005929,2,3,27in 1440p Monitor,displays,3,319.99,959.97,completed,2026-07-04T11:49:30+00:00
ORD-005930,2,9,USB-C Hub 8-in-1,accessories,2,39.99,79.98,completed,2026-07-04T14:02:13+00:00
ORD-005931,7,1,Mechanical Keyboard 75%,peripherals,2,129.00,258.00,cancelled,2026-07-04T11:35:21+00:00
ORD-005932,10,10,Laptop Stand Aluminium,accessories,3,27.50,82.50,pending,2026-07-04T06:35:55+00:00
ORD-005933,8,1,Mechanical Keyboard 75%,peripherals,2,129.00,258.00,refunded,2026-07-04T08:48:21+00:00
ORD-005934,7,7,Standing Desk 120cm,furniture,4,449.00,1796.00,pending,2026-07-04T21:13:46+00:00
ORD-005935,4,3,27in 1440p Monitor,displays,5,319.99,1599.95,pending,2026-07-04T12:37:58+00:00
ORD-005936,10,9,USB-C Hub 8-in-1,accessories,4,39.99,159.96,cancelled,2026-07-04T03:23:45+00:00
ORD-005937,9,2,Wireless Mouse,peripherals,1,49.50,49.50,pending,2026-07-04T22:45:34+00:00
ORD-005938,4,10,Laptop Stand Aluminium,accessories,1,27.50,27.50,cancelled,2026-07-04T22:36:50+00:00
ORD-005939,3,3,27in 1440p Monitor,displays,3,319.99,959.97,cancelled,2026-07-04T23:48:02+00:00
ORD-005940,3,1,Mechanical Keyboard 75%,peripherals,4,129.00,516.00,pending,2026-07-04T15:27:38+00:00
ORD-005941,4,5,Over-ear Headphones,audio,4,199.95,799.80,cancelled,2026-07-04T06:57:56+00:00
ORD-005942,4,9,USB-C Hub 8-in-1,accessories,5,39.99,199.95,pending,2026-07-04T22:00:34+00:00
ORD-005943,6,5,Over-ear Headphones,audio,2,199.95,399.90,completed,2026-07-04T17:12:29+00:00
ORD-005944,10,9,USB-C Hub 8-in-1,accessories,4,39.99,159.96,cancelled,2026-07-04T15:52:50+00:00
ORD-005945,6,1,Mechanical Keyboard 75%,peripherals,5,129.00,645.00,cancelled,2026-07-04T15:49:31+00:00
ORD-005946,9,3,27in 1440p Monitor,displays,3,319.99,959.97,pending,2026-07-04T09:04:08+00:00
ORD-005947,9,7,Standing Desk 120cm,furniture,5,449.00,2245.00,cancelled,2026-07-04T04:51:44+00:00
ORD-005948,5,6,Desk Speakers Pair,audio,1,89.00,89.00,pending,2026-07-04T16:22:31+00:00
ORD-005949,6,6,Desk Speakers Pair,audio,1,89.00,89.00,pending,2026-07-04T21:01:49+00:00
ORD-005950,6,9,USB-C Hub 8-in-1,accessories,5,39.99,199.95,cancelled,2026-07-04T22:37:36+00:00
ORD-005951,10,8,Ergonomic Chair,furniture,1,612.75,612.75,refunded,2026-07-04T09:03:22+00:00
ORD-005952,6,10,Laptop Stand Aluminium,accessories,4,27.50,110.00,pending,2026-07-04T10:19:03+00:00
ORD-005953,8,6,Desk Speakers Pair,audio,5,89.00,445.00,unknown_status,2026-07-04T03:29:59+00:00
ORD-005954,2,1,Mechanical Keyboard 75%,peripherals,3,129.00,387.00,pending,2026-07-04T16:40:18+00:00
ORD-005955,10,1,Mechanical Keyboard 75%,peripherals,1,129.00,129.00,cancelled,2026-07-04T21:33:03+00:00
ORD-005956,9,5,Over-ear Headphones,audio,2,199.95,399.90,refunded,2026-07-04T20:02:32+00:00
ORD-005957,10,4,34in Ultrawide Monitor,displays,3,579.00,1737.00,refunded,2026-07-04T10:22:09+00:00
ORD-005958,7,7,Standing Desk 120cm,furniture,5,449.00,2245.00,refunded,2026-07-04T15:47:17+00:00
ORD-005959,10,10,Laptop Stand Aluminium,accessories,5,27.50,137.50,cancelled,2026-07-04T22:15:23+00:00
ORD-005960,2,8,Ergonomic Chair,furniture,1,612.75,612.75,refunded,2026-07-04T14:52:33+00:00
ORD-005961,1,1,Mechanical Keyboard 75%,peripherals,4,129.00,516.00,completed,2026-07-04T21:16:17+00:00
ORD-005962,2,5,Over-ear Headphones,audio,5,199.95,999.75,completed,2026-07-04T16:01:52+00:00
ORD-005963,5,1,Mechanical Keyboard 75%,peripherals,2,129.00,258.00,refunded,2026-07-04T19:03:49+00:00
ORD-005964,8,2,Wireless Mouse,peripherals,3,49.50,148.50,cancelled,2026-07-04T14:16:44+00:00
ORD-005965,1,7,Standing Desk 120cm,furniture,4,449.00,1796.00,cancelled,2026-07-04T11:51:42+00:00
ORD-005966,7,2,Wireless Mouse,peripherals,5,49.50,247.50,completed,2026-07-04T18:23:35+00:00
ORD-005967,5,2,Wireless Mouse,peripherals,4,49.50,198.00,cancelled,2026-07-04T17:53:28+00:00
ORD-005968,5,10,Laptop Stand Aluminium,accessories,2,27.50,55.00,pending,2026-07-04T07:26:32+00:00
ORD-005969,7,6,Desk Speakers Pair,audio,5,89.00,445.00,cancelled,2026-07-04T23:17:21+00:00
ORD-005970,1,1,Mechanical Keyboard 75%,peripherals,3,129.00,387.00,cancelled,2026-07-04T11:48:14+00:00
ORD-005971,4,7,Standing Desk 120cm,furniture,4,449.00,1796.00,refunded,2026-07-04T20:59:37+00:00
ORD-005972,3,6,Desk Speakers Pair,audio,3,89.00,267.00,cancelled,2026-07-04T01:39:31+00:00
ORD-005973,2,3,27in 1440p Monitor,displays,5,319.99,1599.95,refunded,2026-07-04T15:49:28+00:00
ORD-005974,6,9,USB-C Hub 8-in-1,accessories,5,39.99,199.95,refunded,2026-07-04T06:06:36+00:00
ORD-005975,3,2,Wireless Mouse,peripherals,3,49.50,148.50,cancelled,2026-07-04T01:12:43+00:00
ORD-005976,6,1,Mechanical Keyboard 75%,peripherals,2,129.00,258.00,refunded,2026-07-04T19:37:16+00:00
ORD-005977,5,7,Standing Desk 120cm,furniture,2,449.00,898.00,completed,2026-07-04T13:42:14+00:00
ORD-005978,5,7,Standing Desk 120cm,furniture,2,449.00,898.00,pending,2026-07-04T18:50:03+00:00
ORD-005979,7,7,Standing Desk 120cm,furniture,5,449.00,2245.00,pending,2026-07-04T01:53:05+00:00
ORD-005980,4,6,Desk Speakers Pair,audio,5,89.00,445.00,completed,2026-07-04T12:46:19+00:00
ORD-005981,3,2,Wireless Mouse,peripherals,1,49.50,49.50,refunded,2026-07-04T02:53:35+00:00
ORD-005982,10,9,USB-C Hub 8-in-1,accessories,5,39.99,199.95,cancelled,2026-07-04T13:44:22+00:00
ORD-005983,4,2,Wireless Mouse,peripherals,5,49.50,247.50,completed,2026-07-04T23:36:43+00:00
ORD-005984,3,5,Over-ear Headphones,audio,5,199.95,999.75,refunded,2026-07-04T13:25:48+00:00
ORD-005985,7,8,Ergonomic Chair,furniture,3,612.75,1838.25,refunded,2026-07-04T19:05:05+00:00
ORD-005986,6,1,Mechanical Keyboard 75%,peripherals,2,129.00,258.00,refunded,2026-07-04T14:06:03+00:00
ORD-005987,7,3,27in 1440p Monitor,displays,1,319.99,319.99,pending,2026-07-04T07:04:27+00:00
ORD-005988,4,5,Over-ear Headphones,audio,3,199.95,599.85,cancelled,2026-07-04T10:14:25+00:00
ORD-005989,7,7,Standing Desk 120cm,furniture,5,449.00,2245.00,pending,2026-07-04T21:45:48+00:00
ORD-005990,2,4,34in Ultrawide Monitor,displays,1,579.00,579.00,pending,2026-07-04T19:33:34+00:00
ORD-005991,8,4,34in Ultrawide Monitor,displays,2,579.00,1158.00,refunded,2026-07-04T13:29:59+00:00
ORD-005992,8,2,Wireless Mouse,peripherals,4,49.50,198.00,pending,2026-07-04T01:44:27+00:00
ORD-005993,5,2,Wireless Mouse,peripherals,4,49.50,198.00,cancelled,2026-07-04T10:58:32+00:00
ORD-005994,3,8,Ergonomic Chair,furniture,4,612.75,2451.00,refunded,2026-07-04T15:34:59+00:00
ORD-005995,7,3,27in 1440p Monitor,displays,4,319.99,1279.96,refunded,2026-07-04T08:55:13+00:00
ORD-005996,9,9,USB-C Hub 8-in-1,accessories,3,39.99,119.97,refunded,2026-07-04T01:29:52+00:00
ORD-005997,6,8,Ergonomic Chair,furniture,3,612.75,1838.25,cancelled,2026-07-04T18:03:04+00:00
ORD-005998,9,5,Over-ear Headphones,audio,2,199.95,399.90,cancelled,2026-07-04T10:23:09+00:00
ORD-005999,4,3,27in 1440p Monitor,displays,5,319.99,1599.95,refunded,2026-07-04T12:53:38+00:00
ORD-006000,4,8,Ergonomic Chair,furniture,3,612.75,1838.25,refunded,2026-07-04T01:00:04+00:00
ORD-006001,9,7,Standing Desk 120cm,furniture,4,449.00,1796.00,refunded,2026-07-04T15:17:16+00:00
ORD-006002,3,5,Over-ear Headphones,audio,1,199.95,199.95,completed,2026-07-04T09:39:12+00:00
ORD-006003,6,8,Ergonomic Chair,furniture,4,612.75,2451.00,completed,2026-07-04T17:00:42+00:00
ORD-006004,6,5,Over-ear Headphones,audio,5,199.95,999.75,pending,2026-07-04T16:12:26+00:00
ORD-006005,6,5,Over-ear Headphones,audio,1,199.95,199.95,refunded,2026-07-04T02:46:05+00:00
ORD-006006,10,4,34in Ultrawide Monitor,displays,2,579.00,1158.00,completed,2026-07-04T02:09:45+00:00
ORD-006007,5,1,Mechanical Keyboard 75%,peripherals,1,129.00,129.00,completed,2026-07-04T20:47:18+00:00
ORD-006008,6,7,Standing Desk 120cm,furniture,3,449.00,1347.00,pending,2026-07-04T14:30:22+00:00
ORD-006009,6,4,34in Ultrawide Monitor,displays,3,579.00,1737.00,pending,2026-07-04T09:35:23+00:00
ORD-006010,7,9,USB-C Hub 8-in-1,accessories,3,39.99,119.97,cancelled,2026-07-04T23:50:12+00:00
ORD-006011,4,4,34in Ultrawide Monitor,displays,3,579.00,1737.00,pending,2026-07-04T06:33:51+00:00
ORD-006012,1,7,Standing Desk 120cm,furniture,4,449.00,1796.00,completed,2026-07-04T01:09:40+00:00
ORD-006013,10,5,Over-ear Headphones,audio,4,199.95,799.80,completed,2026-07-04T01:03:08+00:00
ORD-006014,5,2,Wireless Mouse,peripherals,1,49.50,49.50,cancelled,2026-07-04T08:56:20+00:00
ORD-006015,10,7,Standing Desk 120cm,furniture,1,449.00,449.00,refunded,2026-07-04T02:51:50+00:00
ORD-006016,9,6,Desk Speakers Pair,audio,1,89.00,89.00,completed,2026-07-04T03:09:32+00:00
ORD-006017,8,6,Desk Speakers Pair,audio,5,89.00,445.00,cancelled,2026-07-04T07:49:45+00:00
ORD-006018,5,7,Standing Desk 120cm,furniture,4,449.00,1796.00,cancelled,2026-07-04T02:47:07+00:00
ORD-006019,2,8,Ergonomic Chair,furniture,4,612.75,2451.00,refunded,2026-07-04T15:28:32+00:00
ORD-006020,5,9,USB-C Hub 8-in-1,accessories,4,39.99,159.96,refunded,2026-07-04T00:00:07+00:00
ORD-006021,7,10,Laptop Stand Aluminium,accessories,4,27.50,110.00,pending,2026-07-04T14:33:35+00:00
ORD-006022,3,10,Laptop Stand Aluminium,accessories,1,27.50,27.50,cancelled,2026-07-04T13:34:32+00:00
ORD-006023,10,7,Standing Desk 120cm,furniture,3,449.00,1347.00,cancelled,2026-07-04T21:51:35+00:00
ORD-006024,10,1,Mechanical Keyboard 75%,peripherals,5,129.00,645.00,completed,2026-07-04T23:22:15+00:00
ORD-006025,4,5,Over-ear Headphones,audio,2,199.95,399.90,completed,2026-07-04T08:28:16+00:00
ORD-006026,8,3,27in 1440p Monitor,displays,5,319.99,1599.95,refunded,2026-07-04T06:46:10+00:00
ORD-006027,5,5,Over-ear Headphones,audio,1,199.95,199.95,refunded,2026-07-04T11:29:19+00:00
ORD-006028,7,4,34in Ultrawide Monitor,displays,5,579.00,2895.00,pending,2026-07-04T19:28:47+00:00
ORD-006029,1,3,27in 1440p Monitor,displays,1,319.99,319.99,cancelled,2026-07-04T09:13:30+00:00
ORD-006030,9,2,Wireless Mouse,peripherals,2,49.50,99.00,refunded,2026-07-04T03:12:45+00:00
ORD-006031,8,7,Standing Desk 120cm,furniture,1,449.00,449.00,cancelled,2026-07-04T11:13:33+00:00
ORD-006032,9,8,Ergonomic Chair,furniture,2,612.75,1225.50,completed,2026-07-04T07:45:46+00:00
ORD-006033,6,5,Over-ear Headphones,audio,4,199.95,799.80,pending,2026-07-04T18:13:00+00:00
ORD-006034,5,5,Over-ear Headphones,audio,4,199.95,799.80,pending,2026-07-04T10:53:40+00:00
ORD-006035,10,1,Mechanical Keyboard 75%,peripherals,2,129.00,258.00,cancelled,2026-07-04T11:55:01+00:00
ORD-006036,3,5,Over-ear Headphones,audio,1,199.95,199.95,pending,2026-07-04T00:36:27+00:00
ORD-006037,4,9,USB-C Hub 8-in-1,accessories,4,39.99,159.96,cancelled,2026-07-04T23:29:19+00:00
ORD-006038,7,2,Wireless Mouse,peripherals,5,49.50,247.50,cancelled,2026-07-04T14:47:32+00:00
ORD-006039,2,8,Ergonomic Chair,furniture,4,612.75,2451.00,pending,2026-07-04T11:00:42+00:00
ORD-006040,2,2,Wireless Mouse,peripherals,2,49.50,99.00,pending,2026-07-04T13:20:33+00:00
ORD-006041,9,1,Mechanical Keyboard 75%,peripherals,2,129.00,258.00,cancelled,2026-07-04T12:56:15+00:00
ORD-006042,6,4,34in Ultrawide Monitor,displays,3,579.00,1737.00,completed,2026-07-04T15:14:01+00:00
ORD-006043,9,6,Desk Speakers Pair,audio,2,89.00,178.00,cancelled,2026-07-04T22:38:46+00:00
ORD-006044,9,3,27in 1440p Monitor,displays,1,319.99,319.99,cancelled,2026-07-04T17:48:08+00:00
ORD-006045,1,6,Desk Speakers Pair,audio,5,89.00,445.00,cancelled,2026-07-04T22:34:08+00:00
ORD-006046,7,2,Wireless Mouse,peripherals,2,49.50,99.00,cancelled,2026-07-04T20:10:13+00:00
ORD-006047,7,6,Desk Speakers Pair,audio,5,89.00,445.00,refunded,2026-07-04T04:01:36+00:00
ORD-006048,4,6,Desk Speakers Pair,audio,5,89.00,445.00,pending,2026-07-04T06:28:26+00:00
ORD-006049,5,2,Wireless Mouse,peripherals,5,49.50,247.50,completed,2026-07-04T08:01:20+00:00
ORD-006050,4,9,USB-C Hub 8-in-1,accessories,1,39.99,39.99,completed,2026-07-04T02:01:12+00:00
ORD-006051,5,5,Over-ear Headphones,audio,4,199.95,799.80,pending,2026-07-04T06:53:02+00:00
ORD-006052,3,10,Laptop Stand Aluminium,accessories,2,27.50,55.00,completed,2026-07-04T11:21:02+00:00
ORD-006053,8,10,Laptop Stand Aluminium,accessories,3,27.50,82.50,pending,2026-07-04T20:54:25+00:00
ORD-006054,3,1,Mechanical Keyboard 75%,peripherals,5,129.00,645.00,completed,2026-07-04T03:41:57+00:00
ORD-006055,8,9,USB-C Hub 8-in-1,accessories,3,39.99,119.97,pending,2026-07-04T05:38:01+00:00
ORD-006056,5,5,Over-ear Headphones,audio,1,199.95,199.95,refunded,2026-07-04T03:10:23+00:00
ORD-006057,2,2,Wireless Mouse,peripherals,2,49.50,99.00,cancelled,2026-07-04T09:04:57+00:00
ORD-006058,1,6,Desk Speakers Pair,audio,3,89.00,267.00,completed,2026-07-04T07:07:40+00:00
ORD-006059,4,6,Desk Speakers Pair,audio,2,89.00,178.00,completed,2026-07-04T01:25:10+00:00
ORD-006060,8,5,Over-ear Headphones,audio,3,199.95,599.85,refunded,2026-07-04T00:22:25+00:00
ORD-006061,1,9,USB-C Hub 8-in-1,accessories,1,39.99,39.99,refunded,2026-07-04T03:38:02+00:00
ORD-006062,5,6,Desk Speakers Pair,audio,5,89.00,445.00,cancelled,2026-07-04T19:59:22+00:00
ORD-006063,7,6,Desk Speakers Pair,audio,4,89.00,356.00,pending,2026-07-04T14:48:37+00:00
ORD-006064,2,5,Over-ear Headphones,audio,3,199.95,599.85,pending,2026-07-04T11:03:10+00:00
ORD-006065,3,10,Laptop Stand Aluminium,accessories,5,27.50,137.50,refunded,2026-07-04T03:34:41+00:00
ORD-006066,6,10,Laptop Stand Aluminium,accessories,5,27.50,137.50,pending,2026-07-04T09:43:03+00:00
ORD-006067,2,1,Mechanical Keyboard 75%,peripherals,4,129.00,516.00,completed,2026-07-04T11:10:11+00:00
ORD-006068,7,1,Mechanical Keyboard 75%,peripherals,4,129.00,516.00,refunded,2026-07-04T03:48:35+00:00
ORD-006069,1,10,Laptop Stand Aluminium,accessories,1,27.50,27.50,pending,2026-07-04T00:37:43+00:00
ORD-006070,2,3,27in 1440p Monitor,displays,3,319.99,959.97,refunded,2026-07-04T04:52:43+00:00
ORD-006071,9,9,USB-C Hub 8-in-1,accessories,2,39.99,79.98,pending,2026-07-04T15:11:49+00:00
ORD-006072,8,3,27in 1440p Monitor,displays,1,319.99,319.99,cancelled,2026-07-04T23:02:24+00:00
ORD-006073,7,7,Standing Desk 120cm,furniture,2,449.00,898.00,refunded,2026-07-04T23:40:47+00:00
ORD-006074,4,3,27in 1440p Monitor,displays,1,319.99,319.99,cancelled,2026-07-04T19:15:47+00:00
ORD-006075,1,8,Ergonomic Chair,furniture,5,612.75,3063.75,completed,2026-07-04T03:08:38+00:00
ORD-006076,3,6,Desk Speakers Pair,audio,5,89.00,445.00,cancelled,2026-07-04T08:23:18+00:00
ORD-006077,9,8,Ergonomic Chair,furniture,2,612.75,1225.50,refunded,2026-07-04T04:49:49+00:00
ORD-006078,3,1,Mechanical Keyboard 75%,peripherals,2,129.00,258.00,completed,2026-07-04T05:44:56+00:00
ORD-006079,9,1,Mechanical Keyboard 75%,peripherals,4,129.00,516.00,cancelled,2026-07-04T09:43:59+00:00
ORD-006080,5,10,Laptop Stand Aluminium,accessories,4,27.50,110.00,pending,2026-07-04T04:41:24+00:00
ORD-006081,3,9,USB-C Hub 8-in-1,accessories,4,39.99,159.96,cancelled,2026-07-04T04:26:43+00:00
ORD-006082,3,2,Wireless Mouse,peripherals,3,49.50,148.50,completed,2026-07-04T12:11:06+00:00
ORD-006083,1,6,Desk Speakers Pair,audio,5,89.00,445.00,pending,2026-07-04T23:23:36+00:00
ORD-006084,7,9,USB-C Hub 8-in-1,accessories,4,39.99,159.96,completed,2026-07-04T00:34:48+00:00
ORD-006085,3,5,Over-ear Headphones,audio,5,199.95,999.75,pending,2026-07-04T01:02:39+00:00
ORD-006086,6,5,Over-ear Headphones,audio,1,199.95,199.95,cancelled,2026-07-04T15:14:14+00:00
ORD-006087,7,8,Ergonomic Chair,furniture,3,612.75,1838.25,cancelled,2026-07-04T16:25:33+00:00
ORD-006088,5,1,Mechanical Keyboard 75%,peripherals,5,129.00,645.00,completed,2026-07-04T00:50:53+00:00
ORD-006089,6,9,USB-C Hub 8-in-1,accessories,5,39.99,199.95,refunded,2026-07-04T18:23:19+00:00
ORD-006090,1,7,Standing Desk 120cm,furniture,3,449.00,1347.00,completed,2026-07-04T07:26:09+00:00
ORD-006091,6,7,Standing Desk 120cm,furniture,3,449.00,1347.00,refunded,2026-07-04T22:49:42+00:00
ORD-006092,9,3,27in 1440p Monitor,displays,2,319.99,639.98,refunded,2026-07-04T18:44:38+00:00
ORD-006093,8,9,USB-C Hub 8-in-1,accessories,5,39.99,199.95,refunded,2026-07-04T18:35:05+00:00
ORD-006094,10,6,Desk Speakers Pair,audio,4,89.00,356.00,pending,2026-07-04T22:19:52+00:00
ORD-006095,1,2,Wireless Mouse,peripherals,2,49.50,99.00,refunded,2026-07-04T14:10:33+00:00
ORD-006096,1,3,27in 1440p Monitor,displays,2,319.99,639.98,completed,2026-07-04T21:32:19+00:00
ORD-006097,7,2,Wireless Mouse,peripherals,2,49.50,99.00,completed,2026-07-04T20:14:37+00:00
ORD-006098,5,5,Over-ear Headphones,audio,4,199.95,799.80,refunded,2026-07-04T21:26:57+00:00
ORD-006099,1,2,Wireless Mouse,peripherals,5,49.50,247.50,pending,2026-07-04T22:24:21+00:00
ORD-006100,6,9,USB-C Hub 8-in-1,accessories,1,39.99,39.99,completed,2026-07-04T07:32:53+00:00
ORD-006101,6,5,Over-ear Headphones,audio,5,199.95,999.75,pending,2026-07-04T21:22:01+00:00
ORD-006102,5,9,USB-C Hub 8-in-1,accessories,2,39.99,79.98,cancelled,2026-07-04T20:44:10+00:00
ORD-006103,5,2,Wireless Mouse,peripherals,5,49.50,247.50,refunded,2026-07-04T04:26:35+00:00
ORD-006104,4,10,Laptop Stand Aluminium,accessories,1,27.50,27.50,cancelled,2026-07-04T13:10:07+00:00
ORD-006105,4,8,Ergonomic Chair,furniture,2,612.75,1225.50,cancelled,2026-07-04T20:25:04+00:00
ORD-006106,4,2,Wireless Mouse,peripherals,4,49.50,198.00,completed,2026-07-04T17:15:58+00:00
ORD-006107,3,10,Laptop Stand Aluminium,accessories,3,27.50,82.50,refunded,2026-07-04T08:02:55+00:00
ORD-006108,5,8,Ergonomic Chair,furniture,1,612.75,612.75,refunded,2026-07-04T20:15:53+00:00
ORD-006109,7,9,USB-C Hub 8-in-1,accessories,4,39.99,159.96,pending,2026-07-04T12:04:40+00:00
ORD-006110,9,10,Laptop Stand Aluminium,accessories,2,27.50,55.00,pending,2026-07-04T13:22:56+00:00
ORD-006111,9,3,27in 1440p Monitor,displays,5,319.99,1599.95,completed,2026-07-04T05:59:54+00:00
ORD-006112,3,2,Wireless Mouse,peripherals,5,49.50,247.50,pending,2026-07-04T07:56:57+00:00
ORD-006113,7,6,Desk Speakers Pair,audio,2,89.00,178.00,cancelled,2026-07-04T01:31:10+00:00
ORD-006114,7,7,Standing Desk 120cm,furniture,5,449.00,2245.00,refunded,2026-07-04T10:51:02+00:00
ORD-006115,1,7,Standing Desk 120cm,furniture,4,449.00,1796.00,refunded,2026-07-04T18:17:28+00:00
ORD-006116,4,5,Over-ear Headphones,audio,3,199.95,599.85,refunded,2026-07-04T20:05:07+00:00
ORD-006117,6,5,Over-ear Headphones,audio,3,199.95,599.85,refunded,2026-07-04T20:55:05+00:00
ORD-006118,4,6,Desk Speakers Pair,audio,2,89.00,178.00,cancelled,2026-07-04T02:53:20+00:00
ORD-006119,6,4,34in Ultrawide Monitor,displays,1,579.00,579.00,cancelled,2026-07-04T17:23:16+00:00
ORD-006120,3,6,Desk Speakers Pair,audio,5,89.00,445.00,refunded,2026-07-04T22:52:59+00:00
ORD-006121,5,5,Over-ear Headphones,audio,5,199.95,999.75,completed,2026-07-04T16:39:06+00:00
ORD-006122,7,2,Wireless Mouse,peripherals,3,49.50,148.50,pending,2026-07-04T19:10:17+00:00
ORD-006123,2,7,Standing Desk 120cm,furniture,4,449.00,1796.00,completed,2026-07-04T11:46:06+00:00
ORD-006124,7,10,Laptop Stand Aluminium,accessories,5,27.50,137.50,cancelled,2026-07-04T17:57:01+00:00
ORD-006125,10,6,Desk Speakers Pair,audio,2,89.00,178.00,refunded,2026-07-04T09:45:56+00:00
ORD-006126,6,6,Desk Speakers Pair,audio,3,89.00,267.00,refunded,2026-07-04T02:37:09+00:00
ORD-006127,7,5,Over-ear Headphones,audio,1,199.95,199.95,refunded,2026-07-04T22:15:34+00:00
ORD-006128,4,9,USB-C Hub 8-in-1,accessories,5,39.99,199.95,completed,2026-07-04T15:32:17+00:00
ORD-006129,6,1,Mechanical Keyboard 75%,peripherals,5,129.00,645.00,pending,2026-07-04T07:31:12+00:00
ORD-006130,4,1,Mechanical Keyboard 75%,peripherals,1,129.00,129.00,completed,2026-07-04T14:25:04+00:00
ORD-006131,8,2,Wireless Mouse,peripherals,3,49.50,148.50,pending,2026-07-04T20:57:25+00:00
ORD-006132,3,3,27in 1440p Monitor,displays,3,319.99,959.97,cancelled,2026-07-04T05:15:50+00:00
ORD-006133,10,9,USB-C Hub 8-in-1,accessories,2,39.99,79.98,pending,2026-07-04T11:06:57+00:00
ORD-006134,9,8,Ergonomic Chair,furniture,4,612.75,2451.00,completed,2026-07-04T14:56:07+00:00
ORD-006135,7,10,Laptop Stand Aluminium,accessories,5,27.50,137.50,completed,2026-07-04T09:14:57+00:00
ORD-006136,5,2,Wireless Mouse,peripherals,5,49.50,247.50,completed,2026-07-04T01:13:22+00:00
ORD-006137,9,4,34in Ultrawide Monitor,displays,2,579.00,1158.00,completed,2026-07-04T10:55:23+00:00
ORD-006138,8,2,Wireless Mouse,peripherals,3,49.50,148.50,pending,2026-07-04T07:58:47+00:00
ORD-006139,7,6,Desk Speakers Pair,audio,5,89.00,445.00,refunded,2026-07-04T14:31:55+00:00
ORD-006140,5,2,Wireless Mouse,peripherals,3,49.50,148.50,cancelled,2026-07-04T11:52:48+00:00
ORD-006141,4,7,Standing Desk 120cm,furniture,1,449.00,449.00,pending,2026-07-04T12:33:46+00:00
ORD-006142,7,7,Standing Desk 120cm,furniture,1,449.00,449.00,refunded,2026-07-04T22:23:36+00:00
ORD-006143,3,5,Over-ear Headphones,audio,4,199.95,799.80,refunded,2026-07-04T23:02:47+00:00
ORD-006144,6,3,27in 1440p Monitor,displays,1,319.99,319.99,pending,2026-07-04T22:54:20+00:00
ORD-006145,10,7,Standing Desk 120cm,furniture,3,449.00,1347.00,completed,2026-07-04T22:43:15+00:00
ORD-006146,9,2,Wireless Mouse,peripherals,5,49.50,247.50,cancelled,2026-07-04T05:34:34+00:00
ORD-006147,3,7,Standing Desk 120cm,furniture,4,449.00,1796.00,cancelled,2026-07-04T22:48:41+00:00
ORD-006148,6,1,Mechanical Keyboard 75%,peripherals,2,129.00,258.00,cancelled,2026-07-04T03:06:45+00:00
ORD-006149,1,4,34in Ultrawide Monitor,displays,5,579.00,2895.00,refunded,2026-07-04T08:57:10+00:00
ORD-006150,9,8,Ergonomic Chair,furniture,3,612.75,1838.25,pending,2026-07-04T11:39:06+00:00
ORD-006151,3,2,Wireless Mouse,peripherals,2,49.50,99.00,refunded,2026-07-04T14:03:50+00:00
ORD-006152,6,5,Over-ear Headphones,audio,2,199.95,399.90,refunded,2026-07-04T22:06:45+00:00
ORD-006153,5,8,Ergonomic Chair,furniture,5,612.75,3063.75,refunded,2026-07-04T09:43:15+00:00
ORD-006154,10,1,Mechanical Keyboard 75%,peripherals,4,129.00,516.00,completed,2026-07-04T20:25:54+00:00
ORD-006155,10,8,Ergonomic Chair,furniture,3,612.75,1838.25,completed,2026-07-04T02:59:32+00:00
ORD-006156,8,10,Laptop Stand Aluminium,accessories,5,27.50,137.50,refunded,2026-07-04T02:21:16+00:00
ORD-006157,3,6,Desk Speakers Pair,audio,3,89.00,267.00,cancelled,2026-07-04T02:29:41+00:00
ORD-006158,10,5,Over-ear Headphones,audio,1,199.95,199.95,pending,2026-07-04T11:10:15+00:00
ORD-006159,7,6,Desk Speakers Pair,audio,2,89.00,178.00,cancelled,2026-07-04T03:39:07+00:00
ORD-006160,9,10,Laptop Stand Aluminium,accessories,5,27.50,137.50,pending,2026-07-04T06:28:30+00:00
ORD-006161,8,9,USB-C Hub 8-in-1,accessories,3,39.99,119.97,cancelled,2026-07-04T20:45:58+00:00
ORD-006162,6,8,Ergonomic Chair,furniture,4,612.75,2451.00,refunded,2026-07-04T15:48:54+00:00
ORD-006163,8,6,Desk Speakers Pair,audio,5,89.00,445.00,completed,2026-07-04T01:20:10+00:00
ORD-006164,10,6,Desk Speakers Pair,audio,3,89.00,267.00,cancelled,2026-07-04T11:01:53+00:00
ORD-006165,7,4,34in Ultrawide Monitor,displays,3,579.00,1737.00,refunded,2026-07-04T08:06:23+00:00
ORD-006166,7,8,Ergonomic Chair,furniture,1,612.75,612.75,pending,2026-07-04T12:14:37+00:00
ORD-006167,5,3,27in 1440p Monitor,displays,1,319.99,319.99,completed,2026-07-04T21:11:58+00:00
ORD-006168,5,8,Ergonomic Chair,furniture,4,612.75,2451.00,completed,2026-07-04T08:46:27+00:00
ORD-006169,10,6,Desk Speakers Pair,audio,2,89.00,178.00,refunded,2026-07-04T13:06:18+00:00
ORD-006170,1,8,Ergonomic Chair,furniture,1,612.75,612.75,completed,2026-07-04T01:51:18+00:00
ORD-006171,5,2,Wireless Mouse,peripherals,3,49.50,148.50,refunded,2026-07-04T23:25:38+00:00
ORD-006172,10,8,Ergonomic Chair,furniture,2,612.75,1225.50,cancelled,2026-07-04T10:28:34+00:00
ORD-006173,9,4,34in Ultrawide Monitor,displays,1,579.00,579.00,refunded,2026-07-04T09:33:15+00:00
ORD-006174,6,3,27in 1440p Monitor,displays,2,319.99,639.98,refunded,2026-07-04T12:49:49+00:00
ORD-006175,5,9,USB-C Hub 8-in-1,accessories,3,39.99,119.97,completed,2026-07-04T14:36:37+00:00
ORD-006176,8,4,34in Ultrawide Monitor,displays,3,579.00,1737.00,cancelled,2026-07-04T09:50:37+00:00
ORD-006177,6,2,Wireless Mouse,peripherals,4,49.50,198.00,cancelled,2026-07-04T19:26:28+00:00
ORD-006178,6,8,Ergonomic Chair,furniture,2,612.75,1225.50,pending,2026-07-04T22:33:28+00:00
ORD-006179,6,4,34in Ultrawide Monitor,displays,2,579.00,1158.00,cancelled,2026-07-04T19:31:47+00:00
ORD-006180,10,6,Desk Speakers Pair,audio,5,89.00,445.00,cancelled,2026-07-04T00:38:33+00:00
ORD-006181,8,8,Ergonomic Chair,furniture,5,612.75,3063.75,cancelled,2026-07-04T10:58:26+00:00
ORD-006182,7,9,USB-C Hub 8-in-1,accessories,1,39.99,39.99,refunded,2026-07-04T23:47:51+00:00
ORD-006183,5,1,Mechanical Keyboard 75%,peripherals,2,129.00,258.00,completed,2026-07-04T19:19:46+00:00
ORD-006184,4,4,34in Ultrawide Monitor,displays,4,579.00,2316.00,pending,2026-07-04T06:06:13+00:00
ORD-006185,5,5,Over-ear Headphones,audio,4,199.95,799.80,completed,2026-07-04T00:04:06+00:00
ORD-006186,7,8,Ergonomic Chair,furniture,1,612.75,612.75,refunded,2026-07-04T09:09:40+00:00
ORD-006187,10,2,Wireless Mouse,peripherals,3,49.50,148.50,refunded,2026-07-04T17:56:19+00:00
ORD-006188,9,4,34in Ultrawide Monitor,displays,3,579.00,1737.00,cancelled,2026-07-04T04:31:56+00:00
ORD-006189,1,6,Desk Speakers Pair,audio,5,89.00,445.00,pending,2026-07-04T12:22:50+00:00
ORD-006190,7,8,Ergonomic Chair,furniture,3,612.75,1838.25,completed,2026-07-04T13:34:31+00:00
ORD-006191,4,2,Wireless Mouse,peripherals,4,49.50,198.00,refunded,2026-07-04T00:55:29+00:00
ORD-006192,8,2,Wireless Mouse,peripherals,1,49.50,49.50,cancelled,2026-07-04T02:50:01+00:00
ORD-006193,1,10,Laptop Stand Aluminium,accessories,1,27.50,27.50,completed,2026-07-04T23:59:43+00:00
ORD-006194,8,8,Ergonomic Chair,furniture,1,612.75,612.75,cancelled,2026-07-04T13:57:09+00:00
ORD-006195,9,10,Laptop Stand Aluminium,accessories,1,27.50,27.50,refunded,2026-07-04T17:47:58+00:00
ORD-006196,6,10,Laptop Stand Aluminium,accessories,2,27.50,55.00,cancelled,2026-07-04T19:15:37+00:00
ORD-006197,2,2,Wireless Mouse,peripherals,4,49.50,198.00,cancelled,2026-07-04T05:40:59+00:00
ORD-006198,10,10,Laptop Stand Aluminium,accessories,2,27.50,55.00,refunded,2026-07-04T20:00:47+00:00
ORD-006199,6,8,Ergonomic Chair,furniture,4,612.75,2451.00,pending,2026-07-04T09:06:06+00:00
ORD-006200,6,7,Standing Desk 120cm,furniture,4,449.00,1796.00,cancelled,2026-07-04T08:44:37+00:00
ORD-006201,1,9,USB-C Hub 8-in-1,accessories,5,39.99,199.95,refunded,2026-07-04T14:50:14+00:00
ORD-006202,3,1,Mechanical Keyboard 75%,peripherals,4,129.00,516.00,pending,2026-07-04T04:39:48+00:00
ORD-006203,4,5,Over-ear Headphones,audio,1,199.95,199.95,cancelled,2026-07-04T07:46:41+00:00
ORD-006204,1,2,Wireless Mouse,peripherals,2,49.50,99.00,completed,2026-07-04T22:17:08+00:00
ORD-006205,10,5,Over-ear Headphones,audio,2,199.95,399.90,refunded,2026-07-04T01:42:57+00:00
ORD-006206,5,5,Over-ear Headphones,audio,2,199.95,399.90,pending,2026-07-04T17:55:52+00:00
ORD-006207,6,7,Standing Desk 120cm,furniture,4,449.00,1796.00,refunded,2026-07-04T08:11:33+00:00
ORD-006208,2,10,Laptop Stand Aluminium,accessories,4,27.50,110.00,cancelled,2026-07-04T16:04:45+00:00
ORD-006209,1,9,USB-C Hub 8-in-1,accessories,1,39.99,39.99,completed,2026-07-04T07:08:12+00:00
ORD-006210,7,8,Ergonomic Chair,furniture,2,612.75,1225.50,cancelled,2026-07-04T13:15:37+00:00
ORD-006211,1,9,USB-C Hub 8-in-1,accessories,2,39.99,79.98,pending,2026-07-04T14:11:36+00:00
ORD-006212,4,6,Desk Speakers Pair,audio,2,89.00,178.00,refunded,2026-07-04T15:06:45+00:00
ORD-006213,3,10,Laptop Stand Aluminium,accessories,3,27.50,82.50,refunded,2026-07-04T02:29:13+00:00
ORD-006214,2,7,Standing Desk 120cm,furniture,5,449.00,2245.00,pending,2026-07-04T03:46:30+00:00
ORD-006215,2,3,27in 1440p Monitor,displays,2,319.99,639.98,cancelled,2026-07-04T06:03:10+00:00
ORD-006216,7,3,27in 1440p Monitor,displays,3,319.99,959.97,completed,2026-07-04T05:47:29+00:00
ORD-006217,9,2,Wireless Mouse,peripherals,5,49.50,247.50,pending,2026-07-04T17:48:44+00:00
ORD-006218,7,6,Desk Speakers Pair,audio,5,89.00,445.00,cancelled,2026-07-04T11:08:45+00:00
ORD-006219,5,8,Ergonomic Chair,furniture,3,612.75,1838.25,refunded,2026-07-04T22:54:27+00:00
ORD-006220,6,6,Desk Speakers Pair,audio,2,89.00,178.00,cancelled,2026-07-04T06:35:06+00:00
ORD-006221,2,5,Over-ear Headphones,audio,3,199.95,599.85,completed,2026-07-04T02:46:55+00:00
ORD-006222,4,9,USB-C Hub 8-in-1,accessories,3,39.99,119.97,refunded,2026-07-04T03:06:24+00:00
ORD-006223,1,8,Ergonomic Chair,furniture,2,612.75,1225.50,cancelled,2026-07-04T18:36:45+00:00
ORD-006224,9,3,27in 1440p Monitor,displays,1,319.99,319.99,completed,2026-07-04T07:30:10+00:00
ORD-006225,7,10,Laptop Stand Aluminium,accessories,2,27.50,55.00,cancelled,2026-07-04T16:11:09+00:00
ORD-006226,8,2,Wireless Mouse,peripherals,5,49.50,247.50,completed,2026-07-04T10:10:29+00:00
ORD-006227,3,5,Over-ear Headphones,audio,4,199.95,799.80,completed,2026-07-04T04:53:59+00:00
ORD-006228,4,2,Wireless Mouse,peripherals,3,49.50,148.50,pending,2026-07-04T19:00:49+00:00
ORD-006229,1,4,34in Ultrawide Monitor,displays,3,579.00,1737.00,completed,2026-07-04T09:43:11+00:00
ORD-006230,3,2,Wireless Mouse,peripherals,2,49.50,99.00,pending,2026-07-04T16:07:33+00:00
ORD-006231,1,7,Standing Desk 120cm,furniture,1,449.00,449.00,refunded,2026-07-04T07:07:17+00:00
ORD-006232,8,7,Standing Desk 120cm,furniture,3,449.00,1347.00,completed,2026-07-04T17:03:55+00:00
ORD-006233,8,10,Laptop Stand Aluminium,accessories,1,27.50,27.50,refunded,2026-07-04T15:21:24+00:00
ORD-006234,8,2,Wireless Mouse,peripherals,5,49.50,247.50,refunded,2026-07-04T08:38:15+00:00
ORD-006235,1,3,27in 1440p Monitor,displays,5,319.99,1599.95,refunded,2026-07-04T13:35:12+00:00
ORD-006236,7,7,Standing Desk 120cm,furniture,4,449.00,1796.00,pending,2026-07-04T02:23:28+00:00
ORD-006237,1,2,Wireless Mouse,peripherals,4,49.50,198.00,cancelled,2026-07-04T05:21:44+00:00
ORD-006238,7,9,USB-C Hub 8-in-1,accessories,5,39.99,199.95,completed,2026-07-04T18:47:32+00:00
ORD-006239,7,5,Over-ear Headphones,audio,1,199.95,199.95,pending,2026-07-04T18:14:27+00:00
ORD-006240,7,1,Mechanical Keyboard 75%,peripherals,2,129.00,258.00,cancelled,2026-07-04T05:53:32+00:00
ORD-006241,10,6,Desk Speakers Pair,audio,4,89.00,356.00,refunded,2026-07-04T09:20:46+00:00
ORD-006242,10,8,Ergonomic Chair,furniture,3,612.75,1838.25,completed,2026-07-04T03:58:31+00:00
ORD-006243,4,7,Standing Desk 120cm,furniture,1,449.00,449.00,completed,2026-07-04T11:45:23+00:00
ORD-006244,1,7,Standing Desk 120cm,furniture,3,449.00,1347.00,refunded,2026-07-04T20:43:16+00:00
ORD-006245,3,1,Mechanical Keyboard 75%,peripherals,2,129.00,258.00,cancelled,2026-07-04T10:51:47+00:00
ORD-006246,1,2,Wireless Mouse,peripherals,5,49.50,247.50,completed,2026-07-04T16:24:24+00:00
ORD-006247,9,9,USB-C Hub 8-in-1,accessories,1,39.99,39.99,completed,2026-07-04T13:36:29+00:00
ORD-006248,3,4,34in Ultrawide Monitor,displays,4,579.00,2316.00,refunded,2026-07-04T19:50:11+00:00
ORD-006249,5,8,Ergonomic Chair,furniture,1,612.75,612.75,pending,2026-07-04T16:50:03+00:00
ORD-006250,2,2,Wireless Mouse,peripherals,3,49.50,148.50,pending,2026-07-04T08:58:42+00:00
ORD-006251,3,7,Standing Desk 120cm,furniture,2,449.00,898.00,refunded,2026-07-04T12:24:46+00:00
ORD-006252,2,1,Mechanical Keyboard 75%,peripherals,2,129.00,258.00,refunded,2026-07-04T06:20:36+00:00
ORD-006253,9,10,Laptop Stand Aluminium,accessories,1,27.50,27.50,refunded,2026-07-04T20:02:22+00:00
ORD-006254,1,6,Desk Speakers Pair,audio,3,89.00,267.00,pending,2026-07-04T18:43:43+00:00
ORD-006255,6,10,Laptop Stand Aluminium,accessories,2,27.50,55.00,pending,2026-07-04T07:14:41+00:00
ORD-006256,10,9,USB-C Hub 8-in-1,accessories,3,39.99,119.97,completed,2026-07-04T06:59:42+00:00
ORD-006257,8,1,Mechanical Keyboard 75%,peripherals,4,129.00,516.00,pending,2026-07-04T13:10:59+00:00
ORD-006258,5,6,Desk Speakers Pair,audio,1,89.00,89.00,cancelled,2026-07-04T17:28:36+00:00
ORD-006259,4,5,Over-ear Headphones,audio,4,199.95,799.80,cancelled,2026-07-04T20:53:43+00:00
ORD-006260,2,2,Wireless Mouse,peripherals,1,49.50,49.50,cancelled,2026-07-04T05:55:54+00:00
ORD-006261,9,1,Mechanical Keyboard 75%,peripherals,1,129.00,129.00,pending,2026-07-04T05:28:51+00:00
ORD-006262,6,4,34in Ultrawide Monitor,displays,1,579.00,579.00,cancelled,2026-07-04T20:48:08+00:00
ORD-006263,10,9,USB-C Hub 8-in-1,accessories,5,39.99,199.95,completed,2026-07-04T17:33:21+00:00
ORD-006264,8,4,34in Ultrawide Monitor,displays,3,579.00,1737.00,completed,2026-07-04T21:57:03+00:00
ORD-006265,8,8,Ergonomic Chair,furniture,4,612.75,2451.00,completed,2026-07-04T02:57:55+00:00
ORD-006266,7,4,34in Ultrawide Monitor,displays,1,579.00,579.00,refunded,2026-07-04T12:34:32+00:00
ORD-006267,2,1,Mechanical Keyboard 75%,peripherals,5,129.00,645.00,unknown_status,2026-07-04T11:02:55+00:00
ORD-006268,2,7,Standing Desk 120cm,furniture,1,449.00,449.00,refunded,2026-07-04T12:00:48+00:00
ORD-006269,9,5,Over-ear Headphones,audio,5,199.95,999.75,cancelled,2026-07-04T08:26:30+00:00
ORD-006270,7,4,34in Ultrawide Monitor,displays,2,579.00,1158.00,cancelled,2026-07-04T16:19:08+00:00
ORD-006271,7,2,Wireless Mouse,peripherals,5,49.50,247.50,refunded,2026-07-04T16:30:47+00:00
ORD-006272,1,8,Ergonomic Chair,furniture,4,612.75,2451.00,refunded,2026-07-04T02:12:28+00:00
ORD-006273,6,5,Over-ear Headphones,audio,2,199.95,399.90,refunded,2026-07-04T11:17:33+00:00
ORD-006274,8,4,34in Ultrawide Monitor,displays,1,579.00,579.00,pending,2026-07-04T23:16:01+00:00
ORD-006275,3,1,Mechanical Keyboard 75%,peripherals,2,129.00,258.00,cancelled,2026-07-04T08:13:15+00:00
ORD-006276,6,10,Laptop Stand Aluminium,accessories,4,27.50,110.00,refunded,2026-07-04T16:25:38+00:00
ORD-006277,1,5,Over-ear Headphones,audio,3,199.95,599.85,cancelled,2026-07-04T04:14:05+00:00
ORD-006278,1,9,USB-C Hub 8-in-1,accessories,3,39.99,119.97,cancelled,2026-07-04T19:25:04+00:00
ORD-006279,9,8,Ergonomic Chair,furniture,2,612.75,1225.50,completed,2026-07-04T04:15:44+00:00
ORD-006280,6,6,Desk Speakers Pair,audio,4,89.00,356.00,cancelled,2026-07-04T00:42:40+00:00
ORD-006281,8,3,27in 1440p Monitor,displays,4,319.99,1279.96,cancelled,2026-07-04T01:52:25+00:00
ORD-006282,7,10,Laptop Stand Aluminium,accessories,3,27.50,82.50,completed,2026-07-04T17:22:43+00:00
ORD-006283,8,2,Wireless Mouse,peripherals,1,49.50,49.50,refunded,2026-07-04T01:51:54+00:00
ORD-006284,6,7,Standing Desk 120cm,furniture,3,449.00,1347.00,cancelled,2026-07-04T16:22:06+00:00
ORD-006285,8,6,Desk Speakers Pair,audio,4,89.00,356.00,pending,2026-07-04T12:25:50+00:00
ORD-006286,3,9,USB-C Hub 8-in-1,accessories,5,39.99,199.95,pending,2026-07-04T16:35:57+00:00
ORD-006287,5,7,Standing Desk 120cm,furniture,5,449.00,2245.00,cancelled,2026-07-04T07:38:56+00:00
ORD-006288,10,5,Over-ear Headphones,audio,1,199.95,199.95,completed,2026-07-04T07:23:56+00:00
ORD-006289,7,10,Laptop Stand Aluminium,accessories,5,27.50,137.50,cancelled,2026-07-04T09:23:13+00:00
ORD-006290,7,7,Standing Desk 120cm,furniture,1,449.00,449.00,pending,2026-07-04T15:47:48+00:00
ORD-006291,9,7,Standing Desk 120cm,furniture,1,449.00,449.00,pending,2026-07-04T07:57:17+00:00
ORD-006292,1,7,Standing Desk 120cm,furniture,5,449.00,2245.00,refunded,2026-07-04T17:20:37+00:00
ORD-006293,10,8,Ergonomic Chair,furniture,4,612.75,2451.00,cancelled,2026-07-04T15:59:04+00:00
ORD-006294,4,8,Ergonomic Chair,furniture,1,612.75,612.75,refunded,2026-07-04T23:49:14+00:00
ORD-006295,8,3,27in 1440p Monitor,displays,4,319.99,1279.96,refunded,2026-07-04T08:06:45+00:00
ORD-006296,2,10,Laptop Stand Aluminium,accessories,2,27.50,55.00,completed,2026-07-04T16:10:01+00:00
ORD-006297,6,1,Mechanical Keyboard 75%,peripherals,4,129.00,516.00,completed,2026-07-04T08:40:42+00:00
ORD-006298,7,3,27in 1440p Monitor,displays,5,319.99,1599.95,pending,2026-07-04T21:44:19+00:00
ORD-006299,9,3,27in 1440p Monitor,displays,1,319.99,319.99,pending,2026-07-04T14:48:48+00:00
ORD-006300,4,5,Over-ear Headphones,audio,2,199.95,399.90,pending,2026-07-04T05:58:11+00:00
ORD-006301,4,4,34in Ultrawide Monitor,displays,1,579.00,579.00,pending,2026-07-04T05:12:36+00:00
ORD-006302,1,5,Over-ear Headphones,audio,3,199.95,599.85,refunded,2026-07-04T13:48:07+00:00
ORD-006303,5,1,Mechanical Keyboard 75%,peripherals,4,129.00,516.00,pending,2026-07-04T20:36:26+00:00
ORD-006304,6,1,Mechanical Keyboard 75%,peripherals,4,129.00,516.00,pending,2026-07-04T22:16:52+00:00
ORD-006305,9,4,34in Ultrawide Monitor,displays,3,579.00,1737.00,refunded,2026-07-04T15:56:03+00:00
ORD-006306,5,6,Desk Speakers Pair,audio,2,89.00,178.00,completed,2026-07-04T21:48:04+00:00
ORD-006307,4,3,27in 1440p Monitor,displays,5,319.99,1599.95,refunded,2026-07-04T12:30:40+00:00
ORD-006308,5,1,Mechanical Keyboard 75%,peripherals,1,129.00,129.00,cancelled,2026-07-04T13:55:40+00:00
ORD-006309,5,9,USB-C Hub 8-in-1,accessories,5,39.99,199.95,refunded,2026-07-04T12:14:43+00:00
ORD-006310,2,6,Desk Speakers Pair,audio,2,89.00,178.00,completed,2026-07-04T03:52:56+00:00
ORD-006311,6,5,Over-ear Headphones,audio,2,199.95,399.90,cancelled,2026-07-04T13:11:02+00:00
ORD-006312,6,3,27in 1440p Monitor,displays,5,319.99,1599.95,pending,2026-07-04T00:14:06+00:00
ORD-006313,3,8,Ergonomic Chair,furniture,4,612.75,2451.00,cancelled,2026-07-04T11:01:13+00:00
ORD-006314,9,6,Desk Speakers Pair,audio,1,89.00,89.00,refunded,2026-07-04T17:27:51+00:00
ORD-006315,8,9,USB-C Hub 8-in-1,accessories,5,39.99,199.95,refunded,2026-07-04T23:12:43+00:00
ORD-006316,4,1,Mechanical Keyboard 75%,peripherals,2,129.00,258.00,pending,2026-07-04T01:31:50+00:00
ORD-006317,2,3,27in 1440p Monitor,displays,1,319.99,319.99,refunded,2026-07-04T09:04:10+00:00
ORD-006318,6,1,Mechanical Keyboard 75%,peripherals,1,129.00,129.00,refunded,2026-07-04T22:37:32+00:00
ORD-006319,10,7,Standing Desk 120cm,furniture,2,449.00,898.00,pending,2026-07-04T21:32:57+00:00
ORD-006320,9,9,USB-C Hub 8-in-1,accessories,4,39.99,159.96,refunded,2026-07-04T20:36:08+00:00
ORD-006321,4,3,27in 1440p Monitor,displays,5,319.99,1599.95,completed,2026-07-04T18:05:51+00:00
ORD-006322,10,5,Over-ear Headphones,audio,2,199.95,399.90,cancelled,2026-07-04T11:16:34+00:00
ORD-006323,2,7,Standing Desk 120cm,furniture,2,449.00,898.00,refunded,2026-07-04T20:58:53+00:00
ORD-006324,5,10,Laptop Stand Aluminium,accessories,4,27.50,110.00,completed,2026-07-04T11:16:34+00:00
ORD-006325,4,7,Standing Desk 120cm,furniture,1,449.00,449.00,pending,2026-07-04T08:32:10+00:00
ORD-006326,1,9,USB-C Hub 8-in-1,accessories,5,39.99,199.95,refunded,2026-07-04T18:26:35+00:00
ORD-006327,2,1,Mechanical Keyboard 75%,peripherals,1,129.00,129.00,completed,2026-07-04T11:48:11+00:00
ORD-006328,5,3,27in 1440p Monitor,displays,5,319.99,1599.95,cancelled,2026-07-04T17:45:19+00:00
ORD-006329,3,2,Wireless Mouse,peripherals,2,49.50,99.00,pending,2026-07-04T00:46:19+00:00
ORD-006330,6,1,Mechanical Keyboard 75%,peripherals,1,129.00,129.00,cancelled,2026-07-04T17:48:27+00:00
ORD-006331,7,6,Desk Speakers Pair,audio,3,89.00,267.00,cancelled,2026-07-04T02:25:58+00:00
ORD-006332,3,9,USB-C Hub 8-in-1,accessories,4,39.99,159.96,completed,2026-07-04T22:33:20+00:00
ORD-006333,7,1,Mechanical Keyboard 75%,peripherals,3,129.00,387.00,pending,2026-07-04T14:46:27+00:00
ORD-006334,1,8,Ergonomic Chair,furniture,3,612.75,1838.25,completed,2026-07-04T23:40:27+00:00
ORD-006335,10,6,Desk Speakers Pair,audio,2,89.00,178.00,refunded,2026-07-04T14:46:22+00:00
ORD-006336,1,5,Over-ear Headphones,audio,3,199.95,599.85,pending,2026-07-04T06:13:08+00:00
ORD-006337,9,7,Standing Desk 120cm,furniture,1,449.00,449.00,cancelled,2026-07-04T17:31:22+00:00
ORD-006338,4,5,Over-ear Headphones,audio,5,199.95,999.75,completed,2026-07-04T06:52:05+00:00
ORD-006339,8,10,Laptop Stand Aluminium,accessories,3,27.50,82.50,pending,2026-07-04T18:29:03+00:00
ORD-006340,7,4,34in Ultrawide Monitor,displays,5,579.00,2895.00,completed,2026-07-04T07:52:13+00:00
ORD-006341,5,7,Standing Desk 120cm,furniture,1,449.00,449.00,cancelled,2026-07-04T03:12:04+00:00
ORD-006342,4,8,Ergonomic Chair,furniture,5,612.75,3063.75,pending,2026-07-04T05:35:23+00:00
ORD-006343,5,7,Standing Desk 120cm,furniture,4,449.00,1796.00,cancelled,2026-07-04T02:44:52+00:00
ORD-006344,8,9,USB-C Hub 8-in-1,accessories,1,39.99,39.99,completed,2026-07-04T22:36:30+00:00
ORD-006345,2,2,Wireless Mouse,peripherals,3,49.50,148.50,refunded,2026-07-04T01:36:44+00:00
ORD-006346,3,8,Ergonomic Chair,furniture,5,612.75,3063.75,completed,2026-07-04T17:35:58+00:00
ORD-006347,2,10,Laptop Stand Aluminium,accessories,2,27.50,55.00,pending,2026-07-04T12:45:27+00:00
ORD-006348,3,1,Mechanical Keyboard 75%,peripherals,1,129.00,129.00,cancelled,2026-07-04T20:28:28+00:00
ORD-006349,3,3,27in 1440p Monitor,displays,2,319.99,639.98,refunded,2026-07-04T08:15:32+00:00
ORD-006350,4,1,Mechanical Keyboard 75%,peripherals,3,129.00,387.00,refunded,2026-07-04T20:56:52+00:00
ORD-006351,3,10,Laptop Stand Aluminium,accessories,3,27.50,82.50,completed,2026-07-04T18:24:19+00:00
ORD-006352,6,6,Desk Speakers Pair,audio,5,89.00,445.00,cancelled,2026-07-04T22:59:49+00:00
ORD-006353,4,2,Wireless Mouse,peripherals,1,49.50,49.50,refunded,2026-07-04T15:37:56+00:00
ORD-006354,3,2,Wireless Mouse,peripherals,3,49.50,148.50,completed,2026-07-04T21:54:05+00:00
ORD-006355,5,8,Ergonomic Chair,furniture,3,612.75,1838.25,completed,2026-07-04T16:43:46+00:00
ORD-006356,9,5,Over-ear Headphones,audio,2,199.95,399.90,refunded,2026-07-04T10:53:14+00:00
ORD-006357,3,4,34in Ultrawide Monitor,displays,5,579.00,2895.00,refunded,2026-07-04T15:00:07+00:00
ORD-006358,2,3,27in 1440p Monitor,displays,3,319.99,959.97,pending,2026-07-04T21:53:32+00:00
ORD-006359,10,2,Wireless Mouse,peripherals,2,49.50,99.00,refunded,2026-07-04T10:56:11+00:00
ORD-006360,7,8,Ergonomic Chair,furniture,2,612.75,1225.50,refunded,2026-07-04T23:30:41+00:00
ORD-006361,5,8,Ergonomic Chair,furniture,2,612.75,1225.50,pending,2026-07-04T09:23:21+00:00
ORD-006362,6,5,Over-ear Headphones,audio,2,199.95,399.90,cancelled,2026-07-04T22:55:31+00:00
ORD-006363,8,10,Laptop Stand Aluminium,accessories,4,27.50,110.00,pending,2026-07-04T18:53:32+00:00
ORD-006364,8,10,Laptop Stand Aluminium,accessories,4,27.50,110.00,completed,2026-07-04T13:10:35+00:00
ORD-006365,4,6,Desk Speakers Pair,audio,4,89.00,356.00,completed,2026-07-04T11:11:29+00:00
ORD-006366,1,3,27in 1440p Monitor,displays,5,319.99,1599.95,pending,2026-07-04T20:48:08+00:00
ORD-006367,1,5,Over-ear Headphones,audio,5,199.95,999.75,cancelled,2026-07-04T23:33:59+00:00
ORD-006368,10,3,27in 1440p Monitor,displays,3,319.99,959.97,refunded,2026-07-04T17:08:41+00:00
ORD-006369,10,1,Mechanical Keyboard 75%,peripherals,1,129.00,129.00,cancelled,2026-07-04T01:48:52+00:00
ORD-006370,7,1,Mechanical Keyboard 75%,peripherals,5,129.00,645.00,cancelled,2026-07-04T02:23:46+00:00
ORD-006371,7,8,Ergonomic Chair,furniture,2,612.75,1225.50,pending,2026-07-04T17:23:56+00:00
ORD-006372,7,5,Over-ear Headphones,audio,2,199.95,399.90,pending,2026-07-04T14:45:51+00:00
ORD-006373,10,3,27in 1440p Monitor,displays,3,319.99,959.97,pending,2026-07-04T09:31:41+00:00
ORD-006374,10,1,Mechanical Keyboard 75%,peripherals,2,129.00,258.00,pending,2026-07-04T15:01:19+00:00
ORD-006375,5,1,Mechanical Keyboard 75%,peripherals,5,129.00,645.00,completed,2026-07-04T03:04:39+00:00
ORD-006376,8,2,Wireless Mouse,peripherals,3,49.50,148.50,pending,2026-07-04T05:23:59+00:00
ORD-006377,3,2,Wireless Mouse,peripherals,1,49.50,49.50,pending,2026-07-04T16:45:08+00:00
ORD-006378,5,7,Standing Desk 120cm,furniture,3,449.00,1347.00,refunded,2026-07-04T02:23:48+00:00
ORD-006379,1,6,Desk Speakers Pair,audio,4,89.00,356.00,completed,2026-07-04T20:48:37+00:00
ORD-006380,3,2,Wireless Mouse,peripherals,5,49.50,247.50,pending,2026-07-04T09:40:51+00:00
ORD-006381,9,4,34in Ultrawide Monitor,displays,3,579.00,1737.00,cancelled,2026-07-04T22:14:21+00:00
ORD-006382,3,8,Ergonomic Chair,furniture,3,612.75,1838.25,pending,2026-07-04T05:57:21+00:00
ORD-006383,7,6,Desk Speakers Pair,audio,5,89.00,445.00,refunded,2026-07-04T15:11:30+00:00
ORD-006384,4,8,Ergonomic Chair,furniture,1,612.75,612.75,completed,2026-07-04T12:50:56+00:00
ORD-006385,3,3,27in 1440p Monitor,displays,2,319.99,639.98,cancelled,2026-07-04T15:42:08+00:00
ORD-006386,6,8,Ergonomic Chair,furniture,2,612.75,1225.50,completed,2026-07-04T14:39:40+00:00
ORD-006387,10,1,Mechanical Keyboard 75%,peripherals,2,129.00,258.00,completed,2026-07-04T05:12:56+00:00
ORD-006388,1,10,Laptop Stand Aluminium,accessories,1,27.50,27.50,refunded,2026-07-04T23:09:42+00:00
ORD-006389,2,5,Over-ear Headphones,audio,4,199.95,799.80,cancelled,2026-07-04T14:48:11+00:00
ORD-006390,9,5,Over-ear Headphones,audio,2,199.95,399.90,refunded,2026-07-04T16:26:33+00:00
ORD-006391,5,4,34in Ultrawide Monitor,displays,3,579.00,1737.00,completed,2026-07-04T11:34:53+00:00
ORD-006392,4,5,Over-ear Headphones,audio,2,199.95,399.90,completed,2026-07-04T23:20:56+00:00
ORD-006393,10,7,Standing Desk 120cm,furniture,5,449.00,2245.00,pending,2026-07-04T17:56:20+00:00
ORD-006394,6,1,Mechanical Keyboard 75%,peripherals,4,129.00,516.00,cancelled,2026-07-04T16:07:28+00:00
ORD-006395,4,10,Laptop Stand Aluminium,accessories,2,27.50,55.00,cancelled,2026-07-04T22:38:43+00:00
ORD-006396,10,4,34in Ultrawide Monitor,displays,5,579.00,2895.00,completed,2026-07-04T14:34:20+00:00
ORD-006397,10,5,Over-ear Headphones,audio,3,199.95,599.85,pending,2026-07-04T07:43:08+00:00
ORD-006398,8,6,Desk Speakers Pair,audio,2,89.00,178.00,pending,2026-07-04T18:41:30+00:00
ORD-006399,4,6,Desk Speakers Pair,audio,4,89.00,356.00,completed,2026-07-04T07:12:49+00:00
ORD-006400,8,4,34in Ultrawide Monitor,displays,2,579.00,1158.00,pending,2026-07-04T00:43:01+00:00
ORD-006401,4,5,Over-ear Headphones,audio,3,199.95,599.85,completed,2026-07-04T09:02:58+00:00
ORD-006402,5,3,27in 1440p Monitor,displays,2,319.99,639.98,completed,2026-07-04T15:24:16+00:00
ORD-006403,8,3,27in 1440p Monitor,displays,2,319.99,639.98,cancelled,2026-07-04T10:40:19+00:00
ORD-006404,6,1,Mechanical Keyboard 75%,peripherals,5,129.00,645.00,pending,2026-07-04T19:36:52+00:00
ORD-006405,4,8,Ergonomic Chair,furniture,2,612.75,1225.50,pending,2026-07-04T02:00:04+00:00
ORD-006406,2,6,Desk Speakers Pair,audio,1,89.00,89.00,refunded,2026-07-04T11:48:13+00:00
ORD-006407,3,1,Mechanical Keyboard 75%,peripherals,2,129.00,258.00,cancelled,2026-07-04T09:02:56+00:00
ORD-006408,2,2,Wireless Mouse,peripherals,1,49.50,49.50,cancelled,2026-07-04T17:44:54+00:00
ORD-006409,8,6,Desk Speakers Pair,audio,3,89.00,267.00,completed,2026-07-04T19:27:14+00:00
ORD-006410,1,10,Laptop Stand Aluminium,accessories,3,27.50,82.50,cancelled,2026-07-04T23:05:06+00:00
ORD-006411,5,3,27in 1440p Monitor,displays,2,319.99,639.98,cancelled,2026-07-04T23:34:46+00:00
ORD-006412,2,7,Standing Desk 120cm,furniture,3,449.00,1347.00,pending,2026-07-04T02:35:33+00:00
ORD-006413,3,6,Desk Speakers Pair,audio,3,89.00,267.00,cancelled,2026-07-04T03:11:22+00:00
ORD-006414,8,4,34in Ultrawide Monitor,displays,5,579.00,2895.00,completed,2026-07-04T01:17:45+00:00
ORD-006415,6,10,Laptop Stand Aluminium,accessories,1,27.50,27.50,completed,2026-07-04T09:04:58+00:00
ORD-006416,10,6,Desk Speakers Pair,audio,2,89.00,178.00,cancelled,2026-07-04T11:17:20+00:00
ORD-006417,2,2,Wireless Mouse,peripherals,5,49.50,247.50,cancelled,2026-07-04T17:07:42+00:00
ORD-006418,8,8,Ergonomic Chair,furniture,3,612.75,1838.25,completed,2026-07-04T13:01:56+00:00
ORD-006419,3,7,Standing Desk 120cm,furniture,4,449.00,1796.00,pending,2026-07-04T08:23:47+00:00
ORD-006420,1,5,Over-ear Headphones,audio,4,199.95,799.80,refunded,2026-07-04T08:57:27+00:00
ORD-006421,2,2,Wireless Mouse,peripherals,4,49.50,198.00,cancelled,2026-07-04T04:53:00+00:00
ORD-006422,3,7,Standing Desk 120cm,furniture,2,449.00,898.00,completed,2026-07-04T11:30:11+00:00
ORD-006423,2,1,Mechanical Keyboard 75%,peripherals,4,129.00,516.00,cancelled,2026-07-04T15:52:03+00:00
ORD-006424,1,1,Mechanical Keyboard 75%,peripherals,3,129.00,387.00,cancelled,2026-07-04T05:36:04+00:00
ORD-006425,9,10,Laptop Stand Aluminium,accessories,5,27.50,137.50,cancelled,2026-07-04T14:01:56+00:00
ORD-006426,8,7,Standing Desk 120cm,furniture,5,449.00,2245.00,completed,2026-07-04T16:12:58+00:00
ORD-006427,7,5,Over-ear Headphones,audio,2,199.95,399.90,completed,2026-07-04T07:51:21+00:00
ORD-006428,1,9,USB-C Hub 8-in-1,accessories,1,39.99,39.99,completed,2026-07-04T21:35:07+00:00
ORD-006429,7,1,Mechanical Keyboard 75%,peripherals,1,129.00,129.00,completed,2026-07-04T10:21:33+00:00
ORD-006430,3,1,Mechanical Keyboard 75%,peripherals,2,129.00,258.00,refunded,2026-07-04T21:50:29+00:00
ORD-006431,9,9,USB-C Hub 8-in-1,accessories,5,39.99,199.95,completed,2026-07-04T18:14:05+00:00
ORD-006432,1,9,USB-C Hub 8-in-1,accessories,5,39.99,199.95,cancelled,2026-07-04T07:32:28+00:00
ORD-006433,4,7,Standing Desk 120cm,furniture,1,449.00,449.00,completed,2026-07-04T14:02:57+00:00
ORD-006434,9,7,Standing Desk 120cm,furniture,5,449.00,2245.00,cancelled,2026-07-04T17:13:34+00:00
ORD-006435,7,2,Wireless Mouse,peripherals,5,49.50,247.50,completed,2026-07-04T12:51:37+00:00
ORD-006436,7,6,Desk Speakers Pair,audio,1,89.00,89.00,cancelled,2026-07-04T21:31:31+00:00
ORD-006437,3,7,Standing Desk 120cm,furniture,5,449.00,2245.00,refunded,2026-07-04T19:31:34+00:00
ORD-006438,1,8,Ergonomic Chair,furniture,2,612.75,1225.50,completed,2026-07-04T19:04:42+00:00
ORD-006439,3,8,Ergonomic Chair,furniture,2,612.75,1225.50,completed,2026-07-04T17:46:39+00:00
ORD-006440,8,9,USB-C Hub 8-in-1,accessories,1,39.99,39.99,pending,2026-07-04T10:34:21+00:00
ORD-006441,6,4,34in Ultrawide Monitor,displays,4,579.00,2316.00,refunded,2026-07-04T07:40:27+00:00
ORD-006442,9,5,Over-ear Headphones,audio,1,199.95,199.95,pending,2026-07-04T16:58:13+00:00
ORD-006443,1,1,Mechanical Keyboard 75%,peripherals,5,129.00,645.00,refunded,2026-07-04T08:04:50+00:00
ORD-006444,10,10,Laptop Stand Aluminium,accessories,4,27.50,110.00,cancelled,2026-07-04T18:56:53+00:00
ORD-006445,5,2,Wireless Mouse,peripherals,3,49.50,148.50,pending,2026-07-04T12:37:19+00:00
ORD-006446,5,7,Standing Desk 120cm,furniture,4,449.00,1796.00,refunded,2026-07-04T02:53:31+00:00
ORD-006447,1,8,Ergonomic Chair,furniture,3,612.75,1838.25,refunded,2026-07-04T20:32:43+00:00
ORD-006448,7,7,Standing Desk 120cm,furniture,5,449.00,2245.00,refunded,2026-07-04T18:45:15+00:00
ORD-006449,6,6,Desk Speakers Pair,audio,1,89.00,89.00,refunded,2026-07-04T20:25:55+00:00
ORD-006450,5,2,Wireless Mouse,peripherals,1,49.50,49.50,cancelled,2026-07-04T15:28:23+00:00
ORD-006451,10,7,Standing Desk 120cm,furniture,1,449.00,449.00,cancelled,2026-07-04T12:46:58+00:00
ORD-006452,4,7,Standing Desk 120cm,furniture,2,449.00,898.00,completed,2026-07-04T11:03:22+00:00
ORD-006453,8,9,USB-C Hub 8-in-1,accessories,1,39.99,39.99,pending,2026-07-04T22:47:07+00:00
ORD-006454,1,10,Laptop Stand Aluminium,accessories,2,27.50,55.00,pending,2026-07-04T00:35:30+00:00
ORD-006455,7,6,Desk Speakers Pair,audio,5,89.00,445.00,cancelled,2026-07-04T12:36:04+00:00
ORD-006456,8,4,34in Ultrawide Monitor,displays,2,579.00,1158.00,refunded,2026-07-04T17:06:07+00:00
ORD-006457,2,4,34in Ultrawide Monitor,displays,1,579.00,579.00,refunded,2026-07-04T07:17:02+00:00
ORD-006458,2,8,Ergonomic Chair,furniture,5,612.75,3063.75,pending,2026-07-04T17:30:49+00:00
ORD-006459,5,7,Standing Desk 120cm,furniture,1,449.00,449.00,refunded,2026-07-04T13:30:50+00:00
ORD-006460,3,3,27in 1440p Monitor,displays,1,319.99,319.99,cancelled,2026-07-04T03:46:05+00:00
ORD-006461,5,1,Mechanical Keyboard 75%,peripherals,2,129.00,258.00,cancelled,2026-07-04T13:39:05+00:00
ORD-006462,1,6,Desk Speakers Pair,audio,1,89.00,89.00,cancelled,2026-07-04T23:57:49+00:00
ORD-006463,9,5,Over-ear Headphones,audio,5,199.95,999.75,completed,2026-07-04T01:08:29+00:00
ORD-006464,4,10,Laptop Stand Aluminium,accessories,5,27.50,137.50,refunded,2026-07-04T20:02:43+00:00
ORD-006465,9,7,Standing Desk 120cm,furniture,4,449.00,1796.00,refunded,2026-07-04T08:37:31+00:00
ORD-006466,2,3,27in 1440p Monitor,displays,3,319.99,959.97,refunded,2026-07-04T13:44:40+00:00
ORD-006467,5,4,34in Ultrawide Monitor,displays,1,579.00,579.00,pending,2026-07-04T07:21:42+00:00
ORD-006468,1,9,USB-C Hub 8-in-1,accessories,2,39.99,79.98,completed,2026-07-04T02:09:50+00:00
ORD-006469,4,10,Laptop Stand Aluminium,accessories,1,27.50,27.50,cancelled,2026-07-04T10:35:48+00:00
ORD-006470,10,3,27in 1440p Monitor,displays,5,319.99,1599.95,pending,2026-07-04T11:11:07+00:00
ORD-006471,2,1,Mechanical Keyboard 75%,peripherals,4,129.00,516.00,refunded,2026-07-04T10:07:15+00:00
ORD-006472,7,10,Laptop Stand Aluminium,accessories,5,27.50,137.50,cancelled,2026-07-04T23:26:26+00:00
ORD-006473,3,5,Over-ear Headphones,audio,4,199.95,799.80,refunded,2026-07-04T14:06:28+00:00
ORD-006474,9,4,34in Ultrawide Monitor,displays,3,579.00,1737.00,refunded,2026-07-04T03:37:57+00:00
ORD-006475,3,3,27in 1440p Monitor,displays,2,319.99,639.98,refunded,2026-07-04T12:15:48+00:00
ORD-006476,1,6,Desk Speakers Pair,audio,4,89.00,356.00,pending,2026-07-04T02:01:38+00:00
ORD-006477,3,3,27in 1440p Monitor,displays,2,319.99,639.98,pending,2026-07-04T01:21:36+00:00
ORD-006478,7,5,Over-ear Headphones,audio,1,199.95,199.95,refunded,2026-07-04T13:33:15+00:00
ORD-006479,6,8,Ergonomic Chair,furniture,1,612.75,612.75,completed,2026-07-04T06:42:56+00:00
ORD-006480,1,6,Desk Speakers Pair,audio,5,89.00,445.00,cancelled,2026-07-04T20:31:46+00:00
ORD-006481,3,2,Wireless Mouse,peripherals,5,49.50,247.50,completed,2026-07-04T22:54:08+00:00
ORD-006482,7,6,Desk Speakers Pair,audio,1,89.00,89.00,refunded,2026-07-04T15:01:48+00:00
ORD-006483,3,1,Mechanical Keyboard 75%,peripherals,5,129.00,645.00,pending,2026-07-04T04:10:41+00:00
ORD-006484,9,10,Laptop Stand Aluminium,accessories,2,27.50,55.00,cancelled,2026-07-04T17:45:36+00:00
ORD-006485,10,5,Over-ear Headphones,audio,4,199.95,799.80,completed,2026-07-04T23:06:55+00:00
ORD-006486,4,10,Laptop Stand Aluminium,accessories,5,27.50,137.50,refunded,2026-07-04T13:53:39+00:00
ORD-006487,8,2,Wireless Mouse,peripherals,3,49.50,148.50,refunded,2026-07-04T05:07:00+00:00
ORD-006488,5,10,Laptop Stand Aluminium,accessories,3,27.50,82.50,cancelled,2026-07-04T20:05:06+00:00
ORD-006489,3,5,Over-ear Headphones,audio,2,199.95,399.90,pending,2026-07-04T00:32:21+00:00
ORD-006490,5,5,Over-ear Headphones,audio,5,199.95,999.75,refunded,2026-07-04T05:25:52+00:00
ORD-006491,8,4,34in Ultrawide Monitor,displays,1,579.00,579.00,pending,2026-07-04T08:53:43+00:00
ORD-006492,6,8,Ergonomic Chair,furniture,1,612.75,612.75,completed,2026-07-04T10:55:48+00:00
ORD-006493,9,4,34in Ultrawide Monitor,displays,1,579.00,579.00,completed,2026-07-04T04:00:01+00:00
ORD-006494,10,3,27in 1440p Monitor,displays,4,319.99,1279.96,completed,2026-07-04T13:51:32+00:00
ORD-006495,4,5,Over-ear Headphones,audio,1,199.95,199.95,refunded,2026-07-04T22:00:04+00:00
ORD-006496,1,1,Mechanical Keyboard 75%,peripherals,4,129.00,516.00,cancelled,2026-07-04T03:06:16+00:00
ORD-006497,10,8,Ergonomic Chair,furniture,1,612.75,612.75,completed,2026-07-04T18:15:14+00:00
ORD-006498,3,2,Wireless Mouse,peripherals,5,49.50,247.50,cancelled,2026-07-04T22:24:52+00:00
ORD-006499,5,7,Standing Desk 120cm,furniture,5,449.00,2245.00,refunded,2026-07-04T05:12:25+00:00
ORD-006500,4,7,Standing Desk 120cm,furniture,5,449.00,2245.00,cancelled,2026-07-04T20:06:19+00:00
ORD-006501,5,2,Wireless Mouse,peripherals,1,49.50,49.50,completed,2026-07-04T08:01:34+00:00
ORD-006502,2,5,Over-ear Headphones,audio,1,199.95,199.95,completed,2026-07-04T07:12:32+00:00
ORD-006503,2,2,Wireless Mouse,peripherals,5,49.50,247.50,cancelled,2026-07-04T23:03:52+00:00
ORD-006504,4,1,Mechanical Keyboard 75%,peripherals,3,129.00,387.00,pending,2026-07-04T03:07:42+00:00
ORD-006505,10,6,Desk Speakers Pair,audio,1,89.00,89.00,completed,2026-07-04T16:11:58+00:00
ORD-006506,1,5,Over-ear Headphones,audio,3,199.95,599.85,cancelled,2026-07-04T16:23:59+00:00
ORD-006507,5,7,Standing Desk 120cm,furniture,1,449.00,449.00,completed,2026-07-04T20:50:41+00:00
ORD-006508,5,7,Standing Desk 120cm,furniture,4,449.00,1796.00,refunded,2026-07-04T03:38:38+00:00
ORD-006509,1,9,USB-C Hub 8-in-1,accessories,2,39.99,79.98,pending,2026-07-04T02:31:11+00:00
ORD-006510,7,2,Wireless Mouse,peripherals,3,49.50,148.50,cancelled,2026-07-04T12:52:38+00:00
ORD-006511,3,6,Desk Speakers Pair,audio,4,89.00,356.00,refunded,2026-07-04T04:33:22+00:00
ORD-006512,5,6,Desk Speakers Pair,audio,4,89.00,356.00,completed,2026-07-04T21:49:56+00:00
ORD-006513,4,8,Ergonomic Chair,furniture,3,612.75,1838.25,pending,2026-07-04T00:59:41+00:00
ORD-006514,10,8,Ergonomic Chair,furniture,3,612.75,1838.25,refunded,2026-07-04T09:24:12+00:00
ORD-006515,4,1,Mechanical Keyboard 75%,peripherals,5,129.00,645.00,completed,2026-07-04T08:21:43+00:00
ORD-006516,5,4,34in Ultrawide Monitor,displays,4,579.00,2316.00,completed,2026-07-04T22:23:12+00:00
ORD-006517,2,3,27in 1440p Monitor,displays,4,319.99,1279.96,completed,2026-07-04T10:56:21+00:00
ORD-006518,3,7,Standing Desk 120cm,furniture,1,449.00,449.00,refunded,2026-07-04T08:09:39+00:00
ORD-006519,2,8,Ergonomic Chair,furniture,3,612.75,1838.25,completed,2026-07-04T08:30:37+00:00
ORD-006520,4,6,Desk Speakers Pair,audio,4,89.00,356.00,completed,2026-07-04T14:26:20+00:00
ORD-006521,9,1,Mechanical Keyboard 75%,peripherals,1,129.00,129.00,refunded,2026-07-04T00:58:27+00:00
ORD-006522,2,6,Desk Speakers Pair,audio,3,89.00,267.00,pending,2026-07-04T14:49:06+00:00
ORD-006523,1,6,Desk Speakers Pair,audio,2,89.00,178.00,refunded,2026-07-04T14:25:26+00:00
ORD-006524,5,5,Over-ear Headphones,audio,1,199.95,199.95,refunded,2026-07-04T02:14:12+00:00
ORD-006525,8,5,Over-ear Headphones,audio,5,199.95,999.75,cancelled,2026-07-04T14:33:49+00:00
ORD-006526,10,9,USB-C Hub 8-in-1,accessories,4,39.99,159.96,cancelled,2026-07-04T23:08:26+00:00
ORD-006527,2,9,USB-C Hub 8-in-1,accessories,3,39.99,119.97,refunded,2026-07-04T18:48:53+00:00
ORD-006528,2,1,Mechanical Keyboard 75%,peripherals,2,129.00,258.00,completed,2026-07-04T14:45:21+00:00
ORD-006529,1,1,Mechanical Keyboard 75%,peripherals,4,129.00,516.00,completed,2026-07-04T17:03:31+00:00
ORD-006530,8,8,Ergonomic Chair,furniture,4,612.75,2451.00,cancelled,2026-07-04T08:04:47+00:00
ORD-006531,4,10,Laptop Stand Aluminium,accessories,3,27.50,82.50,pending,2026-07-04T21:40:55+00:00
ORD-006532,2,1,Mechanical Keyboard 75%,peripherals,4,129.00,516.00,completed,2026-07-04T19:13:00+00:00
ORD-006533,10,2,Wireless Mouse,peripherals,4,49.50,198.00,refunded,2026-07-04T03:52:54+00:00
ORD-006534,10,1,Mechanical Keyboard 75%,peripherals,1,129.00,129.00,completed,2026-07-04T10:07:22+00:00
ORD-006535,5,3,27in 1440p Monitor,displays,1,319.99,319.99,cancelled,2026-07-04T09:45:33+00:00
ORD-006536,10,2,Wireless Mouse,peripherals,3,49.50,148.50,refunded,2026-07-04T12:10:02+00:00
ORD-006537,4,8,Ergonomic Chair,furniture,3,612.75,1838.25,pending,2026-07-04T08:16:52+00:00
ORD-006538,7,9,USB-C Hub 8-in-1,accessories,3,39.99,119.97,cancelled,2026-07-04T20:33:29+00:00
ORD-006539,10,6,Desk Speakers Pair,audio,2,89.00,178.00,completed,2026-07-04T08:19:50+00:00
ORD-006540,4,8,Ergonomic Chair,furniture,1,612.75,612.75,cancelled,2026-07-04T07:41:11+00:00
ORD-006541,5,4,34in Ultrawide Monitor,displays,1,579.00,579.00,pending,2026-07-04T02:01:01+00:00
ORD-006542,4,7,Standing Desk 120cm,furniture,4,449.00,1796.00,refunded,2026-07-04T12:40:10+00:00
ORD-006543,8,2,Wireless Mouse,peripherals,5,49.50,247.50,pending,2026-07-04T17:23:22+00:00
ORD-006544,10,2,Wireless Mouse,peripherals,4,49.50,198.00,cancelled,2026-07-04T07:52:51+00:00
ORD-006545,9,7,Standing Desk 120cm,furniture,2,449.00,898.00,refunded,2026-07-04T09:56:28+00:00
ORD-006546,6,3,27in 1440p Monitor,displays,2,319.99,639.98,refunded,2026-07-04T20:23:40+00:00
ORD-006547,3,6,Desk Speakers Pair,audio,2,89.00,178.00,refunded,2026-07-04T22:38:11+00:00
ORD-006548,2,7,Standing Desk 120cm,furniture,5,449.00,2245.00,cancelled,2026-07-04T16:30:06+00:00
ORD-006549,10,2,Wireless Mouse,peripherals,2,49.50,99.00,pending,2026-07-04T09:57:25+00:00
ORD-006550,7,2,Wireless Mouse,peripherals,4,49.50,198.00,refunded,2026-07-04T22:10:17+00:00
ORD-006551,6,1,Mechanical Keyboard 75%,peripherals,4,129.00,516.00,cancelled,2026-07-04T00:12:48+00:00
ORD-006552,4,9,USB-C Hub 8-in-1,accessories,1,39.99,39.99,cancelled,2026-07-04T17:23:31+00:00
ORD-006553,2,8,Ergonomic Chair,furniture,5,612.75,3063.75,completed,2026-07-04T04:33:42+00:00
ORD-006554,1,7,Standing Desk 120cm,furniture,2,449.00,898.00,refunded,2026-07-04T12:20:33+00:00
ORD-006555,4,10,Laptop Stand Aluminium,accessories,5,27.50,137.50,cancelled,2026-07-04T22:17:42+00:00
ORD-006556,7,5,Over-ear Headphones,audio,4,199.95,799.80,pending,2026-07-04T11:00:17+00:00
ORD-006557,8,10,Laptop Stand Aluminium,accessories,5,27.50,137.50,completed,2026-07-04T21:41:54+00:00
ORD-006558,6,2,Wireless Mouse,peripherals,3,49.50,148.50,cancelled,2026-07-04T22:52:44+00:00
ORD-006559,10,8,Ergonomic Chair,furniture,1,612.75,612.75,pending,2026-07-04T08:24:08+00:00
ORD-006560,2,5,Over-ear Headphones,audio,2,199.95,399.90,refunded,2026-07-04T17:18:36+00:00
ORD-006561,6,7,Standing Desk 120cm,furniture,5,449.00,2245.00,cancelled,2026-07-04T05:29:40+00:00
ORD-006562,1,3,27in 1440p Monitor,displays,5,319.99,1599.95,cancelled,2026-07-04T23:36:33+00:00
ORD-006563,7,1,Mechanical Keyboard 75%,peripherals,5,129.00,645.00,completed,2026-07-04T06:19:18+00:00
ORD-006564,2,1,Mechanical Keyboard 75%,peripherals,1,129.00,129.00,completed,2026-07-04T02:55:12+00:00
ORD-006565,2,2,Wireless Mouse,peripherals,3,49.50,148.50,refunded,2026-07-04T15:26:31+00:00
ORD-006566,4,2,Wireless Mouse,peripherals,5,49.50,247.50,cancelled,2026-07-04T16:44:10+00:00
ORD-006567,9,5,Over-ear Headphones,audio,5,199.95,999.75,completed,2026-07-04T22:49:15+00:00
ORD-006568,1,3,27in 1440p Monitor,displays,1,319.99,319.99,completed,2026-07-04T08:24:36+00:00
ORD-006569,4,9,USB-C Hub 8-in-1,accessories,5,39.99,199.95,cancelled,2026-07-04T05:05:41+00:00
ORD-006570,1,7,Standing Desk 120cm,furniture,5,449.00,2245.00,refunded,2026-07-04T22:44:13+00:00
ORD-006571,4,8,Ergonomic Chair,furniture,2,612.75,1225.50,completed,2026-07-04T07:09:34+00:00
ORD-006572,9,1,Mechanical Keyboard 75%,peripherals,3,129.00,387.00,completed,2026-07-04T09:33:13+00:00
ORD-006573,4,8,Ergonomic Chair,furniture,4,612.75,2451.00,refunded,2026-07-04T22:52:05+00:00
ORD-006574,2,6,Desk Speakers Pair,audio,3,89.00,267.00,pending,2026-07-04T15:15:17+00:00
ORD-006575,9,3,27in 1440p Monitor,displays,1,319.99,319.99,pending,2026-07-04T19:18:28+00:00
ORD-006576,4,3,27in 1440p Monitor,displays,1,319.99,319.99,completed,2026-07-04T14:57:06+00:00
ORD-006577,2,9,USB-C Hub 8-in-1,accessories,4,39.99,159.96,refunded,2026-07-04T10:27:53+00:00
ORD-006578,4,7,Standing Desk 120cm,furniture,1,449.00,449.00,completed,2026-07-04T23:13:53+00:00
ORD-006579,5,3,27in 1440p Monitor,displays,2,319.99,639.98,completed,not-a-valid-date
ORD-006580,7,7,Standing Desk 120cm,furniture,5,449.00,2245.00,pending,2026-07-04T08:41:31+00:00
ORD-006581,2,6,Desk Speakers Pair,audio,5,89.00,445.00,refunded,2026-07-04T21:31:10+00:00
ORD-006582,1,8,Ergonomic Chair,furniture,4,612.75,2451.00,pending,2026-07-04T09:58:22+00:00
ORD-006583,2,3,27in 1440p Monitor,displays,2,319.99,639.98,pending,2026-07-04T21:01:21+00:00
ORD-006584,9,3,27in 1440p Monitor,displays,3,319.99,959.97,pending,2026-07-04T05:05:38+00:00
ORD-006585,3,7,Standing Desk 120cm,furniture,4,449.00,1796.00,refunded,2026-07-04T03:42:09+00:00
ORD-006586,10,10,Laptop Stand Aluminium,accessories,2,27.50,55.00,cancelled,2026-07-04T16:47:16+00:00
ORD-006587,6,10,Laptop Stand Aluminium,accessories,5,27.50,137.50,pending,2026-07-04T20:40:05+00:00
ORD-006588,10,3,27in 1440p Monitor,displays,3,319.99,959.97,refunded,2026-07-04T06:44:09+00:00
ORD-006589,9,5,Over-ear Headphones,audio,3,199.95,599.85,cancelled,2026-07-04T10:58:09+00:00
ORD-006590,7,4,34in Ultrawide Monitor,displays,4,579.00,2316.00,completed,2026-07-04T19:44:17+00:00
ORD-006591,4,2,Wireless Mouse,peripherals,1,49.50,49.50,pending,2026-07-04T11:15:15+00:00
ORD-006592,1,1,Mechanical Keyboard 75%,peripherals,4,129.00,516.00,completed,2026-07-04T09:22:31+00:00
ORD-006593,8,6,Desk Speakers Pair,audio,5,89.00,445.00,completed,2026-07-04T18:11:34+00:00
ORD-006594,10,6,Desk Speakers Pair,audio,3,89.00,267.00,completed,2026-07-04T12:39:36+00:00
ORD-006595,9,7,Standing Desk 120cm,furniture,2,449.00,898.00,refunded,2026-07-04T17:31:48+00:00
ORD-006596,6,10,Laptop Stand Aluminium,accessories,1,27.50,27.50,completed,2026-07-04T06:15:09+00:00
ORD-006597,7,3,27in 1440p Monitor,displays,1,319.99,319.99,pending,2026-07-04T09:42:03+00:00
ORD-006598,7,8,Ergonomic Chair,furniture,2,612.75,1225.50,pending,2026-07-04T04:13:54+00:00
ORD-006599,4,7,Standing Desk 120cm,furniture,4,449.00,1796.00,pending,2026-07-04T00:49:07+00:00
ORD-006600,5,4,34in Ultrawide Monitor,displays,3,579.00,1737.00,completed,2026-07-04T18:31:18+00:00
ORD-006601,10,9,USB-C Hub 8-in-1,accessories,1,39.99,39.99,cancelled,2026-07-04T06:22:45+00:00
ORD-006602,10,6,Desk Speakers Pair,audio,5,89.00,445.00,refunded,2026-07-04T21:27:38+00:00
ORD-006603,10,8,Ergonomic Chair,furniture,2,612.75,1225.50,pending,2026-07-04T16:34:46+00:00
ORD-006604,10,10,Laptop Stand Aluminium,accessories,3,27.50,82.50,cancelled,2026-07-04T17:47:56+00:00
ORD-006605,3,6,Desk Speakers Pair,audio,1,89.00,89.00,cancelled,2026-07-04T20:32:47+00:00
ORD-006606,2,8,Ergonomic Chair,furniture,3,612.75,1838.25,completed,2026-07-04T03:06:25+00:00
ORD-006607,8,8,Ergonomic Chair,furniture,2,612.75,1225.50,completed,2026-07-04T14:15:16+00:00
ORD-006608,3,4,34in Ultrawide Monitor,displays,5,579.00,2895.00,cancelled,2026-07-04T15:29:56+00:00
ORD-006609,2,7,Standing Desk 120cm,furniture,4,449.00,1796.00,completed,2026-07-04T15:41:43+00:00
ORD-006610,5,3,27in 1440p Monitor,displays,3,319.99,959.97,pending,2026-07-04T20:13:45+00:00
ORD-006611,1,4,34in Ultrawide Monitor,displays,2,579.00,1158.00,completed,2026-07-04T01:06:54+00:00
ORD-006612,1,6,Desk Speakers Pair,audio,4,89.00,356.00,pending,2026-07-04T09:04:29+00:00
ORD-006613,5,10,Laptop Stand Aluminium,accessories,2,27.50,55.00,pending,2026-07-04T22:52:29+00:00
ORD-006614,3,9,USB-C Hub 8-in-1,accessories,4,39.99,159.96,completed,2026-07-04T08:07:31+00:00
ORD-006615,9,1,Mechanical Keyboard 75%,peripherals,4,129.00,516.00,pending,2026-07-04T18:59:40+00:00
ORD-006616,8,2,Wireless Mouse,peripherals,2,49.50,99.00,pending,2026-07-04T23:10:50+00:00
ORD-006617,9,7,Standing Desk 120cm,furniture,3,449.00,1347.00,cancelled,2026-07-04T10:34:50+00:00
ORD-006618,8,3,27in 1440p Monitor,displays,2,319.99,639.98,pending,2026-07-04T00:05:49+00:00
ORD-006619,8,1,Mechanical Keyboard 75%,peripherals,1,129.00,129.00,completed,2026-07-04T22:28:15+00:00
ORD-006620,9,9,USB-C Hub 8-in-1,accessories,3,39.99,119.97,refunded,2026-07-04T05:00:52+00:00
ORD-006621,3,5,Over-ear Headphones,audio,1,199.95,199.95,refunded,2026-07-04T15:54:19+00:00
ORD-006622,7,10,Laptop Stand Aluminium,accessories,4,27.50,110.00,cancelled,2026-07-04T07:37:18+00:00
ORD-006623,6,2,Wireless Mouse,peripherals,2,49.50,99.00,cancelled,2026-07-04T22:44:41+00:00
ORD-006624,1,6,Desk Speakers Pair,audio,1,89.00,89.00,cancelled,2026-07-04T00:42:33+00:00
ORD-006625,2,2,Wireless Mouse,peripherals,1,49.50,49.50,cancelled,2026-07-04T18:41:15+00:00
ORD-006626,3,9,USB-C Hub 8-in-1,accessories,3,39.99,119.97,refunded,2026-07-04T04:41:34+00:00
ORD-006627,1,3,27in 1440p Monitor,displays,2,319.99,639.98,pending,2026-07-04T01:44:06+00:00
ORD-006628,3,7,Standing Desk 120cm,furniture,1,449.00,449.00,pending,2026-07-04T16:26:57+00:00
ORD-006629,3,4,34in Ultrawide Monitor,displays,3,579.00,1737.00,pending,2026-07-04T01:23:38+00:00
ORD-006630,3,1,Mechanical Keyboard 75%,peripherals,2,129.00,258.00,cancelled,2026-07-04T09:53:34+00:00
ORD-006631,4,4,34in Ultrawide Monitor,displays,4,579.00,2316.00,completed,2026-07-04T12:02:50+00:00
ORD-006632,9,7,Standing Desk 120cm,furniture,5,449.00,2245.00,completed,2026-07-04T05:09:12+00:00
ORD-006633,7,10,Laptop Stand Aluminium,accessories,1,27.50,27.50,pending,2026-07-04T15:07:46+00:00
ORD-006634,10,2,Wireless Mouse,peripherals,4,49.50,198.00,refunded,2026-07-04T15:31:12+00:00
ORD-006635,1,9,USB-C Hub 8-in-1,accessories,4,39.99,159.96,pending,2026-07-04T11:07:28+00:00
ORD-006636,6,4,34in Ultrawide Monitor,displays,1,579.00,579.00,cancelled,2026-07-04T09:15:23+00:00
ORD-006637,7,5,Over-ear Headphones,audio,1,199.95,199.95,completed,2026-07-04T00:41:12+00:00
ORD-006638,10,7,Standing Desk 120cm,furniture,4,449.00,1796.00,refunded,2026-07-04T09:36:30+00:00
ORD-006639,5,1,Mechanical Keyboard 75%,peripherals,1,129.00,129.00,cancelled,2026-07-04T19:54:03+00:00
ORD-006640,2,6,Desk Speakers Pair,audio,5,89.00,445.00,cancelled,2026-07-04T01:00:00+00:00
ORD-006641,5,2,Wireless Mouse,peripherals,4,49.50,198.00,pending,2026-07-04T14:49:34+00:00
ORD-006642,9,10,Laptop Stand Aluminium,accessories,4,27.50,110.00,completed,2026-07-04T06:11:16+00:00
ORD-006643,2,10,Laptop Stand Aluminium,accessories,2,27.50,55.00,completed,2026-07-04T10:46:00+00:00
ORD-006644,1,6,Desk Speakers Pair,audio,1,89.00,89.00,refunded,2026-07-04T11:34:21+00:00
ORD-006645,2,10,Laptop Stand Aluminium,accessories,5,27.50,137.50,pending,2026-07-04T15:08:06+00:00
ORD-006646,6,2,Wireless Mouse,peripherals,3,49.50,148.50,cancelled,2026-07-04T05:54:49+00:00
ORD-006647,3,3,27in 1440p Monitor,displays,2,319.99,639.98,completed,2026-07-04T05:55:18+00:00
ORD-006648,4,6,Desk Speakers Pair,audio,5,89.00,445.00,refunded,2026-07-04T19:57:39+00:00
ORD-006649,6,8,Ergonomic Chair,furniture,3,612.75,1838.25,cancelled,2026-07-04T08:33:23+00:00
ORD-006650,7,1,Mechanical Keyboard 75%,peripherals,3,129.00,387.00,pending,2026-07-04T18:05:35+00:00
ORD-006651,6,6,Desk Speakers Pair,audio,2,89.00,178.00,completed,2026-07-04T21:41:34+00:00
ORD-006652,6,2,Wireless Mouse,peripherals,1,49.50,49.50,pending,2026-07-04T04:12:59+00:00
ORD-006653,7,6,Desk Speakers Pair,audio,3,89.00,267.00,pending,2026-07-04T18:26:33+00:00
ORD-006654,9,8,Ergonomic Chair,furniture,4,612.75,2451.00,pending,2026-07-04T19:46:51+00:00
ORD-006655,2,7,Standing Desk 120cm,furniture,1,449.00,449.00,refunded,2026-07-04T08:02:53+00:00
ORD-006656,1,5,Over-ear Headphones,audio,5,199.95,999.75,pending,2026-07-04T21:23:32+00:00
ORD-006657,9,1,Mechanical Keyboard 75%,peripherals,3,129.00,387.00,completed,2026-07-04T13:03:41+00:00
ORD-006658,9,10,Laptop Stand Aluminium,accessories,4,27.50,110.00,refunded,2026-07-04T04:17:11+00:00
ORD-006659,3,2,Wireless Mouse,peripherals,3,49.50,148.50,pending,2026-07-04T04:46:42+00:00
ORD-006660,6,6,Desk Speakers Pair,audio,3,89.00,267.00,pending,2026-07-04T10:44:28+00:00
ORD-006661,10,1,Mechanical Keyboard 75%,peripherals,3,129.00,387.00,refunded,2026-07-04T12:50:19+00:00
ORD-006662,8,8,Ergonomic Chair,furniture,3,612.75,1838.25,completed,2026-07-04T16:11:56+00:00
ORD-006663,10,2,Wireless Mouse,peripherals,2,49.50,99.00,pending,2026-07-04T16:21:19+00:00
ORD-006664,8,1,Mechanical Keyboard 75%,peripherals,3,129.00,387.00,refunded,2026-07-04T12:03:51+00:00
ORD-006665,6,3,27in 1440p Monitor,displays,4,319.99,1279.96,completed,2026-07-04T09:06:22+00:00
ORD-006666,9,2,Wireless Mouse,peripherals,4,49.50,198.00,cancelled,2026-07-04T00:01:13+00:00
ORD-006667,1,9,USB-C Hub 8-in-1,accessories,5,39.99,199.95,completed,2026-07-04T16:55:16+00:00
ORD-006668,2,6,Desk Speakers Pair,audio,2,89.00,178.00,pending,2026-07-04T06:36:34+00:00
ORD-006669,10,4,34in Ultrawide Monitor,displays,4,579.00,2316.00,refunded,2026-07-04T18:59:38+00:00
ORD-006670,4,1,Mechanical Keyboard 75%,peripherals,1,129.00,129.00,cancelled,2026-07-04T18:42:53+00:00
ORD-006671,3,8,Ergonomic Chair,furniture,4,612.75,2451.00,pending,2026-07-04T02:33:40+00:00
ORD-006672,7,1,Mechanical Keyboard 75%,peripherals,4,129.00,516.00,completed,2026-07-04T10:13:20+00:00
ORD-006673,10,2,Wireless Mouse,peripherals,2,49.50,99.00,refunded,2026-07-04T20:50:05+00:00
ORD-006674,8,10,Laptop Stand Aluminium,accessories,5,27.50,137.50,completed,2026-07-04T04:36:39+00:00
ORD-006675,4,6,Desk Speakers Pair,audio,4,89.00,356.00,pending,2026-07-04T01:46:15+00:00
ORD-006676,9,9,USB-C Hub 8-in-1,accessories,4,39.99,159.96,cancelled,2026-07-04T19:41:50+00:00
ORD-006677,9,3,27in 1440p Monitor,displays,5,319.99,1599.95,refunded,2026-07-04T13:18:26+00:00
ORD-006678,5,9,USB-C Hub 8-in-1,accessories,1,39.99,39.99,pending,2026-07-04T19:52:58+00:00
ORD-006679,4,10,Laptop Stand Aluminium,accessories,4,27.50,110.00,completed,2026-07-04T14:24:54+00:00
ORD-006680,1,10,Laptop Stand Aluminium,accessories,1,27.50,27.50,refunded,2026-07-04T23:29:07+00:00
ORD-006681,5,4,34in Ultrawide Monitor,displays,4,579.00,2316.00,cancelled,2026-07-04T21:23:09+00:00
ORD-006682,5,5,Over-ear Headphones,audio,3,199.95,599.85,cancelled,2026-07-04T16:50:27+00:00
ORD-006683,8,5,Over-ear Headphones,audio,1,199.95,199.95,refunded,2026-07-04T01:34:24+00:00
ORD-006684,3,10,Laptop Stand Aluminium,accessories,2,27.50,55.00,refunded,2026-07-04T15:30:42+00:00
ORD-006685,4,6,Desk Speakers Pair,audio,3,89.00,267.00,cancelled,2026-07-04T23:49:06+00:00
ORD-006686,2,8,Ergonomic Chair,furniture,3,612.75,1838.25,refunded,2026-07-04T20:40:54+00:00
ORD-006687,6,1,Mechanical Keyboard 75%,peripherals,3,129.00,387.00,pending,2026-07-04T09:05:00+00:00
ORD-006688,10,10,Laptop Stand Aluminium,accessories,5,27.50,137.50,completed,2026-07-04T11:59:33+00:00
ORD-006689,7,8,Ergonomic Chair,furniture,5,612.75,3063.75,cancelled,2026-07-04T20:50:12+00:00
ORD-006690,9,9,USB-C Hub 8-in-1,accessories,3,39.99,119.97,pending,2026-07-04T16:24:00+00:00
ORD-006691,9,8,Ergonomic Chair,furniture,3,612.75,1838.25,completed,2026-07-04T15:10:09+00:00
ORD-006692,5,7,Standing Desk 120cm,furniture,4,449.00,1796.00,pending,2026-07-04T19:09:36+00:00
ORD-006693,4,5,Over-ear Headphones,audio,1,199.95,199.95,completed,2026-07-04T17:47:48+00:00
ORD-006694,8,8,Ergonomic Chair,furniture,1,612.75,612.75,refunded,2026-07-04T16:57:55+00:00
ORD-006695,1,2,Wireless Mouse,peripherals,2,49.50,99.00,completed,2026-07-04T11:30:58+00:00
ORD-006696,4,8,Ergonomic Chair,furniture,5,612.75,3063.75,refunded,2026-07-04T19:27:51+00:00
ORD-006697,4,10,Laptop Stand Aluminium,accessories,2,27.50,55.00,pending,2026-07-04T05:24:38+00:00
ORD-006698,1,9,USB-C Hub 8-in-1,accessories,3,39.99,119.97,pending,2026-07-04T10:17:10+00:00
ORD-006699,10,4,34in Ultrawide Monitor,displays,4,579.00,2316.00,cancelled,2026-07-04T21:10:37+00:00
ORD-006700,1,3,27in 1440p Monitor,displays,5,319.99,1599.95,pending,2026-07-04T12:07:30+00:00
ORD-006701,7,4,34in Ultrawide Monitor,displays,1,579.00,579.00,cancelled,2026-07-04T05:01:59+00:00
ORD-006702,4,4,34in Ultrawide Monitor,displays,2,579.00,1158.00,cancelled,2026-07-04T16:41:49+00:00
ORD-006703,10,6,Desk Speakers Pair,audio,1,89.00,89.00,refunded,2026-07-04T10:22:01+00:00
ORD-006704,1,3,27in 1440p Monitor,displays,3,319.99,959.97,pending,2026-07-04T21:38:07+00:00
ORD-006705,5,3,27in 1440p Monitor,displays,2,319.99,639.98,refunded,2026-07-04T08:56:40+00:00
ORD-006706,7,8,Ergonomic Chair,furniture,1,612.75,612.75,cancelled,2026-07-04T10:37:55+00:00
ORD-006707,6,1,Mechanical Keyboard 75%,peripherals,5,129.00,645.00,cancelled,2026-07-04T08:50:53+00:00
ORD-006708,1,6,Desk Speakers Pair,audio,3,89.00,267.00,pending,2026-07-04T16:26:16+00:00
ORD-006709,2,1,Mechanical Keyboard 75%,peripherals,1,129.00,129.00,refunded,2026-07-04T14:58:00+00:00
ORD-006710,7,5,Over-ear Headphones,audio,1,199.95,199.95,cancelled,2026-07-04T07:05:01+00:00
ORD-006711,5,5,Over-ear Headphones,audio,3,199.95,599.85,refunded,2026-07-04T20:31:12+00:00
ORD-006712,2,7,Standing Desk 120cm,furniture,1,449.00,449.00,pending,2026-07-04T05:49:46+00:00
ORD-006713,3,10,Laptop Stand Aluminium,accessories,1,27.50,27.50,refunded,2026-07-04T23:06:53+00:00
ORD-006714,1,1,Mechanical Keyboard 75%,peripherals,4,129.00,516.00,refunded,2026-07-04T11:49:48+00:00
ORD-006715,3,7,Standing Desk 120cm,furniture,1,449.00,449.00,pending,2026-07-04T05:36:01+00:00
ORD-006716,1,9,USB-C Hub 8-in-1,accessories,2,39.99,79.98,cancelled,2026-07-04T23:53:31+00:00
ORD-006717,7,7,Standing Desk 120cm,furniture,3,449.00,1347.00,cancelled,2026-07-04T10:18:50+00:00
ORD-006718,6,4,34in Ultrawide Monitor,displays,1,579.00,579.00,cancelled,2026-07-04T09:20:42+00:00
ORD-006719,6,6,Desk Speakers Pair,audio,3,89.00,267.00,completed,2026-07-04T21:08:24+00:00
ORD-006720,6,3,27in 1440p Monitor,displays,4,319.99,1279.96,refunded,2026-07-04T07:43:39+00:00
ORD-006721,8,1,Mechanical Keyboard 75%,peripherals,4,129.00,516.00,cancelled,2026-07-04T18:08:48+00:00
ORD-006722,3,4,34in Ultrawide Monitor,displays,2,579.00,1158.00,refunded,2026-07-04T23:31:34+00:00
ORD-006723,10,7,Standing Desk 120cm,furniture,2,449.00,898.00,completed,2026-07-04T20:59:30+00:00
ORD-006724,1,5,Over-ear Headphones,audio,4,199.95,799.80,pending,2026-07-04T01:17:15+00:00
ORD-006725,7,4,34in Ultrawide Monitor,displays,4,579.00,2316.00,pending,2026-07-04T20:35:29+00:00
ORD-006726,3,7,Standing Desk 120cm,furniture,5,449.00,2245.00,pending,2026-07-04T00:37:56+00:00
ORD-006727,8,3,27in 1440p Monitor,displays,1,319.99,319.99,cancelled,2026-07-04T20:32:35+00:00
ORD-006728,2,6,Desk Speakers Pair,audio,1,89.00,89.00,refunded,not-a-valid-date
ORD-006729,8,1,Mechanical Keyboard 75%,peripherals,4,129.00,516.00,completed,2026-07-04T23:25:20+00:00
ORD-006730,3,2,Wireless Mouse,peripherals,3,49.50,148.50,completed,2026-07-04T03:55:31+00:00
ORD-006731,4,1,Mechanical Keyboard 75%,peripherals,2,129.00,258.00,cancelled,2026-07-04T21:15:48+00:00
ORD-006732,8,5,Over-ear Headphones,audio,5,199.95,999.75,refunded,2026-07-04T01:12:26+00:00
ORD-006733,2,10,Laptop Stand Aluminium,accessories,4,27.50,110.00,refunded,2026-07-04T05:57:22+00:00
ORD-006734,4,3,27in 1440p Monitor,displays,1,319.99,319.99,pending,2026-07-04T20:04:11+00:00
ORD-006735,2,4,34in Ultrawide Monitor,displays,5,579.00,2895.00,pending,2026-07-04T23:07:36+00:00
ORD-006736,10,10,Laptop Stand Aluminium,accessories,4,27.50,110.00,pending,2026-07-04T23:37:19+00:00
ORD-006737,4,2,Wireless Mouse,peripherals,1,49.50,49.50,completed,2026-07-04T12:16:34+00:00
ORD-006738,3,8,Ergonomic Chair,furniture,1,612.75,612.75,refunded,2026-07-04T05:48:41+00:00
ORD-006739,3,1,Mechanical Keyboard 75%,peripherals,1,129.00,129.00,pending,2026-07-04T20:21:38+00:00
ORD-006740,8,9,USB-C Hub 8-in-1,accessories,2,39.99,79.98,refunded,2026-07-04T23:45:07+00:00
ORD-006741,1,5,Over-ear Headphones,audio,2,199.95,399.90,cancelled,2026-07-04T16:31:50+00:00
ORD-006742,6,5,Over-ear Headphones,audio,5,199.95,999.75,refunded,2026-07-04T20:22:35+00:00
ORD-006743,3,9,USB-C Hub 8-in-1,accessories,5,39.99,199.95,pending,2026-07-04T16:11:54+00:00
ORD-006744,3,1,Mechanical Keyboard 75%,peripherals,4,129.00,516.00,pending,2026-07-04T07:02:44+00:00
ORD-006745,3,9,USB-C Hub 8-in-1,accessories,1,39.99,39.99,refunded,2026-07-04T02:52:54+00:00
ORD-006746,5,10,Laptop Stand Aluminium,accessories,5,27.50,137.50,cancelled,2026-07-04T01:55:48+00:00
ORD-006747,9,7,Standing Desk 120cm,furniture,4,449.00,1796.00,cancelled,2026-07-04T13:18:49+00:00
ORD-006748,7,3,27in 1440p Monitor,displays,3,319.99,959.97,completed,2026-07-04T17:52:45+00:00
ORD-006749,7,10,Laptop Stand Aluminium,accessories,4,27.50,110.00,cancelled,2026-07-04T00:42:29+00:00
ORD-006750,5,8,Ergonomic Chair,furniture,2,612.75,1225.50,cancelled,2026-07-04T22:51:04+00:00
ORD-006751,4,3,27in 1440p Monitor,displays,3,319.99,959.97,refunded,2026-07-04T16:47:08+00:00
ORD-006752,8,9,USB-C Hub 8-in-1,accessories,4,39.99,159.96,refunded,2026-07-04T09:07:27+00:00
ORD-006753,1,9,USB-C Hub 8-in-1,accessories,5,39.99,199.95,refunded,2026-07-04T09:29:52+00:00
ORD-006754,7,1,Mechanical Keyboard 75%,peripherals,5,129.00,645.00,cancelled,2026-07-04T09:55:28+00:00
ORD-006755,1,8,Ergonomic Chair,furniture,4,612.75,2451.00,refunded,2026-07-04T16:40:50+00:00
ORD-006756,9,2,Wireless Mouse,peripherals,2,49.50,99.00,refunded,2026-07-04T22:23:05+00:00
ORD-006757,3,3,27in 1440p Monitor,displays,5,319.99,1599.95,refunded,2026-07-04T11:09:09+00:00
ORD-006758,3,9,USB-C Hub 8-in-1,accessories,1,39.99,39.99,pending,2026-07-04T21:47:57+00:00
ORD-006759,7,7,Standing Desk 120cm,furniture,1,449.00,449.00,cancelled,2026-07-04T23:26:37+00:00
ORD-006760,1,2,Wireless Mouse,peripherals,4,49.50,198.00,cancelled,2026-07-04T00:58:38+00:00
ORD-006761,9,4,34in Ultrawide Monitor,displays,4,579.00,2316.00,refunded,2026-07-04T02:42:49+00:00
ORD-006762,7,1,Mechanical Keyboard 75%,peripherals,3,129.00,387.00,completed,2026-07-04T14:05:50+00:00
ORD-006763,7,4,34in Ultrawide Monitor,displays,1,579.00,579.00,refunded,2026-07-04T23:20:51+00:00
ORD-006764,6,5,Over-ear Headphones,audio,4,199.95,799.80,completed,2026-07-04T21:00:58+00:00
ORD-006765,9,3,27in 1440p Monitor,displays,4,319.99,1279.96,pending,2026-07-04T21:12:46+00:00
ORD-006766,3,2,Wireless Mouse,peripherals,2,49.50,99.00,cancelled,2026-07-04T09:33:27+00:00
ORD-006767,2,4,34in Ultrawide Monitor,displays,3,579.00,1737.00,refunded,2026-07-04T09:49:56+00:00
ORD-006768,10,1,Mechanical Keyboard 75%,peripherals,1,129.00,129.00,completed,2026-07-04T21:00:02+00:00
ORD-006769,9,10,Laptop Stand Aluminium,accessories,5,27.50,137.50,completed,2026-07-04T09:31:40+00:00
ORD-006770,2,9,USB-C Hub 8-in-1,accessories,4,39.99,159.96,refunded,2026-07-04T00:06:02+00:00
ORD-006771,8,1,Mechanical Keyboard 75%,peripherals,5,129.00,645.00,completed,2026-07-04T14:34:39+00:00
ORD-006772,8,6,Desk Speakers Pair,audio,2,89.00,178.00,refunded,2026-07-04T01:26:05+00:00
ORD-006773,5,2,Wireless Mouse,peripherals,1,49.50,49.50,completed,2026-07-04T17:09:33+00:00
ORD-006774,7,5,Over-ear Headphones,audio,2,199.95,399.90,cancelled,2026-07-04T08:11:22+00:00
ORD-006775,8,8,Ergonomic Chair,furniture,5,612.75,3063.75,pending,2026-07-04T13:48:36+00:00
ORD-006776,1,5,Over-ear Headphones,audio,4,199.95,799.80,cancelled,2026-07-04T03:01:50+00:00
ORD-006777,10,2,Wireless Mouse,peripherals,1,49.50,49.50,completed,2026-07-04T01:16:25+00:00
ORD-006778,2,1,Mechanical Keyboard 75%,peripherals,4,129.00,516.00,refunded,2026-07-04T01:51:24+00:00
ORD-006779,3,9,USB-C Hub 8-in-1,accessories,3,39.99,119.97,completed,2026-07-04T01:01:20+00:00
ORD-006780,6,6,Desk Speakers Pair,audio,1,89.00,89.00,cancelled,2026-07-04T05:24:36+00:00
ORD-006781,4,10,Laptop Stand Aluminium,accessories,4,27.50,110.00,pending,2026-07-04T05:57:06+00:00
ORD-006782,3,1,Mechanical Keyboard 75%,peripherals,1,129.00,129.00,refunded,2026-07-04T00:26:06+00:00
ORD-006783,8,6,Desk Speakers Pair,audio,5,89.00,445.00,cancelled,2026-07-04T21:57:22+00:00
ORD-006784,4,8,Ergonomic Chair,furniture,3,612.75,1838.25,refunded,2026-07-04T23:18:06+00:00
ORD-006785,5,6,Desk Speakers Pair,audio,5,89.00,445.00,cancelled,2026-07-04T16:25:53+00:00
ORD-006786,7,3,27in 1440p Monitor,displays,3,319.99,959.97,cancelled,2026-07-04T05:30:37+00:00
ORD-006787,2,3,27in 1440p Monitor,displays,1,319.99,319.99,refunded,2026-07-04T10:14:28+00:00
ORD-006788,4,5,Over-ear Headphones,audio,1,199.95,199.95,refunded,2026-07-04T12:42:53+00:00
ORD-006789,2,5,Over-ear Headphones,audio,1,199.95,199.95,pending,2026-07-04T13:20:23+00:00
ORD-006790,4,4,34in Ultrawide Monitor,displays,4,579.00,2316.00,refunded,2026-07-04T22:18:15+00:00
ORD-006791,10,7,Standing Desk 120cm,furniture,4,449.00,1796.00,refunded,2026-07-04T20:52:40+00:00
ORD-006792,7,7,Standing Desk 120cm,furniture,5,449.00,2245.00,completed,2026-07-04T04:11:41+00:00
ORD-006793,8,9,USB-C Hub 8-in-1,accessories,3,39.99,119.97,completed,2026-07-04T12:30:23+00:00
ORD-006794,1,8,Ergonomic Chair,furniture,3,612.75,1838.25,cancelled,2026-07-04T21:47:54+00:00
ORD-006795,7,9,USB-C Hub 8-in-1,accessories,3,39.99,119.97,completed,2026-07-04T22:24:18+00:00
ORD-006796,10,5,Over-ear Headphones,audio,3,199.95,599.85,completed,2026-07-04T21:25:00+00:00
ORD-006797,6,9,USB-C Hub 8-in-1,accessories,1,39.99,39.99,refunded,2026-07-04T07:41:53+00:00
ORD-006798,6,3,27in 1440p Monitor,displays,3,319.99,959.97,refunded,2026-07-04T01:38:35+00:00
ORD-006799,1,5,Over-ear Headphones,audio,3,199.95,599.85,refunded,2026-07-04T12:02:25+00:00
ORD-006800,6,4,34in Ultrawide Monitor,displays,2,579.00,1158.00,pending,2026-07-04T09:24:33+00:00
ORD-006801,10,6,Desk Speakers Pair,audio,2,89.00,178.00,completed,2026-07-04T16:04:11+00:00
ORD-006802,1,2,Wireless Mouse,peripherals,1,49.50,49.50,cancelled,2026-07-04T03:17:45+00:00
ORD-006803,7,2,Wireless Mouse,peripherals,5,49.50,247.50,refunded,2026-07-04T09:06:45+00:00
ORD-006804,6,9,USB-C Hub 8-in-1,accessories,5,39.99,199.95,pending,2026-07-04T20:10:01+00:00
ORD-006805,6,3,27in 1440p Monitor,displays,1,319.99,319.99,refunded,2026-07-04T08:50:19+00:00
ORD-006806,1,2,Wireless Mouse,peripherals,5,49.50,247.50,refunded,2026-07-04T07:37:58+00:00
ORD-006807,1,4,34in Ultrawide Monitor,displays,3,579.00,1737.00,completed,2026-07-04T19:21:53+00:00
ORD-006808,7,3,27in 1440p Monitor,displays,2,319.99,639.98,cancelled,2026-07-04T23:54:27+00:00
ORD-006809,8,3,27in 1440p Monitor,displays,3,319.99,959.97,pending,2026-07-04T22:26:06+00:00
ORD-006810,5,1,Mechanical Keyboard 75%,peripherals,3,129.00,387.00,pending,2026-07-04T12:05:00+00:00
ORD-006811,9,10,Laptop Stand Aluminium,accessories,5,27.50,137.50,completed,2026-07-04T17:37:54+00:00
ORD-006812,5,10,Laptop Stand Aluminium,accessories,2,27.50,55.00,refunded,2026-07-04T02:20:19+00:00
ORD-006813,5,5,Over-ear Headphones,audio,5,199.95,999.75,refunded,2026-07-04T19:39:16+00:00
ORD-006814,5,5,Over-ear Headphones,audio,4,199.95,799.80,pending,2026-07-04T00:10:44+00:00
ORD-006815,2,10,Laptop Stand Aluminium,accessories,2,27.50,55.00,refunded,2026-07-04T16:35:25+00:00
ORD-006816,3,9,USB-C Hub 8-in-1,accessories,3,39.99,119.97,completed,2026-07-04T17:16:25+00:00
ORD-006817,8,5,Over-ear Headphones,audio,4,199.95,799.80,pending,2026-07-04T02:51:32+00:00
ORD-006818,1,8,Ergonomic Chair,furniture,3,612.75,1838.25,cancelled,2026-07-04T19:29:27+00:00
ORD-006819,3,6,Desk Speakers Pair,audio,2,89.00,178.00,refunded,2026-07-04T22:37:40+00:00
ORD-006820,9,8,Ergonomic Chair,furniture,4,612.75,2451.00,refunded,2026-07-04T22:33:41+00:00
ORD-006821,8,10,Laptop Stand Aluminium,accessories,5,27.50,137.50,refunded,2026-07-04T19:06:18+00:00
ORD-006822,6,6,Desk Speakers Pair,audio,3,89.00,267.00,cancelled,2026-07-04T10:09:00+00:00
ORD-006823,4,8,Ergonomic Chair,furniture,3,612.75,1838.25,cancelled,2026-07-04T02:31:19+00:00
ORD-006824,3,1,Mechanical Keyboard 75%,peripherals,1,129.00,129.00,pending,2026-07-04T22:13:23+00:00
ORD-006825,10,7,Standing Desk 120cm,furniture,1,449.00,449.00,refunded,2026-07-04T11:57:10+00:00
ORD-006826,2,3,27in 1440p Monitor,displays,4,319.99,1279.96,pending,2026-07-04T12:07:10+00:00
ORD-006827,9,5,Over-ear Headphones,audio,4,199.95,799.80,completed,2026-07-04T09:04:22+00:00
ORD-006828,9,2,Wireless Mouse,peripherals,2,49.50,99.00,cancelled,2026-07-04T10:09:02+00:00
ORD-006829,4,5,Over-ear Headphones,audio,4,199.95,799.80,refunded,2026-07-04T21:59:33+00:00
ORD-006830,2,6,Desk Speakers Pair,audio,4,89.00,356.00,cancelled,2026-07-04T04:19:35+00:00
ORD-006831,3,7,Standing Desk 120cm,furniture,5,449.00,2245.00,pending,2026-07-04T14:38:19+00:00
ORD-006832,1,4,34in Ultrawide Monitor,displays,1,579.00,579.00,refunded,2026-07-04T16:56:32+00:00
ORD-006833,9,6,Desk Speakers Pair,audio,5,89.00,445.00,completed,2026-07-04T09:11:12+00:00
ORD-006834,7,6,Desk Speakers Pair,audio,2,89.00,178.00,completed,2026-07-04T03:43:07+00:00
ORD-006835,5,3,27in 1440p Monitor,displays,2,319.99,639.98,pending,2026-07-04T16:21:58+00:00
ORD-006836,8,4,34in Ultrawide Monitor,displays,1,579.00,579.00,pending,2026-07-04T07:45:41+00:00
ORD-006837,7,8,Ergonomic Chair,furniture,1,612.75,612.75,pending,2026-07-04T19:32:51+00:00
ORD-006838,6,5,Over-ear Headphones,audio,3,199.95,599.85,refunded,2026-07-04T16:37:23+00:00
ORD-006839,3,4,34in Ultrawide Monitor,displays,1,579.00,579.00,completed,2026-07-04T03:49:40+00:00
ORD-006840,8,4,34in Ultrawide Monitor,displays,5,579.00,2895.00,pending,2026-07-04T00:31:19+00:00
ORD-006841,1,9,USB-C Hub 8-in-1,accessories,4,39.99,159.96,refunded,2026-07-04T19:38:44+00:00
ORD-006842,5,7,Standing Desk 120cm,furniture,1,449.00,449.00,cancelled,2026-07-04T11:36:45+00:00
ORD-006843,9,10,Laptop Stand Aluminium,accessories,5,27.50,137.50,refunded,2026-07-04T12:03:47+00:00
ORD-006844,7,7,Standing Desk 120cm,furniture,2,449.00,898.00,cancelled,2026-07-04T12:52:32+00:00
ORD-006845,1,5,Over-ear Headphones,audio,1,199.95,199.95,pending,2026-07-04T19:02:15+00:00
ORD-006846,6,9,USB-C Hub 8-in-1,accessories,5,39.99,199.95,pending,2026-07-04T06:24:31+00:00
ORD-006847,9,2,Wireless Mouse,peripherals,2,49.50,99.00,refunded,2026-07-04T19:03:11+00:00
ORD-006848,6,7,Standing Desk 120cm,furniture,5,449.00,2245.00,cancelled,2026-07-04T01:30:39+00:00
ORD-006849,9,7,Standing Desk 120cm,furniture,5,449.00,2245.00,cancelled,2026-07-04T22:03:13+00:00
ORD-006850,3,3,27in 1440p Monitor,displays,5,319.99,1599.95,cancelled,2026-07-04T18:15:32+00:00
ORD-006851,3,8,Ergonomic Chair,furniture,1,612.75,612.75,completed,2026-07-04T11:57:15+00:00
ORD-006852,3,4,34in Ultrawide Monitor,displays,1,579.00,579.00,refunded,2026-07-04T08:01:04+00:00
ORD-006853,3,2,Wireless Mouse,peripherals,2,49.50,99.00,completed,2026-07-04T07:37:53+00:00
ORD-006854,9,4,34in Ultrawide Monitor,displays,4,579.00,2316.00,refunded,2026-07-04T13:53:41+00:00
ORD-006855,8,5,Over-ear Headphones,audio,2,199.95,399.90,refunded,2026-07-04T16:06:41+00:00
ORD-006856,6,3,27in 1440p Monitor,displays,4,319.99,1279.96,pending,2026-07-04T19:43:05+00:00
ORD-006857,8,8,Ergonomic Chair,furniture,2,612.75,1225.50,refunded,2026-07-04T19:16:01+00:00
ORD-006858,1,1,Mechanical Keyboard 75%,peripherals,2,129.00,258.00,refunded,2026-07-04T05:26:40+00:00
ORD-006859,5,8,Ergonomic Chair,furniture,5,612.75,3063.75,refunded,2026-07-04T08:14:47+00:00
ORD-006860,3,2,Wireless Mouse,peripherals,1,49.50,49.50,pending,2026-07-04T14:48:26+00:00
ORD-006861,6,4,34in Ultrawide Monitor,displays,3,579.00,1737.00,cancelled,2026-07-04T23:13:08+00:00
ORD-006862,7,8,Ergonomic Chair,furniture,2,612.75,1225.50,pending,2026-07-04T12:27:22+00:00
ORD-006863,8,4,34in Ultrawide Monitor,displays,2,579.00,1158.00,completed,2026-07-04T16:29:24+00:00
ORD-006864,4,1,Mechanical Keyboard 75%,peripherals,3,129.00,387.00,cancelled,2026-07-04T12:02:11+00:00
ORD-006865,8,9,USB-C Hub 8-in-1,accessories,3,39.99,119.97,pending,2026-07-04T21:15:47+00:00
ORD-006866,4,1,Mechanical Keyboard 75%,peripherals,2,129.00,258.00,pending,2026-07-04T16:49:52+00:00
ORD-006867,8,3,27in 1440p Monitor,displays,5,319.99,1599.95,completed,2026-07-04T12:32:20+00:00
ORD-006868,1,5,Over-ear Headphones,audio,2,199.95,399.90,pending,2026-07-04T09:16:07+00:00
ORD-006869,5,6,Desk Speakers Pair,audio,3,89.00,267.00,refunded,2026-07-04T12:17:49+00:00
ORD-006870,10,9,USB-C Hub 8-in-1,accessories,5,39.99,199.95,refunded,2026-07-04T08:07:00+00:00
ORD-006871,2,8,Ergonomic Chair,furniture,1,612.75,612.75,completed,2026-07-04T10:40:26+00:00
ORD-006872,9,7,Standing Desk 120cm,furniture,4,449.00,1796.00,completed,2026-07-04T20:18:47+00:00
ORD-006873,5,6,Desk Speakers Pair,audio,5,89.00,445.00,refunded,2026-07-04T15:20:24+00:00
ORD-006874,7,8,Ergonomic Chair,furniture,2,612.75,1225.50,cancelled,2026-07-04T19:12:39+00:00
ORD-006875,5,7,Standing Desk 120cm,furniture,5,449.00,2245.00,cancelled,2026-07-04T00:22:11+00:00
ORD-006876,8,9,USB-C Hub 8-in-1,accessories,3,39.99,119.97,pending,2026-07-04T15:42:02+00:00
ORD-006877,10,4,34in Ultrawide Monitor,displays,2,579.00,1158.00,completed,2026-07-04T06:29:32+00:00
ORD-006878,10,3,27in 1440p Monitor,displays,3,319.99,959.97,cancelled,2026-07-04T19:49:10+00:00
ORD-006879,8,6,Desk Speakers Pair,audio,5,89.00,445.00,completed,2026-07-04T16:56:20+00:00
ORD-006880,4,1,Mechanical Keyboard 75%,peripherals,4,129.00,516.00,cancelled,2026-07-04T05:53:11+00:00
ORD-006881,5,6,Desk Speakers Pair,audio,5,89.00,445.00,pending,2026-07-04T21:35:02+00:00
ORD-006882,8,7,Standing Desk 120cm,furniture,3,449.00,1347.00,refunded,2026-07-04T01:09:24+00:00
ORD-006883,6,1,Mechanical Keyboard 75%,peripherals,5,129.00,645.00,pending,2026-07-04T21:39:00+00:00
ORD-006884,1,1,Mechanical Keyboard 75%,peripherals,1,129.00,129.00,pending,2026-07-04T04:41:18+00:00
ORD-006885,1,4,34in Ultrawide Monitor,displays,5,579.00,2895.00,completed,2026-07-04T18:37:43+00:00
ORD-006886,2,4,34in Ultrawide Monitor,displays,5,579.00,2895.00,refunded,2026-07-04T18:09:38+00:00
ORD-006887,4,3,27in 1440p Monitor,displays,5,319.99,1599.95,cancelled,2026-07-04T08:08:59+00:00
ORD-006888,1,7,Standing Desk 120cm,furniture,5,449.00,2245.00,cancelled,2026-07-04T22:44:21+00:00
ORD-006889,9,9,USB-C Hub 8-in-1,accessories,1,39.99,39.99,completed,2026-07-04T01:23:25+00:00
ORD-006890,4,2,Wireless Mouse,peripherals,3,49.50,148.50,refunded,2026-07-04T07:57:13+00:00
ORD-006891,7,5,Over-ear Headphones,audio,2,199.95,399.90,refunded,2026-07-04T11:52:19+00:00
ORD-006892,8,1,Mechanical Keyboard 75%,peripherals,2,129.00,258.00,refunded,2026-07-04T23:09:07+00:00
ORD-006893,2,3,27in 1440p Monitor,displays,5,319.99,1599.95,cancelled,2026-07-04T16:46:38+00:00
ORD-006894,7,7,Standing Desk 120cm,furniture,3,449.00,1347.00,cancelled,2026-07-04T22:08:31+00:00
ORD-006895,6,8,Ergonomic Chair,furniture,5,612.75,3063.75,refunded,2026-07-04T10:46:13+00:00
ORD-006896,10,6,Desk Speakers Pair,audio,5,89.00,445.00,cancelled,2026-07-04T12:29:51+00:00
ORD-006897,6,6,Desk Speakers Pair,audio,1,89.00,89.00,pending,2026-07-04T12:28:25+00:00
ORD-006898,2,7,Standing Desk 120cm,furniture,2,449.00,898.00,refunded,2026-07-04T20:30:12+00:00
ORD-006899,6,2,Wireless Mouse,peripherals,3,49.50,148.50,cancelled,2026-07-04T18:42:43+00:00
ORD-006900,10,2,Wireless Mouse,peripherals,5,49.50,247.50,cancelled,2026-07-04T08:09:53+00:00
ORD-006901,6,3,27in 1440p Monitor,displays,3,319.99,959.97,pending,2026-07-04T04:46:08+00:00
ORD-006902,9,1,Mechanical Keyboard 75%,peripherals,4,129.00,516.00,pending,2026-07-04T19:16:54+00:00
ORD-006903,6,2,Wireless Mouse,peripherals,4,49.50,198.00,completed,2026-07-04T23:40:11+00:00
ORD-006904,3,2,Wireless Mouse,peripherals,5,49.50,247.50,completed,2026-07-04T22:54:24+00:00
ORD-006905,5,5,Over-ear Headphones,audio,3,199.95,599.85,cancelled,2026-07-04T17:53:32+00:00
ORD-006906,4,6,Desk Speakers Pair,audio,2,89.00,178.00,completed,2026-07-04T02:11:09+00:00
ORD-006907,7,3,27in 1440p Monitor,displays,4,319.99,1279.96,cancelled,2026-07-04T22:57:43+00:00
ORD-006908,9,8,Ergonomic Chair,furniture,2,612.75,1225.50,pending,2026-07-04T00:56:11+00:00
ORD-006909,6,5,Over-ear Headphones,audio,1,199.95,199.95,pending,2026-07-04T06:51:53+00:00
ORD-006910,5,3,27in 1440p Monitor,displays,1,319.99,319.99,cancelled,2026-07-04T06:08:09+00:00
ORD-006911,4,1,Mechanical Keyboard 75%,peripherals,2,129.00,258.00,refunded,2026-07-04T21:13:02+00:00
ORD-006912,1,4,34in Ultrawide Monitor,displays,3,579.00,1737.00,cancelled,2026-07-04T23:26:48+00:00
ORD-006913,9,2,Wireless Mouse,peripherals,2,49.50,99.00,completed,2026-07-04T03:13:26+00:00
ORD-006914,8,6,Desk Speakers Pair,audio,2,89.00,178.00,cancelled,2026-07-04T12:52:24+00:00
ORD-006915,1,10,Laptop Stand Aluminium,accessories,5,27.50,137.50,cancelled,2026-07-04T02:13:32+00:00
ORD-006916,2,8,Ergonomic Chair,furniture,5,612.75,3063.75,pending,2026-07-04T09:12:25+00:00
ORD-006917,5,4,34in Ultrawide Monitor,displays,2,579.00,1158.00,refunded,2026-07-04T11:49:47+00:00
ORD-006918,10,1,Mechanical Keyboard 75%,peripherals,1,129.00,129.00,completed,2026-07-04T20:09:33+00:00
ORD-006919,4,2,Wireless Mouse,peripherals,2,49.50,99.00,cancelled,2026-07-04T11:01:02+00:00
ORD-006920,2,9,USB-C Hub 8-in-1,accessories,3,39.99,119.97,pending,2026-07-04T17:13:15+00:00
ORD-006921,7,4,34in Ultrawide Monitor,displays,5,579.00,2895.00,pending,2026-07-04T22:41:51+00:00
ORD-006922,7,8,Ergonomic Chair,furniture,4,612.75,2451.00,completed,2026-07-04T19:54:38+00:00
ORD-006923,5,3,27in 1440p Monitor,displays,4,319.99,1279.96,pending,2026-07-04T08:42:34+00:00
ORD-006924,1,2,Wireless Mouse,peripherals,1,49.50,49.50,pending,2026-07-04T05:29:17+00:00
ORD-006925,9,10,Laptop Stand Aluminium,accessories,1,27.50,27.50,completed,2026-07-04T07:25:14+00:00
ORD-006926,5,4,34in Ultrawide Monitor,displays,1,579.00,579.00,cancelled,2026-07-04T03:21:33+00:00
ORD-006927,10,9,USB-C Hub 8-in-1,accessories,1,39.99,39.99,completed,2026-07-04T05:55:33+00:00
ORD-006928,9,9,USB-C Hub 8-in-1,accessories,5,39.99,199.95,completed,2026-07-04T23:28:25+00:00
ORD-006929,5,10,Laptop Stand Aluminium,accessories,4,27.50,110.00,cancelled,2026-07-04T15:00:23+00:00
ORD-006930,10,3,27in 1440p Monitor,displays,2,319.99,639.98,completed,2026-07-04T04:15:37+00:00
ORD-006931,9,10,Laptop Stand Aluminium,accessories,5,27.50,137.50,pending,2026-07-04T01:18:51+00:00
ORD-006932,6,2,Wireless Mouse,peripherals,2,49.50,99.00,refunded,2026-07-04T06:59:51+00:00
ORD-006933,8,9,USB-C Hub 8-in-1,accessories,2,39.99,79.98,pending,2026-07-04T03:25:33+00:00
ORD-006934,7,4,34in Ultrawide Monitor,displays,4,579.00,2316.00,refunded,2026-07-04T22:47:35+00:00
ORD-006935,8,1,Mechanical Keyboard 75%,peripherals,3,129.00,387.00,completed,2026-07-04T02:31:10+00:00
ORD-006936,10,1,Mechanical Keyboard 75%,peripherals,2,129.00,258.00,completed,2026-07-04T19:56:48+00:00
ORD-006937,8,10,Laptop Stand Aluminium,accessories,1,27.50,27.50,cancelled,2026-07-04T18:25:45+00:00
ORD-006938,2,1,Mechanical Keyboard 75%,peripherals,3,129.00,387.00,pending,2026-07-04T01:05:54+00:00
ORD-006939,4,4,34in Ultrawide Monitor,displays,2,579.00,1158.00,cancelled,2026-07-04T00:50:04+00:00
ORD-006940,7,5,Over-ear Headphones,audio,5,199.95,999.75,completed,2026-07-04T13:23:38+00:00
ORD-006941,9,8,Ergonomic Chair,furniture,1,612.75,612.75,refunded,2026-07-04T09:19:27+00:00
ORD-006942,8,7,Standing Desk 120cm,furniture,3,449.00,1347.00,refunded,2026-07-04T02:06:46+00:00
ORD-006943,8,6,Desk Speakers Pair,audio,2,89.00,178.00,pending,2026-07-04T13:02:17+00:00
ORD-006944,4,4,34in Ultrawide Monitor,displays,1,579.00,579.00,completed,2026-07-04T13:44:16+00:00
ORD-006945,8,7,Standing Desk 120cm,furniture,1,449.00,449.00,completed,2026-07-04T07:07:49+00:00
ORD-006946,8,2,Wireless Mouse,peripherals,1,49.50,49.50,completed,2026-07-04T11:29:07+00:00
ORD-006947,7,4,34in Ultrawide Monitor,displays,5,579.00,2895.00,pending,2026-07-04T22:17:02+00:00
ORD-006948,8,1,Mechanical Keyboard 75%,peripherals,4,129.00,516.00,completed,2026-07-04T14:31:29+00:00
ORD-006949,10,1,Mechanical Keyboard 75%,peripherals,3,129.00,387.00,cancelled,2026-07-04T21:37:11+00:00
ORD-006950,7,7,Standing Desk 120cm,furniture,5,449.00,2245.00,pending,2026-07-04T14:27:02+00:00
ORD-006951,8,3,27in 1440p Monitor,displays,2,319.99,639.98,completed,2026-07-04T07:56:39+00:00
ORD-006952,6,1,Mechanical Keyboard 75%,peripherals,4,129.00,516.00,completed,2026-07-04T03:56:08+00:00
ORD-006953,2,1,Mechanical Keyboard 75%,peripherals,5,129.00,645.00,cancelled,2026-07-04T18:02:23+00:00
ORD-006954,4,1,Mechanical Keyboard 75%,peripherals,5,129.00,645.00,pending,2026-07-04T15:19:22+00:00
ORD-006955,4,3,27in 1440p Monitor,displays,2,319.99,639.98,completed,2026-07-04T10:51:31+00:00
ORD-006956,8,7,Standing Desk 120cm,furniture,3,449.00,1347.00,cancelled,2026-07-04T19:27:40+00:00
ORD-006957,9,5,Over-ear Headphones,audio,5,199.95,999.75,pending,2026-07-04T19:09:21+00:00
ORD-006958,8,10,Laptop Stand Aluminium,accessories,2,27.50,55.00,cancelled,2026-07-04T08:51:43+00:00
ORD-006959,8,10,Laptop Stand Aluminium,accessories,1,27.50,27.50,pending,2026-07-04T21:02:09+00:00
ORD-006960,9,3,27in 1440p Monitor,displays,5,319.99,1599.95,pending,2026-07-04T11:50:01+00:00
ORD-006961,5,6,Desk Speakers Pair,audio,5,89.00,445.00,cancelled,2026-07-04T12:17:38+00:00
ORD-006962,10,6,Desk Speakers Pair,audio,1,89.00,89.00,completed,2026-07-04T07:42:11+00:00
ORD-006963,4,10,Laptop Stand Aluminium,accessories,4,27.50,110.00,cancelled,2026-07-04T00:52:16+00:00
ORD-006964,7,9,USB-C Hub 8-in-1,accessories,2,39.99,79.98,refunded,2026-07-04T08:33:49+00:00
ORD-006965,9,9,USB-C Hub 8-in-1,accessories,5,39.99,199.95,refunded,2026-07-04T07:30:25+00:00
ORD-006966,4,4,34in Ultrawide Monitor,displays,4,579.00,2316.00,pending,2026-07-04T20:29:00+00:00
ORD-006967,1,4,34in Ultrawide Monitor,displays,5,579.00,2895.00,cancelled,2026-07-04T00:37:07+00:00
ORD-006968,8,4,34in Ultrawide Monitor,displays,4,579.00,2316.00,cancelled,2026-07-04T09:17:47+00:00
ORD-006969,7,9,USB-C Hub 8-in-1,accessories,3,39.99,119.97,cancelled,2026-07-04T15:02:51+00:00
ORD-006970,5,9,USB-C Hub 8-in-1,accessories,4,39.99,159.96,completed,2026-07-04T17:27:43+00:00
ORD-006971,2,7,Standing Desk 120cm,furniture,2,449.00,898.00,pending,2026-07-04T17:52:48+00:00
ORD-006972,2,1,Mechanical Keyboard 75%,peripherals,4,129.00,516.00,refunded,2026-07-04T08:18:02+00:00
ORD-006973,10,6,Desk Speakers Pair,audio,3,89.00,267.00,refunded,2026-07-04T06:08:26+00:00
ORD-006974,2,8,Ergonomic Chair,furniture,4,612.75,2451.00,cancelled,2026-07-04T01:21:31+00:00
ORD-006975,1,6,Desk Speakers Pair,audio,5,89.00,445.00,completed,2026-07-04T10:59:31+00:00
ORD-006976,2,2,Wireless Mouse,peripherals,3,49.50,148.50,cancelled,2026-07-04T09:12:49+00:00
ORD-006977,2,8,Ergonomic Chair,furniture,2,612.75,1225.50,cancelled,2026-07-04T19:48:29+00:00
ORD-006978,2,4,34in Ultrawide Monitor,displays,4,579.00,2316.00,refunded,2026-07-04T02:29:30+00:00
ORD-006979,2,9,USB-C Hub 8-in-1,accessories,4,39.99,159.96,cancelled,2026-07-04T04:18:20+00:00
ORD-006980,7,7,Standing Desk 120cm,furniture,1,449.00,449.00,completed,2026-07-04T07:13:04+00:00
ORD-006981,3,2,Wireless Mouse,peripherals,5,49.50,247.50,refunded,2026-07-04T22:07:15+00:00
ORD-006982,6,1,Mechanical Keyboard 75%,peripherals,3,129.00,387.00,cancelled,2026-07-04T12:26:26+00:00
ORD-006983,3,7,Standing Desk 120cm,furniture,3,449.00,1347.00,refunded,2026-07-04T09:24:03+00:00
ORD-006984,9,9,USB-C Hub 8-in-1,accessories,2,39.99,79.98,cancelled,2026-07-04T13:49:37+00:00
ORD-006985,2,4,34in Ultrawide Monitor,displays,4,579.00,2316.00,cancelled,2026-07-04T16:27:34+00:00
ORD-006986,5,1,Mechanical Keyboard 75%,peripherals,2,129.00,258.00,cancelled,2026-07-04T10:33:39+00:00
ORD-006987,6,5,Over-ear Headphones,audio,3,199.95,599.85,refunded,2026-07-04T20:37:45+00:00
ORD-006988,4,7,Standing Desk 120cm,furniture,1,449.00,449.00,completed,2026-07-04T00:19:22+00:00
ORD-006989,7,2,Wireless Mouse,peripherals,1,49.50,49.50,pending,2026-07-04T21:52:50+00:00
ORD-006990,4,3,27in 1440p Monitor,displays,4,319.99,1279.96,refunded,2026-07-04T05:27:19+00:00
ORD-006991,3,10,Laptop Stand Aluminium,accessories,4,27.50,110.00,completed,2026-07-04T09:43:23+00:00
ORD-006992,9,8,Ergonomic Chair,furniture,2,612.75,1225.50,pending,2026-07-04T14:13:13+00:00
ORD-006993,1,9,USB-C Hub 8-in-1,accessories,3,39.99,119.97,cancelled,2026-07-04T23:57:41+00:00
ORD-006994,4,8,Ergonomic Chair,furniture,1,612.75,612.75,cancelled,2026-07-04T21:18:59+00:00
ORD-006995,2,1,Mechanical Keyboard 75%,peripherals,5,129.00,645.00,refunded,2026-07-04T20:53:01+00:00
ORD-006996,2,6,Desk Speakers Pair,audio,1,89.00,89.00,completed,2026-07-04T19:47:30+00:00
ORD-006997,1,4,34in Ultrawide Monitor,displays,4,579.00,2316.00,pending,2026-07-04T09:27:09+00:00
ORD-006998,5,5,Over-ear Headphones,audio,5,199.95,999.75,cancelled,2026-07-04T22:52:41+00:00
ORD-006999,1,4,34in Ultrawide Monitor,displays,4,579.00,2316.00,completed,2026-07-04T16:52:18+00:00
ORD-007000,10,7,Standing Desk 120cm,furniture,2,449.00,898.00,cancelled,2026-07-04T17:43:53+00:00
ORD-007001,5,10,Laptop Stand Aluminium,accessories,3,27.50,82.50,pending,2026-07-04T04:31:07+00:00
ORD-007002,5,10,Laptop Stand Aluminium,accessories,3,27.50,82.50,refunded,2026-07-04T09:17:14+00:00
ORD-007003,5,7,Standing Desk 120cm,furniture,5,449.00,2245.00,pending,2026-07-04T11:59:22+00:00
ORD-007004,7,2,Wireless Mouse,peripherals,4,49.50,198.00,pending,2026-07-04T12:52:43+00:00
ORD-007005,9,8,Ergonomic Chair,furniture,3,612.75,1838.25,completed,2026-07-04T06:08:12+00:00
ORD-007006,2,1,Mechanical Keyboard 75%,peripherals,1,129.00,129.00,refunded,2026-07-04T15:06:22+00:00
ORD-007007,8,4,34in Ultrawide Monitor,displays,3,579.00,1737.00,cancelled,2026-07-04T11:08:32+00:00
ORD-007008,4,6,Desk Speakers Pair,audio,5,89.00,445.00,cancelled,2026-07-04T06:42:13+00:00
ORD-007009,9,2,Wireless Mouse,peripherals,4,49.50,198.00,pending,2026-07-04T07:44:59+00:00
ORD-007010,9,3,27in 1440p Monitor,displays,4,319.99,1279.96,refunded,2026-07-04T10:08:23+00:00
ORD-007011,2,2,Wireless Mouse,peripherals,1,49.50,49.50,refunded,2026-07-04T01:55:49+00:00
ORD-007012,2,1,Mechanical Keyboard 75%,peripherals,4,129.00,516.00,pending,2026-07-04T20:15:00+00:00
ORD-007013,6,10,Laptop Stand Aluminium,accessories,3,27.50,82.50,refunded,2026-07-04T23:09:55+00:00
ORD-007014,1,7,Standing Desk 120cm,furniture,1,449.00,449.00,cancelled,2026-07-04T08:42:59+00:00
ORD-007015,5,10,Laptop Stand Aluminium,accessories,3,27.50,82.50,completed,2026-07-04T20:22:06+00:00
ORD-007016,4,5,Over-ear Headphones,audio,2,199.95,399.90,cancelled,2026-07-04T22:46:27+00:00
ORD-007017,4,6,Desk Speakers Pair,audio,2,89.00,178.00,pending,2026-07-04T19:43:37+00:00
ORD-007018,8,8,Ergonomic Chair,furniture,2,612.75,1225.50,cancelled,2026-07-04T19:28:27+00:00
ORD-007019,9,7,Standing Desk 120cm,furniture,4,449.00,1796.00,completed,2026-07-04T20:53:26+00:00
ORD-007020,7,4,34in Ultrawide Monitor,displays,1,579.00,579.00,cancelled,2026-07-04T05:02:36+00:00
ORD-007021,8,7,Standing Desk 120cm,furniture,3,449.00,1347.00,refunded,2026-07-04T23:12:00+00:00
ORD-007022,9,2,Wireless Mouse,peripherals,1,49.50,49.50,pending,2026-07-04T12:26:20+00:00
ORD-007023,1,2,Wireless Mouse,peripherals,5,49.50,247.50,cancelled,2026-07-04T17:03:59+00:00
ORD-007024,10,2,Wireless Mouse,peripherals,1,49.50,49.50,completed,2026-07-04T17:45:16+00:00
ORD-007025,2,2,Wireless Mouse,peripherals,4,49.50,198.00,cancelled,2026-07-04T04:20:31+00:00
ORD-007026,7,7,Standing Desk 120cm,furniture,3,449.00,1347.00,completed,2026-07-04T09:16:08+00:00
ORD-007027,4,2,Wireless Mouse,peripherals,5,49.50,247.50,completed,2026-07-04T18:22:50+00:00
ORD-007028,5,10,Laptop Stand Aluminium,accessories,4,27.50,110.00,pending,2026-07-04T13:13:30+00:00
ORD-007029,9,5,Over-ear Headphones,audio,4,199.95,799.80,cancelled,2026-07-04T07:45:03+00:00
ORD-007030,8,3,27in 1440p Monitor,displays,2,319.99,639.98,cancelled,2026-07-04T18:05:48+00:00
ORD-007031,1,9,USB-C Hub 8-in-1,accessories,4,39.99,159.96,completed,2026-07-04T16:41:35+00:00
ORD-007032,2,8,Ergonomic Chair,furniture,5,612.75,3063.75,pending,2026-07-04T20:24:27+00:00
ORD-007033,6,6,Desk Speakers Pair,audio,2,89.00,178.00,completed,2026-07-04T06:17:00+00:00
ORD-007034,9,3,27in 1440p Monitor,displays,1,319.99,319.99,completed,2026-07-04T23:39:30+00:00
ORD-007035,7,9,USB-C Hub 8-in-1,accessories,2,39.99,79.98,refunded,2026-07-04T06:02:37+00:00
ORD-007036,10,10,Laptop Stand Aluminium,accessories,5,27.50,137.50,refunded,2026-07-04T02:11:57+00:00
ORD-007037,3,7,Standing Desk 120cm,furniture,4,449.00,1796.00,refunded,2026-07-04T00:42:39+00:00
ORD-007038,4,6,Desk Speakers Pair,audio,2,89.00,178.00,cancelled,2026-07-04T19:59:59+00:00
ORD-007039,5,8,Ergonomic Chair,furniture,1,612.75,612.75,refunded,2026-07-04T14:55:22+00:00
ORD-007040,1,9,USB-C Hub 8-in-1,accessories,2,39.99,79.98,completed,2026-07-04T03:56:50+00:00
ORD-007041,10,4,34in Ultrawide Monitor,displays,4,579.00,2316.00,completed,2026-07-04T00:21:01+00:00
ORD-007042,8,8,Ergonomic Chair,furniture,1,612.75,612.75,completed,2026-07-04T08:57:19+00:00
ORD-007043,7,9,USB-C Hub 8-in-1,accessories,5,39.99,199.95,pending,2026-07-04T15:10:45+00:00
ORD-007044,1,3,27in 1440p Monitor,displays,1,319.99,319.99,pending,2026-07-04T18:09:26+00:00
ORD-007045,10,5,Over-ear Headphones,audio,5,199.95,999.75,pending,2026-07-04T09:52:42+00:00
ORD-007046,9,7,Standing Desk 120cm,furniture,4,449.00,1796.00,refunded,2026-07-04T11:05:07+00:00
ORD-007047,7,7,Standing Desk 120cm,furniture,2,449.00,898.00,cancelled,2026-07-04T22:24:59+00:00
ORD-007048,5,1,Mechanical Keyboard 75%,peripherals,4,129.00,516.00,cancelled,2026-07-04T10:25:38+00:00
ORD-007049,3,7,Standing Desk 120cm,furniture,3,449.00,1347.00,refunded,2026-07-04T16:04:46+00:00
ORD-007050,5,8,Ergonomic Chair,furniture,4,612.75,2451.00,completed,2026-07-04T13:07:24+00:00
ORD-007051,9,10,Laptop Stand Aluminium,accessories,5,27.50,137.50,completed,2026-07-04T05:49:52+00:00
ORD-007052,8,8,Ergonomic Chair,furniture,5,612.75,3063.75,refunded,2026-07-04T09:52:59+00:00
ORD-007053,1,10,Laptop Stand Aluminium,accessories,3,27.50,82.50,pending,2026-07-04T00:07:37+00:00
ORD-007054,3,5,Over-ear Headphones,audio,3,199.95,599.85,completed,2026-07-04T04:49:10+00:00
ORD-007055,7,3,27in 1440p Monitor,displays,4,319.99,1279.96,pending,2026-07-04T06:32:14+00:00
ORD-007056,7,1,Mechanical Keyboard 75%,peripherals,2,129.00,258.00,cancelled,2026-07-04T04:33:04+00:00
ORD-007057,8,6,Desk Speakers Pair,audio,2,89.00,178.00,pending,2026-07-04T13:30:56+00:00
ORD-007058,1,4,34in Ultrawide Monitor,displays,1,579.00,579.00,refunded,2026-07-04T22:16:28+00:00
ORD-007059,4,5,Over-ear Headphones,audio,1,199.95,199.95,cancelled,2026-07-04T13:52:31+00:00
ORD-007060,6,2,Wireless Mouse,peripherals,4,49.50,198.00,pending,2026-07-04T18:44:54+00:00
ORD-007061,7,3,27in 1440p Monitor,displays,3,319.99,959.97,refunded,2026-07-04T16:55:46+00:00
ORD-007062,6,6,Desk Speakers Pair,audio,1,89.00,89.00,pending,2026-07-04T04:33:22+00:00
ORD-007063,1,8,Ergonomic Chair,furniture,5,612.75,3063.75,completed,2026-07-04T21:36:38+00:00
ORD-007064,7,6,Desk Speakers Pair,audio,2,89.00,178.00,pending,2026-07-04T14:32:35+00:00
ORD-007065,7,4,34in Ultrawide Monitor,displays,2,579.00,1158.00,pending,2026-07-04T17:56:01+00:00
ORD-007066,3,4,34in Ultrawide Monitor,displays,3,579.00,1737.00,cancelled,2026-07-04T04:42:56+00:00
ORD-007067,4,7,Standing Desk 120cm,furniture,2,449.00,898.00,refunded,2026-07-04T18:55:09+00:00
ORD-007068,3,3,27in 1440p Monitor,displays,2,319.99,639.98,pending,2026-07-04T18:06:21+00:00
ORD-007069,2,6,Desk Speakers Pair,audio,5,89.00,445.00,completed,2026-07-04T07:34:09+00:00
ORD-007070,1,4,34in Ultrawide Monitor,displays,2,579.00,1158.00,completed,2026-07-04T17:10:05+00:00
ORD-007071,3,9,USB-C Hub 8-in-1,accessories,5,39.99,199.95,pending,2026-07-04T11:21:59+00:00
ORD-007072,8,5,Over-ear Headphones,audio,1,199.95,199.95,completed,2026-07-04T07:26:32+00:00
ORD-007073,4,5,Over-ear Headphones,audio,2,199.95,399.90,pending,2026-07-04T06:57:26+00:00
ORD-007074,4,2,Wireless Mouse,peripherals,5,49.50,247.50,cancelled,2026-07-04T18:44:14+00:00
ORD-007075,2,6,Desk Speakers Pair,audio,4,89.00,356.00,pending,2026-07-04T23:06:20+00:00
ORD-007076,1,6,Desk Speakers Pair,audio,4,89.00,356.00,cancelled,2026-07-04T19:55:52+00:00
ORD-007077,2,8,Ergonomic Chair,furniture,2,612.75,1225.50,cancelled,2026-07-04T16:00:57+00:00
ORD-007078,10,2,Wireless Mouse,peripherals,4,49.50,198.00,refunded,2026-07-04T15:19:36+00:00
ORD-007079,7,9,USB-C Hub 8-in-1,accessories,1,39.99,39.99,cancelled,2026-07-04T23:45:30+00:00
ORD-007080,5,6,Desk Speakers Pair,audio,3,89.00,267.00,pending,2026-07-04T11:11:00+00:00
ORD-007081,9,2,Wireless Mouse,peripherals,3,49.50,148.50,pending,2026-07-04T17:49:15+00:00
ORD-007082,7,8,Ergonomic Chair,furniture,5,612.75,3063.75,cancelled,2026-07-04T05:43:43+00:00
ORD-007083,3,1,Mechanical Keyboard 75%,peripherals,3,129.00,387.00,refunded,2026-07-04T07:30:34+00:00
ORD-007084,9,4,34in Ultrawide Monitor,displays,5,579.00,2895.00,cancelled,2026-07-04T15:36:27+00:00
ORD-007085,3,10,Laptop Stand Aluminium,accessories,2,27.50,55.00,pending,2026-07-04T09:34:41+00:00
ORD-007086,10,10,Laptop Stand Aluminium,accessories,1,27.50,27.50,refunded,2026-07-04T08:02:40+00:00
ORD-007087,9,10,Laptop Stand Aluminium,accessories,5,27.50,137.50,pending,2026-07-04T17:03:59+00:00
ORD-007088,1,4,34in Ultrawide Monitor,displays,1,579.00,579.00,pending,2026-07-04T13:33:17+00:00
ORD-007089,9,3,27in 1440p Monitor,displays,1,319.99,319.99,cancelled,2026-07-04T21:37:18+00:00
ORD-007090,6,10,Laptop Stand Aluminium,accessories,4,27.50,110.00,completed,2026-07-04T12:34:38+00:00
ORD-007091,1,1,Mechanical Keyboard 75%,peripherals,2,129.00,258.00,refunded,2026-07-04T12:04:26+00:00
ORD-007092,9,7,Standing Desk 120cm,furniture,4,449.00,1796.00,refunded,2026-07-04T23:38:31+00:00
ORD-007093,8,1,Mechanical Keyboard 75%,peripherals,4,129.00,516.00,pending,2026-07-04T23:31:42+00:00
ORD-007094,8,5,Over-ear Headphones,audio,4,199.95,799.80,completed,2026-07-04T15:12:09+00:00
ORD-007095,9,5,Over-ear Headphones,audio,5,199.95,999.75,refunded,2026-07-04T21:00:29+00:00
ORD-007096,10,4,34in Ultrawide Monitor,displays,2,579.00,1158.00,cancelled,2026-07-04T20:22:16+00:00
ORD-007097,4,10,Laptop Stand Aluminium,accessories,1,27.50,27.50,cancelled,2026-07-04T00:02:07+00:00
ORD-007098,8,3,27in 1440p Monitor,displays,3,319.99,959.97,refunded,2026-07-04T05:20:19+00:00
ORD-007099,6,3,27in 1440p Monitor,displays,2,319.99,639.98,cancelled,2026-07-04T03:45:21+00:00
ORD-007100,8,10,Laptop Stand Aluminium,accessories,4,27.50,110.00,cancelled,2026-07-04T08:48:41+00:00
ORD-007101,4,4,34in Ultrawide Monitor,displays,5,579.00,2895.00,cancelled,2026-07-04T15:05:46+00:00
ORD-007102,5,10,Laptop Stand Aluminium,accessories,3,27.50,82.50,completed,2026-07-04T21:43:01+00:00
ORD-007103,6,4,34in Ultrawide Monitor,displays,5,579.00,2895.00,cancelled,2026-07-04T20:29:38+00:00
ORD-007104,7,5,Over-ear Headphones,audio,4,199.95,799.80,cancelled,2026-07-04T13:11:26+00:00
ORD-007105,1,4,34in Ultrawide Monitor,displays,1,579.00,579.00,refunded,2026-07-04T17:06:34+00:00
ORD-007106,3,4,34in Ultrawide Monitor,displays,1,579.00,579.00,completed,2026-07-04T01:57:02+00:00
ORD-007107,4,1,Mechanical Keyboard 75%,peripherals,2,129.00,258.00,refunded,2026-07-04T17:01:47+00:00
ORD-007108,6,7,Standing Desk 120cm,furniture,2,449.00,898.00,refunded,2026-07-04T06:06:26+00:00
ORD-007109,3,8,Ergonomic Chair,furniture,2,612.75,1225.50,pending,2026-07-04T06:46:04+00:00
ORD-007110,5,5,Over-ear Headphones,audio,5,199.95,999.75,pending,2026-07-04T16:27:26+00:00
ORD-007111,7,10,Laptop Stand Aluminium,accessories,1,27.50,27.50,completed,2026-07-04T15:30:47+00:00
ORD-007112,1,2,Wireless Mouse,peripherals,5,49.50,247.50,completed,2026-07-04T04:30:32+00:00
ORD-007113,7,5,Over-ear Headphones,audio,5,199.95,999.75,refunded,2026-07-04T18:54:38+00:00
ORD-007114,3,1,Mechanical Keyboard 75%,peripherals,4,129.00,516.00,refunded,2026-07-04T07:34:06+00:00
ORD-007115,9,5,Over-ear Headphones,audio,3,199.95,599.85,pending,2026-07-04T16:17:05+00:00
ORD-007116,10,8,Ergonomic Chair,furniture,5,612.75,3063.75,cancelled,2026-07-04T13:00:45+00:00
ORD-007117,7,5,Over-ear Headphones,audio,1,199.95,199.95,completed,2026-07-04T17:38:03+00:00
ORD-007118,4,10,Laptop Stand Aluminium,accessories,1,27.50,27.50,refunded,2026-07-04T21:49:33+00:00
ORD-007119,6,2,Wireless Mouse,peripherals,4,49.50,198.00,completed,2026-07-04T10:39:16+00:00
ORD-007120,8,1,Mechanical Keyboard 75%,peripherals,3,129.00,387.00,pending,2026-07-04T12:44:44+00:00
ORD-007121,10,5,Over-ear Headphones,audio,4,199.95,799.80,cancelled,2026-07-04T15:50:59+00:00
ORD-007122,4,5,Over-ear Headphones,audio,4,199.95,799.80,refunded,2026-07-04T07:46:11+00:00
ORD-007123,3,9,USB-C Hub 8-in-1,accessories,1,39.99,39.99,completed,2026-07-04T11:51:14+00:00
ORD-007124,6,6,Desk Speakers Pair,audio,4,89.00,356.00,completed,2026-07-04T15:54:04+00:00
ORD-007125,9,9,USB-C Hub 8-in-1,accessories,2,39.99,79.98,cancelled,2026-07-04T16:06:39+00:00
ORD-007126,10,8,Ergonomic Chair,furniture,4,612.75,2451.00,pending,2026-07-04T03:17:51+00:00
ORD-007127,5,8,Ergonomic Chair,furniture,3,612.75,1838.25,cancelled,2026-07-04T08:56:19+00:00
ORD-007128,9,1,Mechanical Keyboard 75%,peripherals,5,129.00,645.00,cancelled,2026-07-04T14:40:58+00:00
ORD-007129,1,10,Laptop Stand Aluminium,accessories,2,27.50,55.00,refunded,2026-07-04T18:19:36+00:00
ORD-007130,3,3,27in 1440p Monitor,displays,3,319.99,959.97,pending,2026-07-04T02:06:10+00:00
ORD-007131,10,1,Mechanical Keyboard 75%,peripherals,5,129.00,645.00,refunded,2026-07-04T20:46:36+00:00
ORD-007132,3,5,Over-ear Headphones,audio,4,199.95,799.80,cancelled,2026-07-04T22:08:45+00:00
ORD-007133,6,4,34in Ultrawide Monitor,displays,3,579.00,1737.00,cancelled,2026-07-04T08:27:14+00:00
ORD-007134,6,9,USB-C Hub 8-in-1,accessories,4,39.99,159.96,pending,2026-07-04T21:39:30+00:00
ORD-007135,6,2,Wireless Mouse,peripherals,2,49.50,99.00,refunded,2026-07-04T03:43:05+00:00
ORD-007136,8,1,Mechanical Keyboard 75%,peripherals,2,129.00,258.00,completed,2026-07-04T18:21:53+00:00
ORD-007137,1,1,Mechanical Keyboard 75%,peripherals,5,129.00,645.00,pending,2026-07-04T19:52:32+00:00
ORD-007138,10,6,Desk Speakers Pair,audio,3,89.00,267.00,cancelled,2026-07-04T15:16:38+00:00
ORD-007139,5,7,Standing Desk 120cm,furniture,4,449.00,1796.00,completed,2026-07-04T00:01:30+00:00
ORD-007140,5,4,34in Ultrawide Monitor,displays,4,579.00,2316.00,refunded,2026-07-04T14:38:58+00:00
ORD-007141,10,5,Over-ear Headphones,audio,4,199.95,799.80,completed,2026-07-04T15:40:01+00:00
ORD-007142,3,2,Wireless Mouse,peripherals,4,49.50,198.00,pending,2026-07-04T02:57:05+00:00
ORD-007143,4,2,Wireless Mouse,peripherals,3,49.50,148.50,refunded,2026-07-04T01:36:43+00:00
ORD-007144,7,6,Desk Speakers Pair,audio,3,89.00,267.00,completed,2026-07-04T20:04:13+00:00
ORD-007145,5,10,Laptop Stand Aluminium,accessories,1,27.50,27.50,completed,2026-07-04T01:32:38+00:00
ORD-007146,4,6,Desk Speakers Pair,audio,5,89.00,445.00,pending,2026-07-04T21:55:28+00:00
ORD-007147,9,4,34in Ultrawide Monitor,displays,3,579.00,1737.00,refunded,2026-07-04T04:46:13+00:00
ORD-007148,4,7,Standing Desk 120cm,furniture,1,449.00,449.00,cancelled,2026-07-04T03:39:21+00:00
ORD-007149,3,6,Desk Speakers Pair,audio,1,89.00,89.00,cancelled,2026-07-04T00:56:36+00:00
ORD-007150,1,8,Ergonomic Chair,furniture,2,612.75,1225.50,completed,2026-07-04T18:53:01+00:00
ORD-007151,5,1,Mechanical Keyboard 75%,peripherals,1,129.00,129.00,cancelled,2026-07-04T06:42:44+00:00
ORD-007152,2,8,Ergonomic Chair,furniture,1,612.75,612.75,cancelled,2026-07-04T19:43:58+00:00
ORD-007153,2,9,USB-C Hub 8-in-1,accessories,1,39.99,39.99,cancelled,2026-07-04T14:00:32+00:00
ORD-007154,2,10,Laptop Stand Aluminium,accessories,5,27.50,137.50,unknown_status,2026-07-04T21:03:31+00:00
ORD-007155,6,6,Desk Speakers Pair,audio,1,89.00,89.00,completed,2026-07-04T12:58:13+00:00
ORD-007156,4,10,Laptop Stand Aluminium,accessories,1,27.50,27.50,refunded,2026-07-04T21:35:40+00:00
ORD-007157,9,9,USB-C Hub 8-in-1,accessories,4,39.99,159.96,refunded,2026-07-04T02:58:00+00:00
ORD-007158,1,8,Ergonomic Chair,furniture,1,612.75,612.75,completed,2026-07-04T17:35:11+00:00
ORD-007159,10,5,Over-ear Headphones,audio,5,199.95,999.75,pending,2026-07-04T05:22:26+00:00
ORD-007160,1,3,27in 1440p Monitor,displays,5,319.99,1599.95,refunded,2026-07-04T13:18:45+00:00
ORD-007161,2,2,Wireless Mouse,peripherals,5,49.50,247.50,pending,2026-07-04T15:23:06+00:00
ORD-007162,3,10,Laptop Stand Aluminium,accessories,2,27.50,55.00,completed,2026-07-04T07:33:22+00:00
ORD-007163,6,4,34in Ultrawide Monitor,displays,3,579.00,1737.00,pending,2026-07-04T20:59:21+00:00
ORD-007164,5,3,27in 1440p Monitor,displays,1,319.99,319.99,completed,2026-07-04T20:28:52+00:00
ORD-007165,2,1,Mechanical Keyboard 75%,peripherals,2,129.00,258.00,refunded,2026-07-04T17:24:12+00:00
ORD-007166,9,8,Ergonomic Chair,furniture,3,612.75,1838.25,cancelled,2026-07-04T19:00:39+00:00
ORD-007167,5,7,Standing Desk 120cm,furniture,2,449.00,898.00,completed,2026-07-04T16:20:46+00:00
ORD-007168,2,7,Standing Desk 120cm,furniture,4,449.00,1796.00,pending,2026-07-04T03:52:02+00:00
ORD-007169,4,7,Standing Desk 120cm,furniture,2,449.00,898.00,completed,2026-07-04T01:11:42+00:00
ORD-007170,2,7,Standing Desk 120cm,furniture,5,449.00,2245.00,refunded,2026-07-04T13:29:35+00:00
ORD-007171,3,6,Desk Speakers Pair,audio,4,89.00,356.00,completed,2026-07-04T03:23:49+00:00
ORD-007172,1,2,Wireless Mouse,peripherals,5,49.50,247.50,completed,2026-07-04T15:42:53+00:00
ORD-007173,3,9,USB-C Hub 8-in-1,accessories,1,39.99,39.99,pending,2026-07-04T04:25:17+00:00
ORD-007174,4,10,Laptop Stand Aluminium,accessories,5,27.50,137.50,completed,2026-07-04T08:04:12+00:00
ORD-007175,10,3,27in 1440p Monitor,displays,3,319.99,959.97,refunded,2026-07-04T13:00:15+00:00
ORD-007176,7,10,Laptop Stand Aluminium,accessories,2,27.50,55.00,pending,2026-07-04T02:10:07+00:00
ORD-007177,6,4,34in Ultrawide Monitor,displays,1,579.00,579.00,refunded,2026-07-04T10:21:28+00:00
ORD-007178,2,9,USB-C Hub 8-in-1,accessories,5,39.99,199.95,completed,2026-07-04T22:02:18+00:00
ORD-007179,2,10,Laptop Stand Aluminium,accessories,4,27.50,110.00,refunded,2026-07-04T23:03:23+00:00
ORD-007180,6,9,USB-C Hub 8-in-1,accessories,1,39.99,39.99,completed,2026-07-04T10:29:35+00:00
ORD-007181,2,6,Desk Speakers Pair,audio,2,89.00,178.00,pending,2026-07-04T03:14:32+00:00
ORD-007182,1,1,Mechanical Keyboard 75%,peripherals,2,129.00,258.00,completed,2026-07-04T15:22:17+00:00
ORD-007183,9,7,Standing Desk 120cm,furniture,3,449.00,1347.00,completed,2026-07-04T03:45:29+00:00
ORD-007184,1,5,Over-ear Headphones,audio,3,199.95,599.85,completed,2026-07-04T14:49:15+00:00
ORD-007185,5,10,Laptop Stand Aluminium,accessories,4,27.50,110.00,completed,2026-07-04T03:43:16+00:00
ORD-007186,7,9,USB-C Hub 8-in-1,accessories,2,39.99,79.98,cancelled,2026-07-04T09:56:45+00:00
ORD-007187,6,5,Over-ear Headphones,audio,3,199.95,599.85,completed,2026-07-04T20:36:31+00:00
ORD-007188,6,7,Standing Desk 120cm,furniture,1,449.00,449.00,completed,2026-07-04T21:30:14+00:00
ORD-007189,5,7,Standing Desk 120cm,furniture,2,449.00,898.00,cancelled,2026-07-04T16:37:44+00:00
ORD-007190,9,7,Standing Desk 120cm,furniture,4,449.00,1796.00,pending,2026-07-04T21:37:52+00:00
ORD-007191,10,10,Laptop Stand Aluminium,accessories,5,27.50,137.50,completed,2026-07-04T12:41:03+00:00
ORD-007192,10,8,Ergonomic Chair,furniture,3,612.75,1838.25,cancelled,2026-07-04T05:09:27+00:00
ORD-007193,10,2,Wireless Mouse,peripherals,3,49.50,148.50,completed,2026-07-04T05:12:33+00:00
ORD-007194,8,5,Over-ear Headphones,audio,5,199.95,999.75,refunded,2026-07-04T13:04:26+00:00
ORD-007195,4,7,Standing Desk 120cm,furniture,2,449.00,898.00,cancelled,2026-07-04T11:30:44+00:00
ORD-007196,10,8,Ergonomic Chair,furniture,4,612.75,2451.00,completed,2026-07-04T14:13:08+00:00
ORD-007197,1,10,Laptop Stand Aluminium,accessories,3,27.50,82.50,completed,2026-07-04T07:06:31+00:00
ORD-007198,3,7,Standing Desk 120cm,furniture,3,449.00,1347.00,refunded,2026-07-04T18:02:09+00:00
ORD-007199,7,2,Wireless Mouse,peripherals,4,49.50,198.00,cancelled,2026-07-04T10:41:08+00:00
ORD-007200,7,10,Laptop Stand Aluminium,accessories,1,27.50,27.50,pending,2026-07-04T04:54:22+00:00
ORD-007201,2,10,Laptop Stand Aluminium,accessories,4,27.50,110.00,completed,2026-07-04T14:07:47+00:00
ORD-007202,9,7,Standing Desk 120cm,furniture,4,449.00,1796.00,refunded,2026-07-04T04:59:30+00:00
ORD-007203,5,7,Standing Desk 120cm,furniture,1,449.00,449.00,pending,2026-07-04T06:54:16+00:00
ORD-007204,10,5,Over-ear Headphones,audio,4,199.95,799.80,refunded,2026-07-04T19:57:58+00:00
ORD-007205,7,8,Ergonomic Chair,furniture,1,612.75,612.75,cancelled,2026-07-04T04:32:55+00:00
ORD-007206,8,7,Standing Desk 120cm,furniture,2,449.00,898.00,cancelled,2026-07-04T18:07:06+00:00
ORD-007207,6,1,Mechanical Keyboard 75%,peripherals,2,129.00,258.00,refunded,2026-07-04T02:17:25+00:00
ORD-007208,3,3,27in 1440p Monitor,displays,2,319.99,639.98,cancelled,2026-07-04T03:09:28+00:00
ORD-007209,4,3,27in 1440p Monitor,displays,3,319.99,959.97,cancelled,2026-07-04T06:31:42+00:00
ORD-007210,1,3,27in 1440p Monitor,displays,3,319.99,959.97,completed,2026-07-04T14:12:34+00:00
ORD-007211,10,9,USB-C Hub 8-in-1,accessories,3,39.99,119.97,cancelled,2026-07-04T19:01:22+00:00
ORD-007212,8,10,Laptop Stand Aluminium,accessories,4,27.50,110.00,pending,2026-07-04T02:16:34+00:00
ORD-007213,6,2,Wireless Mouse,peripherals,3,49.50,148.50,pending,2026-07-04T02:03:34+00:00
ORD-007214,6,1,Mechanical Keyboard 75%,peripherals,3,129.00,387.00,pending,2026-07-04T08:17:20+00:00
ORD-007215,9,2,Wireless Mouse,peripherals,2,49.50,99.00,cancelled,2026-07-04T04:20:01+00:00
ORD-007216,6,6,Desk Speakers Pair,audio,4,89.00,356.00,pending,2026-07-04T00:36:23+00:00
ORD-007217,3,5,Over-ear Headphones,audio,2,199.95,399.90,pending,2026-07-04T08:49:05+00:00
ORD-007218,2,2,Wireless Mouse,peripherals,1,49.50,49.50,pending,2026-07-04T22:00:37+00:00
ORD-007219,4,10,Laptop Stand Aluminium,accessories,3,27.50,82.50,completed,2026-07-04T09:23:55+00:00
ORD-007220,1,5,Over-ear Headphones,audio,1,199.95,199.95,refunded,2026-07-04T10:13:56+00:00
ORD-007221,4,9,USB-C Hub 8-in-1,accessories,2,39.99,79.98,refunded,2026-07-04T09:39:25+00:00
ORD-007222,3,8,Ergonomic Chair,furniture,5,612.75,3063.75,cancelled,2026-07-04T19:48:22+00:00
ORD-007223,2,1,Mechanical Keyboard 75%,peripherals,2,129.00,258.00,refunded,2026-07-04T03:31:10+00:00
ORD-007224,2,9,USB-C Hub 8-in-1,accessories,2,39.99,79.98,pending,2026-07-04T08:18:15+00:00
ORD-007225,9,8,Ergonomic Chair,furniture,5,612.75,3063.75,completed,2026-07-04T20:36:07+00:00
ORD-007226,1,9,USB-C Hub 8-in-1,accessories,1,39.99,39.99,completed,2026-07-04T23:46:48+00:00
ORD-007227,5,10,Laptop Stand Aluminium,accessories,4,27.50,110.00,pending,2026-07-04T05:28:59+00:00
ORD-007228,9,7,Standing Desk 120cm,furniture,3,449.00,1347.00,refunded,2026-07-04T16:51:47+00:00
ORD-007229,9,4,34in Ultrawide Monitor,displays,3,579.00,1737.00,refunded,2026-07-04T13:09:58+00:00
ORD-007230,3,8,Ergonomic Chair,furniture,3,612.75,1838.25,refunded,2026-07-04T12:37:39+00:00
ORD-007231,9,4,34in Ultrawide Monitor,displays,3,579.00,1737.00,pending,2026-07-04T18:17:13+00:00
ORD-007232,3,4,34in Ultrawide Monitor,displays,4,579.00,2316.00,cancelled,2026-07-04T22:48:32+00:00
ORD-007233,3,5,Over-ear Headphones,audio,3,199.95,599.85,cancelled,2026-07-04T06:45:37+00:00
ORD-007234,2,4,34in Ultrawide Monitor,displays,3,579.00,1737.00,refunded,2026-07-04T04:15:03+00:00
ORD-007235,9,9,USB-C Hub 8-in-1,accessories,5,39.99,199.95,completed,2026-07-04T06:47:33+00:00
ORD-007236,5,6,Desk Speakers Pair,audio,1,89.00,89.00,cancelled,2026-07-04T09:05:06+00:00
ORD-007237,9,6,Desk Speakers Pair,audio,2,89.00,178.00,pending,2026-07-04T20:10:16+00:00
ORD-007238,1,9,USB-C Hub 8-in-1,accessories,4,39.99,159.96,cancelled,2026-07-04T05:46:59+00:00
ORD-007239,7,8,Ergonomic Chair,furniture,4,612.75,2451.00,refunded,2026-07-04T17:12:52+00:00
ORD-007240,3,7,Standing Desk 120cm,furniture,1,449.00,449.00,refunded,2026-07-04T19:22:46+00:00
ORD-007241,8,5,Over-ear Headphones,audio,3,199.95,599.85,completed,2026-07-04T18:13:28+00:00
ORD-007242,8,3,27in 1440p Monitor,displays,1,319.99,319.99,cancelled,2026-07-04T22:47:00+00:00
ORD-007243,7,4,34in Ultrawide Monitor,displays,1,579.00,579.00,cancelled,2026-07-04T07:49:59+00:00
ORD-007244,6,10,Laptop Stand Aluminium,accessories,2,27.50,55.00,pending,2026-07-04T03:44:24+00:00
ORD-007245,1,7,Standing Desk 120cm,furniture,2,449.00,898.00,refunded,2026-07-04T03:28:08+00:00
ORD-007246,5,5,Over-ear Headphones,audio,1,199.95,199.95,pending,2026-07-04T09:21:15+00:00
ORD-007247,7,1,Mechanical Keyboard 75%,peripherals,1,129.00,129.00,completed,2026-07-04T00:33:15+00:00
ORD-007248,3,5,Over-ear Headphones,audio,3,199.95,599.85,refunded,2026-07-04T12:56:32+00:00
ORD-007249,5,5,Over-ear Headphones,audio,3,199.95,599.85,cancelled,2026-07-04T16:47:51+00:00
ORD-007250,10,4,34in Ultrawide Monitor,displays,2,579.00,1158.00,refunded,2026-07-04T02:31:00+00:00
ORD-007251,4,2,Wireless Mouse,peripherals,1,49.50,49.50,pending,2026-07-04T13:11:43+00:00
ORD-007252,8,4,34in Ultrawide Monitor,displays,3,579.00,1737.00,pending,2026-07-04T21:08:24+00:00
ORD-007253,8,10,Laptop Stand Aluminium,accessories,4,27.50,110.00,completed,2026-07-04T22:24:03+00:00
ORD-007254,4,2,Wireless Mouse,peripherals,1,49.50,49.50,cancelled,2026-07-04T01:39:51+00:00
ORD-007255,10,4,34in Ultrawide Monitor,displays,3,579.00,1737.00,refunded,2026-07-04T10:58:41+00:00
ORD-007256,9,6,Desk Speakers Pair,audio,5,89.00,445.00,refunded,2026-07-04T12:57:34+00:00
ORD-007257,9,2,Wireless Mouse,peripherals,5,49.50,247.50,completed,2026-07-04T19:03:35+00:00
ORD-007258,1,8,Ergonomic Chair,furniture,5,612.75,3063.75,pending,2026-07-04T14:41:23+00:00
ORD-007259,10,2,Wireless Mouse,peripherals,3,49.50,148.50,pending,2026-07-04T20:51:03+00:00
ORD-007260,4,8,Ergonomic Chair,furniture,5,612.75,3063.75,refunded,2026-07-04T09:17:20+00:00
ORD-007261,3,7,Standing Desk 120cm,furniture,2,449.00,898.00,refunded,2026-07-04T18:44:58+00:00
ORD-007262,4,5,Over-ear Headphones,audio,5,199.95,999.75,pending,2026-07-04T01:38:22+00:00
ORD-007263,3,2,Wireless Mouse,peripherals,2,49.50,99.00,pending,2026-07-04T06:05:38+00:00
ORD-007264,9,10,Laptop Stand Aluminium,accessories,3,27.50,82.50,completed,2026-07-04T09:36:48+00:00
ORD-007265,8,8,Ergonomic Chair,furniture,1,612.75,612.75,pending,2026-07-04T10:33:09+00:00
ORD-007266,4,2,Wireless Mouse,peripherals,3,49.50,148.50,refunded,2026-07-04T19:07:40+00:00
ORD-007267,8,9,USB-C Hub 8-in-1,accessories,4,39.99,159.96,refunded,2026-07-04T11:16:26+00:00
ORD-007268,8,8,Ergonomic Chair,furniture,3,612.75,1838.25,completed,2026-07-04T00:13:55+00:00
ORD-007269,7,4,34in Ultrawide Monitor,displays,4,579.00,2316.00,cancelled,2026-07-04T14:01:02+00:00
ORD-007270,8,7,Standing Desk 120cm,furniture,1,449.00,449.00,refunded,2026-07-04T00:08:09+00:00
ORD-007271,3,3,27in 1440p Monitor,displays,2,319.99,639.98,completed,2026-07-04T20:00:40+00:00
ORD-007272,2,3,27in 1440p Monitor,displays,5,319.99,1599.95,pending,2026-07-04T04:37:33+00:00
ORD-007273,3,9,USB-C Hub 8-in-1,accessories,4,39.99,159.96,refunded,2026-07-04T19:33:29+00:00
ORD-007274,3,9,USB-C Hub 8-in-1,accessories,3,39.99,119.97,refunded,2026-07-04T16:01:59+00:00
ORD-007275,4,5,Over-ear Headphones,audio,2,199.95,399.90,pending,2026-07-04T21:47:52+00:00
ORD-007276,10,1,Mechanical Keyboard 75%,peripherals,3,129.00,387.00,refunded,2026-07-04T13:06:45+00:00
ORD-007277,7,10,Laptop Stand Aluminium,accessories,2,27.50,55.00,refunded,2026-07-04T01:20:08+00:00
ORD-007278,9,7,Standing Desk 120cm,furniture,1,449.00,449.00,cancelled,2026-07-04T09:56:44+00:00
ORD-007279,4,4,34in Ultrawide Monitor,displays,1,579.00,579.00,cancelled,2026-07-04T06:36:56+00:00
ORD-007280,9,5,Over-ear Headphones,audio,2,199.95,399.90,cancelled,2026-07-04T12:22:51+00:00
ORD-007281,2,10,Laptop Stand Aluminium,accessories,5,27.50,137.50,cancelled,2026-07-04T03:20:02+00:00
ORD-007282,3,7,Standing Desk 120cm,furniture,3,449.00,1347.00,cancelled,2026-07-04T03:34:15+00:00
ORD-007283,7,3,27in 1440p Monitor,displays,1,319.99,319.99,pending,2026-07-04T01:03:32+00:00
ORD-007284,8,8,Ergonomic Chair,furniture,5,612.75,3063.75,completed,2026-07-04T03:12:59+00:00
ORD-007285,7,5,Over-ear Headphones,audio,5,199.95,999.75,cancelled,2026-07-04T08:12:39+00:00
ORD-007286,7,9,USB-C Hub 8-in-1,accessories,1,39.99,39.99,cancelled,2026-07-04T03:01:40+00:00
ORD-007287,9,10,Laptop Stand Aluminium,accessories,3,27.50,82.50,cancelled,2026-07-04T13:09:33+00:00
ORD-007288,2,10,Laptop Stand Aluminium,accessories,3,27.50,82.50,pending,2026-07-04T06:04:38+00:00
ORD-007289,2,8,Ergonomic Chair,furniture,5,612.75,3063.75,pending,2026-07-04T07:11:04+00:00
ORD-007290,6,7,Standing Desk 120cm,furniture,2,449.00,898.00,refunded,2026-07-04T14:20:26+00:00
ORD-007291,8,3,27in 1440p Monitor,displays,4,319.99,1279.96,refunded,2026-07-04T14:33:15+00:00
ORD-007292,8,9,USB-C Hub 8-in-1,accessories,4,39.99,159.96,cancelled,2026-07-04T17:20:21+00:00
ORD-007293,9,10,Laptop Stand Aluminium,accessories,2,27.50,55.00,refunded,2026-07-04T13:08:21+00:00
ORD-007294,2,2,Wireless Mouse,peripherals,2,49.50,99.00,refunded,2026-07-04T11:14:08+00:00
ORD-007295,10,5,Over-ear Headphones,audio,5,199.95,999.75,cancelled,2026-07-04T02:39:24+00:00
ORD-007296,9,4,34in Ultrawide Monitor,displays,5,579.00,2895.00,cancelled,2026-07-04T00:51:18+00:00
ORD-007297,3,3,27in 1440p Monitor,displays,4,319.99,1279.96,pending,2026-07-04T17:53:27+00:00
ORD-007298,1,4,34in Ultrawide Monitor,displays,5,579.00,2895.00,refunded,2026-07-04T22:05:51+00:00
ORD-007299,1,7,Standing Desk 120cm,furniture,1,449.00,449.00,completed,2026-07-04T13:13:41+00:00
ORD-007300,4,2,Wireless Mouse,peripherals,1,49.50,49.50,completed,2026-07-04T02:59:07+00:00
ORD-007301,1,6,Desk Speakers Pair,audio,3,89.00,267.00,cancelled,2026-07-04T19:08:23+00:00
ORD-007302,7,5,Over-ear Headphones,audio,2,199.95,399.90,cancelled,2026-07-04T07:14:18+00:00
ORD-007303,2,8,Ergonomic Chair,furniture,5,612.75,3063.75,cancelled,2026-07-04T05:41:24+00:00
ORD-007304,2,10,Laptop Stand Aluminium,accessories,5,27.50,137.50,completed,2026-07-04T00:27:53+00:00
ORD-007305,7,9,USB-C Hub 8-in-1,accessories,4,39.99,159.96,cancelled,2026-07-04T03:32:26+00:00
ORD-007306,5,8,Ergonomic Chair,furniture,5,612.75,3063.75,completed,2026-07-04T00:40:31+00:00
ORD-007307,9,6,Desk Speakers Pair,audio,4,89.00,356.00,completed,2026-07-04T08:09:42+00:00
ORD-007308,10,7,Standing Desk 120cm,furniture,4,449.00,1796.00,refunded,2026-07-04T22:19:19+00:00
ORD-007309,8,8,Ergonomic Chair,furniture,2,612.75,1225.50,pending,2026-07-04T14:05:38+00:00
ORD-007310,2,1,Mechanical Keyboard 75%,peripherals,5,129.00,645.00,completed,2026-07-04T14:21:35+00:00
ORD-007311,3,3,27in 1440p Monitor,displays,2,319.99,639.98,refunded,2026-07-04T16:40:40+00:00
ORD-007312,1,5,Over-ear Headphones,audio,2,199.95,399.90,cancelled,2026-07-04T06:18:54+00:00
ORD-007313,10,9,USB-C Hub 8-in-1,accessories,4,39.99,159.96,refunded,2026-07-04T20:39:58+00:00
ORD-007314,10,3,27in 1440p Monitor,displays,3,319.99,959.97,refunded,2026-07-04T13:13:08+00:00
ORD-007315,8,2,Wireless Mouse,peripherals,3,49.50,148.50,pending,2026-07-04T13:10:36+00:00
ORD-007316,1,3,27in 1440p Monitor,displays,4,319.99,1279.96,completed,2026-07-04T16:59:58+00:00
ORD-007317,10,2,Wireless Mouse,peripherals,3,49.50,148.50,completed,2026-07-04T11:13:23+00:00
ORD-007318,3,8,Ergonomic Chair,furniture,4,612.75,2451.00,refunded,2026-07-04T07:29:08+00:00
ORD-007319,9,1,Mechanical Keyboard 75%,peripherals,5,129.00,645.00,cancelled,2026-07-04T15:26:15+00:00
ORD-007320,9,7,Standing Desk 120cm,furniture,5,449.00,2245.00,refunded,2026-07-04T20:05:28+00:00
ORD-007321,6,2,Wireless Mouse,peripherals,1,49.50,49.50,refunded,2026-07-04T19:04:08+00:00
ORD-007322,7,4,34in Ultrawide Monitor,displays,3,579.00,1737.00,refunded,2026-07-04T18:14:21+00:00
ORD-007323,4,10,Laptop Stand Aluminium,accessories,3,27.50,82.50,refunded,2026-07-04T07:44:17+00:00
ORD-007324,1,5,Over-ear Headphones,audio,3,199.95,599.85,pending,2026-07-04T18:03:55+00:00
ORD-007325,8,7,Standing Desk 120cm,furniture,2,449.00,898.00,refunded,2026-07-04T05:28:30+00:00
ORD-007326,10,8,Ergonomic Chair,furniture,4,612.75,2451.00,refunded,2026-07-04T12:46:00+00:00
ORD-007327,8,5,Over-ear Headphones,audio,3,199.95,599.85,refunded,2026-07-04T18:52:07+00:00
ORD-007328,10,7,Standing Desk 120cm,furniture,5,449.00,2245.00,cancelled,2026-07-04T09:26:24+00:00
ORD-007329,6,8,Ergonomic Chair,furniture,1,612.75,612.75,pending,2026-07-04T12:42:07+00:00
ORD-007330,6,5,Over-ear Headphones,audio,4,199.95,799.80,completed,2026-07-04T09:12:07+00:00
ORD-007331,6,3,27in 1440p Monitor,displays,3,319.99,959.97,pending,2026-07-04T00:51:22+00:00
ORD-007332,10,8,Ergonomic Chair,furniture,4,612.75,2451.00,completed,2026-07-04T06:10:36+00:00
ORD-007333,10,9,USB-C Hub 8-in-1,accessories,3,39.99,119.97,refunded,2026-07-04T19:05:10+00:00
ORD-007334,10,6,Desk Speakers Pair,audio,2,89.00,178.00,cancelled,2026-07-04T23:21:46+00:00
ORD-007335,8,6,Desk Speakers Pair,audio,1,89.00,89.00,cancelled,2026-07-04T08:37:47+00:00
ORD-007336,8,5,Over-ear Headphones,audio,5,199.95,999.75,completed,2026-07-04T01:11:04+00:00
ORD-007337,4,6,Desk Speakers Pair,audio,2,89.00,178.00,pending,2026-07-04T19:22:22+00:00
ORD-007338,10,9,USB-C Hub 8-in-1,accessories,3,39.99,119.97,pending,2026-07-04T14:40:10+00:00
ORD-007339,4,3,27in 1440p Monitor,displays,5,319.99,1599.95,refunded,2026-07-04T04:24:02+00:00
ORD-007340,9,10,Laptop Stand Aluminium,accessories,4,27.50,110.00,completed,2026-07-04T11:01:47+00:00
ORD-007341,4,5,Over-ear Headphones,audio,1,199.95,199.95,refunded,2026-07-04T17:17:02+00:00
ORD-007342,2,4,34in Ultrawide Monitor,displays,1,579.00,579.00,cancelled,2026-07-04T10:00:23+00:00
ORD-007343,3,1,Mechanical Keyboard 75%,peripherals,4,129.00,516.00,cancelled,2026-07-04T07:57:09+00:00
ORD-007344,1,1,Mechanical Keyboard 75%,peripherals,3,129.00,387.00,pending,2026-07-04T03:45:47+00:00
ORD-007345,4,7,Standing Desk 120cm,furniture,3,449.00,1347.00,refunded,2026-07-04T18:48:22+00:00
ORD-007346,4,10,Laptop Stand Aluminium,accessories,4,27.50,110.00,cancelled,2026-07-04T07:29:57+00:00
ORD-007347,7,7,Standing Desk 120cm,furniture,4,449.00,1796.00,cancelled,2026-07-04T10:14:08+00:00
ORD-007348,4,7,Standing Desk 120cm,furniture,4,449.00,1796.00,pending,2026-07-04T01:21:34+00:00
ORD-007349,10,3,27in 1440p Monitor,displays,4,319.99,1279.96,refunded,2026-07-04T07:09:24+00:00
ORD-007350,10,5,Over-ear Headphones,audio,1,199.95,199.95,pending,2026-07-04T12:13:17+00:00
ORD-007351,2,1,Mechanical Keyboard 75%,peripherals,5,129.00,645.00,completed,2026-07-04T10:19:42+00:00
ORD-007352,8,2,Wireless Mouse,peripherals,1,49.50,49.50,refunded,2026-07-04T06:31:07+00:00
ORD-007353,2,1,Mechanical Keyboard 75%,peripherals,4,129.00,516.00,cancelled,2026-07-04T19:25:03+00:00
ORD-007354,9,2,Wireless Mouse,peripherals,4,49.50,198.00,cancelled,2026-07-04T10:53:14+00:00
ORD-007355,10,10,Laptop Stand Aluminium,accessories,4,27.50,110.00,refunded,2026-07-04T17:19:20+00:00
ORD-007356,4,4,34in Ultrawide Monitor,displays,5,579.00,2895.00,completed,2026-07-04T07:08:51+00:00
ORD-007357,5,7,Standing Desk 120cm,furniture,1,449.00,449.00,pending,2026-07-04T09:35:48+00:00
ORD-007358,6,6,Desk Speakers Pair,audio,4,89.00,356.00,cancelled,2026-07-04T23:51:31+00:00
ORD-007359,4,8,Ergonomic Chair,furniture,5,612.75,3063.75,cancelled,2026-07-04T21:28:57+00:00
ORD-007360,3,1,Mechanical Keyboard 75%,peripherals,3,129.00,387.00,refunded,2026-07-04T23:21:00+00:00
ORD-007361,1,1,Mechanical Keyboard 75%,peripherals,2,129.00,258.00,refunded,2026-07-04T17:00:55+00:00
ORD-007362,7,9,USB-C Hub 8-in-1,accessories,4,39.99,159.96,refunded,2026-07-04T12:09:53+00:00
ORD-007363,9,1,Mechanical Keyboard 75%,peripherals,4,129.00,516.00,completed,2026-07-04T03:06:06+00:00
ORD-007364,4,3,27in 1440p Monitor,displays,5,319.99,1599.95,refunded,2026-07-04T06:38:18+00:00
ORD-007365,2,2,Wireless Mouse,peripherals,2,49.50,99.00,pending,2026-07-04T20:45:09+00:00
ORD-007366,5,4,34in Ultrawide Monitor,displays,4,579.00,2316.00,cancelled,2026-07-04T16:48:38+00:00
ORD-007367,5,10,Laptop Stand Aluminium,accessories,5,27.50,137.50,completed,2026-07-04T18:57:57+00:00
ORD-007368,7,4,34in Ultrawide Monitor,displays,2,579.00,1158.00,refunded,2026-07-04T18:08:23+00:00
ORD-007369,1,1,Mechanical Keyboard 75%,peripherals,3,129.00,387.00,refunded,2026-07-04T18:23:14+00:00
ORD-007370,7,10,Laptop Stand Aluminium,accessories,1,27.50,27.50,cancelled,2026-07-04T01:38:01+00:00
ORD-007371,5,2,Wireless Mouse,peripherals,1,49.50,49.50,completed,2026-07-04T15:33:29+00:00
ORD-007372,9,8,Ergonomic Chair,furniture,1,612.75,612.75,pending,2026-07-04T16:34:06+00:00
ORD-007373,9,9,USB-C Hub 8-in-1,accessories,3,39.99,119.97,cancelled,2026-07-04T16:04:10+00:00
ORD-007374,4,9,USB-C Hub 8-in-1,accessories,2,39.99,79.98,cancelled,2026-07-04T00:23:13+00:00
ORD-007375,4,9,USB-C Hub 8-in-1,accessories,3,39.99,119.97,refunded,2026-07-04T16:50:12+00:00
ORD-007376,5,6,Desk Speakers Pair,audio,3,89.00,267.00,cancelled,2026-07-04T00:15:48+00:00
ORD-007377,3,10,Laptop Stand Aluminium,accessories,2,27.50,55.00,completed,2026-07-04T17:26:50+00:00
ORD-007378,2,10,Laptop Stand Aluminium,accessories,1,27.50,27.50,refunded,2026-07-04T06:53:11+00:00
ORD-007379,7,9,USB-C Hub 8-in-1,accessories,5,39.99,199.95,cancelled,2026-07-04T08:54:54+00:00
ORD-007380,8,4,34in Ultrawide Monitor,displays,1,579.00,579.00,cancelled,2026-07-04T15:35:01+00:00
ORD-007381,5,10,Laptop Stand Aluminium,accessories,5,27.50,137.50,cancelled,2026-07-04T09:43:13+00:00
ORD-007382,10,1,Mechanical Keyboard 75%,peripherals,5,129.00,645.00,cancelled,2026-07-04T20:27:38+00:00
ORD-007383,4,10,Laptop Stand Aluminium,accessories,2,27.50,55.00,pending,2026-07-04T00:52:19+00:00
ORD-007384,6,1,Mechanical Keyboard 75%,peripherals,4,129.00,516.00,refunded,2026-07-04T22:48:14+00:00
ORD-007385,7,1,Mechanical Keyboard 75%,peripherals,3,129.00,387.00,completed,2026-07-04T05:37:32+00:00
ORD-007386,4,2,Wireless Mouse,peripherals,3,49.50,148.50,completed,2026-07-04T05:47:14+00:00
ORD-007387,10,3,27in 1440p Monitor,displays,5,319.99,1599.95,refunded,2026-07-04T21:46:36+00:00
ORD-007388,1,7,Standing Desk 120cm,furniture,2,449.00,898.00,pending,2026-07-04T07:58:17+00:00
ORD-007389,6,4,34in Ultrawide Monitor,displays,3,579.00,1737.00,cancelled,2026-07-04T14:32:49+00:00
ORD-007390,8,1,Mechanical Keyboard 75%,peripherals,2,129.00,258.00,completed,2026-07-04T01:04:07+00:00
ORD-007391,3,6,Desk Speakers Pair,audio,3,89.00,267.00,refunded,2026-07-04T02:11:20+00:00
ORD-007392,2,4,34in Ultrawide Monitor,displays,2,579.00,1158.00,pending,2026-07-04T00:56:15+00:00
ORD-007393,2,10,Laptop Stand Aluminium,accessories,3,27.50,82.50,cancelled,2026-07-04T07:49:40+00:00
ORD-007394,3,1,Mechanical Keyboard 75%,peripherals,1,129.00,129.00,pending,2026-07-04T10:38:20+00:00
ORD-007395,1,2,Wireless Mouse,peripherals,5,49.50,247.50,refunded,2026-07-04T05:05:54+00:00
ORD-007396,5,9,USB-C Hub 8-in-1,accessories,2,39.99,79.98,completed,2026-07-04T02:01:10+00:00
ORD-007397,1,1,Mechanical Keyboard 75%,peripherals,5,129.00,645.00,cancelled,2026-07-04T08:38:51+00:00
ORD-007398,8,5,Over-ear Headphones,audio,5,199.95,999.75,pending,2026-07-04T10:28:53+00:00
ORD-007399,8,9,USB-C Hub 8-in-1,accessories,3,39.99,119.97,refunded,2026-07-04T16:08:45+00:00
ORD-007400,3,4,34in Ultrawide Monitor,displays,5,579.00,2895.00,cancelled,2026-07-04T19:07:49+00:00
ORD-007401,9,6,Desk Speakers Pair,audio,3,89.00,267.00,completed,2026-07-04T08:37:05+00:00
ORD-007402,3,6,Desk Speakers Pair,audio,1,89.00,89.00,refunded,2026-07-04T19:30:26+00:00
ORD-007403,3,3,27in 1440p Monitor,displays,2,319.99,639.98,refunded,2026-07-04T18:45:30+00:00
ORD-007404,6,5,Over-ear Headphones,audio,2,199.95,399.90,completed,2026-07-04T21:22:03+00:00
ORD-007405,6,9,USB-C Hub 8-in-1,accessories,3,39.99,119.97,cancelled,2026-07-04T06:43:24+00:00
ORD-007406,9,8,Ergonomic Chair,furniture,4,612.75,2451.00,completed,2026-07-04T19:13:08+00:00
ORD-007407,1,6,Desk Speakers Pair,audio,3,89.00,267.00,pending,2026-07-04T21:32:41+00:00
ORD-007408,10,1,Mechanical Keyboard 75%,peripherals,5,129.00,645.00,refunded,2026-07-04T04:30:44+00:00
ORD-007409,5,10,Laptop Stand Aluminium,accessories,3,27.50,82.50,refunded,2026-07-04T11:02:38+00:00
ORD-007410,1,7,Standing Desk 120cm,furniture,1,449.00,449.00,cancelled,2026-07-04T12:19:38+00:00
ORD-007411,10,9,USB-C Hub 8-in-1,accessories,5,39.99,199.95,completed,2026-07-04T10:15:26+00:00
ORD-007412,10,6,Desk Speakers Pair,audio,1,89.00,89.00,pending,2026-07-04T18:35:01+00:00
ORD-007413,5,5,Over-ear Headphones,audio,3,199.95,599.85,completed,2026-07-04T14:49:35+00:00
ORD-007414,8,4,34in Ultrawide Monitor,displays,3,579.00,1737.00,refunded,2026-07-04T00:58:27+00:00
ORD-007415,6,10,Laptop Stand Aluminium,accessories,3,27.50,82.50,pending,2026-07-04T12:37:18+00:00
ORD-007416,9,6,Desk Speakers Pair,audio,3,89.00,267.00,completed,2026-07-04T18:30:24+00:00
ORD-007417,3,1,Mechanical Keyboard 75%,peripherals,5,129.00,645.00,refunded,2026-07-04T04:52:57+00:00
ORD-007418,8,8,Ergonomic Chair,furniture,3,612.75,1838.25,refunded,2026-07-04T10:55:24+00:00
ORD-007419,6,8,Ergonomic Chair,furniture,4,612.75,2451.00,pending,2026-07-04T09:53:07+00:00
ORD-007420,3,6,Desk Speakers Pair,audio,3,89.00,267.00,pending,2026-07-04T04:16:37+00:00
ORD-007421,5,9,USB-C Hub 8-in-1,accessories,4,39.99,159.96,pending,2026-07-04T05:24:09+00:00
ORD-007422,10,8,Ergonomic Chair,furniture,5,612.75,3063.75,completed,2026-07-04T17:06:35+00:00
ORD-007423,5,1,Mechanical Keyboard 75%,peripherals,4,129.00,516.00,cancelled,2026-07-04T02:15:42+00:00
ORD-007424,9,6,Desk Speakers Pair,audio,5,89.00,445.00,cancelled,2026-07-04T10:20:51+00:00
ORD-007425,5,10,Laptop Stand Aluminium,accessories,4,27.50,110.00,completed,2026-07-04T16:48:54+00:00
ORD-007426,4,7,Standing Desk 120cm,furniture,4,449.00,1796.00,cancelled,2026-07-04T04:49:36+00:00
ORD-007427,3,7,Standing Desk 120cm,furniture,4,449.00,1796.00,cancelled,2026-07-04T04:16:29+00:00
ORD-007428,6,6,Desk Speakers Pair,audio,5,89.00,445.00,completed,2026-07-04T08:02:46+00:00
ORD-007429,8,3,27in 1440p Monitor,displays,4,319.99,1279.96,cancelled,2026-07-04T15:41:22+00:00
ORD-007430,5,10,Laptop Stand Aluminium,accessories,1,27.50,27.50,completed,2026-07-04T13:40:31+00:00
ORD-007431,3,3,27in 1440p Monitor,displays,2,319.99,639.98,refunded,2026-07-04T17:52:12+00:00
ORD-007432,2,7,Standing Desk 120cm,furniture,3,449.00,1347.00,cancelled,2026-07-04T07:11:06+00:00
ORD-007433,4,6,Desk Speakers Pair,audio,1,89.00,89.00,cancelled,2026-07-04T22:51:02+00:00
ORD-007434,1,2,Wireless Mouse,peripherals,4,49.50,198.00,completed,2026-07-04T23:11:28+00:00
ORD-007435,6,6,Desk Speakers Pair,audio,3,89.00,267.00,pending,2026-07-04T13:16:20+00:00
ORD-007436,10,5,Over-ear Headphones,audio,3,199.95,599.85,cancelled,2026-07-04T12:56:55+00:00
ORD-007437,2,6,Desk Speakers Pair,audio,4,89.00,356.00,refunded,2026-07-04T06:49:14+00:00
ORD-007438,6,9,USB-C Hub 8-in-1,accessories,2,39.99,79.98,refunded,2026-07-04T07:24:38+00:00
ORD-007439,1,7,Standing Desk 120cm,furniture,4,449.00,1796.00,cancelled,2026-07-04T18:31:52+00:00
ORD-007440,2,1,Mechanical Keyboard 75%,peripherals,3,129.00,387.00,completed,2026-07-04T21:08:11+00:00
ORD-007441,5,9,USB-C Hub 8-in-1,accessories,4,39.99,159.96,pending,2026-07-04T01:51:00+00:00
ORD-007442,6,2,Wireless Mouse,peripherals,4,49.50,198.00,cancelled,2026-07-04T03:13:58+00:00
ORD-007443,3,8,Ergonomic Chair,furniture,5,612.75,3063.75,completed,2026-07-04T11:41:21+00:00
ORD-007444,4,10,Laptop Stand Aluminium,accessories,4,27.50,110.00,pending,2026-07-04T21:13:44+00:00
ORD-007445,1,7,Standing Desk 120cm,furniture,5,449.00,2245.00,pending,2026-07-04T13:58:14+00:00
ORD-007446,9,2,Wireless Mouse,peripherals,4,49.50,198.00,cancelled,2026-07-04T01:18:44+00:00
ORD-007447,6,1,Mechanical Keyboard 75%,peripherals,1,129.00,129.00,cancelled,2026-07-04T01:12:59+00:00
ORD-007448,2,9,USB-C Hub 8-in-1,accessories,2,39.99,79.98,completed,2026-07-04T21:44:38+00:00
ORD-007449,3,2,Wireless Mouse,peripherals,3,49.50,148.50,completed,2026-07-04T07:26:58+00:00
ORD-007450,1,3,27in 1440p Monitor,displays,4,319.99,1279.96,completed,2026-07-04T10:22:40+00:00
ORD-007451,4,10,Laptop Stand Aluminium,accessories,2,27.50,55.00,refunded,2026-07-04T08:38:31+00:00
ORD-007452,1,4,34in Ultrawide Monitor,displays,4,579.00,2316.00,pending,2026-07-04T21:23:16+00:00
ORD-007453,9,1,Mechanical Keyboard 75%,peripherals,2,129.00,258.00,refunded,2026-07-04T19:46:57+00:00
ORD-007454,2,9,USB-C Hub 8-in-1,accessories,2,39.99,79.98,pending,2026-07-04T23:50:36+00:00
ORD-007455,8,9,USB-C Hub 8-in-1,accessories,3,39.99,119.97,completed,2026-07-04T10:18:56+00:00
ORD-007456,7,7,Standing Desk 120cm,furniture,4,449.00,1796.00,pending,2026-07-04T15:44:19+00:00
ORD-007457,9,5,Over-ear Headphones,audio,2,199.95,399.90,pending,2026-07-04T00:17:15+00:00
ORD-007458,3,5,Over-ear Headphones,audio,5,199.95,999.75,cancelled,2026-07-04T03:22:31+00:00
ORD-007459,5,3,27in 1440p Monitor,displays,4,319.99,1279.96,refunded,2026-07-04T15:50:11+00:00
ORD-007460,5,5,Over-ear Headphones,audio,2,199.95,399.90,cancelled,2026-07-04T15:02:16+00:00
ORD-007461,9,1,Mechanical Keyboard 75%,peripherals,3,129.00,387.00,pending,2026-07-04T16:51:39+00:00
ORD-007462,7,3,27in 1440p Monitor,displays,4,319.99,1279.96,refunded,2026-07-04T21:49:07+00:00
ORD-007463,6,4,34in Ultrawide Monitor,displays,4,579.00,2316.00,completed,2026-07-04T21:37:21+00:00
ORD-007464,5,9,USB-C Hub 8-in-1,accessories,4,39.99,159.96,cancelled,2026-07-04T16:09:07+00:00
ORD-007465,5,10,Laptop Stand Aluminium,accessories,5,27.50,137.50,refunded,2026-07-04T06:08:40+00:00
ORD-007466,5,9,USB-C Hub 8-in-1,accessories,4,39.99,159.96,cancelled,2026-07-04T03:12:55+00:00
ORD-007467,10,7,Standing Desk 120cm,furniture,5,449.00,2245.00,cancelled,2026-07-04T07:54:32+00:00
ORD-007468,6,4,34in Ultrawide Monitor,displays,1,579.00,579.00,refunded,2026-07-04T11:54:25+00:00
ORD-007469,3,7,Standing Desk 120cm,furniture,3,449.00,1347.00,pending,2026-07-04T23:47:47+00:00
ORD-007470,3,10,Laptop Stand Aluminium,accessories,3,27.50,82.50,refunded,2026-07-04T00:22:21+00:00
ORD-007471,10,10,Laptop Stand Aluminium,accessories,1,27.50,27.50,refunded,2026-07-04T20:13:33+00:00
ORD-007472,7,5,Over-ear Headphones,audio,5,199.95,999.75,refunded,2026-07-04T14:08:54+00:00
ORD-007473,9,9,USB-C Hub 8-in-1,accessories,1,39.99,39.99,pending,2026-07-04T04:25:56+00:00
ORD-007474,4,3,27in 1440p Monitor,displays,5,319.99,1599.95,pending,2026-07-04T05:18:42+00:00
ORD-007475,8,5,Over-ear Headphones,audio,4,199.95,799.80,pending,2026-07-04T20:23:44+00:00
ORD-007476,8,3,27in 1440p Monitor,displays,1,319.99,319.99,pending,2026-07-04T08:14:55+00:00
ORD-007477,5,4,34in Ultrawide Monitor,displays,4,579.00,2316.00,completed,2026-07-04T20:18:57+00:00
ORD-007478,9,7,Standing Desk 120cm,furniture,1,449.00,449.00,refunded,2026-07-04T07:25:06+00:00
ORD-007479,6,8,Ergonomic Chair,furniture,3,612.75,1838.25,refunded,2026-07-04T18:57:45+00:00
ORD-007480,5,9,USB-C Hub 8-in-1,accessories,2,39.99,79.98,cancelled,2026-07-04T01:52:24+00:00
ORD-007481,6,6,Desk Speakers Pair,audio,5,89.00,445.00,refunded,2026-07-04T14:01:08+00:00
ORD-007482,9,7,Standing Desk 120cm,furniture,3,449.00,1347.00,refunded,2026-07-04T16:45:42+00:00
ORD-007483,6,9,USB-C Hub 8-in-1,accessories,1,39.99,39.99,cancelled,2026-07-04T01:58:12+00:00
ORD-007484,8,2,Wireless Mouse,peripherals,2,49.50,99.00,refunded,2026-07-04T14:24:11+00:00
ORD-007485,5,5,Over-ear Headphones,audio,3,199.95,599.85,pending,2026-07-04T21:54:20+00:00
ORD-007486,8,7,Standing Desk 120cm,furniture,2,449.00,898.00,completed,2026-07-04T06:01:46+00:00
ORD-007487,5,6,Desk Speakers Pair,audio,4,89.00,356.00,refunded,2026-07-04T03:54:33+00:00
ORD-007488,5,6,Desk Speakers Pair,audio,2,89.00,178.00,pending,2026-07-04T09:08:59+00:00
ORD-007489,3,1,Mechanical Keyboard 75%,peripherals,1,129.00,129.00,completed,2026-07-04T10:37:31+00:00
ORD-007490,5,9,USB-C Hub 8-in-1,accessories,4,39.99,159.96,refunded,2026-07-04T16:07:54+00:00
ORD-007491,1,2,Wireless Mouse,peripherals,3,49.50,148.50,pending,2026-07-04T04:59:54+00:00
ORD-007492,10,6,Desk Speakers Pair,audio,1,89.00,89.00,completed,2026-07-04T22:59:41+00:00
ORD-007493,1,10,Laptop Stand Aluminium,accessories,5,27.50,137.50,cancelled,2026-07-04T12:39:20+00:00
ORD-007494,2,7,Standing Desk 120cm,furniture,3,449.00,1347.00,pending,2026-07-04T22:50:27+00:00
ORD-007495,6,4,34in Ultrawide Monitor,displays,3,579.00,1737.00,completed,2026-07-04T19:55:39+00:00
ORD-007496,5,9,USB-C Hub 8-in-1,accessories,1,39.99,39.99,pending,2026-07-04T22:47:19+00:00
ORD-007497,9,3,27in 1440p Monitor,displays,2,319.99,639.98,refunded,2026-07-04T20:29:08+00:00
ORD-007498,3,7,Standing Desk 120cm,furniture,4,449.00,1796.00,refunded,2026-07-04T07:27:25+00:00
ORD-007499,3,10,Laptop Stand Aluminium,accessories,1,27.50,27.50,pending,2026-07-04T10:09:48+00:00
ORD-007500,1,4,34in Ultrawide Monitor,displays,5,579.00,2895.00,refunded,2026-07-04T03:29:15+00:00
ORD-007501,2,1,Mechanical Keyboard 75%,peripherals,5,129.00,645.00,refunded,2026-07-04T22:24:48+00:00
ORD-007502,3,1,Mechanical Keyboard 75%,peripherals,1,129.00,129.00,pending,2026-07-04T13:14:21+00:00
ORD-007503,5,10,Laptop Stand Aluminium,accessories,1,27.50,27.50,cancelled,2026-07-04T19:15:03+00:00
ORD-007504,7,8,Ergonomic Chair,furniture,3,612.75,1838.25,cancelled,2026-07-04T21:07:51+00:00
ORD-007505,6,10,Laptop Stand Aluminium,accessories,5,27.50,137.50,pending,2026-07-04T00:45:43+00:00
ORD-007506,6,8,Ergonomic Chair,furniture,1,612.75,612.75,refunded,2026-07-04T06:33:37+00:00
ORD-007507,4,2,Wireless Mouse,peripherals,1,49.50,49.50,cancelled,2026-07-04T10:33:21+00:00
ORD-007508,5,9,USB-C Hub 8-in-1,accessories,2,39.99,79.98,completed,2026-07-04T01:37:45+00:00
ORD-007509,2,8,Ergonomic Chair,furniture,4,612.75,2451.00,pending,2026-07-04T13:20:09+00:00
ORD-007510,1,1,Mechanical Keyboard 75%,peripherals,4,129.00,516.00,pending,2026-07-04T02:47:47+00:00
ORD-007511,9,3,27in 1440p Monitor,displays,1,319.99,319.99,refunded,2026-07-04T14:36:59+00:00
ORD-007512,8,5,Over-ear Headphones,audio,3,199.95,599.85,completed,2026-07-04T07:19:27+00:00
ORD-007513,3,5,Over-ear Headphones,audio,4,199.95,799.80,completed,2026-07-04T08:42:33+00:00
ORD-007514,10,5,Over-ear Headphones,audio,2,199.95,399.90,pending,2026-07-04T03:00:37+00:00
ORD-007515,2,8,Ergonomic Chair,furniture,3,612.75,1838.25,pending,2026-07-04T09:03:45+00:00
ORD-007516,6,7,Standing Desk 120cm,furniture,4,449.00,1796.00,refunded,2026-07-04T14:58:21+00:00
ORD-007517,4,1,Mechanical Keyboard 75%,peripherals,2,129.00,258.00,refunded,2026-07-04T08:04:13+00:00
ORD-007518,6,2,Wireless Mouse,peripherals,4,49.50,198.00,completed,2026-07-04T12:57:15+00:00
ORD-007519,8,7,Standing Desk 120cm,furniture,2,449.00,898.00,cancelled,2026-07-04T09:07:19+00:00
ORD-007520,7,6,Desk Speakers Pair,audio,3,89.00,267.00,refunded,2026-07-04T05:27:13+00:00
ORD-007521,7,3,27in 1440p Monitor,displays,1,319.99,319.99,refunded,2026-07-04T08:48:33+00:00
ORD-007522,6,1,Mechanical Keyboard 75%,peripherals,2,129.00,258.00,completed,2026-07-04T16:33:17+00:00
ORD-007523,7,1,Mechanical Keyboard 75%,peripherals,1,129.00,129.00,refunded,2026-07-04T12:58:13+00:00
ORD-007524,1,1,Mechanical Keyboard 75%,peripherals,4,129.00,516.00,cancelled,2026-07-04T21:04:56+00:00
ORD-007525,3,8,Ergonomic Chair,furniture,1,612.75,612.75,completed,2026-07-04T02:35:05+00:00
ORD-007526,8,9,USB-C Hub 8-in-1,accessories,1,39.99,39.99,pending,2026-07-04T13:56:49+00:00
ORD-007527,4,3,27in 1440p Monitor,displays,2,319.99,639.98,pending,2026-07-04T13:17:18+00:00
ORD-007528,6,4,34in Ultrawide Monitor,displays,1,579.00,579.00,cancelled,2026-07-04T22:55:28+00:00
ORD-007529,6,9,USB-C Hub 8-in-1,accessories,3,39.99,119.97,completed,2026-07-04T21:13:03+00:00
ORD-007530,1,7,Standing Desk 120cm,furniture,3,449.00,1347.00,refunded,2026-07-04T17:13:27+00:00
ORD-007531,3,10,Laptop Stand Aluminium,accessories,3,27.50,82.50,completed,2026-07-04T06:51:26+00:00
ORD-007532,3,9,USB-C Hub 8-in-1,accessories,2,39.99,79.98,cancelled,2026-07-04T01:10:03+00:00
ORD-007533,7,3,27in 1440p Monitor,displays,4,319.99,1279.96,cancelled,2026-07-04T09:39:02+00:00
ORD-007534,1,6,Desk Speakers Pair,audio,1,89.00,89.00,pending,2026-07-04T20:52:54+00:00
ORD-007535,2,1,Mechanical Keyboard 75%,peripherals,3,129.00,387.00,cancelled,2026-07-04T02:30:20+00:00
ORD-007536,1,5,Over-ear Headphones,audio,5,199.95,999.75,cancelled,2026-07-04T18:21:55+00:00
ORD-007537,4,2,Wireless Mouse,peripherals,1,49.50,49.50,pending,2026-07-04T22:05:33+00:00
ORD-007538,4,5,Over-ear Headphones,audio,4,199.95,799.80,pending,2026-07-04T13:17:24+00:00
ORD-007539,1,7,Standing Desk 120cm,furniture,2,449.00,898.00,cancelled,2026-07-04T08:40:10+00:00
ORD-007540,4,8,Ergonomic Chair,furniture,3,612.75,1838.25,refunded,2026-07-04T11:01:09+00:00
ORD-007541,9,1,Mechanical Keyboard 75%,peripherals,1,129.00,129.00,cancelled,2026-07-04T21:01:52+00:00
ORD-007542,4,2,Wireless Mouse,peripherals,4,49.50,198.00,refunded,2026-07-04T09:35:43+00:00
ORD-007543,3,8,Ergonomic Chair,furniture,1,612.75,612.75,completed,2026-07-04T23:17:38+00:00
ORD-007544,8,8,Ergonomic Chair,furniture,1,612.75,612.75,completed,2026-07-04T09:48:51+00:00
ORD-007545,10,2,Wireless Mouse,peripherals,2,49.50,99.00,pending,2026-07-04T12:24:56+00:00
ORD-007546,10,9,USB-C Hub 8-in-1,accessories,2,39.99,79.98,refunded,2026-07-04T07:43:29+00:00
ORD-007547,9,2,Wireless Mouse,peripherals,4,49.50,198.00,cancelled,2026-07-04T23:22:20+00:00
ORD-007548,8,7,Standing Desk 120cm,furniture,5,449.00,2245.00,refunded,2026-07-04T03:56:53+00:00
ORD-007549,1,10,Laptop Stand Aluminium,accessories,4,27.50,110.00,cancelled,2026-07-04T13:39:08+00:00
ORD-007550,4,10,Laptop Stand Aluminium,accessories,1,27.50,27.50,pending,2026-07-04T17:58:14+00:00
ORD-007551,6,1,Mechanical Keyboard 75%,peripherals,1,129.00,129.00,cancelled,2026-07-04T02:04:58+00:00
ORD-007552,10,10,Laptop Stand Aluminium,accessories,1,27.50,27.50,pending,2026-07-04T13:46:40+00:00
ORD-007553,10,4,34in Ultrawide Monitor,displays,1,579.00,579.00,pending,2026-07-04T17:46:19+00:00
ORD-007554,8,7,Standing Desk 120cm,furniture,3,449.00,1347.00,completed,2026-07-04T23:25:55+00:00
ORD-007555,5,9,USB-C Hub 8-in-1,accessories,5,39.99,199.95,completed,2026-07-04T09:22:57+00:00
ORD-007556,5,7,Standing Desk 120cm,furniture,3,449.00,1347.00,cancelled,2026-07-04T22:55:07+00:00
ORD-007557,4,3,27in 1440p Monitor,displays,3,319.99,959.97,cancelled,2026-07-04T20:47:13+00:00
ORD-007558,7,8,Ergonomic Chair,furniture,1,612.75,612.75,cancelled,2026-07-04T18:06:43+00:00
ORD-007559,7,1,Mechanical Keyboard 75%,peripherals,5,129.00,645.00,pending,2026-07-04T09:30:04+00:00
ORD-007560,6,1,Mechanical Keyboard 75%,peripherals,4,129.00,516.00,refunded,2026-07-04T19:35:14+00:00
ORD-007561,2,3,27in 1440p Monitor,displays,2,319.99,639.98,pending,2026-07-04T16:23:24+00:00
ORD-007562,7,7,Standing Desk 120cm,furniture,1,449.00,449.00,completed,2026-07-04T04:41:05+00:00
ORD-007563,9,2,Wireless Mouse,peripherals,5,49.50,247.50,completed,2026-07-04T15:52:41+00:00
ORD-007564,4,2,Wireless Mouse,peripherals,1,49.50,49.50,refunded,2026-07-04T22:04:37+00:00
ORD-007565,2,1,Mechanical Keyboard 75%,peripherals,5,129.00,645.00,cancelled,2026-07-04T23:38:32+00:00
ORD-007566,2,10,Laptop Stand Aluminium,accessories,1,27.50,27.50,refunded,2026-07-04T20:14:02+00:00
ORD-007567,3,1,Mechanical Keyboard 75%,peripherals,1,129.00,129.00,refunded,2026-07-04T07:08:50+00:00
ORD-007568,1,7,Standing Desk 120cm,furniture,2,449.00,898.00,cancelled,2026-07-04T19:12:04+00:00
ORD-007569,8,9,USB-C Hub 8-in-1,accessories,4,39.99,159.96,refunded,2026-07-04T16:55:40+00:00
ORD-007570,10,1,Mechanical Keyboard 75%,peripherals,1,129.00,129.00,refunded,2026-07-04T10:06:16+00:00
ORD-007571,3,3,27in 1440p Monitor,displays,4,319.99,1279.96,completed,2026-07-04T18:26:30+00:00
ORD-007572,7,2,Wireless Mouse,peripherals,5,49.50,247.50,refunded,2026-07-04T12:13:40+00:00
ORD-007573,8,5,Over-ear Headphones,audio,4,199.95,799.80,refunded,2026-07-04T01:01:32+00:00
ORD-007574,6,4,34in Ultrawide Monitor,displays,3,579.00,1737.00,refunded,2026-07-04T21:38:58+00:00
ORD-007575,3,10,Laptop Stand Aluminium,accessories,1,27.50,27.50,pending,2026-07-04T21:35:05+00:00
ORD-007576,4,1,Mechanical Keyboard 75%,peripherals,3,129.00,387.00,cancelled,2026-07-04T04:22:25+00:00
ORD-007577,8,7,Standing Desk 120cm,furniture,2,449.00,898.00,cancelled,2026-07-04T20:42:51+00:00
ORD-007578,6,9,USB-C Hub 8-in-1,accessories,5,39.99,199.95,completed,2026-07-04T06:21:39+00:00
ORD-007579,2,1,Mechanical Keyboard 75%,peripherals,4,129.00,516.00,refunded,2026-07-04T12:59:42+00:00
ORD-007580,7,8,Ergonomic Chair,furniture,3,612.75,1838.25,refunded,2026-07-04T19:06:45+00:00
ORD-007581,2,4,34in Ultrawide Monitor,displays,3,579.00,1737.00,pending,2026-07-04T19:42:34+00:00
ORD-007582,5,2,Wireless Mouse,peripherals,4,49.50,198.00,refunded,2026-07-04T18:04:55+00:00
ORD-007583,10,5,Over-ear Headphones,audio,4,199.95,799.80,pending,2026-07-04T16:25:30+00:00
ORD-007584,6,6,Desk Speakers Pair,audio,5,89.00,445.00,cancelled,2026-07-04T22:40:51+00:00
ORD-007585,6,4,34in Ultrawide Monitor,displays,5,579.00,2895.00,refunded,2026-07-04T08:33:47+00:00
ORD-007586,8,10,Laptop Stand Aluminium,accessories,5,27.50,137.50,completed,2026-07-04T21:29:25+00:00
ORD-007587,1,3,27in 1440p Monitor,displays,3,319.99,959.97,completed,2026-07-04T05:15:52+00:00
ORD-007588,7,10,Laptop Stand Aluminium,accessories,2,27.50,55.00,cancelled,2026-07-04T02:14:31+00:00
ORD-007589,3,7,Standing Desk 120cm,furniture,5,449.00,2245.00,refunded,2026-07-04T04:28:53+00:00
ORD-007590,2,8,Ergonomic Chair,furniture,1,612.75,612.75,refunded,2026-07-04T21:01:11+00:00
ORD-007591,4,10,Laptop Stand Aluminium,accessories,5,27.50,137.50,cancelled,2026-07-04T06:53:12+00:00
ORD-007592,2,4,34in Ultrawide Monitor,displays,1,579.00,579.00,pending,2026-07-04T07:45:03+00:00
ORD-007593,4,9,USB-C Hub 8-in-1,accessories,4,39.99,159.96,completed,2026-07-04T20:16:22+00:00
ORD-007594,3,6,Desk Speakers Pair,audio,4,89.00,356.00,refunded,2026-07-04T19:18:36+00:00
ORD-007595,6,6,Desk Speakers Pair,audio,2,89.00,178.00,cancelled,2026-07-04T08:34:17+00:00
ORD-007596,1,3,27in 1440p Monitor,displays,4,319.99,1279.96,pending,2026-07-04T06:15:00+00:00
ORD-007597,8,10,Laptop Stand Aluminium,accessories,3,27.50,82.50,cancelled,2026-07-04T19:59:00+00:00
ORD-007598,2,8,Ergonomic Chair,furniture,5,612.75,3063.75,pending,2026-07-04T04:30:38+00:00
ORD-007599,10,9,USB-C Hub 8-in-1,accessories,2,39.99,79.98,pending,2026-07-04T14:40:52+00:00
ORD-007600,8,5,Over-ear Headphones,audio,3,199.95,599.85,pending,2026-07-04T04:26:59+00:00
ORD-007601,3,10,Laptop Stand Aluminium,accessories,2,27.50,55.00,pending,2026-07-04T04:38:36+00:00
ORD-007602,8,2,Wireless Mouse,peripherals,4,49.50,198.00,refunded,2026-07-04T23:28:33+00:00
ORD-007603,10,6,Desk Speakers Pair,audio,1,89.00,89.00,cancelled,2026-07-04T08:53:40+00:00
ORD-007604,1,8,Ergonomic Chair,furniture,3,612.75,1838.25,cancelled,2026-07-04T23:27:12+00:00
ORD-007605,8,6,Desk Speakers Pair,audio,4,89.00,356.00,completed,2026-07-04T18:01:13+00:00
ORD-007606,2,8,Ergonomic Chair,furniture,3,612.75,1838.25,pending,2026-07-04T07:25:17+00:00
ORD-007607,6,5,Over-ear Headphones,audio,2,199.95,399.90,pending,2026-07-04T10:59:18+00:00
ORD-007608,2,6,Desk Speakers Pair,audio,2,89.00,178.00,completed,2026-07-04T18:18:36+00:00
ORD-007609,1,6,Desk Speakers Pair,audio,4,89.00,356.00,pending,2026-07-04T12:48:20+00:00
ORD-007610,10,8,Ergonomic Chair,furniture,2,612.75,1225.50,cancelled,2026-07-04T01:49:35+00:00
ORD-007611,7,9,USB-C Hub 8-in-1,accessories,1,39.99,39.99,cancelled,2026-07-04T06:50:54+00:00
ORD-007612,3,8,Ergonomic Chair,furniture,3,612.75,1838.25,cancelled,2026-07-04T15:12:29+00:00
ORD-007613,2,4,34in Ultrawide Monitor,displays,2,579.00,1158.00,refunded,2026-07-04T20:59:38+00:00
ORD-007614,1,9,USB-C Hub 8-in-1,accessories,4,39.99,159.96,cancelled,2026-07-04T16:46:13+00:00
ORD-007615,10,6,Desk Speakers Pair,audio,1,89.00,89.00,cancelled,2026-07-04T14:33:14+00:00
ORD-007616,5,4,34in Ultrawide Monitor,displays,5,579.00,2895.00,cancelled,2026-07-04T23:25:07+00:00
ORD-007617,1,2,Wireless Mouse,peripherals,1,49.50,49.50,cancelled,2026-07-04T02:27:21+00:00
ORD-007618,8,3,27in 1440p Monitor,displays,4,319.99,1279.96,cancelled,2026-07-04T21:35:26+00:00
ORD-007619,5,10,Laptop Stand Aluminium,accessories,2,27.50,55.00,pending,2026-07-04T12:41:58+00:00
ORD-007620,9,2,Wireless Mouse,peripherals,1,49.50,49.50,completed,2026-07-04T03:53:19+00:00
ORD-007621,10,9,USB-C Hub 8-in-1,accessories,5,39.99,199.95,refunded,2026-07-04T23:18:55+00:00
ORD-007622,2,10,Laptop Stand Aluminium,accessories,5,27.50,137.50,pending,2026-07-04T23:21:22+00:00
ORD-007623,6,3,27in 1440p Monitor,displays,5,319.99,1599.95,refunded,2026-07-04T08:56:07+00:00
ORD-007624,5,6,Desk Speakers Pair,audio,2,89.00,178.00,completed,2026-07-04T19:14:53+00:00
ORD-007625,8,2,Wireless Mouse,peripherals,1,49.50,49.50,completed,2026-07-04T11:49:51+00:00
ORD-007626,6,4,34in Ultrawide Monitor,displays,3,579.00,1737.00,refunded,2026-07-04T16:40:38+00:00
ORD-007627,5,1,Mechanical Keyboard 75%,peripherals,1,129.00,129.00,pending,2026-07-04T15:00:06+00:00
ORD-007628,6,7,Standing Desk 120cm,furniture,2,449.00,898.00,cancelled,2026-07-04T10:59:29+00:00
ORD-007629,1,5,Over-ear Headphones,audio,4,199.95,799.80,pending,2026-07-04T05:55:21+00:00
ORD-007630,5,2,Wireless Mouse,peripherals,2,49.50,99.00,refunded,2026-07-04T12:26:25+00:00
ORD-007631,4,10,Laptop Stand Aluminium,accessories,2,27.50,55.00,cancelled,2026-07-04T05:14:45+00:00
ORD-007632,8,1,Mechanical Keyboard 75%,peripherals,4,129.00,516.00,pending,2026-07-04T03:02:06+00:00
ORD-007633,7,5,Over-ear Headphones,audio,2,199.95,399.90,refunded,2026-07-04T10:03:21+00:00
ORD-007634,5,1,Mechanical Keyboard 75%,peripherals,5,129.00,645.00,refunded,2026-07-04T12:23:52+00:00
ORD-007635,1,1,Mechanical Keyboard 75%,peripherals,1,129.00,129.00,pending,2026-07-04T15:11:12+00:00
ORD-007636,1,10,Laptop Stand Aluminium,accessories,5,27.50,137.50,refunded,2026-07-04T02:48:11+00:00
ORD-007637,7,10,Laptop Stand Aluminium,accessories,3,27.50,82.50,pending,2026-07-04T03:56:42+00:00
ORD-007638,5,6,Desk Speakers Pair,audio,2,89.00,178.00,completed,2026-07-04T02:42:52+00:00
ORD-007639,3,3,27in 1440p Monitor,displays,1,319.99,319.99,cancelled,2026-07-04T06:12:22+00:00
ORD-007640,7,2,Wireless Mouse,peripherals,4,49.50,198.00,completed,2026-07-04T12:18:16+00:00
ORD-007641,10,7,Standing Desk 120cm,furniture,5,449.00,2245.00,cancelled,2026-07-04T01:30:53+00:00
ORD-007642,9,7,Standing Desk 120cm,furniture,3,449.00,1347.00,cancelled,2026-07-04T03:07:38+00:00
ORD-007643,4,5,Over-ear Headphones,audio,1,199.95,199.95,pending,2026-07-04T06:58:52+00:00
ORD-007644,1,7,Standing Desk 120cm,furniture,4,449.00,1796.00,pending,2026-07-04T13:05:40+00:00
ORD-007645,2,9,USB-C Hub 8-in-1,accessories,3,39.99,119.97,cancelled,2026-07-04T21:44:46+00:00
ORD-007646,2,7,Standing Desk 120cm,furniture,3,449.00,1347.00,refunded,2026-07-04T20:05:41+00:00
ORD-007647,8,10,Laptop Stand Aluminium,accessories,1,27.50,27.50,pending,2026-07-04T13:35:17+00:00
ORD-007648,3,10,Laptop Stand Aluminium,accessories,1,27.50,27.50,cancelled,2026-07-04T11:59:08+00:00
ORD-007649,2,10,Laptop Stand Aluminium,accessories,2,27.50,55.00,completed,2026-07-04T06:11:46+00:00
ORD-007650,10,2,Wireless Mouse,peripherals,3,49.50,148.50,cancelled,2026-07-04T05:49:35+00:00
ORD-007651,2,9,USB-C Hub 8-in-1,accessories,1,39.99,39.99,cancelled,2026-07-04T10:33:56+00:00
ORD-007652,9,1,Mechanical Keyboard 75%,peripherals,1,129.00,129.00,cancelled,2026-07-04T07:52:43+00:00
ORD-007653,4,7,Standing Desk 120cm,furniture,5,449.00,2245.00,completed,2026-07-04T21:09:23+00:00
ORD-007654,6,5,Over-ear Headphones,audio,2,199.95,399.90,pending,2026-07-04T15:00:26+00:00
ORD-007655,1,1,Mechanical Keyboard 75%,peripherals,1,129.00,129.00,completed,2026-07-04T05:54:31+00:00
ORD-007656,3,8,Ergonomic Chair,furniture,3,612.75,1838.25,completed,2026-07-04T01:33:50+00:00
ORD-007657,5,10,Laptop Stand Aluminium,accessories,5,27.50,137.50,cancelled,2026-07-04T23:32:31+00:00
ORD-007658,9,7,Standing Desk 120cm,furniture,5,449.00,2245.00,refunded,2026-07-04T18:19:14+00:00
ORD-007659,5,7,Standing Desk 120cm,furniture,3,449.00,1347.00,completed,2026-07-04T22:43:40+00:00
ORD-007660,3,9,USB-C Hub 8-in-1,accessories,2,39.99,79.98,completed,2026-07-04T16:52:12+00:00
ORD-007661,6,4,34in Ultrawide Monitor,displays,4,579.00,2316.00,completed,2026-07-04T16:38:28+00:00
ORD-007662,10,7,Standing Desk 120cm,furniture,3,449.00,1347.00,completed,2026-07-04T09:56:37+00:00
ORD-007663,2,6,Desk Speakers Pair,audio,2,89.00,178.00,completed,2026-07-04T05:26:39+00:00
ORD-007664,1,2,Wireless Mouse,peripherals,1,49.50,49.50,cancelled,2026-07-04T06:56:33+00:00
ORD-007665,6,3,27in 1440p Monitor,displays,2,319.99,639.98,refunded,2026-07-04T03:43:34+00:00
ORD-007666,5,9,USB-C Hub 8-in-1,accessories,2,39.99,79.98,pending,2026-07-04T08:35:09+00:00
ORD-007667,3,9,USB-C Hub 8-in-1,accessories,3,39.99,119.97,pending,2026-07-04T00:27:01+00:00
ORD-007668,7,5,Over-ear Headphones,audio,4,199.95,799.80,refunded,2026-07-04T06:20:26+00:00
ORD-007669,1,2,Wireless Mouse,peripherals,2,49.50,99.00,pending,2026-07-04T05:45:22+00:00
ORD-007670,3,6,Desk Speakers Pair,audio,2,89.00,178.00,pending,2026-07-04T09:12:59+00:00
ORD-007671,1,9,USB-C Hub 8-in-1,accessories,4,39.99,159.96,refunded,2026-07-04T16:03:24+00:00
ORD-007672,5,8,Ergonomic Chair,furniture,4,612.75,2451.00,pending,2026-07-04T01:04:44+00:00
ORD-007673,10,10,Laptop Stand Aluminium,accessories,2,27.50,55.00,refunded,2026-07-04T23:43:54+00:00
ORD-007674,5,7,Standing Desk 120cm,furniture,4,449.00,1796.00,completed,2026-07-04T17:06:13+00:00
ORD-007675,3,9,USB-C Hub 8-in-1,accessories,4,39.99,159.96,completed,2026-07-04T17:43:25+00:00
ORD-007676,6,1,Mechanical Keyboard 75%,peripherals,4,129.00,516.00,pending,2026-07-04T23:40:34+00:00
ORD-007677,4,5,Over-ear Headphones,audio,1,199.95,199.95,pending,2026-07-04T00:44:42+00:00
ORD-007678,1,1,Mechanical Keyboard 75%,peripherals,3,129.00,387.00,refunded,2026-07-04T02:39:33+00:00
ORD-007679,3,3,27in 1440p Monitor,displays,3,319.99,959.97,cancelled,2026-07-04T16:49:08+00:00
ORD-007680,6,5,Over-ear Headphones,audio,2,199.95,399.90,cancelled,2026-07-04T15:44:17+00:00
ORD-007681,10,2,Wireless Mouse,peripherals,4,49.50,198.00,pending,2026-07-04T19:21:50+00:00
ORD-007682,7,10,Laptop Stand Aluminium,accessories,2,27.50,55.00,pending,2026-07-04T17:40:21+00:00
ORD-007683,3,10,Laptop Stand Aluminium,accessories,5,27.50,137.50,pending,2026-07-04T11:37:00+00:00
ORD-007684,3,9,USB-C Hub 8-in-1,accessories,1,39.99,39.99,pending,2026-07-04T20:04:24+00:00
ORD-007685,3,7,Standing Desk 120cm,furniture,2,449.00,898.00,refunded,2026-07-04T22:48:44+00:00
ORD-007686,1,9,USB-C Hub 8-in-1,accessories,4,39.99,159.96,refunded,2026-07-04T18:47:09+00:00
ORD-007687,4,1,Mechanical Keyboard 75%,peripherals,3,129.00,387.00,cancelled,2026-07-04T06:34:37+00:00
ORD-007688,9,8,Ergonomic Chair,furniture,2,612.75,1225.50,cancelled,2026-07-04T02:52:44+00:00
ORD-007689,2,10,Laptop Stand Aluminium,accessories,2,27.50,55.00,refunded,2026-07-04T02:34:36+00:00
ORD-007690,2,10,Laptop Stand Aluminium,accessories,5,27.50,137.50,pending,2026-07-04T06:48:41+00:00
ORD-007691,8,6,Desk Speakers Pair,audio,2,89.00,178.00,completed,2026-07-04T11:22:34+00:00
ORD-007692,1,6,Desk Speakers Pair,audio,1,89.00,89.00,refunded,2026-07-04T17:05:09+00:00
ORD-007693,9,8,Ergonomic Chair,furniture,3,612.75,1838.25,cancelled,2026-07-04T00:13:23+00:00
ORD-007694,10,10,Laptop Stand Aluminium,accessories,3,27.50,82.50,refunded,2026-07-04T23:58:46+00:00
ORD-007695,7,4,34in Ultrawide Monitor,displays,3,579.00,1737.00,refunded,2026-07-04T16:36:17+00:00
ORD-007696,4,7,Standing Desk 120cm,furniture,2,449.00,898.00,completed,2026-07-04T02:34:25+00:00
ORD-007697,2,6,Desk Speakers Pair,audio,5,89.00,445.00,cancelled,2026-07-04T13:02:56+00:00
ORD-007698,5,9,USB-C Hub 8-in-1,accessories,3,39.99,119.97,pending,2026-07-04T13:04:14+00:00
ORD-007699,6,3,27in 1440p Monitor,displays,3,319.99,959.97,cancelled,2026-07-04T21:12:55+00:00
ORD-007700,1,2,Wireless Mouse,peripherals,2,49.50,99.00,cancelled,2026-07-04T06:52:43+00:00
ORD-007701,5,10,Laptop Stand Aluminium,accessories,1,27.50,27.50,completed,2026-07-04T12:46:48+00:00
ORD-007702,6,10,Laptop Stand Aluminium,accessories,4,27.50,110.00,completed,2026-07-04T07:34:45+00:00
ORD-007703,7,2,Wireless Mouse,peripherals,1,49.50,49.50,refunded,2026-07-04T21:43:24+00:00
ORD-007704,4,5,Over-ear Headphones,audio,3,199.95,599.85,refunded,2026-07-04T03:54:18+00:00
ORD-007705,10,4,34in Ultrawide Monitor,displays,4,579.00,2316.00,completed,2026-07-04T12:56:33+00:00
ORD-007706,2,6,Desk Speakers Pair,audio,1,89.00,89.00,refunded,2026-07-04T09:10:05+00:00
ORD-007707,3,4,34in Ultrawide Monitor,displays,4,579.00,2316.00,pending,2026-07-04T05:10:59+00:00
ORD-007708,8,5,Over-ear Headphones,audio,2,199.95,399.90,refunded,2026-07-04T15:17:05+00:00
ORD-007709,4,1,Mechanical Keyboard 75%,peripherals,2,129.00,258.00,completed,2026-07-04T06:16:48+00:00
ORD-007710,8,3,27in 1440p Monitor,displays,5,319.99,1599.95,completed,2026-07-04T02:55:09+00:00
ORD-007711,10,9,USB-C Hub 8-in-1,accessories,5,39.99,199.95,pending,2026-07-04T23:48:20+00:00
ORD-007712,6,6,Desk Speakers Pair,audio,3,89.00,267.00,pending,2026-07-04T16:08:00+00:00
ORD-007713,8,2,Wireless Mouse,peripherals,1,49.50,49.50,cancelled,2026-07-04T05:52:12+00:00
ORD-007714,8,10,Laptop Stand Aluminium,accessories,4,27.50,110.00,pending,2026-07-04T08:53:23+00:00
ORD-007715,10,2,Wireless Mouse,peripherals,1,49.50,49.50,pending,2026-07-04T11:08:03+00:00
ORD-007716,9,4,34in Ultrawide Monitor,displays,1,579.00,579.00,refunded,2026-07-04T00:35:16+00:00
ORD-007717,7,3,27in 1440p Monitor,displays,2,319.99,639.98,cancelled,2026-07-04T01:57:36+00:00
ORD-007718,1,10,Laptop Stand Aluminium,accessories,3,27.50,82.50,pending,2026-07-04T00:57:33+00:00
ORD-007719,1,9,USB-C Hub 8-in-1,accessories,1,39.99,39.99,pending,2026-07-04T18:32:52+00:00
ORD-007720,6,7,Standing Desk 120cm,furniture,3,449.00,1347.00,completed,2026-07-04T19:55:14+00:00
ORD-007721,2,1,Mechanical Keyboard 75%,peripherals,1,129.00,129.00,pending,2026-07-04T04:41:46+00:00
ORD-007722,1,5,Over-ear Headphones,audio,1,199.95,199.95,completed,2026-07-04T09:12:18+00:00
ORD-007723,9,8,Ergonomic Chair,furniture,1,612.75,612.75,cancelled,2026-07-04T04:54:17+00:00
ORD-007724,9,7,Standing Desk 120cm,furniture,1,449.00,449.00,refunded,2026-07-04T15:27:34+00:00
ORD-007725,4,9,USB-C Hub 8-in-1,accessories,4,39.99,159.96,pending,2026-07-04T23:21:26+00:00
ORD-007726,10,2,Wireless Mouse,peripherals,3,49.50,148.50,refunded,2026-07-04T20:40:32+00:00
ORD-007727,1,1,Mechanical Keyboard 75%,peripherals,2,129.00,258.00,cancelled,2026-07-04T04:40:24+00:00
ORD-007728,5,4,34in Ultrawide Monitor,displays,3,579.00,1737.00,pending,2026-07-04T18:02:36+00:00
ORD-007729,3,4,34in Ultrawide Monitor,displays,3,579.00,1737.00,completed,2026-07-04T11:07:14+00:00
ORD-007730,2,1,Mechanical Keyboard 75%,peripherals,4,129.00,516.00,completed,2026-07-04T13:09:06+00:00
ORD-007731,1,1,Mechanical Keyboard 75%,peripherals,3,129.00,387.00,completed,2026-07-04T14:23:06+00:00
ORD-007732,4,1,Mechanical Keyboard 75%,peripherals,3,129.00,387.00,completed,2026-07-04T04:01:26+00:00
ORD-007733,6,4,34in Ultrawide Monitor,displays,3,579.00,1737.00,refunded,2026-07-04T13:20:23+00:00
ORD-007734,1,10,Laptop Stand Aluminium,accessories,3,27.50,82.50,refunded,2026-07-04T04:50:53+00:00
ORD-007735,10,3,27in 1440p Monitor,displays,2,319.99,639.98,cancelled,2026-07-04T08:26:51+00:00
ORD-007736,2,7,Standing Desk 120cm,furniture,4,449.00,1796.00,refunded,2026-07-04T04:45:01+00:00
ORD-007737,10,7,Standing Desk 120cm,furniture,1,449.00,449.00,refunded,2026-07-04T19:01:55+00:00
ORD-007738,7,9,USB-C Hub 8-in-1,accessories,4,39.99,159.96,refunded,2026-07-04T17:52:50+00:00
ORD-007739,4,8,Ergonomic Chair,furniture,3,612.75,1838.25,refunded,2026-07-04T02:18:51+00:00
ORD-007740,4,8,Ergonomic Chair,furniture,1,612.75,612.75,completed,2026-07-04T04:41:21+00:00
ORD-007741,10,9,USB-C Hub 8-in-1,accessories,5,39.99,199.95,refunded,2026-07-04T08:07:36+00:00
ORD-007742,9,3,27in 1440p Monitor,displays,1,319.99,319.99,refunded,2026-07-04T10:06:43+00:00
ORD-007743,6,4,34in Ultrawide Monitor,displays,1,579.00,579.00,completed,2026-07-04T10:00:33+00:00
ORD-007744,6,10,Laptop Stand Aluminium,accessories,3,27.50,82.50,refunded,2026-07-04T11:37:03+00:00
ORD-007745,8,9,USB-C Hub 8-in-1,accessories,1,39.99,39.99,pending,2026-07-04T23:29:27+00:00
ORD-007746,9,5,Over-ear Headphones,audio,1,199.95,199.95,completed,2026-07-04T19:36:28+00:00
ORD-007747,7,8,Ergonomic Chair,furniture,5,612.75,3063.75,cancelled,2026-07-04T23:55:56+00:00
ORD-007748,2,1,Mechanical Keyboard 75%,peripherals,2,129.00,258.00,cancelled,2026-07-04T22:48:20+00:00
ORD-007749,6,8,Ergonomic Chair,furniture,3,612.75,1838.25,pending,2026-07-04T18:34:06+00:00
ORD-007750,6,10,Laptop Stand Aluminium,accessories,1,27.50,27.50,pending,2026-07-04T19:38:11+00:00
ORD-007751,6,7,Standing Desk 120cm,furniture,2,449.00,898.00,cancelled,2026-07-04T01:12:01+00:00
ORD-007752,4,5,Over-ear Headphones,audio,5,199.95,999.75,pending,2026-07-04T06:57:42+00:00
ORD-007753,6,8,Ergonomic Chair,furniture,1,612.75,612.75,cancelled,2026-07-04T20:31:04+00:00
ORD-007754,9,1,Mechanical Keyboard 75%,peripherals,4,129.00,516.00,cancelled,2026-07-04T08:17:51+00:00
ORD-007755,3,7,Standing Desk 120cm,furniture,4,449.00,1796.00,completed,2026-07-04T00:18:25+00:00
ORD-007756,4,8,Ergonomic Chair,furniture,1,612.75,612.75,refunded,2026-07-04T12:55:45+00:00
ORD-007757,1,9,USB-C Hub 8-in-1,accessories,3,39.99,119.97,cancelled,2026-07-04T06:46:07+00:00
ORD-007758,4,6,Desk Speakers Pair,audio,3,89.00,267.00,cancelled,2026-07-04T12:15:15+00:00
ORD-007759,8,5,Over-ear Headphones,audio,3,199.95,599.85,refunded,2026-07-04T01:18:40+00:00
ORD-007760,9,8,Ergonomic Chair,furniture,4,612.75,2451.00,pending,2026-07-04T18:19:33+00:00
ORD-007761,1,3,27in 1440p Monitor,displays,1,319.99,319.99,refunded,2026-07-04T01:08:20+00:00
ORD-007762,1,3,27in 1440p Monitor,displays,1,319.99,319.99,cancelled,2026-07-04T10:05:37+00:00
ORD-007763,3,8,Ergonomic Chair,furniture,1,612.75,612.75,cancelled,2026-07-04T04:32:37+00:00
ORD-007764,6,7,Standing Desk 120cm,furniture,1,449.00,449.00,refunded,2026-07-04T16:09:02+00:00
ORD-007765,2,9,USB-C Hub 8-in-1,accessories,1,39.99,39.99,completed,2026-07-04T10:10:33+00:00
ORD-007766,7,5,Over-ear Headphones,audio,5,199.95,999.75,refunded,2026-07-04T15:33:56+00:00
ORD-007767,5,2,Wireless Mouse,peripherals,5,49.50,247.50,cancelled,2026-07-04T15:14:05+00:00
ORD-007768,5,3,27in 1440p Monitor,displays,4,319.99,1279.96,cancelled,2026-07-04T04:35:25+00:00
ORD-007769,10,8,Ergonomic Chair,furniture,1,612.75,612.75,refunded,2026-07-04T09:25:16+00:00
ORD-007770,1,8,Ergonomic Chair,furniture,1,612.75,612.75,completed,2026-07-04T04:11:10+00:00
ORD-007771,1,9,USB-C Hub 8-in-1,accessories,4,39.99,159.96,pending,2026-07-04T16:58:25+00:00
ORD-007772,8,4,34in Ultrawide Monitor,displays,2,579.00,1158.00,completed,2026-07-04T11:52:48+00:00
ORD-007773,1,5,Over-ear Headphones,audio,3,199.95,599.85,refunded,2026-07-04T08:09:37+00:00
ORD-007774,7,4,34in Ultrawide Monitor,displays,2,579.00,1158.00,refunded,2026-07-04T11:12:44+00:00
ORD-007775,8,9,USB-C Hub 8-in-1,accessories,5,39.99,199.95,cancelled,2026-07-04T22:20:21+00:00
ORD-007776,1,10,Laptop Stand Aluminium,accessories,1,27.50,27.50,cancelled,2026-07-04T07:47:01+00:00
ORD-007777,8,4,34in Ultrawide Monitor,displays,5,579.00,2895.00,refunded,2026-07-04T03:40:51+00:00
ORD-007778,10,10,Laptop Stand Aluminium,accessories,5,27.50,137.50,pending,2026-07-04T18:12:43+00:00
ORD-007779,3,5,Over-ear Headphones,audio,4,199.95,799.80,cancelled,2026-07-04T20:53:04+00:00
ORD-007780,9,8,Ergonomic Chair,furniture,1,612.75,612.75,completed,2026-07-04T10:17:09+00:00
ORD-007781,2,2,Wireless Mouse,peripherals,2,49.50,99.00,refunded,2026-07-04T02:09:17+00:00
ORD-007782,4,5,Over-ear Headphones,audio,2,199.95,399.90,completed,2026-07-04T04:56:52+00:00
ORD-007783,6,5,Over-ear Headphones,audio,3,199.95,599.85,completed,2026-07-04T13:47:50+00:00
ORD-007784,8,9,USB-C Hub 8-in-1,accessories,1,39.99,39.99,cancelled,2026-07-04T06:02:44+00:00
ORD-007785,1,10,Laptop Stand Aluminium,accessories,1,27.50,27.50,completed,2026-07-04T17:16:50+00:00
ORD-007786,8,4,34in Ultrawide Monitor,displays,3,579.00,1737.00,cancelled,2026-07-04T08:48:43+00:00
ORD-007787,7,4,34in Ultrawide Monitor,displays,2,579.00,1158.00,refunded,2026-07-04T12:53:32+00:00
ORD-007788,4,5,Over-ear Headphones,audio,1,199.95,199.95,refunded,2026-07-04T12:02:12+00:00
ORD-007789,3,3,27in 1440p Monitor,displays,3,319.99,959.97,pending,2026-07-04T03:19:41+00:00
ORD-007790,5,2,Wireless Mouse,peripherals,1,49.50,49.50,completed,2026-07-04T12:15:13+00:00
ORD-007791,1,2,Wireless Mouse,peripherals,1,49.50,49.50,pending,2026-07-04T21:32:57+00:00
ORD-007792,8,1,Mechanical Keyboard 75%,peripherals,4,129.00,516.00,completed,2026-07-04T00:25:17+00:00
ORD-007793,10,4,34in Ultrawide Monitor,displays,4,579.00,2316.00,pending,2026-07-04T23:39:06+00:00
ORD-007794,3,1,Mechanical Keyboard 75%,peripherals,1,129.00,129.00,pending,2026-07-04T13:07:28+00:00
ORD-007795,3,2,Wireless Mouse,peripherals,3,49.50,148.50,refunded,2026-07-04T09:38:25+00:00
ORD-007796,4,8,Ergonomic Chair,furniture,2,612.75,1225.50,cancelled,2026-07-04T13:18:31+00:00
ORD-007797,2,3,27in 1440p Monitor,displays,3,319.99,959.97,completed,2026-07-04T15:27:09+00:00
ORD-007798,10,7,Standing Desk 120cm,furniture,1,449.00,449.00,cancelled,2026-07-04T11:23:02+00:00
ORD-007799,2,5,Over-ear Headphones,audio,2,199.95,399.90,cancelled,2026-07-04T15:02:24+00:00
ORD-007800,8,6,Desk Speakers Pair,audio,3,89.00,267.00,cancelled,2026-07-04T07:37:59+00:00
ORD-007801,9,9,USB-C Hub 8-in-1,accessories,2,39.99,79.98,pending,2026-07-04T14:37:02+00:00
ORD-007802,9,10,Laptop Stand Aluminium,accessories,3,27.50,82.50,completed,2026-07-04T02:11:07+00:00
ORD-007803,5,5,Over-ear Headphones,audio,5,199.95,999.75,completed,2026-07-04T21:08:11+00:00
ORD-007804,4,3,27in 1440p Monitor,displays,2,319.99,639.98,cancelled,2026-07-04T04:51:46+00:00
ORD-007805,4,9,USB-C Hub 8-in-1,accessories,3,39.99,119.97,cancelled,2026-07-04T21:35:46+00:00
ORD-007806,6,9,USB-C Hub 8-in-1,accessories,1,39.99,39.99,pending,2026-07-04T07:30:34+00:00
ORD-007807,6,9,USB-C Hub 8-in-1,accessories,5,39.99,199.95,completed,2026-07-04T01:06:06+00:00
ORD-007808,8,8,Ergonomic Chair,furniture,3,612.75,1838.25,completed,2026-07-04T01:39:33+00:00
ORD-007809,6,10,Laptop Stand Aluminium,accessories,4,27.50,110.00,cancelled,2026-07-04T07:42:43+00:00
ORD-007810,3,5,Over-ear Headphones,audio,2,199.95,399.90,cancelled,2026-07-04T13:02:20+00:00
ORD-007811,8,8,Ergonomic Chair,furniture,4,612.75,2451.00,cancelled,2026-07-04T17:47:29+00:00
ORD-007812,7,5,Over-ear Headphones,audio,3,199.95,599.85,cancelled,2026-07-04T20:35:20+00:00
ORD-007813,5,10,Laptop Stand Aluminium,accessories,2,27.50,55.00,refunded,2026-07-04T01:14:06+00:00
ORD-007814,7,5,Over-ear Headphones,audio,1,199.95,199.95,completed,2026-07-04T01:46:37+00:00
ORD-007815,9,7,Standing Desk 120cm,furniture,5,449.00,2245.00,pending,2026-07-04T19:22:19+00:00
ORD-007816,7,7,Standing Desk 120cm,furniture,3,449.00,1347.00,pending,2026-07-04T19:53:29+00:00
ORD-007817,4,8,Ergonomic Chair,furniture,3,612.75,1838.25,refunded,2026-07-04T13:17:22+00:00
ORD-007818,9,8,Ergonomic Chair,furniture,5,612.75,3063.75,cancelled,2026-07-04T08:17:47+00:00
ORD-007819,10,5,Over-ear Headphones,audio,4,199.95,799.80,completed,2026-07-04T00:45:12+00:00
ORD-007820,5,3,27in 1440p Monitor,displays,1,319.99,319.99,completed,2026-07-04T00:48:21+00:00
ORD-007821,5,8,Ergonomic Chair,furniture,2,612.75,1225.50,cancelled,2026-07-04T13:07:26+00:00
ORD-007822,1,4,34in Ultrawide Monitor,displays,5,579.00,2895.00,completed,2026-07-04T15:50:24+00:00
ORD-007823,10,7,Standing Desk 120cm,furniture,1,449.00,449.00,pending,2026-07-04T20:52:50+00:00
ORD-007824,1,3,27in 1440p Monitor,displays,3,319.99,959.97,refunded,2026-07-04T17:03:57+00:00
ORD-007825,3,10,Laptop Stand Aluminium,accessories,2,27.50,55.00,cancelled,2026-07-04T14:27:33+00:00
ORD-007826,4,2,Wireless Mouse,peripherals,4,49.50,198.00,completed,2026-07-04T10:48:02+00:00
ORD-007827,3,7,Standing Desk 120cm,furniture,1,449.00,449.00,cancelled,2026-07-04T07:55:22+00:00
ORD-007828,5,1,Mechanical Keyboard 75%,peripherals,2,129.00,258.00,pending,2026-07-04T21:16:50+00:00
ORD-007829,5,10,Laptop Stand Aluminium,accessories,5,27.50,137.50,cancelled,2026-07-04T19:20:20+00:00
ORD-007830,10,3,27in 1440p Monitor,displays,4,319.99,1279.96,cancelled,2026-07-04T20:16:22+00:00
ORD-007831,2,3,27in 1440p Monitor,displays,2,319.99,639.98,refunded,2026-07-04T15:33:37+00:00
ORD-007832,7,10,Laptop Stand Aluminium,accessories,3,27.50,82.50,cancelled,2026-07-04T20:44:59+00:00
ORD-007833,6,6,Desk Speakers Pair,audio,3,89.00,267.00,cancelled,2026-07-04T22:00:32+00:00
ORD-007834,3,8,Ergonomic Chair,furniture,5,612.75,3063.75,refunded,2026-07-04T04:13:21+00:00
ORD-007835,5,4,34in Ultrawide Monitor,displays,1,579.00,579.00,pending,2026-07-04T17:57:00+00:00
ORD-007836,4,8,Ergonomic Chair,furniture,1,612.75,612.75,pending,2026-07-04T19:15:48+00:00
ORD-007837,3,3,27in 1440p Monitor,displays,3,319.99,959.97,pending,2026-07-04T00:51:42+00:00
ORD-007838,3,10,Laptop Stand Aluminium,accessories,2,27.50,55.00,refunded,2026-07-04T14:21:00+00:00
ORD-007839,7,7,Standing Desk 120cm,furniture,1,449.00,449.00,cancelled,2026-07-04T16:48:31+00:00
ORD-007840,5,1,Mechanical Keyboard 75%,peripherals,3,129.00,387.00,refunded,2026-07-04T01:28:19+00:00
ORD-007841,2,6,Desk Speakers Pair,audio,3,89.00,267.00,pending,2026-07-04T03:36:55+00:00
ORD-007842,9,9,USB-C Hub 8-in-1,accessories,4,39.99,159.96,completed,2026-07-04T08:25:30+00:00
ORD-007843,1,2,Wireless Mouse,peripherals,1,49.50,49.50,pending,2026-07-04T12:45:03+00:00
ORD-007844,3,3,27in 1440p Monitor,displays,5,319.99,1599.95,completed,2026-07-04T21:57:29+00:00
ORD-007845,6,8,Ergonomic Chair,furniture,3,612.75,1838.25,cancelled,2026-07-04T23:10:18+00:00
ORD-007846,8,3,27in 1440p Monitor,displays,5,319.99,1599.95,refunded,2026-07-04T04:54:32+00:00
ORD-007847,3,8,Ergonomic Chair,furniture,4,612.75,2451.00,pending,2026-07-04T09:56:10+00:00
ORD-007848,5,10,Laptop Stand Aluminium,accessories,2,27.50,55.00,pending,2026-07-04T11:35:26+00:00
ORD-007849,3,4,34in Ultrawide Monitor,displays,4,579.00,2316.00,refunded,2026-07-04T07:02:45+00:00
ORD-007850,7,9,USB-C Hub 8-in-1,accessories,2,39.99,79.98,pending,2026-07-04T22:08:00+00:00
ORD-007851,1,2,Wireless Mouse,peripherals,3,49.50,148.50,completed,2026-07-04T04:21:28+00:00
ORD-007852,8,3,27in 1440p Monitor,displays,4,319.99,1279.96,refunded,2026-07-04T00:03:05+00:00
ORD-007853,4,3,27in 1440p Monitor,displays,1,319.99,319.99,cancelled,2026-07-04T09:22:25+00:00
ORD-007854,7,9,USB-C Hub 8-in-1,accessories,4,39.99,159.96,cancelled,2026-07-04T20:43:32+00:00
ORD-007855,6,4,34in Ultrawide Monitor,displays,4,579.00,2316.00,cancelled,2026-07-04T02:29:10+00:00
ORD-007856,1,8,Ergonomic Chair,furniture,2,612.75,1225.50,cancelled,2026-07-04T04:03:21+00:00
ORD-007857,10,3,27in 1440p Monitor,displays,1,319.99,319.99,pending,2026-07-04T20:24:01+00:00
ORD-007858,4,2,Wireless Mouse,peripherals,5,49.50,247.50,completed,2026-07-04T16:29:58+00:00
ORD-007859,8,10,Laptop Stand Aluminium,accessories,3,27.50,82.50,pending,2026-07-04T01:53:01+00:00
ORD-007860,4,4,34in Ultrawide Monitor,displays,4,579.00,2316.00,completed,2026-07-04T16:21:29+00:00
ORD-007861,4,3,27in 1440p Monitor,displays,5,319.99,1599.95,cancelled,2026-07-04T17:20:34+00:00
ORD-007862,6,2,Wireless Mouse,peripherals,3,49.50,148.50,completed,2026-07-04T18:49:49+00:00
ORD-007863,10,3,27in 1440p Monitor,displays,4,319.99,1279.96,completed,2026-07-04T13:35:05+00:00
ORD-007864,9,9,USB-C Hub 8-in-1,accessories,2,39.99,79.98,completed,2026-07-04T14:59:58+00:00
ORD-007865,8,1,Mechanical Keyboard 75%,peripherals,5,129.00,645.00,pending,2026-07-04T02:08:26+00:00
ORD-007866,8,3,27in 1440p Monitor,displays,1,319.99,319.99,completed,2026-07-04T20:25:01+00:00
ORD-007867,10,3,27in 1440p Monitor,displays,1,319.99,319.99,cancelled,2026-07-04T19:01:18+00:00
ORD-007868,10,6,Desk Speakers Pair,audio,2,89.00,178.00,cancelled,2026-07-04T08:55:53+00:00
ORD-007869,3,10,Laptop Stand Aluminium,accessories,4,27.50,110.00,pending,2026-07-04T01:22:34+00:00
ORD-007870,10,4,34in Ultrawide Monitor,displays,1,579.00,579.00,refunded,2026-07-04T11:56:12+00:00
ORD-007871,6,6,Desk Speakers Pair,audio,1,89.00,89.00,refunded,2026-07-04T16:45:25+00:00
ORD-007872,3,10,Laptop Stand Aluminium,accessories,1,27.50,27.50,pending,2026-07-04T07:11:53+00:00
ORD-007873,9,1,Mechanical Keyboard 75%,peripherals,5,129.00,645.00,completed,2026-07-04T19:08:34+00:00
ORD-007874,5,7,Standing Desk 120cm,furniture,1,449.00,449.00,completed,2026-07-04T22:01:39+00:00
ORD-007875,3,8,Ergonomic Chair,furniture,3,612.75,1838.25,cancelled,2026-07-04T00:25:44+00:00
ORD-007876,1,2,Wireless Mouse,peripherals,2,49.50,99.00,refunded,2026-07-04T00:52:28+00:00
ORD-007877,8,9,USB-C Hub 8-in-1,accessories,5,39.99,199.95,cancelled,2026-07-04T15:24:29+00:00
ORD-007878,6,9,USB-C Hub 8-in-1,accessories,4,39.99,159.96,cancelled,2026-07-04T11:48:58+00:00
ORD-007879,10,1,Mechanical Keyboard 75%,peripherals,5,129.00,645.00,completed,2026-07-04T12:20:04+00:00
ORD-007880,5,5,Over-ear Headphones,audio,3,199.95,599.85,refunded,2026-07-04T01:34:08+00:00
ORD-007881,7,3,27in 1440p Monitor,displays,2,319.99,639.98,cancelled,2026-07-04T14:13:46+00:00
ORD-007882,3,7,Standing Desk 120cm,furniture,2,449.00,898.00,refunded,2026-07-04T16:12:48+00:00
ORD-007883,2,6,Desk Speakers Pair,audio,1,89.00,89.00,cancelled,2026-07-04T19:40:02+00:00
ORD-007884,4,3,27in 1440p Monitor,displays,1,319.99,319.99,cancelled,2026-07-04T11:13:51+00:00
ORD-007885,7,6,Desk Speakers Pair,audio,1,89.00,89.00,pending,2026-07-04T09:26:20+00:00
ORD-007886,5,2,Wireless Mouse,peripherals,4,49.50,198.00,pending,2026-07-04T14:03:22+00:00
ORD-007887,10,5,Over-ear Headphones,audio,5,199.95,999.75,cancelled,2026-07-04T07:19:30+00:00
ORD-007888,8,2,Wireless Mouse,peripherals,4,49.50,198.00,cancelled,2026-07-04T13:45:00+00:00
ORD-007889,9,1,Mechanical Keyboard 75%,peripherals,4,129.00,516.00,refunded,2026-07-04T20:14:24+00:00
ORD-007890,9,10,Laptop Stand Aluminium,accessories,5,27.50,137.50,cancelled,2026-07-04T13:06:13+00:00
ORD-007891,2,8,Ergonomic Chair,furniture,3,612.75,1838.25,completed,2026-07-04T22:35:42+00:00
ORD-007892,7,1,Mechanical Keyboard 75%,peripherals,4,129.00,516.00,refunded,2026-07-04T23:30:23+00:00
ORD-007893,2,3,27in 1440p Monitor,displays,4,319.99,1279.96,refunded,2026-07-04T10:32:51+00:00
ORD-007894,10,10,Laptop Stand Aluminium,accessories,2,27.50,55.00,refunded,2026-07-04T23:46:45+00:00
ORD-007895,4,9,USB-C Hub 8-in-1,accessories,5,39.99,199.95,refunded,2026-07-04T11:32:33+00:00
ORD-007896,3,8,Ergonomic Chair,furniture,1,612.75,612.75,cancelled,2026-07-04T02:38:20+00:00
ORD-007897,7,10,Laptop Stand Aluminium,accessories,2,27.50,55.00,cancelled,2026-07-04T03:59:14+00:00
ORD-007898,3,6,Desk Speakers Pair,audio,5,89.00,445.00,cancelled,2026-07-04T18:59:18+00:00
ORD-007899,1,4,34in Ultrawide Monitor,displays,4,579.00,2316.00,cancelled,2026-07-04T19:54:01+00:00
ORD-007900,1,8,Ergonomic Chair,furniture,1,612.75,612.75,refunded,2026-07-04T10:39:28+00:00
ORD-007901,6,10,Laptop Stand Aluminium,accessories,2,27.50,55.00,completed,2026-07-04T14:09:44+00:00
ORD-007902,7,9,USB-C Hub 8-in-1,accessories,4,39.99,159.96,pending,2026-07-04T13:35:25+00:00
ORD-007903,1,7,Standing Desk 120cm,furniture,5,449.00,2245.00,pending,2026-07-04T05:04:52+00:00
ORD-007904,6,3,27in 1440p Monitor,displays,4,319.99,1279.96,refunded,2026-07-04T07:35:07+00:00
ORD-007905,7,2,Wireless Mouse,peripherals,2,49.50,99.00,refunded,2026-07-04T13:15:37+00:00
ORD-007906,4,3,27in 1440p Monitor,displays,1,319.99,319.99,completed,2026-07-04T05:37:04+00:00
ORD-007907,8,1,Mechanical Keyboard 75%,peripherals,5,129.00,645.00,cancelled,2026-07-04T12:25:49+00:00
ORD-007908,4,10,Laptop Stand Aluminium,accessories,1,27.50,27.50,pending,2026-07-04T13:22:37+00:00
ORD-007909,7,5,Over-ear Headphones,audio,2,199.95,399.90,refunded,2026-07-04T12:23:39+00:00
ORD-007910,9,1,Mechanical Keyboard 75%,peripherals,1,129.00,129.00,completed,2026-07-04T21:07:45+00:00
ORD-007911,4,6,Desk Speakers Pair,audio,4,89.00,356.00,refunded,2026-07-04T19:34:36+00:00
ORD-007912,1,10,Laptop Stand Aluminium,accessories,1,27.50,27.50,pending,2026-07-04T07:29:00+00:00
ORD-007913,7,5,Over-ear Headphones,audio,1,199.95,199.95,cancelled,2026-07-04T08:57:09+00:00
ORD-007914,9,4,34in Ultrawide Monitor,displays,2,579.00,1158.00,cancelled,2026-07-04T21:25:10+00:00
ORD-007915,10,7,Standing Desk 120cm,furniture,5,449.00,2245.00,refunded,2026-07-04T09:43:11+00:00
ORD-007916,1,8,Ergonomic Chair,furniture,1,612.75,612.75,refunded,2026-07-04T18:08:37+00:00
ORD-007917,5,1,Mechanical Keyboard 75%,peripherals,1,129.00,129.00,refunded,2026-07-04T18:09:28+00:00
ORD-007918,4,2,Wireless Mouse,peripherals,3,49.50,148.50,refunded,2026-07-04T08:43:26+00:00
ORD-007919,10,1,Mechanical Keyboard 75%,peripherals,1,129.00,129.00,completed,2026-07-04T10:06:48+00:00
ORD-007920,4,8,Ergonomic Chair,furniture,3,612.75,1838.25,refunded,2026-07-04T10:19:46+00:00
ORD-007921,7,9,USB-C Hub 8-in-1,accessories,4,39.99,159.96,pending,2026-07-04T03:00:06+00:00
ORD-007922,3,9,USB-C Hub 8-in-1,accessories,4,39.99,159.96,completed,2026-07-04T15:53:54+00:00
ORD-007923,5,6,Desk Speakers Pair,audio,4,89.00,356.00,completed,2026-07-04T17:49:58+00:00
ORD-007924,9,6,Desk Speakers Pair,audio,3,89.00,267.00,refunded,2026-07-04T13:38:26+00:00
ORD-007925,3,7,Standing Desk 120cm,furniture,1,449.00,449.00,cancelled,2026-07-04T19:03:39+00:00
ORD-007926,2,9,USB-C Hub 8-in-1,accessories,4,39.99,159.96,cancelled,2026-07-04T11:11:58+00:00
ORD-007927,6,3,27in 1440p Monitor,displays,4,319.99,1279.96,pending,2026-07-04T18:25:09+00:00
ORD-007928,10,2,Wireless Mouse,peripherals,3,49.50,148.50,refunded,2026-07-04T03:57:44+00:00
ORD-007929,5,3,27in 1440p Monitor,displays,4,319.99,1279.96,pending,2026-07-04T07:32:43+00:00
ORD-007930,4,2,Wireless Mouse,peripherals,2,49.50,99.00,pending,2026-07-04T04:57:52+00:00
ORD-007931,3,10,Laptop Stand Aluminium,accessories,5,27.50,137.50,completed,2026-07-04T19:05:01+00:00
ORD-007932,1,6,Desk Speakers Pair,audio,5,89.00,445.00,refunded,2026-07-04T00:52:00+00:00
ORD-007933,1,2,Wireless Mouse,peripherals,2,49.50,99.00,cancelled,2026-07-04T05:02:48+00:00
ORD-007934,6,5,Over-ear Headphones,audio,5,199.95,999.75,refunded,2026-07-04T09:24:50+00:00
ORD-007935,6,8,Ergonomic Chair,furniture,4,612.75,2451.00,cancelled,2026-07-04T02:35:15+00:00
ORD-007936,7,2,Wireless Mouse,peripherals,4,49.50,198.00,refunded,2026-07-04T23:39:44+00:00
ORD-007937,7,1,Mechanical Keyboard 75%,peripherals,3,129.00,387.00,pending,2026-07-04T11:29:32+00:00
ORD-007938,7,10,Laptop Stand Aluminium,accessories,1,27.50,27.50,cancelled,2026-07-04T03:35:40+00:00
ORD-007939,7,6,Desk Speakers Pair,audio,4,89.00,356.00,refunded,2026-07-04T23:46:17+00:00
ORD-007940,8,8,Ergonomic Chair,furniture,4,612.75,2451.00,refunded,2026-07-04T13:33:36+00:00
ORD-007941,8,7,Standing Desk 120cm,furniture,4,449.00,1796.00,refunded,2026-07-04T09:09:51+00:00
ORD-007942,3,1,Mechanical Keyboard 75%,peripherals,5,129.00,645.00,completed,2026-07-04T12:50:40+00:00
ORD-007943,3,9,USB-C Hub 8-in-1,accessories,3,39.99,119.97,refunded,2026-07-04T23:19:45+00:00
ORD-007944,3,5,Over-ear Headphones,audio,3,199.95,599.85,completed,2026-07-04T11:40:28+00:00
ORD-007945,5,8,Ergonomic Chair,furniture,3,612.75,1838.25,refunded,2026-07-04T02:15:29+00:00
ORD-007946,9,9,USB-C Hub 8-in-1,accessories,2,39.99,79.98,refunded,2026-07-04T21:36:03+00:00
ORD-007947,5,3,27in 1440p Monitor,displays,4,319.99,1279.96,cancelled,2026-07-04T13:07:43+00:00
ORD-007948,7,3,27in 1440p Monitor,displays,2,319.99,639.98,completed,2026-07-04T00:10:48+00:00
ORD-007949,7,9,USB-C Hub 8-in-1,accessories,3,39.99,119.97,pending,2026-07-04T01:28:40+00:00
ORD-007950,4,10,Laptop Stand Aluminium,accessories,5,27.50,137.50,refunded,2026-07-04T17:01:04+00:00
ORD-007951,7,5,Over-ear Headphones,audio,1,199.95,199.95,refunded,2026-07-04T02:14:47+00:00
ORD-007952,7,3,27in 1440p Monitor,displays,3,319.99,959.97,pending,2026-07-04T15:06:19+00:00
ORD-007953,3,10,Laptop Stand Aluminium,accessories,1,27.50,27.50,completed,2026-07-04T08:56:51+00:00
ORD-007954,4,5,Over-ear Headphones,audio,2,199.95,399.90,completed,2026-07-04T02:01:28+00:00
ORD-007955,4,9,USB-C Hub 8-in-1,accessories,2,39.99,79.98,pending,2026-07-04T20:37:54+00:00
ORD-007956,2,1,Mechanical Keyboard 75%,peripherals,1,129.00,129.00,cancelled,2026-07-04T03:57:00+00:00
ORD-007957,5,1,Mechanical Keyboard 75%,peripherals,4,129.00,516.00,cancelled,2026-07-04T12:52:32+00:00
ORD-007958,6,6,Desk Speakers Pair,audio,5,89.00,445.00,cancelled,2026-07-04T18:08:13+00:00
ORD-007959,3,3,27in 1440p Monitor,displays,3,319.99,959.97,refunded,2026-07-04T12:56:33+00:00
ORD-007960,5,2,Wireless Mouse,peripherals,3,49.50,148.50,pending,2026-07-04T02:43:26+00:00
ORD-007961,5,7,Standing Desk 120cm,furniture,5,449.00,2245.00,cancelled,2026-07-04T16:39:20+00:00
ORD-007962,6,8,Ergonomic Chair,furniture,5,612.75,3063.75,completed,2026-07-04T07:41:12+00:00
ORD-007963,4,8,Ergonomic Chair,furniture,5,612.75,3063.75,refunded,2026-07-04T19:53:12+00:00
ORD-007964,6,2,Wireless Mouse,peripherals,2,49.50,99.00,refunded,2026-07-04T11:56:55+00:00
ORD-007965,4,7,Standing Desk 120cm,furniture,5,449.00,2245.00,pending,2026-07-04T15:43:46+00:00
ORD-007966,9,9,USB-C Hub 8-in-1,accessories,5,39.99,199.95,refunded,2026-07-04T12:56:23+00:00
ORD-007967,9,5,Over-ear Headphones,audio,1,199.95,199.95,pending,2026-07-04T16:53:34+00:00
ORD-007968,2,6,Desk Speakers Pair,audio,4,89.00,356.00,completed,2026-07-04T01:40:17+00:00
ORD-007969,7,7,Standing Desk 120cm,furniture,2,449.00,898.00,cancelled,2026-07-04T09:36:08+00:00
ORD-007970,10,8,Ergonomic Chair,furniture,4,612.75,2451.00,pending,2026-07-04T06:07:15+00:00
ORD-007971,3,7,Standing Desk 120cm,furniture,5,449.00,2245.00,refunded,2026-07-04T10:20:18+00:00
ORD-007972,8,9,USB-C Hub 8-in-1,accessories,3,39.99,119.97,refunded,2026-07-04T04:15:25+00:00
ORD-007973,10,4,34in Ultrawide Monitor,displays,4,579.00,2316.00,completed,2026-07-04T17:31:36+00:00
ORD-007974,8,2,Wireless Mouse,peripherals,1,49.50,49.50,completed,2026-07-04T04:46:25+00:00
ORD-007975,6,10,Laptop Stand Aluminium,accessories,1,27.50,27.50,pending,2026-07-04T22:34:44+00:00
ORD-007976,8,1,Mechanical Keyboard 75%,peripherals,2,129.00,258.00,pending,2026-07-04T19:39:42+00:00
ORD-007977,6,2,Wireless Mouse,peripherals,2,49.50,99.00,completed,2026-07-04T04:31:19+00:00
ORD-007978,5,10,Laptop Stand Aluminium,accessories,1,27.50,27.50,cancelled,2026-07-04T23:04:48+00:00
ORD-007979,5,7,Standing Desk 120cm,furniture,2,449.00,898.00,refunded,2026-07-04T11:05:43+00:00
ORD-007980,2,3,27in 1440p Monitor,displays,2,319.99,639.98,refunded,2026-07-04T01:17:52+00:00
ORD-007981,4,6,Desk Speakers Pair,audio,4,89.00,356.00,pending,2026-07-04T14:51:21+00:00
ORD-007982,1,10,Laptop Stand Aluminium,accessories,2,27.50,55.00,pending,2026-07-04T12:50:43+00:00
ORD-007983,7,5,Over-ear Headphones,audio,2,199.95,399.90,pending,2026-07-04T04:47:12+00:00
ORD-007984,2,6,Desk Speakers Pair,audio,2,89.00,178.00,cancelled,2026-07-04T19:36:17+00:00
ORD-007985,8,1,Mechanical Keyboard 75%,peripherals,2,129.00,258.00,cancelled,2026-07-04T01:57:12+00:00
ORD-007986,5,6,Desk Speakers Pair,audio,5,89.00,445.00,completed,2026-07-04T19:11:21+00:00
ORD-007987,3,5,Over-ear Headphones,audio,2,199.95,399.90,cancelled,2026-07-04T02:13:53+00:00
ORD-007988,6,9,USB-C Hub 8-in-1,accessories,3,39.99,119.97,completed,2026-07-04T06:54:14+00:00
ORD-007989,1,8,Ergonomic Chair,furniture,3,612.75,1838.25,pending,2026-07-04T13:26:15+00:00
ORD-007990,1,4,34in Ultrawide Monitor,displays,2,579.00,1158.00,refunded,2026-07-04T18:46:06+00:00
ORD-007991,5,1,Mechanical Keyboard 75%,peripherals,2,129.00,258.00,completed,2026-07-04T09:38:53+00:00
ORD-007992,1,5,Over-ear Headphones,audio,2,199.95,399.90,completed,2026-07-04T03:07:57+00:00
ORD-007993,9,8,Ergonomic Chair,furniture,4,612.75,2451.00,pending,2026-07-04T03:30:08+00:00
ORD-007994,3,4,34in Ultrawide Monitor,displays,3,579.00,1737.00,refunded,2026-07-04T08:47:37+00:00
ORD-007995,7,8,Ergonomic Chair,furniture,2,612.75,1225.50,cancelled,2026-07-04T17:49:22+00:00
ORD-007996,7,6,Desk Speakers Pair,audio,3,89.00,267.00,completed,2026-07-04T16:03:01+00:00
ORD-007997,6,8,Ergonomic Chair,furniture,2,612.75,1225.50,refunded,2026-07-04T16:09:31+00:00
ORD-007998,5,4,34in Ultrawide Monitor,displays,3,579.00,1737.00,completed,2026-07-04T11:40:07+00:00
ORD-007999,3,5,Over-ear Headphones,audio,4,199.95,799.80,refunded,2026-07-04T03:32:36+00:00
ORD-008000,6,7,Standing Desk 120cm,furniture,4,449.00,1796.00,pending,2026-07-04T03:51:01+00:00
ORD-008001,3,10,Laptop Stand Aluminium,accessories,2,27.50,55.00,cancelled,2026-07-04T21:00:41+00:00
ORD-008002,3,3,27in 1440p Monitor,displays,4,319.99,1279.96,completed,2026-07-04T01:51:25+00:00
ORD-008003,2,6,Desk Speakers Pair,audio,1,89.00,89.00,pending,2026-07-04T23:21:44+00:00
ORD-008004,4,5,Over-ear Headphones,audio,2,199.95,399.90,completed,2026-07-04T23:10:38+00:00
ORD-008005,10,7,Standing Desk 120cm,furniture,2,449.00,898.00,cancelled,2026-07-04T17:12:18+00:00
ORD-008006,8,9,USB-C Hub 8-in-1,accessories,2,39.99,79.98,refunded,2026-07-04T10:29:11+00:00
ORD-008007,2,4,34in Ultrawide Monitor,displays,2,579.00,1158.00,pending,2026-07-04T20:34:11+00:00
ORD-008008,4,10,Laptop Stand Aluminium,accessories,5,27.50,137.50,refunded,2026-07-04T01:34:48+00:00
ORD-008009,3,2,Wireless Mouse,peripherals,5,49.50,247.50,refunded,2026-07-04T03:59:31+00:00
ORD-008010,10,6,Desk Speakers Pair,audio,5,89.00,445.00,cancelled,2026-07-04T08:49:34+00:00
ORD-008011,5,6,Desk Speakers Pair,audio,4,89.00,356.00,pending,2026-07-04T03:11:13+00:00
ORD-008012,3,2,Wireless Mouse,peripherals,1,49.50,49.50,pending,2026-07-04T15:20:36+00:00
ORD-008013,6,1,Mechanical Keyboard 75%,peripherals,4,129.00,516.00,completed,2026-07-04T23:47:28+00:00
ORD-008014,5,1,Mechanical Keyboard 75%,peripherals,1,129.00,129.00,pending,2026-07-04T10:03:09+00:00
ORD-008015,7,7,Standing Desk 120cm,furniture,3,449.00,1347.00,cancelled,2026-07-04T07:50:57+00:00
ORD-008016,3,5,Over-ear Headphones,audio,3,199.95,599.85,refunded,2026-07-04T07:39:19+00:00
ORD-008017,3,10,Laptop Stand Aluminium,accessories,1,27.50,27.50,pending,2026-07-04T09:12:25+00:00
ORD-008018,3,1,Mechanical Keyboard 75%,peripherals,1,129.00,129.00,pending,2026-07-04T16:52:17+00:00
ORD-008019,4,8,Ergonomic Chair,furniture,4,612.75,2451.00,cancelled,2026-07-04T18:12:45+00:00
ORD-008020,1,3,27in 1440p Monitor,displays,4,319.99,1279.96,refunded,2026-07-04T18:31:04+00:00
ORD-008021,2,9,USB-C Hub 8-in-1,accessories,3,39.99,119.97,completed,2026-07-04T17:33:49+00:00
ORD-008022,9,10,Laptop Stand Aluminium,accessories,2,27.50,55.00,cancelled,2026-07-04T06:51:28+00:00
ORD-008023,1,4,34in Ultrawide Monitor,displays,1,579.00,579.00,completed,2026-07-04T00:31:09+00:00
ORD-008024,3,1,Mechanical Keyboard 75%,peripherals,4,129.00,516.00,cancelled,not-a-valid-date
ORD-008025,6,7,Standing Desk 120cm,furniture,4,449.00,1796.00,cancelled,2026-07-04T16:14:10+00:00
ORD-008026,7,7,Standing Desk 120cm,furniture,3,449.00,1347.00,completed,2026-07-04T20:04:49+00:00
ORD-008027,5,8,Ergonomic Chair,furniture,2,612.75,1225.50,refunded,2026-07-04T20:07:28+00:00
ORD-008028,5,1,Mechanical Keyboard 75%,peripherals,2,129.00,258.00,refunded,2026-07-04T10:31:58+00:00
ORD-008029,5,4,34in Ultrawide Monitor,displays,2,579.00,1158.00,refunded,2026-07-04T06:41:32+00:00
ORD-008030,5,6,Desk Speakers Pair,audio,4,89.00,356.00,completed,2026-07-04T19:14:13+00:00
ORD-008031,4,6,Desk Speakers Pair,audio,3,89.00,267.00,cancelled,2026-07-04T14:57:26+00:00
ORD-008032,8,2,Wireless Mouse,peripherals,4,49.50,198.00,pending,2026-07-04T11:22:54+00:00
ORD-008033,6,6,Desk Speakers Pair,audio,1,89.00,89.00,completed,2026-07-04T18:44:19+00:00
ORD-008034,7,8,Ergonomic Chair,furniture,4,612.75,2451.00,cancelled,2026-07-04T20:42:44+00:00
ORD-008035,7,10,Laptop Stand Aluminium,accessories,3,27.50,82.50,cancelled,2026-07-04T21:06:50+00:00
ORD-008036,4,7,Standing Desk 120cm,furniture,1,449.00,449.00,pending,2026-07-04T01:31:15+00:00
ORD-008037,3,8,Ergonomic Chair,furniture,3,612.75,1838.25,refunded,2026-07-04T05:35:12+00:00
ORD-008038,3,5,Over-ear Headphones,audio,5,199.95,999.75,completed,2026-07-04T09:19:52+00:00
ORD-008039,3,1,Mechanical Keyboard 75%,peripherals,5,129.00,645.00,pending,2026-07-04T05:48:59+00:00
ORD-008040,6,6,Desk Speakers Pair,audio,1,89.00,89.00,cancelled,2026-07-04T09:40:08+00:00
ORD-008041,6,8,Ergonomic Chair,furniture,5,612.75,3063.75,pending,2026-07-04T23:04:46+00:00
ORD-008042,8,8,Ergonomic Chair,furniture,2,612.75,1225.50,refunded,2026-07-04T08:22:07+00:00
ORD-008043,2,7,Standing Desk 120cm,furniture,1,449.00,449.00,cancelled,2026-07-04T09:56:24+00:00
ORD-008044,4,3,27in 1440p Monitor,displays,4,319.99,1279.96,completed,2026-07-04T11:10:24+00:00
ORD-008045,1,3,27in 1440p Monitor,displays,5,319.99,1599.95,completed,2026-07-04T17:10:48+00:00
ORD-008046,3,4,34in Ultrawide Monitor,displays,4,579.00,2316.00,pending,2026-07-04T05:39:09+00:00
ORD-008047,4,2,Wireless Mouse,peripherals,1,49.50,49.50,cancelled,2026-07-04T22:34:15+00:00
ORD-008048,10,3,27in 1440p Monitor,displays,3,319.99,959.97,pending,2026-07-04T06:55:28+00:00
ORD-008049,6,3,27in 1440p Monitor,displays,5,319.99,1599.95,completed,2026-07-04T23:13:38+00:00
ORD-008050,7,2,Wireless Mouse,peripherals,3,49.50,148.50,pending,2026-07-04T20:40:18+00:00
ORD-008051,8,9,USB-C Hub 8-in-1,accessories,3,39.99,119.97,refunded,2026-07-04T00:55:52+00:00
ORD-008052,10,10,Laptop Stand Aluminium,accessories,3,27.50,82.50,completed,2026-07-04T07:12:50+00:00
ORD-008053,4,9,USB-C Hub 8-in-1,accessories,4,39.99,159.96,cancelled,2026-07-04T19:36:21+00:00
ORD-008054,10,8,Ergonomic Chair,furniture,4,612.75,2451.00,completed,2026-07-04T16:40:18+00:00
ORD-008055,3,1,Mechanical Keyboard 75%,peripherals,4,129.00,516.00,cancelled,2026-07-04T18:24:53+00:00
ORD-008056,7,5,Over-ear Headphones,audio,4,199.95,799.80,refunded,2026-07-04T15:41:24+00:00
ORD-008057,4,10,Laptop Stand Aluminium,accessories,3,27.50,82.50,refunded,2026-07-04T20:27:43+00:00
ORD-008058,5,1,Mechanical Keyboard 75%,peripherals,5,129.00,645.00,pending,2026-07-04T23:04:31+00:00
ORD-008059,3,9,USB-C Hub 8-in-1,accessories,4,39.99,159.96,cancelled,2026-07-04T18:24:24+00:00
ORD-008060,6,1,Mechanical Keyboard 75%,peripherals,5,129.00,645.00,pending,2026-07-04T11:54:17+00:00
ORD-008061,10,6,Desk Speakers Pair,audio,4,89.00,356.00,refunded,2026-07-04T06:00:48+00:00
ORD-008062,10,3,27in 1440p Monitor,displays,4,319.99,1279.96,pending,2026-07-04T13:50:49+00:00
ORD-008063,8,4,34in Ultrawide Monitor,displays,2,579.00,1158.00,pending,2026-07-04T11:55:12+00:00
ORD-008064,5,8,Ergonomic Chair,furniture,2,612.75,1225.50,refunded,2026-07-04T23:00:38+00:00
ORD-008065,8,9,USB-C Hub 8-in-1,accessories,5,39.99,199.95,completed,2026-07-04T06:01:51+00:00
ORD-008066,4,5,Over-ear Headphones,audio,4,199.95,799.80,pending,2026-07-04T06:26:18+00:00
ORD-008067,7,5,Over-ear Headphones,audio,3,199.95,599.85,refunded,2026-07-04T15:40:16+00:00
ORD-008068,2,2,Wireless Mouse,peripherals,1,49.50,49.50,cancelled,2026-07-04T12:52:05+00:00
ORD-008069,9,10,Laptop Stand Aluminium,accessories,4,27.50,110.00,completed,2026-07-04T03:09:54+00:00
ORD-008070,3,7,Standing Desk 120cm,furniture,5,449.00,2245.00,refunded,2026-07-04T14:24:45+00:00
ORD-008071,10,9,USB-C Hub 8-in-1,accessories,5,39.99,199.95,pending,2026-07-04T17:08:38+00:00
ORD-008072,5,5,Over-ear Headphones,audio,3,199.95,599.85,completed,2026-07-04T21:59:36+00:00
ORD-008073,2,4,34in Ultrawide Monitor,displays,5,579.00,2895.00,refunded,2026-07-04T13:06:55+00:00
ORD-008074,2,10,Laptop Stand Aluminium,accessories,3,27.50,82.50,pending,2026-07-04T15:11:08+00:00
ORD-008075,9,5,Over-ear Headphones,audio,3,199.95,599.85,pending,2026-07-04T01:42:46+00:00
ORD-008076,4,4,34in Ultrawide Monitor,displays,1,579.00,579.00,completed,2026-07-04T19:49:23+00:00
ORD-008077,4,2,Wireless Mouse,peripherals,4,49.50,198.00,cancelled,2026-07-04T21:05:30+00:00
ORD-008078,2,8,Ergonomic Chair,furniture,4,612.75,2451.00,pending,2026-07-04T21:19:17+00:00
ORD-008079,10,4,34in Ultrawide Monitor,displays,4,579.00,2316.00,pending,2026-07-04T17:58:47+00:00
ORD-008080,2,10,Laptop Stand Aluminium,accessories,5,27.50,137.50,pending,2026-07-04T00:05:09+00:00
ORD-008081,7,3,27in 1440p Monitor,displays,1,319.99,319.99,pending,2026-07-04T02:47:43+00:00
ORD-008082,3,2,Wireless Mouse,peripherals,5,49.50,247.50,completed,2026-07-04T13:21:51+00:00
ORD-008083,10,1,Mechanical Keyboard 75%,peripherals,2,129.00,258.00,completed,2026-07-04T08:45:17+00:00
ORD-008084,2,6,Desk Speakers Pair,audio,2,89.00,178.00,pending,2026-07-04T07:52:24+00:00
ORD-008085,4,4,34in Ultrawide Monitor,displays,4,579.00,2316.00,completed,2026-07-04T23:11:53+00:00
ORD-008086,9,5,Over-ear Headphones,audio,1,199.95,199.95,pending,2026-07-04T21:36:50+00:00
ORD-008087,1,2,Wireless Mouse,peripherals,2,49.50,99.00,pending,2026-07-04T17:39:34+00:00
ORD-008088,10,4,34in Ultrawide Monitor,displays,1,579.00,579.00,refunded,2026-07-04T19:59:53+00:00
ORD-008089,2,8,Ergonomic Chair,furniture,2,612.75,1225.50,pending,2026-07-04T01:16:22+00:00
ORD-008090,1,10,Laptop Stand Aluminium,accessories,3,27.50,82.50,pending,2026-07-04T22:00:19+00:00
ORD-008091,6,2,Wireless Mouse,peripherals,4,49.50,198.00,refunded,2026-07-04T17:41:35+00:00
ORD-008092,1,10,Laptop Stand Aluminium,accessories,1,27.50,27.50,completed,2026-07-04T00:17:02+00:00
ORD-008093,7,10,Laptop Stand Aluminium,accessories,1,27.50,27.50,cancelled,2026-07-04T16:51:15+00:00
ORD-008094,5,4,34in Ultrawide Monitor,displays,2,579.00,1158.00,pending,2026-07-04T10:42:18+00:00
ORD-008095,8,5,Over-ear Headphones,audio,2,199.95,399.90,completed,2026-07-04T18:34:47+00:00
ORD-008096,5,6,Desk Speakers Pair,audio,1,89.00,89.00,refunded,2026-07-04T11:22:55+00:00
ORD-008097,2,5,Over-ear Headphones,audio,4,199.95,799.80,completed,2026-07-04T22:31:48+00:00
ORD-008098,8,8,Ergonomic Chair,furniture,1,612.75,612.75,completed,2026-07-04T20:06:50+00:00
ORD-008099,9,3,27in 1440p Monitor,displays,4,319.99,1279.96,pending,2026-07-04T05:07:12+00:00
ORD-008100,1,1,Mechanical Keyboard 75%,peripherals,3,129.00,387.00,pending,2026-07-04T01:56:16+00:00
ORD-008101,4,9,USB-C Hub 8-in-1,accessories,1,39.99,39.99,cancelled,2026-07-04T19:51:15+00:00
ORD-008102,4,10,Laptop Stand Aluminium,accessories,1,27.50,27.50,pending,2026-07-04T06:30:25+00:00
ORD-008103,1,2,Wireless Mouse,peripherals,4,49.50,198.00,cancelled,2026-07-04T00:27:33+00:00
ORD-008104,5,10,Laptop Stand Aluminium,accessories,2,27.50,55.00,completed,2026-07-04T06:28:44+00:00
ORD-008105,6,9,USB-C Hub 8-in-1,accessories,2,39.99,79.98,pending,2026-07-04T05:03:17+00:00
ORD-008106,6,8,Ergonomic Chair,furniture,4,612.75,2451.00,pending,2026-07-04T05:49:54+00:00
ORD-008107,4,1,Mechanical Keyboard 75%,peripherals,2,129.00,258.00,completed,2026-07-04T03:12:48+00:00
ORD-008108,10,2,Wireless Mouse,peripherals,4,49.50,198.00,cancelled,2026-07-04T17:00:52+00:00
ORD-008109,4,5,Over-ear Headphones,audio,2,199.95,399.90,pending,2026-07-04T19:15:54+00:00
ORD-008110,2,7,Standing Desk 120cm,furniture,4,449.00,1796.00,completed,2026-07-04T00:58:02+00:00
ORD-008111,2,7,Standing Desk 120cm,furniture,4,449.00,1796.00,completed,2026-07-04T18:24:21+00:00
ORD-008112,7,7,Standing Desk 120cm,furniture,4,449.00,1796.00,pending,2026-07-04T19:33:07+00:00
ORD-008113,6,10,Laptop Stand Aluminium,accessories,1,27.50,27.50,completed,2026-07-04T06:32:09+00:00
ORD-008114,7,6,Desk Speakers Pair,audio,2,89.00,178.00,cancelled,2026-07-04T18:27:59+00:00
ORD-008115,4,3,27in 1440p Monitor,displays,4,319.99,1279.96,completed,2026-07-04T16:06:29+00:00
ORD-008116,10,3,27in 1440p Monitor,displays,2,319.99,639.98,cancelled,2026-07-04T01:29:07+00:00
ORD-008117,4,2,Wireless Mouse,peripherals,4,49.50,198.00,completed,2026-07-04T12:18:23+00:00
ORD-008118,4,5,Over-ear Headphones,audio,1,199.95,199.95,completed,2026-07-04T13:08:38+00:00
ORD-008119,2,10,Laptop Stand Aluminium,accessories,5,27.50,137.50,completed,2026-07-04T10:13:52+00:00
ORD-008120,6,6,Desk Speakers Pair,audio,1,89.00,89.00,cancelled,2026-07-04T16:17:16+00:00
ORD-008121,9,1,Mechanical Keyboard 75%,peripherals,5,129.00,645.00,cancelled,2026-07-04T09:26:47+00:00
ORD-008122,7,3,27in 1440p Monitor,displays,5,319.99,1599.95,refunded,2026-07-04T10:36:09+00:00
ORD-008123,8,8,Ergonomic Chair,furniture,1,612.75,612.75,cancelled,2026-07-04T08:28:18+00:00
ORD-008124,8,7,Standing Desk 120cm,furniture,4,449.00,1796.00,completed,2026-07-04T22:12:30+00:00
ORD-008125,4,1,Mechanical Keyboard 75%,peripherals,5,129.00,645.00,completed,2026-07-04T23:50:58+00:00
ORD-008126,5,8,Ergonomic Chair,furniture,4,612.75,2451.00,completed,2026-07-04T09:55:30+00:00
ORD-008127,6,6,Desk Speakers Pair,audio,5,89.00,445.00,cancelled,2026-07-04T08:27:27+00:00
ORD-008128,3,1,Mechanical Keyboard 75%,peripherals,1,129.00,129.00,refunded,2026-07-04T18:06:54+00:00
ORD-008129,10,3,27in 1440p Monitor,displays,4,319.99,1279.96,refunded,2026-07-04T23:20:48+00:00
ORD-008130,3,4,34in Ultrawide Monitor,displays,2,579.00,1158.00,completed,2026-07-04T19:58:12+00:00
ORD-008131,3,2,Wireless Mouse,peripherals,5,49.50,247.50,completed,2026-07-04T08:36:06+00:00
ORD-008132,3,6,Desk Speakers Pair,audio,1,89.00,89.00,completed,2026-07-04T03:16:35+00:00
ORD-008133,7,4,34in Ultrawide Monitor,displays,3,579.00,1737.00,pending,2026-07-04T01:00:29+00:00
ORD-008134,2,7,Standing Desk 120cm,furniture,5,449.00,2245.00,completed,2026-07-04T01:07:47+00:00
ORD-008135,5,6,Desk Speakers Pair,audio,1,89.00,89.00,completed,2026-07-04T06:30:31+00:00
ORD-008136,2,7,Standing Desk 120cm,furniture,3,449.00,1347.00,refunded,2026-07-04T02:20:16+00:00
ORD-008137,2,5,Over-ear Headphones,audio,4,199.95,799.80,refunded,2026-07-04T02:49:36+00:00
ORD-008138,9,1,Mechanical Keyboard 75%,peripherals,4,129.00,516.00,cancelled,2026-07-04T09:53:08+00:00
ORD-008139,9,8,Ergonomic Chair,furniture,5,612.75,3063.75,refunded,2026-07-04T15:51:38+00:00
ORD-008140,5,4,34in Ultrawide Monitor,displays,1,579.00,579.00,completed,2026-07-04T05:57:13+00:00
ORD-008141,5,8,Ergonomic Chair,furniture,5,612.75,3063.75,cancelled,2026-07-04T00:55:08+00:00
ORD-008142,9,9,USB-C Hub 8-in-1,accessories,1,39.99,39.99,completed,2026-07-04T08:58:23+00:00
ORD-008143,2,10,Laptop Stand Aluminium,accessories,1,27.50,27.50,cancelled,2026-07-04T04:31:31+00:00
ORD-008144,7,6,Desk Speakers Pair,audio,4,89.00,356.00,refunded,2026-07-04T18:11:56+00:00
ORD-008145,10,8,Ergonomic Chair,furniture,4,612.75,2451.00,cancelled,2026-07-04T02:35:35+00:00
ORD-008146,7,3,27in 1440p Monitor,displays,3,319.99,959.97,completed,2026-07-04T20:33:09+00:00
ORD-008147,10,2,Wireless Mouse,peripherals,4,49.50,198.00,pending,2026-07-04T01:25:13+00:00
ORD-008148,5,2,Wireless Mouse,peripherals,4,49.50,198.00,cancelled,2026-07-04T15:22:14+00:00
ORD-008149,1,2,Wireless Mouse,peripherals,4,49.50,198.00,pending,2026-07-04T16:59:31+00:00
ORD-008150,1,3,27in 1440p Monitor,displays,2,319.99,639.98,cancelled,2026-07-04T20:12:40+00:00
ORD-008151,8,6,Desk Speakers Pair,audio,2,89.00,178.00,pending,2026-07-04T11:07:00+00:00
ORD-008152,3,8,Ergonomic Chair,furniture,4,612.75,2451.00,cancelled,2026-07-04T23:55:29+00:00
ORD-008153,10,4,34in Ultrawide Monitor,displays,2,579.00,1158.00,cancelled,2026-07-04T02:09:35+00:00
ORD-008154,5,10,Laptop Stand Aluminium,accessories,2,27.50,55.00,refunded,2026-07-04T19:22:25+00:00
ORD-008155,8,4,34in Ultrawide Monitor,displays,3,579.00,1737.00,pending,2026-07-04T18:16:42+00:00
ORD-008156,10,8,Ergonomic Chair,furniture,2,612.75,1225.50,pending,2026-07-04T22:33:05+00:00
ORD-008157,1,4,34in Ultrawide Monitor,displays,3,579.00,1737.00,pending,2026-07-04T17:12:24+00:00
ORD-008158,4,5,Over-ear Headphones,audio,1,199.95,199.95,refunded,2026-07-04T22:17:49+00:00
ORD-008159,9,7,Standing Desk 120cm,furniture,2,449.00,898.00,cancelled,2026-07-04T22:04:45+00:00
ORD-008160,5,7,Standing Desk 120cm,furniture,3,449.00,1347.00,cancelled,2026-07-04T19:25:55+00:00
ORD-008161,10,3,27in 1440p Monitor,displays,4,319.99,1279.96,pending,2026-07-04T09:02:46+00:00
ORD-008162,3,6,Desk Speakers Pair,audio,4,89.00,356.00,pending,2026-07-04T12:37:36+00:00
ORD-008163,9,10,Laptop Stand Aluminium,accessories,1,27.50,27.50,refunded,2026-07-04T20:08:12+00:00
ORD-008164,3,8,Ergonomic Chair,furniture,4,612.75,2451.00,refunded,2026-07-04T06:02:40+00:00
ORD-008165,4,4,34in Ultrawide Monitor,displays,3,579.00,1737.00,cancelled,2026-07-04T08:13:09+00:00
ORD-008166,3,1,Mechanical Keyboard 75%,peripherals,4,129.00,516.00,completed,2026-07-04T22:57:56+00:00
ORD-008167,4,2,Wireless Mouse,peripherals,4,49.50,198.00,pending,2026-07-04T15:26:31+00:00
ORD-008168,5,5,Over-ear Headphones,audio,1,199.95,199.95,pending,2026-07-04T04:14:54+00:00
ORD-008169,4,2,Wireless Mouse,peripherals,3,49.50,148.50,cancelled,2026-07-04T14:30:13+00:00
ORD-008170,4,6,Desk Speakers Pair,audio,2,89.00,178.00,refunded,2026-07-04T15:07:53+00:00
ORD-008171,7,3,27in 1440p Monitor,displays,5,319.99,1599.95,pending,2026-07-04T20:15:55+00:00
ORD-008172,8,4,34in Ultrawide Monitor,displays,2,579.00,1158.00,completed,2026-07-04T13:16:07+00:00
ORD-008173,6,5,Over-ear Headphones,audio,3,199.95,599.85,cancelled,2026-07-04T09:41:50+00:00
ORD-008174,5,2,Wireless Mouse,peripherals,3,49.50,148.50,cancelled,2026-07-04T07:24:18+00:00
ORD-008175,2,3,27in 1440p Monitor,displays,1,319.99,319.99,refunded,2026-07-04T02:49:17+00:00
ORD-008176,5,6,Desk Speakers Pair,audio,3,89.00,267.00,cancelled,2026-07-04T20:57:59+00:00
ORD-008177,5,10,Laptop Stand Aluminium,accessories,3,27.50,82.50,pending,2026-07-04T17:24:19+00:00
ORD-008178,5,2,Wireless Mouse,peripherals,5,49.50,247.50,pending,2026-07-04T19:21:01+00:00
ORD-008179,9,5,Over-ear Headphones,audio,4,199.95,799.80,completed,2026-07-04T08:39:07+00:00
ORD-008180,10,6,Desk Speakers Pair,audio,1,89.00,89.00,completed,2026-07-04T05:52:37+00:00
ORD-008181,8,2,Wireless Mouse,peripherals,4,49.50,198.00,pending,2026-07-04T09:56:37+00:00
ORD-008182,3,5,Over-ear Headphones,audio,4,199.95,799.80,refunded,2026-07-04T10:29:44+00:00
ORD-008183,4,3,27in 1440p Monitor,displays,3,319.99,959.97,cancelled,2026-07-04T16:03:13+00:00
ORD-008184,9,4,34in Ultrawide Monitor,displays,5,579.00,2895.00,refunded,2026-07-04T22:30:44+00:00
ORD-008185,6,6,Desk Speakers Pair,audio,5,89.00,445.00,pending,2026-07-04T04:18:19+00:00
ORD-008186,6,1,Mechanical Keyboard 75%,peripherals,1,129.00,129.00,completed,2026-07-04T16:55:11+00:00
ORD-008187,2,5,Over-ear Headphones,audio,3,199.95,599.85,pending,2026-07-04T23:41:56+00:00
ORD-008188,3,5,Over-ear Headphones,audio,4,199.95,799.80,pending,2026-07-04T20:42:38+00:00
ORD-008189,9,1,Mechanical Keyboard 75%,peripherals,3,129.00,387.00,pending,2026-07-04T16:56:58+00:00
ORD-008190,2,5,Over-ear Headphones,audio,3,199.95,599.85,completed,2026-07-04T07:09:24+00:00
ORD-008191,5,9,USB-C Hub 8-in-1,accessories,1,39.99,39.99,refunded,2026-07-04T05:06:31+00:00
ORD-008192,9,5,Over-ear Headphones,audio,2,199.95,399.90,refunded,2026-07-04T17:25:04+00:00
ORD-008193,1,3,27in 1440p Monitor,displays,3,319.99,959.97,completed,2026-07-04T07:29:06+00:00
ORD-008194,7,5,Over-ear Headphones,audio,4,199.95,799.80,refunded,2026-07-04T00:28:56+00:00
ORD-008195,1,10,Laptop Stand Aluminium,accessories,4,27.50,110.00,refunded,2026-07-04T04:09:32+00:00
ORD-008196,8,10,Laptop Stand Aluminium,accessories,4,27.50,110.00,cancelled,2026-07-04T08:49:24+00:00
ORD-008197,2,10,Laptop Stand Aluminium,accessories,1,27.50,27.50,refunded,2026-07-04T05:21:12+00:00
ORD-008198,6,10,Laptop Stand Aluminium,accessories,1,27.50,27.50,completed,2026-07-04T14:02:42+00:00
ORD-008199,8,7,Standing Desk 120cm,furniture,1,449.00,449.00,completed,2026-07-04T09:41:39+00:00
ORD-008200,2,6,Desk Speakers Pair,audio,5,89.00,445.00,completed,2026-07-04T00:19:38+00:00
ORD-008201,3,3,27in 1440p Monitor,displays,3,319.99,959.97,pending,2026-07-04T00:04:51+00:00
ORD-008202,1,2,Wireless Mouse,peripherals,4,49.50,198.00,cancelled,2026-07-04T01:36:20+00:00
ORD-008203,3,1,Mechanical Keyboard 75%,peripherals,2,129.00,258.00,refunded,2026-07-04T17:29:52+00:00
ORD-008204,3,9,USB-C Hub 8-in-1,accessories,2,39.99,79.98,completed,2026-07-04T23:15:38+00:00
ORD-008205,7,3,27in 1440p Monitor,displays,1,319.99,319.99,completed,2026-07-04T20:10:38+00:00
ORD-008206,5,5,Over-ear Headphones,audio,5,199.95,999.75,pending,2026-07-04T19:57:06+00:00
ORD-008207,10,6,Desk Speakers Pair,audio,1,89.00,89.00,refunded,2026-07-04T16:49:27+00:00
ORD-008208,8,7,Standing Desk 120cm,furniture,5,449.00,2245.00,cancelled,2026-07-04T22:00:34+00:00
ORD-008209,2,3,27in 1440p Monitor,displays,1,319.99,319.99,cancelled,2026-07-04T02:14:41+00:00
ORD-008210,3,2,Wireless Mouse,peripherals,3,49.50,148.50,cancelled,2026-07-04T09:49:08+00:00
ORD-008211,8,7,Standing Desk 120cm,furniture,1,449.00,449.00,pending,2026-07-04T23:21:40+00:00
ORD-008212,9,8,Ergonomic Chair,furniture,2,612.75,1225.50,refunded,2026-07-04T08:58:54+00:00
ORD-008213,6,2,Wireless Mouse,peripherals,3,49.50,148.50,pending,2026-07-04T21:04:26+00:00
ORD-008214,10,9,USB-C Hub 8-in-1,accessories,3,39.99,119.97,cancelled,2026-07-04T21:48:28+00:00
ORD-008215,7,8,Ergonomic Chair,furniture,3,612.75,1838.25,pending,2026-07-04T17:07:54+00:00
ORD-008216,3,8,Ergonomic Chair,furniture,5,612.75,3063.75,pending,2026-07-04T18:20:39+00:00
ORD-008217,8,1,Mechanical Keyboard 75%,peripherals,3,129.00,387.00,refunded,2026-07-04T11:26:47+00:00
ORD-008218,9,10,Laptop Stand Aluminium,accessories,4,27.50,110.00,pending,2026-07-04T21:52:30+00:00
ORD-008219,1,7,Standing Desk 120cm,furniture,4,449.00,1796.00,refunded,2026-07-04T15:49:17+00:00
ORD-008220,6,5,Over-ear Headphones,audio,1,199.95,199.95,pending,2026-07-04T01:28:10+00:00
ORD-008221,2,10,Laptop Stand Aluminium,accessories,3,27.50,82.50,cancelled,2026-07-04T19:29:47+00:00
ORD-008222,10,1,Mechanical Keyboard 75%,peripherals,3,129.00,387.00,completed,2026-07-04T08:22:11+00:00
ORD-008223,1,4,34in Ultrawide Monitor,displays,3,579.00,1737.00,pending,2026-07-04T15:47:19+00:00
ORD-008224,7,9,USB-C Hub 8-in-1,accessories,3,39.99,119.97,refunded,2026-07-04T20:04:51+00:00
ORD-008225,7,7,Standing Desk 120cm,furniture,1,449.00,449.00,pending,2026-07-04T22:28:44+00:00
ORD-008226,7,6,Desk Speakers Pair,audio,3,89.00,267.00,completed,2026-07-04T17:02:22+00:00
ORD-008227,3,8,Ergonomic Chair,furniture,3,612.75,1838.25,completed,2026-07-04T02:58:53+00:00
ORD-008228,5,1,Mechanical Keyboard 75%,peripherals,1,129.00,129.00,pending,2026-07-04T18:13:09+00:00
ORD-008229,7,7,Standing Desk 120cm,furniture,2,449.00,898.00,cancelled,2026-07-04T04:58:47+00:00
ORD-008230,1,5,Over-ear Headphones,audio,1,199.95,199.95,pending,2026-07-04T19:09:55+00:00
ORD-008231,5,5,Over-ear Headphones,audio,3,199.95,599.85,completed,2026-07-04T21:12:19+00:00
ORD-008232,4,9,USB-C Hub 8-in-1,accessories,3,39.99,119.97,cancelled,2026-07-04T22:05:00+00:00
ORD-008233,6,7,Standing Desk 120cm,furniture,3,449.00,1347.00,pending,2026-07-04T08:45:10+00:00
ORD-008234,8,5,Over-ear Headphones,audio,2,199.95,399.90,cancelled,2026-07-04T17:08:06+00:00
ORD-008235,6,1,Mechanical Keyboard 75%,peripherals,4,129.00,516.00,cancelled,2026-07-04T15:11:43+00:00
ORD-008236,5,8,Ergonomic Chair,furniture,2,612.75,1225.50,cancelled,2026-07-04T17:41:20+00:00
ORD-008237,3,3,27in 1440p Monitor,displays,3,319.99,959.97,pending,2026-07-04T02:46:07+00:00
ORD-008238,7,6,Desk Speakers Pair,audio,5,89.00,445.00,refunded,2026-07-04T10:34:28+00:00
ORD-008239,8,10,Laptop Stand Aluminium,accessories,1,27.50,27.50,cancelled,2026-07-04T02:59:46+00:00
ORD-008240,10,3,27in 1440p Monitor,displays,2,319.99,639.98,pending,2026-07-04T17:29:13+00:00
ORD-008241,7,10,Laptop Stand Aluminium,accessories,3,27.50,82.50,cancelled,2026-07-04T20:29:02+00:00
ORD-008242,7,3,27in 1440p Monitor,displays,2,319.99,639.98,refunded,2026-07-04T22:43:31+00:00
ORD-008243,10,5,Over-ear Headphones,audio,5,199.95,999.75,completed,2026-07-04T20:31:30+00:00
ORD-008244,9,3,27in 1440p Monitor,displays,1,319.99,319.99,cancelled,2026-07-04T08:09:29+00:00
ORD-008245,1,5,Over-ear Headphones,audio,1,199.95,199.95,completed,2026-07-04T15:56:04+00:00
ORD-008246,6,9,USB-C Hub 8-in-1,accessories,3,39.99,119.97,completed,2026-07-04T03:15:54+00:00
ORD-008247,7,3,27in 1440p Monitor,displays,3,319.99,959.97,cancelled,2026-07-04T05:13:29+00:00
ORD-008248,9,8,Ergonomic Chair,furniture,3,612.75,1838.25,cancelled,2026-07-04T08:03:36+00:00
ORD-008249,8,2,Wireless Mouse,peripherals,2,49.50,99.00,refunded,2026-07-04T22:08:47+00:00
ORD-008250,10,4,34in Ultrawide Monitor,displays,3,579.00,1737.00,cancelled,2026-07-04T05:51:45+00:00
ORD-008251,3,7,Standing Desk 120cm,furniture,1,449.00,449.00,refunded,2026-07-04T11:22:12+00:00
ORD-008252,1,3,27in 1440p Monitor,displays,1,319.99,319.99,cancelled,2026-07-04T09:52:16+00:00
ORD-008253,4,3,27in 1440p Monitor,displays,1,319.99,319.99,pending,2026-07-04T14:29:09+00:00
ORD-008254,2,5,Over-ear Headphones,audio,4,199.95,799.80,refunded,2026-07-04T02:46:31+00:00
ORD-008255,8,9,USB-C Hub 8-in-1,accessories,4,39.99,159.96,pending,2026-07-04T06:52:33+00:00
ORD-008256,7,9,USB-C Hub 8-in-1,accessories,2,39.99,79.98,cancelled,2026-07-04T23:41:29+00:00
ORD-008257,4,10,Laptop Stand Aluminium,accessories,2,27.50,55.00,completed,2026-07-04T23:59:37+00:00
ORD-008258,2,5,Over-ear Headphones,audio,1,199.95,199.95,refunded,2026-07-04T22:19:03+00:00
ORD-008259,4,2,Wireless Mouse,peripherals,4,49.50,198.00,pending,2026-07-04T01:45:26+00:00
ORD-008260,6,4,34in Ultrawide Monitor,displays,1,579.00,579.00,cancelled,2026-07-04T18:22:19+00:00
ORD-008261,5,5,Over-ear Headphones,audio,1,199.95,199.95,pending,2026-07-04T19:15:55+00:00
ORD-008262,3,7,Standing Desk 120cm,furniture,4,449.00,1796.00,completed,2026-07-04T01:58:26+00:00
ORD-008263,4,10,Laptop Stand Aluminium,accessories,2,27.50,55.00,refunded,2026-07-04T03:10:24+00:00
ORD-008264,3,9,USB-C Hub 8-in-1,accessories,5,39.99,199.95,completed,2026-07-04T01:45:28+00:00
ORD-008265,7,1,Mechanical Keyboard 75%,peripherals,5,129.00,645.00,refunded,2026-07-04T08:44:55+00:00
ORD-008266,8,7,Standing Desk 120cm,furniture,4,449.00,1796.00,refunded,2026-07-04T16:39:49+00:00
ORD-008267,8,4,34in Ultrawide Monitor,displays,4,579.00,2316.00,refunded,2026-07-04T12:27:15+00:00
ORD-008268,5,5,Over-ear Headphones,audio,3,199.95,599.85,cancelled,2026-07-04T12:41:30+00:00
ORD-008269,5,10,Laptop Stand Aluminium,accessories,1,27.50,27.50,completed,2026-07-04T07:34:26+00:00
ORD-008270,4,10,Laptop Stand Aluminium,accessories,3,27.50,82.50,cancelled,2026-07-04T09:06:23+00:00
ORD-008271,3,2,Wireless Mouse,peripherals,1,49.50,49.50,refunded,2026-07-04T01:50:22+00:00
ORD-008272,6,10,Laptop Stand Aluminium,accessories,2,27.50,55.00,cancelled,2026-07-04T20:54:21+00:00
ORD-008273,9,4,34in Ultrawide Monitor,displays,2,579.00,1158.00,pending,2026-07-04T01:47:43+00:00
ORD-008274,2,4,34in Ultrawide Monitor,displays,2,579.00,1158.00,pending,2026-07-04T06:51:59+00:00
ORD-008275,9,6,Desk Speakers Pair,audio,1,89.00,89.00,cancelled,2026-07-04T11:20:06+00:00
ORD-008276,1,6,Desk Speakers Pair,audio,1,89.00,89.00,pending,2026-07-04T16:54:44+00:00
ORD-008277,7,7,Standing Desk 120cm,furniture,3,449.00,1347.00,pending,2026-07-04T00:37:55+00:00
ORD-008278,8,7,Standing Desk 120cm,furniture,1,449.00,449.00,cancelled,2026-07-04T14:02:09+00:00
ORD-008279,2,2,Wireless Mouse,peripherals,3,49.50,148.50,cancelled,2026-07-04T23:01:09+00:00
ORD-008280,7,5,Over-ear Headphones,audio,5,199.95,999.75,pending,2026-07-04T17:23:08+00:00
ORD-008281,9,2,Wireless Mouse,peripherals,4,49.50,198.00,pending,2026-07-04T10:24:00+00:00
ORD-008282,10,5,Over-ear Headphones,audio,2,199.95,399.90,refunded,2026-07-04T16:29:57+00:00
ORD-008283,10,4,34in Ultrawide Monitor,displays,1,579.00,579.00,cancelled,2026-07-04T06:20:41+00:00
ORD-008284,6,1,Mechanical Keyboard 75%,peripherals,4,129.00,516.00,refunded,2026-07-04T20:38:09+00:00
ORD-008285,1,3,27in 1440p Monitor,displays,3,319.99,959.97,pending,2026-07-04T06:06:24+00:00
ORD-008286,10,4,34in Ultrawide Monitor,displays,3,579.00,1737.00,pending,2026-07-04T18:28:05+00:00
ORD-008287,3,8,Ergonomic Chair,furniture,4,612.75,2451.00,cancelled,2026-07-04T04:03:55+00:00
ORD-008288,5,9,USB-C Hub 8-in-1,accessories,2,39.99,79.98,completed,2026-07-04T19:33:07+00:00
ORD-008289,10,10,Laptop Stand Aluminium,accessories,5,27.50,137.50,cancelled,2026-07-04T10:55:42+00:00
ORD-008290,10,2,Wireless Mouse,peripherals,4,49.50,198.00,completed,2026-07-04T12:09:13+00:00
ORD-008291,7,10,Laptop Stand Aluminium,accessories,3,27.50,82.50,cancelled,2026-07-04T11:24:59+00:00
ORD-008292,6,5,Over-ear Headphones,audio,4,199.95,799.80,pending,2026-07-04T09:09:14+00:00
ORD-008293,1,4,34in Ultrawide Monitor,displays,5,579.00,2895.00,cancelled,2026-07-04T00:12:53+00:00
ORD-008294,5,2,Wireless Mouse,peripherals,3,49.50,148.50,pending,2026-07-04T06:11:05+00:00
ORD-008295,9,9,USB-C Hub 8-in-1,accessories,4,39.99,159.96,cancelled,2026-07-04T18:02:28+00:00
ORD-008296,1,6,Desk Speakers Pair,audio,3,89.00,267.00,completed,2026-07-04T17:58:31+00:00
ORD-008297,8,9,USB-C Hub 8-in-1,accessories,5,39.99,199.95,cancelled,2026-07-04T17:06:34+00:00
ORD-008298,7,1,Mechanical Keyboard 75%,peripherals,1,129.00,129.00,refunded,2026-07-04T10:58:06+00:00
ORD-008299,7,1,Mechanical Keyboard 75%,peripherals,5,129.00,645.00,refunded,2026-07-04T08:19:11+00:00
ORD-008300,3,3,27in 1440p Monitor,displays,3,319.99,959.97,completed,2026-07-04T01:37:07+00:00
ORD-008301,8,1,Mechanical Keyboard 75%,peripherals,3,129.00,387.00,refunded,2026-07-04T02:47:35+00:00
ORD-008302,5,1,Mechanical Keyboard 75%,peripherals,4,129.00,516.00,refunded,2026-07-04T08:47:09+00:00
ORD-008303,7,1,Mechanical Keyboard 75%,peripherals,2,129.00,258.00,completed,2026-07-04T03:51:13+00:00
ORD-008304,8,4,34in Ultrawide Monitor,displays,3,579.00,1737.00,pending,2026-07-04T00:27:28+00:00
ORD-008305,6,2,Wireless Mouse,peripherals,4,49.50,198.00,refunded,2026-07-04T09:45:52+00:00
ORD-008306,6,6,Desk Speakers Pair,audio,2,89.00,178.00,cancelled,2026-07-04T17:45:36+00:00
ORD-008307,3,3,27in 1440p Monitor,displays,5,319.99,1599.95,refunded,2026-07-04T07:19:34+00:00
ORD-008308,2,8,Ergonomic Chair,furniture,5,612.75,3063.75,cancelled,2026-07-04T12:19:21+00:00
ORD-008309,9,1,Mechanical Keyboard 75%,peripherals,4,129.00,516.00,completed,2026-07-04T14:14:43+00:00
ORD-008310,2,6,Desk Speakers Pair,audio,3,89.00,267.00,cancelled,2026-07-04T17:02:34+00:00
ORD-008311,2,6,Desk Speakers Pair,audio,4,89.00,356.00,refunded,2026-07-04T15:09:38+00:00
ORD-008312,5,7,Standing Desk 120cm,furniture,5,449.00,2245.00,completed,2026-07-04T21:11:58+00:00
ORD-008313,4,10,Laptop Stand Aluminium,accessories,2,27.50,55.00,refunded,2026-07-04T15:18:45+00:00
ORD-008314,1,5,Over-ear Headphones,audio,4,199.95,799.80,cancelled,2026-07-04T23:16:24+00:00
ORD-008315,2,10,Laptop Stand Aluminium,accessories,3,27.50,82.50,refunded,2026-07-04T11:25:02+00:00
ORD-008316,4,2,Wireless Mouse,peripherals,1,49.50,49.50,cancelled,2026-07-04T07:58:35+00:00
ORD-008317,3,7,Standing Desk 120cm,furniture,2,449.00,898.00,cancelled,2026-07-04T06:49:18+00:00
ORD-008318,3,6,Desk Speakers Pair,audio,1,89.00,89.00,cancelled,2026-07-04T18:35:46+00:00
ORD-008319,2,7,Standing Desk 120cm,furniture,5,449.00,2245.00,pending,2026-07-04T14:42:44+00:00
ORD-008320,7,2,Wireless Mouse,peripherals,2,49.50,99.00,refunded,2026-07-04T23:20:48+00:00
ORD-008321,10,5,Over-ear Headphones,audio,5,199.95,999.75,refunded,2026-07-04T14:07:14+00:00
ORD-008322,8,9,USB-C Hub 8-in-1,accessories,3,39.99,119.97,refunded,2026-07-04T19:08:10+00:00
ORD-008323,7,4,34in Ultrawide Monitor,displays,1,579.00,579.00,pending,2026-07-04T20:48:47+00:00
ORD-008324,8,1,Mechanical Keyboard 75%,peripherals,3,129.00,387.00,completed,2026-07-04T05:53:58+00:00
ORD-008325,10,5,Over-ear Headphones,audio,2,199.95,-50.00,pending,2026-07-04T14:09:05+00:00
ORD-008326,7,6,Desk Speakers Pair,audio,5,89.00,445.00,cancelled,2026-07-04T02:51:39+00:00
ORD-008327,2,3,27in 1440p Monitor,displays,2,319.99,639.98,pending,2026-07-04T00:09:26+00:00
ORD-008328,10,8,Ergonomic Chair,furniture,3,612.75,1838.25,completed,2026-07-04T14:45:32+00:00
ORD-008329,4,2,Wireless Mouse,peripherals,4,49.50,198.00,completed,2026-07-04T14:12:57+00:00
ORD-008330,9,10,Laptop Stand Aluminium,accessories,1,27.50,27.50,refunded,2026-07-04T20:46:38+00:00
ORD-008331,1,4,34in Ultrawide Monitor,displays,4,579.00,2316.00,cancelled,2026-07-04T23:43:24+00:00
ORD-008332,1,6,Desk Speakers Pair,audio,2,89.00,178.00,refunded,2026-07-04T14:08:16+00:00
ORD-008333,1,3,27in 1440p Monitor,displays,2,319.99,639.98,refunded,2026-07-04T07:00:50+00:00
ORD-008334,8,4,34in Ultrawide Monitor,displays,3,579.00,1737.00,pending,2026-07-04T15:11:20+00:00
ORD-008335,6,6,Desk Speakers Pair,audio,4,89.00,356.00,refunded,2026-07-04T16:33:28+00:00
ORD-008336,10,10,Laptop Stand Aluminium,accessories,3,27.50,82.50,cancelled,2026-07-04T06:03:04+00:00
ORD-008337,1,2,Wireless Mouse,peripherals,1,49.50,49.50,completed,2026-07-04T10:50:55+00:00
ORD-008338,4,4,34in Ultrawide Monitor,displays,2,579.00,1158.00,completed,2026-07-04T17:04:03+00:00
ORD-008339,9,4,34in Ultrawide Monitor,displays,2,579.00,1158.00,pending,2026-07-04T11:14:00+00:00
ORD-008340,4,8,Ergonomic Chair,furniture,3,612.75,1838.25,cancelled,2026-07-04T13:52:10+00:00
ORD-008341,7,3,27in 1440p Monitor,displays,2,319.99,639.98,completed,2026-07-04T12:26:06+00:00
ORD-008342,3,2,Wireless Mouse,peripherals,5,49.50,247.50,completed,2026-07-04T18:44:42+00:00
ORD-008343,7,4,34in Ultrawide Monitor,displays,5,579.00,2895.00,cancelled,2026-07-04T00:07:13+00:00
ORD-008344,2,9,USB-C Hub 8-in-1,accessories,4,39.99,159.96,cancelled,2026-07-04T05:03:04+00:00
ORD-008345,2,4,34in Ultrawide Monitor,displays,1,579.00,579.00,pending,2026-07-04T03:44:57+00:00
ORD-008346,8,9,USB-C Hub 8-in-1,accessories,1,39.99,39.99,completed,2026-07-04T16:59:22+00:00
ORD-008347,7,4,34in Ultrawide Monitor,displays,4,579.00,2316.00,refunded,2026-07-04T15:26:01+00:00
ORD-008348,10,4,34in Ultrawide Monitor,displays,4,579.00,2316.00,cancelled,2026-07-04T23:41:58+00:00
ORD-008349,2,8,Ergonomic Chair,furniture,2,612.75,1225.50,pending,2026-07-04T18:27:49+00:00
ORD-008350,10,3,27in 1440p Monitor,displays,4,319.99,1279.96,cancelled,2026-07-04T11:52:57+00:00
ORD-008351,4,6,Desk Speakers Pair,audio,1,89.00,89.00,refunded,2026-07-04T07:00:30+00:00
ORD-008352,10,10,Laptop Stand Aluminium,accessories,1,27.50,27.50,cancelled,2026-07-04T06:17:59+00:00
ORD-008353,6,1,Mechanical Keyboard 75%,peripherals,2,129.00,258.00,pending,2026-07-04T17:51:39+00:00
ORD-008354,4,6,Desk Speakers Pair,audio,2,89.00,178.00,pending,2026-07-04T03:55:10+00:00
ORD-008355,8,5,Over-ear Headphones,audio,3,199.95,599.85,cancelled,2026-07-04T04:35:33+00:00
ORD-008356,10,7,Standing Desk 120cm,furniture,4,449.00,1796.00,cancelled,2026-07-04T03:34:23+00:00
ORD-008357,6,1,Mechanical Keyboard 75%,peripherals,2,129.00,258.00,refunded,2026-07-04T01:59:05+00:00
ORD-008358,1,9,USB-C Hub 8-in-1,accessories,4,39.99,159.96,refunded,2026-07-04T20:13:23+00:00
ORD-008359,6,2,Wireless Mouse,peripherals,2,49.50,99.00,pending,2026-07-04T14:29:28+00:00
ORD-008360,9,5,Over-ear Headphones,audio,5,199.95,999.75,completed,2026-07-04T10:38:07+00:00
ORD-008361,10,9,USB-C Hub 8-in-1,accessories,3,39.99,119.97,pending,2026-07-04T05:49:28+00:00
ORD-008362,1,9,USB-C Hub 8-in-1,accessories,5,39.99,199.95,completed,2026-07-04T06:09:43+00:00
ORD-008363,10,6,Desk Speakers Pair,audio,1,89.00,89.00,refunded,2026-07-04T10:04:06+00:00
ORD-008364,5,8,Ergonomic Chair,furniture,4,612.75,2451.00,completed,2026-07-04T15:03:38+00:00
ORD-008365,7,4,34in Ultrawide Monitor,displays,4,579.00,2316.00,cancelled,2026-07-04T03:05:27+00:00
ORD-008366,3,8,Ergonomic Chair,furniture,4,612.75,2451.00,pending,2026-07-04T12:36:40+00:00
ORD-008367,10,3,27in 1440p Monitor,displays,4,319.99,1279.96,cancelled,2026-07-04T03:57:04+00:00
ORD-008368,3,5,Over-ear Headphones,audio,5,199.95,999.75,cancelled,2026-07-04T00:51:46+00:00
ORD-008369,5,9,USB-C Hub 8-in-1,accessories,3,39.99,119.97,pending,2026-07-04T21:07:54+00:00
ORD-008370,8,5,Over-ear Headphones,audio,3,199.95,599.85,refunded,2026-07-04T16:40:33+00:00
ORD-008371,9,7,Standing Desk 120cm,furniture,1,449.00,449.00,refunded,2026-07-04T08:39:17+00:00
ORD-008372,1,6,Desk Speakers Pair,audio,3,89.00,267.00,completed,2026-07-04T00:35:56+00:00
ORD-008373,7,6,Desk Speakers Pair,audio,5,89.00,445.00,refunded,2026-07-04T12:37:19+00:00
ORD-008374,4,9,USB-C Hub 8-in-1,accessories,2,39.99,79.98,cancelled,2026-07-04T05:09:25+00:00
ORD-008375,1,10,Laptop Stand Aluminium,accessories,2,27.50,55.00,completed,2026-07-04T13:58:02+00:00
ORD-008376,3,10,Laptop Stand Aluminium,accessories,3,27.50,82.50,refunded,2026-07-04T03:09:58+00:00
ORD-008377,2,1,Mechanical Keyboard 75%,peripherals,4,129.00,516.00,cancelled,2026-07-04T13:56:22+00:00
ORD-008378,9,4,34in Ultrawide Monitor,displays,4,579.00,2316.00,refunded,2026-07-04T01:15:00+00:00
ORD-008379,3,9,USB-C Hub 8-in-1,accessories,1,39.99,39.99,completed,2026-07-04T15:57:34+00:00
ORD-008380,4,3,27in 1440p Monitor,displays,1,319.99,319.99,completed,2026-07-04T08:08:13+00:00
ORD-008381,10,2,Wireless Mouse,peripherals,2,49.50,99.00,refunded,2026-07-04T00:24:55+00:00
ORD-008382,4,7,Standing Desk 120cm,furniture,4,449.00,1796.00,refunded,2026-07-04T15:36:18+00:00
ORD-008383,8,3,27in 1440p Monitor,displays,1,319.99,319.99,pending,2026-07-04T07:15:28+00:00
ORD-008384,4,5,Over-ear Headphones,audio,3,199.95,599.85,refunded,2026-07-04T18:19:26+00:00
ORD-008385,1,6,Desk Speakers Pair,audio,4,89.00,356.00,refunded,2026-07-04T17:35:09+00:00
ORD-008386,1,2,Wireless Mouse,peripherals,5,49.50,247.50,cancelled,2026-07-04T22:53:54+00:00
ORD-008387,5,7,Standing Desk 120cm,furniture,3,449.00,1347.00,pending,2026-07-04T17:51:15+00:00
ORD-008388,8,10,Laptop Stand Aluminium,accessories,4,27.50,110.00,completed,2026-07-04T17:48:29+00:00
ORD-008389,8,6,Desk Speakers Pair,audio,3,89.00,267.00,pending,2026-07-04T14:14:21+00:00
ORD-008390,7,10,Laptop Stand Aluminium,accessories,2,27.50,55.00,cancelled,2026-07-04T02:45:47+00:00
ORD-008391,6,10,Laptop Stand Aluminium,accessories,1,27.50,27.50,cancelled,2026-07-04T21:29:37+00:00
ORD-008392,9,7,Standing Desk 120cm,furniture,5,449.00,2245.00,refunded,2026-07-04T23:48:15+00:00
ORD-008393,9,4,34in Ultrawide Monitor,displays,1,579.00,579.00,refunded,2026-07-04T12:52:51+00:00
ORD-008394,3,9,USB-C Hub 8-in-1,accessories,1,39.99,39.99,cancelled,2026-07-04T02:06:59+00:00
ORD-008395,10,4,34in Ultrawide Monitor,displays,1,579.00,579.00,pending,2026-07-04T04:58:24+00:00
ORD-008396,6,7,Standing Desk 120cm,furniture,4,449.00,1796.00,cancelled,2026-07-04T04:39:08+00:00
ORD-008397,1,8,Ergonomic Chair,furniture,5,612.75,3063.75,cancelled,2026-07-04T01:46:23+00:00
ORD-008398,1,9,USB-C Hub 8-in-1,accessories,1,39.99,39.99,completed,2026-07-04T11:08:09+00:00
ORD-008399,6,5,Over-ear Headphones,audio,4,199.95,799.80,refunded,2026-07-04T04:26:50+00:00
ORD-008400,2,1,Mechanical Keyboard 75%,peripherals,1,129.00,129.00,completed,2026-07-04T00:55:52+00:00
ORD-008401,9,1,Mechanical Keyboard 75%,peripherals,4,129.00,516.00,cancelled,2026-07-04T07:37:57+00:00
ORD-008402,4,5,Over-ear Headphones,audio,4,199.95,799.80,cancelled,2026-07-04T16:03:26+00:00
ORD-008403,7,8,Ergonomic Chair,furniture,3,612.75,1838.25,pending,2026-07-04T08:53:03+00:00
ORD-008404,10,10,Laptop Stand Aluminium,accessories,1,27.50,27.50,cancelled,2026-07-04T20:11:15+00:00
ORD-008405,10,2,Wireless Mouse,peripherals,2,49.50,99.00,cancelled,2026-07-04T03:54:25+00:00
ORD-008406,2,10,Laptop Stand Aluminium,accessories,4,27.50,110.00,pending,2026-07-04T18:07:29+00:00
ORD-008407,1,3,27in 1440p Monitor,displays,1,319.99,319.99,cancelled,2026-07-04T07:19:22+00:00
ORD-008408,5,5,Over-ear Headphones,audio,2,199.95,399.90,pending,2026-07-04T19:43:03+00:00
ORD-008409,2,6,Desk Speakers Pair,audio,1,89.00,89.00,completed,2026-07-04T03:46:14+00:00
ORD-008410,5,4,34in Ultrawide Monitor,displays,3,579.00,1737.00,completed,2026-07-04T21:53:15+00:00
ORD-008411,10,10,Laptop Stand Aluminium,accessories,3,27.50,82.50,cancelled,2026-07-04T06:02:44+00:00
ORD-008412,10,2,Wireless Mouse,peripherals,2,49.50,99.00,refunded,2026-07-04T11:24:52+00:00
ORD-008413,1,10,Laptop Stand Aluminium,accessories,5,27.50,137.50,pending,2026-07-04T21:28:03+00:00
ORD-008414,9,3,27in 1440p Monitor,displays,2,319.99,639.98,refunded,2026-07-04T20:18:34+00:00
ORD-008415,7,7,Standing Desk 120cm,furniture,4,449.00,1796.00,completed,2026-07-04T14:10:11+00:00
ORD-008416,10,7,Standing Desk 120cm,furniture,2,449.00,898.00,cancelled,2026-07-04T19:03:47+00:00
ORD-008417,1,2,Wireless Mouse,peripherals,2,49.50,99.00,pending,2026-07-04T11:16:38+00:00
ORD-008418,9,10,Laptop Stand Aluminium,accessories,5,27.50,137.50,pending,2026-07-04T17:07:34+00:00
ORD-008419,5,9,USB-C Hub 8-in-1,accessories,4,39.99,159.96,pending,2026-07-04T10:26:27+00:00
ORD-008420,9,1,Mechanical Keyboard 75%,peripherals,5,129.00,645.00,pending,2026-07-04T03:38:16+00:00
ORD-008421,10,7,Standing Desk 120cm,furniture,2,449.00,898.00,pending,2026-07-04T05:51:53+00:00
ORD-008422,3,10,Laptop Stand Aluminium,accessories,4,27.50,110.00,refunded,2026-07-04T00:18:37+00:00
ORD-008423,3,7,Standing Desk 120cm,furniture,2,449.00,898.00,completed,2026-07-04T18:33:40+00:00
ORD-008424,5,8,Ergonomic Chair,furniture,1,612.75,612.75,completed,2026-07-04T12:40:45+00:00
ORD-008425,4,9,USB-C Hub 8-in-1,accessories,3,39.99,119.97,pending,2026-07-04T04:16:04+00:00
ORD-008426,9,2,Wireless Mouse,peripherals,1,49.50,49.50,refunded,2026-07-04T17:06:31+00:00
ORD-008427,8,1,Mechanical Keyboard 75%,peripherals,3,129.00,387.00,refunded,2026-07-04T15:56:12+00:00
ORD-008428,10,8,Ergonomic Chair,furniture,4,612.75,2451.00,pending,2026-07-04T02:36:08+00:00
ORD-008429,3,9,USB-C Hub 8-in-1,accessories,5,39.99,199.95,completed,2026-07-04T22:05:31+00:00
ORD-008430,9,4,34in Ultrawide Monitor,displays,1,579.00,579.00,refunded,2026-07-04T05:40:58+00:00
ORD-008431,1,6,Desk Speakers Pair,audio,4,89.00,356.00,cancelled,2026-07-04T09:49:25+00:00
ORD-008432,4,9,USB-C Hub 8-in-1,accessories,5,39.99,199.95,completed,2026-07-04T06:45:40+00:00
ORD-008433,7,4,34in Ultrawide Monitor,displays,4,579.00,2316.00,refunded,2026-07-04T00:28:18+00:00
ORD-008434,2,8,Ergonomic Chair,furniture,5,612.75,3063.75,pending,2026-07-04T17:33:19+00:00
ORD-008435,3,5,Over-ear Headphones,audio,5,199.95,999.75,refunded,2026-07-04T17:11:25+00:00
ORD-008436,2,6,Desk Speakers Pair,audio,3,89.00,267.00,pending,2026-07-04T16:56:32+00:00
ORD-008437,7,7,Standing Desk 120cm,furniture,3,449.00,1347.00,refunded,2026-07-04T20:58:42+00:00
ORD-008438,5,5,Over-ear Headphones,audio,3,199.95,599.85,cancelled,2026-07-04T03:26:58+00:00
ORD-008439,3,4,34in Ultrawide Monitor,displays,4,579.00,2316.00,cancelled,2026-07-04T12:58:33+00:00
ORD-008440,9,8,Ergonomic Chair,furniture,3,612.75,1838.25,pending,2026-07-04T10:49:10+00:00
ORD-008441,10,6,Desk Speakers Pair,audio,2,89.00,178.00,completed,2026-07-04T15:15:53+00:00
ORD-008442,2,2,Wireless Mouse,peripherals,5,49.50,247.50,completed,2026-07-04T13:18:00+00:00
ORD-008443,8,2,Wireless Mouse,peripherals,3,49.50,148.50,pending,2026-07-04T15:45:25+00:00
ORD-008444,2,4,34in Ultrawide Monitor,displays,5,579.00,2895.00,cancelled,2026-07-04T12:32:10+00:00
ORD-008445,7,8,Ergonomic Chair,furniture,4,612.75,2451.00,refunded,2026-07-04T10:26:37+00:00
ORD-008446,7,1,Mechanical Keyboard 75%,peripherals,3,129.00,387.00,completed,2026-07-04T02:11:41+00:00
ORD-008447,9,10,Laptop Stand Aluminium,accessories,5,27.50,137.50,pending,2026-07-04T07:21:52+00:00
ORD-008448,5,2,Wireless Mouse,peripherals,5,49.50,247.50,refunded,2026-07-04T08:07:53+00:00
ORD-008449,8,6,Desk Speakers Pair,audio,1,89.00,89.00,cancelled,2026-07-04T06:27:42+00:00
ORD-008450,4,9,USB-C Hub 8-in-1,accessories,4,39.99,159.96,cancelled,2026-07-04T01:52:46+00:00
ORD-008451,4,6,Desk Speakers Pair,audio,4,89.00,356.00,pending,2026-07-04T07:22:54+00:00
ORD-008452,4,9,USB-C Hub 8-in-1,accessories,5,39.99,199.95,cancelled,2026-07-04T05:29:16+00:00
ORD-008453,5,10,Laptop Stand Aluminium,accessories,3,27.50,82.50,cancelled,2026-07-04T05:02:21+00:00
ORD-008454,2,8,Ergonomic Chair,furniture,1,612.75,612.75,cancelled,2026-07-04T12:20:33+00:00
ORD-008455,3,6,Desk Speakers Pair,audio,4,89.00,356.00,refunded,2026-07-04T19:18:49+00:00
ORD-008456,1,4,34in Ultrawide Monitor,displays,5,579.00,2895.00,pending,2026-07-04T19:48:12+00:00
ORD-008457,8,3,27in 1440p Monitor,displays,3,319.99,959.97,completed,2026-07-04T05:17:30+00:00
ORD-008458,7,7,Standing Desk 120cm,furniture,1,449.00,449.00,pending,2026-07-04T19:07:36+00:00
ORD-008459,8,9,USB-C Hub 8-in-1,accessories,4,39.99,159.96,cancelled,2026-07-04T21:07:02+00:00
ORD-008460,4,8,Ergonomic Chair,furniture,4,612.75,2451.00,refunded,2026-07-04T06:32:55+00:00
ORD-008461,6,1,Mechanical Keyboard 75%,peripherals,2,129.00,258.00,cancelled,2026-07-04T20:15:42+00:00
ORD-008462,3,8,Ergonomic Chair,furniture,5,612.75,3063.75,refunded,2026-07-04T16:09:42+00:00
ORD-008463,4,9,USB-C Hub 8-in-1,accessories,1,39.99,39.99,completed,2026-07-04T20:46:55+00:00
ORD-008464,10,10,Laptop Stand Aluminium,accessories,2,27.50,55.00,cancelled,2026-07-04T06:30:42+00:00
ORD-008465,3,2,Wireless Mouse,peripherals,2,49.50,99.00,completed,2026-07-04T08:06:58+00:00
ORD-008466,4,7,Standing Desk 120cm,furniture,2,449.00,898.00,cancelled,2026-07-04T12:41:20+00:00
ORD-008467,5,2,Wireless Mouse,peripherals,5,49.50,247.50,cancelled,2026-07-04T13:07:35+00:00
ORD-008468,9,6,Desk Speakers Pair,audio,3,89.00,267.00,pending,2026-07-04T02:20:44+00:00
ORD-008469,4,6,Desk Speakers Pair,audio,5,89.00,445.00,completed,2026-07-04T19:17:26+00:00
ORD-008470,4,5,Over-ear Headphones,audio,1,199.95,199.95,cancelled,2026-07-04T01:51:46+00:00
ORD-008471,4,7,Standing Desk 120cm,furniture,2,449.00,898.00,pending,2026-07-04T01:01:08+00:00
ORD-008472,8,9,USB-C Hub 8-in-1,accessories,2,39.99,79.98,pending,2026-07-04T15:41:44+00:00
ORD-008473,1,6,Desk Speakers Pair,audio,3,89.00,267.00,cancelled,2026-07-04T22:17:44+00:00
ORD-008474,7,8,Ergonomic Chair,furniture,5,612.75,3063.75,cancelled,2026-07-04T19:54:12+00:00
ORD-008475,9,8,Ergonomic Chair,furniture,1,612.75,612.75,refunded,2026-07-04T15:31:59+00:00
ORD-008476,3,3,27in 1440p Monitor,displays,1,319.99,319.99,cancelled,2026-07-04T07:05:19+00:00
ORD-008477,3,1,Mechanical Keyboard 75%,peripherals,5,129.00,645.00,refunded,2026-07-04T15:12:45+00:00
ORD-008478,5,9,USB-C Hub 8-in-1,accessories,3,39.99,119.97,pending,2026-07-04T14:03:05+00:00
ORD-008479,1,5,Over-ear Headphones,audio,4,199.95,799.80,pending,2026-07-04T14:04:32+00:00
ORD-008480,3,4,34in Ultrawide Monitor,displays,1,579.00,579.00,cancelled,2026-07-04T20:59:38+00:00
ORD-008481,9,9,USB-C Hub 8-in-1,accessories,4,39.99,159.96,cancelled,2026-07-04T06:26:51+00:00
ORD-008482,7,7,Standing Desk 120cm,furniture,4,449.00,1796.00,pending,2026-07-04T07:46:19+00:00
ORD-008483,4,2,Wireless Mouse,peripherals,4,49.50,198.00,completed,2026-07-04T07:22:03+00:00
ORD-008484,1,9,USB-C Hub 8-in-1,accessories,3,39.99,119.97,completed,2026-07-04T14:06:23+00:00
ORD-008485,3,8,Ergonomic Chair,furniture,2,612.75,1225.50,completed,2026-07-04T14:20:59+00:00
ORD-008486,5,4,34in Ultrawide Monitor,displays,2,579.00,1158.00,completed,2026-07-04T14:45:13+00:00
ORD-008487,5,9,USB-C Hub 8-in-1,accessories,3,39.99,119.97,completed,2026-07-04T18:11:24+00:00
ORD-008488,5,2,Wireless Mouse,peripherals,4,49.50,198.00,pending,2026-07-04T08:43:17+00:00
ORD-008489,1,1,Mechanical Keyboard 75%,peripherals,2,129.00,258.00,completed,2026-07-04T03:27:34+00:00
ORD-008490,7,7,Standing Desk 120cm,furniture,4,449.00,1796.00,refunded,2026-07-04T08:33:04+00:00
ORD-008491,5,3,27in 1440p Monitor,displays,2,319.99,639.98,cancelled,2026-07-04T19:05:02+00:00
ORD-008492,5,6,Desk Speakers Pair,audio,3,89.00,267.00,completed,2026-07-04T02:38:05+00:00
ORD-008493,10,9,USB-C Hub 8-in-1,accessories,3,39.99,119.97,refunded,2026-07-04T16:31:09+00:00
ORD-008494,6,3,27in 1440p Monitor,displays,2,319.99,639.98,completed,2026-07-04T20:55:58+00:00
ORD-008495,5,2,Wireless Mouse,peripherals,1,49.50,49.50,refunded,2026-07-04T18:37:16+00:00
ORD-008496,7,2,Wireless Mouse,peripherals,1,49.50,49.50,completed,2026-07-04T13:55:54+00:00
ORD-008497,1,1,Mechanical Keyboard 75%,peripherals,2,129.00,258.00,cancelled,2026-07-04T14:10:48+00:00
ORD-008498,2,7,Standing Desk 120cm,furniture,5,449.00,2245.00,refunded,2026-07-04T00:38:25+00:00
ORD-008499,4,5,Over-ear Headphones,audio,5,199.95,999.75,completed,2026-07-04T12:12:54+00:00
ORD-008500,5,7,Standing Desk 120cm,furniture,2,449.00,898.00,completed,2026-07-04T11:22:09+00:00
ORD-008501,8,1,Mechanical Keyboard 75%,peripherals,4,129.00,516.00,cancelled,2026-07-04T14:09:28+00:00
ORD-008502,3,6,Desk Speakers Pair,audio,4,89.00,356.00,completed,2026-07-04T08:02:27+00:00
ORD-008503,3,7,Standing Desk 120cm,furniture,3,449.00,1347.00,cancelled,2026-07-04T02:02:17+00:00
ORD-008504,10,3,27in 1440p Monitor,displays,2,319.99,639.98,pending,2026-07-04T19:06:30+00:00
ORD-008505,1,6,Desk Speakers Pair,audio,3,89.00,267.00,refunded,2026-07-04T09:15:24+00:00
ORD-008506,1,2,Wireless Mouse,peripherals,1,49.50,49.50,refunded,2026-07-04T23:22:59+00:00
ORD-008507,6,3,27in 1440p Monitor,displays,5,319.99,1599.95,completed,2026-07-04T18:46:48+00:00
ORD-008508,1,3,27in 1440p Monitor,displays,2,319.99,639.98,cancelled,2026-07-04T23:59:07+00:00
ORD-008509,8,1,Mechanical Keyboard 75%,peripherals,4,129.00,516.00,completed,2026-07-04T15:47:28+00:00
ORD-008510,4,5,Over-ear Headphones,audio,5,199.95,999.75,pending,2026-07-04T12:22:20+00:00
ORD-008511,2,4,34in Ultrawide Monitor,displays,1,579.00,579.00,cancelled,2026-07-04T18:11:25+00:00
ORD-008512,6,8,Ergonomic Chair,furniture,5,612.75,3063.75,cancelled,2026-07-04T11:32:02+00:00
ORD-008513,9,2,Wireless Mouse,peripherals,2,49.50,99.00,pending,2026-07-04T20:29:41+00:00
ORD-008514,3,5,Over-ear Headphones,audio,5,199.95,999.75,completed,2026-07-04T06:28:21+00:00
ORD-008515,2,3,27in 1440p Monitor,displays,5,319.99,1599.95,cancelled,2026-07-04T19:59:02+00:00
ORD-008516,10,3,27in 1440p Monitor,displays,1,319.99,319.99,cancelled,2026-07-04T18:31:57+00:00
ORD-008517,7,3,27in 1440p Monitor,displays,1,319.99,319.99,completed,2026-07-04T16:02:15+00:00
ORD-008518,10,2,Wireless Mouse,peripherals,2,49.50,99.00,refunded,2026-07-04T15:11:04+00:00
ORD-008519,6,3,27in 1440p Monitor,displays,3,319.99,959.97,completed,2026-07-04T01:39:22+00:00
ORD-008520,5,8,Ergonomic Chair,furniture,2,612.75,-50.00,completed,2026-07-04T04:56:48+00:00
ORD-008521,1,10,Laptop Stand Aluminium,accessories,3,27.50,82.50,pending,2026-07-04T08:41:15+00:00
ORD-008522,3,3,27in 1440p Monitor,displays,3,319.99,959.97,refunded,2026-07-04T01:40:06+00:00
ORD-008523,3,5,Over-ear Headphones,audio,5,199.95,999.75,pending,2026-07-04T14:28:12+00:00
ORD-008524,5,9,USB-C Hub 8-in-1,accessories,2,39.99,79.98,cancelled,2026-07-04T18:24:59+00:00
ORD-008525,7,1,Mechanical Keyboard 75%,peripherals,2,129.00,258.00,cancelled,2026-07-04T17:32:34+00:00
ORD-008526,10,5,Over-ear Headphones,audio,2,199.95,399.90,cancelled,2026-07-04T21:42:15+00:00
ORD-008527,9,3,27in 1440p Monitor,displays,5,319.99,1599.95,completed,2026-07-04T12:58:29+00:00
ORD-008528,9,4,34in Ultrawide Monitor,displays,2,579.00,1158.00,refunded,2026-07-04T00:57:27+00:00
