order_id,customer_id,product_id,product_name,category,quantity,unit_price,amount,status,order_date
ORD-096962,5,10,Laptop Stand Aluminium,accessories,1,27.50,27.50,cancelled,2026-08-15T03:11:32+00:00
ORD-096963,5,10,Laptop Stand Aluminium,accessories,4,27.50,110.00,completed,2026-08-15T17:24:44+00:00
ORD-096964,2,5,Over-ear Headphones,audio,3,199.95,599.85,refunded,2026-08-15T13:23:35+00:00
ORD-096965,3,7,Standing Desk 120cm,furniture,4,449.00,1796.00,pending,2026-08-15T21:54:41+00:00
ORD-096966,2,9,USB-C Hub 8-in-1,accessories,4,39.99,159.96,completed,2026-08-15T11:24:35+00:00
ORD-096967,1,3,27in 1440p Monitor,displays,1,319.99,319.99,pending,2026-08-15T06:29:49+00:00
ORD-096968,2,5,Over-ear Headphones,audio,2,199.95,399.90,cancelled,2026-08-15T10:11:55+00:00
ORD-096969,9,9,USB-C Hub 8-in-1,accessories,1,39.99,39.99,pending,2026-08-15T03:35:41+00:00
ORD-096970,6,10,Laptop Stand Aluminium,accessories,3,27.50,82.50,completed,2026-08-15T00:52:22+00:00
ORD-096971,10,1,Mechanical Keyboard 75%,peripherals,4,129.00,516.00,completed,2026-08-15T13:15:12+00:00
ORD-096972,5,3,27in 1440p Monitor,displays,1,319.99,319.99,refunded,2026-08-15T11:04:26+00:00
ORD-096973,5,9,USB-C Hub 8-in-1,accessories,4,39.99,159.96,pending,2026-08-15T08:34:58+00:00
ORD-096974,4,5,Over-ear Headphones,audio,3,199.95,599.85,completed,2026-08-15T22:43:44+00:00
ORD-096975,5,2,Wireless Mouse,peripherals,4,49.50,198.00,pending,2026-08-15T08:40:29+00:00
ORD-096976,3,3,27in 1440p Monitor,displays,5,319.99,1599.95,refunded,2026-08-15T05:33:30+00:00
ORD-096977,9,8,Ergonomic Chair,furniture,3,612.75,1838.25,completed,2026-08-15T06:54:17+00:00
ORD-096978,4,3,27in 1440p Monitor,displays,1,319.99,319.99,refunded,2026-08-15T01:11:20+00:00
ORD-096979,6,1,Mechanical Keyboard 75%,peripherals,3,129.00,387.00,cancelled,2026-08-15T08:15:45+00:00
ORD-096980,6,3,27in 1440p Monitor,displays,3,319.99,959.97,refunded,2026-08-15T04:23:46+00:00
ORD-096981,8,1,Mechanical Keyboard 75%,peripherals,4,129.00,516.00,cancelled,2026-08-15T04:38:32+00:00
ORD-096982,9,7,Standing Desk 120cm,furniture,4,449.00,1796.00,cancelled,2026-08-15T09:57:40+00:00
ORD-096983,10,8,Ergonomic Chair,furniture,5,612.75,3063.75,completed,2026-08-15T04:00:11+00:00
ORD-096984,5,9,USB-C Hub 8-in-1,accessories,2,39.99,79.98,cancelled,2026-08-15T09:35:00+00:00
ORD-096985,9,2,Wireless Mouse,peripherals,3,49.50,148.50,completed,2026-08-15T21:15:39+00:00
ORD-096986,7,5,Over-ear Headphones,audio,4,199.95,799.80,pending,2026-08-15T17:25:09+00:00
ORD-096987,7,7,Standing Desk 120cm,furniture,5,449.00,2245.00,pending,2026-08-15T01:46:10+00:00
ORD-096988,7,6,Desk Speakers Pair,audio,4,89.00,356.00,refunded,2026-08-15T05:13:20+00:00
ORD-096989,3,3,27in 1440p Monitor,displays,1,319.99,319.99,refunded,2026-08-15T04:02:47+00:00
ORD-096990,10,8,Ergonomic Chair,furniture,1,612.75,612.75,completed,2026-08-15T18:46:41+00:00
ORD-096991,7,9,USB-C Hub 8-in-1,accessories,4,39.99,159.96,cancelled,2026-08-15T16:46:52+00:00
ORD-096992,8,4,34in Ultrawide Monitor,displays,5,579.00,2895.00,refunded,2026-08-15T23:21:47+00:00
ORD-096993,3,7,Standing Desk 120cm,furniture,5,449.00,2245.00,pending,2026-08-15T09:44:11+00:00
ORD-096994,6,5,Over-ear Headphones,audio,3,199.95,599.85,refunded,2026-08-15T14:59:28+00:00
ORD-096995,5,7,Standing Desk 120cm,furniture,1,449.00,449.00,pending,2026-08-15T11:01:23+00:00
ORD-096996,4,10,Laptop Stand Aluminium,accessories,3,27.50,82.50,cancelled,2026-08-15T10:01:06+00:00
ORD-096997,5,2,Wireless Mouse,peripherals,4,49.50,198.00,refunded,2026-08-15T19:09:05+00:00
ORD-096998,2,3,27in 1440p Monitor,displays,3,319.99,959.97,cancelled,2026-08-15T12:52:43+00:00
ORD-096999,5,10,Laptop Stand Aluminium,accessories,1,27.50,27.50,cancelled,2026-08-15T14:31:31+00:00
ORD-097000,2,1,Mechanical Keyboard 75%,peripherals,1,129.00,129.00,pending,2026-08-15T04:18:24+00:00
ORD-097001,2,7,Standing Desk 120cm,furniture,5,449.00,2245.00,cancelled,2026-08-15T13:05:09+00:00
ORD-097002,9,8,Ergonomic Chair,furniture,2,612.75,1225.50,pending,2026-08-15T17:50:36+00:00
ORD-097003,2,8,Ergonomic Chair,furniture,2,612.75,1225.50,completed,2026-08-15T06:33:24+00:00
ORD-097004,9,9,USB-C Hub 8-in-1,accessories,3,39.99,119.97,cancelled,2026-08-15T14:04:17+00:00
ORD-097005,2,1,Mechanical Keyboard 75%,peripherals,2,129.00,258.00,refunded,2026-08-15T03:34:01+00:00
ORD-097006,1,5,Over-ear Headphones,audio,4,199.95,799.80,cancelled,2026-08-15T20:58:49+00:00
ORD-097007,4,1,Mechanical Keyboard 75%,peripherals,1,129.00,129.00,cancelled,2026-08-15T21:35:55+00:00
ORD-097008,4,3,27in 1440p Monitor,displays,4,319.99,1279.96,completed,2026-08-15T19:55:52+00:00
ORD-097009,5,8,Ergonomic Chair,furniture,2,612.75,1225.50,cancelled,2026-08-15T05:43:23+00:00
ORD-097010,10,9,USB-C Hub 8-in-1,accessories,4,39.99,159.96,pending,2026-08-15T08:01:21+00:00
ORD-097011,2,8,Ergonomic Chair,furniture,1,612.75,612.75,refunded,2026-08-15T03:25:55+00:00
ORD-097012,1,10,Laptop Stand Aluminium,accessories,5,27.50,137.50,pending,2026-08-15T05:42:26+00:00
ORD-097013,9,7,Standing Desk 120cm,furniture,2,449.00,898.00,pending,2026-08-15T23:07:09+00:00
ORD-097014,10,3,27in 1440p Monitor,displays,3,319.99,959.97,cancelled,2026-08-15T14:04:11+00:00
ORD-097015,1,3,27in 1440p Monitor,displays,3,319.99,959.97,pending,2026-08-15T18:50:37+00:00
ORD-097016,10,9,USB-C Hub 8-in-1,accessories,1,39.99,39.99,refunded,2026-08-15T03:40:24+00:00
ORD-097017,9,4,34in Ultrawide Monitor,displays,5,579.00,2895.00,completed,2026-08-15T18:08:05+00:00
ORD-097018,6,10,Laptop Stand Aluminium,accessories,4,27.50,110.00,pending,2026-08-15T20:37:41+00:00
ORD-097019,3,8,Ergonomic Chair,furniture,1,612.75,612.75,cancelled,2026-08-15T21:20:48+00:00
ORD-097020,5,10,Laptop Stand Aluminium,accessories,3,27.50,82.50,cancelled,2026-08-15T12:34:05+00:00
ORD-097021,10,10,Laptop Stand Aluminium,accessories,5,27.50,137.50,completed,2026-08-15T06:55:23+00:00
ORD-097022,8,2,Wireless Mouse,peripherals,2,49.50,99.00,cancelled,2026-08-15T17:18:09+00:00
ORD-097023,7,10,Laptop Stand Aluminium,accessories,2,27.50,55.00,refunded,2026-08-15T17:45:05+00:00
ORD-097024,9,6,Desk Speakers Pair,audio,5,89.00,445.00,cancelled,2026-08-15T06:37:08+00:00
ORD-097025,7,7,Standing Desk 120cm,furniture,5,449.00,2245.00,pending,2026-08-15T21:10:38+00:00
ORD-097026,3,1,Mechanical Keyboard 75%,peripherals,2,129.00,258.00,refunded,2026-08-15T04:28:58+00:00
ORD-097027,10,2,Wireless Mouse,peripherals,1,49.50,49.50,completed,2026-08-15T04:16:56+00:00
ORD-097028,9,4,34in Ultrawide Monitor,displays,2,579.00,1158.00,pending,2026-08-15T11:04:45+00:00
ORD-097029,8,8,Ergonomic Chair,furniture,1,612.75,612.75,cancelled,2026-08-15T16:41:57+00:00
ORD-097030,5,6,Desk Speakers Pair,audio,2,89.00,178.00,pending,2026-08-15T17:14:05+00:00
ORD-097031,8,1,Mechanical Keyboard 75%,peripherals,5,129.00,645.00,completed,2026-08-15T21:00:46+00:00
ORD-097032,8,5,Over-ear Headphones,audio,5,199.95,999.75,completed,2026-08-15T02:52:03+00:00
ORD-097033,4,6,Desk Speakers Pair,audio,1,89.00,89.00,refunded,2026-08-15T03:55:25+00:00
ORD-097034,3,8,Ergonomic Chair,furniture,4,612.75,2451.00,pending,2026-08-15T12:22:29+00:00
ORD-097035,6,7,Standing Desk 120cm,furniture,3,449.00,1347.00,completed,2026-08-15T06:31:58+00:00
ORD-097036,7,3,27in 1440p Monitor,displays,2,319.99,639.98,pending,2026-08-15T05:36:17+00:00
ORD-097037,2,7,Standing Desk 120cm,furniture,5,449.00,2245.00,refunded,2026-08-15T17:58:35+00:00
ORD-097038,9,1,Mechanical Keyboard 75%,peripherals,5,129.00,645.00,pending,2026-08-15T22:09:41+00:00
ORD-097039,4,1,Mechanical Keyboard 75%,peripherals,4,129.00,516.00,pending,2026-08-15T02:32:06+00:00
ORD-097040,1,1,Mechanical Keyboard 75%,peripherals,5,129.00,645.00,completed,2026-08-15T03:46:48+00:00
ORD-097041,6,1,Mechanical Keyboard 75%,peripherals,1,129.00,129.00,completed,2026-08-15T23:38:37+00:00
ORD-097042,2,2,Wireless Mouse,peripherals,5,49.50,247.50,pending,2026-08-15T01:53:27+00:00
ORD-097043,7,1,Mechanical Keyboard 75%,peripherals,3,129.00,387.00,cancelled,2026-08-15T20:47:51+00:00
ORD-097044,9,10,Laptop Stand Aluminium,accessories,5,27.50,137.50,cancelled,2026-08-15T06:15:05+00:00
ORD-097045,4,8,Ergonomic Chair,furniture,5,612.75,3063.75,refunded,2026-08-15T09:51:13+00:00
ORD-097046,6,10,Laptop Stand Aluminium,accessories,3,27.50,82.50,cancelled,2026-08-15T22:20:01+00:00
ORD-097047,2,7,Standing Desk 120cm,furniture,2,449.00,898.00,pending,2026-08-15T22:07:37+00:00
ORD-097048,6,10,Laptop Stand Aluminium,accessories,5,27.50,137.50,pending,2026-08-15T16:27:37+00:00
ORD-097049,2,10,Laptop Stand Aluminium,accessories,2,27.50,55.00,completed,2026-08-15T02:12:25+00:00
ORD-097050,10,5,Over-ear Headphones,audio,3,199.95,599.85,cancelled,2026-08-15T04:19:43+00:00
ORD-097051,6,8,Ergonomic Chair,furniture,3,612.75,1838.25,pending,2026-08-15T11:15:53+00:00
ORD-097052,10,4,34in Ultrawide Monitor,displays,3,579.00,1737.00,refunded,2026-08-15T08:25:56+00:00
ORD-097053,7,3,27in 1440p Monitor,displays,4,319.99,1279.96,pending,2026-08-15T13:10:17+00:00
ORD-097054,4,8,Ergonomic Chair,furniture,2,612.75,1225.50,refunded,2026-08-15T04:20:53+00:00
ORD-097055,5,3,27in 1440p Monitor,displays,1,319.99,319.99,cancelled,2026-08-15T20:00:36+00:00
ORD-097056,9,6,Desk Speakers Pair,audio,4,89.00,356.00,refunded,2026-08-15T13:33:11+00:00
ORD-097057,5,2,Wireless Mouse,peripherals,3,49.50,148.50,completed,2026-08-15T04:09:37+00:00
ORD-097058,2,4,34in Ultrawide Monitor,displays,3,579.00,1737.00,completed,2026-08-15T22:54:12+00:00
ORD-097059,9,6,Desk Speakers Pair,audio,3,89.00,267.00,cancelled,2026-08-15T17:30:19+00:00
ORD-097060,8,10,Laptop Stand Aluminium,accessories,1,27.50,27.50,completed,2026-08-15T16:15:44+00:00
ORD-097061,10,2,Wireless Mouse,peripherals,3,49.50,148.50,cancelled,2026-08-15T11:03:33+00:00
ORD-097062,8,7,Standing Desk 120cm,furniture,4,449.00,1796.00,pending,2026-08-15T06:02:29+00:00
ORD-097063,3,7,Standing Desk 120cm,furniture,2,449.00,898.00,cancelled,2026-08-15T09:28:21+00:00
ORD-097064,10,5,Over-ear Headphones,audio,1,199.95,199.95,pending,2026-08-15T07:59:50+00:00
ORD-097065,8,4,34in Ultrawide Monitor,displays,2,579.00,1158.00,cancelled,2026-08-15T19:25:12+00:00
ORD-097066,2,9,USB-C Hub 8-in-1,accessories,3,39.99,119.97,completed,2026-08-15T22:19:33+00:00
ORD-097067,2,9,USB-C Hub 8-in-1,accessories,2,39.99,79.98,cancelled,2026-08-15T10:24:48+00:00
ORD-097068,4,4,34in Ultrawide Monitor,displays,4,579.00,2316.00,cancelled,2026-08-15T05:15:53+00:00
ORD-097069,10,2,Wireless Mouse,peripherals,3,49.50,148.50,pending,2026-08-15T07:14:01+00:00
ORD-097070,5,4,34in Ultrawide Monitor,displays,5,579.00,2895.00,pending,2026-08-15T17:37:50+00:00
ORD-097071,4,3,27in 1440p Monitor,displays,4,319.99,1279.96,pending,2026-08-15T07:42:08+00:00
ORD-097072,7,10,Laptop Stand Aluminium,accessories,5,27.50,137.50,pending,2026-08-15T00:11:33+00:00
ORD-097073,2,2,Wireless Mouse,peripherals,1,49.50,49.50,completed,2026-08-15T09:14:13+00:00
ORD-097074,6,1,Mechanical Keyboard 75%,peripherals,2,129.00,258.00,pending,2026-08-15T14:53:05+00:00
ORD-097075,5,1,Mechanical Keyboard 75%,peripherals,1,129.00,129.00,pending,2026-08-15T00:29:28+00:00
ORD-097076,8,5,Over-ear Headphones,audio,1,199.95,199.95,cancelled,2026-08-15T01:38:53+00:00
ORD-097077,4,2,Wireless Mouse,peripherals,5,49.50,247.50,refunded,2026-08-15T20:43:44+00:00
ORD-097078,1,3,27in 1440p Monitor,displays,1,319.99,319.99,completed,2026-08-15T10:04:42+00:00
ORD-097079,2,3,27in 1440p Monitor,displays,5,319.99,1599.95,cancelled,2026-08-15T06:39:51+00:00
ORD-097080,8,7,Standing Desk 120cm,furniture,3,449.00,1347.00,cancelled,2026-08-15T16:17:15+00:00
ORD-097081,8,10,Laptop Stand Aluminium,accessories,4,27.50,110.00,completed,2026-08-15T16:08:31+00:00
ORD-097082,7,1,Mechanical Keyboard 75%,peripherals,1,129.00,129.00,completed,2026-08-15T00:22:25+00:00
ORD-097083,5,7,Standing Desk 120cm,furniture,5,449.00,2245.00,cancelled,2026-08-15T22:20:51+00:00
ORD-097084,4,1,Mechanical Keyboard 75%,peripherals,5,129.00,645.00,cancelled,2026-08-15T19:01:43+00:00
ORD-097085,9,10,Laptop Stand Aluminium,accessories,1,27.50,27.50,cancelled,2026-08-15T10:06:55+00:00
ORD-097086,1,3,27in 1440p Monitor,displays,1,319.99,319.99,refunded,2026-08-15T00:21:57+00:00
ORD-097087,10,1,Mechanical Keyboard 75%,peripherals,4,129.00,516.00,refunded,2026-08-15T07:07:38+00:00
ORD-097088,1,9,USB-C Hub 8-in-1,accessories,4,39.99,159.96,completed,2026-08-15T22:56:08+00:00
ORD-097089,5,6,Desk Speakers Pair,audio,4,89.00,356.00,cancelled,2026-08-15T23:45:41+00:00
ORD-097090,10,5,Over-ear Headphones,audio,1,199.95,199.95,cancelled,2026-08-15T21:22:27+00:00
ORD-097091,10,10,Laptop Stand Aluminium,accessories,1,27.50,27.50,pending,2026-08-15T20:30:22+00:00
ORD-097092,1,10,Laptop Stand Aluminium,accessories,5,27.50,137.50,cancelled,2026-08-15T13:26:00+00:00
ORD-097093,2,7,Standing Desk 120cm,furniture,1,449.00,449.00,cancelled,2026-08-15T10:10:06+00:00
ORD-097094,4,3,27in 1440p Monitor,displays,4,319.99,1279.96,refunded,2026-08-15T14:34:49+00:00
ORD-097095,4,9,USB-C Hub 8-in-1,accessories,2,39.99,79.98,completed,2026-08-15T11:43:21+00:00
ORD-097096,7,4,34in Ultrawide Monitor,displays,2,579.00,1158.00,refunded,2026-08-15T13:59:53+00:00
ORD-097097,9,1,Mechanical Keyboard 75%,peripherals,5,129.00,645.00,refunded,2026-08-15T20:39:08+00:00
ORD-097098,9,6,Desk Speakers Pair,audio,3,89.00,267.00,completed,2026-08-15T17:53:54+00:00
ORD-097099,5,10,Laptop Stand Aluminium,accessories,5,27.50,137.50,refunded,2026-08-15T02:39:12+00:00
ORD-097100,6,1,Mechanical Keyboard 75%,peripherals,4,129.00,516.00,completed,2026-08-15T18:03:00+00:00
ORD-097101,8,10,Laptop Stand Aluminium,accessories,3,27.50,82.50,cancelled,2026-08-15T18:24:22+00:00
ORD-097102,7,8,Ergonomic Chair,furniture,1,612.75,612.75,refunded,2026-08-15T09:18:16+00:00
ORD-097103,9,9,USB-C Hub 8-in-1,accessories,4,39.99,159.96,pending,2026-08-15T20:11:51+00:00
ORD-097104,10,3,27in 1440p Monitor,displays,3,319.99,959.97,cancelled,2026-08-15T15:45:25+00:00
ORD-097105,6,5,Over-ear Headphones,audio,1,199.95,199.95,pending,2026-08-15T17:28:54+00:00
ORD-097106,4,6,Desk Speakers Pair,audio,5,89.00,445.00,pending,2026-08-15T15:53:07+00:00
ORD-097107,8,3,27in 1440p Monitor,displays,3,319.99,959.97,pending,2026-08-15T13:33:32+00:00
ORD-097108,2,10,Laptop Stand Aluminium,accessories,4,27.50,110.00,completed,2026-08-15T16:22:22+00:00
ORD-097109,4,3,27in 1440p Monitor,displays,4,319.99,1279.96,cancelled,2026-08-15T16:42:08+00:00
ORD-097110,2,9,USB-C Hub 8-in-1,accessories,5,39.99,199.95,cancelled,2026-08-15T13:52:08+00:00
ORD-097111,1,3,27in 1440p Monitor,displays,1,319.99,319.99,pending,2026-08-15T11:17:48+00:00
ORD-097112,5,4,34in Ultrawide Monitor,displays,1,579.00,579.00,refunded,2026-08-15T22:31:44+00:00
ORD-097113,6,8,Ergonomic Chair,furniture,5,612.75,3063.75,refunded,2026-08-15T13:23:25+00:00
ORD-097114,10,3,27in 1440p Monitor,displays,1,319.99,319.99,completed,2026-08-15T13:06:35+00:00
ORD-097115,1,3,27in 1440p Monitor,displays,5,319.99,1599.95,completed,2026-08-15T07:04:15+00:00
ORD-097116,2,4,34in Ultrawide Monitor,displays,1,579.00,579.00,refunded,2026-08-15T16:19:35+00:00
ORD-097117,8,8,Ergonomic Chair,furniture,4,612.75,2451.00,refunded,2026-08-15T04:47:16+00:00
ORD-097118,4,4,34in Ultrawide Monitor,displays,4,579.00,2316.00,pending,2026-08-15T12:01:55+00:00
ORD-097119,9,5,Over-ear Headphones,audio,3,199.95,599.85,pending,2026-08-15T17:18:48+00:00
ORD-097120,8,7,Standing Desk 120cm,furniture,2,449.00,898.00,cancelled,2026-08-15T16:03:50+00:00
ORD-097121,7,4,34in Ultrawide Monitor,displays,1,579.00,579.00,refunded,2026-08-15T08:16:15+00:00
ORD-097122,10,7,Standing Desk 120cm,furniture,4,449.00,1796.00,pending,2026-08-15T22:16:26+00:00
ORD-097123,2,7,Standing Desk 120cm,furniture,1,449.00,449.00,pending,2026-08-15T15:18:20+00:00
ORD-097124,5,10,Laptop Stand Aluminium,accessories,1,27.50,27.50,pending,2026-08-15T10:11:18+00:00
ORD-097125,9,2,Wireless Mouse,peripherals,4,49.50,198.00,completed,2026-08-15T13:50:39+00:00
ORD-097126,8,9,USB-C Hub 8-in-1,accessories,2,39.99,79.98,refunded,2026-08-15T23:36:52+00:00
ORD-097127,6,6,Desk Speakers Pair,audio,3,89.00,267.00,refunded,2026-08-15T06:34:16+00:00
ORD-097128,6,7,Standing Desk 120cm,furniture,4,449.00,1796.00,cancelled,2026-08-15T08:45:41+00:00
ORD-097129,6,1,Mechanical Keyboard 75%,peripherals,1,129.00,129.00,refunded,2026-08-15T23:06:14+00:00
ORD-097130,3,2,Wireless Mouse,peripherals,1,49.50,49.50,pending,2026-08-15T15:00:04+00:00
ORD-097131,10,10,Laptop Stand Aluminium,accessories,1,27.50,27.50,refunded,2026-08-15T19:15:26+00:00
ORD-097132,7,9,USB-C Hub 8-in-1,accessories,4,39.99,159.96,cancelled,2026-08-15T23:09:52+00:00
ORD-097133,10,6,Desk Speakers Pair,audio,5,89.00,445.00,completed,2026-08-15T10:54:11+00:00
ORD-097134,10,6,Desk Speakers Pair,audio,2,89.00,178.00,cancelled,2026-08-15T03:07:09+00:00
ORD-097135,1,5,Over-ear Headphones,audio,2,199.95,399.90,pending,2026-08-15T09:05:28+00:00
ORD-097136,9,3,27in 1440p Monitor,displays,1,319.99,319.99,refunded,2026-08-15T15:37:06+00:00
ORD-097137,6,8,Ergonomic Chair,furniture,4,612.75,2451.00,pending,2026-08-15T20:29:19+00:00
ORD-097138,5,8,Ergonomic Chair,furniture,3,612.75,1838.25,completed,2026-08-15T23:24:34+00:00
ORD-097139,3,7,Standing Desk 120cm,furniture,3,449.00,1347.00,refunded,2026-08-15T11:01:00+00:00
ORD-097140,7,10,Laptop Stand Aluminium,accessories,4,27.50,110.00,completed,2026-08-15T23:08:15+00:00
ORD-097141,1,2,Wireless Mouse,peripherals,5,49.50,247.50,completed,2026-08-15T15:00:59+00:00
ORD-097142,2,6,Desk Speakers Pair,audio,3,89.00,267.00,cancelled,2026-08-15T22:02:38+00:00
ORD-097143,8,8,Ergonomic Chair,furniture,1,612.75,612.75,completed,2026-08-15T03:52:05+00:00
ORD-097144,6,8,Ergonomic Chair,furniture,3,612.75,1838.25,pending,2026-08-15T05:42:07+00:00
ORD-097145,8,10,Laptop Stand Aluminium,accessories,4,27.50,110.00,refunded,2026-08-15T05:48:19+00:00
ORD-097146,10,5,Over-ear Headphones,audio,2,199.95,399.90,completed,2026-08-15T00:36:22+00:00
ORD-097147,4,4,34in Ultrawide Monitor,displays,1,579.00,579.00,pending,2026-08-15T09:00:09+00:00
ORD-097148,5,5,Over-ear Headphones,audio,3,199.95,599.85,pending,2026-08-15T11:32:08+00:00
ORD-097149,4,4,34in Ultrawide Monitor,displays,3,579.00,1737.00,pending,2026-08-15T10:29:29+00:00
ORD-097150,6,3,27in 1440p Monitor,displays,4,319.99,1279.96,pending,2026-08-15T11:34:17+00:00
ORD-097151,4,3,27in 1440p Monitor,displays,1,319.99,319.99,refunded,2026-08-15T04:49:13+00:00
ORD-097152,2,5,Over-ear Headphones,audio,2,199.95,399.90,completed,2026-08-15T07:49:21+00:00
ORD-097153,4,8,Ergonomic Chair,furniture,1,612.75,612.75,completed,2026-08-15T13:02:21+00:00
ORD-097154,9,3,27in 1440p Monitor,displays,2,319.99,639.98,pending,2026-08-15T03:37:24+00:00
ORD-097155,8,10,Laptop Stand Aluminium,accessories,1,27.50,27.50,refunded,2026-08-15T11:48:18+00:00
ORD-097156,6,5,Over-ear Headphones,audio,1,199.95,199.95,pending,2026-08-15T05:14:48+00:00
ORD-097157,4,8,Ergonomic Chair,furniture,5,612.75,3063.75,completed,2026-08-15T10:06:20+00:00
ORD-097158,6,4,34in Ultrawide Monitor,displays,1,579.00,579.00,cancelled,2026-08-15T10:54:26+00:00
ORD-097159,10,9,USB-C Hub 8-in-1,accessories,4,39.99,159.96,completed,2026-08-15T03:55:04+00:00
ORD-097160,3,4,34in Ultrawide Monitor,displays,2,579.00,1158.00,cancelled,2026-08-15T12:03:17+00:00
ORD-097161,3,10,Laptop Stand Aluminium,accessories,2,27.50,55.00,pending,2026-08-15T02:36:18+00:00
ORD-097162,2,9,USB-C Hub 8-in-1,accessories,5,39.99,199.95,cancelled,2026-08-15T19:46:49+00:00
ORD-097163,9,8,Ergonomic Chair,furniture,2,612.75,1225.50,cancelled,2026-08-15T21:24:32+00:00
ORD-097164,2,3,27in 1440p Monitor,displays,5,319.99,1599.95,pending,2026-08-15T00:14:53+00:00
ORD-097165,2,1,Mechanical Keyboard 75%,peripherals,5,129.00,645.00,cancelled,2026-08-15T02:55:34+00:00
ORD-097166,4,9,USB-C Hub 8-in-1,accessories,5,39.99,199.95,pending,2026-08-15T23:50:23+00:00
ORD-097167,6,6,Desk Speakers Pair,audio,2,89.00,178.00,pending,2026-08-15T22:46:22+00:00
ORD-097168,6,10,Laptop Stand Aluminium,accessories,3,27.50,82.50,completed,2026-08-15T21:11:22+00:00
ORD-097169,4,1,Mechanical Keyboard 75%,peripherals,3,129.00,387.00,cancelled,2026-08-15T03:11:27+00:00
ORD-097170,8,2,Wireless Mouse,peripherals,1,49.50,49.50,refunded,2026-08-15T01:45:54+00:00
ORD-097171,8,5,Over-ear Headphones,audio,3,199.95,599.85,pending,2026-08-15T03:37:09+00:00
ORD-097172,6,8,Ergonomic Chair,furniture,2,612.75,1225.50,pending,2026-08-15T16:32:22+00:00
ORD-097173,10,3,27in 1440p Monitor,displays,5,319.99,1599.95,pending,2026-08-15T22:33:32+00:00
ORD-097174,5,9,USB-C Hub 8-in-1,accessories,4,39.99,159.96,pending,2026-08-15T23:02:15+00:00
ORD-097175,2,6,Desk Speakers Pair,audio,3,89.00,267.00,refunded,2026-08-15T00:17:33+00:00
ORD-097176,5,8,Ergonomic Chair,furniture,3,612.75,1838.25,cancelled,2026-08-15T08:45:55+00:00
ORD-097177,1,1,Mechanical Keyboard 75%,peripherals,2,129.00,258.00,completed,2026-08-15T07:26:33+00:00
ORD-097178,1,5,Over-ear Headphones,audio,1,199.95,199.95,pending,2026-08-15T14:07:05+00:00
ORD-097179,7,5,Over-ear Headphones,audio,2,199.95,399.90,completed,2026-08-15T21:46:50+00:00
ORD-097180,1,9,USB-C Hub 8-in-1,accessories,5,39.99,199.95,cancelled,2026-08-15T22:41:13+00:00
ORD-097181,4,1,Mechanical Keyboard 75%,peripherals,3,129.00,387.00,cancelled,2026-08-15T20:55:35+00:00
ORD-097182,6,2,Wireless Mouse,peripherals,3,49.50,148.50,refunded,2026-08-15T23:21:59+00:00
ORD-097183,9,10,Laptop Stand Aluminium,accessories,5,27.50,137.50,cancelled,2026-08-15T17:02:27+00:00
ORD-097184,2,1,Mechanical Keyboard 75%,peripherals,1,129.00,129.00,cancelled,2026-08-15T17:31:21+00:00
ORD-097185,4,5,Over-ear Headphones,audio,3,199.95,599.85,completed,2026-08-15T07:42:54+00:00
ORD-097186,8,4,34in Ultrawide Monitor,displays,2,579.00,1158.00,completed,2026-08-15T07:17:17+00:00
ORD-097187,8,6,Desk Speakers Pair,audio,1,89.00,89.00,completed,2026-08-15T23:05:29+00:00
ORD-097188,9,7,Standing Desk 120cm,furniture,5,449.00,2245.00,pending,2026-08-15T10:55:32+00:00
ORD-097189,7,10,Laptop Stand Aluminium,accessories,2,27.50,55.00,completed,2026-08-15T01:52:50+00:00
ORD-097190,3,7,Standing Desk 120cm,furniture,3,449.00,1347.00,refunded,2026-08-15T00:40:20+00:00
ORD-097191,3,5,Over-ear Headphones,audio,5,199.95,999.75,cancelled,2026-08-15T21:09:06+00:00
ORD-097192,9,10,Laptop Stand Aluminium,accessories,3,27.50,82.50,pending,2026-08-15T05:23:46+00:00
ORD-097193,4,7,Standing Desk 120cm,furniture,1,449.00,449.00,completed,2026-08-15T13:14:51+00:00
ORD-097194,2,3,27in 1440p Monitor,displays,3,319.99,959.97,completed,2026-08-15T09:31:35+00:00
ORD-097195,3,9,USB-C Hub 8-in-1,accessories,4,39.99,159.96,completed,2026-08-15T22:05:27+00:00
ORD-097196,1,9,USB-C Hub 8-in-1,accessories,5,39.99,199.95,cancelled,2026-08-15T13:52:56+00:00
ORD-097197,6,10,Laptop Stand Aluminium,accessories,3,27.50,82.50,pending,2026-08-15T22:44:32+00:00
ORD-097198,4,7,Standing Desk 120cm,furniture,5,449.00,2245.00,refunded,2026-08-15T03:18:29+00:00
ORD-097199,1,1,Mechanical Keyboard 75%,peripherals,3,129.00,387.00,pending,2026-08-15T05:47:29+00:00
ORD-097200,8,1,Mechanical Keyboard 75%,peripherals,3,129.00,387.00,unknown_status,2026-08-15T20:19:00+00:00
ORD-097201,3,5,Over-ear Headphones,audio,5,199.95,999.75,refunded,2026-08-15T13:49:47+00:00
ORD-097202,7,8,Ergonomic Chair,furniture,3,612.75,1838.25,cancelled,2026-08-15T21:29:24+00:00
ORD-097203,5,5,Over-ear Headphones,audio,1,199.95,199.95,refunded,2026-08-15T09:59:12+00:00
ORD-097204,5,5,Over-ear Headphones,audio,5,199.95,999.75,pending,2026-08-15T09:09:44+00:00
ORD-097205,2,6,Desk Speakers Pair,audio,3,89.00,267.00,pending,2026-08-15T18:59:04+00:00
ORD-097206,5,4,34in Ultrawide Monitor,displays,3,579.00,1737.00,completed,2026-08-15T10:41:48+00:00
ORD-097207,9,5,Over-ear Headphones,audio,1,199.95,199.95,completed,2026-08-15T18:57:01+00:00
ORD-097208,7,3,27in 1440p Monitor,displays,5,319.99,1599.95,refunded,2026-08-15T12:27:02+00:00
ORD-097209,2,6,Desk Speakers Pair,audio,4,89.00,356.00,refunded,2026-08-15T13:19:45+00:00
ORD-097210,2,9,USB-C Hub 8-in-1,accessories,4,39.99,159.96,cancelled,2026-08-15T16:53:30+00:00
ORD-097211,7,8,Ergonomic Chair,furniture,3,612.75,1838.25,pending,2026-08-15T15:24:15+00:00
ORD-097212,2,3,27in 1440p Monitor,displays,3,319.99,959.97,completed,2026-08-15T20:07:29+00:00
ORD-097213,5,9,USB-C Hub 8-in-1,accessories,3,39.99,119.97,completed,2026-08-15T15:46:16+00:00
ORD-097214,9,9,USB-C Hub 8-in-1,accessories,4,39.99,159.96,pending,2026-08-15T10:41:34+00:00
ORD-097215,3,10,Laptop Stand Aluminium,accessories,1,27.50,27.50,refunded,2026-08-15T19:56:30+00:00
ORD-097216,5,1,Mechanical Keyboard 75%,peripherals,5,129.00,645.00,refunded,2026-08-15T02:45:26+00:00
ORD-097217,9,10,Laptop Stand Aluminium,accessories,2,27.50,55.00,pending,2026-08-15T03:45:54+00:00
ORD-097218,1,4,34in Ultrawide Monitor,displays,3,579.00,1737.00,completed,2026-08-15T03:40:28+00:00
ORD-097219,10,7,Standing Desk 120cm,furniture,1,449.00,449.00,refunded,2026-08-15T06:46:59+00:00
ORD-097220,2,1,Mechanical Keyboard 75%,peripherals,5,129.00,645.00,cancelled,2026-08-15T02:35:41+00:00
ORD-097221,1,8,Ergonomic Chair,furniture,5,612.75,3063.75,refunded,2026-08-15T09:35:39+00:00
ORD-097222,5,9,USB-C Hub 8-in-1,accessories,5,39.99,199.95,pending,2026-08-15T07:51:53+00:00
ORD-097223,3,8,Ergonomic Chair,furniture,5,612.75,3063.75,pending,2026-08-15T00:20:15+00:00
ORD-097224,3,8,Ergonomic Chair,furniture,1,612.75,612.75,cancelled,2026-08-15T02:35:10+00:00
ORD-097225,6,4,34in Ultrawide Monitor,displays,3,579.00,1737.00,refunded,2026-08-15T04:02:47+00:00
ORD-097226,1,6,Desk Speakers Pair,audio,4,89.00,356.00,refunded,2026-08-15T08:52:23+00:00
ORD-097227,3,7,Standing Desk 120cm,furniture,3,449.00,1347.00,completed,2026-08-15T05:49:21+00:00
ORD-097228,3,10,Laptop Stand Aluminium,accessories,4,27.50,110.00,refunded,2026-08-15T11:36:57+00:00
ORD-097229,5,7,Standing Desk 120cm,furniture,5,449.00,2245.00,cancelled,2026-08-15T19:15:59+00:00
ORD-097230,3,1,Mechanical Keyboard 75%,peripherals,1,129.00,129.00,completed,2026-08-15T17:19:59+00:00
ORD-097231,2,10,Laptop Stand Aluminium,accessories,4,27.50,110.00,cancelled,2026-08-15T05:39:19+00:00
ORD-097232,3,2,Wireless Mouse,peripherals,4,49.50,198.00,completed,2026-08-15T06:15:28+00:00
ORD-097233,2,5,Over-ear Headphones,audio,5,199.95,999.75,cancelled,2026-08-15T16:03:04+00:00
ORD-097234,2,4,34in Ultrawide Monitor,displays,3,579.00,1737.00,refunded,2026-08-15T22:55:39+00:00
ORD-097235,4,4,34in Ultrawide Monitor,displays,2,579.00,1158.00,pending,2026-08-15T11:40:52+00:00
ORD-097236,2,5,Over-ear Headphones,audio,1,199.95,199.95,cancelled,2026-08-15T06:59:10+00:00
ORD-097237,8,6,Desk Speakers Pair,audio,1,89.00,89.00,cancelled,2026-08-15T13:01:57+00:00
ORD-097238,5,5,Over-ear Headphones,audio,5,199.95,999.75,pending,2026-08-15T00:07:44+00:00
ORD-097239,9,2,Wireless Mouse,peripherals,2,49.50,99.00,refunded,2026-08-15T12:06:13+00:00
ORD-097240,10,9,USB-C Hub 8-in-1,accessories,5,39.99,199.95,refunded,2026-08-15T09:39:56+00:00
ORD-097241,10,4,34in Ultrawide Monitor,displays,3,579.00,1737.00,completed,2026-08-15T17:13:06+00:00
ORD-097242,4,1,Mechanical Keyboard 75%,peripherals,1,129.00,129.00,completed,2026-08-15T08:48:50+00:00
ORD-097243,5,3,27in 1440p Monitor,displays,2,319.99,639.98,completed,2026-08-15T04:46:47+00:00
ORD-097244,1,10,Laptop Stand Aluminium,accessories,5,27.50,137.50,refunded,2026-08-15T06:49:38+00:00
ORD-097245,6,9,USB-C Hub 8-in-1,accessories,4,39.99,159.96,cancelled,2026-08-15T18:58:53+00:00
ORD-097246,6,9,USB-C Hub 8-in-1,accessories,5,39.99,199.95,completed,2026-08-15T15:33:15+00:00
ORD-097247,9,10,Laptop Stand Aluminium,accessories,4,27.50,110.00,pending,2026-08-15T04:43:18+00:00
ORD-097248,1,1,Mechanical Keyboard 75%,peripherals,1,129.00,129.00,pending,2026-08-15T07:29:59+00:00
ORD-097249,1,3,27in 1440p Monitor,displays,1,319.99,319.99,cancelled,2026-08-15T09:33:06+00:00
ORD-097250,9,3,27in 1440p Monitor,displays,4,319.99,1279.96,cancelled,2026-08-15T20:53:01+00:00
ORD-097251,7,1,Mechanical Keyboard 75%,peripherals,2,129.00,258.00,cancelled,2026-08-15T08:42:37+00:00
ORD-097252,4,7,Standing Desk 120cm,furniture,4,449.00,1796.00,pending,2026-08-15T01:19:55+00:00
ORD-097253,7,3,27in 1440p Monitor,displays,3,319.99,959.97,completed,2026-08-15T12:36:24+00:00
ORD-097254,7,8,Ergonomic Chair,furniture,2,612.75,1225.50,refunded,2026-08-15T13:20:37+00:00
ORD-097255,2,10,Laptop Stand Aluminium,accessories,5,27.50,137.50,refunded,2026-08-15T05:38:23+00:00
ORD-097256,3,9,USB-C Hub 8-in-1,accessories,4,39.99,159.96,pending,2026-08-15T07:52:55+00:00
ORD-097257,8,7,Standing Desk 120cm,furniture,5,449.00,2245.00,completed,2026-08-15T16:57:48+00:00
ORD-097258,4,5,Over-ear Headphones,audio,2,199.95,399.90,completed,2026-08-15T01:20:28+00:00
ORD-097259,2,2,Wireless Mouse,peripherals,5,49.50,247.50,pending,2026-08-15T09:46:08+00:00
ORD-097260,3,1,Mechanical Keyboard 75%,peripherals,2,129.00,258.00,cancelled,2026-08-15T18:00:51+00:00
ORD-097261,10,6,Desk Speakers Pair,audio,3,89.00,267.00,cancelled,2026-08-15T01:09:24+00:00
ORD-097262,10,9,USB-C Hub 8-in-1,accessories,1,39.99,39.99,cancelled,2026-08-15T17:56:42+00:00
ORD-097263,5,2,Wireless Mouse,peripherals,1,49.50,49.50,refunded,2026-08-15T06:05:44+00:00
ORD-097264,5,2,Wireless Mouse,peripherals,4,49.50,198.00,cancelled,2026-08-15T02:27:41+00:00
ORD-097265,9,4,34in Ultrawide Monitor,displays,5,579.00,2895.00,cancelled,2026-08-15T23:35:09+00:00
ORD-097266,10,7,Standing Desk 120cm,furniture,4,449.00,1796.00,refunded,2026-08-15T08:23:12+00:00
ORD-097267,2,7,Standing Desk 120cm,furniture,1,449.00,449.00,refunded,2026-08-15T14:59:23+00:00
ORD-097268,10,9,USB-C Hub 8-in-1,accessories,1,39.99,39.99,pending,2026-08-15T21:39:20+00:00
ORD-097269,4,10,Laptop Stand Aluminium,accessories,1,27.50,27.50,pending,2026-08-15T04:52:07+00:00
ORD-097270,2,10,Laptop Stand Aluminium,accessories,3,27.50,82.50,pending,2026-08-15T01:58:56+00:00
ORD-097271,6,9,USB-C Hub 8-in-1,accessories,5,39.99,199.95,completed,2026-08-15T14:46:45+00:00
ORD-097272,8,3,27in 1440p Monitor,displays,2,319.99,639.98,refunded,2026-08-15T15:59:32+00:00
ORD-097273,9,1,Mechanical Keyboard 75%,peripherals,3,129.00,387.00,refunded,2026-08-15T20:31:05+00:00
ORD-097274,3,2,Wireless Mouse,peripherals,4,49.50,198.00,pending,2026-08-15T11:14:18+00:00
ORD-097275,9,10,Laptop Stand Aluminium,accessories,2,27.50,55.00,completed,2026-08-15T02:28:32+00:00
ORD-097276,6,8,Ergonomic Chair,furniture,4,612.75,2451.00,cancelled,2026-08-15T13:29:59+00:00
ORD-097277,9,2,Wireless Mouse,peripherals,5,49.50,247.50,completed,2026-08-15T02:27:26+00:00
ORD-097278,7,10,Laptop Stand Aluminium,accessories,5,27.50,137.50,pending,2026-08-15T11:54:00+00:00
ORD-097279,1,5,Over-ear Headphones,audio,3,199.95,599.85,cancelled,2026-08-15T03:36:26+00:00
ORD-097280,3,3,27in 1440p Monitor,displays,5,319.99,1599.95,completed,2026-08-15T10:13:30+00:00
ORD-097281,5,6,Desk Speakers Pair,audio,4,89.00,356.00,pending,2026-08-15T13:12:20+00:00
ORD-097282,3,5,Over-ear Headphones,audio,2,199.95,399.90,completed,2026-08-15T15:31:03+00:00
ORD-097283,10,9,USB-C Hub 8-in-1,accessories,3,39.99,119.97,cancelled,2026-08-15T05:01:50+00:00
ORD-097284,1,9,USB-C Hub 8-in-1,accessories,3,39.99,119.97,completed,2026-08-15T17:45:19+00:00
ORD-097285,3,8,Ergonomic Chair,furniture,1,612.75,612.75,completed,2026-08-15T07:02:30+00:00
ORD-097286,5,10,Laptop Stand Aluminium,accessories,5,27.50,137.50,completed,2026-08-15T05:38:15+00:00
ORD-097287,7,5,Over-ear Headphones,audio,3,199.95,599.85,refunded,2026-08-15T05:07:44+00:00
ORD-097288,9,9,USB-C Hub 8-in-1,accessories,3,39.99,119.97,cancelled,2026-08-15T02:58:08+00:00
ORD-097289,4,10,Laptop Stand Aluminium,accessories,3,27.50,82.50,refunded,2026-08-15T17:14:08+00:00
ORD-097290,3,8,Ergonomic Chair,furniture,1,612.75,612.75,unknown_status,2026-08-15T00:45:59+00:00
ORD-097291,1,3,27in 1440p Monitor,displays,1,319.99,319.99,cancelled,2026-08-15T08:44:52+00:00
ORD-097292,1,7,Standing Desk 120cm,furniture,3,449.00,1347.00,refunded,2026-08-15T07:03:50+00:00
ORD-097293,10,9,USB-C Hub 8-in-1,accessories,5,39.99,199.95,completed,2026-08-15T06:57:31+00:00
ORD-097294,7,6,Desk Speakers Pair,audio,1,89.00,89.00,cancelled,2026-08-15T09:13:15+00:00
ORD-097295,8,6,Desk Speakers Pair,audio,1,89.00,89.00,completed,2026-08-15T19:38:57+00:00
ORD-097296,10,1,Mechanical Keyboard 75%,peripherals,5,129.00,645.00,completed,2026-08-15T19:23:03+00:00
ORD-097297,7,9,USB-C Hub 8-in-1,accessories,4,39.99,159.96,cancelled,2026-08-15T15:54:00+00:00
ORD-097298,9,9,USB-C Hub 8-in-1,accessories,4,39.99,159.96,completed,2026-08-15T18:16:52+00:00
ORD-097299,8,2,Wireless Mouse,peripherals,4,49.50,198.00,completed,2026-08-15T03:42:13+00:00
ORD-097300,2,9,USB-C Hub 8-in-1,accessories,2,39.99,79.98,completed,2026-08-15T05:27:49+00:00
ORD-097301,5,6,Desk Speakers Pair,audio,1,89.00,89.00,completed,2026-08-15T00:29:15+00:00
ORD-097302,7,10,Laptop Stand Aluminium,accessories,4,27.50,110.00,refunded,2026-08-15T07:46:53+00:00
ORD-097303,8,2,Wireless Mouse,peripherals,2,49.50,99.00,completed,2026-08-15T20:14:31+00:00
ORD-097304,2,2,Wireless Mouse,peripherals,2,49.50,99.00,refunded,2026-08-15T22:28:38+00:00
ORD-097305,6,3,27in 1440p Monitor,displays,1,319.99,319.99,completed,2026-08-15T06:11:23+00:00
ORD-097306,5,9,USB-C Hub 8-in-1,accessories,5,39.99,199.95,completed,2026-08-15T21:24:45+00:00
ORD-097307,7,10,Laptop Stand Aluminium,accessories,1,27.50,27.50,completed,2026-08-15T13:54:44+00:00
ORD-097308,9,4,34in Ultrawide Monitor,displays,1,579.00,579.00,refunded,2026-08-15T01:09:37+00:00
ORD-097309,6,5,Over-ear Headphones,audio,3,199.95,599.85,completed,2026-08-15T09:11:17+00:00
ORD-097310,9,2,Wireless Mouse,peripherals,5,49.50,247.50,refunded,2026-08-15T06:00:44+00:00
ORD-097311,3,3,27in 1440p Monitor,displays,4,319.99,1279.96,refunded,2026-08-15T18:00:14+00:00
ORD-097312,9,1,Mechanical Keyboard 75%,peripherals,4,129.00,516.00,cancelled,2026-08-15T00:27:01+00:00
ORD-097313,2,10,Laptop Stand Aluminium,accessories,1,27.50,27.50,cancelled,2026-08-15T01:08:56+00:00
ORD-097314,1,4,34in Ultrawide Monitor,displays,1,579.00,579.00,refunded,2026-08-15T07:13:36+00:00
ORD-097315,7,1,Mechanical Keyboard 75%,peripherals,3,129.00,387.00,completed,2026-08-15T08:37:55+00:00
ORD-097316,4,10,Laptop Stand Aluminium,accessories,5,27.50,137.50,pending,2026-08-15T17:05:19+00:00
ORD-097317,4,4,34in Ultrawide Monitor,displays,3,579.00,1737.00,refunded,2026-08-15T07:59:21+00:00
ORD-097318,6,5,Over-ear Headphones,audio,1,199.95,199.95,cancelled,2026-08-15T04:48:14+00:00
ORD-097319,9,2,Wireless Mouse,peripherals,5,49.50,247.50,completed,2026-08-15T23:09:34+00:00
ORD-097320,1,7,Standing Desk 120cm,furniture,3,449.00,1347.00,pending,2026-08-15T19:11:29+00:00
ORD-097321,2,8,Ergonomic Chair,furniture,1,612.75,612.75,completed,2026-08-15T22:35:55+00:00
ORD-097322,5,2,Wireless Mouse,peripherals,2,49.50,99.00,pending,2026-08-15T02:39:33+00:00
ORD-097323,10,7,Standing Desk 120cm,furniture,2,449.00,898.00,pending,2026-08-15T05:58:30+00:00
ORD-097324,7,3,27in 1440p Monitor,displays,2,319.99,639.98,completed,2026-08-15T17:13:02+00:00
ORD-097325,10,1,Mechanical Keyboard 75%,peripherals,2,129.00,258.00,refunded,2026-08-15T15:51:00+00:00
ORD-097326,3,10,Laptop Stand Aluminium,accessories,2,27.50,55.00,pending,2026-08-15T21:11:30+00:00
ORD-097327,1,1,Mechanical Keyboard 75%,peripherals,3,129.00,387.00,refunded,2026-08-15T13:06:01+00:00
ORD-097328,8,5,Over-ear Headphones,audio,2,199.95,399.90,completed,2026-08-15T21:12:40+00:00
ORD-097329,1,9,USB-C Hub 8-in-1,accessories,5,39.99,199.95,completed,2026-08-15T10:00:55+00:00
ORD-097330,9,4,34in Ultrawide Monitor,displays,5,579.00,2895.00,pending,2026-08-15T18:08:33+00:00
ORD-097331,1,3,27in 1440p Monitor,displays,3,319.99,959.97,cancelled,2026-08-15T07:26:32+00:00
ORD-097332,7,1,Mechanical Keyboard 75%,peripherals,1,129.00,129.00,pending,2026-08-15T08:10:06+00:00
ORD-097333,5,10,Laptop Stand Aluminium,accessories,5,27.50,137.50,completed,2026-08-15T07:28:55+00:00
ORD-097334,9,4,34in Ultrawide Monitor,displays,1,579.00,579.00,pending,2026-08-15T06:48:46+00:00
ORD-097335,6,6,Desk Speakers Pair,audio,1,89.00,89.00,completed,2026-08-15T11:52:50+00:00
ORD-097336,6,8,Ergonomic Chair,furniture,2,612.75,1225.50,pending,2026-08-15T18:17:27+00:00
ORD-097337,1,7,Standing Desk 120cm,furniture,5,449.00,2245.00,pending,2026-08-15T15:08:30+00:00
ORD-097338,4,3,27in 1440p Monitor,displays,2,319.99,639.98,refunded,2026-08-15T07:07:12+00:00
ORD-097339,10,2,Wireless Mouse,peripherals,1,49.50,49.50,completed,2026-08-15T21:47:14+00:00
ORD-097340,5,9,USB-C Hub 8-in-1,accessories,2,39.99,79.98,pending,2026-08-15T14:50:15+00:00
ORD-097341,3,7,Standing Desk 120cm,furniture,5,449.00,2245.00,cancelled,2026-08-15T23:08:54+00:00
ORD-097342,8,8,Ergonomic Chair,furniture,4,612.75,2451.00,cancelled,2026-08-15T11:07:38+00:00
ORD-097343,8,9,USB-C Hub 8-in-1,accessories,5,39.99,199.95,cancelled,2026-08-15T03:29:31+00:00
ORD-097344,7,6,Desk Speakers Pair,audio,2,89.00,178.00,pending,2026-08-15T16:48:01+00:00
ORD-097345,7,3,27in 1440p Monitor,displays,5,319.99,1599.95,completed,2026-08-15T06:59:42+00:00
ORD-097346,9,2,Wireless Mouse,peripherals,2,49.50,99.00,refunded,2026-08-15T05:23:57+00:00
ORD-097347,10,1,Mechanical Keyboard 75%,peripherals,5,129.00,645.00,pending,2026-08-15T15:49:22+00:00
ORD-097348,7,8,Ergonomic Chair,furniture,3,612.75,1838.25,refunded,2026-08-15T04:21:06+00:00
ORD-097349,4,2,Wireless Mouse,peripherals,1,49.50,49.50,completed,2026-08-15T00:10:23+00:00
ORD-097350,4,7,Standing Desk 120cm,furniture,3,449.00,1347.00,completed,2026-08-15T19:53:00+00:00
ORD-097351,7,4,34in Ultrawide Monitor,displays,1,579.00,579.00,pending,2026-08-15T01:34:24+00:00
ORD-097352,2,6,Desk Speakers Pair,audio,4,89.00,356.00,completed,2026-08-15T03:23:32+00:00
ORD-097353,7,1,Mechanical Keyboard 75%,peripherals,5,129.00,645.00,completed,2026-08-15T22:09:17+00:00
ORD-097354,8,8,Ergonomic Chair,furniture,3,612.75,1838.25,refunded,2026-08-15T07:13:28+00:00
ORD-097355,2,9,USB-C Hub 8-in-1,accessories,3,39.99,119.97,completed,2026-08-15T02:43:49+00:00
ORD-097356,4,8,Ergonomic Chair,furniture,3,612.75,1838.25,pending,2026-08-15T05:07:42+00:00
ORD-097357,8,1,Mechanical Keyboard 75%,peripherals,2,129.00,258.00,cancelled,2026-08-15T01:30:58+00:00
ORD-097358,8,10,Laptop Stand Aluminium,accessories,3,27.50,82.50,completed,2026-08-15T02:39:55+00:00
ORD-097359,7,7,Standing Desk 120cm,furniture,2,449.00,898.00,cancelled,2026-08-15T14:53:25+00:00
ORD-097360,5,6,Desk Speakers Pair,audio,3,89.00,267.00,cancelled,2026-08-15T20:40:05+00:00
ORD-097361,9,7,Standing Desk 120cm,furniture,2,449.00,898.00,refunded,2026-08-15T23:06:51+00:00
ORD-097362,2,3,27in 1440p Monitor,displays,5,319.99,1599.95,refunded,2026-08-15T00:05:06+00:00
ORD-097363,6,10,Laptop Stand Aluminium,accessories,2,27.50,55.00,completed,2026-08-15T10:29:20+00:00
ORD-097364,7,10,Laptop Stand Aluminium,accessories,4,27.50,110.00,cancelled,2026-08-15T06:19:44+00:00
ORD-097365,1,5,Over-ear Headphones,audio,1,199.95,199.95,pending,2026-08-15T07:40:39+00:00
ORD-097366,1,9,USB-C Hub 8-in-1,accessories,3,39.99,119.97,pending,2026-08-15T10:56:33+00:00
ORD-097367,7,1,Mechanical Keyboard 75%,peripherals,4,129.00,516.00,refunded,2026-08-15T07:03:21+00:00
ORD-097368,4,3,27in 1440p Monitor,displays,5,319.99,1599.95,pending,2026-08-15T10:27:24+00:00
ORD-097369,9,5,Over-ear Headphones,audio,4,199.95,799.80,refunded,2026-08-15T16:18:07+00:00
ORD-097370,1,7,Standing Desk 120cm,furniture,3,449.00,1347.00,cancelled,2026-08-15T11:28:05+00:00
ORD-097371,7,1,Mechanical Keyboard 75%,peripherals,5,129.00,645.00,cancelled,2026-08-15T04:43:02+00:00
ORD-097372,10,1,Mechanical Keyboard 75%,peripherals,2,129.00,258.00,cancelled,2026-08-15T12:27:40+00:00
ORD-097373,1,2,Wireless Mouse,peripherals,2,49.50,99.00,cancelled,2026-08-15T07:19:12+00:00
ORD-097374,2,9,USB-C Hub 8-in-1,accessories,4,39.99,159.96,refunded,2026-08-15T10:38:08+00:00
ORD-097375,2,8,Ergonomic Chair,furniture,3,612.75,1838.25,cancelled,2026-08-15T02:01:47+00:00
ORD-097376,5,6,Desk Speakers Pair,audio,1,89.00,89.00,refunded,2026-08-15T11:37:08+00:00
ORD-097377,6,5,Over-ear Headphones,audio,3,199.95,599.85,pending,2026-08-15T19:09:35+00:00
ORD-097378,6,5,Over-ear Headphones,audio,3,199.95,599.85,refunded,2026-08-15T01:24:40+00:00
ORD-097379,2,7,Standing Desk 120cm,furniture,1,449.00,449.00,refunded,2026-08-15T22:13:00+00:00
ORD-097380,6,6,Desk Speakers Pair,audio,5,89.00,445.00,cancelled,2026-08-15T23:18:31+00:00
ORD-097381,10,5,Over-ear Headphones,audio,1,199.95,199.95,completed,2026-08-15T06:01:10+00:00
ORD-097382,6,1,Mechanical Keyboard 75%,peripherals,4,129.00,516.00,refunded,2026-08-15T13:17:32+00:00
ORD-097383,5,1,Mechanical Keyboard 75%,peripherals,4,129.00,516.00,refunded,2026-08-15T07:01:41+00:00
ORD-097384,7,9,USB-C Hub 8-in-1,accessories,1,39.99,39.99,refunded,2026-08-15T18:34:32+00:00
ORD-097385,10,7,Standing Desk 120cm,furniture,5,449.00,2245.00,cancelled,2026-08-15T03:37:00+00:00
ORD-097386,5,8,Ergonomic Chair,furniture,3,612.75,1838.25,cancelled,2026-08-15T02:38:48+00:00
ORD-097387,2,10,Laptop Stand Aluminium,accessories,3,27.50,82.50,cancelled,2026-08-15T21:58:13+00:00
ORD-097388,5,6,Desk Speakers Pair,audio,3,89.00,267.00,cancelled,2026-08-15T11:12:07+00:00
ORD-097389,9,5,Over-ear Headphones,audio,1,199.95,199.95,cancelled,2026-08-15T14:44:44+00:00
ORD-097390,5,8,Ergonomic Chair,furniture,3,612.75,1838.25,cancelled,2026-08-15T21:57:25+00:00
ORD-097391,9,9,USB-C Hub 8-in-1,accessories,5,39.99,199.95,completed,2026-08-15T09:24:14+00:00
ORD-097392,9,2,Wireless Mouse,peripherals,1,49.50,49.50,refunded,2026-08-15T21:15:01+00:00
ORD-097393,3,5,Over-ear Headphones,audio,1,199.95,199.95,refunded,2026-08-15T00:23:57+00:00
ORD-097394,4,10,Laptop Stand Aluminium,accessories,5,27.50,137.50,completed,2026-08-15T04:30:49+00:00
ORD-097395,9,2,Wireless Mouse,peripherals,1,49.50,49.50,refunded,2026-08-15T06:45:02+00:00
ORD-097396,1,5,Over-ear Headphones,audio,3,199.95,599.85,cancelled,2026-08-15T04:01:10+00:00
ORD-097397,9,7,Standing Desk 120cm,furniture,5,449.00,2245.00,completed,2026-08-15T14:34:21+00:00
ORD-097398,7,2,Wireless Mouse,peripherals,5,49.50,247.50,completed,2026-08-15T21:11:35+00:00
ORD-097399,8,3,27in 1440p Monitor,displays,4,319.99,1279.96,refunded,2026-08-15T06:25:29+00:00
ORD-097400,5,5,Over-ear Headphones,audio,4,199.95,799.80,refunded,2026-08-15T03:10:06+00:00
ORD-097401,10,10,Laptop Stand Aluminium,accessories,1,27.50,27.50,completed,2026-08-15T11:13:06+00:00
ORD-097402,1,3,27in 1440p Monitor,displays,4,319.99,1279.96,pending,2026-08-15T13:20:54+00:00
ORD-097403,1,5,Over-ear Headphones,audio,1,199.95,199.95,refunded,2026-08-15T17:20:37+00:00
ORD-097404,10,8,Ergonomic Chair,furniture,4,612.75,2451.00,cancelled,2026-08-15T09:09:08+00:00
ORD-097405,6,3,27in 1440p Monitor,displays,5,319.99,1599.95,cancelled,2026-08-15T10:22:56+00:00
ORD-097406,6,4,34in Ultrawide Monitor,displays,5,579.00,2895.00,completed,2026-08-15T21:44:06+00:00
ORD-097407,4,6,Desk Speakers Pair,audio,2,89.00,178.00,pending,2026-08-15T00:59:39+00:00
ORD-097408,8,1,Mechanical Keyboard 75%,peripherals,5,129.00,645.00,completed,2026-08-15T22:27:04+00:00
ORD-097409,1,6,Desk Speakers Pair,audio,5,89.00,445.00,pending,2026-08-15T10:37:08+00:00
ORD-097410,8,8,Ergonomic Chair,furniture,4,612.75,2451.00,pending,2026-08-15T14:53:20+00:00
ORD-097411,3,8,Ergonomic Chair,furniture,1,612.75,612.75,cancelled,2026-08-15T15:04:49+00:00
ORD-097412,9,3,27in 1440p Monitor,displays,1,319.99,319.99,pending,2026-08-15T08:04:02+00:00
ORD-097413,6,5,Over-ear Headphones,audio,1,199.95,199.95,completed,2026-08-15T04:51:35+00:00
ORD-097414,9,3,27in 1440p Monitor,displays,1,319.99,319.99,refunded,2026-08-15T10:51:21+00:00
ORD-097415,5,5,Over-ear Headphones,audio,4,199.95,799.80,pending,2026-08-15T16:37:43+00:00
ORD-097416,2,5,Over-ear Headphones,audio,2,199.95,399.90,cancelled,2026-08-15T19:55:20+00:00
ORD-097417,2,1,Mechanical Keyboard 75%,peripherals,1,129.00,129.00,cancelled,2026-08-15T09:18:12+00:00
ORD-097418,7,8,Ergonomic Chair,furniture,4,612.75,2451.00,cancelled,2026-08-15T10:55:50+00:00
ORD-097419,9,6,Desk Speakers Pair,audio,5,89.00,445.00,completed,2026-08-15T21:46:45+00:00
ORD-097420,7,4,34in Ultrawide Monitor,displays,2,579.00,1158.00,refunded,2026-08-15T16:56:43+00:00
ORD-097421,9,6,Desk Speakers Pair,audio,5,89.00,445.00,pending,2026-08-15T16:31:38+00:00
ORD-097422,1,9,USB-C Hub 8-in-1,accessories,1,39.99,39.99,refunded,2026-08-15T05:55:01+00:00
ORD-097423,7,2,Wireless Mouse,peripherals,4,49.50,198.00,cancelled,2026-08-15T08:32:10+00:00
ORD-097424,9,6,Desk Speakers Pair,audio,3,89.00,267.00,refunded,2026-08-15T01:30:20+00:00
ORD-097425,2,7,Standing Desk 120cm,furniture,2,449.00,898.00,completed,2026-08-15T17:22:39+00:00
ORD-097426,7,9,USB-C Hub 8-in-1,accessories,1,39.99,39.99,pending,2026-08-15T19:21:57+00:00
ORD-097427,6,8,Ergonomic Chair,furniture,1,612.75,612.75,completed,2026-08-15T10:46:20+00:00
ORD-097428,7,5,Over-ear Headphones,audio,3,199.95,599.85,completed,2026-08-15T23:38:27+00:00
ORD-097429,1,4,34in Ultrawide Monitor,displays,5,579.00,2895.00,refunded,2026-08-15T14:15:24+00:00
ORD-097430,4,8,Ergonomic Chair,furniture,2,612.75,1225.50,pending,2026-08-15T16:45:23+00:00
ORD-097431,6,8,Ergonomic Chair,furniture,2,612.75,1225.50,completed,2026-08-15T07:33:29+00:00
ORD-097432,7,2,Wireless Mouse,peripherals,4,49.50,198.00,refunded,2026-08-15T06:39:23+00:00
ORD-097433,6,3,27in 1440p Monitor,displays,5,319.99,1599.95,pending,2026-08-15T08:12:53+00:00
ORD-097434,1,4,34in Ultrawide Monitor,displays,4,579.00,2316.00,pending,2026-08-15T01:27:12+00:00
ORD-097435,5,6,Desk Speakers Pair,audio,1,89.00,89.00,pending,2026-08-15T16:22:23+00:00
ORD-097436,4,10,Laptop Stand Aluminium,accessories,1,27.50,27.50,cancelled,2026-08-15T15:20:25+00:00
ORD-097437,4,4,34in Ultrawide Monitor,displays,2,579.00,1158.00,completed,2026-08-15T15:19:13+00:00
ORD-097438,1,9,USB-C Hub 8-in-1,accessories,5,39.99,199.95,pending,2026-08-15T23:19:07+00:00
ORD-097439,1,1,Mechanical Keyboard 75%,peripherals,3,129.00,387.00,refunded,2026-08-15T09:18:37+00:00
ORD-097440,8,6,Desk Speakers Pair,audio,1,89.00,89.00,pending,2026-08-15T15:44:18+00:00
ORD-097441,3,4,34in Ultrawide Monitor,displays,1,579.00,579.00,cancelled,2026-08-15T13:01:23+00:00
ORD-097442,5,5,Over-ear Headphones,audio,5,199.95,999.75,cancelled,2026-08-15T05:31:33+00:00
ORD-097443,7,3,27in 1440p Monitor,displays,4,319.99,1279.96,completed,2026-08-15T06:08:56+00:00
ORD-097444,1,9,USB-C Hub 8-in-1,accessories,3,39.99,119.97,refunded,2026-08-15T16:21:43+00:00
ORD-097445,7,4,34in Ultrawide Monitor,displays,5,579.00,2895.00,cancelled,2026-08-15T20:26:35+00:00
ORD-097446,10,3,27in 1440p Monitor,displays,5,319.99,1599.95,completed,2026-08-15T10:44:52+00:00
ORD-097447,9,1,Mechanical Keyboard 75%,peripherals,4,129.00,516.00,refunded,2026-08-15T05:23:17+00:00
ORD-097448,8,7,Standing Desk 120cm,furniture,4,449.00,1796.00,pending,2026-08-15T00:50:59+00:00
ORD-097449,9,6,Desk Speakers Pair,audio,4,89.00,356.00,cancelled,2026-08-15T08:46:44+00:00
ORD-097450,7,6,Desk Speakers Pair,audio,5,89.00,445.00,refunded,2026-08-15T17:27:17+00:00
ORD-097451,5,5,Over-ear Headphones,audio,5,199.95,999.75,cancelled,2026-08-15T15:05:28+00:00
ORD-097452,3,8,Ergonomic Chair,furniture,3,612.75,1838.25,refunded,2026-08-15T14:36:45+00:00
ORD-097453,6,3,27in 1440p Monitor,displays,2,319.99,639.98,completed,2026-08-15T16:46:30+00:00
ORD-097454,3,9,USB-C Hub 8-in-1,accessories,2,39.99,79.98,refunded,2026-08-15T00:09:11+00:00
ORD-097455,9,4,34in Ultrawide Monitor,displays,4,579.00,2316.00,cancelled,2026-08-15T10:50:59+00:00
ORD-097456,5,2,Wireless Mouse,peripherals,4,49.50,198.00,pending,2026-08-15T12:10:00+00:00
ORD-097457,6,6,Desk Speakers Pair,audio,3,89.00,267.00,completed,2026-08-15T06:12:58+00:00
ORD-097458,6,7,Standing Desk 120cm,furniture,1,449.00,449.00,completed,2026-08-15T05:14:04+00:00
ORD-097459,8,9,USB-C Hub 8-in-1,accessories,5,39.99,199.95,completed,2026-08-15T10:12:33+00:00
ORD-097460,4,4,34in Ultrawide Monitor,displays,4,579.00,2316.00,pending,2026-08-15T14:12:31+00:00
ORD-097461,10,8,Ergonomic Chair,furniture,1,612.75,612.75,cancelled,2026-08-15T02:16:52+00:00
ORD-097462,5,5,Over-ear Headphones,audio,5,199.95,999.75,pending,2026-08-15T13:44:49+00:00
ORD-097463,7,8,Ergonomic Chair,furniture,1,612.75,612.75,pending,2026-08-15T11:49:11+00:00
ORD-097464,10,8,Ergonomic Chair,furniture,2,612.75,1225.50,cancelled,2026-08-15T23:58:08+00:00
ORD-097465,4,9,USB-C Hub 8-in-1,accessories,2,39.99,79.98,pending,2026-08-15T15:56:47+00:00
ORD-097466,10,9,USB-C Hub 8-in-1,accessories,3,39.99,119.97,refunded,2026-08-15T20:06:17+00:00
ORD-097467,7,5,Over-ear Headphones,audio,1,199.95,199.95,refunded,2026-08-15T15:18:57+00:00
ORD-097468,10,7,Standing Desk 120cm,furniture,2,449.00,898.00,completed,2026-08-15T10:23:40+00:00
ORD-097469,4,2,Wireless Mouse,peripherals,4,49.50,198.00,refunded,2026-08-15T16:15:47+00:00
ORD-097470,4,2,Wireless Mouse,peripherals,1,49.50,49.50,pending,2026-08-15T22:04:15+00:00
ORD-097471,6,8,Ergonomic Chair,furniture,4,612.75,2451.00,completed,2026-08-15T03:53:03+00:00
ORD-097472,8,10,Laptop Stand Aluminium,accessories,3,27.50,82.50,refunded,2026-08-15T00:37:47+00:00
ORD-097473,8,9,USB-C Hub 8-in-1,accessories,1,39.99,39.99,cancelled,2026-08-15T18:25:39+00:00
ORD-097474,6,10,Laptop Stand Aluminium,accessories,4,27.50,110.00,completed,2026-08-15T01:27:54+00:00
ORD-097475,7,6,Desk Speakers Pair,audio,5,89.00,445.00,cancelled,2026-08-15T01:24:31+00:00
ORD-097476,9,8,Ergonomic Chair,furniture,2,612.75,1225.50,completed,2026-08-15T06:40:03+00:00
ORD-097477,10,5,Over-ear Headphones,audio,3,199.95,599.85,refunded,2026-08-15T10:30:36+00:00
ORD-097478,4,6,Desk Speakers Pair,audio,4,89.00,356.00,refunded,2026-08-15T21:27:29+00:00
ORD-097479,2,10,Laptop Stand Aluminium,accessories,3,27.50,82.50,refunded,2026-08-15T22:14:10+00:00
ORD-097480,7,7,Standing Desk 120cm,furniture,5,449.00,2245.00,refunded,2026-08-15T11:54:29+00:00
ORD-097481,6,5,Over-ear Headphones,audio,3,199.95,599.85,refunded,2026-08-15T17:36:55+00:00
ORD-097482,4,4,34in Ultrawide Monitor,displays,3,579.00,1737.00,pending,2026-08-15T06:07:49+00:00
ORD-097483,7,1,Mechanical Keyboard 75%,peripherals,4,129.00,516.00,completed,2026-08-15T09:21:37+00:00
ORD-097484,4,2,Wireless Mouse,peripherals,3,49.50,148.50,pending,2026-08-15T04:18:33+00:00
ORD-097485,10,9,USB-C Hub 8-in-1,accessories,2,39.99,79.98,pending,2026-08-15T15:06:40+00:00
ORD-097486,10,2,Wireless Mouse,peripherals,4,49.50,198.00,refunded,2026-08-15T14:23:39+00:00
ORD-097487,4,3,27in 1440p Monitor,displays,3,319.99,959.97,completed,2026-08-15T15:31:14+00:00
ORD-097488,1,9,USB-C Hub 8-in-1,accessories,2,39.99,79.98,pending,2026-08-15T13:12:07+00:00
ORD-097489,10,4,34in Ultrawide Monitor,displays,2,579.00,1158.00,refunded,2026-08-15T11:19:41+00:00
ORD-097490,9,5,Over-ear Headphones,audio,1,199.95,199.95,completed,2026-08-15T15:58:56+00:00
ORD-097491,6,8,Ergonomic Chair,furniture,3,612.75,1838.25,refunded,2026-08-15T00:12:56+00:00
ORD-097492,3,9,USB-C Hub 8-in-1,accessories,3,39.99,119.97,cancelled,2026-08-15T03:10:16+00:00
ORD-097493,7,3,27in 1440p Monitor,displays,1,319.99,319.99,refunded,2026-08-15T06:06:07+00:00
ORD-097494,4,4,34in Ultrawide Monitor,displays,5,579.00,2895.00,completed,2026-08-15T06:41:07+00:00
ORD-097495,4,4,34in Ultrawide Monitor,displays,2,579.00,1158.00,pending,2026-08-15T15:35:40+00:00
ORD-097496,8,4,34in Ultrawide Monitor,displays,5,579.00,2895.00,pending,2026-08-15T16:35:01+00:00
ORD-097497,9,3,27in 1440p Monitor,displays,5,319.99,1599.95,refunded,2026-08-15T21:47:50+00:00
ORD-097498,3,6,Desk Speakers Pair,audio,4,89.00,356.00,pending,2026-08-15T22:32:19+00:00
ORD-097499,7,1,Mechanical Keyboard 75%,peripherals,4,129.00,516.00,completed,2026-08-15T09:17:19+00:00
ORD-097500,8,7,Standing Desk 120cm,furniture,3,449.00,1347.00,pending,2026-08-15T19:37:08+00:00
ORD-097501,6,1,Mechanical Keyboard 75%,peripherals,4,129.00,516.00,refunded,2026-08-15T10:21:33+00:00
ORD-097502,2,7,Standing Desk 120cm,furniture,2,449.00,898.00,pending,2026-08-15T15:52:56+00:00
ORD-097503,1,2,Wireless Mouse,peripherals,3,49.50,148.50,pending,2026-08-15T01:43:05+00:00
ORD-097504,6,5,Over-ear Headphones,audio,2,199.95,399.90,cancelled,2026-08-15T02:24:06+00:00
ORD-097505,2,10,Laptop Stand Aluminium,accessories,3,27.50,82.50,completed,2026-08-15T03:38:24+00:00
ORD-097506,3,7,Standing Desk 120cm,furniture,3,449.00,1347.00,pending,2026-08-15T23:42:30+00:00
ORD-097507,4,2,Wireless Mouse,peripherals,3,49.50,148.50,pending,2026-08-15T00:52:55+00:00
ORD-097508,2,10,Laptop Stand Aluminium,accessories,2,27.50,55.00,pending,2026-08-15T15:20:52+00:00
ORD-097509,2,8,Ergonomic Chair,furniture,1,612.75,612.75,cancelled,2026-08-15T22:21:13+00:00
ORD-097510,3,4,34in Ultrawide Monitor,displays,3,579.00,1737.00,refunded,2026-08-15T04:41:10+00:00
ORD-097511,6,10,Laptop Stand Aluminium,accessories,5,27.50,137.50,completed,2026-08-15T05:39:47+00:00
ORD-097512,6,2,Wireless Mouse,peripherals,4,49.50,198.00,refunded,2026-08-15T06:26:54+00:00
ORD-097513,5,7,Standing Desk 120cm,furniture,5,449.00,2245.00,refunded,2026-08-15T21:20:01+00:00
ORD-097514,4,5,Over-ear Headphones,audio,4,199.95,799.80,pending,2026-08-15T10:48:17+00:00
ORD-097515,5,1,Mechanical Keyboard 75%,peripherals,5,129.00,645.00,cancelled,2026-08-15T09:34:41+00:00
ORD-097516,5,10,Laptop Stand Aluminium,accessories,4,27.50,110.00,completed,2026-08-15T04:38:25+00:00
ORD-097517,6,4,34in Ultrawide Monitor,displays,1,579.00,579.00,refunded,2026-08-15T21:05:58+00:00
ORD-097518,4,2,Wireless Mouse,peripherals,2,49.50,99.00,refunded,2026-08-15T01:56:00+00:00
ORD-097519,1,8,Ergonomic Chair,furniture,5,612.75,3063.75,refunded,2026-08-15T19:17:45+00:00
ORD-097520,7,2,Wireless Mouse,peripherals,4,49.50,198.00,cancelled,2026-08-15T04:18:58+00:00
ORD-097521,10,3,27in 1440p Monitor,displays,5,319.99,1599.95,completed,2026-08-15T23:58:52+00:00
ORD-097522,10,1,Mechanical Keyboard 75%,peripherals,5,129.00,645.00,refunded,2026-08-15T13:16:08+00:00
ORD-097523,6,3,27in 1440p Monitor,displays,3,319.99,959.97,cancelled,2026-08-15T11:48:57+00:00
ORD-097524,8,5,Over-ear Headphones,audio,5,199.95,999.75,cancelled,2026-08-15T08:58:53+00:00
ORD-097525,4,5,Over-ear Headphones,audio,2,199.95,399.90,cancelled,2026-08-15T10:36:31+00:00
ORD-097526,6,7,Standing Desk 120cm,furniture,3,449.00,1347.00,cancelled,2026-08-15T05:58:01+00:00
ORD-097527,2,10,Laptop Stand Aluminium,accessories,2,27.50,55.00,completed,2026-08-15T12:38:31+00:00
ORD-097528,5,7,Standing Desk 120cm,furniture,5,449.00,2245.00,refunded,2026-08-15T17:53:39+00:00
ORD-097529,9,8,Ergonomic Chair,furniture,3,612.75,1838.25,cancelled,2026-08-15T20:12:50+00:00
ORD-097530,10,7,Standing Desk 120cm,furniture,4,449.00,1796.00,refunded,2026-08-15T02:36:52+00:00
ORD-097531,8,6,Desk Speakers Pair,audio,4,89.00,356.00,pending,2026-08-15T06:54:19+00:00
ORD-097532,2,1,Mechanical Keyboard 75%,peripherals,4,129.00,516.00,completed,2026-08-15T06:27:00+00:00
ORD-097533,8,5,Over-ear Headphones,audio,3,199.95,599.85,pending,2026-08-15T21:37:21+00:00
ORD-097534,8,5,Over-ear Headphones,audio,2,199.95,399.90,refunded,2026-08-15T19:02:37+00:00
ORD-097535,6,4,34in Ultrawide Monitor,displays,5,579.00,2895.00,completed,2026-08-15T10:31:14+00:00
ORD-097536,7,10,Laptop Stand Aluminium,accessories,3,27.50,82.50,refunded,2026-08-15T15:17:01+00:00
ORD-097537,4,9,USB-C Hub 8-in-1,accessories,4,39.99,159.96,pending,2026-08-15T07:09:24+00:00
ORD-097538,9,7,Standing Desk 120cm,furniture,2,449.00,898.00,pending,2026-08-15T03:28:01+00:00
ORD-097539,6,5,Over-ear Headphones,audio,2,199.95,399.90,refunded,2026-08-15T14:20:34+00:00
ORD-097540,10,9,USB-C Hub 8-in-1,accessories,2,39.99,79.98,completed,2026-08-15T10:06:50+00:00
ORD-097541,5,3,27in 1440p Monitor,displays,5,319.99,1599.95,completed,2026-08-15T03:18:42+00:00
ORD-097542,2,2,Wireless Mouse,peripherals,3,49.50,148.50,completed,2026-08-15T08:49:54+00:00
ORD-097543,5,1,Mechanical Keyboard 75%,peripherals,4,129.00,516.00,completed,2026-08-15T18:09:44+00:00
ORD-097544,2,10,Laptop Stand Aluminium,accessories,3,27.50,82.50,completed,2026-08-15T05:03:36+00:00
ORD-097545,7,8,Ergonomic Chair,furniture,2,612.75,1225.50,pending,2026-08-15T07:21:50+00:00
ORD-097546,1,6,Desk Speakers Pair,audio,1,89.00,89.00,cancelled,2026-08-15T02:54:06+00:00
ORD-097547,7,8,Ergonomic Chair,furniture,4,612.75,2451.00,completed,2026-08-15T23:46:51+00:00
ORD-097548,6,8,Ergonomic Chair,furniture,5,612.75,3063.75,completed,2026-08-15T20:16:54+00:00
ORD-097549,6,1,Mechanical Keyboard 75%,peripherals,2,129.00,258.00,completed,2026-08-15T08:41:06+00:00
ORD-097550,9,2,Wireless Mouse,peripherals,1,49.50,49.50,refunded,2026-08-15T05:11:37+00:00
ORD-097551,4,2,Wireless Mouse,peripherals,3,49.50,148.50,refunded,2026-08-15T15:43:06+00:00
ORD-097552,4,4,34in Ultrawide Monitor,displays,1,579.00,579.00,refunded,2026-08-15T22:02:32+00:00
ORD-097553,3,7,Standing Desk 120cm,furniture,2,449.00,898.00,cancelled,2026-08-15T12:04:32+00:00
ORD-097554,1,5,Over-ear Headphones,audio,4,199.95,799.80,refunded,2026-08-15T08:41:07+00:00
ORD-097555,8,4,34in Ultrawide Monitor,displays,4,579.00,2316.00,cancelled,2026-08-15T15:54:08+00:00
ORD-097556,4,10,Laptop Stand Aluminium,accessories,5,27.50,137.50,completed,2026-08-15T20:22:50+00:00
ORD-097557,3,6,Desk Speakers Pair,audio,2,89.00,178.00,cancelled,2026-08-15T01:19:14+00:00
ORD-097558,2,10,Laptop Stand Aluminium,accessories,3,27.50,82.50,pending,2026-08-15T13:22:21+00:00
ORD-097559,8,1,Mechanical Keyboard 75%,peripherals,2,129.00,258.00,refunded,2026-08-15T21:31:50+00:00
ORD-097560,4,3,27in 1440p Monitor,displays,4,319.99,1279.96,pending,2026-08-15T18:59:24+00:00
ORD-097561,3,6,Desk Speakers Pair,audio,5,89.00,445.00,pending,2026-08-15T08:53:57+00:00
ORD-097562,4,3,27in 1440p Monitor,displays,5,319.99,1599.95,pending,2026-08-15T18:14:16+00:00
ORD-097563,3,3,27in 1440p Monitor,displays,4,319.99,1279.96,refunded,2026-08-15T00:06:15+00:00
ORD-097564,5,6,Desk Speakers Pair,audio,3,89.00,267.00,pending,2026-08-15T03:40:39+00:00
ORD-097565,4,5,Over-ear Headphones,audio,4,199.95,799.80,cancelled,2026-08-15T01:35:44+00:00
ORD-097566,9,8,Ergonomic Chair,furniture,5,612.75,3063.75,pending,2026-08-15T02:09:49+00:00
ORD-097567,1,8,Ergonomic Chair,furniture,3,612.75,1838.25,cancelled,2026-08-15T01:50:50+00:00
ORD-097568,8,2,Wireless Mouse,peripherals,3,49.50,148.50,refunded,2026-08-15T12:19:22+00:00
ORD-097569,7,1,Mechanical Keyboard 75%,peripherals,5,129.00,645.00,completed,2026-08-15T23:36:31+00:00
ORD-097570,6,1,Mechanical Keyboard 75%,peripherals,3,129.00,387.00,completed,2026-08-15T11:51:21+00:00
ORD-097571,7,8,Ergonomic Chair,furniture,3,612.75,1838.25,pending,2026-08-15T20:38:18+00:00
ORD-097572,3,4,34in Ultrawide Monitor,displays,3,579.00,1737.00,pending,2026-08-15T15:59:25+00:00
ORD-097573,5,5,Over-ear Headphones,audio,3,199.95,599.85,refunded,2026-08-15T19:41:09+00:00
ORD-097574,4,3,27in 1440p Monitor,displays,2,319.99,639.98,refunded,2026-08-15T12:06:40+00:00
ORD-097575,4,7,Standing Desk 120cm,furniture,3,449.00,1347.00,cancelled,2026-08-15T06:39:24+00:00
ORD-097576,2,5,Over-ear Headphones,audio,3,199.95,599.85,refunded,2026-08-15T00:19:03+00:00
ORD-097577,9,9,USB-C Hub 8-in-1,accessories,5,39.99,199.95,refunded,2026-08-15T16:49:43+00:00
ORD-097578,7,7,Standing Desk 120cm,furniture,5,449.00,2245.00,pending,2026-08-15T12:44:30+00:00
ORD-097579,3,9,USB-C Hub 8-in-1,accessories,3,39.99,119.97,refunded,2026-08-15T23:08:13+00:00
ORD-097580,1,10,Laptop Stand Aluminium,accessories,3,27.50,82.50,completed,2026-08-15T21:51:46+00:00
ORD-097581,7,4,34in Ultrawide Monitor,displays,1,579.00,579.00,completed,2026-08-15T19:37:51+00:00
ORD-097582,5,1,Mechanical Keyboard 75%,peripherals,4,129.00,516.00,completed,2026-08-15T14:14:22+00:00
ORD-097583,4,10,Laptop Stand Aluminium,accessories,3,27.50,82.50,refunded,2026-08-15T03:57:43+00:00
ORD-097584,8,9,USB-C Hub 8-in-1,accessories,2,39.99,79.98,cancelled,2026-08-15T19:03:45+00:00
ORD-097585,3,1,Mechanical Keyboard 75%,peripherals,1,129.00,129.00,cancelled,2026-08-15T08:34:31+00:00
ORD-097586,1,4,34in Ultrawide Monitor,displays,3,579.00,1737.00,completed,2026-08-15T18:14:49+00:00
ORD-097587,6,6,Desk Speakers Pair,audio,5,89.00,445.00,refunded,2026-08-15T09:57:19+00:00
ORD-097588,1,7,Standing Desk 120cm,furniture,4,449.00,1796.00,completed,2026-08-15T15:05:47+00:00
ORD-097589,6,8,Ergonomic Chair,furniture,1,612.75,612.75,completed,2026-08-15T23:59:13+00:00
ORD-097590,9,8,Ergonomic Chair,furniture,3,612.75,1838.25,refunded,2026-08-15T10:19:11+00:00
ORD-097591,1,10,Laptop Stand Aluminium,accessories,4,27.50,110.00,refunded,2026-08-15T05:36:25+00:00
ORD-097592,3,1,Mechanical Keyboard 75%,peripherals,3,129.00,387.00,refunded,2026-08-15T03:52:20+00:00
ORD-097593,2,1,Mechanical Keyboard 75%,peripherals,2,129.00,258.00,cancelled,2026-08-15T19:19:50+00:00
ORD-097594,3,10,Laptop Stand Aluminium,accessories,3,27.50,82.50,completed,2026-08-15T09:31:14+00:00
ORD-097595,7,6,Desk Speakers Pair,audio,1,89.00,89.00,completed,2026-08-15T03:17:07+00:00
ORD-097596,6,2,Wireless Mouse,peripherals,3,49.50,148.50,pending,2026-08-15T13:55:24+00:00
ORD-097597,10,2,Wireless Mouse,peripherals,2,49.50,99.00,completed,2026-08-15T01:42:42+00:00
ORD-097598,4,3,27in 1440p Monitor,displays,2,319.99,639.98,refunded,2026-08-15T00:53:45+00:00
ORD-097599,5,5,Over-ear Headphones,audio,5,199.95,999.75,completed,2026-08-15T13:37:53+00:00
ORD-097600,1,8,Ergonomic Chair,furniture,4,612.75,2451.00,refunded,2026-08-15T19:03:30+00:00
ORD-097601,9,1,Mechanical Keyboard 75%,peripherals,2,129.00,258.00,completed,2026-08-15T16:33:53+00:00
ORD-097602,6,6,Desk Speakers Pair,audio,1,89.00,89.00,refunded,2026-08-15T10:30:24+00:00
ORD-097603,2,3,27in 1440p Monitor,displays,2,319.99,639.98,pending,2026-08-15T20:29:57+00:00
ORD-097604,9,10,Laptop Stand Aluminium,accessories,2,27.50,55.00,cancelled,2026-08-15T14:10:16+00:00
ORD-097605,10,5,Over-ear Headphones,audio,4,199.95,799.80,refunded,2026-08-15T09:33:40+00:00
ORD-097606,4,6,Desk Speakers Pair,audio,3,89.00,267.00,cancelled,2026-08-15T05:00:51+00:00
ORD-097607,8,9,USB-C Hub 8-in-1,accessories,5,39.99,199.95,completed,2026-08-15T05:54:44+00:00
ORD-097608,3,7,Standing Desk 120cm,furniture,3,449.00,1347.00,cancelled,2026-08-15T01:10:31+00:00
ORD-097609,10,2,Wireless Mouse,peripherals,3,49.50,148.50,refunded,2026-08-15T23:04:56+00:00
ORD-097610,9,7,Standing Desk 120cm,furniture,1,449.00,449.00,cancelled,2026-08-15T05:41:32+00:00
ORD-097611,6,5,Over-ear Headphones,audio,3,199.95,599.85,pending,2026-08-15T17:02:17+00:00
ORD-097612,6,5,Over-ear Headphones,audio,1,199.95,199.95,pending,2026-08-15T09:25:41+00:00
ORD-097613,7,9,USB-C Hub 8-in-1,accessories,1,39.99,39.99,refunded,2026-08-15T16:46:07+00:00
ORD-097614,2,1,Mechanical Keyboard 75%,peripherals,1,129.00,129.00,pending,2026-08-15T23:14:19+00:00
ORD-097615,7,2,Wireless Mouse,peripherals,1,49.50,49.50,cancelled,2026-08-15T20:49:19+00:00
ORD-097616,2,3,27in 1440p Monitor,displays,1,319.99,319.99,cancelled,2026-08-15T21:15:00+00:00
ORD-097617,6,8,Ergonomic Chair,furniture,5,612.75,3063.75,pending,2026-08-15T20:25:55+00:00
ORD-097618,2,2,Wireless Mouse,peripherals,1,49.50,49.50,cancelled,2026-08-15T09:12:57+00:00
ORD-097619,9,6,Desk Speakers Pair,audio,4,89.00,356.00,refunded,2026-08-15T15:22:07+00:00
ORD-097620,7,3,27in 1440p Monitor,displays,3,319.99,959.97,refunded,2026-08-15T04:41:02+00:00
ORD-097621,7,8,Ergonomic Chair,furniture,1,612.75,612.75,pending,2026-08-15T10:00:24+00:00
ORD-097622,2,2,Wireless Mouse,peripherals,1,49.50,49.50,pending,2026-08-15T04:03:57+00:00
ORD-097623,10,1,Mechanical Keyboard 75%,peripherals,5,129.00,645.00,completed,2026-08-15T02:16:57+00:00
ORD-097624,10,7,Standing Desk 120cm,furniture,1,449.00,449.00,pending,2026-08-15T10:05:04+00:00
ORD-097625,10,6,Desk Speakers Pair,audio,5,89.00,445.00,refunded,2026-08-15T15:12:09+00:00
ORD-097626,3,5,Over-ear Headphones,audio,1,199.95,199.95,pending,2026-08-15T08:01:14+00:00
ORD-097627,8,10,Laptop Stand Aluminium,accessories,2,27.50,55.00,pending,2026-08-15T17:50:27+00:00
ORD-097628,3,1,Mechanical Keyboard 75%,peripherals,1,129.00,129.00,pending,2026-08-15T02:06:36+00:00
ORD-097629,3,7,Standing Desk 120cm,furniture,1,449.00,449.00,cancelled,2026-08-15T03:22:21+00:00
ORD-097630,10,8,Ergonomic Chair,furniture,2,612.75,1225.50,refunded,2026-08-15T05:05:52+00:00
ORD-097631,8,4,34in Ultrawide Monitor,displays,5,579.00,2895.00,refunded,2026-08-15T04:39:46+00:00
ORD-097632,2,6,Desk Speakers Pair,audio,2,89.00,178.00,cancelled,2026-08-15T00:02:36+00:00
ORD-097633,7,3,27in 1440p Monitor,displays,4,319.99,1279.96,refunded,2026-08-15T12:00:43+00:00
ORD-097634,4,10,Laptop Stand Aluminium,accessories,1,27.50,27.50,refunded,2026-08-15T08:10:51+00:00
ORD-097635,10,2,Wireless Mouse,peripherals,4,49.50,198.00,refunded,2026-08-15T10:22:36+00:00
ORD-097636,7,1,Mechanical Keyboard 75%,peripherals,4,129.00,516.00,completed,2026-08-15T22:12:03+00:00
ORD-097637,6,10,Laptop Stand Aluminium,accessories,3,27.50,82.50,refunded,2026-08-15T07:25:29+00:00
ORD-097638,4,4,34in Ultrawide Monitor,displays,1,579.00,579.00,completed,2026-08-15T11:59:26+00:00
ORD-097639,2,3,27in 1440p Monitor,displays,3,319.99,959.97,completed,2026-08-15T22:29:19+00:00
ORD-097640,6,9,USB-C Hub 8-in-1,accessories,3,39.99,119.97,refunded,2026-08-15T14:08:36+00:00
ORD-097641,6,4,34in Ultrawide Monitor,displays,3,579.00,1737.00,refunded,2026-08-15T23:44:19+00:00
ORD-097642,7,8,Ergonomic Chair,furniture,1,612.75,612.75,refunded,2026-08-15T18:41:43+00:00
ORD-097643,1,9,USB-C Hub 8-in-1,accessories,2,39.99,79.98,cancelled,2026-08-15T11:01:41+00:00
ORD-097644,8,7,Standing Desk 120cm,furniture,2,449.00,898.00,pending,2026-08-15T17:34:29+00:00
ORD-097645,10,5,Over-ear Headphones,audio,5,199.95,999.75,cancelled,2026-08-15T05:57:17+00:00
ORD-097646,3,2,Wireless Mouse,peripherals,3,49.50,148.50,pending,2026-08-15T08:44:01+00:00
ORD-097647,6,6,Desk Speakers Pair,audio,3,89.00,267.00,refunded,2026-08-15T22:30:38+00:00
ORD-097648,3,5,Over-ear Headphones,audio,1,199.95,199.95,pending,2026-08-15T06:13:05+00:00
ORD-097649,7,4,34in Ultrawide Monitor,displays,4,579.00,2316.00,refunded,2026-08-15T05:37:32+00:00
ORD-097650,2,6,Desk Speakers Pair,audio,5,89.00,445.00,refunded,2026-08-15T07:49:21+00:00
ORD-097651,7,5,Over-ear Headphones,audio,1,199.95,199.95,refunded,2026-08-15T03:55:15+00:00
ORD-097652,1,3,27in 1440p Monitor,displays,5,319.99,1599.95,refunded,2026-08-15T00:17:04+00:00
ORD-097653,3,10,Laptop Stand Aluminium,accessories,1,27.50,27.50,refunded,2026-08-15T23:03:49+00:00
ORD-097654,10,3,27in 1440p Monitor,displays,1,319.99,319.99,refunded,2026-08-15T00:47:46+00:00
ORD-097655,6,10,Laptop Stand Aluminium,accessories,2,27.50,55.00,pending,2026-08-15T22:58:04+00:00
ORD-097656,2,3,27in 1440p Monitor,displays,1,319.99,319.99,pending,2026-08-15T05:00:05+00:00
ORD-097657,5,9,USB-C Hub 8-in-1,accessories,3,39.99,119.97,refunded,2026-08-15T08:40:07+00:00
ORD-097658,7,6,Desk Speakers Pair,audio,5,89.00,445.00,refunded,2026-08-15T20:25:44+00:00
ORD-097659,9,6,Desk Speakers Pair,audio,1,89.00,89.00,refunded,2026-08-15T20:57:35+00:00
ORD-097660,6,4,34in Ultrawide Monitor,displays,4,579.00,2316.00,completed,2026-08-15T13:43:42+00:00
ORD-097661,7,6,Desk Speakers Pair,audio,1,89.00,89.00,refunded,2026-08-15T00:44:12+00:00
ORD-097662,9,3,27in 1440p Monitor,displays,2,319.99,639.98,cancelled,2026-08-15T00:34:38+00:00
ORD-097663,6,9,USB-C Hub 8-in-1,accessories,5,39.99,199.95,cancelled,2026-08-15T09:08:13+00:00
ORD-097664,5,10,Laptop Stand Aluminium,accessories,1,27.50,27.50,pending,2026-08-15T02:13:18+00:00
ORD-097665,2,5,Over-ear Headphones,audio,1,199.95,199.95,completed,2026-08-15T05:53:11+00:00
ORD-097666,2,7,Standing Desk 120cm,furniture,5,449.00,2245.00,pending,2026-08-15T19:35:47+00:00
ORD-097667,5,5,Over-ear Headphones,audio,3,199.95,599.85,cancelled,2026-08-15T16:10:01+00:00
ORD-097668,5,8,Ergonomic Chair,furniture,5,612.75,3063.75,cancelled,2026-08-15T20:47:55+00:00
ORD-097669,1,7,Standing Desk 120cm,furniture,2,449.00,898.00,completed,2026-08-15T16:47:11+00:00
ORD-097670,3,1,Mechanical Keyboard 75%,peripherals,4,129.00,516.00,pending,2026-08-15T17:57:53+00:00
ORD-097671,3,6,Desk Speakers Pair,audio,1,89.00,89.00,cancelled,2026-08-15T23:53:03+00:00
ORD-097672,5,9,USB-C Hub 8-in-1,accessories,5,39.99,199.95,pending,2026-08-15T19:14:34+00:00
ORD-097673,6,3,27in 1440p Monitor,displays,2,319.99,639.98,cancelled,2026-08-15T18:40:27+00:00
ORD-097674,10,5,Over-ear Headphones,audio,2,199.95,399.90,refunded,2026-08-15T19:33:07+00:00
ORD-097675,9,8,Ergonomic Chair,furniture,1,612.75,612.75,refunded,2026-08-15T21:11:26+00:00
ORD-097676,9,10,Laptop Stand Aluminium,accessories,1,27.50,27.50,refunded,2026-08-15T05:14:15+00:00
ORD-097677,6,2,Wireless Mouse,peripherals,4,49.50,198.00,refunded,2026-08-15T11:49:33+00:00
ORD-097678,1,8,Ergonomic Chair,furniture,2,612.75,1225.50,pending,2026-08-15T05:41:11+00:00
ORD-097679,3,1,Mechanical Keyboard 75%,peripherals,4,129.00,516.00,pending,2026-08-15T23:31:18+00:00
ORD-097680,6,3,27in 1440p Monitor,displays,3,319.99,959.97,pending,2026-08-15T15:29:05+00:00
ORD-097681,9,5,Over-ear Headphones,audio,2,199.95,399.90,cancelled,2026-08-15T08:54:57+00:00
ORD-097682,4,1,Mechanical Keyboard 75%,peripherals,4,129.00,516.00,refunded,2026-08-15T20:53:17+00:00
ORD-097683,7,10,Laptop Stand Aluminium,accessories,3,27.50,82.50,refunded,2026-08-15T11:36:19+00:00
ORD-097684,10,8,Ergonomic Chair,furniture,3,612.75,1838.25,cancelled,2026-08-15T07:09:08+00:00
ORD-097685,9,4,34in Ultrawide Monitor,displays,1,579.00,579.00,completed,2026-08-15T06:19:43+00:00
ORD-097686,10,6,Desk Speakers Pair,audio,5,89.00,445.00,refunded,2026-08-15T16:46:10+00:00
ORD-097687,8,10,Laptop Stand Aluminium,accessories,2,27.50,55.00,pending,2026-08-15T09:54:24+00:00
ORD-097688,5,5,Over-ear Headphones,audio,4,199.95,799.80,completed,2026-08-15T23:08:39+00:00
ORD-097689,2,6,Desk Speakers Pair,audio,5,89.00,445.00,completed,2026-08-15T13:26:02+00:00
ORD-097690,9,10,Laptop Stand Aluminium,accessories,1,27.50,27.50,pending,2026-08-15T10:16:21+00:00
ORD-097691,3,10,Laptop Stand Aluminium,accessories,5,27.50,137.50,completed,2026-08-15T23:05:29+00:00
ORD-097692,1,9,USB-C Hub 8-in-1,accessories,4,39.99,159.96,cancelled,2026-08-15T13:10:56+00:00
ORD-097693,10,7,Standing Desk 120cm,furniture,2,449.00,898.00,completed,2026-08-15T02:17:55+00:00
ORD-097694,6,2,Wireless Mouse,peripherals,2,49.50,99.00,cancelled,2026-08-15T15:45:01+00:00
ORD-097695,6,9,USB-C Hub 8-in-1,accessories,3,39.99,119.97,refunded,2026-08-15T07:34:20+00:00
ORD-097696,1,9,USB-C Hub 8-in-1,accessories,2,39.99,79.98,completed,2026-08-15T13:06:09+00:00
ORD-097697,7,3,27in 1440p Monitor,displays,1,319.99,319.99,completed,2026-08-15T23:25:54+00:00
ORD-097698,7,7,Standing Desk 120cm,furniture,3,449.00,-50.00,pending,2026-08-15T13:09:33+00:00
ORD-097699,4,2,Wireless Mouse,peripherals,5,49.50,247.50,refunded,2026-08-15T07:01:34+00:00
ORD-097700,3,3,27in 1440p Monitor,displays,2,319.99,639.98,completed,2026-08-15T02:24:11+00:00
ORD-097701,6,10,Laptop Stand Aluminium,accessories,3,27.50,82.50,pending,2026-08-15T05:53:14+00:00
ORD-097702,4,2,Wireless Mouse,peripherals,2,49.50,99.00,completed,2026-08-15T19:10:24+00:00
ORD-097703,5,2,Wireless Mouse,peripherals,1,49.50,49.50,cancelled,2026-08-15T04:21:36+00:00
ORD-097704,6,1,Mechanical Keyboard 75%,peripherals,4,129.00,516.00,cancelled,2026-08-15T19:01:30+00:00
ORD-097705,5,3,27in 1440p Monitor,displays,2,319.99,639.98,refunded,not-a-valid-date
ORD-097706,6,7,Standing Desk 120cm,furniture,2,449.00,898.00,cancelled,2026-08-15T18:49:29+00:00
ORD-097707,4,5,Over-ear Headphones,audio,4,199.95,799.80,completed,2026-08-15T23:11:46+00:00
ORD-097708,9,1,Mechanical Keyboard 75%,peripherals,1,129.00,129.00,pending,2026-08-15T22:10:01+00:00
ORD-097709,2,7,Standing Desk 120cm,furniture,5,449.00,2245.00,cancelled,2026-08-15T05:58:03+00:00
ORD-097710,1,8,Ergonomic Chair,furniture,4,612.75,2451.00,completed,2026-08-15T02:15:18+00:00
ORD-097711,7,3,27in 1440p Monitor,displays,1,319.99,319.99,completed,2026-08-15T07:35:35+00:00
ORD-097712,2,8,Ergonomic Chair,furniture,2,612.75,1225.50,refunded,2026-08-15T22:49:17+00:00
ORD-097713,2,8,Ergonomic Chair,furniture,4,612.75,2451.00,refunded,2026-08-15T07:06:21+00:00
ORD-097714,9,6,Desk Speakers Pair,audio,2,89.00,178.00,completed,2026-08-15T18:31:14+00:00
ORD-097715,4,7,Standing Desk 120cm,furniture,4,449.00,1796.00,refunded,2026-08-15T09:29:09+00:00
ORD-097716,5,2,Wireless Mouse,peripherals,1,49.50,49.50,completed,2026-08-15T19:41:42+00:00
ORD-097717,9,10,Laptop Stand Aluminium,accessories,1,27.50,27.50,refunded,2026-08-15T00:33:23+00:00
ORD-097718,3,4,34in Ultrawide Monitor,displays,1,579.00,579.00,cancelled,2026-08-15T22:43:56+00:00
ORD-097719,1,3,27in 1440p Monitor,displays,4,319.99,1279.96,cancelled,2026-08-15T16:35:44+00:00
ORD-097720,5,6,Desk Speakers Pair,audio,5,89.00,445.00,refunded,2026-08-15T09:24:20+00:00
ORD-097721,5,7,Standing Desk 120cm,furniture,3,449.00,1347.00,pending,2026-08-15T02:05:30+00:00
ORD-097722,3,4,34in Ultrawide Monitor,displays,4,579.00,2316.00,refunded,2026-08-15T20:03:58+00:00
ORD-097723,1,8,Ergonomic Chair,furniture,3,612.75,1838.25,completed,2026-08-15T11:44:35+00:00
ORD-097724,9,2,Wireless Mouse,peripherals,5,49.50,247.50,pending,2026-08-15T12:58:13+00:00
ORD-097725,1,4,34in Ultrawide Monitor,displays,5,579.00,2895.00,completed,2026-08-15T02:47:26+00:00
ORD-097726,8,9,USB-C Hub 8-in-1,accessories,5,39.99,199.95,completed,2026-08-15T16:56:56+00:00
ORD-097727,10,7,Standing Desk 120cm,furniture,2,449.00,898.00,refunded,2026-08-15T13:21:48+00:00
ORD-097728,5,9,USB-C Hub 8-in-1,accessories,1,39.99,39.99,refunded,2026-08-15T04:03:24+00:00
ORD-097729,1,1,Mechanical Keyboard 75%,peripherals,5,129.00,645.00,cancelled,2026-08-15T21:25:00+00:00
ORD-097730,5,7,Standing Desk 120cm,furniture,1,449.00,449.00,completed,2026-08-15T17:49:38+00:00
ORD-097731,1,7,Standing Desk 120cm,furniture,5,449.00,2245.00,cancelled,2026-08-15T19:50:11+00:00
ORD-097732,3,8,Ergonomic Chair,furniture,2,612.75,1225.50,refunded,2026-08-15T12:15:37+00:00
ORD-097733,9,8,Ergonomic Chair,furniture,5,612.75,3063.75,completed,2026-08-15T16:22:23+00:00
ORD-097734,2,7,Standing Desk 120cm,furniture,2,449.00,898.00,cancelled,2026-08-15T21:46:53+00:00
ORD-097735,1,9,USB-C Hub 8-in-1,accessories,5,39.99,199.95,pending,2026-08-15T15:11:57+00:00
ORD-097736,1,6,Desk Speakers Pair,audio,4,89.00,356.00,cancelled,2026-08-15T16:06:21+00:00
ORD-097737,7,8,Ergonomic Chair,furniture,3,612.75,1838.25,refunded,2026-08-15T10:42:23+00:00
ORD-097738,5,9,USB-C Hub 8-in-1,accessories,2,39.99,79.98,refunded,2026-08-15T19:03:53+00:00
ORD-097739,8,3,27in 1440p Monitor,displays,4,319.99,1279.96,pending,2026-08-15T07:39:24+00:00
ORD-097740,6,6,Desk Speakers Pair,audio,2,89.00,178.00,refunded,2026-08-15T09:27:12+00:00
ORD-097741,5,8,Ergonomic Chair,furniture,2,612.75,1225.50,completed,2026-08-15T19:32:58+00:00
ORD-097742,6,6,Desk Speakers Pair,audio,1,89.00,89.00,completed,2026-08-15T22:58:03+00:00
ORD-097743,5,1,Mechanical Keyboard 75%,peripherals,4,129.00,516.00,completed,2026-08-15T22:56:45+00:00
ORD-097744,5,9,USB-C Hub 8-in-1,accessories,4,39.99,159.96,refunded,2026-08-15T13:27:38+00:00
ORD-097745,2,3,27in 1440p Monitor,displays,4,319.99,1279.96,cancelled,2026-08-15T18:52:47+00:00
ORD-097746,3,1,Mechanical Keyboard 75%,peripherals,4,129.00,516.00,completed,2026-08-15T03:04:07+00:00
ORD-097747,10,9,USB-C Hub 8-in-1,accessories,5,39.99,199.95,completed,2026-08-15T20:22:35+00:00
ORD-097748,1,7,Standing Desk 120cm,furniture,2,449.00,898.00,cancelled,2026-08-15T21:31:46+00:00
ORD-097749,6,4,34in Ultrawide Monitor,displays,1,579.00,579.00,completed,2026-08-15T18:25:38+00:00
ORD-097750,3,1,Mechanical Keyboard 75%,peripherals,4,129.00,516.00,refunded,2026-08-15T21:04:01+00:00
ORD-097751,6,2,Wireless Mouse,peripherals,1,49.50,49.50,refunded,2026-08-15T21:25:51+00:00
ORD-097752,1,3,27in 1440p Monitor,displays,3,319.99,959.97,refunded,2026-08-15T01:48:04+00:00
ORD-097753,5,10,Laptop Stand Aluminium,accessories,2,27.50,55.00,cancelled,2026-08-15T06:54:11+00:00
ORD-097754,7,10,Laptop Stand Aluminium,accessories,1,27.50,27.50,completed,2026-08-15T06:10:02+00:00
ORD-097755,10,1,Mechanical Keyboard 75%,peripherals,2,129.00,258.00,completed,2026-08-15T14:39:49+00:00
ORD-097756,6,1,Mechanical Keyboard 75%,peripherals,3,129.00,387.00,completed,2026-08-15T15:24:51+00:00
ORD-097757,5,7,Standing Desk 120cm,furniture,3,449.00,1347.00,cancelled,2026-08-15T14:49:23+00:00
ORD-097758,1,10,Laptop Stand Aluminium,accessories,1,27.50,27.50,pending,2026-08-15T03:48:00+00:00
ORD-097759,5,10,Laptop Stand Aluminium,accessories,3,27.50,82.50,completed,2026-08-15T22:18:32+00:00
ORD-097760,5,6,Desk Speakers Pair,audio,1,89.00,89.00,cancelled,2026-08-15T08:54:47+00:00
ORD-097761,6,7,Standing Desk 120cm,furniture,5,449.00,2245.00,completed,2026-08-15T08:35:22+00:00
ORD-097762,5,6,Desk Speakers Pair,audio,3,89.00,267.00,completed,2026-08-15T18:43:24+00:00
ORD-097763,1,2,Wireless Mouse,peripherals,1,49.50,49.50,cancelled,2026-08-15T23:59:22+00:00
ORD-097764,5,1,Mechanical Keyboard 75%,peripherals,1,129.00,129.00,cancelled,2026-08-15T08:47:05+00:00
ORD-097765,4,3,27in 1440p Monitor,displays,3,319.99,959.97,completed,2026-08-15T15:24:38+00:00
ORD-097766,10,7,Standing Desk 120cm,furniture,4,449.00,1796.00,refunded,2026-08-15T02:31:57+00:00
ORD-097767,3,3,27in 1440p Monitor,displays,5,319.99,1599.95,refunded,2026-08-15T09:43:53+00:00
ORD-097768,8,7,Standing Desk 120cm,furniture,5,449.00,2245.00,pending,2026-08-15T05:51:24+00:00
ORD-097769,2,2,Wireless Mouse,peripherals,5,49.50,247.50,cancelled,2026-08-15T23:38:41+00:00
ORD-097770,5,9,USB-C Hub 8-in-1,accessories,4,39.99,159.96,pending,2026-08-15T09:16:40+00:00
ORD-097771,6,7,Standing Desk 120cm,furniture,1,449.00,449.00,pending,2026-08-15T13:47:35+00:00
ORD-097772,8,10,Laptop Stand Aluminium,accessories,3,27.50,82.50,cancelled,2026-08-15T21:29:16+00:00
ORD-097773,2,3,27in 1440p Monitor,displays,5,319.99,1599.95,pending,2026-08-15T10:20:39+00:00
ORD-097774,9,3,27in 1440p Monitor,displays,3,319.99,959.97,completed,2026-08-15T00:17:48+00:00
ORD-097775,9,10,Laptop Stand Aluminium,accessories,4,27.50,110.00,cancelled,2026-08-15T00:44:04+00:00
ORD-097776,4,5,Over-ear Headphones,audio,3,199.95,599.85,refunded,2026-08-15T04:43:02+00:00
ORD-097777,9,5,Over-ear Headphones,audio,4,199.95,799.80,cancelled,2026-08-15T08:57:19+00:00
ORD-097778,8,7,Standing Desk 120cm,furniture,2,449.00,898.00,cancelled,2026-08-15T22:25:58+00:00
ORD-097779,1,8,Ergonomic Chair,furniture,1,612.75,612.75,pending,2026-08-15T01:38:58+00:00
ORD-097780,9,2,Wireless Mouse,peripherals,4,49.50,198.00,completed,2026-08-15T00:44:18+00:00
ORD-097781,6,10,Laptop Stand Aluminium,accessories,5,27.50,137.50,cancelled,2026-08-15T11:52:58+00:00
ORD-097782,7,3,27in 1440p Monitor,displays,1,319.99,319.99,cancelled,2026-08-15T19:20:52+00:00
ORD-097783,4,1,Mechanical Keyboard 75%,peripherals,3,129.00,387.00,completed,2026-08-15T01:09:53+00:00
ORD-097784,8,6,Desk Speakers Pair,audio,3,89.00,267.00,cancelled,2026-08-15T03:16:09+00:00
ORD-097785,5,8,Ergonomic Chair,furniture,1,612.75,612.75,completed,2026-08-15T03:12:18+00:00
ORD-097786,9,9,USB-C Hub 8-in-1,accessories,2,39.99,79.98,completed,2026-08-15T01:42:41+00:00
ORD-097787,3,5,Over-ear Headphones,audio,3,199.95,599.85,completed,2026-08-15T05:57:45+00:00
ORD-097788,4,3,27in 1440p Monitor,displays,5,319.99,1599.95,completed,2026-08-15T12:17:21+00:00
ORD-097789,3,7,Standing Desk 120cm,furniture,1,449.00,449.00,completed,2026-08-15T00:49:35+00:00
ORD-097790,9,3,27in 1440p Monitor,displays,2,319.99,639.98,refunded,2026-08-15T13:20:16+00:00
ORD-097791,2,6,Desk Speakers Pair,audio,4,89.00,356.00,cancelled,2026-08-15T07:35:18+00:00
ORD-097792,1,10,Laptop Stand Aluminium,accessories,5,27.50,137.50,completed,2026-08-15T07:41:48+00:00
ORD-097793,6,1,Mechanical Keyboard 75%,peripherals,2,129.00,258.00,pending,2026-08-15T07:12:45+00:00
ORD-097794,6,2,Wireless Mouse,peripherals,1,49.50,49.50,pending,2026-08-15T15:08:51+00:00
ORD-097795,3,7,Standing Desk 120cm,furniture,3,449.00,1347.00,refunded,2026-08-15T05:44:24+00:00
ORD-097796,5,2,Wireless Mouse,peripherals,3,49.50,148.50,completed,2026-08-15T00:58:31+00:00
ORD-097797,6,2,Wireless Mouse,peripherals,3,49.50,148.50,pending,2026-08-15T07:53:52+00:00
ORD-097798,2,10,Laptop Stand Aluminium,accessories,2,27.50,55.00,pending,2026-08-15T19:06:48+00:00
ORD-097799,2,8,Ergonomic Chair,furniture,1,612.75,612.75,cancelled,2026-08-15T23:36:34+00:00
ORD-097800,2,7,Standing Desk 120cm,furniture,3,449.00,1347.00,refunded,2026-08-15T23:24:47+00:00
ORD-097801,2,1,Mechanical Keyboard 75%,peripherals,2,129.00,258.00,pending,2026-08-15T18:10:42+00:00
ORD-097802,4,5,Over-ear Headphones,audio,4,199.95,799.80,cancelled,2026-08-15T00:36:55+00:00
ORD-097803,8,7,Standing Desk 120cm,furniture,2,449.00,898.00,completed,2026-08-15T17:16:25+00:00
ORD-097804,9,8,Ergonomic Chair,furniture,3,612.75,1838.25,completed,2026-08-15T00:14:01+00:00
ORD-097805,7,2,Wireless Mouse,peripherals,5,49.50,247.50,completed,2026-08-15T12:02:05+00:00
ORD-097806,10,9,USB-C Hub 8-in-1,accessories,1,39.99,39.99,completed,2026-08-15T11:14:44+00:00
ORD-097807,4,3,27in 1440p Monitor,displays,2,319.99,639.98,completed,2026-08-15T15:09:45+00:00
ORD-097808,1,1,Mechanical Keyboard 75%,peripherals,4,129.00,516.00,refunded,2026-08-15T17:30:00+00:00
ORD-097809,5,3,27in 1440p Monitor,displays,2,319.99,639.98,completed,2026-08-15T07:58:39+00:00
ORD-097810,8,7,Standing Desk 120cm,furniture,2,449.00,898.00,pending,2026-08-15T09:58:38+00:00
ORD-097811,4,3,27in 1440p Monitor,displays,3,319.99,959.97,refunded,2026-08-15T08:39:17+00:00
ORD-097812,4,2,Wireless Mouse,peripherals,4,49.50,198.00,completed,2026-08-15T10:33:04+00:00
ORD-097813,2,2,Wireless Mouse,peripherals,1,49.50,49.50,cancelled,2026-08-15T08:21:43+00:00
ORD-097814,6,1,Mechanical Keyboard 75%,peripherals,1,129.00,129.00,refunded,2026-08-15T22:32:02+00:00
ORD-097815,6,8,Ergonomic Chair,furniture,4,612.75,2451.00,pending,2026-08-15T09:39:46+00:00
ORD-097816,4,10,Laptop Stand Aluminium,accessories,2,27.50,55.00,pending,2026-08-15T12:50:15+00:00
ORD-097817,7,3,27in 1440p Monitor,displays,1,319.99,319.99,completed,2026-08-15T07:00:12+00:00
ORD-097818,4,3,27in 1440p Monitor,displays,1,319.99,319.99,completed,2026-08-15T05:57:50+00:00
ORD-097819,9,5,Over-ear Headphones,audio,1,199.95,199.95,cancelled,2026-08-15T14:13:18+00:00
ORD-097820,6,4,34in Ultrawide Monitor,displays,3,579.00,1737.00,refunded,2026-08-15T20:17:16+00:00
ORD-097821,8,9,USB-C Hub 8-in-1,accessories,2,39.99,79.98,pending,2026-08-15T20:37:27+00:00
ORD-097822,1,7,Standing Desk 120cm,furniture,5,449.00,2245.00,cancelled,2026-08-15T06:06:29+00:00
ORD-097823,10,3,27in 1440p Monitor,displays,5,319.99,1599.95,pending,2026-08-15T03:57:41+00:00
ORD-097824,8,3,27in 1440p Monitor,displays,5,319.99,1599.95,cancelled,2026-08-15T18:25:41+00:00
ORD-097825,3,3,27in 1440p Monitor,displays,2,319.99,639.98,completed,2026-08-15T13:30:50+00:00
ORD-097826,4,9,USB-C Hub 8-in-1,accessories,5,39.99,199.95,pending,2026-08-15T07:38:26+00:00
ORD-097827,9,6,Desk Speakers Pair,audio,4,89.00,356.00,refunded,2026-08-15T12:12:37+00:00
ORD-097828,4,2,Wireless Mouse,peripherals,1,49.50,49.50,pending,2026-08-15T18:06:23+00:00
ORD-097829,6,7,Standing Desk 120cm,furniture,3,449.00,1347.00,refunded,2026-08-15T22:22:59+00:00
ORD-097830,8,10,Laptop Stand Aluminium,accessories,2,27.50,55.00,cancelled,2026-08-15T18:51:42+00:00
ORD-097831,7,2,Wireless Mouse,peripherals,2,49.50,99.00,pending,2026-08-15T08:38:17+00:00
ORD-097832,2,2,Wireless Mouse,peripherals,5,49.50,247.50,completed,2026-08-15T18:49:13+00:00
ORD-097833,4,10,Laptop Stand Aluminium,accessories,4,27.50,110.00,cancelled,2026-08-15T14:43:29+00:00
ORD-097834,2,5,Over-ear Headphones,audio,2,199.95,399.90,pending,2026-08-15T19:35:07+00:00
ORD-097835,1,2,Wireless Mouse,peripherals,1,49.50,49.50,completed,2026-08-15T12:10:14+00:00
ORD-097836,6,3,27in 1440p Monitor,displays,4,319.99,1279.96,cancelled,2026-08-15T21:05:22+00:00
ORD-097837,3,9,USB-C Hub 8-in-1,accessories,2,39.99,79.98,cancelled,2026-08-15T03:07:17+00:00
ORD-097838,10,10,Laptop Stand Aluminium,accessories,3,27.50,82.50,refunded,2026-08-15T10:16:09+00:00
ORD-097839,9,10,Laptop Stand Aluminium,accessories,5,27.50,137.50,completed,2026-08-15T16:29:07+00:00
ORD-097840,2,8,Ergonomic Chair,furniture,2,612.75,1225.50,refunded,2026-08-15T14:09:56+00:00
ORD-097841,1,4,34in Ultrawide Monitor,displays,1,579.00,579.00,pending,2026-08-15T00:08:47+00:00
ORD-097842,5,8,Ergonomic Chair,furniture,1,612.75,612.75,cancelled,2026-08-15T20:54:40+00:00
ORD-097843,3,9,USB-C Hub 8-in-1,accessories,1,39.99,39.99,refunded,2026-08-15T23:57:06+00:00
ORD-097844,3,7,Standing Desk 120cm,furniture,4,449.00,1796.00,completed,2026-08-15T00:59:49+00:00
ORD-097845,5,8,Ergonomic Chair,furniture,5,612.75,3063.75,refunded,2026-08-15T11:00:20+00:00
ORD-097846,1,1,Mechanical Keyboard 75%,peripherals,2,129.00,258.00,completed,2026-08-15T18:47:28+00:00
ORD-097847,4,4,34in Ultrawide Monitor,displays,5,579.00,2895.00,completed,2026-08-15T15:49:09+00:00
ORD-097848,3,2,Wireless Mouse,peripherals,1,49.50,49.50,completed,2026-08-15T03:20:22+00:00
ORD-097849,4,5,Over-ear Headphones,audio,2,199.95,399.90,cancelled,2026-08-15T07:54:12+00:00
ORD-097850,9,10,Laptop Stand Aluminium,accessories,2,27.50,55.00,cancelled,2026-08-15T05:07:46+00:00
ORD-097851,10,4,34in Ultrawide Monitor,displays,3,579.00,1737.00,pending,2026-08-15T20:24:01+00:00
ORD-097852,4,1,Mechanical Keyboard 75%,peripherals,4,129.00,516.00,refunded,2026-08-15T17:04:25+00:00
ORD-097853,10,2,Wireless Mouse,peripherals,1,49.50,49.50,completed,2026-08-15T03:42:02+00:00
ORD-097854,9,1,Mechanical Keyboard 75%,peripherals,3,129.00,387.00,pending,2026-08-15T07:35:59+00:00
ORD-097855,10,8,Ergonomic Chair,furniture,5,612.75,3063.75,refunded,2026-08-15T04:12:44+00:00
ORD-097856,4,6,Desk Speakers Pair,audio,4,89.00,356.00,completed,2026-08-15T16:32:59+00:00
ORD-097857,7,8,Ergonomic Chair,furniture,4,612.75,2451.00,refunded,2026-08-15T06:53:55+00:00
ORD-097858,2,6,Desk Speakers Pair,audio,1,89.00,89.00,cancelled,2026-08-15T12:35:25+00:00
ORD-097859,6,4,34in Ultrawide Monitor,displays,3,579.00,1737.00,completed,2026-08-15T06:16:07+00:00
ORD-097860,1,9,USB-C Hub 8-in-1,accessories,5,39.99,199.95,completed,2026-08-15T22:12:58+00:00
ORD-097861,8,7,Standing Desk 120cm,furniture,3,449.00,1347.00,pending,2026-08-15T07:26:57+00:00
ORD-097862,8,4,34in Ultrawide Monitor,displays,5,579.00,2895.00,refunded,2026-08-15T21:44:40+00:00
ORD-097863,7,9,USB-C Hub 8-in-1,accessories,1,39.99,39.99,completed,2026-08-15T10:55:45+00:00
ORD-097864,1,2,Wireless Mouse,peripherals,3,49.50,148.50,cancelled,2026-08-15T21:55:44+00:00
ORD-097865,1,6,Desk Speakers Pair,audio,4,89.00,356.00,pending,2026-08-15T02:14:35+00:00
ORD-097866,3,10,Laptop Stand Aluminium,accessories,2,27.50,55.00,refunded,2026-08-15T00:52:25+00:00
ORD-097867,3,5,Over-ear Headphones,audio,3,199.95,599.85,pending,2026-08-15T23:42:04+00:00
ORD-097868,6,8,Ergonomic Chair,furniture,2,612.75,1225.50,refunded,2026-08-15T03:15:47+00:00
ORD-097869,6,7,Standing Desk 120cm,furniture,2,449.00,898.00,pending,2026-08-15T03:51:37+00:00
ORD-097870,1,1,Mechanical Keyboard 75%,peripherals,2,129.00,258.00,cancelled,2026-08-15T01:25:26+00:00
ORD-097871,3,3,27in 1440p Monitor,displays,4,319.99,1279.96,pending,2026-08-15T02:27:16+00:00
ORD-097872,3,10,Laptop Stand Aluminium,accessories,1,27.50,27.50,completed,2026-08-15T03:37:21+00:00
ORD-097873,6,1,Mechanical Keyboard 75%,peripherals,4,129.00,516.00,cancelled,2026-08-15T17:57:48+00:00
ORD-097874,1,10,Laptop Stand Aluminium,accessories,1,27.50,27.50,refunded,2026-08-15T07:56:40+00:00
ORD-097875,1,8,Ergonomic Chair,furniture,4,612.75,2451.00,cancelled,2026-08-15T05:58:22+00:00
ORD-097876,4,6,Desk Speakers Pair,audio,4,89.00,356.00,completed,2026-08-15T08:31:42+00:00
ORD-097877,9,4,34in Ultrawide Monitor,displays,3,579.00,1737.00,cancelled,2026-08-15T17:04:37+00:00
ORD-097878,8,4,34in Ultrawide Monitor,displays,1,579.00,579.00,completed,2026-08-15T09:28:24+00:00
ORD-097879,6,3,27in 1440p Monitor,displays,4,319.99,1279.96,cancelled,2026-08-15T21:03:16+00:00
ORD-097880,5,8,Ergonomic Chair,furniture,3,612.75,1838.25,completed,2026-08-15T23:03:04+00:00
ORD-097881,10,8,Ergonomic Chair,furniture,3,612.75,1838.25,cancelled,2026-08-15T04:11:52+00:00
ORD-097882,10,1,Mechanical Keyboard 75%,peripherals,4,129.00,516.00,completed,2026-08-15T09:28:54+00:00
ORD-097883,1,6,Desk Speakers Pair,audio,4,89.00,356.00,refunded,2026-08-15T04:32:36+00:00
ORD-097884,7,5,Over-ear Headphones,audio,2,199.95,399.90,refunded,2026-08-15T13:15:22+00:00
ORD-097885,10,2,Wireless Mouse,peripherals,5,49.50,247.50,refunded,2026-08-15T02:17:22+00:00
ORD-097886,6,6,Desk Speakers Pair,audio,1,89.00,89.00,refunded,2026-08-15T13:06:01+00:00
ORD-097887,6,10,Laptop Stand Aluminium,accessories,1,27.50,27.50,completed,2026-08-15T14:55:53+00:00
ORD-097888,2,3,27in 1440p Monitor,displays,4,319.99,1279.96,completed,2026-08-15T13:43:40+00:00
ORD-097889,5,8,Ergonomic Chair,furniture,4,612.75,2451.00,cancelled,2026-08-15T22:27:47+00:00
ORD-097890,7,2,Wireless Mouse,peripherals,3,49.50,148.50,cancelled,2026-08-15T13:02:53+00:00
ORD-097891,4,4,34in Ultrawide Monitor,displays,2,579.00,1158.00,pending,2026-08-15T23:32:39+00:00
ORD-097892,2,5,Over-ear Headphones,audio,4,199.95,799.80,cancelled,2026-08-15T19:28:47+00:00
ORD-097893,3,10,Laptop Stand Aluminium,accessories,3,27.50,82.50,completed,2026-08-15T20:09:25+00:00
ORD-097894,5,7,Standing Desk 120cm,furniture,4,449.00,1796.00,pending,2026-08-15T21:01:54+00:00
ORD-097895,2,7,Standing Desk 120cm,furniture,1,449.00,449.00,cancelled,2026-08-15T14:08:08+00:00
ORD-097896,6,3,27in 1440p Monitor,displays,3,319.99,959.97,refunded,2026-08-15T19:02:38+00:00
ORD-097897,4,10,Laptop Stand Aluminium,accessories,5,27.50,137.50,pending,2026-08-15T16:43:41+00:00
ORD-097898,4,10,Laptop Stand Aluminium,accessories,3,27.50,82.50,pending,2026-08-15T20:26:44+00:00
ORD-097899,3,3,27in 1440p Monitor,displays,2,319.99,639.98,cancelled,2026-08-15T11:16:52+00:00
ORD-097900,6,1,Mechanical Keyboard 75%,peripherals,4,129.00,516.00,completed,2026-08-15T09:27:46+00:00
ORD-097901,6,3,27in 1440p Monitor,displays,1,319.99,319.99,refunded,2026-08-15T00:46:10+00:00
ORD-097902,9,3,27in 1440p Monitor,displays,2,319.99,639.98,pending,2026-08-15T10:42:28+00:00
ORD-097903,4,8,Ergonomic Chair,furniture,3,612.75,1838.25,refunded,2026-08-15T08:09:04+00:00
ORD-097904,4,8,Ergonomic Chair,furniture,4,612.75,2451.00,refunded,2026-08-15T07:59:39+00:00
ORD-097905,8,10,Laptop Stand Aluminium,accessories,2,27.50,55.00,refunded,2026-08-15T18:26:06+00:00
ORD-097906,6,9,USB-C Hub 8-in-1,accessories,3,39.99,119.97,cancelled,2026-08-15T21:25:27+00:00
ORD-097907,6,9,USB-C Hub 8-in-1,accessories,3,39.99,119.97,cancelled,2026-08-15T08:25:02+00:00
ORD-097908,3,9,USB-C Hub 8-in-1,accessories,1,39.99,39.99,refunded,2026-08-15T03:39:15+00:00
ORD-097909,8,1,Mechanical Keyboard 75%,peripherals,4,129.00,516.00,pending,2026-08-15T02:50:11+00:00
ORD-097910,10,1,Mechanical Keyboard 75%,peripherals,2,129.00,258.00,refunded,2026-08-15T00:53:42+00:00
ORD-097911,1,10,Laptop Stand Aluminium,accessories,3,27.50,82.50,cancelled,2026-08-15T04:43:50+00:00
ORD-097912,5,8,Ergonomic Chair,furniture,3,612.75,1838.25,completed,2026-08-15T18:38:53+00:00
ORD-097913,1,8,Ergonomic Chair,furniture,1,612.75,612.75,pending,2026-08-15T17:33:55+00:00
ORD-097914,5,2,Wireless Mouse,peripherals,3,49.50,148.50,completed,2026-08-15T06:21:20+00:00
ORD-097915,5,1,Mechanical Keyboard 75%,peripherals,2,129.00,258.00,pending,2026-08-15T04:25:43+00:00
ORD-097916,8,1,Mechanical Keyboard 75%,peripherals,4,129.00,516.00,completed,2026-08-15T23:23:52+00:00
ORD-097917,7,6,Desk Speakers Pair,audio,3,89.00,267.00,completed,2026-08-15T12:47:37+00:00
ORD-097918,1,5,Over-ear Headphones,audio,3,199.95,599.85,pending,2026-08-15T09:38:39+00:00
ORD-097919,1,1,Mechanical Keyboard 75%,peripherals,5,129.00,645.00,completed,2026-08-15T16:11:08+00:00
ORD-097920,9,8,Ergonomic Chair,furniture,2,612.75,1225.50,cancelled,2026-08-15T12:43:27+00:00
ORD-097921,1,6,Desk Speakers Pair,audio,3,89.00,267.00,refunded,2026-08-15T09:34:00+00:00
ORD-097922,7,5,Over-ear Headphones,audio,5,199.95,999.75,cancelled,2026-08-15T18:17:25+00:00
ORD-097923,9,6,Desk Speakers Pair,audio,2,89.00,178.00,cancelled,2026-08-15T15:52:45+00:00
ORD-097924,8,9,USB-C Hub 8-in-1,accessories,2,39.99,79.98,completed,2026-08-15T05:00:59+00:00
ORD-097925,6,7,Standing Desk 120cm,furniture,3,449.00,1347.00,cancelled,2026-08-15T23:44:03+00:00
ORD-097926,1,7,Standing Desk 120cm,furniture,3,449.00,1347.00,pending,2026-08-15T05:02:37+00:00
ORD-097927,1,10,Laptop Stand Aluminium,accessories,4,27.50,110.00,pending,2026-08-15T16:50:44+00:00
ORD-097928,5,2,Wireless Mouse,peripherals,5,49.50,247.50,refunded,2026-08-15T08:36:07+00:00
ORD-097929,3,8,Ergonomic Chair,furniture,3,612.75,1838.25,cancelled,2026-08-15T16:43:00+00:00
ORD-097930,7,5,Over-ear Headphones,audio,5,199.95,999.75,refunded,2026-08-15T04:32:57+00:00
ORD-097931,6,4,34in Ultrawide Monitor,displays,4,579.00,2316.00,completed,2026-08-15T17:23:43+00:00
ORD-097932,5,7,Standing Desk 120cm,furniture,3,449.00,1347.00,completed,2026-08-15T15:52:39+00:00
ORD-097933,5,2,Wireless Mouse,peripherals,1,49.50,49.50,cancelled,2026-08-15T12:49:46+00:00
ORD-097934,10,3,27in 1440p Monitor,displays,3,319.99,959.97,cancelled,2026-08-15T07:34:40+00:00
ORD-097935,6,8,Ergonomic Chair,furniture,1,612.75,612.75,pending,2026-08-15T21:43:12+00:00
ORD-097936,10,6,Desk Speakers Pair,audio,5,89.00,445.00,cancelled,2026-08-15T02:54:22+00:00
ORD-097937,5,2,Wireless Mouse,peripherals,4,49.50,198.00,completed,2026-08-15T10:56:18+00:00
ORD-097938,9,2,Wireless Mouse,peripherals,1,49.50,49.50,completed,2026-08-15T19:14:04+00:00
ORD-097939,8,5,Over-ear Headphones,audio,4,199.95,799.80,cancelled,2026-08-15T20:52:29+00:00
ORD-097940,5,3,27in 1440p Monitor,displays,2,319.99,639.98,cancelled,2026-08-15T07:33:33+00:00
ORD-097941,10,8,Ergonomic Chair,furniture,5,612.75,3063.75,refunded,2026-08-15T02:13:24+00:00
ORD-097942,4,8,Ergonomic Chair,furniture,1,612.75,612.75,completed,2026-08-15T05:02:39+00:00
ORD-097943,6,1,Mechanical Keyboard 75%,peripherals,3,129.00,387.00,pending,2026-08-15T20:26:48+00:00
ORD-097944,9,5,Over-ear Headphones,audio,2,199.95,399.90,cancelled,2026-08-15T06:01:11+00:00
ORD-097945,1,10,Laptop Stand Aluminium,accessories,3,27.50,82.50,cancelled,2026-08-15T07:36:44+00:00
ORD-097946,10,2,Wireless Mouse,peripherals,5,49.50,247.50,refunded,2026-08-15T14:57:00+00:00
ORD-097947,7,4,34in Ultrawide Monitor,displays,4,579.00,2316.00,refunded,2026-08-15T19:14:05+00:00
ORD-097948,8,6,Desk Speakers Pair,audio,1,89.00,89.00,cancelled,2026-08-15T00:22:22+00:00
ORD-097949,1,7,Standing Desk 120cm,furniture,4,449.00,1796.00,refunded,2026-08-15T03:55:38+00:00
ORD-097950,5,4,34in Ultrawide Monitor,displays,5,579.00,2895.00,refunded,2026-08-15T14:42:03+00:00
ORD-097951,5,7,Standing Desk 120cm,furniture,1,449.00,449.00,refunded,2026-08-15T21:56:18+00:00
ORD-097952,10,2,Wireless Mouse,peripherals,4,49.50,198.00,refunded,2026-08-15T14:22:33+00:00
ORD-097953,10,3,27in 1440p Monitor,displays,2,319.99,639.98,cancelled,2026-08-15T20:36:08+00:00
ORD-097954,5,5,Over-ear Headphones,audio,3,199.95,599.85,completed,2026-08-15T07:58:40+00:00
ORD-097955,4,7,Standing Desk 120cm,furniture,5,449.00,2245.00,completed,2026-08-15T12:03:02+00:00
ORD-097956,9,5,Over-ear Headphones,audio,4,199.95,799.80,completed,2026-08-15T05:11:50+00:00
ORD-097957,8,2,Wireless Mouse,peripherals,4,49.50,198.00,pending,2026-08-15T20:24:29+00:00
ORD-097958,7,3,27in 1440p Monitor,displays,3,319.99,959.97,pending,2026-08-15T07:31:36+00:00
ORD-097959,3,10,Laptop Stand Aluminium,accessories,2,27.50,55.00,pending,2026-08-15T17:30:29+00:00
ORD-097960,8,1,Mechanical Keyboard 75%,peripherals,3,129.00,387.00,cancelled,2026-08-15T06:19:33+00:00
ORD-097961,5,1,Mechanical Keyboard 75%,peripherals,1,129.00,129.00,completed,2026-08-15T16:55:56+00:00
ORD-097962,1,5,Over-ear Headphones,audio,1,199.95,199.95,refunded,2026-08-15T03:35:15+00:00
ORD-097963,7,4,34in Ultrawide Monitor,displays,3,579.00,1737.00,cancelled,2026-08-15T08:59:27+00:00
ORD-097964,7,7,Standing Desk 120cm,furniture,4,449.00,1796.00,refunded,2026-08-15T04:54:13+00:00
ORD-097965,6,2,Wireless Mouse,peripherals,1,49.50,49.50,cancelled,2026-08-15T08:40:05+00:00
ORD-097966,6,10,Laptop Stand Aluminium,accessories,5,27.50,137.50,refunded,2026-08-15T18:20:51+00:00
ORD-097967,1,5,Over-ear Headphones,audio,5,199.95,999.75,refunded,2026-08-15T07:21:39+00:00
ORD-097968,2,2,Wireless Mouse,peripherals,4,49.50,198.00,refunded,2026-08-15T02:12:25+00:00
ORD-097969,1,10,Laptop Stand Aluminium,accessories,5,27.50,137.50,refunded,2026-08-15T23:47:01+00:00
ORD-097970,1,2,Wireless Mouse,peripherals,4,49.50,198.00,refunded,2026-08-15T15:21:22+00:00
ORD-097971,6,4,34in Ultrawide Monitor,displays,3,579.00,1737.00,cancelled,2026-08-15T01:27:03+00:00
ORD-097972,1,3,27in 1440p Monitor,displays,3,319.99,959.97,cancelled,2026-08-15T09:31:12+00:00
ORD-097973,4,10,Laptop Stand Aluminium,accessories,4,27.50,110.00,completed,2026-08-15T00:55:18+00:00
ORD-097974,2,3,27in 1440p Monitor,displays,3,319.99,959.97,cancelled,2026-08-15T06:04:51+00:00
ORD-097975,4,10,Laptop Stand Aluminium,accessories,4,27.50,110.00,completed,2026-08-15T05:40:24+00:00
ORD-097976,6,10,Laptop Stand Aluminium,accessories,4,27.50,110.00,unknown_status,2026-08-15T06:13:33+00:00
ORD-097977,5,1,Mechanical Keyboard 75%,peripherals,3,129.00,387.00,cancelled,2026-08-15T08:34:58+00:00
ORD-097978,5,8,Ergonomic Chair,furniture,2,612.75,1225.50,completed,2026-08-15T05:27:12+00:00
ORD-097979,4,6,Desk Speakers Pair,audio,3,89.00,267.00,cancelled,2026-08-15T16:05:17+00:00
ORD-097980,1,10,Laptop Stand Aluminium,accessories,4,27.50,110.00,refunded,2026-08-15T03:37:35+00:00
ORD-097981,7,9,USB-C Hub 8-in-1,accessories,2,39.99,79.98,cancelled,2026-08-15T03:20:34+00:00
ORD-097982,1,8,Ergonomic Chair,furniture,4,612.75,2451.00,cancelled,2026-08-15T18:41:43+00:00
ORD-097983,7,7,Standing Desk 120cm,furniture,4,449.00,1796.00,pending,2026-08-15T01:03:56+00:00
ORD-097984,10,3,27in 1440p Monitor,displays,4,319.99,1279.96,cancelled,2026-08-15T13:50:32+00:00
ORD-097985,4,3,27in 1440p Monitor,displays,3,319.99,959.97,refunded,2026-08-15T13:29:00+00:00
ORD-097986,10,5,Over-ear Headphones,audio,3,199.95,599.85,refunded,2026-08-15T22:52:19+00:00
ORD-097987,10,6,Desk Speakers Pair,audio,5,89.00,445.00,cancelled,2026-08-15T14:41:15+00:00
ORD-097988,10,7,Standing Desk 120cm,furniture,2,449.00,898.00,completed,2026-08-15T21:01:17+00:00
ORD-097989,6,6,Desk Speakers Pair,audio,2,89.00,178.00,pending,2026-08-15T14:54:20+00:00
ORD-097990,4,6,Desk Speakers Pair,audio,4,89.00,356.00,pending,2026-08-15T17:05:51+00:00
ORD-097991,9,3,27in 1440p Monitor,displays,4,319.99,1279.96,pending,2026-08-15T03:00:26+00:00
ORD-097992,4,7,Standing Desk 120cm,furniture,1,449.00,449.00,completed,2026-08-15T04:51:07+00:00
ORD-097993,7,7,Standing Desk 120cm,furniture,1,449.00,449.00,cancelled,2026-08-15T13:17:21+00:00
ORD-097994,7,2,Wireless Mouse,peripherals,5,49.50,247.50,cancelled,2026-08-15T18:42:10+00:00
ORD-097995,2,3,27in 1440p Monitor,displays,3,319.99,959.97,refunded,2026-08-15T20:32:39+00:00
ORD-097996,3,5,Over-ear Headphones,audio,3,199.95,599.85,refunded,2026-08-15T02:41:39+00:00
ORD-097997,5,10,Laptop Stand Aluminium,accessories,4,27.50,110.00,refunded,2026-08-15T21:30:01+00:00
ORD-097998,9,4,34in Ultrawide Monitor,displays,4,579.00,2316.00,pending,2026-08-15T05:14:53+00:00
ORD-097999,2,3,27in 1440p Monitor,displays,4,319.99,1279.96,pending,2026-08-15T01:30:28+00:00
ORD-098000,3,3,27in 1440p Monitor,displays,3,319.99,959.97,cancelled,2026-08-15T19:15:42+00:00
ORD-098001,10,3,27in 1440p Monitor,displays,3,319.99,959.97,refunded,2026-08-15T01:41:46+00:00
ORD-098002,9,10,Laptop Stand Aluminium,accessories,4,27.50,110.00,cancelled,2026-08-15T01:47:17+00:00
ORD-098003,1,1,Mechanical Keyboard 75%,peripherals,3,129.00,387.00,completed,2026-08-15T13:33:43+00:00
ORD-098004,9,5,Over-ear Headphones,audio,3,199.95,599.85,pending,2026-08-15T01:49:40+00:00
ORD-098005,9,5,Over-ear Headphones,audio,2,199.95,399.90,refunded,2026-08-15T03:17:55+00:00
ORD-098006,6,6,Desk Speakers Pair,audio,5,89.00,445.00,cancelled,2026-08-15T14:22:04+00:00
ORD-098007,8,9,USB-C Hub 8-in-1,accessories,5,39.99,199.95,refunded,2026-08-15T01:24:29+00:00
ORD-098008,3,6,Desk Speakers Pair,audio,2,89.00,178.00,refunded,2026-08-15T22:22:53+00:00
ORD-098009,6,6,Desk Speakers Pair,audio,1,89.00,89.00,cancelled,2026-08-15T15:20:39+00:00
ORD-098010,8,4,34in Ultrawide Monitor,displays,2,579.00,1158.00,pending,2026-08-15T22:44:17+00:00
ORD-098011,10,3,27in 1440p Monitor,displays,3,319.99,959.97,pending,2026-08-15T19:25:51+00:00
ORD-098012,9,9,USB-C Hub 8-in-1,accessories,5,39.99,199.95,pending,2026-08-15T06:12:40+00:00
ORD-098013,10,5,Over-ear Headphones,audio,2,199.95,399.90,cancelled,2026-08-15T21:14:30+00:00
ORD-098014,10,4,34in Ultrawide Monitor,displays,5,579.00,2895.00,cancelled,2026-08-15T11:17:43+00:00
ORD-098015,1,1,Mechanical Keyboard 75%,peripherals,4,129.00,516.00,refunded,2026-08-15T23:13:26+00:00
ORD-098016,5,4,34in Ultrawide Monitor,displays,5,579.00,2895.00,cancelled,2026-08-15T18:58:00+00:00
ORD-098017,7,7,Standing Desk 120cm,furniture,5,449.00,2245.00,refunded,2026-08-15T14:52:16+00:00
ORD-098018,8,5,Over-ear Headphones,audio,4,199.95,799.80,completed,2026-08-15T14:46:44+00:00
ORD-098019,7,7,Standing Desk 120cm,furniture,1,449.00,449.00,cancelled,2026-08-15T01:02:43+00:00
ORD-098020,6,1,Mechanical Keyboard 75%,peripherals,3,129.00,387.00,pending,2026-08-15T16:41:32+00:00
ORD-098021,6,7,Standing Desk 120cm,furniture,1,449.00,449.00,cancelled,2026-08-15T10:53:17+00:00
ORD-098022,10,1,Mechanical Keyboard 75%,peripherals,1,129.00,129.00,cancelled,2026-08-15T02:27:54+00:00
ORD-098023,5,6,Desk Speakers Pair,audio,3,89.00,267.00,cancelled,2026-08-15T16:01:48+00:00
ORD-098024,2,5,Over-ear Headphones,audio,2,199.95,399.90,cancelled,2026-08-15T13:28:20+00:00
ORD-098025,6,8,Ergonomic Chair,furniture,3,612.75,1838.25,cancelled,2026-08-15T00:21:15+00:00
ORD-098026,6,5,Over-ear Headphones,audio,1,199.95,199.95,cancelled,2026-08-15T15:50:27+00:00
ORD-098027,1,7,Standing Desk 120cm,furniture,4,449.00,1796.00,cancelled,2026-08-15T20:25:39+00:00
ORD-098028,10,10,Laptop Stand Aluminium,accessories,1,27.50,27.50,refunded,2026-08-15T15:32:10+00:00
ORD-098029,2,6,Desk Speakers Pair,audio,2,89.00,178.00,cancelled,2026-08-15T08:38:56+00:00
ORD-098030,2,4,34in Ultrawide Monitor,displays,3,579.00,1737.00,completed,2026-08-15T17:02:31+00:00
ORD-098031,7,8,Ergonomic Chair,furniture,1,612.75,612.75,pending,2026-08-15T18:05:39+00:00
ORD-098032,10,4,34in Ultrawide Monitor,displays,5,579.00,2895.00,pending,2026-08-15T22:31:54+00:00
ORD-098033,3,10,Laptop Stand Aluminium,accessories,5,27.50,137.50,completed,2026-08-15T03:04:50+00:00
ORD-098034,4,7,Standing Desk 120cm,furniture,4,449.00,1796.00,pending,2026-08-15T10:51:51+00:00
ORD-098035,2,4,34in Ultrawide Monitor,displays,4,579.00,2316.00,cancelled,2026-08-15T17:45:05+00:00
ORD-098036,8,3,27in 1440p Monitor,displays,5,319.99,1599.95,refunded,2026-08-15T09:08:59+00:00
ORD-098037,2,10,Laptop Stand Aluminium,accessories,1,27.50,27.50,pending,2026-08-15T20:44:56+00:00
ORD-098038,5,1,Mechanical Keyboard 75%,peripherals,2,129.00,258.00,cancelled,2026-08-15T15:25:33+00:00
ORD-098039,5,6,Desk Speakers Pair,audio,1,89.00,89.00,completed,2026-08-15T01:43:53+00:00
ORD-098040,4,8,Ergonomic Chair,furniture,1,612.75,612.75,refunded,2026-08-15T06:40:47+00:00
ORD-098041,3,7,Standing Desk 120cm,furniture,1,449.00,449.00,completed,2026-08-15T03:14:48+00:00
ORD-098042,4,5,Over-ear Headphones,audio,3,199.95,599.85,pending,2026-08-15T15:26:15+00:00
ORD-098043,6,2,Wireless Mouse,peripherals,1,49.50,49.50,cancelled,2026-08-15T23:34:29+00:00
ORD-098044,8,8,Ergonomic Chair,furniture,2,612.75,1225.50,completed,2026-08-15T05:38:47+00:00
ORD-098045,4,5,Over-ear Headphones,audio,1,199.95,199.95,pending,2026-08-15T21:43:12+00:00
ORD-098046,5,3,27in 1440p Monitor,displays,2,319.99,639.98,refunded,2026-08-15T09:20:50+00:00
ORD-098047,10,4,34in Ultrawide Monitor,displays,4,579.00,2316.00,pending,2026-08-15T07:23:55+00:00
ORD-098048,2,9,USB-C Hub 8-in-1,accessories,3,39.99,119.97,refunded,2026-08-15T13:22:37+00:00
ORD-098049,6,5,Over-ear Headphones,audio,5,199.95,999.75,refunded,2026-08-15T16:43:54+00:00
ORD-098050,4,1,Mechanical Keyboard 75%,peripherals,3,129.00,387.00,completed,2026-08-15T01:18:10+00:00
ORD-098051,9,8,Ergonomic Chair,furniture,5,612.75,3063.75,completed,2026-08-15T20:24:08+00:00
ORD-098052,7,8,Ergonomic Chair,furniture,3,612.75,1838.25,refunded,2026-08-15T21:28:09+00:00
ORD-098053,7,7,Standing Desk 120cm,furniture,2,449.00,898.00,refunded,2026-08-15T06:09:53+00:00
ORD-098054,4,4,34in Ultrawide Monitor,displays,1,579.00,579.00,completed,2026-08-15T09:05:29+00:00
ORD-098055,10,10,Laptop Stand Aluminium,accessories,3,27.50,82.50,cancelled,2026-08-15T16:46:45+00:00
ORD-098056,8,9,USB-C Hub 8-in-1,accessories,2,39.99,79.98,refunded,2026-08-15T21:48:19+00:00
ORD-098057,9,2,Wireless Mouse,peripherals,2,49.50,99.00,completed,2026-08-15T22:30:52+00:00
ORD-098058,5,4,34in Ultrawide Monitor,displays,2,579.00,1158.00,completed,2026-08-15T07:18:23+00:00
ORD-098059,9,2,Wireless Mouse,peripherals,2,49.50,99.00,pending,2026-08-15T00:16:53+00:00
ORD-098060,8,9,USB-C Hub 8-in-1,accessories,4,39.99,159.96,pending,2026-08-15T17:07:37+00:00
ORD-098061,7,2,Wireless Mouse,peripherals,2,49.50,99.00,pending,2026-08-15T06:39:55+00:00
ORD-098062,3,7,Standing Desk 120cm,furniture,5,449.00,2245.00,pending,2026-08-15T22:38:54+00:00
ORD-098063,2,3,27in 1440p Monitor,displays,1,319.99,319.99,cancelled,2026-08-15T22:04:12+00:00
ORD-098064,2,6,Desk Speakers Pair,audio,2,89.00,178.00,pending,2026-08-15T17:01:11+00:00
ORD-098065,5,6,Desk Speakers Pair,audio,1,89.00,89.00,completed,2026-08-15T16:59:48+00:00
ORD-098066,2,1,Mechanical Keyboard 75%,peripherals,1,129.00,129.00,completed,2026-08-15T23:48:06+00:00
ORD-098067,7,6,Desk Speakers Pair,audio,4,89.00,356.00,cancelled,2026-08-15T16:28:43+00:00
ORD-098068,6,6,Desk Speakers Pair,audio,3,89.00,267.00,cancelled,2026-08-15T20:07:36+00:00
ORD-098069,10,3,27in 1440p Monitor,displays,4,319.99,1279.96,completed,2026-08-15T20:53:34+00:00
ORD-098070,8,7,Standing Desk 120cm,furniture,4,449.00,1796.00,completed,2026-08-15T00:13:32+00:00
ORD-098071,3,1,Mechanical Keyboard 75%,peripherals,3,129.00,387.00,cancelled,2026-08-15T15:08:03+00:00
ORD-098072,3,8,Ergonomic Chair,furniture,3,612.75,1838.25,pending,2026-08-15T07:31:35+00:00
ORD-098073,6,3,27in 1440p Monitor,displays,2,319.99,639.98,completed,2026-08-15T16:16:45+00:00
ORD-098074,1,1,Mechanical Keyboard 75%,peripherals,2,129.00,258.00,pending,2026-08-15T13:00:00+00:00
ORD-098075,7,3,27in 1440p Monitor,displays,3,319.99,959.97,pending,2026-08-15T14:34:03+00:00
ORD-098076,5,9,USB-C Hub 8-in-1,accessories,5,39.99,199.95,pending,2026-08-15T20:22:27+00:00
ORD-098077,4,8,Ergonomic Chair,furniture,3,612.75,1838.25,completed,2026-08-15T16:29:19+00:00
ORD-098078,7,7,Standing Desk 120cm,furniture,5,449.00,2245.00,completed,2026-08-15T11:16:03+00:00
ORD-098079,9,4,34in Ultrawide Monitor,displays,1,579.00,579.00,refunded,2026-08-15T17:25:03+00:00
ORD-098080,9,5,Over-ear Headphones,audio,4,199.95,799.80,pending,2026-08-15T19:17:34+00:00
ORD-098081,2,5,Over-ear Headphones,audio,4,199.95,799.80,cancelled,2026-08-15T07:30:11+00:00
ORD-098082,7,5,Over-ear Headphones,audio,2,199.95,399.90,cancelled,2026-08-15T21:47:48+00:00
ORD-098083,1,3,27in 1440p Monitor,displays,2,319.99,639.98,completed,2026-08-15T10:23:05+00:00
ORD-098084,6,6,Desk Speakers Pair,audio,5,89.00,445.00,refunded,2026-08-15T10:17:31+00:00
ORD-098085,1,3,27in 1440p Monitor,displays,2,319.99,639.98,cancelled,2026-08-15T16:23:28+00:00
ORD-098086,2,8,Ergonomic Chair,furniture,2,612.75,1225.50,completed,2026-08-15T06:42:18+00:00
ORD-098087,10,3,27in 1440p Monitor,displays,4,319.99,1279.96,completed,2026-08-15T21:00:44+00:00
ORD-098088,3,2,Wireless Mouse,peripherals,4,49.50,198.00,pending,2026-08-15T09:51:58+00:00
ORD-098089,6,3,27in 1440p Monitor,displays,4,319.99,1279.96,completed,2026-08-15T12:04:13+00:00
ORD-098090,3,4,34in Ultrawide Monitor,displays,3,579.00,1737.00,refunded,2026-08-15T20:05:13+00:00
ORD-098091,4,6,Desk Speakers Pair,audio,3,89.00,267.00,cancelled,2026-08-15T11:15:11+00:00
ORD-098092,8,10,Laptop Stand Aluminium,accessories,3,27.50,82.50,cancelled,2026-08-15T23:18:52+00:00
ORD-098093,4,1,Mechanical Keyboard 75%,peripherals,1,129.00,129.00,pending,2026-08-15T20:23:10+00:00
ORD-098094,8,10,Laptop Stand Aluminium,accessories,1,27.50,27.50,cancelled,2026-08-15T17:32:13+00:00
ORD-098095,7,7,Standing Desk 120cm,furniture,2,449.00,898.00,completed,2026-08-15T23:53:26+00:00
ORD-098096,3,1,Mechanical Keyboard 75%,peripherals,1,129.00,129.00,refunded,2026-08-15T21:36:06+00:00
ORD-098097,6,1,Mechanical Keyboard 75%,peripherals,5,129.00,645.00,cancelled,2026-08-15T23:51:50+00:00
ORD-098098,10,3,27in 1440p Monitor,displays,1,319.99,319.99,refunded,2026-08-15T11:16:47+00:00
ORD-098099,10,9,USB-C Hub 8-in-1,accessories,1,39.99,39.99,refunded,2026-08-15T16:21:06+00:00
ORD-098100,2,6,Desk Speakers Pair,audio,5,89.00,445.00,pending,2026-08-15T11:46:36+00:00
ORD-098101,9,2,Wireless Mouse,peripherals,3,49.50,148.50,completed,2026-08-15T09:22:40+00:00
ORD-098102,1,10,Laptop Stand Aluminium,accessories,5,27.50,137.50,refunded,2026-08-15T14:23:55+00:00
ORD-098103,6,4,34in Ultrawide Monitor,displays,1,579.00,579.00,completed,2026-08-15T00:50:26+00:00
ORD-098104,1,8,Ergonomic Chair,furniture,3,612.75,1838.25,refunded,2026-08-15T23:34:05+00:00
ORD-098105,7,8,Ergonomic Chair,furniture,5,612.75,3063.75,pending,2026-08-15T19:32:21+00:00
ORD-098106,3,5,Over-ear Headphones,audio,5,199.95,999.75,completed,2026-08-15T06:38:57+00:00
ORD-098107,4,8,Ergonomic Chair,furniture,5,612.75,3063.75,refunded,2026-08-15T20:07:43+00:00
ORD-098108,8,4,34in Ultrawide Monitor,displays,4,579.00,2316.00,completed,2026-08-15T02:42:36+00:00
ORD-098109,7,1,Mechanical Keyboard 75%,peripherals,2,129.00,258.00,refunded,2026-08-15T01:06:47+00:00
ORD-098110,6,4,34in Ultrawide Monitor,displays,5,579.00,2895.00,cancelled,2026-08-15T01:33:01+00:00
ORD-098111,4,3,27in 1440p Monitor,displays,4,319.99,1279.96,cancelled,2026-08-15T18:24:58+00:00
ORD-098112,2,3,27in 1440p Monitor,displays,5,319.99,1599.95,completed,2026-08-15T10:30:58+00:00
ORD-098113,10,7,Standing Desk 120cm,furniture,1,449.00,449.00,cancelled,2026-08-15T04:08:08+00:00
ORD-098114,10,5,Over-ear Headphones,audio,5,199.95,999.75,pending,2026-08-15T22:11:05+00:00
ORD-098115,8,1,Mechanical Keyboard 75%,peripherals,3,129.00,387.00,pending,2026-08-15T00:51:26+00:00
ORD-098116,1,2,Wireless Mouse,peripherals,2,49.50,99.00,cancelled,2026-08-15T05:01:14+00:00
ORD-098117,4,8,Ergonomic Chair,furniture,3,612.75,1838.25,cancelled,2026-08-15T15:14:03+00:00
ORD-098118,10,3,27in 1440p Monitor,displays,4,319.99,1279.96,refunded,2026-08-15T11:00:33+00:00
ORD-098119,8,2,Wireless Mouse,peripherals,1,49.50,49.50,cancelled,2026-08-15T02:15:40+00:00
ORD-098120,1,9,USB-C Hub 8-in-1,accessories,4,39.99,159.96,refunded,2026-08-15T16:14:20+00:00
ORD-098121,9,1,Mechanical Keyboard 75%,peripherals,5,129.00,645.00,pending,2026-08-15T15:32:35+00:00
ORD-098122,1,7,Standing Desk 120cm,furniture,2,449.00,898.00,refunded,2026-08-15T02:42:55+00:00
ORD-098123,2,2,Wireless Mouse,peripherals,1,49.50,49.50,refunded,2026-08-15T04:14:42+00:00
ORD-098124,7,5,Over-ear Headphones,audio,3,199.95,599.85,refunded,2026-08-15T11:06:46+00:00
ORD-098125,7,10,Laptop Stand Aluminium,accessories,2,27.50,55.00,refunded,2026-08-15T08:28:21+00:00
ORD-098126,2,4,34in Ultrawide Monitor,displays,1,579.00,579.00,refunded,2026-08-15T05:34:27+00:00
ORD-098127,6,5,Over-ear Headphones,audio,5,199.95,999.75,completed,2026-08-15T15:52:48+00:00
ORD-098128,4,3,27in 1440p Monitor,displays,3,319.99,959.97,cancelled,2026-08-15T18:41:18+00:00
ORD-098129,9,1,Mechanical Keyboard 75%,peripherals,1,129.00,129.00,completed,2026-08-15T04:00:52+00:00
ORD-098130,10,8,Ergonomic Chair,furniture,5,612.75,3063.75,completed,2026-08-15T01:07:39+00:00
ORD-098131,3,4,34in Ultrawide Monitor,displays,5,579.00,2895.00,pending,2026-08-15T03:10:46+00:00
ORD-098132,5,10,Laptop Stand Aluminium,accessories,2,27.50,55.00,cancelled,2026-08-15T10:09:27+00:00
ORD-098133,5,5,Over-ear Headphones,audio,3,199.95,599.85,pending,2026-08-15T00:13:47+00:00
ORD-098134,1,7,Standing Desk 120cm,furniture,2,449.00,898.00,cancelled,2026-08-15T12:16:59+00:00
ORD-098135,10,8,Ergonomic Chair,furniture,3,612.75,1838.25,completed,2026-08-15T05:42:47+00:00
ORD-098136,4,1,Mechanical Keyboard 75%,peripherals,4,129.00,516.00,cancelled,2026-08-15T21:39:56+00:00
ORD-098137,7,1,Mechanical Keyboard 75%,peripherals,4,129.00,516.00,refunded,2026-08-15T08:12:23+00:00
ORD-098138,9,4,34in Ultrawide Monitor,displays,2,579.00,1158.00,cancelled,2026-08-15T13:09:52+00:00
ORD-098139,6,1,Mechanical Keyboard 75%,peripherals,4,129.00,516.00,cancelled,2026-08-15T15:41:06+00:00
ORD-098140,9,7,Standing Desk 120cm,furniture,3,449.00,1347.00,cancelled,2026-08-15T19:17:55+00:00
ORD-098141,5,9,USB-C Hub 8-in-1,accessories,3,39.99,119.97,completed,2026-08-15T21:49:09+00:00
ORD-098142,2,1,Mechanical Keyboard 75%,peripherals,3,129.00,387.00,cancelled,2026-08-15T15:07:25+00:00
ORD-098143,10,9,USB-C Hub 8-in-1,accessories,1,39.99,39.99,pending,2026-08-15T00:09:25+00:00
ORD-098144,6,9,USB-C Hub 8-in-1,accessories,2,39.99,79.98,completed,2026-08-15T04:11:20+00:00
ORD-098145,6,9,USB-C Hub 8-in-1,accessories,2,39.99,79.98,pending,2026-08-15T18:39:59+00:00
ORD-098146,5,4,34in Ultrawide Monitor,displays,3,579.00,1737.00,refunded,2026-08-15T03:00:40+00:00
ORD-098147,2,8,Ergonomic Chair,furniture,1,612.75,612.75,pending,2026-08-15T15:19:39+00:00
ORD-098148,9,8,Ergonomic Chair,furniture,2,612.75,1225.50,completed,2026-08-15T04:08:22+00:00
ORD-098149,4,8,Ergonomic Chair,furniture,5,612.75,3063.75,pending,2026-08-15T12:40:49+00:00
ORD-098150,6,3,27in 1440p Monitor,displays,5,319.99,1599.95,completed,2026-08-15T03:00:59+00:00
ORD-098151,2,9,USB-C Hub 8-in-1,accessories,5,39.99,199.95,refunded,2026-08-15T20:19:08+00:00
ORD-098152,4,2,Wireless Mouse,peripherals,1,49.50,49.50,refunded,2026-08-15T13:45:18+00:00
ORD-098153,5,3,27in 1440p Monitor,displays,4,319.99,1279.96,refunded,2026-08-15T16:05:11+00:00
ORD-098154,10,10,Laptop Stand Aluminium,accessories,5,27.50,137.50,refunded,2026-08-15T00:10:14+00:00
ORD-098155,2,3,27in 1440p Monitor,displays,1,319.99,319.99,completed,2026-08-15T21:03:13+00:00
ORD-098156,2,8,Ergonomic Chair,furniture,1,612.75,612.75,refunded,2026-08-15T17:44:49+00:00
ORD-098157,5,2,Wireless Mouse,peripherals,5,49.50,247.50,completed,2026-08-15T05:48:31+00:00
ORD-098158,5,9,USB-C Hub 8-in-1,accessories,2,39.99,79.98,pending,2026-08-15T22:26:30+00:00
ORD-098159,8,2,Wireless Mouse,peripherals,3,49.50,148.50,refunded,2026-08-15T18:02:00+00:00
ORD-098160,1,4,34in Ultrawide Monitor,displays,4,579.00,2316.00,refunded,2026-08-15T17:11:25+00:00
ORD-098161,1,1,Mechanical Keyboard 75%,peripherals,4,129.00,516.00,refunded,2026-08-15T13:02:44+00:00
ORD-098162,5,4,34in Ultrawide Monitor,displays,2,579.00,1158.00,refunded,2026-08-15T14:54:44+00:00
ORD-098163,3,4,34in Ultrawide Monitor,displays,1,579.00,579.00,refunded,2026-08-15T19:17:55+00:00
ORD-098164,4,8,Ergonomic Chair,furniture,3,612.75,1838.25,completed,2026-08-15T06:18:25+00:00
ORD-098165,8,7,Standing Desk 120cm,furniture,1,449.00,449.00,refunded,2026-08-15T07:40:50+00:00
ORD-098166,1,1,Mechanical Keyboard 75%,peripherals,5,129.00,645.00,cancelled,2026-08-15T12:56:45+00:00
ORD-098167,6,2,Wireless Mouse,peripherals,4,49.50,198.00,pending,2026-08-15T19:35:07+00:00
ORD-098168,6,8,Ergonomic Chair,furniture,3,612.75,1838.25,cancelled,2026-08-15T09:58:37+00:00
ORD-098169,8,5,Over-ear Headphones,audio,3,199.95,599.85,refunded,2026-08-15T01:37:37+00:00
ORD-098170,7,9,USB-C Hub 8-in-1,accessories,3,39.99,119.97,pending,2026-08-15T00:56:49+00:00
ORD-098171,8,2,Wireless Mouse,peripherals,1,49.50,49.50,cancelled,2026-08-15T00:05:06+00:00
ORD-098172,9,2,Wireless Mouse,peripherals,3,49.50,148.50,cancelled,2026-08-15T17:15:15+00:00
ORD-098173,7,9,USB-C Hub 8-in-1,accessories,1,39.99,39.99,cancelled,2026-08-15T11:56:04+00:00
ORD-098174,10,6,Desk Speakers Pair,audio,2,89.00,178.00,refunded,2026-08-15T00:17:25+00:00
ORD-098175,2,4,34in Ultrawide Monitor,displays,3,579.00,1737.00,pending,2026-08-15T07:00:45+00:00
ORD-098176,9,4,34in Ultrawide Monitor,displays,2,579.00,1158.00,refunded,2026-08-15T00:01:16+00:00
ORD-098177,8,7,Standing Desk 120cm,furniture,4,449.00,1796.00,completed,2026-08-15T00:28:31+00:00
ORD-098178,5,5,Over-ear Headphones,audio,3,199.95,599.85,refunded,2026-08-15T00:03:15+00:00
ORD-098179,6,6,Desk Speakers Pair,audio,1,89.00,89.00,refunded,2026-08-15T22:02:55+00:00
ORD-098180,10,10,Laptop Stand Aluminium,accessories,2,27.50,55.00,pending,2026-08-15T21:30:23+00:00
ORD-098181,3,9,USB-C Hub 8-in-1,accessories,3,39.99,119.97,cancelled,2026-08-15T07:22:57+00:00
ORD-098182,2,3,27in 1440p Monitor,displays,5,319.99,1599.95,refunded,2026-08-15T09:36:19+00:00
ORD-098183,6,5,Over-ear Headphones,audio,1,199.95,199.95,cancelled,2026-08-15T19:21:58+00:00
ORD-098184,6,2,Wireless Mouse,peripherals,1,49.50,49.50,pending,2026-08-15T02:58:21+00:00
ORD-098185,6,3,27in 1440p Monitor,displays,2,319.99,639.98,completed,2026-08-15T15:50:59+00:00
ORD-098186,8,1,Mechanical Keyboard 75%,peripherals,2,129.00,258.00,pending,2026-08-15T04:46:39+00:00
ORD-098187,6,7,Standing Desk 120cm,furniture,4,449.00,1796.00,completed,2026-08-15T12:29:10+00:00
ORD-098188,2,7,Standing Desk 120cm,furniture,3,449.00,1347.00,pending,2026-08-15T03:52:34+00:00
ORD-098189,4,4,34in Ultrawide Monitor,displays,2,579.00,1158.00,pending,2026-08-15T13:06:53+00:00
ORD-098190,10,9,USB-C Hub 8-in-1,accessories,1,39.99,39.99,pending,2026-08-15T20:44:47+00:00
ORD-098191,6,3,27in 1440p Monitor,displays,5,319.99,1599.95,completed,2026-08-15T12:17:09+00:00
ORD-098192,10,9,USB-C Hub 8-in-1,accessories,1,39.99,39.99,pending,2026-08-15T05:36:32+00:00
ORD-098193,4,5,Over-ear Headphones,audio,2,199.95,399.90,pending,2026-08-15T11:27:59+00:00
ORD-098194,9,5,Over-ear Headphones,audio,2,199.95,399.90,pending,2026-08-15T18:33:57+00:00
ORD-098195,1,5,Over-ear Headphones,audio,1,199.95,199.95,cancelled,2026-08-15T18:03:58+00:00
ORD-098196,1,2,Wireless Mouse,peripherals,1,49.50,49.50,cancelled,2026-08-15T19:39:57+00:00
ORD-098197,8,4,34in Ultrawide Monitor,displays,3,579.00,1737.00,pending,2026-08-15T20:43:45+00:00
ORD-098198,10,4,34in Ultrawide Monitor,displays,1,579.00,579.00,completed,2026-08-15T03:22:03+00:00
ORD-098199,9,8,Ergonomic Chair,furniture,1,612.75,612.75,pending,2026-08-15T08:51:37+00:00
ORD-098200,5,6,Desk Speakers Pair,audio,1,89.00,89.00,cancelled,2026-08-15T13:54:58+00:00
ORD-098201,1,7,Standing Desk 120cm,furniture,4,449.00,1796.00,cancelled,2026-08-15T21:35:05+00:00
ORD-098202,7,2,Wireless Mouse,peripherals,1,49.50,49.50,pending,2026-08-15T20:37:09+00:00
ORD-098203,9,9,USB-C Hub 8-in-1,accessories,4,39.99,159.96,refunded,2026-08-15T01:40:29+00:00
ORD-098204,4,7,Standing Desk 120cm,furniture,5,449.00,2245.00,cancelled,2026-08-15T18:27:38+00:00
ORD-098205,1,4,34in Ultrawide Monitor,displays,4,579.00,2316.00,cancelled,2026-08-15T16:46:01+00:00
ORD-098206,8,7,Standing Desk 120cm,furniture,4,449.00,1796.00,cancelled,2026-08-15T16:59:16+00:00
ORD-098207,10,8,Ergonomic Chair,furniture,4,612.75,2451.00,cancelled,2026-08-15T07:04:49+00:00
ORD-098208,3,10,Laptop Stand Aluminium,accessories,5,27.50,137.50,refunded,2026-08-15T03:11:37+00:00
ORD-098209,10,5,Over-ear Headphones,audio,3,199.95,599.85,refunded,2026-08-15T00:53:40+00:00
ORD-098210,1,5,Over-ear Headphones,audio,5,199.95,999.75,completed,2026-08-15T02:01:18+00:00
ORD-098211,10,6,Desk Speakers Pair,audio,2,89.00,178.00,completed,2026-08-15T19:12:26+00:00
ORD-098212,7,3,27in 1440p Monitor,displays,5,319.99,1599.95,completed,2026-08-15T19:15:37+00:00
ORD-098213,2,10,Laptop Stand Aluminium,accessories,1,27.50,27.50,cancelled,2026-08-15T02:43:37+00:00
ORD-098214,4,10,Laptop Stand Aluminium,accessories,2,27.50,55.00,pending,2026-08-15T11:08:25+00:00
ORD-098215,5,4,34in Ultrawide Monitor,displays,5,579.00,2895.00,completed,2026-08-15T07:30:45+00:00
ORD-098216,6,3,27in 1440p Monitor,displays,4,319.99,1279.96,completed,2026-08-15T22:42:36+00:00
ORD-098217,4,10,Laptop Stand Aluminium,accessories,5,27.50,137.50,completed,2026-08-15T09:59:22+00:00
ORD-098218,1,6,Desk Speakers Pair,audio,4,89.00,356.00,completed,2026-08-15T11:08:49+00:00
ORD-098219,5,8,Ergonomic Chair,furniture,4,612.75,2451.00,refunded,2026-08-15T22:56:05+00:00
ORD-098220,7,2,Wireless Mouse,peripherals,3,49.50,148.50,cancelled,2026-08-15T01:27:33+00:00
ORD-098221,1,10,Laptop Stand Aluminium,accessories,3,27.50,82.50,completed,2026-08-15T07:36:33+00:00
ORD-098222,1,10,Laptop Stand Aluminium,accessories,3,27.50,82.50,completed,2026-08-15T05:59:40+00:00
ORD-098223,4,6,Desk Speakers Pair,audio,5,89.00,445.00,completed,2026-08-15T07:51:15+00:00
ORD-098224,4,7,Standing Desk 120cm,furniture,1,449.00,449.00,cancelled,2026-08-15T01:24:53+00:00
ORD-098225,4,6,Desk Speakers Pair,audio,4,89.00,356.00,completed,2026-08-15T19:46:33+00:00
ORD-098226,7,10,Laptop Stand Aluminium,accessories,4,27.50,110.00,cancelled,2026-08-15T04:26:26+00:00
ORD-098227,3,1,Mechanical Keyboard 75%,peripherals,3,129.00,387.00,refunded,2026-08-15T09:51:35+00:00
ORD-098228,8,3,27in 1440p Monitor,displays,5,319.99,1599.95,cancelled,2026-08-15T10:52:54+00:00
ORD-098229,6,6,Desk Speakers Pair,audio,1,89.00,89.00,completed,2026-08-15T05:37:09+00:00
ORD-098230,6,2,Wireless Mouse,peripherals,1,49.50,49.50,pending,2026-08-15T13:21:15+00:00
ORD-098231,10,9,USB-C Hub 8-in-1,accessories,1,39.99,39.99,completed,2026-08-15T12:28:29+00:00
ORD-098232,6,6,Desk Speakers Pair,audio,1,89.00,89.00,completed,2026-08-15T07:56:14+00:00
ORD-098233,10,10,Laptop Stand Aluminium,accessories,5,27.50,137.50,pending,2026-08-15T15:44:11+00:00
ORD-098234,3,6,Desk Speakers Pair,audio,5,89.00,445.00,pending,2026-08-15T17:47:24+00:00
ORD-098235,10,6,Desk Speakers Pair,audio,3,89.00,267.00,cancelled,2026-08-15T19:53:43+00:00
ORD-098236,10,6,Desk Speakers Pair,audio,4,89.00,356.00,pending,2026-08-15T00:00:54+00:00
ORD-098237,5,1,Mechanical Keyboard 75%,peripherals,5,129.00,645.00,refunded,2026-08-15T04:07:51+00:00
ORD-098238,8,2,Wireless Mouse,peripherals,5,49.50,247.50,pending,2026-08-15T16:19:43+00:00
ORD-098239,8,6,Desk Speakers Pair,audio,3,89.00,267.00,cancelled,2026-08-15T08:29:19+00:00
ORD-098240,3,9,USB-C Hub 8-in-1,accessories,3,39.99,119.97,cancelled,2026-08-15T06:16:52+00:00
ORD-098241,3,3,27in 1440p Monitor,displays,3,319.99,959.97,pending,2026-08-15T01:55:33+00:00
ORD-098242,1,6,Desk Speakers Pair,audio,3,89.00,267.00,completed,2026-08-15T09:36:54+00:00
ORD-098243,9,8,Ergonomic Chair,furniture,1,612.75,612.75,completed,2026-08-15T02:12:55+00:00
ORD-098244,10,10,Laptop Stand Aluminium,accessories,5,27.50,137.50,cancelled,2026-08-15T00:51:22+00:00
ORD-098245,1,5,Over-ear Headphones,audio,3,199.95,599.85,completed,2026-08-15T22:02:58+00:00
ORD-098246,3,2,Wireless Mouse,peripherals,4,49.50,198.00,cancelled,2026-08-15T01:28:17+00:00
ORD-098247,3,7,Standing Desk 120cm,furniture,2,449.00,898.00,completed,2026-08-15T14:21:36+00:00
ORD-098248,10,7,Standing Desk 120cm,furniture,5,449.00,2245.00,refunded,2026-08-15T18:28:06+00:00
ORD-098249,9,1,Mechanical Keyboard 75%,peripherals,1,129.00,129.00,completed,2026-08-15T06:41:59+00:00
ORD-098250,5,8,Ergonomic Chair,furniture,5,612.75,3063.75,cancelled,2026-08-15T10:39:30+00:00
ORD-098251,6,10,Laptop Stand Aluminium,accessories,5,27.50,137.50,cancelled,2026-08-15T13:27:12+00:00
ORD-098252,9,3,27in 1440p Monitor,displays,5,319.99,1599.95,pending,2026-08-15T13:28:59+00:00
ORD-098253,4,5,Over-ear Headphones,audio,2,199.95,399.90,completed,2026-08-15T04:59:04+00:00
ORD-098254,4,10,Laptop Stand Aluminium,accessories,1,27.50,27.50,completed,2026-08-15T21:43:53+00:00
ORD-098255,9,7,Standing Desk 120cm,furniture,4,449.00,1796.00,completed,2026-08-15T19:28:17+00:00
ORD-098256,8,10,Laptop Stand Aluminium,accessories,3,27.50,82.50,cancelled,2026-08-15T08:46:28+00:00
ORD-098257,2,2,Wireless Mouse,peripherals,2,49.50,99.00,refunded,2026-08-15T08:33:05+00:00
ORD-098258,7,8,Ergonomic Chair,furniture,3,612.75,1838.25,cancelled,2026-08-15T16:13:54+00:00
ORD-098259,10,8,Ergonomic Chair,furniture,2,612.75,1225.50,cancelled,2026-08-15T20:40:53+00:00
ORD-098260,3,5,Over-ear Headphones,audio,3,199.95,599.85,cancelled,2026-08-15T16:51:26+00:00
ORD-098261,5,3,27in 1440p Monitor,displays,4,319.99,1279.96,pending,2026-08-15T10:16:20+00:00
ORD-098262,7,2,Wireless Mouse,peripherals,1,49.50,49.50,refunded,2026-08-15T05:00:18+00:00
ORD-098263,7,8,Ergonomic Chair,furniture,2,612.75,1225.50,pending,2026-08-15T13:45:11+00:00
ORD-098264,2,4,34in Ultrawide Monitor,displays,3,579.00,1737.00,pending,2026-08-15T23:21:48+00:00
ORD-098265,4,1,Mechanical Keyboard 75%,peripherals,4,129.00,516.00,completed,2026-08-15T13:54:24+00:00
ORD-098266,4,5,Over-ear Headphones,audio,5,199.95,999.75,cancelled,2026-08-15T12:00:47+00:00
ORD-098267,1,1,Mechanical Keyboard 75%,peripherals,5,129.00,645.00,pending,2026-08-15T02:43:13+00:00
ORD-098268,2,7,Standing Desk 120cm,furniture,2,449.00,898.00,refunded,2026-08-15T01:15:12+00:00
ORD-098269,10,9,USB-C Hub 8-in-1,accessories,3,39.99,119.97,refunded,2026-08-15T15:53:19+00:00
ORD-098270,8,6,Desk Speakers Pair,audio,3,89.00,267.00,pending,2026-08-15T22:42:31+00:00
ORD-098271,10,6,Desk Speakers Pair,audio,2,89.00,178.00,cancelled,2026-08-15T05:39:35+00:00
ORD-098272,5,4,34in Ultrawide Monitor,displays,5,579.00,2895.00,refunded,2026-08-15T20:54:10+00:00
ORD-098273,3,8,Ergonomic Chair,furniture,4,612.75,2451.00,refunded,not-a-valid-date
ORD-098274,9,10,Laptop Stand Aluminium,accessories,4,27.50,110.00,completed,2026-08-15T04:18:11+00:00
ORD-098275,3,10,Laptop Stand Aluminium,accessories,4,27.50,110.00,pending,2026-08-15T20:23:30+00:00
ORD-098276,5,4,34in Ultrawide Monitor,displays,4,579.00,2316.00,pending,2026-08-15T15:14:31+00:00
ORD-098277,4,3,27in 1440p Monitor,displays,2,319.99,639.98,cancelled,2026-08-15T19:20:52+00:00
ORD-098278,3,2,Wireless Mouse,peripherals,1,49.50,49.50,refunded,2026-08-15T00:42:35+00:00
ORD-098279,7,2,Wireless Mouse,peripherals,1,49.50,49.50,pending,2026-08-15T12:39:40+00:00
ORD-098280,6,7,Standing Desk 120cm,furniture,1,449.00,449.00,completed,2026-08-15T01:54:57+00:00
ORD-098281,3,4,34in Ultrawide Monitor,displays,4,579.00,2316.00,cancelled,2026-08-15T04:16:40+00:00
ORD-098282,8,4,34in Ultrawide Monitor,displays,2,579.00,1158.00,refunded,2026-08-15T13:19:22+00:00
ORD-098283,4,5,Over-ear Headphones,audio,4,199.95,799.80,refunded,2026-08-15T15:48:24+00:00
ORD-098284,10,6,Desk Speakers Pair,audio,2,89.00,178.00,cancelled,2026-08-15T15:56:13+00:00
ORD-098285,3,6,Desk Speakers Pair,audio,5,89.00,445.00,cancelled,2026-08-15T22:23:32+00:00
ORD-098286,2,2,Wireless Mouse,peripherals,5,49.50,247.50,cancelled,2026-08-15T15:45:36+00:00
ORD-098287,10,6,Desk Speakers Pair,audio,3,89.00,267.00,pending,2026-08-15T21:40:52+00:00
ORD-098288,2,5,Over-ear Headphones,audio,3,199.95,599.85,refunded,2026-08-15T15:24:07+00:00
ORD-098289,10,4,34in Ultrawide Monitor,displays,1,579.00,579.00,completed,2026-08-15T23:41:20+00:00
ORD-098290,5,8,Ergonomic Chair,furniture,1,612.75,612.75,pending,2026-08-15T14:04:16+00:00
ORD-098291,6,9,USB-C Hub 8-in-1,accessories,2,39.99,79.98,refunded,2026-08-15T15:23:20+00:00
ORD-098292,1,10,Laptop Stand Aluminium,accessories,2,27.50,55.00,completed,2026-08-15T18:37:14+00:00
ORD-098293,9,4,34in Ultrawide Monitor,displays,1,579.00,579.00,completed,2026-08-15T06:24:01+00:00
ORD-098294,9,7,Standing Desk 120cm,furniture,1,449.00,449.00,completed,2026-08-15T09:22:47+00:00
ORD-098295,8,6,Desk Speakers Pair,audio,5,89.00,445.00,cancelled,2026-08-15T12:45:26+00:00
ORD-098296,8,2,Wireless Mouse,peripherals,3,49.50,148.50,pending,2026-08-15T10:52:32+00:00
ORD-098297,8,10,Laptop Stand Aluminium,accessories,2,27.50,55.00,completed,2026-08-15T23:21:39+00:00
ORD-098298,2,2,Wireless Mouse,peripherals,5,49.50,247.50,completed,2026-08-15T14:15:13+00:00
ORD-098299,6,1,Mechanical Keyboard 75%,peripherals,4,129.00,516.00,cancelled,2026-08-15T16:44:16+00:00
ORD-098300,5,5,Over-ear Headphones,audio,4,199.95,799.80,pending,2026-08-15T21:25:35+00:00
ORD-098301,1,2,Wireless Mouse,peripherals,2,49.50,99.00,refunded,2026-08-15T22:23:51+00:00
ORD-098302,6,1,Mechanical Keyboard 75%,peripherals,1,129.00,129.00,refunded,2026-08-15T11:51:56+00:00
ORD-098303,3,2,Wireless Mouse,peripherals,2,49.50,99.00,pending,2026-08-15T15:29:16+00:00
ORD-098304,6,2,Wireless Mouse,peripherals,5,49.50,247.50,completed,2026-08-15T10:56:33+00:00
ORD-098305,9,9,USB-C Hub 8-in-1,accessories,4,39.99,159.96,pending,2026-08-15T15:50:55+00:00
ORD-098306,10,5,Over-ear Headphones,audio,5,199.95,999.75,pending,2026-08-15T02:35:38+00:00
ORD-098307,3,7,Standing Desk 120cm,furniture,3,449.00,1347.00,completed,2026-08-15T19:08:55+00:00
ORD-098308,6,5,Over-ear Headphones,audio,1,199.95,199.95,cancelled,2026-08-15T23:10:22+00:00
ORD-098309,1,4,34in Ultrawide Monitor,displays,4,579.00,2316.00,refunded,2026-08-15T22:33:06+00:00
ORD-098310,8,5,Over-ear Headphones,audio,5,199.95,999.75,refunded,2026-08-15T07:04:33+00:00
ORD-098311,8,5,Over-ear Headphones,audio,4,199.95,799.80,cancelled,2026-08-15T10:46:56+00:00
ORD-098312,5,8,Ergonomic Chair,furniture,2,612.75,1225.50,completed,2026-08-15T16:37:01+00:00
ORD-098313,6,3,27in 1440p Monitor,displays,1,319.99,319.99,completed,2026-08-15T20:00:56+00:00
ORD-098314,1,8,Ergonomic Chair,furniture,1,612.75,612.75,completed,2026-08-15T16:47:35+00:00
ORD-098315,5,8,Ergonomic Chair,furniture,5,612.75,3063.75,refunded,2026-08-15T18:23:54+00:00
ORD-098316,6,1,Mechanical Keyboard 75%,peripherals,2,129.00,258.00,pending,2026-08-15T03:29:17+00:00
ORD-098317,4,7,Standing Desk 120cm,furniture,5,449.00,2245.00,completed,2026-08-15T15:45:54+00:00
ORD-098318,8,9,USB-C Hub 8-in-1,accessories,1,39.99,39.99,cancelled,2026-08-15T14:54:33+00:00
ORD-098319,4,6,Desk Speakers Pair,audio,5,89.00,445.00,completed,2026-08-15T13:56:38+00:00
ORD-098320,8,10,Laptop Stand Aluminium,accessories,5,27.50,137.50,refunded,2026-08-15T06:14:41+00:00
ORD-098321,4,4,34in Ultrawide Monitor,displays,3,579.00,1737.00,cancelled,2026-08-15T21:42:02+00:00
ORD-098322,4,6,Desk Speakers Pair,audio,3,89.00,267.00,pending,2026-08-15T05:41:25+00:00
ORD-098323,4,1,Mechanical Keyboard 75%,peripherals,2,129.00,258.00,completed,2026-08-15T23:53:10+00:00
ORD-098324,9,10,Laptop Stand Aluminium,accessories,2,27.50,55.00,cancelled,2026-08-15T03:24:04+00:00
ORD-098325,3,5,Over-ear Headphones,audio,3,199.95,599.85,cancelled,2026-08-15T09:42:45+00:00
ORD-098326,10,8,Ergonomic Chair,furniture,1,612.75,612.75,refunded,2026-08-15T20:44:49+00:00
ORD-098327,1,10,Laptop Stand Aluminium,accessories,1,27.50,27.50,completed,2026-08-15T23:42:02+00:00
ORD-098328,9,7,Standing Desk 120cm,furniture,4,449.00,1796.00,refunded,2026-08-15T16:15:12+00:00
ORD-098329,4,3,27in 1440p Monitor,displays,2,319.99,639.98,cancelled,2026-08-15T09:24:25+00:00
ORD-098330,9,7,Standing Desk 120cm,furniture,5,449.00,2245.00,completed,2026-08-15T00:21:24+00:00
ORD-098331,1,10,Laptop Stand Aluminium,accessories,3,27.50,82.50,completed,2026-08-15T21:55:31+00:00
ORD-098332,10,4,34in Ultrawide Monitor,displays,4,579.00,2316.00,refunded,2026-08-15T06:15:12+00:00
ORD-098333,6,4,34in Ultrawide Monitor,displays,5,579.00,2895.00,refunded,2026-08-15T19:15:29+00:00
ORD-098334,3,9,USB-C Hub 8-in-1,accessories,4,39.99,159.96,completed,2026-08-15T02:29:03+00:00
ORD-098335,9,10,Laptop Stand Aluminium,accessories,4,27.50,110.00,pending,2026-08-15T23:33:46+00:00
ORD-098336,9,6,Desk Speakers Pair,audio,3,89.00,267.00,pending,2026-08-15T09:58:51+00:00
ORD-098337,3,4,34in Ultrawide Monitor,displays,2,579.00,1158.00,refunded,2026-08-15T03:41:49+00:00
ORD-098338,9,8,Ergonomic Chair,furniture,5,612.75,3063.75,pending,2026-08-15T05:24:49+00:00
ORD-098339,1,1,Mechanical Keyboard 75%,peripherals,3,129.00,387.00,cancelled,2026-08-15T18:58:37+00:00
ORD-098340,3,4,34in Ultrawide Monitor,displays,4,579.00,2316.00,pending,2026-08-15T14:11:44+00:00
ORD-098341,4,10,Laptop Stand Aluminium,accessories,5,27.50,137.50,cancelled,2026-08-15T18:46:08+00:00
ORD-098342,8,10,Laptop Stand Aluminium,accessories,3,27.50,82.50,pending,2026-08-15T17:27:06+00:00
ORD-098343,3,2,Wireless Mouse,peripherals,4,49.50,198.00,completed,2026-08-15T14:24:43+00:00
ORD-098344,5,4,34in Ultrawide Monitor,displays,1,579.00,579.00,refunded,2026-08-15T09:06:27+00:00
ORD-098345,8,3,27in 1440p Monitor,displays,3,319.99,959.97,cancelled,2026-08-15T00:52:43+00:00
ORD-098346,6,10,Laptop Stand Aluminium,accessories,2,27.50,55.00,completed,2026-08-15T20:25:50+00:00
ORD-098347,2,10,Laptop Stand Aluminium,accessories,5,27.50,137.50,completed,2026-08-15T01:14:18+00:00
ORD-098348,4,7,Standing Desk 120cm,furniture,2,449.00,898.00,refunded,2026-08-15T22:17:59+00:00
ORD-098349,3,4,34in Ultrawide Monitor,displays,3,579.00,1737.00,cancelled,2026-08-15T20:44:07+00:00
ORD-098350,10,6,Desk Speakers Pair,audio,3,89.00,267.00,refunded,2026-08-15T08:28:56+00:00
ORD-098351,1,5,Over-ear Headphones,audio,2,199.95,399.90,cancelled,2026-08-15T07:31:47+00:00
ORD-098352,6,5,Over-ear Headphones,audio,5,199.95,999.75,cancelled,2026-08-15T02:21:32+00:00
ORD-098353,5,8,Ergonomic Chair,furniture,2,612.75,1225.50,refunded,2026-08-15T05:48:00+00:00
ORD-098354,10,5,Over-ear Headphones,audio,3,199.95,599.85,refunded,2026-08-15T17:31:04+00:00
ORD-098355,10,4,34in Ultrawide Monitor,displays,4,579.00,2316.00,pending,2026-08-15T02:58:38+00:00
ORD-098356,7,6,Desk Speakers Pair,audio,5,89.00,445.00,refunded,2026-08-15T06:04:17+00:00
ORD-098357,2,5,Over-ear Headphones,audio,3,199.95,599.85,completed,2026-08-15T10:01:37+00:00
ORD-098358,10,5,Over-ear Headphones,audio,1,199.95,199.95,refunded,2026-08-15T14:47:38+00:00
ORD-098359,5,1,Mechanical Keyboard 75%,peripherals,1,129.00,129.00,refunded,2026-08-15T11:35:24+00:00
ORD-098360,3,10,Laptop Stand Aluminium,accessories,4,27.50,110.00,pending,2026-08-15T19:08:53+00:00
ORD-098361,1,3,27in 1440p Monitor,displays,2,319.99,639.98,cancelled,2026-08-15T12:11:13+00:00
ORD-098362,10,10,Laptop Stand Aluminium,accessories,3,27.50,82.50,completed,2026-08-15T04:00:08+00:00
ORD-098363,4,10,Laptop Stand Aluminium,accessories,3,27.50,82.50,refunded,2026-08-15T00:57:41+00:00
ORD-098364,1,2,Wireless Mouse,peripherals,2,49.50,99.00,cancelled,2026-08-15T12:44:38+00:00
ORD-098365,2,1,Mechanical Keyboard 75%,peripherals,5,129.00,645.00,pending,2026-08-15T03:35:53+00:00
ORD-098366,8,3,27in 1440p Monitor,displays,3,319.99,959.97,refunded,2026-08-15T02:59:37+00:00
ORD-098367,9,8,Ergonomic Chair,furniture,2,612.75,1225.50,cancelled,2026-08-15T17:45:50+00:00
ORD-098368,4,7,Standing Desk 120cm,furniture,3,449.00,1347.00,refunded,2026-08-15T05:36:42+00:00
ORD-098369,10,2,Wireless Mouse,peripherals,4,49.50,198.00,completed,2026-08-15T01:52:06+00:00
ORD-098370,5,6,Desk Speakers Pair,audio,1,89.00,89.00,refunded,2026-08-15T02:56:45+00:00
ORD-098371,6,3,27in 1440p Monitor,displays,1,319.99,319.99,refunded,2026-08-15T15:19:21+00:00
ORD-098372,7,9,USB-C Hub 8-in-1,accessories,1,39.99,39.99,cancelled,2026-08-15T18:41:11+00:00
ORD-098373,9,10,Laptop Stand Aluminium,accessories,5,27.50,137.50,refunded,2026-08-15T02:57:49+00:00
ORD-098374,2,9,USB-C Hub 8-in-1,accessories,3,39.99,119.97,cancelled,2026-08-15T06:53:09+00:00
ORD-098375,5,9,USB-C Hub 8-in-1,accessories,2,39.99,79.98,pending,2026-08-15T18:43:16+00:00
ORD-098376,8,2,Wireless Mouse,peripherals,5,49.50,247.50,completed,2026-08-15T23:22:01+00:00
ORD-098377,2,3,27in 1440p Monitor,displays,1,319.99,319.99,refunded,2026-08-15T09:45:37+00:00
ORD-098378,4,6,Desk Speakers Pair,audio,1,89.00,89.00,cancelled,2026-08-15T11:41:42+00:00
ORD-098379,3,6,Desk Speakers Pair,audio,1,89.00,89.00,pending,2026-08-15T17:33:39+00:00
ORD-098380,9,10,Laptop Stand Aluminium,accessories,2,27.50,55.00,pending,2026-08-15T07:59:23+00:00
ORD-098381,10,7,Standing Desk 120cm,furniture,3,449.00,1347.00,cancelled,2026-08-15T10:33:39+00:00
ORD-098382,7,7,Standing Desk 120cm,furniture,3,449.00,1347.00,refunded,2026-08-15T23:40:35+00:00
ORD-098383,3,1,Mechanical Keyboard 75%,peripherals,3,129.00,387.00,refunded,2026-08-15T07:17:00+00:00
ORD-098384,3,2,Wireless Mouse,peripherals,3,49.50,148.50,pending,2026-08-15T11:03:13+00:00
ORD-098385,4,7,Standing Desk 120cm,furniture,5,449.00,2245.00,completed,2026-08-15T17:34:28+00:00
ORD-098386,8,10,Laptop Stand Aluminium,accessories,1,27.50,27.50,completed,2026-08-15T23:45:07+00:00
ORD-098387,7,6,Desk Speakers Pair,audio,4,89.00,356.00,pending,2026-08-15T01:34:12+00:00
ORD-098388,8,9,USB-C Hub 8-in-1,accessories,1,39.99,39.99,cancelled,2026-08-15T06:43:23+00:00
ORD-098389,1,1,Mechanical Keyboard 75%,peripherals,1,129.00,129.00,completed,2026-08-15T22:19:24+00:00
ORD-098390,3,10,Laptop Stand Aluminium,accessories,1,27.50,27.50,cancelled,2026-08-15T23:19:16+00:00
ORD-098391,2,8,Ergonomic Chair,furniture,1,612.75,612.75,cancelled,2026-08-15T20:34:46+00:00
ORD-098392,8,7,Standing Desk 120cm,furniture,4,449.00,1796.00,refunded,2026-08-15T12:26:30+00:00
ORD-098393,4,7,Standing Desk 120cm,furniture,3,449.00,1347.00,cancelled,2026-08-15T06:16:48+00:00
ORD-098394,8,10,Laptop Stand Aluminium,accessories,1,27.50,27.50,pending,2026-08-15T09:45:06+00:00
ORD-098395,3,10,Laptop Stand Aluminium,accessories,1,27.50,27.50,cancelled,2026-08-15T18:09:31+00:00
ORD-098396,1,7,Standing Desk 120cm,furniture,5,449.00,2245.00,completed,2026-08-15T09:54:18+00:00
ORD-098397,7,5,Over-ear Headphones,audio,4,199.95,799.80,pending,2026-08-15T06:10:05+00:00
ORD-098398,7,10,Laptop Stand Aluminium,accessories,5,27.50,137.50,completed,2026-08-15T00:56:15+00:00
ORD-098399,1,6,Desk Speakers Pair,audio,5,89.00,445.00,pending,2026-08-15T00:46:36+00:00
ORD-098400,2,2,Wireless Mouse,peripherals,5,49.50,247.50,cancelled,2026-08-15T08:04:58+00:00
ORD-098401,10,6,Desk Speakers Pair,audio,4,89.00,356.00,cancelled,2026-08-15T14:43:21+00:00
ORD-098402,7,5,Over-ear Headphones,audio,2,199.95,399.90,cancelled,2026-08-15T17:12:26+00:00
ORD-098403,4,5,Over-ear Headphones,audio,4,199.95,799.80,pending,2026-08-15T21:49:33+00:00
ORD-098404,1,2,Wireless Mouse,peripherals,5,49.50,247.50,pending,2026-08-15T02:04:07+00:00
ORD-098405,4,1,Mechanical Keyboard 75%,peripherals,1,129.00,129.00,completed,2026-08-15T18:05:03+00:00
ORD-098406,2,4,34in Ultrawide Monitor,displays,2,579.00,1158.00,pending,2026-08-15T03:34:16+00:00
ORD-098407,1,2,Wireless Mouse,peripherals,5,49.50,247.50,cancelled,2026-08-15T21:43:01+00:00
ORD-098408,5,7,Standing Desk 120cm,furniture,1,449.00,449.00,cancelled,2026-08-15T05:39:21+00:00
ORD-098409,4,7,Standing Desk 120cm,furniture,2,449.00,898.00,completed,2026-08-15T19:21:57+00:00
ORD-098410,1,2,Wireless Mouse,peripherals,2,49.50,99.00,pending,2026-08-15T17:26:24+00:00
ORD-098411,1,8,Ergonomic Chair,furniture,1,612.75,612.75,pending,2026-08-15T03:26:41+00:00
ORD-098412,9,5,Over-ear Headphones,audio,3,199.95,599.85,pending,2026-08-15T13:09:03+00:00
ORD-098413,9,6,Desk Speakers Pair,audio,4,89.00,356.00,pending,2026-08-15T02:01:45+00:00
ORD-098414,4,9,USB-C Hub 8-in-1,accessories,5,39.99,199.95,completed,2026-08-15T22:06:19+00:00
ORD-098415,7,3,27in 1440p Monitor,displays,5,319.99,1599.95,pending,2026-08-15T16:11:22+00:00
ORD-098416,8,4,34in Ultrawide Monitor,displays,2,579.00,1158.00,pending,2026-08-15T01:35:44+00:00
ORD-098417,9,7,Standing Desk 120cm,furniture,4,449.00,1796.00,pending,2026-08-15T16:48:36+00:00
ORD-098418,10,1,Mechanical Keyboard 75%,peripherals,4,129.00,516.00,cancelled,2026-08-15T23:28:39+00:00
ORD-098419,10,10,Laptop Stand Aluminium,accessories,4,27.50,110.00,pending,2026-08-15T22:32:15+00:00
ORD-098420,9,3,27in 1440p Monitor,displays,3,319.99,959.97,completed,2026-08-15T18:32:43+00:00
ORD-098421,6,7,Standing Desk 120cm,furniture,2,449.00,898.00,pending,2026-08-15T22:42:19+00:00
ORD-098422,2,3,27in 1440p Monitor,displays,3,319.99,959.97,cancelled,2026-08-15T09:16:00+00:00
ORD-098423,5,3,27in 1440p Monitor,displays,1,319.99,319.99,refunded,2026-08-15T17:02:38+00:00
ORD-098424,2,2,Wireless Mouse,peripherals,3,49.50,148.50,refunded,2026-08-15T18:34:28+00:00
ORD-098425,9,3,27in 1440p Monitor,displays,1,319.99,319.99,refunded,2026-08-15T12:26:11+00:00
ORD-098426,7,5,Over-ear Headphones,audio,1,199.95,199.95,cancelled,2026-08-15T11:48:23+00:00
ORD-098427,4,7,Standing Desk 120cm,furniture,1,449.00,449.00,refunded,2026-08-15T05:07:30+00:00
ORD-098428,3,7,Standing Desk 120cm,furniture,3,449.00,1347.00,refunded,2026-08-15T19:46:37+00:00
ORD-098429,1,2,Wireless Mouse,peripherals,2,49.50,99.00,completed,2026-08-15T17:34:07+00:00
ORD-098430,10,9,USB-C Hub 8-in-1,accessories,5,39.99,199.95,pending,2026-08-15T09:08:44+00:00
ORD-098431,5,1,Mechanical Keyboard 75%,peripherals,2,129.00,258.00,refunded,2026-08-15T14:57:45+00:00
ORD-098432,7,2,Wireless Mouse,peripherals,1,49.50,49.50,completed,2026-08-15T19:27:28+00:00
ORD-098433,1,2,Wireless Mouse,peripherals,4,49.50,198.00,completed,2026-08-15T06:48:17+00:00
ORD-098434,4,8,Ergonomic Chair,furniture,1,612.75,612.75,pending,2026-08-15T10:05:15+00:00
ORD-098435,3,8,Ergonomic Chair,furniture,1,612.75,612.75,completed,2026-08-15T04:31:11+00:00
ORD-098436,1,6,Desk Speakers Pair,audio,2,89.00,178.00,refunded,2026-08-15T18:27:27+00:00
ORD-098437,8,2,Wireless Mouse,peripherals,3,49.50,148.50,completed,2026-08-15T14:24:52+00:00
ORD-098438,1,3,27in 1440p Monitor,displays,2,319.99,639.98,refunded,2026-08-15T16:20:39+00:00
ORD-098439,9,1,Mechanical Keyboard 75%,peripherals,4,129.00,516.00,cancelled,2026-08-15T08:43:14+00:00
ORD-098440,4,9,USB-C Hub 8-in-1,accessories,2,39.99,79.98,refunded,2026-08-15T18:48:00+00:00
ORD-098441,10,1,Mechanical Keyboard 75%,peripherals,2,129.00,258.00,completed,2026-08-15T22:11:21+00:00
ORD-098442,6,5,Over-ear Headphones,audio,4,199.95,799.80,refunded,2026-08-15T12:11:10+00:00
ORD-098443,10,4,34in Ultrawide Monitor,displays,2,579.00,1158.00,cancelled,2026-08-15T03:02:22+00:00
ORD-098444,8,5,Over-ear Headphones,audio,4,199.95,799.80,refunded,2026-08-15T15:45:34+00:00
ORD-098445,4,3,27in 1440p Monitor,displays,2,319.99,639.98,cancelled,2026-08-15T02:39:34+00:00
ORD-098446,10,3,27in 1440p Monitor,displays,5,319.99,1599.95,cancelled,2026-08-15T15:58:18+00:00
ORD-098447,9,4,34in Ultrawide Monitor,displays,2,579.00,1158.00,pending,2026-08-15T16:51:49+00:00
ORD-098448,6,3,27in 1440p Monitor,displays,1,319.99,319.99,completed,2026-08-15T20:24:43+00:00
ORD-098449,1,9,USB-C Hub 8-in-1,accessories,4,39.99,159.96,completed,2026-08-15T19:10:05+00:00
ORD-098450,2,7,Standing Desk 120cm,furniture,5,449.00,2245.00,pending,2026-08-15T08:19:12+00:00
ORD-098451,5,9,USB-C Hub 8-in-1,accessories,1,39.99,39.99,refunded,2026-08-15T06:44:48+00:00
ORD-098452,10,4,34in Ultrawide Monitor,displays,1,579.00,579.00,pending,2026-08-15T06:53:33+00:00
ORD-098453,1,1,Mechanical Keyboard 75%,peripherals,4,129.00,516.00,cancelled,2026-08-15T21:30:38+00:00
ORD-098454,10,8,Ergonomic Chair,furniture,2,612.75,1225.50,refunded,2026-08-15T00:48:19+00:00
ORD-098455,7,5,Over-ear Headphones,audio,5,199.95,999.75,pending,2026-08-15T08:53:49+00:00
ORD-098456,3,10,Laptop Stand Aluminium,accessories,2,27.50,55.00,completed,2026-08-15T11:37:33+00:00
ORD-098457,8,8,Ergonomic Chair,furniture,5,612.75,3063.75,pending,2026-08-15T20:34:37+00:00
ORD-098458,4,4,34in Ultrawide Monitor,displays,1,579.00,579.00,refunded,2026-08-15T10:14:20+00:00
ORD-098459,6,7,Standing Desk 120cm,furniture,1,449.00,449.00,refunded,2026-08-15T22:03:05+00:00
ORD-098460,10,2,Wireless Mouse,peripherals,2,49.50,99.00,refunded,2026-08-15T21:11:05+00:00
ORD-098461,3,7,Standing Desk 120cm,furniture,5,449.00,2245.00,cancelled,2026-08-15T17:23:02+00:00
ORD-098462,8,7,Standing Desk 120cm,furniture,4,449.00,1796.00,pending,2026-08-15T20:28:19+00:00
ORD-098463,8,8,Ergonomic Chair,furniture,5,612.75,3063.75,refunded,2026-08-15T18:07:17+00:00
ORD-098464,9,1,Mechanical Keyboard 75%,peripherals,2,129.00,258.00,completed,2026-08-15T02:56:43+00:00
ORD-098465,8,5,Over-ear Headphones,audio,1,199.95,199.95,refunded,2026-08-15T09:44:22+00:00
ORD-098466,5,2,Wireless Mouse,peripherals,4,49.50,198.00,refunded,2026-08-15T23:31:39+00:00
ORD-098467,3,1,Mechanical Keyboard 75%,peripherals,1,129.00,129.00,completed,2026-08-15T04:38:40+00:00
ORD-098468,2,1,Mechanical Keyboard 75%,peripherals,5,129.00,645.00,cancelled,2026-08-15T12:32:37+00:00
ORD-098469,4,2,Wireless Mouse,peripherals,5,49.50,247.50,completed,2026-08-15T16:02:18+00:00
ORD-098470,2,9,USB-C Hub 8-in-1,accessories,3,39.99,119.97,completed,2026-08-15T05:10:03+00:00
ORD-098471,8,1,Mechanical Keyboard 75%,peripherals,3,129.00,387.00,pending,2026-08-15T09:35:30+00:00
ORD-098472,4,7,Standing Desk 120cm,furniture,5,449.00,2245.00,cancelled,2026-08-15T09:27:48+00:00
ORD-098473,2,3,27in 1440p Monitor,displays,5,319.99,1599.95,cancelled,2026-08-15T01:43:41+00:00
ORD-098474,2,7,Standing Desk 120cm,furniture,2,449.00,898.00,cancelled,2026-08-15T16:45:09+00:00
ORD-098475,1,1,Mechanical Keyboard 75%,peripherals,4,129.00,516.00,refunded,2026-08-15T14:58:53+00:00
ORD-098476,7,4,34in Ultrawide Monitor,displays,4,579.00,2316.00,refunded,2026-08-15T06:05:21+00:00
ORD-098477,8,8,Ergonomic Chair,furniture,3,612.75,1838.25,pending,2026-08-15T00:01:56+00:00
ORD-098478,4,7,Standing Desk 120cm,furniture,1,449.00,449.00,pending,2026-08-15T20:42:39+00:00
ORD-098479,1,6,Desk Speakers Pair,audio,5,89.00,445.00,pending,2026-08-15T17:52:37+00:00
ORD-098480,2,2,Wireless Mouse,peripherals,5,49.50,247.50,refunded,2026-08-15T16:54:35+00:00
ORD-098481,9,10,Laptop Stand Aluminium,accessories,5,27.50,137.50,refunded,2026-08-15T01:28:57+00:00
ORD-098482,8,3,27in 1440p Monitor,displays,1,319.99,319.99,pending,2026-08-15T03:39:16+00:00
ORD-098483,10,9,USB-C Hub 8-in-1,accessories,2,39.99,79.98,cancelled,2026-08-15T00:41:24+00:00
ORD-098484,3,3,27in 1440p Monitor,displays,5,319.99,1599.95,completed,2026-08-15T10:57:54+00:00
ORD-098485,9,3,27in 1440p Monitor,displays,4,319.99,1279.96,cancelled,2026-08-15T17:43:19+00:00
ORD-098486,9,7,Standing Desk 120cm,furniture,2,449.00,898.00,pending,2026-08-15T16:33:01+00:00
ORD-098487,3,5,Over-ear Headphones,audio,5,199.95,999.75,cancelled,2026-08-15T14:28:17+00:00
ORD-098488,4,9,USB-C Hub 8-in-1,accessories,3,39.99,119.97,refunded,2026-08-15T07:42:39+00:00
ORD-098489,8,1,Mechanical Keyboard 75%,peripherals,1,129.00,129.00,refunded,2026-08-15T21:15:25+00:00
ORD-098490,2,2,Wireless Mouse,peripherals,5,49.50,247.50,pending,2026-08-15T00:08:31+00:00
ORD-098491,1,2,Wireless Mouse,peripherals,1,49.50,49.50,completed,2026-08-15T01:38:15+00:00
ORD-098492,3,5,Over-ear Headphones,audio,2,199.95,399.90,completed,2026-08-15T00:02:54+00:00
ORD-098493,6,7,Standing Desk 120cm,furniture,4,449.00,1796.00,pending,2026-08-15T00:01:03+00:00
ORD-098494,8,2,Wireless Mouse,peripherals,3,49.50,148.50,cancelled,2026-08-15T07:21:14+00:00
ORD-098495,8,9,USB-C Hub 8-in-1,accessories,1,39.99,39.99,refunded,2026-08-15T16:40:29+00:00
ORD-098496,5,7,Standing Desk 120cm,furniture,3,449.00,1347.00,pending,2026-08-15T09:35:17+00:00
ORD-098497,8,9,USB-C Hub 8-in-1,accessories,1,39.99,39.99,pending,2026-08-15T02:52:31+00:00
ORD-098498,1,7,Standing Desk 120cm,furniture,3,449.00,1347.00,refunded,2026-08-15T07:24:59+00:00
ORD-098499,10,8,Ergonomic Chair,furniture,4,612.75,2451.00,cancelled,2026-08-15T02:29:04+00:00
ORD-098500,4,9,USB-C Hub 8-in-1,accessories,2,39.99,79.98,refunded,2026-08-15T18:01:43+00:00
ORD-098501,1,4,34in Ultrawide Monitor,displays,3,579.00,1737.00,cancelled,2026-08-15T17:09:04+00:00
ORD-098502,10,5,Over-ear Headphones,audio,3,199.95,599.85,refunded,2026-08-15T17:33:35+00:00
ORD-098503,8,5,Over-ear Headphones,audio,1,199.95,199.95,pending,2026-08-15T06:34:26+00:00
ORD-098504,3,3,27in 1440p Monitor,displays,3,319.99,959.97,cancelled,2026-08-15T14:34:56+00:00
ORD-098505,2,4,34in Ultrawide Monitor,displays,4,579.00,2316.00,completed,2026-08-15T23:51:46+00:00
ORD-098506,8,6,Desk Speakers Pair,audio,2,89.00,178.00,refunded,2026-08-15T03:23:19+00:00
ORD-098507,4,8,Ergonomic Chair,furniture,4,612.75,2451.00,completed,2026-08-15T04:53:08+00:00
ORD-098508,8,8,Ergonomic Chair,furniture,5,612.75,3063.75,refunded,2026-08-15T09:42:45+00:00
ORD-098509,1,4,34in Ultrawide Monitor,displays,2,579.00,1158.00,completed,2026-08-15T15:30:24+00:00
ORD-098510,6,4,34in Ultrawide Monitor,displays,4,579.00,2316.00,pending,2026-08-15T05:24:40+00:00
ORD-098511,4,1,Mechanical Keyboard 75%,peripherals,3,129.00,387.00,pending,2026-08-15T23:42:54+00:00
ORD-098512,1,3,27in 1440p Monitor,displays,4,319.99,1279.96,refunded,2026-08-15T17:04:14+00:00
ORD-098513,10,10,Laptop Stand Aluminium,accessories,1,27.50,27.50,completed,2026-08-15T16:16:33+00:00
ORD-098514,6,8,Ergonomic Chair,furniture,2,612.75,1225.50,pending,2026-08-15T02:45:42+00:00
ORD-098515,8,8,Ergonomic Chair,furniture,4,612.75,2451.00,cancelled,2026-08-15T15:22:10+00:00
ORD-098516,1,5,Over-ear Headphones,audio,1,199.95,199.95,refunded,2026-08-15T07:18:10+00:00
ORD-098517,3,4,34in Ultrawide Monitor,displays,4,579.00,2316.00,pending,2026-08-15T13:14:22+00:00
ORD-098518,10,3,27in 1440p Monitor,displays,3,319.99,959.97,cancelled,2026-08-15T07:22:01+00:00
ORD-098519,3,9,USB-C Hub 8-in-1,accessories,3,39.99,119.97,pending,2026-08-15T11:16:13+00:00
ORD-098520,9,8,Ergonomic Chair,furniture,2,612.75,1225.50,pending,2026-08-15T20:37:11+00:00
ORD-098521,10,6,Desk Speakers Pair,audio,4,89.00,356.00,cancelled,2026-08-15T23:03:02+00:00
ORD-098522,4,2,Wireless Mouse,peripherals,1,49.50,49.50,refunded,2026-08-15T01:44:30+00:00
ORD-098523,4,1,Mechanical Keyboard 75%,peripherals,4,129.00,516.00,completed,2026-08-15T05:55:22+00:00
ORD-098524,10,5,Over-ear Headphones,audio,4,199.95,799.80,pending,2026-08-15T05:13:43+00:00
ORD-098525,9,6,Desk Speakers Pair,audio,5,89.00,445.00,refunded,2026-08-15T15:51:51+00:00
ORD-098526,8,4,34in Ultrawide Monitor,displays,4,579.00,2316.00,completed,2026-08-15T07:30:21+00:00
ORD-098527,8,6,Desk Speakers Pair,audio,1,89.00,89.00,refunded,2026-08-15T05:26:25+00:00
ORD-098528,7,6,Desk Speakers Pair,audio,2,89.00,178.00,cancelled,2026-08-15T04:47:06+00:00
ORD-098529,7,2,Wireless Mouse,peripherals,5,49.50,247.50,refunded,2026-08-15T16:34:28+00:00
ORD-098530,4,6,Desk Speakers Pair,audio,2,89.00,178.00,completed,2026-08-15T12:40:09+00:00
ORD-098531,4,9,USB-C Hub 8-in-1,accessories,3,39.99,119.97,cancelled,2026-08-15T18:37:44+00:00
ORD-098532,8,1,Mechanical Keyboard 75%,peripherals,4,129.00,516.00,completed,2026-08-15T17:13:08+00:00
ORD-098533,2,4,34in Ultrawide Monitor,displays,3,579.00,1737.00,pending,2026-08-15T03:52:06+00:00
ORD-098534,2,8,Ergonomic Chair,furniture,5,612.75,3063.75,completed,2026-08-15T06:10:08+00:00
ORD-098535,7,5,Over-ear Headphones,audio,3,199.95,599.85,cancelled,2026-08-15T23:23:58+00:00
ORD-098536,6,5,Over-ear Headphones,audio,3,199.95,599.85,refunded,2026-08-15T20:51:32+00:00
ORD-098537,8,4,34in Ultrawide Monitor,displays,3,579.00,1737.00,pending,2026-08-15T01:21:22+00:00
ORD-098538,6,10,Laptop Stand Aluminium,accessories,1,27.50,27.50,refunded,2026-08-15T06:32:43+00:00
ORD-098539,5,3,27in 1440p Monitor,displays,3,319.99,959.97,pending,2026-08-15T11:40:07+00:00
ORD-098540,1,1,Mechanical Keyboard 75%,peripherals,1,129.00,129.00,cancelled,2026-08-15T07:17:02+00:00
ORD-098541,3,8,Ergonomic Chair,furniture,5,612.75,3063.75,pending,2026-08-15T15:20:14+00:00
ORD-098542,2,7,Standing Desk 120cm,furniture,1,449.00,449.00,completed,2026-08-15T06:20:05+00:00
ORD-098543,8,9,USB-C Hub 8-in-1,accessories,4,39.99,159.96,pending,2026-08-15T00:17:30+00:00
ORD-098544,5,4,34in Ultrawide Monitor,displays,1,579.00,579.00,pending,2026-08-15T15:44:18+00:00
ORD-098545,2,7,Standing Desk 120cm,furniture,2,449.00,898.00,refunded,2026-08-15T14:44:08+00:00
ORD-098546,4,10,Laptop Stand Aluminium,accessories,1,27.50,27.50,refunded,2026-08-15T21:48:34+00:00
ORD-098547,4,4,34in Ultrawide Monitor,displays,1,579.00,579.00,refunded,2026-08-15T01:02:13+00:00
ORD-098548,4,8,Ergonomic Chair,furniture,1,612.75,612.75,completed,2026-08-15T17:38:15+00:00
ORD-098549,4,9,USB-C Hub 8-in-1,accessories,2,39.99,79.98,pending,2026-08-15T10:43:40+00:00
ORD-098550,8,9,USB-C Hub 8-in-1,accessories,1,39.99,39.99,completed,2026-08-15T08:32:47+00:00
ORD-098551,2,1,Mechanical Keyboard 75%,peripherals,2,129.00,258.00,pending,2026-08-15T14:50:07+00:00
ORD-098552,4,7,Standing Desk 120cm,furniture,1,449.00,449.00,refunded,2026-08-15T15:12:31+00:00
ORD-098553,8,2,Wireless Mouse,peripherals,5,49.50,247.50,pending,2026-08-15T15:06:27+00:00
ORD-098554,2,9,USB-C Hub 8-in-1,accessories,4,39.99,159.96,cancelled,2026-08-15T16:24:47+00:00
ORD-098555,8,1,Mechanical Keyboard 75%,peripherals,5,129.00,645.00,refunded,2026-08-15T07:26:38+00:00
ORD-098556,4,10,Laptop Stand Aluminium,accessories,2,27.50,55.00,cancelled,2026-08-15T12:37:14+00:00
ORD-098557,7,7,Standing Desk 120cm,furniture,1,449.00,449.00,completed,2026-08-15T10:46:38+00:00
ORD-098558,10,5,Over-ear Headphones,audio,2,199.95,399.90,refunded,2026-08-15T06:22:13+00:00
ORD-098559,6,1,Mechanical Keyboard 75%,peripherals,2,129.00,258.00,cancelled,2026-08-15T21:58:11+00:00
ORD-098560,1,4,34in Ultrawide Monitor,displays,5,579.00,2895.00,cancelled,2026-08-15T07:10:01+00:00
ORD-098561,4,9,USB-C Hub 8-in-1,accessories,2,39.99,79.98,completed,2026-08-15T06:28:32+00:00
ORD-098562,8,7,Standing Desk 120cm,furniture,2,449.00,898.00,refunded,2026-08-15T13:11:24+00:00
ORD-098563,2,9,USB-C Hub 8-in-1,accessories,5,39.99,199.95,pending,2026-08-15T13:36:05+00:00
ORD-098564,5,2,Wireless Mouse,peripherals,5,49.50,247.50,refunded,2026-08-15T05:24:17+00:00
ORD-098565,6,2,Wireless Mouse,peripherals,5,49.50,247.50,refunded,2026-08-15T14:02:05+00:00
ORD-098566,9,7,Standing Desk 120cm,furniture,3,449.00,1347.00,pending,2026-08-15T16:29:10+00:00
ORD-098567,3,4,34in Ultrawide Monitor,displays,4,579.00,2316.00,completed,2026-08-15T23:42:15+00:00
ORD-098568,10,8,Ergonomic Chair,furniture,4,612.75,2451.00,pending,2026-08-15T14:14:15+00:00
ORD-098569,3,10,Laptop Stand Aluminium,accessories,5,27.50,137.50,cancelled,2026-08-15T17:43:25+00:00
ORD-098570,9,1,Mechanical Keyboard 75%,peripherals,4,129.00,516.00,pending,2026-08-15T20:52:13+00:00
ORD-098571,7,2,Wireless Mouse,peripherals,1,49.50,49.50,completed,2026-08-15T14:38:00+00:00
ORD-098572,1,10,Laptop Stand Aluminium,accessories,1,27.50,27.50,pending,2026-08-15T03:12:40+00:00
ORD-098573,10,4,34in Ultrawide Monitor,displays,4,579.00,2316.00,completed,2026-08-15T02:20:13+00:00
ORD-098574,2,6,Desk Speakers Pair,audio,3,89.00,267.00,refunded,2026-08-15T23:04:36+00:00
ORD-098575,4,10,Laptop Stand Aluminium,accessories,4,27.50,110.00,completed,2026-08-15T10:21:43+00:00
ORD-098576,1,7,Standing Desk 120cm,furniture,3,449.00,1347.00,completed,2026-08-15T08:36:05+00:00
ORD-098577,10,10,Laptop Stand Aluminium,accessories,4,27.50,110.00,completed,2026-08-15T18:39:12+00:00
ORD-098578,10,9,USB-C Hub 8-in-1,accessories,2,39.99,79.98,refunded,2026-08-15T16:54:32+00:00
ORD-098579,9,7,Standing Desk 120cm,furniture,5,449.00,2245.00,pending,2026-08-15T11:17:00+00:00
ORD-098580,6,10,Laptop Stand Aluminium,accessories,3,27.50,82.50,completed,2026-08-15T07:34:35+00:00
ORD-098581,3,1,Mechanical Keyboard 75%,peripherals,1,129.00,129.00,completed,2026-08-15T06:47:37+00:00
ORD-098582,8,6,Desk Speakers Pair,audio,1,89.00,89.00,refunded,2026-08-15T03:15:16+00:00
ORD-098583,6,6,Desk Speakers Pair,audio,2,89.00,178.00,pending,2026-08-15T16:07:30+00:00
ORD-098584,9,9,USB-C Hub 8-in-1,accessories,1,39.99,39.99,refunded,2026-08-15T09:00:28+00:00
ORD-098585,2,9,USB-C Hub 8-in-1,accessories,5,39.99,199.95,completed,2026-08-15T23:15:29+00:00
ORD-098586,10,9,USB-C Hub 8-in-1,accessories,3,39.99,119.97,refunded,2026-08-15T17:23:10+00:00
ORD-098587,2,7,Standing Desk 120cm,furniture,5,449.00,2245.00,completed,2026-08-15T11:36:52+00:00
ORD-098588,9,2,Wireless Mouse,peripherals,4,49.50,198.00,pending,2026-08-15T02:50:19+00:00
ORD-098589,2,6,Desk Speakers Pair,audio,5,89.00,445.00,pending,2026-08-15T20:12:06+00:00
ORD-098590,3,10,Laptop Stand Aluminium,accessories,3,27.50,82.50,cancelled,2026-08-15T16:02:29+00:00
ORD-098591,3,2,Wireless Mouse,peripherals,4,49.50,198.00,refunded,2026-08-15T23:49:12+00:00
ORD-098592,7,6,Desk Speakers Pair,audio,3,89.00,267.00,refunded,2026-08-15T08:53:30+00:00
ORD-098593,10,7,Standing Desk 120cm,furniture,5,449.00,2245.00,refunded,2026-08-15T07:16:59+00:00
ORD-098594,6,9,USB-C Hub 8-in-1,accessories,1,39.99,39.99,cancelled,2026-08-15T07:47:41+00:00
ORD-098595,9,1,Mechanical Keyboard 75%,peripherals,1,129.00,129.00,cancelled,2026-08-15T01:15:52+00:00
ORD-098596,6,1,Mechanical Keyboard 75%,peripherals,1,129.00,129.00,refunded,2026-08-15T22:07:01+00:00
ORD-098597,5,10,Laptop Stand Aluminium,accessories,3,27.50,82.50,completed,2026-08-15T06:39:15+00:00
ORD-098598,2,2,Wireless Mouse,peripherals,3,49.50,148.50,pending,2026-08-15T16:33:18+00:00
ORD-098599,6,5,Over-ear Headphones,audio,1,199.95,199.95,cancelled,2026-08-15T13:36:01+00:00
ORD-098600,7,9,USB-C Hub 8-in-1,accessories,3,39.99,119.97,completed,2026-08-15T21:13:51+00:00
ORD-098601,6,6,Desk Speakers Pair,audio,5,89.00,445.00,refunded,2026-08-15T19:31:56+00:00
ORD-098602,8,3,27in 1440p Monitor,displays,5,319.99,1599.95,refunded,2026-08-15T10:21:11+00:00
ORD-098603,6,6,Desk Speakers Pair,audio,5,89.00,445.00,cancelled,2026-08-15T03:22:30+00:00
ORD-098604,3,8,Ergonomic Chair,furniture,4,612.75,2451.00,cancelled,2026-08-15T08:34:56+00:00
ORD-098605,8,4,34in Ultrawide Monitor,displays,4,579.00,2316.00,cancelled,2026-08-15T11:41:55+00:00
ORD-098606,6,8,Ergonomic Chair,furniture,4,612.75,2451.00,pending,2026-08-15T18:15:51+00:00
ORD-098607,7,6,Desk Speakers Pair,audio,3,89.00,267.00,cancelled,2026-08-15T05:01:43+00:00
ORD-098608,9,2,Wireless Mouse,peripherals,3,49.50,148.50,pending,2026-08-15T18:56:29+00:00
ORD-098609,5,1,Mechanical Keyboard 75%,peripherals,3,129.00,387.00,completed,2026-08-15T16:14:02+00:00
ORD-098610,9,3,27in 1440p Monitor,displays,4,319.99,1279.96,completed,2026-08-15T04:50:33+00:00
ORD-098611,8,2,Wireless Mouse,peripherals,1,49.50,49.50,pending,2026-08-15T07:54:11+00:00
ORD-098612,5,5,Over-ear Headphones,audio,1,199.95,199.95,cancelled,2026-08-15T14:01:39+00:00
ORD-098613,4,6,Desk Speakers Pair,audio,4,89.00,356.00,refunded,2026-08-15T09:41:14+00:00
ORD-098614,5,5,Over-ear Headphones,audio,4,199.95,799.80,refunded,2026-08-15T18:50:36+00:00
ORD-098615,3,8,Ergonomic Chair,furniture,2,612.75,1225.50,cancelled,2026-08-15T10:34:39+00:00
ORD-098616,3,8,Ergonomic Chair,furniture,2,612.75,1225.50,cancelled,2026-08-15T15:34:13+00:00
ORD-098617,2,5,Over-ear Headphones,audio,1,199.95,199.95,cancelled,2026-08-15T21:55:03+00:00
ORD-098618,7,4,34in Ultrawide Monitor,displays,1,579.00,579.00,cancelled,2026-08-15T05:58:21+00:00
ORD-098619,9,3,27in 1440p Monitor,displays,4,319.99,1279.96,pending,2026-08-15T18:31:04+00:00
ORD-098620,6,4,34in Ultrawide Monitor,displays,4,579.00,2316.00,pending,2026-08-15T19:41:35+00:00
ORD-098621,10,9,USB-C Hub 8-in-1,accessories,2,39.99,79.98,pending,2026-08-15T09:10:52+00:00
ORD-098622,5,1,Mechanical Keyboard 75%,peripherals,4,129.00,516.00,pending,2026-08-15T07:22:41+00:00
ORD-098623,1,1,Mechanical Keyboard 75%,peripherals,5,129.00,645.00,refunded,2026-08-15T09:08:29+00:00
ORD-098624,5,8,Ergonomic Chair,furniture,2,612.75,1225.50,pending,2026-08-15T08:26:59+00:00
ORD-098625,7,8,Ergonomic Chair,furniture,4,612.75,2451.00,refunded,2026-08-15T05:23:09+00:00
ORD-098626,5,6,Desk Speakers Pair,audio,3,89.00,267.00,cancelled,2026-08-15T17:16:57+00:00
ORD-098627,9,6,Desk Speakers Pair,audio,2,89.00,178.00,completed,2026-08-15T06:29:28+00:00
ORD-098628,7,6,Desk Speakers Pair,audio,5,89.00,445.00,completed,2026-08-15T07:43:55+00:00
ORD-098629,7,9,USB-C Hub 8-in-1,accessories,3,39.99,119.97,completed,2026-08-15T19:20:26+00:00
ORD-098630,7,1,Mechanical Keyboard 75%,peripherals,4,129.00,516.00,cancelled,2026-08-15T20:55:31+00:00
ORD-098631,3,4,34in Ultrawide Monitor,displays,4,579.00,2316.00,refunded,2026-08-15T11:52:21+00:00
ORD-098632,1,6,Desk Speakers Pair,audio,5,89.00,445.00,refunded,2026-08-15T11:08:11+00:00
ORD-098633,8,4,34in Ultrawide Monitor,displays,5,579.00,2895.00,cancelled,2026-08-15T23:31:42+00:00
ORD-098634,2,5,Over-ear Headphones,audio,2,199.95,399.90,completed,2026-08-15T01:44:18+00:00
ORD-098635,1,10,Laptop Stand Aluminium,accessories,3,27.50,82.50,pending,2026-08-15T11:50:09+00:00
ORD-098636,6,9,USB-C Hub 8-in-1,accessories,5,39.99,199.95,cancelled,2026-08-15T04:42:22+00:00
ORD-098637,7,9,USB-C Hub 8-in-1,accessories,2,39.99,79.98,cancelled,2026-08-15T03:56:04+00:00
ORD-098638,5,3,27in 1440p Monitor,displays,5,319.99,1599.95,completed,2026-08-15T16:42:51+00:00
ORD-098639,9,10,Laptop Stand Aluminium,accessories,1,27.50,27.50,cancelled,2026-08-15T15:03:36+00:00
ORD-098640,10,3,27in 1440p Monitor,displays,4,319.99,1279.96,completed,2026-08-15T03:57:58+00:00
ORD-098641,8,8,Ergonomic Chair,furniture,2,612.75,1225.50,completed,2026-08-15T16:37:20+00:00
ORD-098642,5,10,Laptop Stand Aluminium,accessories,1,27.50,27.50,completed,2026-08-15T05:02:14+00:00
ORD-098643,3,2,Wireless Mouse,peripherals,3,49.50,148.50,pending,2026-08-15T21:14:12+00:00
ORD-098644,7,4,34in Ultrawide Monitor,displays,2,579.00,1158.00,cancelled,2026-08-15T23:28:13+00:00
ORD-098645,2,10,Laptop Stand Aluminium,accessories,5,27.50,137.50,completed,2026-08-15T13:55:43+00:00
ORD-098646,9,8,Ergonomic Chair,furniture,2,612.75,1225.50,pending,2026-08-15T20:25:42+00:00
ORD-098647,4,1,Mechanical Keyboard 75%,peripherals,5,129.00,645.00,cancelled,2026-08-15T20:58:58+00:00
ORD-098648,4,8,Ergonomic Chair,furniture,1,612.75,612.75,completed,2026-08-15T20:35:42+00:00
ORD-098649,6,10,Laptop Stand Aluminium,accessories,5,27.50,137.50,refunded,2026-08-15T02:01:19+00:00
ORD-098650,6,7,Standing Desk 120cm,furniture,5,449.00,2245.00,refunded,2026-08-15T21:42:56+00:00
ORD-098651,10,4,34in Ultrawide Monitor,displays,2,579.00,1158.00,completed,2026-08-15T12:07:03+00:00
ORD-098652,2,6,Desk Speakers Pair,audio,3,89.00,267.00,completed,2026-08-15T03:45:01+00:00
ORD-098653,10,5,Over-ear Headphones,audio,3,199.95,599.85,refunded,2026-08-15T12:46:47+00:00
ORD-098654,5,4,34in Ultrawide Monitor,displays,3,579.00,1737.00,completed,2026-08-15T23:27:02+00:00
ORD-098655,3,3,27in 1440p Monitor,displays,4,319.99,1279.96,refunded,2026-08-15T19:17:04+00:00
ORD-098656,4,3,27in 1440p Monitor,displays,4,319.99,1279.96,pending,2026-08-15T11:48:07+00:00
ORD-098657,6,7,Standing Desk 120cm,furniture,5,449.00,2245.00,pending,2026-08-15T01:22:40+00:00
ORD-098658,6,4,34in Ultrawide Monitor,displays,2,579.00,1158.00,pending,2026-08-15T10:39:58+00:00
ORD-098659,6,8,Ergonomic Chair,furniture,1,612.75,612.75,pending,2026-08-15T08:41:47+00:00
ORD-098660,4,7,Standing Desk 120cm,furniture,5,449.00,2245.00,cancelled,2026-08-15T17:44:07+00:00
ORD-098661,4,10,Laptop Stand Aluminium,accessories,4,27.50,110.00,completed,2026-08-15T12:50:36+00:00
ORD-098662,7,7,Standing Desk 120cm,furniture,4,449.00,1796.00,cancelled,2026-08-15T09:07:52+00:00
ORD-098663,8,2,Wireless Mouse,peripherals,3,49.50,148.50,refunded,2026-08-15T07:02:02+00:00
ORD-098664,4,10,Laptop Stand Aluminium,accessories,1,27.50,27.50,pending,2026-08-15T19:41:46+00:00
ORD-098665,6,3,27in 1440p Monitor,displays,2,319.99,639.98,completed,2026-08-15T15:19:02+00:00
ORD-098666,4,6,Desk Speakers Pair,audio,4,89.00,356.00,cancelled,2026-08-15T21:37:43+00:00
ORD-098667,3,1,Mechanical Keyboard 75%,peripherals,5,129.00,645.00,cancelled,2026-08-15T08:14:23+00:00
ORD-098668,3,5,Over-ear Headphones,audio,2,199.95,399.90,refunded,2026-08-15T10:05:14+00:00
ORD-098669,5,8,Ergonomic Chair,furniture,1,612.75,612.75,completed,2026-08-15T22:54:29+00:00
ORD-098670,5,8,Ergonomic Chair,furniture,5,612.75,3063.75,cancelled,2026-08-15T06:56:12+00:00
ORD-098671,5,9,USB-C Hub 8-in-1,accessories,3,39.99,119.97,completed,2026-08-15T00:29:56+00:00
ORD-098672,4,9,USB-C Hub 8-in-1,accessories,3,39.99,119.97,cancelled,2026-08-15T21:28:48+00:00
ORD-098673,9,8,Ergonomic Chair,furniture,4,612.75,2451.00,pending,2026-08-15T07:49:38+00:00
ORD-098674,5,1,Mechanical Keyboard 75%,peripherals,3,129.00,387.00,completed,2026-08-15T18:40:58+00:00
ORD-098675,8,8,Ergonomic Chair,furniture,3,612.75,1838.25,completed,2026-08-15T10:34:18+00:00
ORD-098676,1,5,Over-ear Headphones,audio,1,199.95,199.95,cancelled,2026-08-15T20:12:56+00:00
ORD-098677,10,1,Mechanical Keyboard 75%,peripherals,5,129.00,645.00,refunded,2026-08-15T03:01:53+00:00
ORD-098678,2,5,Over-ear Headphones,audio,5,199.95,999.75,cancelled,2026-08-15T09:40:57+00:00
ORD-098679,10,8,Ergonomic Chair,furniture,5,612.75,3063.75,completed,2026-08-15T07:29:56+00:00
ORD-098680,7,7,Standing Desk 120cm,furniture,2,449.00,898.00,pending,2026-08-15T23:06:54+00:00
ORD-098681,5,7,Standing Desk 120cm,furniture,1,449.00,449.00,pending,2026-08-15T14:26:07+00:00
ORD-098682,3,4,34in Ultrawide Monitor,displays,1,579.00,579.00,refunded,2026-08-15T18:27:12+00:00
ORD-098683,4,2,Wireless Mouse,peripherals,1,49.50,49.50,cancelled,2026-08-15T00:27:12+00:00
ORD-098684,4,10,Laptop Stand Aluminium,accessories,3,27.50,82.50,refunded,2026-08-15T13:45:07+00:00
ORD-098685,1,1,Mechanical Keyboard 75%,peripherals,2,129.00,258.00,refunded,2026-08-15T01:12:39+00:00
ORD-098686,1,5,Over-ear Headphones,audio,2,199.95,399.90,completed,2026-08-15T16:03:40+00:00
ORD-098687,3,10,Laptop Stand Aluminium,accessories,2,27.50,55.00,pending,2026-08-15T09:47:32+00:00
ORD-098688,7,7,Standing Desk 120cm,furniture,1,449.00,449.00,completed,2026-08-15T12:11:16+00:00
ORD-098689,7,3,27in 1440p Monitor,displays,3,319.99,959.97,refunded,2026-08-15T01:39:10+00:00
ORD-098690,6,3,27in 1440p Monitor,displays,2,319.99,639.98,cancelled,2026-08-15T13:08:51+00:00
ORD-098691,4,9,USB-C Hub 8-in-1,accessories,1,39.99,39.99,cancelled,2026-08-15T00:55:53+00:00
ORD-098692,10,5,Over-ear Headphones,audio,5,199.95,999.75,cancelled,2026-08-15T14:53:14+00:00
ORD-098693,2,3,27in 1440p Monitor,displays,2,319.99,639.98,pending,2026-08-15T08:27:38+00:00
ORD-098694,5,9,USB-C Hub 8-in-1,accessories,4,39.99,159.96,pending,2026-08-15T10:12:22+00:00
ORD-098695,4,9,USB-C Hub 8-in-1,accessories,4,39.99,159.96,refunded,2026-08-15T15:21:47+00:00
ORD-098696,6,10,Laptop Stand Aluminium,accessories,5,27.50,137.50,cancelled,2026-08-15T04:10:06+00:00
ORD-098697,9,2,Wireless Mouse,peripherals,4,49.50,198.00,pending,2026-08-15T22:12:11+00:00
ORD-098698,10,5,Over-ear Headphones,audio,4,199.95,799.80,pending,2026-08-15T01:19:02+00:00
ORD-098699,2,4,34in Ultrawide Monitor,displays,5,579.00,2895.00,pending,2026-08-15T23:07:23+00:00
ORD-098700,8,1,Mechanical Keyboard 75%,peripherals,5,129.00,645.00,cancelled,2026-08-15T00:03:16+00:00
ORD-098701,3,5,Over-ear Headphones,audio,3,199.95,599.85,completed,2026-08-15T19:54:34+00:00
ORD-098702,2,8,Ergonomic Chair,furniture,3,612.75,1838.25,cancelled,2026-08-15T20:12:50+00:00
ORD-098703,6,8,Ergonomic Chair,furniture,4,612.75,2451.00,completed,2026-08-15T00:26:55+00:00
ORD-098704,10,6,Desk Speakers Pair,audio,5,89.00,445.00,refunded,2026-08-15T09:01:25+00:00
ORD-098705,4,1,Mechanical Keyboard 75%,peripherals,1,129.00,129.00,completed,2026-08-15T00:05:58+00:00
ORD-098706,4,3,27in 1440p Monitor,displays,5,319.99,1599.95,completed,2026-08-15T11:34:28+00:00
ORD-098707,5,9,USB-C Hub 8-in-1,accessories,1,39.99,39.99,cancelled,2026-08-15T05:23:57+00:00
ORD-098708,3,1,Mechanical Keyboard 75%,peripherals,3,129.00,387.00,completed,2026-08-15T10:54:15+00:00
ORD-098709,3,6,Desk Speakers Pair,audio,3,89.00,267.00,cancelled,2026-08-15T05:21:16+00:00
ORD-098710,7,3,27in 1440p Monitor,displays,3,319.99,959.97,pending,2026-08-15T18:35:31+00:00
ORD-098711,6,1,Mechanical Keyboard 75%,peripherals,3,129.00,387.00,completed,2026-08-15T21:59:23+00:00
ORD-098712,6,1,Mechanical Keyboard 75%,peripherals,5,129.00,645.00,completed,2026-08-15T22:32:45+00:00
ORD-098713,9,3,27in 1440p Monitor,displays,3,319.99,959.97,pending,2026-08-15T06:58:04+00:00
ORD-098714,9,5,Over-ear Headphones,audio,3,199.95,599.85,completed,2026-08-15T13:23:29+00:00
ORD-098715,4,3,27in 1440p Monitor,displays,4,319.99,1279.96,cancelled,2026-08-15T12:50:14+00:00
ORD-098716,9,6,Desk Speakers Pair,audio,2,89.00,178.00,cancelled,2026-08-15T05:43:14+00:00
ORD-098717,4,2,Wireless Mouse,peripherals,3,49.50,148.50,pending,2026-08-15T12:26:31+00:00
ORD-098718,1,6,Desk Speakers Pair,audio,5,89.00,445.00,completed,2026-08-15T13:55:05+00:00
ORD-098719,7,1,Mechanical Keyboard 75%,peripherals,4,129.00,516.00,completed,2026-08-15T09:22:26+00:00
ORD-098720,6,9,USB-C Hub 8-in-1,accessories,2,39.99,79.98,cancelled,2026-08-15T16:01:01+00:00
ORD-098721,6,6,Desk Speakers Pair,audio,5,89.00,445.00,cancelled,2026-08-15T04:21:25+00:00
ORD-098722,5,6,Desk Speakers Pair,audio,2,89.00,178.00,refunded,2026-08-15T18:26:03+00:00
ORD-098723,10,8,Ergonomic Chair,furniture,5,612.75,3063.75,refunded,2026-08-15T16:21:24+00:00
ORD-098724,2,9,USB-C Hub 8-in-1,accessories,1,39.99,39.99,completed,2026-08-15T11:29:21+00:00
ORD-098725,7,6,Desk Speakers Pair,audio,1,89.00,89.00,completed,2026-08-15T17:08:58+00:00
ORD-098726,2,8,Ergonomic Chair,furniture,5,612.75,3063.75,refunded,2026-08-15T03:11:35+00:00
ORD-098727,6,7,Standing Desk 120cm,furniture,4,449.00,1796.00,refunded,2026-08-15T06:27:07+00:00
ORD-098728,1,3,27in 1440p Monitor,displays,3,319.99,959.97,pending,2026-08-15T20:20:27+00:00
ORD-098729,1,6,Desk Speakers Pair,audio,2,89.00,178.00,refunded,2026-08-15T09:32:58+00:00
ORD-098730,2,8,Ergonomic Chair,furniture,2,612.75,1225.50,completed,2026-08-15T23:18:43+00:00
ORD-098731,2,8,Ergonomic Chair,furniture,5,612.75,3063.75,cancelled,2026-08-15T15:40:28+00:00
ORD-098732,2,1,Mechanical Keyboard 75%,peripherals,2,129.00,258.00,pending,2026-08-15T02:14:13+00:00
ORD-098733,4,9,USB-C Hub 8-in-1,accessories,4,39.99,159.96,completed,2026-08-15T01:36:34+00:00
ORD-098734,3,1,Mechanical Keyboard 75%,peripherals,5,129.00,645.00,completed,2026-08-15T23:46:51+00:00
ORD-098735,1,6,Desk Speakers Pair,audio,3,89.00,267.00,completed,2026-08-15T23:19:56+00:00
ORD-098736,5,4,34in Ultrawide Monitor,displays,5,579.00,2895.00,cancelled,2026-08-15T23:32:12+00:00
ORD-098737,6,10,Laptop Stand Aluminium,accessories,5,27.50,137.50,cancelled,2026-08-15T09:24:18+00:00
ORD-098738,7,5,Over-ear Headphones,audio,1,199.95,199.95,cancelled,2026-08-15T12:34:58+00:00
ORD-098739,10,8,Ergonomic Chair,furniture,4,612.75,2451.00,refunded,2026-08-15T03:21:49+00:00
ORD-098740,1,5,Over-ear Headphones,audio,5,199.95,999.75,pending,2026-08-15T19:50:18+00:00
ORD-098741,3,10,Laptop Stand Aluminium,accessories,4,27.50,110.00,pending,2026-08-15T05:15:31+00:00
ORD-098742,10,7,Standing Desk 120cm,furniture,5,449.00,2245.00,refunded,2026-08-15T22:12:56+00:00
ORD-098743,5,10,Laptop Stand Aluminium,accessories,4,27.50,110.00,pending,2026-08-15T15:23:04+00:00
ORD-098744,6,7,Standing Desk 120cm,furniture,3,449.00,1347.00,cancelled,2026-08-15T01:29:25+00:00
ORD-098745,6,6,Desk Speakers Pair,audio,1,89.00,89.00,completed,2026-08-15T06:24:36+00:00
ORD-098746,7,4,34in Ultrawide Monitor,displays,3,579.00,1737.00,completed,2026-08-15T10:09:28+00:00
ORD-098747,8,4,34in Ultrawide Monitor,displays,4,579.00,2316.00,cancelled,2026-08-15T05:35:38+00:00
ORD-098748,2,4,34in Ultrawide Monitor,displays,5,579.00,2895.00,pending,2026-08-15T08:05:22+00:00
ORD-098749,9,5,Over-ear Headphones,audio,4,199.95,799.80,completed,2026-08-15T12:51:19+00:00
ORD-098750,6,7,Standing Desk 120cm,furniture,1,449.00,449.00,pending,2026-08-15T16:48:50+00:00
ORD-098751,3,7,Standing Desk 120cm,furniture,3,449.00,1347.00,pending,2026-08-15T04:47:18+00:00
ORD-098752,3,6,Desk Speakers Pair,audio,5,89.00,445.00,completed,2026-08-15T07:53:42+00:00
ORD-098753,8,10,Laptop Stand Aluminium,accessories,4,27.50,110.00,pending,2026-08-15T17:41:39+00:00
ORD-098754,4,6,Desk Speakers Pair,audio,5,89.00,445.00,pending,2026-08-15T18:42:15+00:00
ORD-098755,1,6,Desk Speakers Pair,audio,5,89.00,445.00,refunded,2026-08-15T14:02:02+00:00
ORD-098756,5,10,Laptop Stand Aluminium,accessories,1,27.50,27.50,cancelled,2026-08-15T08:43:42+00:00
ORD-098757,3,6,Desk Speakers Pair,audio,2,89.00,178.00,completed,2026-08-15T04:34:58+00:00
ORD-098758,9,4,34in Ultrawide Monitor,displays,3,579.00,1737.00,refunded,2026-08-15T15:16:27+00:00
ORD-098759,10,10,Laptop Stand Aluminium,accessories,4,27.50,110.00,pending,2026-08-15T10:24:58+00:00
ORD-098760,2,8,Ergonomic Chair,furniture,5,612.75,3063.75,pending,2026-08-15T09:17:07+00:00
ORD-098761,10,8,Ergonomic Chair,furniture,4,612.75,2451.00,pending,2026-08-15T19:21:15+00:00
ORD-098762,3,2,Wireless Mouse,peripherals,2,49.50,99.00,completed,2026-08-15T13:19:04+00:00
ORD-098763,5,4,34in Ultrawide Monitor,displays,5,579.00,2895.00,pending,2026-08-15T20:39:41+00:00
ORD-098764,7,9,USB-C Hub 8-in-1,accessories,2,39.99,79.98,pending,2026-08-15T02:41:55+00:00
ORD-098765,3,6,Desk Speakers Pair,audio,2,89.00,178.00,cancelled,2026-08-15T20:53:52+00:00
ORD-098766,9,6,Desk Speakers Pair,audio,2,89.00,178.00,cancelled,2026-08-15T19:15:05+00:00
ORD-098767,9,6,Desk Speakers Pair,audio,4,89.00,356.00,pending,2026-08-15T17:50:54+00:00
ORD-098768,6,1,Mechanical Keyboard 75%,peripherals,1,129.00,129.00,refunded,2026-08-15T16:31:54+00:00
ORD-098769,7,5,Over-ear Headphones,audio,3,199.95,599.85,refunded,2026-08-15T14:47:25+00:00
ORD-098770,8,7,Standing Desk 120cm,furniture,4,449.00,1796.00,cancelled,2026-08-15T23:15:28+00:00
ORD-098771,4,2,Wireless Mouse,peripherals,5,49.50,247.50,completed,2026-08-15T20:07:30+00:00
ORD-098772,6,9,USB-C Hub 8-in-1,accessories,3,39.99,119.97,cancelled,2026-08-15T20:32:42+00:00
ORD-098773,9,3,27in 1440p Monitor,displays,1,319.99,319.99,refunded,2026-08-15T12:33:16+00:00
ORD-098774,4,2,Wireless Mouse,peripherals,4,49.50,198.00,refunded,2026-08-15T14:19:15+00:00
ORD-098775,5,9,USB-C Hub 8-in-1,accessories,3,39.99,119.97,pending,2026-08-15T09:42:36+00:00
ORD-098776,1,9,USB-C Hub 8-in-1,accessories,2,39.99,79.98,completed,2026-08-15T01:08:33+00:00
ORD-098777,8,7,Standing Desk 120cm,furniture,4,449.00,1796.00,cancelled,2026-08-15T16:38:04+00:00
ORD-098778,8,4,34in Ultrawide Monitor,displays,5,579.00,2895.00,cancelled,2026-08-15T14:37:02+00:00
ORD-098779,2,5,Over-ear Headphones,audio,4,199.95,799.80,refunded,2026-08-15T01:54:16+00:00
ORD-098780,7,9,USB-C Hub 8-in-1,accessories,2,39.99,79.98,cancelled,2026-08-15T19:24:03+00:00
ORD-098781,1,6,Desk Speakers Pair,audio,5,89.00,445.00,cancelled,2026-08-15T09:23:52+00:00
ORD-098782,9,6,Desk Speakers Pair,audio,4,89.00,356.00,completed,2026-08-15T02:33:41+00:00
ORD-098783,1,2,Wireless Mouse,peripherals,3,49.50,148.50,pending,2026-08-15T15:06:30+00:00
ORD-098784,1,2,Wireless Mouse,peripherals,1,49.50,49.50,completed,2026-08-15T05:31:12+00:00
ORD-098785,2,2,Wireless Mouse,peripherals,3,49.50,148.50,refunded,2026-08-15T21:57:59+00:00
ORD-098786,6,6,Desk Speakers Pair,audio,1,89.00,89.00,cancelled,2026-08-15T01:17:12+00:00
ORD-098787,2,9,USB-C Hub 8-in-1,accessories,5,39.99,199.95,pending,2026-08-15T01:19:14+00:00
ORD-098788,9,8,Ergonomic Chair,furniture,4,612.75,2451.00,refunded,2026-08-15T11:47:51+00:00
ORD-098789,6,10,Laptop Stand Aluminium,accessories,1,27.50,27.50,completed,2026-08-15T20:47:15+00:00
ORD-098790,5,2,Wireless Mouse,peripherals,5,49.50,247.50,refunded,2026-08-15T08:17:59+00:00
ORD-098791,4,10,Laptop Stand Aluminium,accessories,3,27.50,82.50,completed,2026-08-15T17:31:54+00:00
ORD-098792,5,4,34in Ultrawide Monitor,displays,1,579.00,579.00,pending,2026-08-15T17:59:31+00:00
ORD-098793,7,2,Wireless Mouse,peripherals,3,49.50,148.50,cancelled,2026-08-15T06:11:01+00:00
ORD-098794,5,6,Desk Speakers Pair,audio,1,89.00,89.00,refunded,2026-08-15T19:35:48+00:00
ORD-098795,1,7,Standing Desk 120cm,furniture,4,449.00,1796.00,cancelled,2026-08-15T17:28:15+00:00
ORD-098796,7,7,Standing Desk 120cm,furniture,5,449.00,2245.00,refunded,2026-08-15T02:35:44+00:00
ORD-098797,3,5,Over-ear Headphones,audio,5,199.95,999.75,completed,2026-08-15T07:12:28+00:00
ORD-098798,6,2,Wireless Mouse,peripherals,3,49.50,148.50,refunded,2026-08-15T13:44:09+00:00
ORD-098799,10,7,Standing Desk 120cm,furniture,4,449.00,1796.00,completed,2026-08-15T06:03:35+00:00
ORD-098800,5,9,USB-C Hub 8-in-1,accessories,4,39.99,159.96,completed,2026-08-15T03:42:18+00:00
ORD-098801,9,4,34in Ultrawide Monitor,displays,3,579.00,1737.00,refunded,2026-08-15T23:41:38+00:00
ORD-098802,7,5,Over-ear Headphones,audio,2,199.95,399.90,cancelled,2026-08-15T09:10:43+00:00
ORD-098803,1,7,Standing Desk 120cm,furniture,2,449.00,898.00,completed,2026-08-15T03:26:15+00:00
ORD-098804,5,1,Mechanical Keyboard 75%,peripherals,5,129.00,645.00,cancelled,2026-08-15T09:40:30+00:00
ORD-098805,3,8,Ergonomic Chair,furniture,5,612.75,3063.75,refunded,2026-08-15T01:05:38+00:00
ORD-098806,3,7,Standing Desk 120cm,furniture,5,449.00,2245.00,completed,2026-08-15T04:12:42+00:00
ORD-098807,10,7,Standing Desk 120cm,furniture,5,449.00,2245.00,cancelled,2026-08-15T19:25:29+00:00
ORD-098808,2,1,Mechanical Keyboard 75%,peripherals,5,129.00,645.00,pending,2026-08-15T09:10:27+00:00
ORD-098809,10,3,27in 1440p Monitor,displays,2,319.99,639.98,cancelled,2026-08-15T18:05:56+00:00
ORD-098810,8,5,Over-ear Headphones,audio,2,199.95,399.90,refunded,2026-08-15T15:40:39+00:00
ORD-098811,8,9,USB-C Hub 8-in-1,accessories,1,39.99,39.99,refunded,2026-08-15T22:03:12+00:00
ORD-098812,10,8,Ergonomic Chair,furniture,3,612.75,1838.25,refunded,2026-08-15T18:29:06+00:00
ORD-098813,5,1,Mechanical Keyboard 75%,peripherals,2,129.00,258.00,cancelled,2026-08-15T22:24:42+00:00
ORD-098814,9,9,USB-C Hub 8-in-1,accessories,5,39.99,199.95,refunded,2026-08-15T20:18:40+00:00
ORD-098815,3,4,34in Ultrawide Monitor,displays,2,579.00,1158.00,pending,2026-08-15T01:04:44+00:00
ORD-098816,5,7,Standing Desk 120cm,furniture,2,449.00,898.00,cancelled,2026-08-15T10:29:43+00:00
ORD-098817,2,1,Mechanical Keyboard 75%,peripherals,4,129.00,516.00,cancelled,2026-08-15T13:37:48+00:00
ORD-098818,1,2,Wireless Mouse,peripherals,4,49.50,198.00,refunded,2026-08-15T05:46:19+00:00
ORD-098819,5,10,Laptop Stand Aluminium,accessories,3,27.50,82.50,refunded,2026-08-15T15:34:11+00:00
ORD-098820,6,9,USB-C Hub 8-in-1,accessories,2,39.99,79.98,pending,2026-08-15T22:23:46+00:00
ORD-098821,4,2,Wireless Mouse,peripherals,4,49.50,198.00,cancelled,2026-08-15T12:28:34+00:00
ORD-098822,8,8,Ergonomic Chair,furniture,3,612.75,1838.25,cancelled,2026-08-15T20:45:20+00:00
ORD-098823,2,1,Mechanical Keyboard 75%,peripherals,4,129.00,516.00,cancelled,2026-08-15T18:38:40+00:00
ORD-098824,10,4,34in Ultrawide Monitor,displays,3,579.00,1737.00,refunded,2026-08-15T10:25:51+00:00
ORD-098825,1,3,27in 1440p Monitor,displays,4,319.99,1279.96,completed,2026-08-15T00:56:57+00:00
ORD-098826,10,7,Standing Desk 120cm,furniture,5,449.00,2245.00,pending,2026-08-15T04:51:37+00:00
ORD-098827,4,6,Desk Speakers Pair,audio,1,89.00,89.00,refunded,2026-08-15T08:13:12+00:00
ORD-098828,2,8,Ergonomic Chair,furniture,1,612.75,612.75,pending,2026-08-15T12:53:45+00:00
ORD-098829,7,9,USB-C Hub 8-in-1,accessories,4,39.99,159.96,completed,2026-08-15T11:17:55+00:00
ORD-098830,7,3,27in 1440p Monitor,displays,1,319.99,319.99,cancelled,2026-08-15T03:45:14+00:00
ORD-098831,6,6,Desk Speakers Pair,audio,3,89.00,267.00,pending,2026-08-15T20:06:28+00:00
ORD-098832,1,3,27in 1440p Monitor,displays,1,319.99,319.99,refunded,2026-08-15T23:21:56+00:00
ORD-098833,8,3,27in 1440p Monitor,displays,3,319.99,959.97,refunded,2026-08-15T18:34:16+00:00
ORD-098834,3,4,34in Ultrawide Monitor,displays,5,579.00,2895.00,refunded,2026-08-15T10:05:48+00:00
ORD-098835,4,10,Laptop Stand Aluminium,accessories,1,27.50,27.50,pending,2026-08-15T21:55:46+00:00
ORD-098836,5,3,27in 1440p Monitor,displays,1,319.99,319.99,completed,2026-08-15T15:34:33+00:00
ORD-098837,10,5,Over-ear Headphones,audio,5,199.95,999.75,refunded,2026-08-15T10:01:11+00:00
ORD-098838,6,1,Mechanical Keyboard 75%,peripherals,4,129.00,516.00,cancelled,2026-08-15T02:31:23+00:00
ORD-098839,8,6,Desk Speakers Pair,audio,2,89.00,178.00,completed,2026-08-15T01:09:52+00:00
ORD-098840,8,5,Over-ear Headphones,audio,2,199.95,399.90,pending,2026-08-15T09:57:29+00:00
ORD-098841,1,7,Standing Desk 120cm,furniture,1,449.00,449.00,pending,2026-08-15T06:38:28+00:00
ORD-098842,1,1,Mechanical Keyboard 75%,peripherals,2,129.00,258.00,refunded,2026-08-15T01:45:08+00:00
ORD-098843,3,8,Ergonomic Chair,furniture,2,612.75,1225.50,pending,2026-08-15T20:20:44+00:00
ORD-098844,2,8,Ergonomic Chair,furniture,3,612.75,1838.25,cancelled,2026-08-15T05:15:25+00:00
ORD-098845,10,3,27in 1440p Monitor,displays,4,319.99,1279.96,cancelled,2026-08-15T17:28:24+00:00
ORD-098846,1,5,Over-ear Headphones,audio,1,199.95,199.95,cancelled,2026-08-15T15:15:49+00:00
ORD-098847,5,2,Wireless Mouse,peripherals,5,49.50,247.50,pending,2026-08-15T17:29:38+00:00
ORD-098848,1,4,34in Ultrawide Monitor,displays,2,579.00,1158.00,refunded,2026-08-15T04:42:13+00:00
ORD-098849,8,6,Desk Speakers Pair,audio,5,89.00,445.00,refunded,2026-08-15T12:12:27+00:00
ORD-098850,5,6,Desk Speakers Pair,audio,5,89.00,445.00,cancelled,2026-08-15T10:45:34+00:00
ORD-098851,4,5,Over-ear Headphones,audio,4,199.95,799.80,cancelled,2026-08-15T00:35:29+00:00
ORD-098852,5,9,USB-C Hub 8-in-1,accessories,2,39.99,79.98,cancelled,2026-08-15T18:55:28+00:00
ORD-098853,2,4,34in Ultrawide Monitor,displays,2,579.00,1158.00,pending,2026-08-15T07:19:52+00:00
ORD-098854,5,5,Over-ear Headphones,audio,1,199.95,199.95,pending,2026-08-15T17:25:02+00:00
ORD-098855,6,5,Over-ear Headphones,audio,5,199.95,999.75,completed,2026-08-15T08:27:09+00:00
ORD-098856,1,9,USB-C Hub 8-in-1,accessories,3,39.99,119.97,pending,2026-08-15T08:26:44+00:00
ORD-098857,3,6,Desk Speakers Pair,audio,5,89.00,445.00,refunded,2026-08-15T06:33:38+00:00
ORD-098858,4,2,Wireless Mouse,peripherals,3,49.50,148.50,completed,2026-08-15T02:24:17+00:00
ORD-098859,3,9,USB-C Hub 8-in-1,accessories,5,39.99,199.95,completed,2026-08-15T20:36:53+00:00
ORD-098860,3,4,34in Ultrawide Monitor,displays,2,579.00,1158.00,cancelled,2026-08-15T11:22:32+00:00
ORD-098861,7,2,Wireless Mouse,peripherals,3,49.50,148.50,completed,2026-08-15T18:46:55+00:00
ORD-098862,10,7,Standing Desk 120cm,furniture,5,449.00,2245.00,pending,2026-08-15T13:52:31+00:00
ORD-098863,3,8,Ergonomic Chair,furniture,5,612.75,3063.75,cancelled,2026-08-15T23:35:53+00:00
ORD-098864,2,9,USB-C Hub 8-in-1,accessories,1,39.99,39.99,completed,2026-08-15T16:43:54+00:00
ORD-098865,3,7,Standing Desk 120cm,furniture,2,449.00,898.00,cancelled,2026-08-15T16:03:53+00:00
ORD-098866,2,5,Over-ear Headphones,audio,4,199.95,799.80,refunded,2026-08-15T12:24:12+00:00
ORD-098867,9,6,Desk Speakers Pair,audio,3,89.00,267.00,cancelled,2026-08-15T23:11:11+00:00
ORD-098868,10,3,27in 1440p Monitor,displays,3,319.99,959.97,pending,2026-08-15T03:15:06+00:00
ORD-098869,6,9,USB-C Hub 8-in-1,accessories,5,39.99,199.95,completed,2026-08-15T01:01:50+00:00
ORD-098870,3,5,Over-ear Headphones,audio,3,199.95,599.85,cancelled,2026-08-15T06:17:30+00:00
ORD-098871,2,7,Standing Desk 120cm,furniture,5,449.00,2245.00,refunded,2026-08-15T12:45:43+00:00
ORD-098872,6,1,Mechanical Keyboard 75%,peripherals,5,129.00,645.00,completed,2026-08-15T21:10:48+00:00
ORD-098873,4,7,Standing Desk 120cm,furniture,5,449.00,2245.00,pending,2026-08-15T04:02:57+00:00
ORD-098874,3,8,Ergonomic Chair,furniture,2,612.75,1225.50,cancelled,2026-08-15T09:01:45+00:00
ORD-098875,10,3,27in 1440p Monitor,displays,5,319.99,1599.95,cancelled,2026-08-15T11:45:47+00:00
ORD-098876,1,9,USB-C Hub 8-in-1,accessories,2,39.99,79.98,completed,2026-08-15T11:37:25+00:00
ORD-098877,4,8,Ergonomic Chair,furniture,3,612.75,1838.25,completed,2026-08-15T04:33:45+00:00
ORD-098878,5,6,Desk Speakers Pair,audio,2,89.00,178.00,pending,2026-08-15T05:54:32+00:00
ORD-098879,2,10,Laptop Stand Aluminium,accessories,1,27.50,27.50,pending,2026-08-15T09:11:48+00:00
ORD-098880,1,6,Desk Speakers Pair,audio,5,89.00,445.00,refunded,2026-08-15T09:30:48+00:00
ORD-098881,7,3,27in 1440p Monitor,displays,4,319.99,1279.96,refunded,2026-08-15T19:03:22+00:00
ORD-098882,4,6,Desk Speakers Pair,audio,1,89.00,89.00,cancelled,2026-08-15T07:17:44+00:00
ORD-098883,6,4,34in Ultrawide Monitor,displays,3,579.00,1737.00,refunded,2026-08-15T14:03:36+00:00
ORD-098884,4,9,USB-C Hub 8-in-1,accessories,3,39.99,119.97,cancelled,2026-08-15T01:34:57+00:00
ORD-098885,1,10,Laptop Stand Aluminium,accessories,1,27.50,27.50,refunded,2026-08-15T10:13:17+00:00
ORD-098886,8,2,Wireless Mouse,peripherals,5,49.50,247.50,completed,2026-08-15T13:43:43+00:00
ORD-098887,7,6,Desk Speakers Pair,audio,3,89.00,267.00,cancelled,2026-08-15T15:11:10+00:00
ORD-098888,7,5,Over-ear Headphones,audio,4,199.95,799.80,completed,2026-08-15T20:14:00+00:00
ORD-098889,4,6,Desk Speakers Pair,audio,4,89.00,356.00,refunded,2026-08-15T23:42:39+00:00
ORD-098890,5,1,Mechanical Keyboard 75%,peripherals,3,129.00,387.00,completed,2026-08-15T09:45:21+00:00
ORD-098891,10,7,Standing Desk 120cm,furniture,5,449.00,2245.00,refunded,2026-08-15T13:21:43+00:00
ORD-098892,9,5,Over-ear Headphones,audio,1,199.95,199.95,completed,2026-08-15T00:00:45+00:00
ORD-098893,1,5,Over-ear Headphones,audio,3,199.95,599.85,completed,2026-08-15T01:35:31+00:00
ORD-098894,8,5,Over-ear Headphones,audio,5,199.95,999.75,completed,2026-08-15T03:12:37+00:00
ORD-098895,1,3,27in 1440p Monitor,displays,1,319.99,319.99,cancelled,2026-08-15T21:30:14+00:00
ORD-098896,7,4,34in Ultrawide Monitor,displays,2,579.00,1158.00,pending,2026-08-15T09:42:48+00:00
ORD-098897,2,2,Wireless Mouse,peripherals,3,49.50,148.50,completed,2026-08-15T14:44:13+00:00
ORD-098898,4,3,27in 1440p Monitor,displays,5,319.99,1599.95,cancelled,2026-08-15T16:52:47+00:00
ORD-098899,4,8,Ergonomic Chair,furniture,4,612.75,2451.00,cancelled,2026-08-15T15:39:27+00:00
ORD-098900,9,9,USB-C Hub 8-in-1,accessories,2,39.99,79.98,pending,2026-08-15T06:05:28+00:00
ORD-098901,2,8,Ergonomic Chair,furniture,5,612.75,3063.75,pending,2026-08-15T18:04:06+00:00
ORD-098902,9,10,Laptop Stand Aluminium,accessories,2,27.50,55.00,cancelled,2026-08-15T02:31:37+00:00
ORD-098903,2,2,Wireless Mouse,peripherals,5,49.50,247.50,refunded,2026-08-15T11:42:55+00:00
ORD-098904,4,2,Wireless Mouse,peripherals,2,49.50,99.00,refunded,2026-08-15T09:45:25+00:00
ORD-098905,3,9,USB-C Hub 8-in-1,accessories,3,39.99,119.97,completed,2026-08-15T07:57:08+00:00
ORD-098906,9,9,USB-C Hub 8-in-1,accessories,2,39.99,79.98,refunded,2026-08-15T05:55:50+00:00
ORD-098907,1,2,Wireless Mouse,peripherals,5,49.50,247.50,completed,2026-08-15T02:20:37+00:00
ORD-098908,9,8,Ergonomic Chair,furniture,1,612.75,612.75,completed,2026-08-15T11:10:20+00:00
ORD-098909,6,8,Ergonomic Chair,furniture,2,612.75,1225.50,refunded,2026-08-15T01:06:18+00:00
ORD-098910,2,1,Mechanical Keyboard 75%,peripherals,5,129.00,645.00,completed,2026-08-15T18:55:43+00:00
ORD-098911,3,6,Desk Speakers Pair,audio,1,89.00,89.00,completed,2026-08-15T12:06:51+00:00
ORD-098912,8,8,Ergonomic Chair,furniture,1,612.75,612.75,refunded,2026-08-15T01:38:35+00:00
ORD-098913,7,8,Ergonomic Chair,furniture,4,612.75,2451.00,completed,2026-08-15T05:26:52+00:00
ORD-098914,8,5,Over-ear Headphones,audio,4,199.95,799.80,cancelled,2026-08-15T23:14:03+00:00
ORD-098915,1,10,Laptop Stand Aluminium,accessories,2,27.50,55.00,pending,2026-08-15T13:56:40+00:00
ORD-098916,1,1,Mechanical Keyboard 75%,peripherals,3,129.00,387.00,completed,2026-08-15T21:29:48+00:00
ORD-098917,10,3,27in 1440p Monitor,displays,3,319.99,959.97,pending,2026-08-15T07:07:08+00:00
ORD-098918,4,6,Desk Speakers Pair,audio,4,89.00,356.00,cancelled,2026-08-15T20:31:45+00:00
ORD-098919,1,10,Laptop Stand Aluminium,accessories,1,27.50,27.50,refunded,2026-08-15T18:51:19+00:00
ORD-098920,2,9,USB-C Hub 8-in-1,accessories,3,39.99,119.97,completed,2026-08-15T05:16:29+00:00
ORD-098921,5,3,27in 1440p Monitor,displays,3,319.99,959.97,cancelled,2026-08-15T01:16:47+00:00
ORD-098922,5,8,Ergonomic Chair,furniture,5,612.75,3063.75,pending,2026-08-15T06:58:32+00:00
ORD-098923,1,1,Mechanical Keyboard 75%,peripherals,2,129.00,258.00,refunded,2026-08-15T16:32:07+00:00
ORD-098924,6,9,USB-C Hub 8-in-1,accessories,3,39.99,119.97,cancelled,2026-08-15T09:59:05+00:00
ORD-098925,6,1,Mechanical Keyboard 75%,peripherals,5,129.00,645.00,refunded,2026-08-15T04:09:49+00:00
ORD-098926,3,5,Over-ear Headphones,audio,5,199.95,999.75,pending,2026-08-15T13:08:17+00:00
ORD-098927,3,6,Desk Speakers Pair,audio,3,89.00,267.00,pending,2026-08-15T21:43:55+00:00
ORD-098928,5,5,Over-ear Headphones,audio,1,199.95,199.95,completed,2026-08-15T12:16:04+00:00
ORD-098929,7,10,Laptop Stand Aluminium,accessories,1,27.50,27.50,pending,2026-08-15T16:13:55+00:00
ORD-098930,6,7,Standing Desk 120cm,furniture,1,449.00,449.00,cancelled,2026-08-15T08:10:12+00:00
ORD-098931,2,4,34in Ultrawide Monitor,displays,5,579.00,2895.00,refunded,2026-08-15T07:07:45+00:00
ORD-098932,1,2,Wireless Mouse,peripherals,1,49.50,49.50,cancelled,2026-08-15T19:14:07+00:00
ORD-098933,4,9,USB-C Hub 8-in-1,accessories,3,39.99,119.97,refunded,2026-08-15T09:43:46+00:00
ORD-098934,7,8,Ergonomic Chair,furniture,2,612.75,1225.50,completed,2026-08-15T11:36:58+00:00
ORD-098935,6,6,Desk Speakers Pair,audio,5,89.00,445.00,refunded,2026-08-15T16:03:34+00:00
ORD-098936,7,10,Laptop Stand Aluminium,accessories,1,27.50,27.50,cancelled,2026-08-15T14:28:27+00:00
ORD-098937,1,7,Standing Desk 120cm,furniture,3,449.00,1347.00,refunded,2026-08-15T16:43:36+00:00
ORD-098938,10,8,Ergonomic Chair,furniture,5,612.75,3063.75,completed,2026-08-15T16:24:25+00:00
ORD-098939,3,8,Ergonomic Chair,furniture,3,612.75,1838.25,refunded,2026-08-15T10:12:41+00:00
ORD-098940,2,6,Desk Speakers Pair,audio,5,89.00,445.00,pending,2026-08-15T18:27:25+00:00
ORD-098941,9,1,Mechanical Keyboard 75%,peripherals,1,129.00,129.00,cancelled,2026-08-15T02:04:27+00:00
ORD-098942,5,6,Desk Speakers Pair,audio,4,89.00,356.00,pending,2026-08-15T12:18:57+00:00
ORD-098943,1,9,USB-C Hub 8-in-1,accessories,5,39.99,199.95,refunded,2026-08-15T18:45:54+00:00
ORD-098944,7,3,27in 1440p Monitor,displays,5,319.99,1599.95,completed,2026-08-15T20:14:04+00:00
ORD-098945,4,8,Ergonomic Chair,furniture,3,612.75,1838.25,cancelled,2026-08-15T02:43:19+00:00
ORD-098946,1,5,Over-ear Headphones,audio,4,199.95,799.80,refunded,2026-08-15T18:07:39+00:00
ORD-098947,1,2,Wireless Mouse,peripherals,5,49.50,247.50,pending,2026-08-15T23:19:49+00:00
ORD-098948,3,10,Laptop Stand Aluminium,accessories,1,27.50,27.50,completed,2026-08-15T19:46:56+00:00
ORD-098949,7,4,34in Ultrawide Monitor,displays,1,579.00,579.00,pending,2026-08-15T03:20:16+00:00
ORD-098950,8,6,Desk Speakers Pair,audio,5,89.00,445.00,completed,2026-08-15T23:34:50+00:00
ORD-098951,6,6,Desk Speakers Pair,audio,1,89.00,89.00,refunded,2026-08-15T01:57:33+00:00
ORD-098952,10,8,Ergonomic Chair,furniture,3,612.75,1838.25,pending,2026-08-15T19:17:00+00:00
ORD-098953,10,10,Laptop Stand Aluminium,accessories,3,27.50,82.50,pending,2026-08-15T11:25:10+00:00
ORD-098954,8,9,USB-C Hub 8-in-1,accessories,3,39.99,119.97,completed,2026-08-15T23:29:07+00:00
ORD-098955,4,8,Ergonomic Chair,furniture,4,612.75,2451.00,pending,2026-08-15T06:11:52+00:00
ORD-098956,8,3,27in 1440p Monitor,displays,1,319.99,319.99,refunded,2026-08-15T07:26:32+00:00
ORD-098957,5,9,USB-C Hub 8-in-1,accessories,4,39.99,159.96,pending,2026-08-15T09:25:16+00:00
ORD-098958,8,4,34in Ultrawide Monitor,displays,3,579.00,1737.00,completed,2026-08-15T01:12:03+00:00
ORD-098959,3,1,Mechanical Keyboard 75%,peripherals,1,129.00,129.00,completed,2026-08-15T16:10:48+00:00
ORD-098960,9,7,Standing Desk 120cm,furniture,4,449.00,1796.00,refunded,2026-08-15T03:55:12+00:00
ORD-098961,8,2,Wireless Mouse,peripherals,1,49.50,49.50,pending,2026-08-15T17:25:09+00:00
ORD-098962,2,2,Wireless Mouse,peripherals,5,49.50,247.50,refunded,2026-08-15T02:07:09+00:00
ORD-098963,5,5,Over-ear Headphones,audio,4,199.95,799.80,refunded,2026-08-15T11:57:58+00:00
ORD-098964,2,5,Over-ear Headphones,audio,3,199.95,599.85,cancelled,2026-08-15T09:43:47+00:00
ORD-098965,2,8,Ergonomic Chair,furniture,4,612.75,2451.00,cancelled,2026-08-15T14:51:08+00:00
ORD-098966,10,4,34in Ultrawide Monitor,displays,2,579.00,1158.00,refunded,2026-08-15T00:20:44+00:00
ORD-098967,10,8,Ergonomic Chair,furniture,3,612.75,1838.25,pending,2026-08-15T11:16:12+00:00
ORD-098968,4,2,Wireless Mouse,peripherals,2,49.50,99.00,cancelled,2026-08-15T20:22:15+00:00
ORD-098969,3,4,34in Ultrawide Monitor,displays,5,579.00,2895.00,refunded,2026-08-15T15:00:27+00:00
ORD-098970,10,7,Standing Desk 120cm,furniture,5,449.00,2245.00,cancelled,2026-08-15T07:44:07+00:00
ORD-098971,3,7,Standing Desk 120cm,furniture,2,449.00,898.00,pending,2026-08-15T02:48:02+00:00
ORD-098972,9,7,Standing Desk 120cm,furniture,4,449.00,1796.00,cancelled,2026-08-15T12:15:54+00:00
ORD-098973,6,9,USB-C Hub 8-in-1,accessories,4,39.99,159.96,cancelled,2026-08-15T11:49:48+00:00
ORD-098974,6,5,Over-ear Headphones,audio,2,199.95,399.90,refunded,2026-08-15T20:02:18+00:00
ORD-098975,8,10,Laptop Stand Aluminium,accessories,4,27.50,110.00,pending,2026-08-15T17:59:35+00:00
ORD-098976,5,4,34in Ultrawide Monitor,displays,3,579.00,1737.00,refunded,2026-08-15T15:16:44+00:00
ORD-098977,3,7,Standing Desk 120cm,furniture,3,449.00,1347.00,pending,2026-08-15T13:08:25+00:00
ORD-098978,1,4,34in Ultrawide Monitor,displays,4,579.00,2316.00,refunded,2026-08-15T07:27:16+00:00
ORD-098979,5,2,Wireless Mouse,peripherals,2,49.50,99.00,refunded,2026-08-15T10:12:55+00:00
ORD-098980,5,2,Wireless Mouse,peripherals,2,49.50,99.00,pending,2026-08-15T04:29:45+00:00
ORD-098981,7,1,Mechanical Keyboard 75%,peripherals,5,129.00,645.00,pending,2026-08-15T00:00:42+00:00
ORD-098982,4,1,Mechanical Keyboard 75%,peripherals,5,129.00,645.00,pending,2026-08-15T01:10:00+00:00
ORD-098983,7,4,34in Ultrawide Monitor,displays,4,579.00,2316.00,refunded,2026-08-15T23:45:42+00:00
ORD-098984,1,3,27in 1440p Monitor,displays,3,319.99,959.97,cancelled,2026-08-15T01:50:13+00:00
ORD-098985,5,6,Desk Speakers Pair,audio,2,89.00,178.00,pending,2026-08-15T13:26:05+00:00
ORD-098986,5,5,Over-ear Headphones,audio,4,199.95,799.80,pending,2026-08-15T23:35:15+00:00
ORD-098987,9,8,Ergonomic Chair,furniture,3,612.75,1838.25,cancelled,2026-08-15T18:51:38+00:00
ORD-098988,2,8,Ergonomic Chair,furniture,1,612.75,612.75,completed,2026-08-15T12:40:29+00:00
ORD-098989,1,7,Standing Desk 120cm,furniture,5,449.00,2245.00,refunded,2026-08-15T18:01:52+00:00
ORD-098990,5,10,Laptop Stand Aluminium,accessories,1,27.50,27.50,refunded,2026-08-15T12:00:10+00:00
ORD-098991,3,8,Ergonomic Chair,furniture,3,612.75,1838.25,refunded,2026-08-15T06:59:56+00:00
ORD-098992,1,4,34in Ultrawide Monitor,displays,4,579.00,2316.00,completed,2026-08-15T17:06:40+00:00
ORD-098993,8,7,Standing Desk 120cm,furniture,5,449.00,2245.00,pending,2026-08-15T15:32:58+00:00
ORD-098994,6,2,Wireless Mouse,peripherals,3,49.50,148.50,refunded,2026-08-15T06:14:57+00:00
ORD-098995,6,4,34in Ultrawide Monitor,displays,1,579.00,579.00,pending,2026-08-15T00:37:42+00:00
ORD-098996,6,8,Ergonomic Chair,furniture,2,612.75,1225.50,completed,2026-08-15T04:27:44+00:00
ORD-098997,2,7,Standing Desk 120cm,furniture,4,449.00,1796.00,pending,2026-08-15T21:36:17+00:00
ORD-098998,10,3,27in 1440p Monitor,displays,2,319.99,639.98,refunded,2026-08-15T15:41:42+00:00
ORD-098999,3,6,Desk Speakers Pair,audio,1,89.00,89.00,pending,2026-08-15T22:11:32+00:00
ORD-099000,6,1,Mechanical Keyboard 75%,peripherals,5,129.00,645.00,completed,2026-08-15T20:57:57+00:00
ORD-099001,1,1,Mechanical Keyboard 75%,peripherals,1,129.00,129.00,pending,2026-08-15T20:41:46+00:00
ORD-099002,6,4,34in Ultrawide Monitor,displays,5,579.00,2895.00,cancelled,2026-08-15T11:44:20+00:00
ORD-099003,8,10,Laptop Stand Aluminium,accessories,5,27.50,137.50,cancelled,2026-08-15T04:05:47+00:00
ORD-099004,5,6,Desk Speakers Pair,audio,3,89.00,267.00,completed,2026-08-15T09:19:40+00:00
ORD-099005,2,4,34in Ultrawide Monitor,displays,4,579.00,2316.00,completed,2026-08-15T03:45:36+00:00
ORD-099006,1,7,Standing Desk 120cm,furniture,5,449.00,2245.00,pending,2026-08-15T23:45:17+00:00
ORD-099007,8,10,Laptop Stand Aluminium,accessories,1,27.50,27.50,cancelled,2026-08-15T02:36:25+00:00
ORD-099008,4,10,Laptop Stand Aluminium,accessories,2,27.50,55.00,completed,2026-08-15T11:59:17+00:00
ORD-099009,10,4,34in Ultrawide Monitor,displays,1,579.00,579.00,cancelled,2026-08-15T11:54:36+00:00
ORD-099010,7,6,Desk Speakers Pair,audio,2,89.00,178.00,completed,2026-08-15T11:40:47+00:00
ORD-099011,6,2,Wireless Mouse,peripherals,1,49.50,49.50,completed,2026-08-15T10:14:58+00:00
ORD-099012,2,2,Wireless Mouse,peripherals,2,49.50,99.00,pending,2026-08-15T12:47:04+00:00
ORD-099013,9,10,Laptop Stand Aluminium,accessories,4,27.50,110.00,refunded,2026-08-15T08:23:02+00:00
ORD-099014,7,8,Ergonomic Chair,furniture,1,612.75,612.75,refunded,2026-08-15T06:51:47+00:00
ORD-099015,10,10,Laptop Stand Aluminium,accessories,2,27.50,55.00,completed,2026-08-15T18:20:54+00:00
ORD-099016,5,9,USB-C Hub 8-in-1,accessories,2,39.99,79.98,pending,2026-08-15T13:42:40+00:00
ORD-099017,1,7,Standing Desk 120cm,furniture,4,449.00,1796.00,refunded,2026-08-15T08:20:21+00:00
ORD-099018,10,3,27in 1440p Monitor,displays,5,319.99,1599.95,cancelled,2026-08-15T23:50:14+00:00
ORD-099019,6,7,Standing Desk 120cm,furniture,5,449.00,2245.00,cancelled,2026-08-15T10:25:23+00:00
ORD-099020,8,10,Laptop Stand Aluminium,accessories,4,27.50,110.00,refunded,2026-08-15T21:19:55+00:00
ORD-099021,2,4,34in Ultrawide Monitor,displays,3,579.00,1737.00,cancelled,2026-08-15T23:07:29+00:00
ORD-099022,8,3,27in 1440p Monitor,displays,2,319.99,639.98,completed,2026-08-15T01:32:54+00:00
ORD-099023,7,8,Ergonomic Chair,furniture,2,612.75,1225.50,completed,2026-08-15T04:55:12+00:00
ORD-099024,10,2,Wireless Mouse,peripherals,5,49.50,247.50,cancelled,2026-08-15T02:02:29+00:00
ORD-099025,8,3,27in 1440p Monitor,displays,2,319.99,639.98,pending,2026-08-15T21:41:01+00:00
ORD-099026,10,6,Desk Speakers Pair,audio,5,89.00,445.00,completed,2026-08-15T12:48:12+00:00
ORD-099027,6,9,USB-C Hub 8-in-1,accessories,1,39.99,39.99,refunded,2026-08-15T23:18:09+00:00
ORD-099028,7,4,34in Ultrawide Monitor,displays,5,579.00,2895.00,cancelled,2026-08-15T12:59:02+00:00
ORD-099029,4,2,Wireless Mouse,peripherals,5,49.50,247.50,cancelled,2026-08-15T03:18:39+00:00
ORD-099030,1,5,Over-ear Headphones,audio,5,199.95,999.75,cancelled,2026-08-15T04:02:02+00:00
ORD-099031,9,3,27in 1440p Monitor,displays,1,319.99,319.99,cancelled,2026-08-15T10:33:20+00:00
ORD-099032,6,9,USB-C Hub 8-in-1,accessories,1,39.99,39.99,cancelled,2026-08-15T03:38:48+00:00
ORD-099033,9,9,USB-C Hub 8-in-1,accessories,5,39.99,199.95,completed,2026-08-15T20:46:03+00:00
ORD-099034,9,6,Desk Speakers Pair,audio,3,89.00,267.00,cancelled,2026-08-15T17:14:01+00:00
ORD-099035,4,4,34in Ultrawide Monitor,displays,1,579.00,579.00,pending,2026-08-15T14:03:49+00:00
ORD-099036,9,7,Standing Desk 120cm,furniture,3,449.00,1347.00,pending,2026-08-15T00:17:13+00:00
ORD-099037,5,9,USB-C Hub 8-in-1,accessories,3,39.99,119.97,pending,2026-08-15T13:30:09+00:00
ORD-099038,4,2,Wireless Mouse,peripherals,3,49.50,148.50,refunded,2026-08-15T13:57:27+00:00
ORD-099039,8,2,Wireless Mouse,peripherals,5,49.50,247.50,completed,2026-08-15T19:15:43+00:00
ORD-099040,2,10,Laptop Stand Aluminium,accessories,4,27.50,110.00,cancelled,2026-08-15T08:15:07+00:00
ORD-099041,5,7,Standing Desk 120cm,furniture,4,449.00,1796.00,cancelled,2026-08-15T09:09:21+00:00
ORD-099042,6,8,Ergonomic Chair,furniture,2,612.75,1225.50,refunded,2026-08-15T18:17:33+00:00
ORD-099043,1,6,Desk Speakers Pair,audio,1,89.00,89.00,refunded,2026-08-15T00:54:44+00:00
ORD-099044,6,7,Standing Desk 120cm,furniture,3,449.00,1347.00,refunded,2026-08-15T18:59:02+00:00
ORD-099045,8,4,34in Ultrawide Monitor,displays,5,579.00,2895.00,pending,2026-08-15T22:55:23+00:00
ORD-099046,7,4,34in Ultrawide Monitor,displays,4,579.00,2316.00,refunded,2026-08-15T17:55:34+00:00
ORD-099047,2,8,Ergonomic Chair,furniture,4,612.75,2451.00,completed,2026-08-15T02:38:16+00:00
ORD-099048,2,5,Over-ear Headphones,audio,2,199.95,399.90,pending,2026-08-15T04:45:57+00:00
ORD-099049,8,10,Laptop Stand Aluminium,accessories,1,27.50,27.50,cancelled,2026-08-15T02:45:51+00:00
ORD-099050,5,8,Ergonomic Chair,furniture,5,612.75,3063.75,refunded,2026-08-15T02:57:55+00:00
ORD-099051,7,4,34in Ultrawide Monitor,displays,1,579.00,579.00,pending,2026-08-15T01:42:22+00:00
ORD-099052,7,4,34in Ultrawide Monitor,displays,4,579.00,2316.00,refunded,2026-08-15T15:16:38+00:00
ORD-099053,6,8,Ergonomic Chair,furniture,4,612.75,2451.00,refunded,2026-08-15T06:52:43+00:00
ORD-099054,6,10,Laptop Stand Aluminium,accessories,2,27.50,55.00,refunded,2026-08-15T01:30:31+00:00
ORD-099055,3,10,Laptop Stand Aluminium,accessories,5,27.50,137.50,completed,2026-08-15T03:50:40+00:00
ORD-099056,7,5,Over-ear Headphones,audio,1,199.95,199.95,cancelled,2026-08-15T21:40:48+00:00
ORD-099057,7,2,Wireless Mouse,peripherals,1,49.50,49.50,completed,2026-08-15T16:50:43+00:00
ORD-099058,1,8,Ergonomic Chair,furniture,3,612.75,1838.25,cancelled,2026-08-15T11:02:38+00:00
ORD-099059,10,7,Standing Desk 120cm,furniture,2,449.00,898.00,cancelled,2026-08-15T14:48:47+00:00
ORD-099060,6,5,Over-ear Headphones,audio,1,199.95,199.95,refunded,2026-08-15T09:22:14+00:00
ORD-099061,7,9,USB-C Hub 8-in-1,accessories,4,39.99,159.96,completed,2026-08-15T09:08:17+00:00
ORD-099062,8,3,27in 1440p Monitor,displays,1,319.99,319.99,cancelled,2026-08-15T15:52:33+00:00
ORD-099063,2,2,Wireless Mouse,peripherals,1,49.50,49.50,completed,2026-08-15T03:01:28+00:00
ORD-099064,4,7,Standing Desk 120cm,furniture,1,449.00,449.00,cancelled,2026-08-15T00:19:53+00:00
ORD-099065,2,5,Over-ear Headphones,audio,4,199.95,799.80,completed,2026-08-15T12:01:17+00:00
ORD-099066,2,10,Laptop Stand Aluminium,accessories,3,27.50,82.50,completed,2026-08-15T19:46:34+00:00
ORD-099067,4,10,Laptop Stand Aluminium,accessories,3,27.50,82.50,cancelled,2026-08-15T19:14:15+00:00
ORD-099068,1,7,Standing Desk 120cm,furniture,1,449.00,449.00,completed,2026-08-15T06:29:07+00:00
ORD-099069,3,5,Over-ear Headphones,audio,5,199.95,999.75,pending,2026-08-15T08:39:25+00:00
ORD-099070,8,4,34in Ultrawide Monitor,displays,4,579.00,2316.00,refunded,2026-08-15T03:18:55+00:00
ORD-099071,1,9,USB-C Hub 8-in-1,accessories,3,39.99,119.97,cancelled,2026-08-15T03:12:23+00:00
ORD-099072,6,7,Standing Desk 120cm,furniture,4,449.00,1796.00,completed,2026-08-15T15:22:11+00:00
ORD-099073,10,1,Mechanical Keyboard 75%,peripherals,1,129.00,129.00,cancelled,2026-08-15T14:24:49+00:00
ORD-099074,2,1,Mechanical Keyboard 75%,peripherals,4,129.00,516.00,refunded,2026-08-15T19:19:31+00:00
ORD-099075,8,1,Mechanical Keyboard 75%,peripherals,5,129.00,645.00,pending,2026-08-15T05:47:07+00:00
ORD-099076,3,9,USB-C Hub 8-in-1,accessories,4,39.99,159.96,refunded,2026-08-15T11:24:08+00:00
ORD-099077,10,1,Mechanical Keyboard 75%,peripherals,2,129.00,258.00,pending,2026-08-15T20:05:50+00:00
ORD-099078,1,9,USB-C Hub 8-in-1,accessories,2,39.99,79.98,pending,2026-08-15T14:06:22+00:00
ORD-099079,9,1,Mechanical Keyboard 75%,peripherals,2,129.00,258.00,refunded,2026-08-15T22:53:40+00:00
ORD-099080,6,9,USB-C Hub 8-in-1,accessories,2,39.99,79.98,pending,2026-08-15T09:29:11+00:00
ORD-099081,1,5,Over-ear Headphones,audio,5,199.95,999.75,cancelled,2026-08-15T07:31:13+00:00
ORD-099082,4,1,Mechanical Keyboard 75%,peripherals,2,129.00,258.00,cancelled,2026-08-15T18:18:38+00:00
ORD-099083,2,1,Mechanical Keyboard 75%,peripherals,5,129.00,645.00,refunded,2026-08-15T02:57:03+00:00
ORD-099084,10,3,27in 1440p Monitor,displays,1,319.99,319.99,refunded,2026-08-15T12:26:59+00:00
ORD-099085,6,4,34in Ultrawide Monitor,displays,3,579.00,1737.00,cancelled,2026-08-15T22:03:00+00:00
ORD-099086,2,5,Over-ear Headphones,audio,5,199.95,999.75,refunded,2026-08-15T18:13:22+00:00
ORD-099087,3,4,34in Ultrawide Monitor,displays,3,579.00,1737.00,refunded,2026-08-15T07:04:05+00:00
ORD-099088,8,3,27in 1440p Monitor,displays,2,319.99,639.98,refunded,2026-08-15T02:32:43+00:00
ORD-099089,1,7,Standing Desk 120cm,furniture,5,449.00,2245.00,cancelled,2026-08-15T11:42:23+00:00
ORD-099090,3,3,27in 1440p Monitor,displays,5,319.99,1599.95,pending,2026-08-15T10:01:37+00:00
ORD-099091,4,9,USB-C Hub 8-in-1,accessories,4,39.99,159.96,refunded,2026-08-15T12:25:20+00:00
ORD-099092,10,9,USB-C Hub 8-in-1,accessories,2,39.99,79.98,completed,2026-08-15T09:54:02+00:00
ORD-099093,6,1,Mechanical Keyboard 75%,peripherals,2,129.00,258.00,pending,2026-08-15T11:19:04+00:00
ORD-099094,10,2,Wireless Mouse,peripherals,5,49.50,247.50,refunded,2026-08-15T05:03:26+00:00
ORD-099095,7,10,Laptop Stand Aluminium,accessories,5,27.50,137.50,completed,2026-08-15T12:57:58+00:00
ORD-099096,7,2,Wireless Mouse,peripherals,5,49.50,247.50,refunded,2026-08-15T04:41:07+00:00
ORD-099097,7,3,27in 1440p Monitor,displays,5,319.99,1599.95,cancelled,2026-08-15T06:20:27+00:00
ORD-099098,3,9,USB-C Hub 8-in-1,accessories,5,39.99,199.95,cancelled,2026-08-15T05:47:21+00:00
ORD-099099,6,4,34in Ultrawide Monitor,displays,2,579.00,1158.00,refunded,2026-08-15T01:01:25+00:00
ORD-099100,7,7,Standing Desk 120cm,furniture,5,449.00,2245.00,cancelled,2026-08-15T19:11:25+00:00
ORD-099101,3,5,Over-ear Headphones,audio,5,199.95,999.75,completed,2026-08-15T02:25:28+00:00
ORD-099102,3,1,Mechanical Keyboard 75%,peripherals,2,129.00,258.00,completed,2026-08-15T21:27:11+00:00
ORD-099103,6,1,Mechanical Keyboard 75%,peripherals,5,129.00,645.00,refunded,2026-08-15T14:31:31+00:00
ORD-099104,6,6,Desk Speakers Pair,audio,5,89.00,445.00,pending,2026-08-15T01:57:17+00:00
ORD-099105,6,6,Desk Speakers Pair,audio,1,89.00,89.00,pending,2026-08-15T06:26:45+00:00
ORD-099106,10,5,Over-ear Headphones,audio,4,199.95,799.80,refunded,2026-08-15T10:05:14+00:00
ORD-099107,8,10,Laptop Stand Aluminium,accessories,2,27.50,55.00,refunded,2026-08-15T23:40:25+00:00
ORD-099108,2,4,34in Ultrawide Monitor,displays,4,579.00,2316.00,cancelled,2026-08-15T00:05:16+00:00
ORD-099109,10,4,34in Ultrawide Monitor,displays,5,579.00,2895.00,completed,2026-08-15T07:56:17+00:00
ORD-099110,3,8,Ergonomic Chair,furniture,5,612.75,3063.75,refunded,2026-08-15T13:43:16+00:00
ORD-099111,2,5,Over-ear Headphones,audio,5,199.95,999.75,refunded,2026-08-15T10:16:14+00:00
ORD-099112,7,7,Standing Desk 120cm,furniture,4,449.00,1796.00,refunded,2026-08-15T07:31:57+00:00
ORD-099113,4,6,Desk Speakers Pair,audio,3,89.00,267.00,cancelled,2026-08-15T05:28:24+00:00
ORD-099114,8,5,Over-ear Headphones,audio,2,199.95,399.90,refunded,2026-08-15T04:08:59+00:00
ORD-099115,2,9,USB-C Hub 8-in-1,accessories,1,39.99,39.99,cancelled,2026-08-15T23:16:03+00:00
ORD-099116,8,4,34in Ultrawide Monitor,displays,4,579.00,2316.00,refunded,2026-08-15T08:37:15+00:00
ORD-099117,4,7,Standing Desk 120cm,furniture,5,449.00,2245.00,refunded,2026-08-15T20:40:04+00:00
ORD-099118,1,7,Standing Desk 120cm,furniture,5,449.00,2245.00,completed,2026-08-15T16:15:15+00:00
ORD-099119,3,8,Ergonomic Chair,furniture,1,612.75,612.75,refunded,2026-08-15T01:00:59+00:00
ORD-099120,6,7,Standing Desk 120cm,furniture,5,449.00,2245.00,cancelled,2026-08-15T07:52:24+00:00
ORD-099121,3,1,Mechanical Keyboard 75%,peripherals,4,129.00,516.00,completed,2026-08-15T08:16:17+00:00
ORD-099122,4,4,34in Ultrawide Monitor,displays,2,579.00,1158.00,completed,2026-08-15T02:59:08+00:00
ORD-099123,9,8,Ergonomic Chair,furniture,4,612.75,2451.00,cancelled,2026-08-15T10:19:50+00:00
ORD-099124,9,3,27in 1440p Monitor,displays,4,319.99,1279.96,cancelled,2026-08-15T20:58:51+00:00
ORD-099125,9,4,34in Ultrawide Monitor,displays,1,579.00,579.00,completed,2026-08-15T03:18:21+00:00
ORD-099126,3,3,27in 1440p Monitor,displays,3,319.99,959.97,pending,2026-08-15T07:30:41+00:00
ORD-099127,7,9,USB-C Hub 8-in-1,accessories,3,39.99,119.97,refunded,2026-08-15T19:37:23+00:00
ORD-099128,2,9,USB-C Hub 8-in-1,accessories,5,39.99,199.95,refunded,2026-08-15T11:40:37+00:00
ORD-099129,9,1,Mechanical Keyboard 75%,peripherals,1,129.00,129.00,pending,2026-08-15T12:26:38+00:00
ORD-099130,9,4,34in Ultrawide Monitor,displays,2,579.00,1158.00,cancelled,2026-08-15T23:36:36+00:00
ORD-099131,4,8,Ergonomic Chair,furniture,5,612.75,3063.75,completed,2026-08-15T09:35:47+00:00
ORD-099132,6,6,Desk Speakers Pair,audio,3,89.00,267.00,completed,2026-08-15T01:24:42+00:00
ORD-099133,10,3,27in 1440p Monitor,displays,1,319.99,319.99,completed,2026-08-15T17:06:30+00:00
ORD-099134,3,2,Wireless Mouse,peripherals,2,49.50,99.00,cancelled,2026-08-15T23:12:39+00:00
ORD-099135,3,2,Wireless Mouse,peripherals,1,49.50,49.50,cancelled,2026-08-15T20:53:01+00:00
ORD-099136,2,3,27in 1440p Monitor,displays,5,319.99,1599.95,completed,2026-08-15T22:02:17+00:00
ORD-099137,1,7,Standing Desk 120cm,furniture,3,449.00,1347.00,pending,2026-08-15T03:43:35+00:00
ORD-099138,4,1,Mechanical Keyboard 75%,peripherals,1,129.00,129.00,pending,2026-08-15T14:20:39+00:00
ORD-099139,5,1,Mechanical Keyboard 75%,peripherals,4,129.00,516.00,pending,2026-08-15T11:44:51+00:00
ORD-099140,3,3,27in 1440p Monitor,displays,1,319.99,319.99,completed,2026-08-15T12:06:51+00:00
ORD-099141,10,2,Wireless Mouse,peripherals,2,49.50,99.00,completed,2026-08-15T02:52:29+00:00
ORD-099142,9,6,Desk Speakers Pair,audio,1,89.00,89.00,cancelled,2026-08-15T12:55:49+00:00
ORD-099143,6,1,Mechanical Keyboard 75%,peripherals,3,129.00,387.00,cancelled,2026-08-15T23:07:22+00:00
ORD-099144,8,9,USB-C Hub 8-in-1,accessories,5,39.99,199.95,refunded,2026-08-15T21:09:37+00:00
ORD-099145,9,1,Mechanical Keyboard 75%,peripherals,1,129.00,129.00,completed,2026-08-15T09:03:11+00:00
ORD-099146,2,4,34in Ultrawide Monitor,displays,3,579.00,1737.00,completed,2026-08-15T22:34:15+00:00
ORD-099147,9,4,34in Ultrawide Monitor,displays,5,579.00,2895.00,completed,2026-08-15T00:33:05+00:00
ORD-099148,7,1,Mechanical Keyboard 75%,peripherals,5,129.00,645.00,cancelled,2026-08-15T13:18:30+00:00
ORD-099149,4,9,USB-C Hub 8-in-1,accessories,5,39.99,199.95,refunded,2026-08-15T12:44:56+00:00
ORD-099150,4,5,Over-ear Headphones,audio,2,199.95,399.90,completed,2026-08-15T02:04:35+00:00
ORD-099151,2,4,34in Ultrawide Monitor,displays,4,579.00,2316.00,completed,2026-08-15T06:25:04+00:00
ORD-099152,8,1,Mechanical Keyboard 75%,peripherals,5,129.00,645.00,pending,2026-08-15T19:26:30+00:00
ORD-099153,9,2,Wireless Mouse,peripherals,3,49.50,148.50,completed,2026-08-15T05:52:09+00:00
ORD-099154,10,6,Desk Speakers Pair,audio,1,89.00,89.00,completed,2026-08-15T22:37:19+00:00
ORD-099155,9,7,Standing Desk 120cm,furniture,1,449.00,449.00,refunded,2026-08-15T15:39:56+00:00
ORD-099156,4,8,Ergonomic Chair,furniture,3,612.75,1838.25,pending,2026-08-15T14:30:29+00:00
ORD-099157,2,10,Laptop Stand Aluminium,accessories,4,27.50,110.00,pending,2026-08-15T13:25:31+00:00
ORD-099158,2,10,Laptop Stand Aluminium,accessories,2,27.50,55.00,pending,2026-08-15T20:02:16+00:00
ORD-099159,1,4,34in Ultrawide Monitor,displays,5,579.00,2895.00,refunded,2026-08-15T21:19:40+00:00
ORD-099160,1,6,Desk Speakers Pair,audio,3,89.00,267.00,cancelled,2026-08-15T21:18:46+00:00
ORD-099161,1,9,USB-C Hub 8-in-1,accessories,2,39.99,79.98,refunded,2026-08-15T19:34:49+00:00
ORD-099162,10,7,Standing Desk 120cm,furniture,3,449.00,1347.00,pending,2026-08-15T15:50:50+00:00
ORD-099163,1,5,Over-ear Headphones,audio,2,199.95,399.90,refunded,2026-08-15T10:32:12+00:00
ORD-099164,4,4,34in Ultrawide Monitor,displays,1,579.00,579.00,pending,2026-08-15T18:25:30+00:00
ORD-099165,6,2,Wireless Mouse,peripherals,2,49.50,99.00,cancelled,2026-08-15T17:14:42+00:00
ORD-099166,10,2,Wireless Mouse,peripherals,1,49.50,49.50,refunded,2026-08-15T20:34:08+00:00
ORD-099167,10,10,Laptop Stand Aluminium,accessories,3,27.50,82.50,pending,2026-08-15T20:44:11+00:00
ORD-099168,1,9,USB-C Hub 8-in-1,accessories,4,39.99,159.96,refunded,2026-08-15T19:50:29+00:00
ORD-099169,7,1,Mechanical Keyboard 75%,peripherals,3,129.00,387.00,refunded,2026-08-15T02:12:59+00:00
ORD-099170,3,9,USB-C Hub 8-in-1,accessories,4,39.99,159.96,pending,2026-08-15T03:19:29+00:00
ORD-099171,8,10,Laptop Stand Aluminium,accessories,2,27.50,55.00,refunded,2026-08-15T01:03:29+00:00
ORD-099172,3,5,Over-ear Headphones,audio,3,199.95,599.85,refunded,2026-08-15T03:31:03+00:00
ORD-099173,6,2,Wireless Mouse,peripherals,2,49.50,99.00,cancelled,2026-08-15T20:50:44+00:00
ORD-099174,9,2,Wireless Mouse,peripherals,4,49.50,198.00,cancelled,2026-08-15T07:40:25+00:00
ORD-099175,6,6,Desk Speakers Pair,audio,3,89.00,267.00,pending,2026-08-15T12:33:59+00:00
ORD-099176,8,2,Wireless Mouse,peripherals,1,49.50,49.50,pending,2026-08-15T17:05:57+00:00
ORD-099177,2,6,Desk Speakers Pair,audio,1,89.00,89.00,refunded,2026-08-15T19:11:27+00:00
ORD-099178,10,10,Laptop Stand Aluminium,accessories,1,27.50,27.50,refunded,2026-08-15T10:29:05+00:00
ORD-099179,1,1,Mechanical Keyboard 75%,peripherals,2,129.00,258.00,pending,2026-08-15T14:06:05+00:00
ORD-099180,7,10,Laptop Stand Aluminium,accessories,3,27.50,82.50,cancelled,2026-08-15T11:48:38+00:00
ORD-099181,3,8,Ergonomic Chair,furniture,3,612.75,1838.25,completed,2026-08-15T22:35:02+00:00
ORD-099182,6,1,Mechanical Keyboard 75%,peripherals,1,129.00,129.00,pending,2026-08-15T16:03:32+00:00
ORD-099183,7,5,Over-ear Headphones,audio,1,199.95,199.95,refunded,2026-08-15T07:16:10+00:00
ORD-099184,3,7,Standing Desk 120cm,furniture,5,449.00,2245.00,cancelled,2026-08-15T23:21:59+00:00
ORD-099185,4,4,34in Ultrawide Monitor,displays,5,579.00,2895.00,pending,2026-08-15T04:47:52+00:00
ORD-099186,6,6,Desk Speakers Pair,audio,1,89.00,89.00,cancelled,2026-08-15T10:55:51+00:00
ORD-099187,2,9,USB-C Hub 8-in-1,accessories,1,39.99,39.99,pending,2026-08-15T19:48:13+00:00
ORD-099188,3,2,Wireless Mouse,peripherals,3,49.50,148.50,pending,2026-08-15T23:34:39+00:00
ORD-099189,7,7,Standing Desk 120cm,furniture,5,449.00,2245.00,cancelled,2026-08-15T09:39:31+00:00
ORD-099190,10,2,Wireless Mouse,peripherals,2,49.50,99.00,completed,2026-08-15T19:22:35+00:00
ORD-099191,7,3,27in 1440p Monitor,displays,3,319.99,959.97,cancelled,2026-08-15T11:52:27+00:00
ORD-099192,6,6,Desk Speakers Pair,audio,4,89.00,356.00,refunded,2026-08-15T07:51:15+00:00
ORD-099193,4,10,Laptop Stand Aluminium,accessories,2,27.50,55.00,cancelled,2026-08-15T10:19:28+00:00
ORD-099194,2,7,Standing Desk 120cm,furniture,2,449.00,898.00,refunded,2026-08-15T23:25:46+00:00
ORD-099195,1,2,Wireless Mouse,peripherals,3,49.50,148.50,cancelled,2026-08-15T15:16:44+00:00
ORD-099196,2,6,Desk Speakers Pair,audio,4,89.00,356.00,cancelled,2026-08-15T14:12:48+00:00
ORD-099197,4,1,Mechanical Keyboard 75%,peripherals,4,129.00,516.00,cancelled,2026-08-15T21:29:52+00:00
ORD-099198,6,10,Laptop Stand Aluminium,accessories,5,27.50,137.50,refunded,2026-08-15T00:44:27+00:00
ORD-099199,1,9,USB-C Hub 8-in-1,accessories,4,39.99,159.96,refunded,2026-08-15T06:05:06+00:00
ORD-099200,4,3,27in 1440p Monitor,displays,4,319.99,1279.96,refunded,2026-08-15T09:21:01+00:00
ORD-099201,9,1,Mechanical Keyboard 75%,peripherals,1,129.00,129.00,completed,2026-08-15T03:20:23+00:00
ORD-099202,7,7,Standing Desk 120cm,furniture,4,449.00,1796.00,completed,2026-08-15T07:20:46+00:00
ORD-099203,7,9,USB-C Hub 8-in-1,accessories,5,39.99,199.95,cancelled,2026-08-15T14:54:10+00:00
ORD-099204,1,2,Wireless Mouse,peripherals,4,49.50,198.00,cancelled,2026-08-15T15:12:50+00:00
ORD-099205,3,2,Wireless Mouse,peripherals,4,49.50,198.00,completed,2026-08-15T12:44:51+00:00
ORD-099206,1,3,27in 1440p Monitor,displays,5,319.99,1599.95,refunded,2026-08-15T06:22:33+00:00
ORD-099207,1,9,USB-C Hub 8-in-1,accessories,4,39.99,159.96,refunded,2026-08-15T04:30:36+00:00
ORD-099208,4,1,Mechanical Keyboard 75%,peripherals,3,129.00,387.00,refunded,2026-08-15T10:39:48+00:00
ORD-099209,2,5,Over-ear Headphones,audio,2,199.95,399.90,completed,2026-08-15T04:05:07+00:00
ORD-099210,9,10,Laptop Stand Aluminium,accessories,5,27.50,137.50,refunded,2026-08-15T09:27:00+00:00
ORD-099211,10,6,Desk Speakers Pair,audio,2,89.00,178.00,pending,2026-08-15T05:18:53+00:00
ORD-099212,10,9,USB-C Hub 8-in-1,accessories,5,39.99,199.95,cancelled,2026-08-15T06:48:08+00:00
ORD-099213,9,7,Standing Desk 120cm,furniture,4,449.00,1796.00,completed,2026-08-15T23:27:29+00:00
ORD-099214,2,8,Ergonomic Chair,furniture,5,612.75,3063.75,cancelled,2026-08-15T12:20:42+00:00
ORD-099215,3,1,Mechanical Keyboard 75%,peripherals,4,129.00,516.00,cancelled,2026-08-15T15:23:07+00:00
ORD-099216,9,7,Standing Desk 120cm,furniture,1,449.00,449.00,pending,2026-08-15T04:39:40+00:00
ORD-099217,7,1,Mechanical Keyboard 75%,peripherals,3,129.00,387.00,refunded,2026-08-15T01:08:03+00:00
ORD-099218,8,2,Wireless Mouse,peripherals,3,49.50,148.50,pending,2026-08-15T10:01:49+00:00
ORD-099219,7,9,USB-C Hub 8-in-1,accessories,2,39.99,79.98,pending,2026-08-15T20:26:47+00:00
ORD-099220,7,5,Over-ear Headphones,audio,2,199.95,399.90,refunded,2026-08-15T01:10:38+00:00
ORD-099221,2,9,USB-C Hub 8-in-1,accessories,5,39.99,199.95,cancelled,2026-08-15T07:52:42+00:00
ORD-099222,2,9,USB-C Hub 8-in-1,accessories,3,39.99,119.97,completed,2026-08-15T16:08:00+00:00
ORD-099223,1,4,34in Ultrawide Monitor,displays,3,579.00,1737.00,pending,2026-08-15T14:13:05+00:00
ORD-099224,10,10,Laptop Stand Aluminium,accessories,4,27.50,110.00,refunded,2026-08-15T10:14:19+00:00
ORD-099225,2,9,USB-C Hub 8-in-1,accessories,1,39.99,39.99,cancelled,2026-08-15T00:49:57+00:00
ORD-099226,4,2,Wireless Mouse,peripherals,4,49.50,198.00,completed,2026-08-15T10:52:52+00:00
ORD-099227,6,6,Desk Speakers Pair,audio,5,89.00,445.00,refunded,2026-08-15T04:37:35+00:00
ORD-099228,7,3,27in 1440p Monitor,displays,5,319.99,1599.95,refunded,2026-08-15T16:03:18+00:00
ORD-099229,6,5,Over-ear Headphones,audio,4,199.95,799.80,cancelled,2026-08-15T18:07:02+00:00
ORD-099230,6,1,Mechanical Keyboard 75%,peripherals,2,129.00,258.00,refunded,2026-08-15T00:42:24+00:00
ORD-099231,6,2,Wireless Mouse,peripherals,1,49.50,49.50,refunded,2026-08-15T06:06:07+00:00
ORD-099232,1,8,Ergonomic Chair,furniture,2,612.75,1225.50,refunded,2026-08-15T09:27:35+00:00
ORD-099233,3,10,Laptop Stand Aluminium,accessories,5,27.50,137.50,pending,2026-08-15T17:22:15+00:00
ORD-099234,5,4,34in Ultrawide Monitor,displays,5,579.00,2895.00,refunded,2026-08-15T13:13:20+00:00
ORD-099235,6,6,Desk Speakers Pair,audio,5,89.00,445.00,refunded,2026-08-15T21:29:17+00:00
ORD-099236,10,3,27in 1440p Monitor,displays,1,319.99,319.99,pending,2026-08-15T00:59:18+00:00
ORD-099237,8,3,27in 1440p Monitor,displays,3,319.99,959.97,cancelled,2026-08-15T15:19:01+00:00
ORD-099238,4,8,Ergonomic Chair,furniture,1,612.75,612.75,refunded,2026-08-15T04:53:32+00:00
ORD-099239,10,2,Wireless Mouse,peripherals,5,49.50,247.50,completed,2026-08-15T06:45:26+00:00
ORD-099240,5,7,Standing Desk 120cm,furniture,2,449.00,898.00,completed,2026-08-15T21:31:59+00:00
ORD-099241,4,5,Over-ear Headphones,audio,1,199.95,199.95,cancelled,2026-08-15T08:34:52+00:00
ORD-099242,3,6,Desk Speakers Pair,audio,4,89.00,356.00,refunded,2026-08-15T01:49:59+00:00
ORD-099243,5,6,Desk Speakers Pair,audio,2,89.00,178.00,cancelled,2026-08-15T16:40:00+00:00
ORD-099244,10,1,Mechanical Keyboard 75%,peripherals,2,129.00,258.00,pending,2026-08-15T20:19:46+00:00
ORD-099245,4,6,Desk Speakers Pair,audio,5,89.00,445.00,completed,2026-08-15T17:16:59+00:00
ORD-099246,8,8,Ergonomic Chair,furniture,2,612.75,1225.50,completed,2026-08-15T18:29:23+00:00
ORD-099247,6,1,Mechanical Keyboard 75%,peripherals,4,129.00,516.00,cancelled,2026-08-15T12:33:39+00:00
ORD-099248,5,4,34in Ultrawide Monitor,displays,4,579.00,2316.00,refunded,2026-08-15T01:46:19+00:00
ORD-099249,3,9,USB-C Hub 8-in-1,accessories,5,39.99,199.95,cancelled,2026-08-15T19:38:25+00:00
ORD-099250,6,10,Laptop Stand Aluminium,accessories,3,27.50,82.50,refunded,2026-08-15T06:21:44+00:00
ORD-099251,1,5,Over-ear Headphones,audio,1,199.95,199.95,cancelled,2026-08-15T04:21:32+00:00
ORD-099252,2,7,Standing Desk 120cm,furniture,4,449.00,1796.00,completed,2026-08-15T06:59:43+00:00
ORD-099253,4,1,Mechanical Keyboard 75%,peripherals,1,129.00,129.00,refunded,2026-08-15T17:29:26+00:00
ORD-099254,6,1,Mechanical Keyboard 75%,peripherals,5,129.00,645.00,completed,2026-08-15T00:30:54+00:00
ORD-099255,3,1,Mechanical Keyboard 75%,peripherals,1,129.00,129.00,cancelled,2026-08-15T19:32:11+00:00
ORD-099256,10,5,Over-ear Headphones,audio,4,199.95,799.80,pending,2026-08-15T11:36:28+00:00
ORD-099257,2,6,Desk Speakers Pair,audio,5,89.00,445.00,pending,2026-08-15T00:19:19+00:00
ORD-099258,7,9,USB-C Hub 8-in-1,accessories,5,39.99,199.95,refunded,2026-08-15T14:39:06+00:00
ORD-099259,1,10,Laptop Stand Aluminium,accessories,1,27.50,27.50,completed,2026-08-15T02:36:14+00:00
ORD-099260,5,8,Ergonomic Chair,furniture,1,612.75,612.75,pending,2026-08-15T02:21:23+00:00
ORD-099261,10,7,Standing Desk 120cm,furniture,3,449.00,1347.00,refunded,2026-08-15T21:43:30+00:00
ORD-099262,6,2,Wireless Mouse,peripherals,4,49.50,198.00,pending,2026-08-15T21:42:36+00:00
ORD-099263,9,8,Ergonomic Chair,furniture,5,612.75,3063.75,completed,2026-08-15T05:52:45+00:00
ORD-099264,1,10,Laptop Stand Aluminium,accessories,5,27.50,137.50,completed,2026-08-15T10:47:31+00:00
ORD-099265,5,4,34in Ultrawide Monitor,displays,3,579.00,1737.00,cancelled,2026-08-15T04:28:48+00:00
ORD-099266,10,6,Desk Speakers Pair,audio,1,89.00,89.00,completed,2026-08-15T12:33:35+00:00
ORD-099267,4,4,34in Ultrawide Monitor,displays,5,579.00,2895.00,refunded,2026-08-15T23:55:22+00:00
ORD-099268,7,6,Desk Speakers Pair,audio,3,89.00,267.00,cancelled,2026-08-15T21:26:11+00:00
ORD-099269,9,10,Laptop Stand Aluminium,accessories,5,27.50,137.50,completed,2026-08-15T06:16:20+00:00
ORD-099270,4,4,34in Ultrawide Monitor,displays,2,579.00,1158.00,cancelled,2026-08-15T15:42:45+00:00
ORD-099271,6,8,Ergonomic Chair,furniture,2,612.75,1225.50,cancelled,2026-08-15T03:36:51+00:00
ORD-099272,5,3,27in 1440p Monitor,displays,5,319.99,1599.95,pending,2026-08-15T10:31:29+00:00
ORD-099273,6,1,Mechanical Keyboard 75%,peripherals,4,129.00,516.00,cancelled,2026-08-15T20:08:18+00:00
ORD-099274,6,1,Mechanical Keyboard 75%,peripherals,3,129.00,387.00,completed,2026-08-15T16:58:32+00:00
ORD-099275,2,6,Desk Speakers Pair,audio,5,89.00,445.00,cancelled,2026-08-15T03:50:28+00:00
ORD-099276,4,10,Laptop Stand Aluminium,accessories,2,27.50,55.00,cancelled,2026-08-15T01:01:56+00:00
ORD-099277,3,7,Standing Desk 120cm,furniture,4,449.00,1796.00,completed,2026-08-15T19:27:02+00:00
ORD-099278,10,7,Standing Desk 120cm,furniture,4,449.00,1796.00,pending,2026-08-15T12:13:41+00:00
ORD-099279,1,4,34in Ultrawide Monitor,displays,2,579.00,1158.00,completed,2026-08-15T07:06:00+00:00
ORD-099280,7,1,Mechanical Keyboard 75%,peripherals,2,129.00,258.00,cancelled,2026-08-15T23:56:57+00:00
ORD-099281,5,1,Mechanical Keyboard 75%,peripherals,1,129.00,129.00,completed,2026-08-15T06:39:10+00:00
ORD-099282,8,3,27in 1440p Monitor,displays,5,319.99,1599.95,completed,2026-08-15T02:45:33+00:00
ORD-099283,3,6,Desk Speakers Pair,audio,1,89.00,89.00,cancelled,2026-08-15T10:55:24+00:00
ORD-099284,3,3,27in 1440p Monitor,displays,5,319.99,1599.95,refunded,2026-08-15T20:34:05+00:00
ORD-099285,8,1,Mechanical Keyboard 75%,peripherals,4,129.00,516.00,cancelled,2026-08-15T01:25:29+00:00
ORD-099286,8,5,Over-ear Headphones,audio,5,199.95,999.75,refunded,2026-08-15T18:49:48+00:00
ORD-099287,5,8,Ergonomic Chair,furniture,2,612.75,1225.50,completed,2026-08-15T21:22:56+00:00
ORD-099288,7,1,Mechanical Keyboard 75%,peripherals,4,129.00,516.00,pending,2026-08-15T15:50:33+00:00
ORD-099289,5,4,34in Ultrawide Monitor,displays,4,579.00,2316.00,completed,2026-08-15T16:13:45+00:00
ORD-099290,3,5,Over-ear Headphones,audio,3,199.95,599.85,cancelled,2026-08-15T22:17:10+00:00
ORD-099291,3,1,Mechanical Keyboard 75%,peripherals,4,129.00,516.00,pending,2026-08-15T21:58:50+00:00
ORD-099292,5,8,Ergonomic Chair,furniture,4,612.75,2451.00,pending,2026-08-15T18:40:37+00:00
ORD-099293,6,10,Laptop Stand Aluminium,accessories,1,27.50,27.50,refunded,2026-08-15T19:19:01+00:00
ORD-099294,8,1,Mechanical Keyboard 75%,peripherals,3,129.00,387.00,refunded,2026-08-15T09:27:51+00:00
ORD-099295,8,10,Laptop Stand Aluminium,accessories,2,27.50,55.00,completed,2026-08-15T21:53:24+00:00
ORD-099296,2,5,Over-ear Headphones,audio,1,199.95,199.95,refunded,2026-08-15T14:58:29+00:00
ORD-099297,6,5,Over-ear Headphones,audio,1,199.95,199.95,cancelled,2026-08-15T08:43:06+00:00
ORD-099298,4,1,Mechanical Keyboard 75%,peripherals,1,129.00,129.00,refunded,2026-08-15T18:58:26+00:00
ORD-099299,7,6,Desk Speakers Pair,audio,1,89.00,89.00,completed,2026-08-15T22:58:03+00:00
ORD-099300,6,1,Mechanical Keyboard 75%,peripherals,1,129.00,129.00,completed,2026-08-15T19:54:16+00:00
ORD-099301,5,7,Standing Desk 120cm,furniture,2,449.00,898.00,refunded,2026-08-15T01:01:16+00:00
ORD-099302,8,8,Ergonomic Chair,furniture,2,612.75,1225.50,cancelled,2026-08-15T12:40:56+00:00
ORD-099303,10,5,Over-ear Headphones,audio,3,199.95,599.85,refunded,2026-08-15T01:07:07+00:00
ORD-099304,5,2,Wireless Mouse,peripherals,5,49.50,247.50,completed,2026-08-15T20:51:47+00:00
ORD-099305,5,2,Wireless Mouse,peripherals,1,49.50,49.50,pending,2026-08-15T01:56:02+00:00
ORD-099306,2,8,Ergonomic Chair,furniture,3,612.75,1838.25,cancelled,2026-08-15T12:31:01+00:00
ORD-099307,9,9,USB-C Hub 8-in-1,accessories,1,39.99,39.99,refunded,2026-08-15T02:39:37+00:00
ORD-099308,7,10,Laptop Stand Aluminium,accessories,4,27.50,110.00,refunded,2026-08-15T12:23:26+00:00
ORD-099309,7,8,Ergonomic Chair,furniture,1,612.75,612.75,pending,2026-08-15T08:18:22+00:00
ORD-099310,2,2,Wireless Mouse,peripherals,2,49.50,99.00,completed,2026-08-15T08:43:31+00:00
ORD-099311,4,10,Laptop Stand Aluminium,accessories,2,27.50,55.00,pending,2026-08-15T18:24:40+00:00
ORD-099312,10,10,Laptop Stand Aluminium,accessories,3,27.50,82.50,refunded,2026-08-15T13:38:12+00:00
ORD-099313,4,8,Ergonomic Chair,furniture,1,612.75,612.75,pending,2026-08-15T22:14:46+00:00
ORD-099314,1,4,34in Ultrawide Monitor,displays,4,579.00,2316.00,completed,2026-08-15T08:58:01+00:00
ORD-099315,6,5,Over-ear Headphones,audio,3,199.95,599.85,completed,2026-08-15T08:11:38+00:00
ORD-099316,5,9,USB-C Hub 8-in-1,accessories,3,39.99,119.97,cancelled,2026-08-15T10:05:24+00:00
ORD-099317,7,1,Mechanical Keyboard 75%,peripherals,3,129.00,387.00,completed,2026-08-15T19:28:26+00:00
ORD-099318,5,2,Wireless Mouse,peripherals,5,49.50,247.50,pending,2026-08-15T05:38:11+00:00
ORD-099319,2,10,Laptop Stand Aluminium,accessories,4,27.50,110.00,cancelled,2026-08-15T11:28:12+00:00
ORD-099320,10,10,Laptop Stand Aluminium,accessories,2,27.50,55.00,cancelled,2026-08-15T18:35:26+00:00
ORD-099321,9,7,Standing Desk 120cm,furniture,2,449.00,898.00,pending,2026-08-15T01:49:40+00:00
ORD-099322,1,9,USB-C Hub 8-in-1,accessories,5,39.99,199.95,completed,2026-08-15T13:43:08+00:00
ORD-099323,7,6,Desk Speakers Pair,audio,3,89.00,267.00,refunded,2026-08-15T17:16:54+00:00
ORD-099324,4,6,Desk Speakers Pair,audio,1,89.00,89.00,pending,2026-08-15T01:20:17+00:00
ORD-099325,4,9,USB-C Hub 8-in-1,accessories,5,39.99,199.95,completed,2026-08-15T14:38:38+00:00
ORD-099326,7,10,Laptop Stand Aluminium,accessories,3,27.50,82.50,refunded,2026-08-15T09:23:31+00:00
ORD-099327,4,10,Laptop Stand Aluminium,accessories,5,27.50,137.50,cancelled,2026-08-15T01:29:53+00:00
ORD-099328,5,9,USB-C Hub 8-in-1,accessories,3,39.99,119.97,pending,2026-08-15T19:51:14+00:00
ORD-099329,4,4,34in Ultrawide Monitor,displays,5,579.00,2895.00,cancelled,2026-08-15T23:17:56+00:00
ORD-099330,3,1,Mechanical Keyboard 75%,peripherals,3,129.00,387.00,completed,2026-08-15T10:22:53+00:00
ORD-099331,10,10,Laptop Stand Aluminium,accessories,5,27.50,137.50,cancelled,2026-08-15T02:44:10+00:00
ORD-099332,8,6,Desk Speakers Pair,audio,4,89.00,356.00,refunded,2026-08-15T06:47:10+00:00
ORD-099333,10,8,Ergonomic Chair,furniture,3,612.75,1838.25,completed,2026-08-15T00:29:21+00:00
ORD-099334,7,9,USB-C Hub 8-in-1,accessories,1,39.99,39.99,refunded,2026-08-15T23:52:19+00:00
ORD-099335,4,4,34in Ultrawide Monitor,displays,4,579.00,2316.00,cancelled,2026-08-15T05:08:39+00:00
ORD-099336,1,3,27in 1440p Monitor,displays,1,319.99,319.99,pending,2026-08-15T19:39:14+00:00
ORD-099337,7,1,Mechanical Keyboard 75%,peripherals,5,129.00,645.00,pending,2026-08-15T20:31:15+00:00
ORD-099338,6,5,Over-ear Headphones,audio,3,199.95,599.85,completed,2026-08-15T03:43:48+00:00
ORD-099339,5,7,Standing Desk 120cm,furniture,5,449.00,2245.00,cancelled,2026-08-15T14:19:09+00:00
ORD-099340,2,7,Standing Desk 120cm,furniture,5,449.00,2245.00,pending,2026-08-15T06:25:28+00:00
ORD-099341,8,10,Laptop Stand Aluminium,accessories,3,27.50,82.50,pending,2026-08-15T21:44:49+00:00
ORD-099342,8,6,Desk Speakers Pair,audio,5,89.00,445.00,refunded,2026-08-15T04:32:01+00:00
ORD-099343,1,3,27in 1440p Monitor,displays,4,319.99,1279.96,completed,2026-08-15T21:20:32+00:00
ORD-099344,3,10,Laptop Stand Aluminium,accessories,1,27.50,27.50,cancelled,2026-08-15T08:08:03+00:00
ORD-099345,7,1,Mechanical Keyboard 75%,peripherals,4,129.00,516.00,cancelled,2026-08-15T13:19:34+00:00
ORD-099346,4,9,USB-C Hub 8-in-1,accessories,3,39.99,119.97,cancelled,2026-08-15T19:25:26+00:00
ORD-099347,6,3,27in 1440p Monitor,displays,4,319.99,1279.96,pending,2026-08-15T00:17:11+00:00
ORD-099348,7,3,27in 1440p Monitor,displays,2,319.99,639.98,completed,2026-08-15T08:02:15+00:00
ORD-099349,9,7,Standing Desk 120cm,furniture,4,449.00,1796.00,completed,2026-08-15T19:07:19+00:00
ORD-099350,4,6,Desk Speakers Pair,audio,3,89.00,267.00,refunded,2026-08-15T06:58:02+00:00
ORD-099351,10,10,Laptop Stand Aluminium,accessories,1,27.50,27.50,pending,2026-08-15T21:49:40+00:00
ORD-099352,6,10,Laptop Stand Aluminium,accessories,2,27.50,55.00,pending,2026-08-15T01:12:27+00:00
ORD-099353,6,9,USB-C Hub 8-in-1,accessories,1,39.99,39.99,completed,2026-08-15T11:37:45+00:00
ORD-099354,8,2,Wireless Mouse,peripherals,3,49.50,148.50,completed,2026-08-15T19:10:36+00:00
ORD-099355,5,10,Laptop Stand Aluminium,accessories,4,27.50,110.00,cancelled,2026-08-15T14:34:38+00:00
ORD-099356,7,9,USB-C Hub 8-in-1,accessories,1,39.99,39.99,cancelled,2026-08-15T01:16:12+00:00
ORD-099357,4,3,27in 1440p Monitor,displays,4,319.99,1279.96,refunded,2026-08-15T09:46:04+00:00
ORD-099358,2,9,USB-C Hub 8-in-1,accessories,1,39.99,39.99,pending,2026-08-15T02:29:36+00:00
ORD-099359,8,4,34in Ultrawide Monitor,displays,2,579.00,1158.00,pending,2026-08-15T00:51:48+00:00
ORD-099360,1,7,Standing Desk 120cm,furniture,2,449.00,898.00,cancelled,2026-08-15T00:42:03+00:00
ORD-099361,9,9,USB-C Hub 8-in-1,accessories,1,39.99,39.99,refunded,2026-08-15T21:57:17+00:00
ORD-099362,4,5,Over-ear Headphones,audio,4,199.95,799.80,pending,2026-08-15T19:37:18+00:00
ORD-099363,6,4,34in Ultrawide Monitor,displays,2,579.00,1158.00,cancelled,2026-08-15T05:31:10+00:00
ORD-099364,3,8,Ergonomic Chair,furniture,3,612.75,1838.25,refunded,2026-08-15T04:04:11+00:00
ORD-099365,3,5,Over-ear Headphones,audio,5,199.95,999.75,completed,2026-08-15T03:08:01+00:00
ORD-099366,10,9,USB-C Hub 8-in-1,accessories,5,39.99,199.95,refunded,2026-08-15T16:45:46+00:00
ORD-099367,2,6,Desk Speakers Pair,audio,1,89.00,89.00,cancelled,2026-08-15T06:00:22+00:00
ORD-099368,1,5,Over-ear Headphones,audio,3,199.95,599.85,refunded,2026-08-15T01:54:23+00:00
ORD-099369,8,7,Standing Desk 120cm,furniture,1,449.00,449.00,completed,2026-08-15T10:22:12+00:00
ORD-099370,8,4,34in Ultrawide Monitor,displays,5,579.00,2895.00,cancelled,2026-08-15T10:12:05+00:00
ORD-099371,2,9,USB-C Hub 8-in-1,accessories,2,39.99,79.98,pending,2026-08-15T02:52:09+00:00
ORD-099372,5,1,Mechanical Keyboard 75%,peripherals,5,129.00,645.00,completed,2026-08-15T06:33:44+00:00
ORD-099373,10,8,Ergonomic Chair,furniture,1,612.75,612.75,pending,2026-08-15T21:47:58+00:00
ORD-099374,9,6,Desk Speakers Pair,audio,3,89.00,267.00,completed,2026-08-15T00:18:41+00:00
ORD-099375,8,7,Standing Desk 120cm,furniture,1,449.00,449.00,refunded,2026-08-15T15:17:24+00:00
ORD-099376,3,7,Standing Desk 120cm,furniture,5,449.00,2245.00,completed,2026-08-15T16:11:12+00:00
ORD-099377,3,4,34in Ultrawide Monitor,displays,2,579.00,1158.00,refunded,2026-08-15T08:01:57+00:00
ORD-099378,10,8,Ergonomic Chair,furniture,1,612.75,612.75,completed,2026-08-15T22:10:15+00:00
ORD-099379,9,2,Wireless Mouse,peripherals,4,49.50,198.00,completed,2026-08-15T18:14:51+00:00
ORD-099380,3,3,27in 1440p Monitor,displays,4,319.99,1279.96,refunded,2026-08-15T01:55:49+00:00
ORD-099381,7,4,34in Ultrawide Monitor,displays,5,579.00,2895.00,refunded,2026-08-15T15:43:38+00:00
ORD-099382,8,7,Standing Desk 120cm,furniture,3,449.00,-50.00,refunded,2026-08-15T19:32:32+00:00
ORD-099383,8,3,27in 1440p Monitor,displays,1,319.99,319.99,refunded,2026-08-15T12:49:17+00:00
ORD-099384,5,8,Ergonomic Chair,furniture,4,612.75,2451.00,completed,2026-08-15T20:07:14+00:00
ORD-099385,5,10,Laptop Stand Aluminium,accessories,4,27.50,110.00,cancelled,2026-08-15T04:01:09+00:00
ORD-099386,3,3,27in 1440p Monitor,displays,3,319.99,959.97,pending,2026-08-15T03:25:22+00:00
ORD-099387,1,6,Desk Speakers Pair,audio,4,89.00,356.00,cancelled,2026-08-15T19:04:03+00:00
ORD-099388,5,7,Standing Desk 120cm,furniture,4,449.00,1796.00,completed,2026-08-15T05:46:19+00:00
ORD-099389,6,9,USB-C Hub 8-in-1,accessories,4,39.99,159.96,completed,2026-08-15T05:58:02+00:00
ORD-099390,10,10,Laptop Stand Aluminium,accessories,2,27.50,55.00,pending,2026-08-15T19:34:42+00:00
ORD-099391,2,2,Wireless Mouse,peripherals,4,49.50,198.00,refunded,2026-08-15T20:18:44+00:00
ORD-099392,3,8,Ergonomic Chair,furniture,1,612.75,612.75,completed,2026-08-15T00:57:03+00:00
ORD-099393,3,5,Over-ear Headphones,audio,5,199.95,999.75,cancelled,2026-08-15T00:28:08+00:00
ORD-099394,2,4,34in Ultrawide Monitor,displays,4,579.00,2316.00,completed,2026-08-15T00:37:41+00:00
ORD-099395,2,8,Ergonomic Chair,furniture,3,612.75,1838.25,cancelled,2026-08-15T12:15:19+00:00
ORD-099396,9,3,27in 1440p Monitor,displays,2,319.99,639.98,refunded,2026-08-15T18:05:07+00:00
ORD-099397,2,8,Ergonomic Chair,furniture,1,612.75,612.75,pending,2026-08-15T07:08:24+00:00
ORD-099398,7,6,Desk Speakers Pair,audio,3,89.00,267.00,refunded,2026-08-15T17:21:55+00:00
ORD-099399,8,4,34in Ultrawide Monitor,displays,4,579.00,2316.00,pending,2026-08-15T09:17:24+00:00
ORD-099400,8,9,USB-C Hub 8-in-1,accessories,5,39.99,199.95,cancelled,2026-08-15T14:26:44+00:00
ORD-099401,3,8,Ergonomic Chair,furniture,1,612.75,612.75,completed,2026-08-15T14:41:28+00:00
ORD-099402,1,10,Laptop Stand Aluminium,accessories,3,27.50,82.50,completed,2026-08-15T02:59:12+00:00
ORD-099403,7,9,USB-C Hub 8-in-1,accessories,1,39.99,39.99,completed,2026-08-15T00:18:00+00:00
ORD-099404,3,8,Ergonomic Chair,furniture,1,612.75,612.75,refunded,2026-08-15T02:17:26+00:00
ORD-099405,6,2,Wireless Mouse,peripherals,2,49.50,99.00,cancelled,2026-08-15T14:29:23+00:00
ORD-099406,7,4,34in Ultrawide Monitor,displays,1,579.00,579.00,refunded,2026-08-15T14:18:49+00:00
ORD-099407,4,6,Desk Speakers Pair,audio,5,89.00,445.00,cancelled,2026-08-15T20:07:42+00:00
ORD-099408,3,6,Desk Speakers Pair,audio,2,89.00,178.00,completed,2026-08-15T14:38:50+00:00
ORD-099409,4,1,Mechanical Keyboard 75%,peripherals,4,129.00,516.00,refunded,2026-08-15T16:54:34+00:00
ORD-099410,8,4,34in Ultrawide Monitor,displays,3,579.00,1737.00,pending,2026-08-15T12:42:01+00:00
ORD-099411,2,10,Laptop Stand Aluminium,accessories,4,27.50,110.00,cancelled,2026-08-15T16:06:19+00:00
ORD-099412,5,4,34in Ultrawide Monitor,displays,4,579.00,2316.00,completed,2026-08-15T23:58:53+00:00
ORD-099413,10,3,27in 1440p Monitor,displays,2,319.99,639.98,refunded,2026-08-15T09:48:05+00:00
ORD-099414,3,3,27in 1440p Monitor,displays,2,319.99,639.98,completed,2026-08-15T11:04:48+00:00
ORD-099415,8,6,Desk Speakers Pair,audio,3,89.00,267.00,completed,2026-08-15T15:23:43+00:00
ORD-099416,9,7,Standing Desk 120cm,furniture,5,449.00,2245.00,cancelled,2026-08-15T17:24:13+00:00
ORD-099417,5,9,USB-C Hub 8-in-1,accessories,4,39.99,159.96,completed,2026-08-15T01:47:12+00:00
ORD-099418,7,8,Ergonomic Chair,furniture,4,612.75,2451.00,pending,2026-08-15T06:55:37+00:00
ORD-099419,2,4,34in Ultrawide Monitor,displays,2,579.00,1158.00,cancelled,2026-08-15T21:47:45+00:00
ORD-099420,8,6,Desk Speakers Pair,audio,4,89.00,356.00,pending,2026-08-15T20:31:13+00:00
ORD-099421,7,5,Over-ear Headphones,audio,5,199.95,999.75,completed,2026-08-15T20:18:43+00:00
ORD-099422,6,10,Laptop Stand Aluminium,accessories,2,27.50,55.00,completed,2026-08-15T11:42:07+00:00
ORD-099423,2,3,27in 1440p Monitor,displays,2,319.99,639.98,cancelled,2026-08-15T06:24:34+00:00
ORD-099424,2,8,Ergonomic Chair,furniture,2,612.75,1225.50,completed,2026-08-15T23:13:38+00:00
ORD-099425,7,7,Standing Desk 120cm,furniture,1,449.00,449.00,pending,2026-08-15T22:49:04+00:00
ORD-099426,5,5,Over-ear Headphones,audio,2,199.95,399.90,cancelled,2026-08-15T08:30:32+00:00
ORD-099427,8,9,USB-C Hub 8-in-1,accessories,4,39.99,159.96,refunded,2026-08-15T04:24:11+00:00
ORD-099428,7,5,Over-ear Headphones,audio,5,199.95,999.75,completed,2026-08-15T05:42:35+00:00
ORD-099429,8,5,Over-ear Headphones,audio,4,199.95,799.80,pending,2026-08-15T13:22:24+00:00
ORD-099430,7,4,34in Ultrawide Monitor,displays,5,579.00,2895.00,pending,2026-08-15T06:05:01+00:00
ORD-099431,1,10,Laptop Stand Aluminium,accessories,5,27.50,137.50,refunded,2026-08-15T22:52:42+00:00
ORD-099432,7,4,34in Ultrawide Monitor,displays,3,579.00,1737.00,pending,2026-08-15T10:32:06+00:00
ORD-099433,4,3,27in 1440p Monitor,displays,3,319.99,959.97,completed,2026-08-15T03:38:51+00:00
ORD-099434,7,9,USB-C Hub 8-in-1,accessories,4,39.99,159.96,refunded,2026-08-15T19:22:37+00:00
ORD-099435,3,1,Mechanical Keyboard 75%,peripherals,5,129.00,645.00,completed,2026-08-15T21:44:00+00:00
ORD-099436,5,4,34in Ultrawide Monitor,displays,2,579.00,1158.00,pending,2026-08-15T20:56:30+00:00
ORD-099437,7,7,Standing Desk 120cm,furniture,3,449.00,1347.00,cancelled,2026-08-15T07:54:14+00:00
ORD-099438,6,1,Mechanical Keyboard 75%,peripherals,5,129.00,645.00,pending,2026-08-15T03:16:53+00:00
ORD-099439,8,7,Standing Desk 120cm,furniture,3,449.00,1347.00,completed,2026-08-15T23:19:06+00:00
ORD-099440,8,1,Mechanical Keyboard 75%,peripherals,4,129.00,516.00,cancelled,2026-08-15T23:39:16+00:00
ORD-099441,2,2,Wireless Mouse,peripherals,2,49.50,99.00,pending,2026-08-15T11:03:56+00:00
ORD-099442,8,2,Wireless Mouse,peripherals,2,49.50,99.00,refunded,2026-08-15T15:11:32+00:00
ORD-099443,7,8,Ergonomic Chair,furniture,1,612.75,612.75,refunded,2026-08-15T13:49:04+00:00
ORD-099444,3,3,27in 1440p Monitor,displays,1,319.99,319.99,pending,2026-08-15T23:20:07+00:00
ORD-099445,5,7,Standing Desk 120cm,furniture,1,449.00,449.00,pending,2026-08-15T16:43:39+00:00
ORD-099446,8,4,34in Ultrawide Monitor,displays,4,579.00,2316.00,completed,2026-08-15T12:43:39+00:00
ORD-099447,8,9,USB-C Hub 8-in-1,accessories,2,39.99,79.98,completed,2026-08-15T10:00:10+00:00
ORD-099448,9,2,Wireless Mouse,peripherals,3,49.50,148.50,pending,2026-08-15T06:42:53+00:00
ORD-099449,8,9,USB-C Hub 8-in-1,accessories,5,39.99,199.95,cancelled,2026-08-15T16:39:19+00:00
ORD-099450,1,4,34in Ultrawide Monitor,displays,4,579.00,2316.00,pending,2026-08-15T13:15:40+00:00
ORD-099451,3,4,34in Ultrawide Monitor,displays,4,579.00,2316.00,cancelled,2026-08-15T18:10:12+00:00
ORD-099452,8,9,USB-C Hub 8-in-1,accessories,2,39.99,79.98,cancelled,2026-08-15T07:56:49+00:00
ORD-099453,1,9,USB-C Hub 8-in-1,accessories,5,39.99,199.95,cancelled,2026-08-15T18:27:43+00:00
ORD-099454,1,1,Mechanical Keyboard 75%,peripherals,2,129.00,258.00,pending,2026-08-15T18:06:53+00:00
ORD-099455,3,9,USB-C Hub 8-in-1,accessories,4,39.99,159.96,pending,2026-08-15T23:43:49+00:00
ORD-099456,9,3,27in 1440p Monitor,displays,3,319.99,959.97,cancelled,2026-08-15T18:35:56+00:00
ORD-099457,4,3,27in 1440p Monitor,displays,1,319.99,319.99,pending,2026-08-15T16:52:15+00:00
ORD-099458,5,5,Over-ear Headphones,audio,1,199.95,199.95,refunded,2026-08-15T15:59:25+00:00
ORD-099459,2,7,Standing Desk 120cm,furniture,3,449.00,1347.00,pending,2026-08-15T04:56:02+00:00
ORD-099460,8,4,34in Ultrawide Monitor,displays,1,579.00,579.00,pending,2026-08-15T11:20:32+00:00
ORD-099461,4,7,Standing Desk 120cm,furniture,3,449.00,1347.00,cancelled,2026-08-15T18:54:28+00:00
ORD-099462,9,9,USB-C Hub 8-in-1,accessories,3,39.99,119.97,completed,2026-08-15T23:41:40+00:00
ORD-099463,9,3,27in 1440p Monitor,displays,5,319.99,1599.95,completed,2026-08-15T06:59:37+00:00
ORD-099464,7,1,Mechanical Keyboard 75%,peripherals,2,129.00,258.00,pending,2026-08-15T13:22:50+00:00
ORD-099465,7,8,Ergonomic Chair,furniture,2,612.75,1225.50,cancelled,2026-08-15T11:46:07+00:00
ORD-099466,7,7,Standing Desk 120cm,furniture,1,449.00,449.00,pending,2026-08-15T04:15:22+00:00
ORD-099467,6,3,27in 1440p Monitor,displays,3,319.99,959.97,refunded,2026-08-15T02:04:34+00:00
ORD-099468,1,7,Standing Desk 120cm,furniture,3,449.00,1347.00,cancelled,2026-08-15T12:46:41+00:00
ORD-099469,1,6,Desk Speakers Pair,audio,3,89.00,267.00,cancelled,2026-08-15T07:39:35+00:00
ORD-099470,7,7,Standing Desk 120cm,furniture,4,449.00,1796.00,refunded,2026-08-15T07:58:58+00:00
ORD-099471,4,3,27in 1440p Monitor,displays,1,319.99,319.99,pending,2026-08-15T23:42:00+00:00
ORD-099472,7,2,Wireless Mouse,peripherals,5,49.50,247.50,completed,2026-08-15T08:09:34+00:00
ORD-099473,3,4,34in Ultrawide Monitor,displays,4,579.00,2316.00,completed,2026-08-15T21:40:51+00:00
ORD-099474,5,3,27in 1440p Monitor,displays,5,319.99,1599.95,refunded,2026-08-15T17:02:16+00:00
ORD-099475,7,6,Desk Speakers Pair,audio,4,89.00,356.00,completed,2026-08-15T21:54:28+00:00
ORD-099476,1,7,Standing Desk 120cm,furniture,2,449.00,898.00,completed,2026-08-15T04:57:24+00:00
ORD-099477,4,6,Desk Speakers Pair,audio,4,89.00,356.00,pending,2026-08-15T23:00:41+00:00
ORD-099478,8,9,USB-C Hub 8-in-1,accessories,2,39.99,79.98,completed,2026-08-15T20:34:39+00:00
ORD-099479,6,9,USB-C Hub 8-in-1,accessories,2,39.99,79.98,refunded,2026-08-15T22:59:00+00:00
ORD-099480,10,4,34in Ultrawide Monitor,displays,3,579.00,1737.00,completed,2026-08-15T07:37:32+00:00
ORD-099481,3,2,Wireless Mouse,peripherals,4,49.50,198.00,pending,2026-08-15T06:52:26+00:00
ORD-099482,6,8,Ergonomic Chair,furniture,4,612.75,2451.00,pending,2026-08-15T10:40:50+00:00
ORD-099483,9,3,27in 1440p Monitor,displays,4,319.99,1279.96,pending,2026-08-15T03:20:37+00:00
ORD-099484,2,4,34in Ultrawide Monitor,displays,3,579.00,1737.00,completed,2026-08-15T22:01:15+00:00
ORD-099485,8,1,Mechanical Keyboard 75%,peripherals,3,129.00,387.00,completed,2026-08-15T18:36:34+00:00
ORD-099486,4,8,Ergonomic Chair,furniture,4,612.75,2451.00,completed,2026-08-15T10:16:31+00:00
ORD-099487,2,9,USB-C Hub 8-in-1,accessories,4,39.99,159.96,pending,2026-08-15T00:38:33+00:00
ORD-099488,2,6,Desk Speakers Pair,audio,4,89.00,356.00,refunded,2026-08-15T04:26:44+00:00
ORD-099489,6,1,Mechanical Keyboard 75%,peripherals,2,129.00,258.00,refunded,2026-08-15T01:10:55+00:00
ORD-099490,10,2,Wireless Mouse,peripherals,2,49.50,99.00,completed,2026-08-15T10:03:42+00:00
ORD-099491,6,6,Desk Speakers Pair,audio,5,89.00,445.00,completed,2026-08-15T01:23:31+00:00
ORD-099492,5,10,Laptop Stand Aluminium,accessories,4,27.50,110.00,refunded,2026-08-15T13:12:57+00:00
ORD-099493,9,1,Mechanical Keyboard 75%,peripherals,5,129.00,645.00,completed,2026-08-15T22:25:35+00:00
ORD-099494,2,6,Desk Speakers Pair,audio,4,89.00,356.00,cancelled,2026-08-15T07:07:16+00:00
ORD-099495,7,5,Over-ear Headphones,audio,4,199.95,799.80,cancelled,2026-08-15T02:31:41+00:00
ORD-099496,8,1,Mechanical Keyboard 75%,peripherals,1,129.00,129.00,completed,2026-08-15T17:23:03+00:00
ORD-099497,10,9,USB-C Hub 8-in-1,accessories,2,39.99,79.98,pending,2026-08-15T15:31:26+00:00
ORD-099498,10,5,Over-ear Headphones,audio,2,199.95,399.90,cancelled,2026-08-15T01:02:08+00:00
ORD-099499,4,5,Over-ear Headphones,audio,2,199.95,399.90,refunded,2026-08-15T16:53:26+00:00
ORD-099500,4,4,34in Ultrawide Monitor,displays,5,579.00,2895.00,cancelled,2026-08-15T01:42:07+00:00
ORD-099501,10,3,27in 1440p Monitor,displays,1,319.99,319.99,cancelled,2026-08-15T17:16:30+00:00
ORD-099502,7,9,USB-C Hub 8-in-1,accessories,1,39.99,39.99,completed,2026-08-15T15:40:22+00:00
ORD-099503,6,4,34in Ultrawide Monitor,displays,4,579.00,2316.00,cancelled,2026-08-15T20:05:17+00:00
ORD-099504,2,2,Wireless Mouse,peripherals,2,49.50,99.00,pending,2026-08-15T09:12:29+00:00
ORD-099505,5,6,Desk Speakers Pair,audio,5,89.00,445.00,completed,2026-08-15T22:24:10+00:00
ORD-099506,8,2,Wireless Mouse,peripherals,4,49.50,198.00,cancelled,2026-08-15T11:18:16+00:00
ORD-099507,3,6,Desk Speakers Pair,audio,4,89.00,356.00,pending,2026-08-15T19:17:35+00:00
ORD-099508,1,4,34in Ultrawide Monitor,displays,2,579.00,1158.00,refunded,2026-08-15T18:09:57+00:00
ORD-099509,5,10,Laptop Stand Aluminium,accessories,2,27.50,55.00,completed,2026-08-15T21:10:55+00:00
ORD-099510,6,8,Ergonomic Chair,furniture,1,612.75,612.75,cancelled,2026-08-15T22:15:18+00:00
ORD-099511,3,9,USB-C Hub 8-in-1,accessories,3,39.99,119.97,refunded,2026-08-15T05:03:55+00:00
ORD-099512,2,2,Wireless Mouse,peripherals,4,49.50,198.00,refunded,2026-08-15T12:20:05+00:00
ORD-099513,3,6,Desk Speakers Pair,audio,1,89.00,89.00,pending,2026-08-15T20:28:55+00:00
ORD-099514,4,6,Desk Speakers Pair,audio,4,89.00,356.00,cancelled,2026-08-15T10:39:42+00:00
ORD-099515,6,6,Desk Speakers Pair,audio,1,89.00,89.00,pending,2026-08-15T20:49:57+00:00
ORD-099516,4,6,Desk Speakers Pair,audio,2,89.00,178.00,completed,2026-08-15T09:43:49+00:00
ORD-099517,9,10,Laptop Stand Aluminium,accessories,2,27.50,55.00,cancelled,2026-08-15T07:05:55+00:00
ORD-099518,5,3,27in 1440p Monitor,displays,3,319.99,959.97,completed,2026-08-15T13:37:17+00:00
ORD-099519,7,5,Over-ear Headphones,audio,1,199.95,199.95,refunded,2026-08-15T04:12:06+00:00
ORD-099520,9,2,Wireless Mouse,peripherals,1,49.50,49.50,pending,2026-08-15T14:52:54+00:00
ORD-099521,9,6,Desk Speakers Pair,audio,3,89.00,267.00,cancelled,2026-08-15T23:46:01+00:00
ORD-099522,10,3,27in 1440p Monitor,displays,2,319.99,639.98,cancelled,2026-08-15T02:34:37+00:00
ORD-099523,5,8,Ergonomic Chair,furniture,3,612.75,1838.25,pending,2026-08-15T15:35:42+00:00
ORD-099524,6,3,27in 1440p Monitor,displays,1,319.99,319.99,refunded,2026-08-15T01:50:07+00:00
ORD-099525,1,8,Ergonomic Chair,furniture,5,612.75,3063.75,refunded,2026-08-15T08:09:08+00:00
ORD-099526,7,3,27in 1440p Monitor,displays,5,319.99,1599.95,refunded,2026-08-15T13:46:17+00:00
ORD-099527,7,8,Ergonomic Chair,furniture,5,612.75,3063.75,pending,2026-08-15T05:46:50+00:00
ORD-099528,5,9,USB-C Hub 8-in-1,accessories,5,39.99,199.95,completed,2026-08-15T09:09:33+00:00
ORD-099529,3,5,Over-ear Headphones,audio,4,199.95,799.80,pending,2026-08-15T00:40:31+00:00
ORD-099530,6,7,Standing Desk 120cm,furniture,2,449.00,898.00,refunded,2026-08-15T03:15:18+00:00
ORD-099531,3,9,USB-C Hub 8-in-1,accessories,1,39.99,39.99,pending,2026-08-15T20:00:29+00:00
ORD-099532,7,3,27in 1440p Monitor,displays,4,319.99,1279.96,pending,2026-08-15T05:53:15+00:00
ORD-099533,4,10,Laptop Stand Aluminium,accessories,2,27.50,55.00,refunded,2026-08-15T03:55:41+00:00
ORD-099534,7,7,Standing Desk 120cm,furniture,1,449.00,449.00,cancelled,2026-08-15T00:53:47+00:00
ORD-099535,6,9,USB-C Hub 8-in-1,accessories,5,39.99,199.95,pending,2026-08-15T14:02:02+00:00
ORD-099536,7,4,34in Ultrawide Monitor,displays,3,579.00,1737.00,pending,2026-08-15T05:42:22+00:00
ORD-099537,9,1,Mechanical Keyboard 75%,peripherals,2,129.00,258.00,completed,2026-08-15T08:55:05+00:00
ORD-099538,5,7,Standing Desk 120cm,furniture,4,449.00,1796.00,refunded,2026-08-15T10:56:50+00:00
ORD-099539,9,7,Standing Desk 120cm,furniture,3,449.00,1347.00,cancelled,2026-08-15T03:54:00+00:00
ORD-099540,4,5,Over-ear Headphones,audio,1,199.95,199.95,cancelled,2026-08-15T19:20:19+00:00
ORD-099541,3,10,Laptop Stand Aluminium,accessories,3,27.50,82.50,completed,2026-08-15T20:15:55+00:00
ORD-099542,6,3,27in 1440p Monitor,displays,2,319.99,639.98,completed,2026-08-15T19:37:35+00:00
ORD-099543,1,7,Standing Desk 120cm,furniture,1,449.00,449.00,completed,2026-08-15T07:21:06+00:00
ORD-099544,9,4,34in Ultrawide Monitor,displays,3,579.00,1737.00,refunded,2026-08-15T12:21:22+00:00
ORD-099545,3,4,34in Ultrawide Monitor,displays,2,579.00,1158.00,pending,2026-08-15T13:09:07+00:00
ORD-099546,3,7,Standing Desk 120cm,furniture,5,449.00,2245.00,pending,2026-08-15T08:52:10+00:00
ORD-099547,9,2,Wireless Mouse,peripherals,3,49.50,148.50,pending,2026-08-15T17:07:05+00:00
ORD-099548,6,4,34in Ultrawide Monitor,displays,5,579.00,2895.00,pending,2026-08-15T21:58:51+00:00
ORD-099549,5,3,27in 1440p Monitor,displays,4,319.99,1279.96,pending,2026-08-15T08:13:50+00:00
ORD-099550,9,8,Ergonomic Chair,furniture,5,612.75,3063.75,pending,2026-08-15T19:36:01+00:00
ORD-099551,2,8,Ergonomic Chair,furniture,1,612.75,612.75,pending,2026-08-15T10:39:51+00:00
ORD-099552,1,8,Ergonomic Chair,furniture,5,612.75,3063.75,refunded,2026-08-15T17:15:45+00:00
ORD-099553,3,1,Mechanical Keyboard 75%,peripherals,5,129.00,645.00,pending,2026-08-15T03:12:51+00:00
ORD-099554,2,10,Laptop Stand Aluminium,accessories,4,27.50,110.00,refunded,2026-08-15T05:28:06+00:00
ORD-099555,6,8,Ergonomic Chair,furniture,4,612.75,2451.00,cancelled,2026-08-15T01:46:34+00:00
ORD-099556,5,2,Wireless Mouse,peripherals,5,49.50,247.50,refunded,2026-08-15T15:52:42+00:00
ORD-099557,1,4,34in Ultrawide Monitor,displays,4,579.00,2316.00,cancelled,2026-08-15T06:35:51+00:00
ORD-099558,3,7,Standing Desk 120cm,furniture,1,449.00,449.00,refunded,2026-08-15T03:07:42+00:00
ORD-099559,7,9,USB-C Hub 8-in-1,accessories,5,39.99,199.95,pending,2026-08-15T11:50:26+00:00
ORD-099560,5,5,Over-ear Headphones,audio,5,199.95,999.75,cancelled,2026-08-15T07:43:04+00:00
ORD-099561,2,4,34in Ultrawide Monitor,displays,2,579.00,1158.00,refunded,2026-08-15T19:07:24+00:00
ORD-099562,7,10,Laptop Stand Aluminium,accessories,5,27.50,137.50,pending,2026-08-15T09:24:04+00:00
ORD-099563,5,10,Laptop Stand Aluminium,accessories,4,27.50,110.00,refunded,2026-08-15T15:53:29+00:00
ORD-099564,2,1,Mechanical Keyboard 75%,peripherals,1,129.00,129.00,completed,2026-08-15T02:01:57+00:00
ORD-099565,5,8,Ergonomic Chair,furniture,4,612.75,2451.00,pending,2026-08-15T19:25:37+00:00
ORD-099566,1,2,Wireless Mouse,peripherals,1,49.50,49.50,cancelled,2026-08-15T20:45:55+00:00
ORD-099567,9,5,Over-ear Headphones,audio,3,199.95,599.85,pending,2026-08-15T13:19:24+00:00
ORD-099568,9,3,27in 1440p Monitor,displays,4,319.99,1279.96,refunded,2026-08-15T23:34:21+00:00
ORD-099569,8,10,Laptop Stand Aluminium,accessories,1,27.50,27.50,refunded,2026-08-15T04:23:41+00:00
ORD-099570,8,9,USB-C Hub 8-in-1,accessories,3,39.99,119.97,pending,2026-08-15T10:24:07+00:00
ORD-099571,7,9,USB-C Hub 8-in-1,accessories,4,39.99,159.96,pending,2026-08-15T11:19:01+00:00
ORD-099572,8,6,Desk Speakers Pair,audio,3,89.00,267.00,refunded,2026-08-15T22:03:27+00:00
ORD-099573,4,1,Mechanical Keyboard 75%,peripherals,1,129.00,129.00,refunded,2026-08-15T13:25:55+00:00
ORD-099574,8,10,Laptop Stand Aluminium,accessories,4,27.50,110.00,refunded,2026-08-15T23:13:56+00:00
ORD-099575,6,3,27in 1440p Monitor,displays,3,319.99,959.97,refunded,2026-08-15T08:22:11+00:00
ORD-099576,10,6,Desk Speakers Pair,audio,4,89.00,356.00,completed,2026-08-15T08:10:31+00:00
ORD-099577,1,2,Wireless Mouse,peripherals,4,49.50,198.00,pending,2026-08-15T21:04:16+00:00
ORD-099578,6,3,27in 1440p Monitor,displays,4,319.99,1279.96,completed,2026-08-15T15:34:39+00:00
ORD-099579,1,3,27in 1440p Monitor,displays,2,319.99,639.98,cancelled,2026-08-15T05:05:54+00:00
ORD-099580,9,3,27in 1440p Monitor,displays,5,319.99,1599.95,refunded,2026-08-15T03:06:39+00:00
ORD-099581,6,9,USB-C Hub 8-in-1,accessories,1,39.99,39.99,cancelled,2026-08-15T15:19:13+00:00
ORD-099582,7,1,Mechanical Keyboard 75%,peripherals,3,129.00,387.00,completed,2026-08-15T09:36:16+00:00
ORD-099583,9,8,Ergonomic Chair,furniture,2,612.75,1225.50,pending,2026-08-15T06:52:24+00:00
ORD-099584,6,10,Laptop Stand Aluminium,accessories,2,27.50,55.00,completed,2026-08-15T07:12:41+00:00
ORD-099585,10,8,Ergonomic Chair,furniture,5,612.75,3063.75,cancelled,2026-08-15T10:58:10+00:00
ORD-099586,2,5,Over-ear Headphones,audio,5,199.95,999.75,cancelled,2026-08-15T11:57:11+00:00
ORD-099587,5,10,Laptop Stand Aluminium,accessories,2,27.50,55.00,completed,2026-08-15T14:48:45+00:00
ORD-099588,4,4,34in Ultrawide Monitor,displays,3,579.00,1737.00,cancelled,2026-08-15T19:56:22+00:00
ORD-099589,9,7,Standing Desk 120cm,furniture,4,449.00,1796.00,pending,2026-08-15T05:22:33+00:00
ORD-099590,3,9,USB-C Hub 8-in-1,accessories,5,39.99,199.95,refunded,2026-08-15T20:30:08+00:00
ORD-099591,3,9,USB-C Hub 8-in-1,accessories,1,39.99,39.99,pending,2026-08-15T03:01:29+00:00
ORD-099592,8,7,Standing Desk 120cm,furniture,2,449.00,898.00,refunded,2026-08-15T19:51:07+00:00
ORD-099593,4,9,USB-C Hub 8-in-1,accessories,3,39.99,119.97,pending,2026-08-15T09:34:06+00:00
ORD-099594,8,8,Ergonomic Chair,furniture,4,612.75,2451.00,completed,2026-08-15T12:19:34+00:00
ORD-099595,5,9,USB-C Hub 8-in-1,accessories,1,39.99,39.99,completed,2026-08-15T09:33:49+00:00
ORD-099596,7,1,Mechanical Keyboard 75%,peripherals,3,129.00,387.00,refunded,2026-08-15T22:24:15+00:00
ORD-099597,1,6,Desk Speakers Pair,audio,2,89.00,178.00,refunded,2026-08-15T03:43:50+00:00
ORD-099598,1,6,Desk Speakers Pair,audio,1,89.00,89.00,refunded,2026-08-15T02:58:09+00:00
ORD-099599,3,6,Desk Speakers Pair,audio,5,89.00,445.00,cancelled,2026-08-15T03:43:48+00:00
ORD-099600,7,2,Wireless Mouse,peripherals,3,49.50,148.50,refunded,2026-08-15T23:10:52+00:00
ORD-099601,1,3,27in 1440p Monitor,displays,2,319.99,639.98,completed,2026-08-15T16:49:55+00:00
ORD-099602,7,3,27in 1440p Monitor,displays,1,319.99,319.99,completed,2026-08-15T10:48:47+00:00
ORD-099603,2,1,Mechanical Keyboard 75%,peripherals,2,129.00,258.00,completed,2026-08-15T17:01:40+00:00
ORD-099604,9,5,Over-ear Headphones,audio,3,199.95,599.85,completed,2026-08-15T20:02:40+00:00
ORD-099605,7,2,Wireless Mouse,peripherals,1,49.50,49.50,pending,2026-08-15T18:51:41+00:00
ORD-099606,9,4,34in Ultrawide Monitor,displays,5,579.00,2895.00,refunded,2026-08-15T06:13:27+00:00
ORD-099607,2,3,27in 1440p Monitor,displays,2,319.99,639.98,cancelled,2026-08-15T19:34:31+00:00
ORD-099608,4,10,Laptop Stand Aluminium,accessories,5,27.50,137.50,refunded,2026-08-15T12:51:12+00:00
ORD-099609,9,7,Standing Desk 120cm,furniture,3,449.00,1347.00,completed,2026-08-15T21:25:53+00:00
ORD-099610,9,2,Wireless Mouse,peripherals,5,49.50,247.50,refunded,2026-08-15T14:14:51+00:00
ORD-099611,6,8,Ergonomic Chair,furniture,2,612.75,1225.50,cancelled,2026-08-15T21:08:45+00:00
ORD-099612,4,3,27in 1440p Monitor,displays,5,319.99,1599.95,completed,2026-08-15T17:32:20+00:00
ORD-099613,4,7,Standing Desk 120cm,furniture,2,449.00,898.00,pending,2026-08-15T21:59:15+00:00
ORD-099614,9,5,Over-ear Headphones,audio,5,199.95,999.75,pending,not-a-valid-date
ORD-099615,8,7,Standing Desk 120cm,furniture,4,449.00,1796.00,cancelled,2026-08-15T15:12:19+00:00
ORD-099616,4,7,Standing Desk 120cm,furniture,5,449.00,2245.00,pending,2026-08-15T08:11:51+00:00
ORD-099617,9,2,Wireless Mouse,peripherals,4,49.50,198.00,refunded,2026-08-15T10:48:48+00:00
ORD-099618,1,5,Over-ear Headphones,audio,5,199.95,999.75,completed,2026-08-15T10:45:28+00:00
ORD-099619,7,3,27in 1440p Monitor,displays,1,319.99,319.99,refunded,2026-08-15T12:27:05+00:00
ORD-099620,10,1,Mechanical Keyboard 75%,peripherals,1,129.00,129.00,completed,2026-08-15T03:24:45+00:00
ORD-099621,2,8,Ergonomic Chair,furniture,5,612.75,3063.75,pending,2026-08-15T23:05:09+00:00
ORD-099622,5,7,Standing Desk 120cm,furniture,5,449.00,2245.00,cancelled,2026-08-15T21:06:59+00:00
ORD-099623,5,2,Wireless Mouse,peripherals,5,49.50,247.50,refunded,2026-08-15T02:30:36+00:00
ORD-099624,10,7,Standing Desk 120cm,furniture,2,449.00,898.00,cancelled,2026-08-15T18:39:07+00:00
ORD-099625,10,1,Mechanical Keyboard 75%,peripherals,3,129.00,387.00,cancelled,2026-08-15T14:12:02+00:00
ORD-099626,4,6,Desk Speakers Pair,audio,4,89.00,356.00,pending,2026-08-15T03:10:23+00:00
ORD-099627,2,3,27in 1440p Monitor,displays,3,319.99,959.97,cancelled,2026-08-15T22:45:46+00:00
ORD-099628,1,10,Laptop Stand Aluminium,accessories,4,27.50,110.00,completed,2026-08-15T13:51:48+00:00
ORD-099629,3,4,34in Ultrawide Monitor,displays,1,579.00,579.00,cancelled,2026-08-15T12:12:34+00:00
ORD-099630,8,3,27in 1440p Monitor,displays,1,319.99,319.99,refunded,2026-08-15T09:49:17+00:00
ORD-099631,8,1,Mechanical Keyboard 75%,peripherals,2,129.00,258.00,completed,2026-08-15T06:21:09+00:00
ORD-099632,9,10,Laptop Stand Aluminium,accessories,4,27.50,110.00,refunded,2026-08-15T23:43:39+00:00
ORD-099633,5,8,Ergonomic Chair,furniture,4,612.75,2451.00,pending,2026-08-15T20:02:21+00:00
ORD-099634,10,10,Laptop Stand Aluminium,accessories,2,27.50,55.00,completed,2026-08-15T22:37:25+00:00
ORD-099635,9,9,USB-C Hub 8-in-1,accessories,2,39.99,79.98,pending,2026-08-15T16:54:04+00:00
ORD-099636,10,7,Standing Desk 120cm,furniture,2,449.00,898.00,refunded,2026-08-15T08:31:36+00:00
ORD-099637,5,8,Ergonomic Chair,furniture,1,612.75,612.75,pending,2026-08-15T04:19:04+00:00
ORD-099638,9,7,Standing Desk 120cm,furniture,5,449.00,2245.00,pending,2026-08-15T09:56:58+00:00
ORD-099639,10,4,34in Ultrawide Monitor,displays,3,579.00,1737.00,cancelled,2026-08-15T03:58:36+00:00
ORD-099640,2,7,Standing Desk 120cm,furniture,3,449.00,1347.00,completed,2026-08-15T00:44:10+00:00
ORD-099641,10,7,Standing Desk 120cm,furniture,1,449.00,449.00,cancelled,2026-08-15T00:20:58+00:00
ORD-099642,1,3,27in 1440p Monitor,displays,1,319.99,319.99,pending,2026-08-15T13:31:11+00:00
ORD-099643,6,4,34in Ultrawide Monitor,displays,1,579.00,579.00,cancelled,2026-08-15T01:20:31+00:00
ORD-099644,7,10,Laptop Stand Aluminium,accessories,3,27.50,82.50,cancelled,2026-08-15T11:48:04+00:00
ORD-099645,10,5,Over-ear Headphones,audio,1,199.95,199.95,pending,2026-08-15T01:36:49+00:00
ORD-099646,1,6,Desk Speakers Pair,audio,4,89.00,356.00,cancelled,2026-08-15T08:09:00+00:00
ORD-099647,4,2,Wireless Mouse,peripherals,5,49.50,247.50,completed,2026-08-15T13:24:53+00:00
ORD-099648,8,6,Desk Speakers Pair,audio,2,89.00,178.00,pending,2026-08-15T18:33:30+00:00
ORD-099649,8,4,34in Ultrawide Monitor,displays,4,579.00,2316.00,pending,2026-08-15T15:22:22+00:00
ORD-099650,5,2,Wireless Mouse,peripherals,3,49.50,148.50,pending,2026-08-15T08:53:31+00:00
ORD-099651,6,10,Laptop Stand Aluminium,accessories,2,27.50,55.00,cancelled,2026-08-15T03:19:10+00:00
ORD-099652,3,6,Desk Speakers Pair,audio,4,89.00,356.00,pending,2026-08-15T17:24:34+00:00
ORD-099653,4,2,Wireless Mouse,peripherals,4,49.50,198.00,refunded,2026-08-15T01:21:30+00:00
ORD-099654,1,9,USB-C Hub 8-in-1,accessories,2,39.99,79.98,completed,2026-08-15T01:17:11+00:00
ORD-099655,2,1,Mechanical Keyboard 75%,peripherals,5,129.00,645.00,refunded,2026-08-15T13:33:53+00:00
ORD-099656,10,10,Laptop Stand Aluminium,accessories,2,27.50,55.00,refunded,2026-08-15T10:27:50+00:00
ORD-099657,8,7,Standing Desk 120cm,furniture,4,449.00,1796.00,pending,2026-08-15T05:44:00+00:00
ORD-099658,3,2,Wireless Mouse,peripherals,2,49.50,99.00,cancelled,2026-08-15T22:18:52+00:00
ORD-099659,6,10,Laptop Stand Aluminium,accessories,1,27.50,27.50,pending,2026-08-15T20:19:30+00:00
ORD-099660,2,7,Standing Desk 120cm,furniture,4,449.00,1796.00,pending,2026-08-15T15:11:23+00:00
ORD-099661,4,7,Standing Desk 120cm,furniture,2,449.00,898.00,pending,2026-08-15T14:16:43+00:00
ORD-099662,1,4,34in Ultrawide Monitor,displays,2,579.00,1158.00,refunded,2026-08-15T21:16:40+00:00
ORD-099663,9,1,Mechanical Keyboard 75%,peripherals,4,129.00,516.00,cancelled,2026-08-15T01:33:33+00:00
ORD-099664,5,7,Standing Desk 120cm,furniture,3,449.00,1347.00,completed,2026-08-15T08:33:20+00:00
ORD-099665,1,9,USB-C Hub 8-in-1,accessories,5,39.99,199.95,pending,2026-08-15T19:13:44+00:00
ORD-099666,7,5,Over-ear Headphones,audio,5,199.95,999.75,cancelled,2026-08-15T04:18:10+00:00
ORD-099667,2,10,Laptop Stand Aluminium,accessories,4,27.50,110.00,cancelled,2026-08-15T04:48:35+00:00
ORD-099668,9,2,Wireless Mouse,peripherals,3,49.50,148.50,refunded,2026-08-15T21:57:38+00:00
ORD-099669,5,9,USB-C Hub 8-in-1,accessories,4,39.99,159.96,completed,2026-08-15T16:08:58+00:00
ORD-099670,2,10,Laptop Stand Aluminium,accessories,2,27.50,55.00,completed,2026-08-15T10:16:40+00:00
ORD-099671,7,2,Wireless Mouse,peripherals,4,49.50,198.00,pending,2026-08-15T19:18:34+00:00
ORD-099672,10,4,34in Ultrawide Monitor,displays,1,579.00,579.00,cancelled,2026-08-15T22:31:32+00:00
ORD-099673,10,7,Standing Desk 120cm,furniture,3,449.00,1347.00,cancelled,2026-08-15T11:09:51+00:00
ORD-099674,1,2,Wireless Mouse,peripherals,5,49.50,247.50,completed,2026-08-15T14:56:08+00:00
ORD-099675,6,3,27in 1440p Monitor,displays,4,319.99,1279.96,cancelled,2026-08-15T08:20:09+00:00
ORD-099676,3,8,Ergonomic Chair,furniture,3,612.75,1838.25,pending,2026-08-15T02:29:16+00:00
ORD-099677,1,10,Laptop Stand Aluminium,accessories,4,27.50,110.00,completed,2026-08-15T12:56:26+00:00
ORD-099678,5,9,USB-C Hub 8-in-1,accessories,3,39.99,119.97,completed,2026-08-15T05:45:17+00:00
ORD-099679,7,5,Over-ear Headphones,audio,5,199.95,999.75,completed,2026-08-15T04:10:52+00:00
ORD-099680,4,6,Desk Speakers Pair,audio,2,89.00,178.00,refunded,2026-08-15T13:49:27+00:00
ORD-099681,9,7,Standing Desk 120cm,furniture,2,449.00,898.00,pending,2026-08-15T17:23:32+00:00
ORD-099682,9,6,Desk Speakers Pair,audio,1,89.00,89.00,refunded,2026-08-15T09:19:10+00:00
ORD-099683,9,4,34in Ultrawide Monitor,displays,5,579.00,2895.00,pending,2026-08-15T18:57:03+00:00
ORD-099684,6,4,34in Ultrawide Monitor,displays,5,579.00,2895.00,refunded,2026-08-15T15:19:22+00:00
ORD-099685,9,10,Laptop Stand Aluminium,accessories,5,27.50,137.50,completed,2026-08-15T01:07:54+00:00
ORD-099686,7,9,USB-C Hub 8-in-1,accessories,3,39.99,119.97,cancelled,2026-08-15T16:23:50+00:00
ORD-099687,5,6,Desk Speakers Pair,audio,5,89.00,445.00,refunded,2026-08-15T10:09:55+00:00
ORD-099688,6,3,27in 1440p Monitor,displays,1,319.99,319.99,cancelled,2026-08-15T13:10:56+00:00
ORD-099689,3,3,27in 1440p Monitor,displays,5,319.99,1599.95,refunded,2026-08-15T23:38:12+00:00
ORD-099690,9,2,Wireless Mouse,peripherals,1,49.50,49.50,pending,2026-08-15T02:36:14+00:00
ORD-099691,7,4,34in Ultrawide Monitor,displays,1,579.00,579.00,completed,2026-08-15T05:14:58+00:00
ORD-099692,2,4,34in Ultrawide Monitor,displays,2,579.00,1158.00,refunded,2026-08-15T05:40:15+00:00
ORD-099693,4,8,Ergonomic Chair,furniture,5,612.75,3063.75,completed,2026-08-15T21:32:18+00:00
ORD-099694,1,4,34in Ultrawide Monitor,displays,4,579.00,2316.00,cancelled,2026-08-15T12:12:08+00:00
ORD-099695,4,1,Mechanical Keyboard 75%,peripherals,1,129.00,129.00,cancelled,2026-08-15T00:12:56+00:00
ORD-099696,1,6,Desk Speakers Pair,audio,5,89.00,445.00,completed,2026-08-15T09:18:02+00:00
ORD-099697,1,5,Over-ear Headphones,audio,4,199.95,799.80,pending,2026-08-15T06:53:01+00:00
ORD-099698,6,7,Standing Desk 120cm,furniture,5,449.00,2245.00,cancelled,2026-08-15T02:36:27+00:00
ORD-099699,4,10,Laptop Stand Aluminium,accessories,4,27.50,110.00,refunded,2026-08-15T18:18:17+00:00
ORD-099700,10,1,Mechanical Keyboard 75%,peripherals,3,129.00,387.00,pending,2026-08-15T01:39:30+00:00
ORD-099701,9,2,Wireless Mouse,peripherals,2,49.50,99.00,completed,2026-08-15T01:14:03+00:00
ORD-099702,6,1,Mechanical Keyboard 75%,peripherals,3,129.00,387.00,cancelled,2026-08-15T21:05:45+00:00
ORD-099703,9,4,34in Ultrawide Monitor,displays,4,579.00,2316.00,completed,2026-08-15T11:35:18+00:00
ORD-099704,4,5,Over-ear Headphones,audio,2,199.95,399.90,cancelled,2026-08-15T06:33:01+00:00
ORD-099705,2,7,Standing Desk 120cm,furniture,1,449.00,449.00,completed,2026-08-15T12:53:01+00:00
ORD-099706,9,4,34in Ultrawide Monitor,displays,1,579.00,579.00,refunded,2026-08-15T14:19:07+00:00
ORD-099707,4,5,Over-ear Headphones,audio,3,199.95,599.85,pending,2026-08-15T12:12:51+00:00
ORD-099708,7,9,USB-C Hub 8-in-1,accessories,4,39.99,159.96,refunded,2026-08-15T19:22:59+00:00
ORD-099709,10,5,Over-ear Headphones,audio,2,199.95,399.90,completed,2026-08-15T07:10:37+00:00
ORD-099710,2,1,Mechanical Keyboard 75%,peripherals,2,129.00,258.00,refunded,2026-08-15T17:48:42+00:00
ORD-099711,4,10,Laptop Stand Aluminium,accessories,3,27.50,82.50,cancelled,2026-08-15T12:36:33+00:00
ORD-099712,8,4,34in Ultrawide Monitor,displays,1,579.00,579.00,refunded,2026-08-15T03:09:09+00:00
ORD-099713,7,1,Mechanical Keyboard 75%,peripherals,5,129.00,645.00,completed,2026-08-15T19:13:01+00:00
ORD-099714,5,5,Over-ear Headphones,audio,1,199.95,199.95,pending,2026-08-15T12:43:53+00:00
ORD-099715,7,5,Over-ear Headphones,audio,4,199.95,799.80,refunded,2026-08-15T07:08:22+00:00
ORD-099716,8,3,27in 1440p Monitor,displays,1,319.99,319.99,completed,2026-08-15T20:17:22+00:00
ORD-099717,2,1,Mechanical Keyboard 75%,peripherals,4,129.00,516.00,completed,2026-08-15T15:56:47+00:00
ORD-099718,7,4,34in Ultrawide Monitor,displays,3,579.00,1737.00,refunded,2026-08-15T21:35:45+00:00
ORD-099719,6,1,Mechanical Keyboard 75%,peripherals,4,129.00,516.00,cancelled,2026-08-15T08:32:11+00:00
ORD-099720,5,10,Laptop Stand Aluminium,accessories,1,27.50,27.50,cancelled,2026-08-15T07:58:29+00:00
ORD-099721,4,3,27in 1440p Monitor,displays,5,319.99,1599.95,refunded,2026-08-15T10:42:42+00:00
ORD-099722,8,2,Wireless Mouse,peripherals,2,49.50,99.00,cancelled,2026-08-15T00:15:38+00:00
ORD-099723,6,2,Wireless Mouse,peripherals,1,49.50,49.50,refunded,2026-08-15T22:20:29+00:00
ORD-099724,5,3,27in 1440p Monitor,displays,4,319.99,1279.96,pending,2026-08-15T15:29:40+00:00
ORD-099725,7,7,Standing Desk 120cm,furniture,5,449.00,2245.00,refunded,2026-08-15T15:10:41+00:00
ORD-099726,8,9,USB-C Hub 8-in-1,accessories,1,39.99,39.99,pending,2026-08-15T07:11:32+00:00
ORD-099727,1,6,Desk Speakers Pair,audio,1,89.00,89.00,completed,2026-08-15T10:13:07+00:00
ORD-099728,1,8,Ergonomic Chair,furniture,2,612.75,1225.50,pending,2026-08-15T18:44:34+00:00
ORD-099729,5,6,Desk Speakers Pair,audio,2,89.00,178.00,cancelled,2026-08-15T02:52:35+00:00
ORD-099730,7,8,Ergonomic Chair,furniture,1,612.75,612.75,cancelled,2026-08-15T23:37:38+00:00
ORD-099731,5,3,27in 1440p Monitor,displays,2,319.99,639.98,pending,2026-08-15T21:47:17+00:00
ORD-099732,4,6,Desk Speakers Pair,audio,5,89.00,445.00,refunded,2026-08-15T01:46:47+00:00
ORD-099733,3,7,Standing Desk 120cm,furniture,5,449.00,2245.00,cancelled,2026-08-15T12:15:15+00:00
ORD-099734,4,1,Mechanical Keyboard 75%,peripherals,5,129.00,645.00,refunded,2026-08-15T22:39:18+00:00
ORD-099735,1,2,Wireless Mouse,peripherals,1,49.50,49.50,completed,2026-08-15T12:01:01+00:00
ORD-099736,2,9,USB-C Hub 8-in-1,accessories,2,39.99,79.98,completed,2026-08-15T12:32:58+00:00
ORD-099737,6,4,34in Ultrawide Monitor,displays,2,579.00,1158.00,completed,2026-08-15T11:31:46+00:00
ORD-099738,4,8,Ergonomic Chair,furniture,1,612.75,612.75,completed,2026-08-15T09:04:55+00:00
ORD-099739,3,2,Wireless Mouse,peripherals,4,49.50,198.00,completed,2026-08-15T23:22:15+00:00
ORD-099740,6,1,Mechanical Keyboard 75%,peripherals,3,129.00,387.00,refunded,2026-08-15T09:25:17+00:00
ORD-099741,9,8,Ergonomic Chair,furniture,5,612.75,3063.75,refunded,2026-08-15T11:33:22+00:00
ORD-099742,3,5,Over-ear Headphones,audio,1,199.95,199.95,pending,2026-08-15T04:57:18+00:00
ORD-099743,8,1,Mechanical Keyboard 75%,peripherals,1,129.00,129.00,pending,2026-08-15T02:42:59+00:00
ORD-099744,1,6,Desk Speakers Pair,audio,2,89.00,178.00,pending,2026-08-15T02:53:56+00:00
ORD-099745,5,3,27in 1440p Monitor,displays,3,319.99,959.97,pending,2026-08-15T11:44:25+00:00
ORD-099746,2,2,Wireless Mouse,peripherals,4,49.50,198.00,pending,2026-08-15T20:51:21+00:00
ORD-099747,7,6,Desk Speakers Pair,audio,3,89.00,267.00,completed,2026-08-15T23:16:32+00:00
ORD-099748,10,5,Over-ear Headphones,audio,4,199.95,799.80,refunded,2026-08-15T06:07:10+00:00
ORD-099749,4,1,Mechanical Keyboard 75%,peripherals,1,129.00,129.00,pending,2026-08-15T10:05:09+00:00
ORD-099750,10,7,Standing Desk 120cm,furniture,5,449.00,2245.00,completed,2026-08-15T15:47:21+00:00
ORD-099751,4,10,Laptop Stand Aluminium,accessories,3,27.50,82.50,completed,2026-08-15T07:20:27+00:00
ORD-099752,1,9,USB-C Hub 8-in-1,accessories,3,39.99,119.97,pending,2026-08-15T16:26:19+00:00
ORD-099753,4,6,Desk Speakers Pair,audio,5,89.00,445.00,pending,2026-08-15T18:39:35+00:00
ORD-099754,4,3,27in 1440p Monitor,displays,2,319.99,639.98,cancelled,2026-08-15T01:43:43+00:00
ORD-099755,6,6,Desk Speakers Pair,audio,5,89.00,445.00,refunded,2026-08-15T06:17:51+00:00
ORD-099756,8,5,Over-ear Headphones,audio,3,199.95,599.85,refunded,2026-08-15T16:37:09+00:00
ORD-099757,9,2,Wireless Mouse,peripherals,4,49.50,198.00,completed,2026-08-15T02:28:51+00:00
ORD-099758,10,4,34in Ultrawide Monitor,displays,1,579.00,579.00,completed,2026-08-15T23:29:04+00:00
ORD-099759,3,4,34in Ultrawide Monitor,displays,2,579.00,1158.00,completed,2026-08-15T14:52:11+00:00
ORD-099760,8,10,Laptop Stand Aluminium,accessories,1,27.50,27.50,refunded,2026-08-15T13:12:49+00:00
ORD-099761,9,7,Standing Desk 120cm,furniture,5,449.00,2245.00,pending,2026-08-15T13:02:44+00:00
ORD-099762,9,7,Standing Desk 120cm,furniture,4,449.00,1796.00,cancelled,2026-08-15T04:47:10+00:00
ORD-099763,3,7,Standing Desk 120cm,furniture,3,449.00,1347.00,refunded,2026-08-15T10:46:38+00:00
ORD-099764,3,10,Laptop Stand Aluminium,accessories,3,27.50,82.50,cancelled,2026-08-15T08:12:43+00:00
ORD-099765,2,9,USB-C Hub 8-in-1,accessories,2,39.99,79.98,pending,2026-08-15T21:17:53+00:00
ORD-099766,3,9,USB-C Hub 8-in-1,accessories,4,39.99,159.96,pending,2026-08-15T07:18:52+00:00
ORD-099767,10,7,Standing Desk 120cm,furniture,5,449.00,2245.00,completed,2026-08-15T14:18:08+00:00
ORD-099768,5,10,Laptop Stand Aluminium,accessories,2,27.50,55.00,pending,2026-08-15T10:41:52+00:00
ORD-099769,9,7,Standing Desk 120cm,furniture,5,449.00,2245.00,refunded,2026-08-15T08:04:42+00:00
ORD-099770,9,6,Desk Speakers Pair,audio,4,89.00,356.00,cancelled,2026-08-15T04:10:58+00:00
ORD-099771,4,2,Wireless Mouse,peripherals,3,49.50,148.50,refunded,2026-08-15T20:49:31+00:00
ORD-099772,2,5,Over-ear Headphones,audio,3,199.95,599.85,pending,2026-08-15T07:45:15+00:00
ORD-099773,10,9,USB-C Hub 8-in-1,accessories,5,39.99,199.95,completed,2026-08-15T09:19:03+00:00
ORD-099774,2,4,34in Ultrawide Monitor,displays,1,579.00,579.00,completed,2026-08-15T04:27:11+00:00
ORD-099775,9,7,Standing Desk 120cm,furniture,5,449.00,2245.00,pending,2026-08-15T09:34:54+00:00
ORD-099776,9,9,USB-C Hub 8-in-1,accessories,1,39.99,39.99,refunded,2026-08-15T13:24:45+00:00
ORD-099777,7,5,Over-ear Headphones,audio,1,199.95,199.95,pending,2026-08-15T17:49:29+00:00
ORD-099778,3,2,Wireless Mouse,peripherals,2,49.50,99.00,cancelled,2026-08-15T00:06:55+00:00
ORD-099779,8,8,Ergonomic Chair,furniture,3,612.75,1838.25,cancelled,2026-08-15T11:17:24+00:00
ORD-099780,8,3,27in 1440p Monitor,displays,5,319.99,1599.95,pending,2026-08-15T21:14:38+00:00
ORD-099781,2,1,Mechanical Keyboard 75%,peripherals,5,129.00,645.00,completed,2026-08-15T15:07:12+00:00
ORD-099782,7,3,27in 1440p Monitor,displays,5,319.99,1599.95,completed,2026-08-15T13:40:09+00:00
ORD-099783,3,1,Mechanical Keyboard 75%,peripherals,1,129.00,129.00,completed,2026-08-15T23:11:31+00:00
ORD-099784,10,4,34in Ultrawide Monitor,displays,4,579.00,2316.00,pending,2026-08-15T21:17:16+00:00
ORD-099785,5,9,USB-C Hub 8-in-1,accessories,4,39.99,159.96,refunded,2026-08-15T23:01:04+00:00
ORD-099786,5,10,Laptop Stand Aluminium,accessories,5,27.50,137.50,cancelled,2026-08-15T09:14:17+00:00
ORD-099787,1,1,Mechanical Keyboard 75%,peripherals,1,129.00,129.00,cancelled,2026-08-15T23:36:24+00:00
ORD-099788,4,5,Over-ear Headphones,audio,3,199.95,599.85,cancelled,2026-08-15T05:34:51+00:00
ORD-099789,9,9,USB-C Hub 8-in-1,accessories,2,39.99,79.98,cancelled,2026-08-15T17:27:09+00:00
ORD-099790,7,4,34in Ultrawide Monitor,displays,5,579.00,2895.00,cancelled,2026-08-15T18:23:06+00:00
ORD-099791,6,2,Wireless Mouse,peripherals,3,49.50,148.50,completed,2026-08-15T08:54:19+00:00
ORD-099792,3,10,Laptop Stand Aluminium,accessories,4,27.50,110.00,completed,2026-08-15T01:47:58+00:00
ORD-099793,3,4,34in Ultrawide Monitor,displays,4,579.00,2316.00,refunded,2026-08-15T19:33:24+00:00
ORD-099794,6,1,Mechanical Keyboard 75%,peripherals,1,129.00,129.00,pending,2026-08-15T13:11:04+00:00
ORD-099795,4,9,USB-C Hub 8-in-1,accessories,5,39.99,199.95,cancelled,2026-08-15T23:23:16+00:00
ORD-099796,7,8,Ergonomic Chair,furniture,5,612.75,3063.75,refunded,2026-08-15T21:15:00+00:00
ORD-099797,9,9,USB-C Hub 8-in-1,accessories,3,39.99,119.97,cancelled,2026-08-15T13:32:23+00:00
ORD-099798,10,10,Laptop Stand Aluminium,accessories,5,27.50,137.50,refunded,2026-08-15T01:14:38+00:00
ORD-099799,3,4,34in Ultrawide Monitor,displays,3,579.00,1737.00,refunded,2026-08-15T05:54:08+00:00
ORD-099800,8,9,USB-C Hub 8-in-1,accessories,2,39.99,79.98,pending,2026-08-15T20:52:13+00:00
ORD-099801,1,1,Mechanical Keyboard 75%,peripherals,3,129.00,387.00,refunded,2026-08-15T08:00:52+00:00
ORD-099802,5,7,Standing Desk 120cm,furniture,4,449.00,1796.00,refunded,2026-08-15T08:30:56+00:00
ORD-099803,7,5,Over-ear Headphones,audio,4,199.95,799.80,completed,2026-08-15T01:11:12+00:00
ORD-099804,9,4,34in Ultrawide Monitor,displays,3,579.00,1737.00,cancelled,2026-08-15T11:40:06+00:00
ORD-099805,8,5,Over-ear Headphones,audio,1,199.95,199.95,completed,2026-08-15T20:27:03+00:00
ORD-099806,4,9,USB-C Hub 8-in-1,accessories,5,39.99,199.95,completed,2026-08-15T03:29:30+00:00
ORD-099807,8,4,34in Ultrawide Monitor,displays,3,579.00,1737.00,cancelled,2026-08-15T22:44:25+00:00
ORD-099808,10,5,Over-ear Headphones,audio,3,199.95,599.85,pending,2026-08-15T02:53:24+00:00
ORD-099809,4,9,USB-C Hub 8-in-1,accessories,5,39.99,199.95,refunded,2026-08-15T05:22:56+00:00
ORD-099810,2,9,USB-C Hub 8-in-1,accessories,2,39.99,79.98,pending,2026-08-15T13:00:27+00:00
ORD-099811,6,6,Desk Speakers Pair,audio,1,89.00,89.00,completed,2026-08-15T14:13:23+00:00
ORD-099812,9,1,Mechanical Keyboard 75%,peripherals,4,129.00,516.00,refunded,2026-08-15T08:37:44+00:00
ORD-099813,2,1,Mechanical Keyboard 75%,peripherals,3,129.00,387.00,refunded,2026-08-15T11:52:26+00:00
ORD-099814,9,9,USB-C Hub 8-in-1,accessories,4,39.99,159.96,pending,2026-08-15T12:24:55+00:00
ORD-099815,3,3,27in 1440p Monitor,displays,4,319.99,1279.96,pending,2026-08-15T04:09:08+00:00
ORD-099816,8,9,USB-C Hub 8-in-1,accessories,4,39.99,159.96,pending,2026-08-15T04:57:48+00:00
ORD-099817,9,10,Laptop Stand Aluminium,accessories,3,27.50,82.50,refunded,2026-08-15T10:25:08+00:00
ORD-099818,2,8,Ergonomic Chair,furniture,3,612.75,1838.25,pending,2026-08-15T00:47:34+00:00
ORD-099819,4,6,Desk Speakers Pair,audio,2,89.00,178.00,completed,2026-08-15T13:30:56+00:00
ORD-099820,7,3,27in 1440p Monitor,displays,1,319.99,319.99,refunded,2026-08-15T16:47:08+00:00
ORD-099821,6,2,Wireless Mouse,peripherals,3,49.50,148.50,refunded,2026-08-15T02:24:04+00:00
ORD-099822,4,4,34in Ultrawide Monitor,displays,3,579.00,1737.00,cancelled,2026-08-15T22:21:42+00:00
ORD-099823,2,9,USB-C Hub 8-in-1,accessories,1,39.99,39.99,completed,2026-08-15T19:54:25+00:00
ORD-099824,2,4,34in Ultrawide Monitor,displays,4,579.00,2316.00,refunded,2026-08-15T20:18:02+00:00
ORD-099825,10,5,Over-ear Headphones,audio,4,199.95,799.80,pending,2026-08-15T17:37:37+00:00
ORD-099826,4,1,Mechanical Keyboard 75%,peripherals,3,129.00,387.00,refunded,2026-08-15T20:55:59+00:00
ORD-099827,4,2,Wireless Mouse,peripherals,3,49.50,148.50,cancelled,2026-08-15T00:31:52+00:00
ORD-099828,5,2,Wireless Mouse,peripherals,4,49.50,198.00,pending,2026-08-15T04:41:40+00:00
ORD-099829,7,5,Over-ear Headphones,audio,3,199.95,599.85,refunded,2026-08-15T17:03:47+00:00
ORD-099830,2,4,34in Ultrawide Monitor,displays,4,579.00,2316.00,cancelled,2026-08-15T00:16:00+00:00
ORD-099831,9,4,34in Ultrawide Monitor,displays,5,579.00,2895.00,refunded,2026-08-15T09:49:29+00:00
ORD-099832,9,3,27in 1440p Monitor,displays,2,319.99,639.98,cancelled,2026-08-15T10:01:32+00:00
ORD-099833,5,4,34in Ultrawide Monitor,displays,1,579.00,579.00,refunded,2026-08-15T14:08:58+00:00
ORD-099834,9,2,Wireless Mouse,peripherals,4,49.50,198.00,pending,2026-08-15T00:19:24+00:00
ORD-099835,8,10,Laptop Stand Aluminium,accessories,5,27.50,137.50,completed,2026-08-15T18:20:39+00:00
ORD-099836,5,3,27in 1440p Monitor,displays,3,319.99,959.97,cancelled,2026-08-15T04:45:44+00:00
ORD-099837,10,4,34in Ultrawide Monitor,displays,1,579.00,579.00,refunded,2026-08-15T15:17:04+00:00
ORD-099838,3,8,Ergonomic Chair,furniture,4,612.75,2451.00,refunded,2026-08-15T07:24:57+00:00
ORD-099839,10,3,27in 1440p Monitor,displays,3,319.99,959.97,pending,2026-08-15T09:47:49+00:00
ORD-099840,7,6,Desk Speakers Pair,audio,1,89.00,89.00,completed,2026-08-15T07:38:11+00:00
ORD-099841,3,7,Standing Desk 120cm,furniture,5,449.00,2245.00,refunded,2026-08-15T00:05:28+00:00
ORD-099842,3,2,Wireless Mouse,peripherals,1,49.50,49.50,refunded,2026-08-15T03:18:09+00:00
ORD-099843,3,3,27in 1440p Monitor,displays,1,319.99,319.99,cancelled,2026-08-15T06:43:59+00:00
ORD-099844,7,8,Ergonomic Chair,furniture,2,612.75,1225.50,cancelled,2026-08-15T02:46:27+00:00
ORD-099845,7,6,Desk Speakers Pair,audio,5,89.00,445.00,cancelled,2026-08-15T01:29:40+00:00
ORD-099846,8,1,Mechanical Keyboard 75%,peripherals,3,129.00,387.00,cancelled,2026-08-15T05:03:52+00:00
ORD-099847,10,4,34in Ultrawide Monitor,displays,5,579.00,2895.00,completed,2026-08-15T21:23:30+00:00
ORD-099848,2,3,27in 1440p Monitor,displays,5,319.99,1599.95,refunded,2026-08-15T23:06:29+00:00
ORD-099849,10,2,Wireless Mouse,peripherals,1,49.50,49.50,completed,2026-08-15T00:36:25+00:00
ORD-099850,6,3,27in 1440p Monitor,displays,2,319.99,639.98,cancelled,2026-08-15T08:05:02+00:00
ORD-099851,2,10,Laptop Stand Aluminium,accessories,4,27.50,110.00,pending,2026-08-15T12:38:35+00:00
ORD-099852,3,10,Laptop Stand Aluminium,accessories,1,27.50,27.50,refunded,2026-08-15T21:16:03+00:00
ORD-099853,1,4,34in Ultrawide Monitor,displays,1,579.00,579.00,cancelled,2026-08-15T16:47:52+00:00
ORD-099854,9,8,Ergonomic Chair,furniture,4,612.75,2451.00,refunded,2026-08-15T17:21:55+00:00
ORD-099855,1,6,Desk Speakers Pair,audio,2,89.00,178.00,completed,2026-08-15T21:08:49+00:00
ORD-099856,6,5,Over-ear Headphones,audio,3,199.95,599.85,completed,2026-08-15T00:01:02+00:00
ORD-099857,7,8,Ergonomic Chair,furniture,1,612.75,612.75,refunded,2026-08-15T03:45:25+00:00
ORD-099858,3,9,USB-C Hub 8-in-1,accessories,4,39.99,159.96,pending,2026-08-15T20:28:16+00:00
ORD-099859,9,3,27in 1440p Monitor,displays,3,319.99,959.97,cancelled,2026-08-15T15:44:53+00:00
ORD-099860,10,3,27in 1440p Monitor,displays,3,319.99,959.97,refunded,2026-08-15T12:42:07+00:00
ORD-099861,9,8,Ergonomic Chair,furniture,5,612.75,3063.75,refunded,2026-08-15T17:47:44+00:00
ORD-099862,5,9,USB-C Hub 8-in-1,accessories,5,39.99,199.95,refunded,2026-08-15T10:48:07+00:00
ORD-099863,8,5,Over-ear Headphones,audio,2,199.95,399.90,refunded,2026-08-15T02:36:59+00:00
ORD-099864,9,3,27in 1440p Monitor,displays,2,319.99,639.98,cancelled,2026-08-15T22:59:17+00:00
ORD-099865,10,6,Desk Speakers Pair,audio,5,89.00,445.00,refunded,2026-08-15T23:03:14+00:00
ORD-099866,10,2,Wireless Mouse,peripherals,2,49.50,99.00,pending,2026-08-15T23:09:31+00:00
ORD-099867,4,5,Over-ear Headphones,audio,2,199.95,399.90,cancelled,2026-08-15T17:56:23+00:00
ORD-099868,9,1,Mechanical Keyboard 75%,peripherals,1,129.00,129.00,completed,2026-08-15T18:31:54+00:00
ORD-099869,3,1,Mechanical Keyboard 75%,peripherals,3,129.00,387.00,cancelled,2026-08-15T19:09:41+00:00
ORD-099870,5,2,Wireless Mouse,peripherals,4,49.50,198.00,cancelled,2026-08-15T23:24:44+00:00
ORD-099871,5,10,Laptop Stand Aluminium,accessories,5,27.50,137.50,refunded,2026-08-15T05:10:44+00:00
ORD-099872,8,1,Mechanical Keyboard 75%,peripherals,2,129.00,258.00,cancelled,2026-08-15T20:07:29+00:00
ORD-099873,10,5,Over-ear Headphones,audio,2,199.95,399.90,refunded,2026-08-15T16:06:07+00:00
ORD-099874,9,6,Desk Speakers Pair,audio,5,89.00,445.00,completed,2026-08-15T19:51:28+00:00
ORD-099875,2,2,Wireless Mouse,peripherals,1,49.50,49.50,pending,2026-08-15T11:33:42+00:00
ORD-099876,4,5,Over-ear Headphones,audio,3,199.95,599.85,completed,2026-08-15T10:28:47+00:00
ORD-099877,7,6,Desk Speakers Pair,audio,2,89.00,178.00,refunded,2026-08-15T14:52:11+00:00
ORD-099878,4,4,34in Ultrawide Monitor,displays,5,579.00,2895.00,completed,2026-08-15T07:34:24+00:00
ORD-099879,5,2,Wireless Mouse,peripherals,2,49.50,99.00,pending,2026-08-15T20:06:42+00:00
ORD-099880,5,2,Wireless Mouse,peripherals,5,49.50,247.50,pending,2026-08-15T02:23:21+00:00
ORD-099881,4,2,Wireless Mouse,peripherals,2,49.50,99.00,cancelled,2026-08-15T21:10:46+00:00
ORD-099882,9,6,Desk Speakers Pair,audio,4,89.00,356.00,completed,2026-08-15T16:48:54+00:00
ORD-099883,8,8,Ergonomic Chair,furniture,3,612.75,1838.25,cancelled,2026-08-15T07:59:30+00:00
ORD-099884,4,9,USB-C Hub 8-in-1,accessories,5,39.99,199.95,completed,2026-08-15T09:44:34+00:00
ORD-099885,8,10,Laptop Stand Aluminium,accessories,5,27.50,137.50,refunded,2026-08-15T11:42:13+00:00
ORD-099886,10,3,27in 1440p Monitor,displays,2,319.99,639.98,refunded,2026-08-15T16:20:48+00:00
ORD-099887,3,6,Desk Speakers Pair,audio,5,89.00,445.00,refunded,2026-08-15T16:24:50+00:00
ORD-099888,10,9,USB-C Hub 8-in-1,accessories,3,39.99,119.97,completed,2026-08-15T11:45:48+00:00
ORD-099889,2,5,Over-ear Headphones,audio,1,199.95,199.95,completed,2026-08-15T12:12:56+00:00
ORD-099890,8,8,Ergonomic Chair,furniture,2,612.75,1225.50,completed,2026-08-15T08:36:03+00:00
ORD-099891,2,5,Over-ear Headphones,audio,5,199.95,999.75,refunded,2026-08-15T00:06:34+00:00
ORD-099892,6,8,Ergonomic Chair,furniture,4,612.75,2451.00,refunded,2026-08-15T16:05:49+00:00
ORD-099893,10,10,Laptop Stand Aluminium,accessories,5,27.50,137.50,cancelled,2026-08-15T05:53:26+00:00
ORD-099894,4,8,Ergonomic Chair,furniture,1,612.75,612.75,pending,2026-08-15T00:11:31+00:00
ORD-099895,7,3,27in 1440p Monitor,displays,2,319.99,639.98,cancelled,2026-08-15T13:43:57+00:00
ORD-099896,2,6,Desk Speakers Pair,audio,3,89.00,267.00,refunded,2026-08-15T04:18:02+00:00
ORD-099897,9,8,Ergonomic Chair,furniture,3,612.75,1838.25,completed,2026-08-15T01:47:08+00:00
ORD-099898,3,9,USB-C Hub 8-in-1,accessories,2,39.99,79.98,refunded,2026-08-15T22:56:49+00:00
ORD-099899,7,7,Standing Desk 120cm,furniture,5,449.00,2245.00,completed,2026-08-15T16:43:34+00:00
ORD-099900,2,5,Over-ear Headphones,audio,2,199.95,399.90,completed,2026-08-15T07:31:05+00:00
ORD-099901,1,6,Desk Speakers Pair,audio,5,89.00,445.00,completed,2026-08-15T22:57:34+00:00
ORD-099902,10,4,34in Ultrawide Monitor,displays,2,579.00,1158.00,pending,2026-08-15T08:21:49+00:00
ORD-099903,8,2,Wireless Mouse,peripherals,4,49.50,198.00,refunded,2026-08-15T13:46:29+00:00
ORD-099904,8,4,34in Ultrawide Monitor,displays,3,579.00,1737.00,refunded,2026-08-15T16:18:09+00:00
ORD-099905,4,5,Over-ear Headphones,audio,1,199.95,199.95,cancelled,2026-08-15T17:49:16+00:00
ORD-099906,8,6,Desk Speakers Pair,audio,5,89.00,445.00,completed,2026-08-15T14:08:28+00:00
ORD-099907,6,9,USB-C Hub 8-in-1,accessories,1,39.99,39.99,cancelled,2026-08-15T02:36:15+00:00
ORD-099908,8,1,Mechanical Keyboard 75%,peripherals,1,129.00,129.00,completed,2026-08-15T01:05:56+00:00
ORD-099909,5,3,27in 1440p Monitor,displays,5,319.99,1599.95,cancelled,2026-08-15T03:39:56+00:00
ORD-099910,4,9,USB-C Hub 8-in-1,accessories,5,39.99,199.95,refunded,2026-08-15T15:23:44+00:00
ORD-099911,1,7,Standing Desk 120cm,furniture,2,449.00,898.00,cancelled,2026-08-15T12:53:25+00:00
ORD-099912,6,9,USB-C Hub 8-in-1,accessories,3,39.99,119.97,completed,2026-08-15T17:48:08+00:00
ORD-099913,1,6,Desk Speakers Pair,audio,3,89.00,267.00,cancelled,2026-08-15T23:13:57+00:00
ORD-099914,5,4,34in Ultrawide Monitor,displays,3,579.00,1737.00,refunded,2026-08-15T06:37:17+00:00
ORD-099915,1,6,Desk Speakers Pair,audio,1,89.00,89.00,refunded,2026-08-15T02:49:47+00:00
ORD-099916,3,10,Laptop Stand Aluminium,accessories,2,27.50,55.00,pending,2026-08-15T20:42:08+00:00
ORD-099917,5,9,USB-C Hub 8-in-1,accessories,1,39.99,39.99,completed,2026-08-15T02:11:25+00:00
ORD-099918,1,8,Ergonomic Chair,furniture,1,612.75,612.75,cancelled,2026-08-15T11:50:04+00:00
ORD-099919,10,6,Desk Speakers Pair,audio,3,89.00,267.00,completed,2026-08-15T03:47:13+00:00
ORD-099920,4,5,Over-ear Headphones,audio,2,199.95,399.90,cancelled,2026-08-15T13:25:14+00:00
ORD-099921,10,2,Wireless Mouse,peripherals,1,49.50,49.50,pending,2026-08-15T02:11:14+00:00
ORD-099922,8,5,Over-ear Headphones,audio,3,199.95,599.85,cancelled,2026-08-15T12:22:56+00:00
ORD-099923,9,10,Laptop Stand Aluminium,accessories,2,27.50,55.00,refunded,2026-08-15T10:58:24+00:00
ORD-099924,6,2,Wireless Mouse,peripherals,1,49.50,49.50,refunded,2026-08-15T08:28:43+00:00
ORD-099925,9,5,Over-ear Headphones,audio,3,199.95,599.85,refunded,2026-08-15T07:14:26+00:00
ORD-099926,9,6,Desk Speakers Pair,audio,1,89.00,89.00,refunded,2026-08-15T14:43:37+00:00
ORD-099927,7,5,Over-ear Headphones,audio,4,199.95,799.80,pending,2026-08-15T20:41:30+00:00
ORD-099928,9,2,Wireless Mouse,peripherals,1,49.50,49.50,cancelled,2026-08-15T22:27:25+00:00
ORD-099929,6,7,Standing Desk 120cm,furniture,1,449.00,449.00,refunded,2026-08-15T23:49:24+00:00
ORD-099930,9,6,Desk Speakers Pair,audio,3,89.00,267.00,pending,2026-08-15T18:16:21+00:00
ORD-099931,10,6,Desk Speakers Pair,audio,3,89.00,267.00,refunded,2026-08-15T03:15:02+00:00
ORD-099932,9,5,Over-ear Headphones,audio,3,199.95,599.85,refunded,2026-08-15T19:24:19+00:00
ORD-099933,10,7,Standing Desk 120cm,furniture,2,449.00,898.00,cancelled,2026-08-15T14:25:26+00:00
ORD-099934,8,2,Wireless Mouse,peripherals,2,49.50,99.00,pending,2026-08-15T01:57:01+00:00
ORD-099935,7,10,Laptop Stand Aluminium,accessories,1,27.50,27.50,refunded,2026-08-15T01:54:56+00:00
ORD-099936,4,8,Ergonomic Chair,furniture,3,612.75,1838.25,refunded,2026-08-15T19:29:31+00:00
ORD-099937,6,9,USB-C Hub 8-in-1,accessories,5,39.99,199.95,cancelled,2026-08-15T03:09:33+00:00
ORD-099938,10,1,Mechanical Keyboard 75%,peripherals,4,129.00,516.00,cancelled,2026-08-15T15:12:02+00:00
ORD-099939,10,6,Desk Speakers Pair,audio,3,89.00,267.00,cancelled,2026-08-15T00:53:34+00:00
ORD-099940,7,6,Desk Speakers Pair,audio,4,89.00,356.00,pending,2026-08-15T20:24:05+00:00
ORD-099941,10,7,Standing Desk 120cm,furniture,1,449.00,449.00,cancelled,2026-08-15T15:51:23+00:00
ORD-099942,8,4,34in Ultrawide Monitor,displays,1,579.00,579.00,completed,2026-08-15T07:39:04+00:00
ORD-099943,8,5,Over-ear Headphones,audio,5,199.95,999.75,pending,2026-08-15T15:51:26+00:00
ORD-099944,2,8,Ergonomic Chair,furniture,5,612.75,3063.75,cancelled,2026-08-15T21:07:54+00:00
ORD-099945,5,6,Desk Speakers Pair,audio,5,89.00,445.00,refunded,2026-08-15T22:52:41+00:00
ORD-099946,8,10,Laptop Stand Aluminium,accessories,2,27.50,55.00,pending,2026-08-15T19:14:28+00:00
ORD-099947,7,7,Standing Desk 120cm,furniture,4,449.00,1796.00,refunded,2026-08-15T15:36:31+00:00
ORD-099948,2,6,Desk Speakers Pair,audio,2,89.00,178.00,pending,2026-08-15T05:33:31+00:00
ORD-099949,5,5,Over-ear Headphones,audio,4,199.95,799.80,cancelled,2026-08-15T14:57:46+00:00
ORD-099950,8,8,Ergonomic Chair,furniture,3,612.75,1838.25,refunded,2026-08-15T00:37:19+00:00
ORD-099951,9,4,34in Ultrawide Monitor,displays,1,579.00,579.00,cancelled,2026-08-15T03:49:45+00:00
ORD-099952,5,2,Wireless Mouse,peripherals,2,49.50,99.00,pending,2026-08-15T10:14:42+00:00
ORD-099953,2,8,Ergonomic Chair,furniture,4,612.75,2451.00,cancelled,2026-08-15T19:02:46+00:00
ORD-099954,2,1,Mechanical Keyboard 75%,peripherals,5,129.00,645.00,completed,2026-08-15T15:48:45+00:00
ORD-099955,4,2,Wireless Mouse,peripherals,5,49.50,247.50,completed,2026-08-15T08:26:43+00:00
ORD-099956,10,8,Ergonomic Chair,furniture,4,612.75,2451.00,refunded,2026-08-15T11:18:57+00:00
ORD-099957,7,9,USB-C Hub 8-in-1,accessories,1,39.99,39.99,cancelled,2026-08-15T12:00:12+00:00
ORD-099958,10,5,Over-ear Headphones,audio,1,199.95,199.95,refunded,2026-08-15T11:53:30+00:00
ORD-099959,5,9,USB-C Hub 8-in-1,accessories,4,39.99,159.96,pending,2026-08-15T23:20:12+00:00
ORD-099960,9,8,Ergonomic Chair,furniture,2,612.75,1225.50,completed,2026-08-15T21:08:13+00:00
ORD-099961,8,5,Over-ear Headphones,audio,2,199.95,399.90,refunded,2026-08-15T23:53:10+00:00
ORD-099962,8,9,USB-C Hub 8-in-1,accessories,2,39.99,79.98,cancelled,2026-08-15T23:37:25+00:00
ORD-099963,1,3,27in 1440p Monitor,displays,4,319.99,1279.96,completed,2026-08-15T15:13:49+00:00
ORD-099964,10,4,34in Ultrawide Monitor,displays,4,579.00,2316.00,completed,2026-08-15T17:45:21+00:00
ORD-099965,8,6,Desk Speakers Pair,audio,3,89.00,267.00,pending,2026-08-15T06:35:37+00:00
ORD-099966,8,2,Wireless Mouse,peripherals,1,49.50,49.50,completed,2026-08-15T21:12:49+00:00
ORD-099967,6,7,Standing Desk 120cm,furniture,2,449.00,898.00,cancelled,2026-08-15T13:40:32+00:00
ORD-099968,3,10,Laptop Stand Aluminium,accessories,2,27.50,55.00,cancelled,2026-08-15T05:39:32+00:00
ORD-099969,1,5,Over-ear Headphones,audio,4,199.95,799.80,cancelled,2026-08-15T19:59:06+00:00
ORD-099970,1,10,Laptop Stand Aluminium,accessories,4,27.50,110.00,cancelled,2026-08-15T15:27:25+00:00
ORD-099971,9,10,Laptop Stand Aluminium,accessories,2,27.50,55.00,completed,2026-08-15T14:04:12+00:00
ORD-099972,4,6,Desk Speakers Pair,audio,5,89.00,445.00,refunded,2026-08-15T16:32:31+00:00
ORD-099973,1,4,34in Ultrawide Monitor,displays,5,579.00,2895.00,pending,2026-08-15T12:08:59+00:00
ORD-099974,8,2,Wireless Mouse,peripherals,4,49.50,198.00,pending,2026-08-15T16:53:58+00:00
ORD-099975,7,8,Ergonomic Chair,furniture,1,612.75,612.75,pending,2026-08-15T18:49:05+00:00
ORD-099976,10,10,Laptop Stand Aluminium,accessories,3,27.50,82.50,pending,2026-08-15T20:59:07+00:00
ORD-099977,9,1,Mechanical Keyboard 75%,peripherals,1,129.00,129.00,completed,2026-08-15T13:14:37+00:00
ORD-099978,2,5,Over-ear Headphones,audio,3,199.95,599.85,pending,2026-08-15T18:57:37+00:00
ORD-099979,5,4,34in Ultrawide Monitor,displays,4,579.00,2316.00,pending,2026-08-15T02:54:58+00:00
ORD-099980,8,2,Wireless Mouse,peripherals,5,49.50,247.50,cancelled,2026-08-15T06:27:25+00:00
ORD-099981,2,3,27in 1440p Monitor,displays,5,319.99,1599.95,pending,2026-08-15T21:37:23+00:00
ORD-099982,9,8,Ergonomic Chair,furniture,3,612.75,1838.25,refunded,2026-08-15T16:38:41+00:00
ORD-099983,10,3,27in 1440p Monitor,displays,1,319.99,319.99,refunded,2026-08-15T14:06:37+00:00
ORD-099984,8,1,Mechanical Keyboard 75%,peripherals,2,129.00,258.00,refunded,2026-08-15T22:18:10+00:00
ORD-099985,6,9,USB-C Hub 8-in-1,accessories,2,39.99,79.98,cancelled,2026-08-15T09:53:08+00:00
ORD-099986,6,10,Laptop Stand Aluminium,accessories,1,27.50,27.50,completed,2026-08-15T04:43:53+00:00
ORD-099987,9,9,USB-C Hub 8-in-1,accessories,3,39.99,119.97,cancelled,2026-08-15T12:53:28+00:00
ORD-099988,2,9,USB-C Hub 8-in-1,accessories,5,39.99,199.95,pending,2026-08-15T14:21:00+00:00
ORD-099989,9,2,Wireless Mouse,peripherals,5,49.50,247.50,cancelled,2026-08-15T23:26:43+00:00
ORD-099990,10,3,27in 1440p Monitor,displays,5,319.99,1599.95,refunded,2026-08-15T21:35:37+00:00
ORD-099991,3,10,Laptop Stand Aluminium,accessories,1,27.50,27.50,cancelled,2026-08-15T13:07:15+00:00
ORD-099992,8,2,Wireless Mouse,peripherals,3,49.50,148.50,refunded,2026-08-15T23:54:31+00:00
ORD-099993,10,9,USB-C Hub 8-in-1,accessories,3,39.99,119.97,cancelled,2026-08-15T21:19:03+00:00
ORD-099994,1,4,34in Ultrawide Monitor,displays,5,579.00,2895.00,refunded,2026-08-15T03:24:06+00:00
ORD-099995,6,9,USB-C Hub 8-in-1,accessories,2,39.99,79.98,pending,2026-08-15T07:06:43+00:00
ORD-099996,9,1,Mechanical Keyboard 75%,peripherals,4,129.00,516.00,pending,2026-08-15T04:01:07+00:00
ORD-099997,7,7,Standing Desk 120cm,furniture,5,449.00,2245.00,pending,2026-08-15T16:23:40+00:00
ORD-099998,10,8,Ergonomic Chair,furniture,4,612.75,2451.00,pending,2026-08-15T16:45:51+00:00
ORD-099999,5,5,Over-ear Headphones,audio,3,199.95,599.85,cancelled,2026-08-15T10:29:14+00:00
ORD-100000,6,1,Mechanical Keyboard 75%,peripherals,3,129.00,387.00,refunded,2026-08-15T09:23:12+00:00
ORD-100001,5,1,Mechanical Keyboard 75%,peripherals,2,129.00,258.00,refunded,2026-08-15T19:02:46+00:00
ORD-100002,4,2,Wireless Mouse,peripherals,4,49.50,198.00,completed,2026-08-15T17:02:33+00:00
ORD-100003,6,3,27in 1440p Monitor,displays,4,319.99,1279.96,refunded,2026-08-15T20:01:57+00:00
ORD-100004,3,8,Ergonomic Chair,furniture,1,612.75,612.75,completed,2026-08-15T16:27:30+00:00
ORD-100005,1,6,Desk Speakers Pair,audio,4,89.00,356.00,pending,2026-08-15T01:27:34+00:00
ORD-100006,8,10,Laptop Stand Aluminium,accessories,2,27.50,55.00,pending,2026-08-15T21:26:57+00:00
ORD-100007,10,4,34in Ultrawide Monitor,displays,3,579.00,1737.00,cancelled,2026-08-15T20:05:08+00:00
ORD-100008,6,1,Mechanical Keyboard 75%,peripherals,4,129.00,516.00,completed,2026-08-15T12:57:01+00:00
ORD-100009,6,1,Mechanical Keyboard 75%,peripherals,4,129.00,516.00,cancelled,2026-08-15T14:04:01+00:00
ORD-100010,10,5,Over-ear Headphones,audio,3,199.95,599.85,cancelled,2026-08-15T17:26:47+00:00
ORD-100011,1,6,Desk Speakers Pair,audio,3,89.00,267.00,completed,2026-08-15T05:08:06+00:00
ORD-100012,3,6,Desk Speakers Pair,audio,1,89.00,89.00,cancelled,2026-08-15T09:44:31+00:00
ORD-100013,6,1,Mechanical Keyboard 75%,peripherals,1,129.00,129.00,cancelled,2026-08-15T05:46:21+00:00
ORD-100014,5,10,Laptop Stand Aluminium,accessories,5,27.50,137.50,completed,2026-08-15T04:54:25+00:00
ORD-100015,9,4,34in Ultrawide Monitor,displays,5,579.00,2895.00,refunded,2026-08-15T18:57:12+00:00
ORD-100016,2,10,Laptop Stand Aluminium,accessories,2,27.50,55.00,cancelled,2026-08-15T06:13:33+00:00
ORD-100017,8,5,Over-ear Headphones,audio,5,199.95,999.75,pending,2026-08-15T16:54:32+00:00
ORD-100018,3,8,Ergonomic Chair,furniture,3,612.75,1838.25,cancelled,2026-08-15T17:43:46+00:00
ORD-100019,3,4,34in Ultrawide Monitor,displays,3,579.00,1737.00,cancelled,2026-08-15T07:20:42+00:00
ORD-100020,6,10,Laptop Stand Aluminium,accessories,5,27.50,137.50,refunded,2026-08-15T16:59:39+00:00
ORD-100021,6,8,Ergonomic Chair,furniture,3,612.75,1838.25,refunded,2026-08-15T14:25:52+00:00
ORD-100022,2,5,Over-ear Headphones,audio,2,199.95,399.90,completed,2026-08-15T07:57:08+00:00
ORD-100023,7,3,27in 1440p Monitor,displays,5,319.99,1599.95,refunded,2026-08-15T11:03:08+00:00
ORD-100024,3,3,27in 1440p Monitor,displays,1,319.99,319.99,completed,2026-08-15T03:25:19+00:00
ORD-100025,7,6,Desk Speakers Pair,audio,1,89.00,89.00,refunded,2026-08-15T19:05:27+00:00
ORD-100026,8,2,Wireless Mouse,peripherals,3,49.50,148.50,completed,2026-08-15T12:51:09+00:00
ORD-100027,10,3,27in 1440p Monitor,displays,4,319.99,1279.96,cancelled,2026-08-15T05:40:12+00:00
ORD-100028,7,10,Laptop Stand Aluminium,accessories,2,27.50,55.00,cancelled,2026-08-15T16:22:02+00:00
ORD-100029,5,10,Laptop Stand Aluminium,accessories,3,27.50,82.50,completed,2026-08-15T22:01:58+00:00
ORD-100030,5,4,34in Ultrawide Monitor,displays,3,579.00,1737.00,pending,2026-08-15T17:21:53+00:00
ORD-100031,2,4,34in Ultrawide Monitor,displays,2,579.00,1158.00,pending,2026-08-15T14:36:55+00:00
ORD-100032,10,3,27in 1440p Monitor,displays,1,319.99,319.99,cancelled,2026-08-15T11:03:50+00:00
ORD-100033,9,3,27in 1440p Monitor,displays,4,319.99,1279.96,completed,2026-08-15T14:16:56+00:00
ORD-100034,7,4,34in Ultrawide Monitor,displays,5,579.00,2895.00,refunded,2026-08-15T15:38:40+00:00
ORD-100035,3,10,Laptop Stand Aluminium,accessories,1,27.50,27.50,completed,2026-08-15T23:31:11+00:00
ORD-100036,6,10,Laptop Stand Aluminium,accessories,4,27.50,110.00,completed,2026-08-15T12:17:59+00:00
ORD-100037,4,1,Mechanical Keyboard 75%,peripherals,1,129.00,129.00,completed,2026-08-15T09:22:15+00:00
ORD-100038,8,3,27in 1440p Monitor,displays,2,319.99,639.98,cancelled,2026-08-15T13:03:54+00:00
ORD-100039,6,9,USB-C Hub 8-in-1,accessories,2,39.99,79.98,cancelled,2026-08-15T10:42:53+00:00
ORD-100040,7,3,27in 1440p Monitor,displays,4,319.99,1279.96,pending,2026-08-15T11:09:34+00:00
ORD-100041,4,6,Desk Speakers Pair,audio,3,89.00,267.00,completed,2026-08-15T20:26:43+00:00
ORD-100042,4,8,Ergonomic Chair,furniture,5,612.75,3063.75,pending,2026-08-15T21:51:17+00:00
ORD-100043,10,7,Standing Desk 120cm,furniture,2,449.00,898.00,refunded,2026-08-15T14:41:54+00:00
ORD-100044,5,5,Over-ear Headphones,audio,3,199.95,599.85,pending,2026-08-15T09:05:28+00:00
ORD-100045,9,1,Mechanical Keyboard 75%,peripherals,1,129.00,129.00,cancelled,2026-08-15T20:12:26+00:00
ORD-100046,2,9,USB-C Hub 8-in-1,accessories,5,39.99,199.95,refunded,2026-08-15T20:45:59+00:00
ORD-100047,8,4,34in Ultrawide Monitor,displays,3,579.00,1737.00,completed,2026-08-15T08:17:55+00:00
ORD-100048,1,7,Standing Desk 120cm,furniture,1,449.00,449.00,completed,2026-08-15T11:32:33+00:00
ORD-100049,3,4,34in Ultrawide Monitor,displays,4,579.00,2316.00,refunded,2026-08-15T21:02:52+00:00
ORD-100050,10,9,USB-C Hub 8-in-1,accessories,3,39.99,119.97,cancelled,2026-08-15T04:53:31+00:00
ORD-100051,5,4,34in Ultrawide Monitor,displays,4,579.00,2316.00,completed,2026-08-15T22:25:40+00:00
ORD-100052,6,5,Over-ear Headphones,audio,1,199.95,199.95,completed,2026-08-15T12:09:36+00:00
ORD-100053,4,7,Standing Desk 120cm,furniture,5,449.00,2245.00,cancelled,2026-08-15T11:41:32+00:00
ORD-100054,8,8,Ergonomic Chair,furniture,2,612.75,1225.50,refunded,2026-08-15T16:55:06+00:00
ORD-100055,10,4,34in Ultrawide Monitor,displays,5,579.00,2895.00,refunded,2026-08-15T00:17:40+00:00
ORD-100056,6,7,Standing Desk 120cm,furniture,3,449.00,1347.00,refunded,2026-08-15T23:36:14+00:00
ORD-100057,8,4,34in Ultrawide Monitor,displays,5,579.00,2895.00,cancelled,2026-08-15T21:35:55+00:00
ORD-100058,3,3,27in 1440p Monitor,displays,1,319.99,319.99,pending,2026-08-15T14:12:20+00:00
ORD-100059,5,8,Ergonomic Chair,furniture,3,612.75,1838.25,cancelled,2026-08-15T02:04:56+00:00
ORD-100060,3,2,Wireless Mouse,peripherals,5,49.50,247.50,completed,2026-08-15T16:43:45+00:00
ORD-100061,7,2,Wireless Mouse,peripherals,4,49.50,198.00,unknown_status,2026-08-15T01:53:01+00:00
ORD-100062,8,3,27in 1440p Monitor,displays,3,319.99,959.97,pending,2026-08-15T23:45:57+00:00
ORD-100063,9,1,Mechanical Keyboard 75%,peripherals,1,129.00,129.00,completed,2026-08-15T07:29:13+00:00
ORD-100064,7,5,Over-ear Headphones,audio,4,199.95,799.80,completed,2026-08-15T04:08:40+00:00
ORD-100065,2,2,Wireless Mouse,peripherals,5,49.50,247.50,completed,2026-08-15T17:17:00+00:00
ORD-100066,3,4,34in Ultrawide Monitor,displays,4,579.00,2316.00,cancelled,2026-08-15T11:00:05+00:00
ORD-100067,2,7,Standing Desk 120cm,furniture,3,449.00,1347.00,pending,2026-08-15T01:01:38+00:00
ORD-100068,10,4,34in Ultrawide Monitor,displays,1,579.00,579.00,completed,2026-08-15T09:46:10+00:00
ORD-100069,1,6,Desk Speakers Pair,audio,4,89.00,356.00,completed,2026-08-15T17:54:50+00:00
ORD-100070,5,5,Over-ear Headphones,audio,1,199.95,199.95,cancelled,2026-08-15T03:19:06+00:00
ORD-100071,8,4,34in Ultrawide Monitor,displays,5,579.00,2895.00,completed,2026-08-15T11:24:05+00:00
ORD-100072,9,5,Over-ear Headphones,audio,3,199.95,599.85,completed,2026-08-15T01:07:14+00:00
ORD-100073,3,7,Standing Desk 120cm,furniture,3,449.00,1347.00,refunded,2026-08-15T14:44:04+00:00
ORD-100074,8,2,Wireless Mouse,peripherals,5,49.50,247.50,refunded,2026-08-15T20:55:14+00:00
ORD-100075,6,10,Laptop Stand Aluminium,accessories,5,27.50,137.50,refunded,2026-08-15T10:06:41+00:00
ORD-100076,5,2,Wireless Mouse,peripherals,1,49.50,49.50,cancelled,2026-08-15T11:33:36+00:00
ORD-100077,7,9,USB-C Hub 8-in-1,accessories,5,39.99,199.95,cancelled,2026-08-15T22:04:37+00:00
ORD-100078,1,10,Laptop Stand Aluminium,accessories,5,27.50,137.50,refunded,2026-08-15T13:40:48+00:00
ORD-100079,6,2,Wireless Mouse,peripherals,3,49.50,148.50,refunded,2026-08-15T04:08:53+00:00
ORD-100080,10,10,Laptop Stand Aluminium,accessories,1,27.50,27.50,cancelled,2026-08-15T15:28:35+00:00
ORD-100081,10,6,Desk Speakers Pair,audio,1,89.00,89.00,refunded,2026-08-15T14:40:33+00:00
ORD-100082,3,5,Over-ear Headphones,audio,4,199.95,799.80,refunded,2026-08-15T20:18:54+00:00
ORD-100083,6,10,Laptop Stand Aluminium,accessories,3,27.50,82.50,cancelled,2026-08-15T09:15:59+00:00
ORD-100084,8,3,27in 1440p Monitor,displays,5,319.99,1599.95,refunded,2026-08-15T15:03:56+00:00
ORD-100085,5,2,Wireless Mouse,peripherals,4,49.50,198.00,completed,2026-08-15T19:46:41+00:00
ORD-100086,7,3,27in 1440p Monitor,displays,5,319.99,1599.95,pending,2026-08-15T17:11:22+00:00
ORD-100087,9,2,Wireless Mouse,peripherals,3,49.50,148.50,pending,2026-08-15T22:25:09+00:00
ORD-100088,9,10,Laptop Stand Aluminium,accessories,4,27.50,110.00,refunded,2026-08-15T11:42:58+00:00
ORD-100089,5,5,Over-ear Headphones,audio,2,199.95,399.90,refunded,2026-08-15T04:12:53+00:00
ORD-100090,3,9,USB-C Hub 8-in-1,accessories,1,39.99,39.99,completed,2026-08-15T09:59:51+00:00
ORD-100091,5,8,Ergonomic Chair,furniture,1,612.75,612.75,refunded,2026-08-15T20:51:47+00:00
ORD-100092,10,5,Over-ear Headphones,audio,1,199.95,199.95,pending,2026-08-15T10:34:43+00:00
ORD-100093,8,2,Wireless Mouse,peripherals,3,49.50,148.50,refunded,2026-08-15T05:01:07+00:00
ORD-100094,1,4,34in Ultrawide Monitor,displays,2,579.00,1158.00,completed,2026-08-15T20:07:42+00:00
ORD-100095,8,1,Mechanical Keyboard 75%,peripherals,5,129.00,645.00,pending,2026-08-15T23:57:35+00:00
ORD-100096,9,2,Wireless Mouse,peripherals,3,49.50,148.50,pending,2026-08-15T19:25:20+00:00
ORD-100097,2,7,Standing Desk 120cm,furniture,4,449.00,1796.00,pending,2026-08-15T13:28:53+00:00
ORD-100098,6,5,Over-ear Headphones,audio,2,199.95,399.90,cancelled,2026-08-15T16:47:27+00:00
ORD-100099,7,10,Laptop Stand Aluminium,accessories,2,27.50,55.00,pending,2026-08-15T06:18:59+00:00
ORD-100100,10,7,Standing Desk 120cm,furniture,5,449.00,2245.00,cancelled,2026-08-15T02:47:15+00:00
ORD-100101,7,9,USB-C Hub 8-in-1,accessories,5,39.99,199.95,refunded,2026-08-15T11:32:27+00:00
ORD-100102,4,3,27in 1440p Monitor,displays,1,319.99,319.99,pending,2026-08-15T09:04:48+00:00
ORD-100103,5,7,Standing Desk 120cm,furniture,1,449.00,449.00,pending,2026-08-15T00:29:46+00:00
ORD-100104,1,3,27in 1440p Monitor,displays,1,319.99,319.99,cancelled,2026-08-15T02:27:06+00:00
ORD-100105,3,8,Ergonomic Chair,furniture,1,612.75,612.75,pending,2026-08-15T05:18:14+00:00
ORD-100106,10,5,Over-ear Headphones,audio,5,199.95,999.75,pending,2026-08-15T08:10:26+00:00
ORD-100107,7,1,Mechanical Keyboard 75%,peripherals,3,129.00,387.00,pending,2026-08-15T21:20:40+00:00
ORD-100108,5,3,27in 1440p Monitor,displays,3,319.99,959.97,cancelled,2026-08-15T11:17:59+00:00
ORD-100109,6,10,Laptop Stand Aluminium,accessories,4,27.50,110.00,completed,2026-08-15T03:30:52+00:00
