order_id,customer_id,product_id,product_name,category,quantity,unit_price,amount,status,order_date
ORD-024735,7,1,Mechanical Keyboard 75%,peripherals,1,129.00,129.00,refunded,2026-07-13T20:11:13+00:00
ORD-024736,2,3,27in 1440p Monitor,displays,4,319.99,1279.96,cancelled,2026-07-13T09:09:36+00:00
ORD-024737,5,2,Wireless Mouse,peripherals,5,49.50,247.50,pending,2026-07-13T16:44:52+00:00
ORD-024738,2,7,Standing Desk 120cm,furniture,2,449.00,898.00,pending,2026-07-13T16:28:25+00:00
ORD-024739,2,2,Wireless Mouse,peripherals,2,49.50,99.00,cancelled,2026-07-13T17:12:54+00:00
ORD-024740,10,6,Desk Speakers Pair,audio,5,89.00,445.00,pending,2026-07-13T03:13:01+00:00
ORD-024741,10,3,27in 1440p Monitor,displays,2,319.99,639.98,cancelled,2026-07-13T16:41:43+00:00
ORD-024742,7,10,Laptop Stand Aluminium,accessories,3,27.50,82.50,refunded,2026-07-13T02:41:57+00:00
ORD-024743,6,2,Wireless Mouse,peripherals,2,49.50,99.00,refunded,2026-07-13T02:27:12+00:00
ORD-024744,9,10,Laptop Stand Aluminium,accessories,1,27.50,27.50,cancelled,2026-07-13T01:35:07+00:00
ORD-024745,8,2,Wireless Mouse,peripherals,1,49.50,49.50,refunded,2026-07-13T22:29:52+00:00
ORD-024746,7,7,Standing Desk 120cm,furniture,3,449.00,1347.00,refunded,2026-07-13T22:16:51+00:00
ORD-024747,7,2,Wireless Mouse,peripherals,1,49.50,49.50,completed,2026-07-13T20:54:54+00:00
ORD-024748,5,5,Over-ear Headphones,audio,1,199.95,199.95,cancelled,2026-07-13T01:46:51+00:00
ORD-024749,6,7,Standing Desk 120cm,furniture,5,449.00,2245.00,refunded,2026-07-13T03:18:19+00:00
ORD-024750,7,5,Over-ear Headphones,audio,2,199.95,399.90,refunded,2026-07-13T23:27:51+00:00
ORD-024751,9,2,Wireless Mouse,peripherals,3,49.50,148.50,pending,2026-07-13T04:56:31+00:00
ORD-024752,3,3,27in 1440p Monitor,displays,4,319.99,1279.96,refunded,2026-07-13T10:20:37+00:00
ORD-024753,7,10,Laptop Stand Aluminium,accessories,2,27.50,55.00,refunded,2026-07-13T06:39:18+00:00
ORD-024754,10,5,Over-ear Headphones,audio,1,199.95,199.95,completed,2026-07-13T01:11:01+00:00
ORD-024755,7,5,Over-ear Headphones,audio,1,199.95,199.95,pending,2026-07-13T17:25:42+00:00
ORD-024756,3,6,Desk Speakers Pair,audio,4,89.00,356.00,completed,2026-07-13T07:01:35+00:00
ORD-024757,2,2,Wireless Mouse,peripherals,5,49.50,247.50,completed,2026-07-13T00:38:13+00:00
ORD-024758,10,10,Laptop Stand Aluminium,accessories,3,27.50,82.50,refunded,2026-07-13T11:58:41+00:00
ORD-024759,10,8,Ergonomic Chair,furniture,4,612.75,2451.00,pending,2026-07-13T13:10:49+00:00
ORD-024760,8,10,Laptop Stand Aluminium,accessories,4,27.50,110.00,completed,2026-07-13T14:43:30+00:00
ORD-024761,4,5,Over-ear Headphones,audio,5,199.95,999.75,refunded,2026-07-13T14:15:54+00:00
ORD-024762,6,7,Standing Desk 120cm,furniture,5,449.00,2245.00,refunded,2026-07-13T11:10:32+00:00
ORD-024763,2,5,Over-ear Headphones,audio,5,199.95,999.75,pending,2026-07-13T09:31:27+00:00
ORD-024764,4,6,Desk Speakers Pair,audio,1,89.00,89.00,completed,2026-07-13T16:44:08+00:00
ORD-024765,9,8,Ergonomic Chair,furniture,1,612.75,612.75,cancelled,2026-07-13T17:57:50+00:00
ORD-024766,7,4,34in Ultrawide Monitor,displays,3,579.00,1737.00,pending,2026-07-13T23:07:23+00:00
ORD-024767,9,4,34in Ultrawide Monitor,displays,1,579.00,579.00,completed,2026-07-13T21:57:25+00:00
ORD-024768,6,1,Mechanical Keyboard 75%,peripherals,2,129.00,258.00,completed,2026-07-13T14:01:40+00:00
ORD-024769,10,2,Wireless Mouse,peripherals,5,49.50,247.50,completed,2026-07-13T01:22:45+00:00
ORD-024770,10,6,Desk Speakers Pair,audio,3,89.00,267.00,cancelled,2026-07-13T20:21:32+00:00
ORD-024771,6,10,Laptop Stand Aluminium,accessories,4,27.50,110.00,cancelled,2026-07-13T07:59:10+00:00
ORD-024772,3,4,34in Ultrawide Monitor,displays,5,579.00,2895.00,completed,2026-07-13T16:29:10+00:00
ORD-024773,1,5,Over-ear Headphones,audio,4,199.95,799.80,completed,2026-07-13T16:23:17+00:00
ORD-024774,7,9,USB-C Hub 8-in-1,accessories,2,39.99,79.98,pending,2026-07-13T18:47:21+00:00
ORD-024775,1,10,Laptop Stand Aluminium,accessories,1,27.50,27.50,pending,2026-07-13T00:49:07+00:00
ORD-024776,8,7,Standing Desk 120cm,furniture,4,449.00,1796.00,cancelled,2026-07-13T09:14:15+00:00
ORD-024777,2,7,Standing Desk 120cm,furniture,5,449.00,2245.00,pending,2026-07-13T06:09:33+00:00
ORD-024778,10,3,27in 1440p Monitor,displays,4,319.99,1279.96,refunded,2026-07-13T23:43:21+00:00
ORD-024779,1,7,Standing Desk 120cm,furniture,3,449.00,1347.00,completed,2026-07-13T07:33:04+00:00
ORD-024780,1,8,Ergonomic Chair,furniture,4,612.75,2451.00,pending,2026-07-13T01:31:22+00:00
ORD-024781,5,5,Over-ear Headphones,audio,3,199.95,599.85,refunded,2026-07-13T17:09:50+00:00
ORD-024782,3,6,Desk Speakers Pair,audio,2,89.00,178.00,completed,2026-07-13T08:49:27+00:00
ORD-024783,6,9,USB-C Hub 8-in-1,accessories,1,39.99,39.99,refunded,2026-07-13T06:28:13+00:00
ORD-024784,4,2,Wireless Mouse,peripherals,2,49.50,99.00,pending,2026-07-13T07:58:51+00:00
ORD-024785,7,7,Standing Desk 120cm,furniture,3,449.00,1347.00,completed,2026-07-13T17:32:45+00:00
ORD-024786,6,1,Mechanical Keyboard 75%,peripherals,3,129.00,387.00,refunded,2026-07-13T01:06:32+00:00
ORD-024787,2,2,Wireless Mouse,peripherals,3,49.50,148.50,pending,2026-07-13T23:53:10+00:00
ORD-024788,5,10,Laptop Stand Aluminium,accessories,2,27.50,55.00,completed,2026-07-13T07:12:52+00:00
ORD-024789,7,9,USB-C Hub 8-in-1,accessories,4,39.99,159.96,refunded,2026-07-13T19:42:16+00:00
ORD-024790,6,5,Over-ear Headphones,audio,2,199.95,399.90,completed,2026-07-13T09:19:30+00:00
ORD-024791,5,6,Desk Speakers Pair,audio,4,89.00,356.00,completed,2026-07-13T22:51:47+00:00
ORD-024792,6,7,Standing Desk 120cm,furniture,3,449.00,1347.00,refunded,2026-07-13T02:00:12+00:00
ORD-024793,8,2,Wireless Mouse,peripherals,3,49.50,148.50,cancelled,2026-07-13T08:06:35+00:00
ORD-024794,3,9,USB-C Hub 8-in-1,accessories,2,39.99,79.98,cancelled,2026-07-13T06:25:55+00:00
ORD-024795,9,5,Over-ear Headphones,audio,3,199.95,599.85,completed,2026-07-13T08:15:52+00:00
ORD-024796,5,1,Mechanical Keyboard 75%,peripherals,4,129.00,516.00,refunded,2026-07-13T22:29:35+00:00
ORD-024797,1,7,Standing Desk 120cm,furniture,4,449.00,1796.00,cancelled,2026-07-13T17:41:43+00:00
ORD-024798,2,1,Mechanical Keyboard 75%,peripherals,3,129.00,387.00,refunded,2026-07-13T16:31:41+00:00
ORD-024799,3,7,Standing Desk 120cm,furniture,5,449.00,2245.00,refunded,2026-07-13T21:46:25+00:00
ORD-024800,6,6,Desk Speakers Pair,audio,5,89.00,445.00,completed,2026-07-13T21:54:48+00:00
ORD-024801,3,8,Ergonomic Chair,furniture,2,612.75,1225.50,completed,2026-07-13T11:44:14+00:00
ORD-024802,7,3,27in 1440p Monitor,displays,2,319.99,639.98,completed,2026-07-13T14:02:06+00:00
ORD-024803,3,10,Laptop Stand Aluminium,accessories,1,27.50,27.50,refunded,2026-07-13T06:24:14+00:00
ORD-024804,9,7,Standing Desk 120cm,furniture,5,449.00,2245.00,pending,2026-07-13T19:16:27+00:00
ORD-024805,1,7,Standing Desk 120cm,furniture,3,449.00,1347.00,pending,2026-07-13T07:03:15+00:00
ORD-024806,2,4,34in Ultrawide Monitor,displays,4,579.00,2316.00,refunded,2026-07-13T04:40:10+00:00
ORD-024807,4,2,Wireless Mouse,peripherals,2,49.50,99.00,pending,2026-07-13T16:28:58+00:00
ORD-024808,3,7,Standing Desk 120cm,furniture,3,449.00,1347.00,pending,2026-07-13T16:55:23+00:00
ORD-024809,4,4,34in Ultrawide Monitor,displays,3,579.00,1737.00,pending,2026-07-13T07:12:22+00:00
ORD-024810,9,9,USB-C Hub 8-in-1,accessories,2,39.99,79.98,pending,2026-07-13T19:04:19+00:00
ORD-024811,4,5,Over-ear Headphones,audio,5,199.95,999.75,refunded,2026-07-13T11:41:49+00:00
ORD-024812,3,7,Standing Desk 120cm,furniture,1,449.00,449.00,completed,2026-07-13T08:39:54+00:00
ORD-024813,1,5,Over-ear Headphones,audio,5,199.95,999.75,pending,2026-07-13T21:42:31+00:00
ORD-024814,10,5,Over-ear Headphones,audio,2,199.95,399.90,cancelled,2026-07-13T07:26:58+00:00
ORD-024815,7,3,27in 1440p Monitor,displays,5,319.99,1599.95,refunded,2026-07-13T21:17:05+00:00
ORD-024816,6,10,Laptop Stand Aluminium,accessories,5,27.50,137.50,cancelled,2026-07-13T22:21:35+00:00
ORD-024817,3,9,USB-C Hub 8-in-1,accessories,1,39.99,39.99,cancelled,2026-07-13T07:25:26+00:00
ORD-024818,6,4,34in Ultrawide Monitor,displays,2,579.00,1158.00,refunded,2026-07-13T14:12:52+00:00
ORD-024819,4,2,Wireless Mouse,peripherals,4,49.50,198.00,completed,2026-07-13T17:26:52+00:00
ORD-024820,4,4,34in Ultrawide Monitor,displays,2,579.00,1158.00,pending,2026-07-13T17:41:37+00:00
ORD-024821,5,2,Wireless Mouse,peripherals,4,49.50,198.00,completed,2026-07-13T19:22:11+00:00
ORD-024822,1,9,USB-C Hub 8-in-1,accessories,2,39.99,79.98,cancelled,2026-07-13T14:24:47+00:00
ORD-024823,2,9,USB-C Hub 8-in-1,accessories,3,39.99,119.97,pending,2026-07-13T20:42:26+00:00
ORD-024824,4,2,Wireless Mouse,peripherals,2,49.50,99.00,refunded,2026-07-13T01:39:49+00:00
ORD-024825,10,6,Desk Speakers Pair,audio,3,89.00,267.00,refunded,2026-07-13T21:51:47+00:00
ORD-024826,2,7,Standing Desk 120cm,furniture,4,449.00,1796.00,completed,2026-07-13T21:45:39+00:00
ORD-024827,4,7,Standing Desk 120cm,furniture,2,449.00,898.00,refunded,2026-07-13T01:06:55+00:00
ORD-024828,1,5,Over-ear Headphones,audio,4,199.95,799.80,refunded,2026-07-13T01:11:37+00:00
ORD-024829,6,8,Ergonomic Chair,furniture,4,612.75,2451.00,refunded,2026-07-13T08:39:26+00:00
ORD-024830,5,5,Over-ear Headphones,audio,3,199.95,599.85,refunded,2026-07-13T20:22:08+00:00
ORD-024831,10,9,USB-C Hub 8-in-1,accessories,5,39.99,199.95,cancelled,2026-07-13T21:07:20+00:00
ORD-024832,1,9,USB-C Hub 8-in-1,accessories,5,39.99,199.95,pending,2026-07-13T15:10:27+00:00
ORD-024833,1,10,Laptop Stand Aluminium,accessories,4,27.50,110.00,refunded,2026-07-13T22:28:50+00:00
ORD-024834,5,5,Over-ear Headphones,audio,3,199.95,599.85,refunded,2026-07-13T23:46:02+00:00
ORD-024835,7,7,Standing Desk 120cm,furniture,1,449.00,449.00,cancelled,2026-07-13T21:00:35+00:00
ORD-024836,5,9,USB-C Hub 8-in-1,accessories,3,39.99,119.97,cancelled,2026-07-13T17:23:56+00:00
ORD-024837,7,2,Wireless Mouse,peripherals,3,49.50,148.50,completed,2026-07-13T14:52:43+00:00
ORD-024838,8,1,Mechanical Keyboard 75%,peripherals,5,129.00,645.00,cancelled,2026-07-13T17:57:39+00:00
ORD-024839,4,4,34in Ultrawide Monitor,displays,4,579.00,2316.00,pending,2026-07-13T23:26:39+00:00
ORD-024840,8,6,Desk Speakers Pair,audio,1,89.00,89.00,refunded,2026-07-13T11:41:27+00:00
ORD-024841,1,5,Over-ear Headphones,audio,5,199.95,999.75,refunded,2026-07-13T04:30:24+00:00
ORD-024842,7,4,34in Ultrawide Monitor,displays,4,579.00,2316.00,pending,2026-07-13T19:43:27+00:00
ORD-024843,2,9,USB-C Hub 8-in-1,accessories,4,39.99,159.96,completed,2026-07-13T21:28:21+00:00
ORD-024844,10,1,Mechanical Keyboard 75%,peripherals,3,129.00,387.00,refunded,2026-07-13T16:32:55+00:00
ORD-024845,5,5,Over-ear Headphones,audio,5,199.95,999.75,cancelled,2026-07-13T08:22:00+00:00
ORD-024846,4,2,Wireless Mouse,peripherals,1,49.50,49.50,pending,2026-07-13T10:02:51+00:00
ORD-024847,7,8,Ergonomic Chair,furniture,4,612.75,2451.00,completed,2026-07-13T15:07:07+00:00
ORD-024848,3,7,Standing Desk 120cm,furniture,4,449.00,1796.00,cancelled,2026-07-13T04:52:30+00:00
ORD-024849,7,4,34in Ultrawide Monitor,displays,5,579.00,2895.00,pending,2026-07-13T17:33:03+00:00
ORD-024850,9,4,34in Ultrawide Monitor,displays,5,579.00,2895.00,pending,2026-07-13T17:20:18+00:00
ORD-024851,6,2,Wireless Mouse,peripherals,1,49.50,49.50,completed,2026-07-13T04:11:31+00:00
ORD-024852,2,3,27in 1440p Monitor,displays,2,319.99,639.98,cancelled,2026-07-13T18:59:04+00:00
ORD-024853,6,5,Over-ear Headphones,audio,4,199.95,799.80,pending,2026-07-13T16:24:41+00:00
ORD-024854,5,4,34in Ultrawide Monitor,displays,3,579.00,1737.00,cancelled,2026-07-13T01:12:44+00:00
ORD-024855,3,1,Mechanical Keyboard 75%,peripherals,1,129.00,129.00,cancelled,2026-07-13T04:24:34+00:00
ORD-024856,7,1,Mechanical Keyboard 75%,peripherals,4,129.00,516.00,completed,2026-07-13T20:29:16+00:00
ORD-024857,1,5,Over-ear Headphones,audio,4,199.95,799.80,cancelled,2026-07-13T15:04:38+00:00
ORD-024858,5,10,Laptop Stand Aluminium,accessories,2,27.50,55.00,refunded,2026-07-13T19:46:54+00:00
ORD-024859,9,2,Wireless Mouse,peripherals,4,49.50,198.00,completed,2026-07-13T19:32:16+00:00
ORD-024860,4,5,Over-ear Headphones,audio,1,199.95,199.95,refunded,2026-07-13T08:39:14+00:00
ORD-024861,5,9,USB-C Hub 8-in-1,accessories,1,39.99,39.99,pending,2026-07-13T04:04:30+00:00
ORD-024862,1,6,Desk Speakers Pair,audio,3,89.00,267.00,cancelled,2026-07-13T12:09:58+00:00
ORD-024863,5,5,Over-ear Headphones,audio,3,199.95,599.85,cancelled,2026-07-13T12:20:11+00:00
ORD-024864,9,3,27in 1440p Monitor,displays,3,319.99,959.97,refunded,2026-07-13T21:04:48+00:00
ORD-024865,5,5,Over-ear Headphones,audio,5,199.95,999.75,cancelled,2026-07-13T04:49:22+00:00
ORD-024866,10,10,Laptop Stand Aluminium,accessories,5,27.50,137.50,pending,2026-07-13T07:19:55+00:00
ORD-024867,8,3,27in 1440p Monitor,displays,5,319.99,1599.95,cancelled,2026-07-13T07:57:42+00:00
ORD-024868,9,7,Standing Desk 120cm,furniture,4,449.00,1796.00,refunded,2026-07-13T09:29:28+00:00
ORD-024869,3,6,Desk Speakers Pair,audio,1,89.00,89.00,cancelled,2026-07-13T07:11:00+00:00
ORD-024870,5,10,Laptop Stand Aluminium,accessories,3,27.50,82.50,completed,2026-07-13T04:05:53+00:00
ORD-024871,10,6,Desk Speakers Pair,audio,4,89.00,356.00,cancelled,2026-07-13T12:42:17+00:00
ORD-024872,6,6,Desk Speakers Pair,audio,5,89.00,445.00,completed,2026-07-13T14:13:34+00:00
ORD-024873,9,4,34in Ultrawide Monitor,displays,1,579.00,579.00,completed,2026-07-13T06:15:57+00:00
ORD-024874,2,2,Wireless Mouse,peripherals,3,49.50,148.50,cancelled,2026-07-13T04:04:12+00:00
ORD-024875,4,4,34in Ultrawide Monitor,displays,5,579.00,2895.00,refunded,2026-07-13T13:14:57+00:00
ORD-024876,5,1,Mechanical Keyboard 75%,peripherals,2,129.00,258.00,refunded,2026-07-13T19:45:43+00:00
ORD-024877,8,8,Ergonomic Chair,furniture,3,612.75,1838.25,cancelled,2026-07-13T23:45:19+00:00
ORD-024878,5,2,Wireless Mouse,peripherals,5,49.50,247.50,refunded,2026-07-13T06:24:02+00:00
ORD-024879,2,6,Desk Speakers Pair,audio,5,89.00,445.00,cancelled,2026-07-13T09:31:53+00:00
ORD-024880,3,2,Wireless Mouse,peripherals,5,49.50,247.50,pending,2026-07-13T02:49:43+00:00
ORD-024881,1,3,27in 1440p Monitor,displays,2,319.99,639.98,cancelled,2026-07-13T20:48:48+00:00
ORD-024882,3,8,Ergonomic Chair,furniture,3,612.75,1838.25,pending,2026-07-13T02:11:32+00:00
ORD-024883,8,8,Ergonomic Chair,furniture,1,612.75,612.75,cancelled,2026-07-13T21:59:58+00:00
ORD-024884,4,7,Standing Desk 120cm,furniture,1,449.00,449.00,pending,2026-07-13T22:38:15+00:00
ORD-024885,3,8,Ergonomic Chair,furniture,4,612.75,2451.00,refunded,2026-07-13T09:00:57+00:00
ORD-024886,7,5,Over-ear Headphones,audio,4,199.95,799.80,pending,2026-07-13T19:02:50+00:00
ORD-024887,3,10,Laptop Stand Aluminium,accessories,4,27.50,110.00,cancelled,2026-07-13T02:37:24+00:00
ORD-024888,6,1,Mechanical Keyboard 75%,peripherals,3,129.00,387.00,cancelled,2026-07-13T13:35:19+00:00
ORD-024889,8,3,27in 1440p Monitor,displays,2,319.99,639.98,pending,2026-07-13T04:41:55+00:00
ORD-024890,3,10,Laptop Stand Aluminium,accessories,4,27.50,110.00,refunded,2026-07-13T00:23:27+00:00
ORD-024891,10,9,USB-C Hub 8-in-1,accessories,4,39.99,159.96,completed,2026-07-13T09:51:07+00:00
ORD-024892,7,4,34in Ultrawide Monitor,displays,2,579.00,1158.00,completed,2026-07-13T04:13:17+00:00
ORD-024893,9,5,Over-ear Headphones,audio,3,199.95,599.85,refunded,2026-07-13T07:17:11+00:00
ORD-024894,6,5,Over-ear Headphones,audio,4,199.95,799.80,cancelled,2026-07-13T04:00:50+00:00
ORD-024895,3,9,USB-C Hub 8-in-1,accessories,5,39.99,199.95,cancelled,2026-07-13T21:08:21+00:00
ORD-024896,7,5,Over-ear Headphones,audio,1,199.95,199.95,cancelled,2026-07-13T06:47:04+00:00
ORD-024897,9,3,27in 1440p Monitor,displays,4,319.99,1279.96,refunded,2026-07-13T03:18:21+00:00
ORD-024898,6,5,Over-ear Headphones,audio,1,199.95,199.95,pending,2026-07-13T10:18:34+00:00
ORD-024899,7,8,Ergonomic Chair,furniture,2,612.75,1225.50,refunded,2026-07-13T08:12:53+00:00
ORD-024900,5,1,Mechanical Keyboard 75%,peripherals,2,129.00,258.00,completed,2026-07-13T01:15:34+00:00
ORD-024901,4,3,27in 1440p Monitor,displays,3,319.99,959.97,cancelled,2026-07-13T02:33:10+00:00
ORD-024902,7,6,Desk Speakers Pair,audio,4,89.00,356.00,cancelled,2026-07-13T21:10:57+00:00
ORD-024903,8,9,USB-C Hub 8-in-1,accessories,5,39.99,199.95,completed,2026-07-13T18:33:28+00:00
ORD-024904,10,10,Laptop Stand Aluminium,accessories,5,27.50,137.50,cancelled,2026-07-13T03:42:41+00:00
ORD-024905,2,2,Wireless Mouse,peripherals,1,49.50,49.50,cancelled,2026-07-13T01:07:56+00:00
ORD-024906,2,6,Desk Speakers Pair,audio,1,89.00,89.00,refunded,2026-07-13T15:46:29+00:00
ORD-024907,8,2,Wireless Mouse,peripherals,3,49.50,148.50,pending,2026-07-13T01:34:40+00:00
ORD-024908,7,10,Laptop Stand Aluminium,accessories,1,27.50,27.50,completed,2026-07-13T22:02:42+00:00
ORD-024909,5,7,Standing Desk 120cm,furniture,1,449.00,449.00,cancelled,2026-07-13T09:48:54+00:00
ORD-024910,1,9,USB-C Hub 8-in-1,accessories,2,39.99,79.98,pending,2026-07-13T05:18:45+00:00
ORD-024911,5,8,Ergonomic Chair,furniture,4,612.75,2451.00,cancelled,2026-07-13T13:19:28+00:00
ORD-024912,10,2,Wireless Mouse,peripherals,1,49.50,49.50,pending,2026-07-13T21:03:06+00:00
ORD-024913,3,6,Desk Speakers Pair,audio,5,89.00,445.00,pending,2026-07-13T13:10:38+00:00
ORD-024914,7,8,Ergonomic Chair,furniture,3,612.75,1838.25,cancelled,2026-07-13T04:23:13+00:00
ORD-024915,10,8,Ergonomic Chair,furniture,1,612.75,612.75,pending,2026-07-13T20:34:24+00:00
ORD-024916,2,2,Wireless Mouse,peripherals,2,49.50,99.00,cancelled,2026-07-13T18:45:24+00:00
ORD-024917,4,8,Ergonomic Chair,furniture,1,612.75,612.75,completed,2026-07-13T14:02:04+00:00
ORD-024918,2,1,Mechanical Keyboard 75%,peripherals,2,129.00,258.00,completed,2026-07-13T00:42:37+00:00
ORD-024919,10,4,34in Ultrawide Monitor,displays,2,579.00,1158.00,refunded,2026-07-13T23:43:52+00:00
ORD-024920,2,1,Mechanical Keyboard 75%,peripherals,2,129.00,258.00,cancelled,2026-07-13T11:58:35+00:00
ORD-024921,6,6,Desk Speakers Pair,audio,4,89.00,356.00,pending,2026-07-13T22:25:44+00:00
ORD-024922,2,7,Standing Desk 120cm,furniture,3,449.00,1347.00,pending,2026-07-13T05:28:32+00:00
ORD-024923,2,8,Ergonomic Chair,furniture,5,612.75,3063.75,cancelled,2026-07-13T02:24:48+00:00
ORD-024924,8,7,Standing Desk 120cm,furniture,5,449.00,2245.00,completed,2026-07-13T22:01:36+00:00
ORD-024925,5,6,Desk Speakers Pair,audio,1,89.00,89.00,completed,2026-07-13T20:27:19+00:00
ORD-024926,10,8,Ergonomic Chair,furniture,4,612.75,2451.00,refunded,2026-07-13T15:15:59+00:00
ORD-024927,9,10,Laptop Stand Aluminium,accessories,1,27.50,27.50,pending,2026-07-13T17:24:47+00:00
ORD-024928,5,8,Ergonomic Chair,furniture,3,612.75,1838.25,pending,2026-07-13T14:24:03+00:00
ORD-024929,7,9,USB-C Hub 8-in-1,accessories,1,39.99,39.99,refunded,2026-07-13T07:52:05+00:00
ORD-024930,1,3,27in 1440p Monitor,displays,2,319.99,639.98,refunded,2026-07-13T02:13:58+00:00
ORD-024931,5,10,Laptop Stand Aluminium,accessories,1,27.50,27.50,refunded,2026-07-13T12:16:13+00:00
ORD-024932,1,1,Mechanical Keyboard 75%,peripherals,4,129.00,516.00,completed,2026-07-13T23:45:11+00:00
ORD-024933,3,6,Desk Speakers Pair,audio,3,89.00,267.00,refunded,2026-07-13T18:39:07+00:00
ORD-024934,1,3,27in 1440p Monitor,displays,2,319.99,639.98,refunded,2026-07-13T00:20:49+00:00
ORD-024935,8,10,Laptop Stand Aluminium,accessories,4,27.50,110.00,cancelled,2026-07-13T18:13:18+00:00
ORD-024936,10,9,USB-C Hub 8-in-1,accessories,5,39.99,199.95,completed,2026-07-13T23:05:46+00:00
ORD-024937,5,1,Mechanical Keyboard 75%,peripherals,5,129.00,645.00,refunded,2026-07-13T14:37:01+00:00
ORD-024938,9,8,Ergonomic Chair,furniture,3,612.75,1838.25,completed,2026-07-13T06:35:09+00:00
ORD-024939,3,8,Ergonomic Chair,furniture,3,612.75,1838.25,completed,2026-07-13T10:20:15+00:00
ORD-024940,10,2,Wireless Mouse,peripherals,3,49.50,148.50,refunded,2026-07-13T06:16:54+00:00
ORD-024941,9,10,Laptop Stand Aluminium,accessories,5,27.50,137.50,cancelled,2026-07-13T19:16:12+00:00
ORD-024942,9,8,Ergonomic Chair,furniture,5,612.75,3063.75,pending,2026-07-13T07:56:07+00:00
ORD-024943,9,5,Over-ear Headphones,audio,1,199.95,199.95,completed,2026-07-13T08:22:20+00:00
ORD-024944,5,4,34in Ultrawide Monitor,displays,5,579.00,2895.00,completed,2026-07-13T04:07:27+00:00
ORD-024945,7,6,Desk Speakers Pair,audio,3,89.00,267.00,completed,2026-07-13T12:51:33+00:00
ORD-024946,5,3,27in 1440p Monitor,displays,3,319.99,959.97,completed,2026-07-13T22:32:41+00:00
ORD-024947,9,2,Wireless Mouse,peripherals,5,49.50,247.50,completed,2026-07-13T22:07:42+00:00
ORD-024948,9,6,Desk Speakers Pair,audio,2,89.00,178.00,pending,2026-07-13T18:38:10+00:00
ORD-024949,4,10,Laptop Stand Aluminium,accessories,4,27.50,110.00,refunded,2026-07-13T04:54:46+00:00
ORD-024950,6,2,Wireless Mouse,peripherals,1,49.50,49.50,refunded,2026-07-13T19:58:30+00:00
ORD-024951,6,8,Ergonomic Chair,furniture,4,612.75,2451.00,completed,2026-07-13T21:32:17+00:00
ORD-024952,8,3,27in 1440p Monitor,displays,3,319.99,959.97,cancelled,2026-07-13T03:10:13+00:00
ORD-024953,10,4,34in Ultrawide Monitor,displays,2,579.00,1158.00,pending,2026-07-13T23:57:29+00:00
ORD-024954,2,2,Wireless Mouse,peripherals,1,49.50,49.50,pending,2026-07-13T10:57:29+00:00
ORD-024955,1,3,27in 1440p Monitor,displays,3,319.99,959.97,refunded,2026-07-13T13:11:07+00:00
ORD-024956,4,5,Over-ear Headphones,audio,3,199.95,599.85,cancelled,2026-07-13T06:39:37+00:00
ORD-024957,8,2,Wireless Mouse,peripherals,4,49.50,198.00,completed,2026-07-13T20:09:18+00:00
ORD-024958,2,3,27in 1440p Monitor,displays,5,319.99,1599.95,refunded,2026-07-13T03:38:30+00:00
ORD-024959,1,8,Ergonomic Chair,furniture,3,612.75,1838.25,pending,2026-07-13T22:56:04+00:00
ORD-024960,10,3,27in 1440p Monitor,displays,1,319.99,319.99,pending,2026-07-13T21:40:47+00:00
ORD-024961,8,5,Over-ear Headphones,audio,4,199.95,799.80,refunded,2026-07-13T01:53:44+00:00
ORD-024962,3,3,27in 1440p Monitor,displays,4,319.99,1279.96,refunded,2026-07-13T07:28:23+00:00
ORD-024963,6,5,Over-ear Headphones,audio,5,199.95,999.75,refunded,2026-07-13T04:58:58+00:00
ORD-024964,6,2,Wireless Mouse,peripherals,2,49.50,99.00,pending,2026-07-13T19:36:35+00:00
ORD-024965,2,10,Laptop Stand Aluminium,accessories,2,27.50,55.00,completed,2026-07-13T07:28:26+00:00
ORD-024966,1,4,34in Ultrawide Monitor,displays,2,579.00,1158.00,pending,2026-07-13T01:48:39+00:00
ORD-024967,2,1,Mechanical Keyboard 75%,peripherals,3,129.00,387.00,completed,2026-07-13T19:55:36+00:00
ORD-024968,4,8,Ergonomic Chair,furniture,4,612.75,2451.00,completed,2026-07-13T21:39:26+00:00
ORD-024969,3,4,34in Ultrawide Monitor,displays,4,579.00,2316.00,completed,2026-07-13T02:07:07+00:00
ORD-024970,7,10,Laptop Stand Aluminium,accessories,4,27.50,110.00,completed,2026-07-13T04:08:15+00:00
ORD-024971,7,9,USB-C Hub 8-in-1,accessories,3,39.99,119.97,pending,2026-07-13T17:02:35+00:00
ORD-024972,8,5,Over-ear Headphones,audio,4,199.95,799.80,cancelled,2026-07-13T05:30:54+00:00
ORD-024973,1,9,USB-C Hub 8-in-1,accessories,1,39.99,39.99,completed,2026-07-13T22:04:11+00:00
ORD-024974,6,6,Desk Speakers Pair,audio,3,89.00,267.00,completed,2026-07-13T18:49:26+00:00
ORD-024975,1,1,Mechanical Keyboard 75%,peripherals,2,129.00,258.00,pending,2026-07-13T02:42:22+00:00
ORD-024976,2,8,Ergonomic Chair,furniture,4,612.75,2451.00,refunded,2026-07-13T08:55:24+00:00
ORD-024977,8,5,Over-ear Headphones,audio,1,199.95,199.95,cancelled,2026-07-13T21:14:11+00:00
ORD-024978,5,6,Desk Speakers Pair,audio,4,89.00,356.00,completed,2026-07-13T07:46:03+00:00
ORD-024979,5,1,Mechanical Keyboard 75%,peripherals,1,129.00,129.00,completed,2026-07-13T07:14:05+00:00
ORD-024980,9,10,Laptop Stand Aluminium,accessories,3,27.50,82.50,cancelled,2026-07-13T18:33:06+00:00
ORD-024981,5,5,Over-ear Headphones,audio,5,199.95,999.75,refunded,2026-07-13T21:33:07+00:00
ORD-024982,8,4,34in Ultrawide Monitor,displays,1,579.00,579.00,refunded,2026-07-13T20:39:38+00:00
ORD-024983,4,9,USB-C Hub 8-in-1,accessories,3,39.99,119.97,cancelled,2026-07-13T07:37:14+00:00
ORD-024984,4,7,Standing Desk 120cm,furniture,5,449.00,2245.00,refunded,2026-07-13T06:43:04+00:00
ORD-024985,6,2,Wireless Mouse,peripherals,1,49.50,49.50,refunded,2026-07-13T17:27:33+00:00
ORD-024986,10,7,Standing Desk 120cm,furniture,2,449.00,898.00,cancelled,2026-07-13T23:34:20+00:00
ORD-024987,2,4,34in Ultrawide Monitor,displays,2,579.00,1158.00,cancelled,2026-07-13T03:08:11+00:00
ORD-024988,3,2,Wireless Mouse,peripherals,2,49.50,99.00,refunded,2026-07-13T01:15:15+00:00
ORD-024989,5,5,Over-ear Headphones,audio,4,199.95,799.80,cancelled,2026-07-13T14:14:17+00:00
ORD-024990,3,10,Laptop Stand Aluminium,accessories,3,27.50,82.50,refunded,2026-07-13T15:14:32+00:00
ORD-024991,4,6,Desk Speakers Pair,audio,1,89.00,89.00,cancelled,2026-07-13T09:33:22+00:00
ORD-024992,7,3,27in 1440p Monitor,displays,5,319.99,1599.95,completed,2026-07-13T15:44:51+00:00
ORD-024993,1,10,Laptop Stand Aluminium,accessories,2,27.50,55.00,pending,2026-07-13T04:07:19+00:00
ORD-024994,8,10,Laptop Stand Aluminium,accessories,5,27.50,137.50,pending,2026-07-13T11:25:45+00:00
ORD-024995,6,3,27in 1440p Monitor,displays,5,319.99,1599.95,cancelled,2026-07-13T06:59:39+00:00
ORD-024996,1,4,34in Ultrawide Monitor,displays,2,579.00,1158.00,cancelled,2026-07-13T15:07:14+00:00
ORD-024997,10,4,34in Ultrawide Monitor,displays,4,579.00,2316.00,cancelled,2026-07-13T22:47:23+00:00
ORD-024998,4,8,Ergonomic Chair,furniture,1,612.75,612.75,completed,2026-07-13T10:15:08+00:00
ORD-024999,6,3,27in 1440p Monitor,displays,2,319.99,639.98,cancelled,2026-07-13T20:21:10+00:00
ORD-025000,9,6,Desk Speakers Pair,audio,1,89.00,89.00,completed,2026-07-13T11:06:57+00:00
ORD-025001,8,9,USB-C Hub 8-in-1,accessories,1,39.99,39.99,pending,2026-07-13T10:31:00+00:00
ORD-025002,1,3,27in 1440p Monitor,displays,1,319.99,319.99,completed,2026-07-13T15:24:41+00:00
ORD-025003,1,10,Laptop Stand Aluminium,accessories,1,27.50,27.50,pending,2026-07-13T01:54:16+00:00
ORD-025004,1,8,Ergonomic Chair,furniture,4,612.75,2451.00,refunded,2026-07-13T09:00:30+00:00
ORD-025005,2,2,Wireless Mouse,peripherals,1,49.50,49.50,pending,2026-07-13T09:54:58+00:00
ORD-025006,4,6,Desk Speakers Pair,audio,2,89.00,178.00,refunded,2026-07-13T19:32:08+00:00
ORD-025007,6,5,Over-ear Headphones,audio,4,199.95,799.80,refunded,2026-07-13T21:01:38+00:00
ORD-025008,6,3,27in 1440p Monitor,displays,2,319.99,639.98,cancelled,2026-07-13T18:00:59+00:00
ORD-025009,1,9,USB-C Hub 8-in-1,accessories,2,39.99,79.98,cancelled,2026-07-13T05:58:36+00:00
ORD-025010,7,4,34in Ultrawide Monitor,displays,3,579.00,1737.00,cancelled,2026-07-13T08:42:05+00:00
ORD-025011,3,9,USB-C Hub 8-in-1,accessories,2,39.99,79.98,cancelled,2026-07-13T00:39:49+00:00
ORD-025012,10,4,34in Ultrawide Monitor,displays,5,579.00,2895.00,pending,2026-07-13T01:26:22+00:00
ORD-025013,3,1,Mechanical Keyboard 75%,peripherals,3,129.00,387.00,refunded,2026-07-13T23:35:35+00:00
ORD-025014,10,4,34in Ultrawide Monitor,displays,3,579.00,1737.00,completed,2026-07-13T16:14:02+00:00
ORD-025015,3,9,USB-C Hub 8-in-1,accessories,5,39.99,199.95,pending,2026-07-13T01:00:39+00:00
ORD-025016,10,5,Over-ear Headphones,audio,5,199.95,999.75,pending,2026-07-13T10:36:22+00:00
ORD-025017,8,8,Ergonomic Chair,furniture,1,612.75,612.75,cancelled,2026-07-13T16:41:44+00:00
ORD-025018,9,5,Over-ear Headphones,audio,2,199.95,399.90,cancelled,2026-07-13T01:05:56+00:00
ORD-025019,1,5,Over-ear Headphones,audio,3,199.95,599.85,pending,2026-07-13T09:47:17+00:00
ORD-025020,4,8,Ergonomic Chair,furniture,1,612.75,612.75,refunded,2026-07-13T02:02:50+00:00
ORD-025021,8,10,Laptop Stand Aluminium,accessories,3,27.50,82.50,completed,2026-07-13T22:52:02+00:00
ORD-025022,2,3,27in 1440p Monitor,displays,5,319.99,1599.95,refunded,2026-07-13T05:34:57+00:00
ORD-025023,5,4,34in Ultrawide Monitor,displays,3,579.00,1737.00,cancelled,2026-07-13T06:50:55+00:00
ORD-025024,7,9,USB-C Hub 8-in-1,accessories,1,39.99,39.99,refunded,2026-07-13T02:28:36+00:00
ORD-025025,3,6,Desk Speakers Pair,audio,4,89.00,356.00,refunded,2026-07-13T22:32:00+00:00
ORD-025026,1,1,Mechanical Keyboard 75%,peripherals,5,129.00,645.00,refunded,2026-07-13T04:19:52+00:00
ORD-025027,6,5,Over-ear Headphones,audio,2,199.95,399.90,cancelled,2026-07-13T20:39:34+00:00
ORD-025028,7,2,Wireless Mouse,peripherals,2,49.50,99.00,refunded,2026-07-13T08:22:11+00:00
ORD-025029,5,3,27in 1440p Monitor,displays,2,319.99,639.98,completed,2026-07-13T17:42:16+00:00
ORD-025030,10,5,Over-ear Headphones,audio,1,199.95,199.95,cancelled,2026-07-13T14:37:39+00:00
ORD-025031,8,6,Desk Speakers Pair,audio,4,89.00,356.00,completed,2026-07-13T12:24:11+00:00
ORD-025032,8,6,Desk Speakers Pair,audio,5,89.00,445.00,refunded,2026-07-13T23:44:37+00:00
ORD-025033,10,1,Mechanical Keyboard 75%,peripherals,1,129.00,129.00,pending,2026-07-13T13:40:05+00:00
ORD-025034,5,6,Desk Speakers Pair,audio,1,89.00,89.00,completed,2026-07-13T16:44:58+00:00
ORD-025035,4,3,27in 1440p Monitor,displays,4,319.99,1279.96,completed,2026-07-13T19:51:28+00:00
ORD-025036,4,9,USB-C Hub 8-in-1,accessories,2,39.99,79.98,cancelled,2026-07-13T05:08:59+00:00
ORD-025037,4,2,Wireless Mouse,peripherals,2,49.50,99.00,cancelled,2026-07-13T19:20:41+00:00
ORD-025038,6,4,34in Ultrawide Monitor,displays,1,579.00,579.00,cancelled,2026-07-13T20:19:33+00:00
ORD-025039,2,8,Ergonomic Chair,furniture,4,612.75,2451.00,cancelled,2026-07-13T13:15:28+00:00
ORD-025040,9,5,Over-ear Headphones,audio,4,199.95,799.80,pending,2026-07-13T07:28:16+00:00
ORD-025041,4,5,Over-ear Headphones,audio,5,199.95,999.75,cancelled,2026-07-13T09:52:43+00:00
ORD-025042,3,9,USB-C Hub 8-in-1,accessories,1,39.99,39.99,pending,2026-07-13T18:05:02+00:00
ORD-025043,1,2,Wireless Mouse,peripherals,4,49.50,198.00,cancelled,2026-07-13T12:36:24+00:00
ORD-025044,3,1,Mechanical Keyboard 75%,peripherals,1,129.00,129.00,completed,2026-07-13T23:35:00+00:00
ORD-025045,10,10,Laptop Stand Aluminium,accessories,3,27.50,82.50,pending,2026-07-13T17:33:58+00:00
ORD-025046,6,5,Over-ear Headphones,audio,2,199.95,399.90,completed,2026-07-13T00:09:37+00:00
ORD-025047,6,8,Ergonomic Chair,furniture,4,612.75,2451.00,pending,2026-07-13T19:18:38+00:00
ORD-025048,4,7,Standing Desk 120cm,furniture,2,449.00,898.00,completed,2026-07-13T16:52:34+00:00
ORD-025049,6,3,27in 1440p Monitor,displays,2,319.99,639.98,pending,2026-07-13T12:06:33+00:00
ORD-025050,4,4,34in Ultrawide Monitor,displays,4,579.00,2316.00,completed,2026-07-13T04:52:56+00:00
ORD-025051,3,6,Desk Speakers Pair,audio,4,89.00,356.00,cancelled,2026-07-13T01:35:47+00:00
ORD-025052,10,2,Wireless Mouse,peripherals,3,49.50,148.50,completed,2026-07-13T00:12:01+00:00
ORD-025053,2,3,27in 1440p Monitor,displays,4,319.99,1279.96,pending,2026-07-13T03:27:56+00:00
ORD-025054,10,4,34in Ultrawide Monitor,displays,4,579.00,2316.00,pending,2026-07-13T08:29:40+00:00
ORD-025055,1,1,Mechanical Keyboard 75%,peripherals,1,129.00,129.00,completed,2026-07-13T15:54:23+00:00
ORD-025056,4,5,Over-ear Headphones,audio,1,199.95,199.95,completed,2026-07-13T10:49:15+00:00
ORD-025057,8,5,Over-ear Headphones,audio,3,199.95,599.85,refunded,2026-07-13T12:44:23+00:00
ORD-025058,4,3,27in 1440p Monitor,displays,2,319.99,639.98,pending,2026-07-13T04:41:54+00:00
ORD-025059,2,7,Standing Desk 120cm,furniture,1,449.00,449.00,refunded,2026-07-13T22:02:18+00:00
ORD-025060,9,4,34in Ultrawide Monitor,displays,1,579.00,579.00,completed,2026-07-13T02:05:29+00:00
ORD-025061,1,10,Laptop Stand Aluminium,accessories,3,27.50,82.50,pending,2026-07-13T13:28:23+00:00
ORD-025062,3,6,Desk Speakers Pair,audio,3,89.00,267.00,refunded,2026-07-13T20:26:11+00:00
ORD-025063,2,5,Over-ear Headphones,audio,4,199.95,799.80,cancelled,2026-07-13T22:55:42+00:00
ORD-025064,5,6,Desk Speakers Pair,audio,2,89.00,178.00,completed,2026-07-13T16:07:31+00:00
ORD-025065,2,1,Mechanical Keyboard 75%,peripherals,2,129.00,258.00,completed,2026-07-13T00:17:54+00:00
ORD-025066,10,4,34in Ultrawide Monitor,displays,3,579.00,1737.00,pending,2026-07-13T21:17:55+00:00
ORD-025067,2,3,27in 1440p Monitor,displays,4,319.99,1279.96,cancelled,2026-07-13T23:02:45+00:00
ORD-025068,7,10,Laptop Stand Aluminium,accessories,3,27.50,82.50,refunded,2026-07-13T17:45:56+00:00
ORD-025069,1,4,34in Ultrawide Monitor,displays,3,579.00,1737.00,pending,2026-07-13T10:20:14+00:00
ORD-025070,1,7,Standing Desk 120cm,furniture,2,449.00,898.00,refunded,2026-07-13T10:47:05+00:00
ORD-025071,3,3,27in 1440p Monitor,displays,2,319.99,639.98,refunded,2026-07-13T00:50:32+00:00
ORD-025072,2,2,Wireless Mouse,peripherals,3,49.50,148.50,completed,2026-07-13T08:52:05+00:00
ORD-025073,3,1,Mechanical Keyboard 75%,peripherals,5,129.00,645.00,cancelled,2026-07-13T04:56:00+00:00
ORD-025074,6,6,Desk Speakers Pair,audio,1,89.00,89.00,completed,2026-07-13T06:15:40+00:00
ORD-025075,8,3,27in 1440p Monitor,displays,5,319.99,1599.95,pending,2026-07-13T18:52:07+00:00
ORD-025076,6,9,USB-C Hub 8-in-1,accessories,3,39.99,119.97,completed,2026-07-13T10:41:33+00:00
ORD-025077,2,5,Over-ear Headphones,audio,5,199.95,999.75,cancelled,2026-07-13T09:00:00+00:00
ORD-025078,10,7,Standing Desk 120cm,furniture,1,449.00,449.00,refunded,2026-07-13T14:01:30+00:00
ORD-025079,5,2,Wireless Mouse,peripherals,2,49.50,99.00,cancelled,2026-07-13T11:12:44+00:00
ORD-025080,3,4,34in Ultrawide Monitor,displays,2,579.00,1158.00,cancelled,2026-07-13T20:21:03+00:00
ORD-025081,3,5,Over-ear Headphones,audio,3,199.95,599.85,refunded,2026-07-13T19:55:30+00:00
ORD-025082,6,3,27in 1440p Monitor,displays,4,319.99,1279.96,pending,2026-07-13T02:42:45+00:00
ORD-025083,2,10,Laptop Stand Aluminium,accessories,4,27.50,110.00,cancelled,2026-07-13T04:09:55+00:00
ORD-025084,8,1,Mechanical Keyboard 75%,peripherals,2,129.00,258.00,refunded,2026-07-13T04:02:08+00:00
ORD-025085,6,1,Mechanical Keyboard 75%,peripherals,2,129.00,258.00,cancelled,2026-07-13T01:55:57+00:00
ORD-025086,10,5,Over-ear Headphones,audio,3,199.95,599.85,cancelled,2026-07-13T23:46:22+00:00
ORD-025087,6,1,Mechanical Keyboard 75%,peripherals,4,129.00,516.00,completed,2026-07-13T10:28:12+00:00
ORD-025088,2,3,27in 1440p Monitor,displays,3,319.99,959.97,cancelled,2026-07-13T20:08:03+00:00
ORD-025089,3,5,Over-ear Headphones,audio,3,199.95,599.85,pending,2026-07-13T09:26:14+00:00
ORD-025090,1,1,Mechanical Keyboard 75%,peripherals,2,129.00,258.00,cancelled,2026-07-13T10:22:21+00:00
ORD-025091,4,1,Mechanical Keyboard 75%,peripherals,1,129.00,129.00,cancelled,2026-07-13T02:21:52+00:00
ORD-025092,7,10,Laptop Stand Aluminium,accessories,5,27.50,137.50,pending,2026-07-13T17:44:57+00:00
ORD-025093,7,3,27in 1440p Monitor,displays,3,319.99,959.97,refunded,2026-07-13T12:41:58+00:00
ORD-025094,1,9,USB-C Hub 8-in-1,accessories,1,39.99,39.99,cancelled,2026-07-13T23:55:08+00:00
ORD-025095,8,5,Over-ear Headphones,audio,1,199.95,199.95,cancelled,2026-07-13T10:14:26+00:00
ORD-025096,9,4,34in Ultrawide Monitor,displays,5,579.00,2895.00,pending,2026-07-13T06:32:26+00:00
ORD-025097,6,10,Laptop Stand Aluminium,accessories,2,27.50,55.00,pending,2026-07-13T18:17:44+00:00
ORD-025098,4,9,USB-C Hub 8-in-1,accessories,4,39.99,159.96,refunded,2026-07-13T00:15:46+00:00
ORD-025099,8,6,Desk Speakers Pair,audio,1,89.00,89.00,pending,2026-07-13T16:30:06+00:00
ORD-025100,1,8,Ergonomic Chair,furniture,5,612.75,3063.75,completed,2026-07-13T21:05:38+00:00
ORD-025101,2,1,Mechanical Keyboard 75%,peripherals,5,129.00,645.00,refunded,2026-07-13T03:51:52+00:00
ORD-025102,4,7,Standing Desk 120cm,furniture,2,449.00,898.00,refunded,2026-07-13T14:00:55+00:00
ORD-025103,1,9,USB-C Hub 8-in-1,accessories,5,39.99,199.95,completed,2026-07-13T06:40:59+00:00
ORD-025104,2,2,Wireless Mouse,peripherals,1,49.50,49.50,cancelled,2026-07-13T21:59:37+00:00
ORD-025105,7,1,Mechanical Keyboard 75%,peripherals,5,129.00,645.00,cancelled,2026-07-13T06:58:03+00:00
ORD-025106,10,2,Wireless Mouse,peripherals,2,49.50,99.00,unknown_status,2026-07-13T10:13:53+00:00
ORD-025107,3,4,34in Ultrawide Monitor,displays,3,579.00,1737.00,cancelled,2026-07-13T21:37:53+00:00
ORD-025108,5,5,Over-ear Headphones,audio,4,199.95,799.80,pending,2026-07-13T23:59:25+00:00
ORD-025109,5,10,Laptop Stand Aluminium,accessories,5,27.50,137.50,refunded,2026-07-13T09:54:46+00:00
ORD-025110,9,9,USB-C Hub 8-in-1,accessories,1,39.99,39.99,completed,2026-07-13T10:24:07+00:00
ORD-025111,6,1,Mechanical Keyboard 75%,peripherals,5,129.00,645.00,refunded,2026-07-13T01:49:00+00:00
ORD-025112,4,6,Desk Speakers Pair,audio,3,89.00,267.00,refunded,2026-07-13T13:45:46+00:00
ORD-025113,10,5,Over-ear Headphones,audio,1,199.95,199.95,refunded,2026-07-13T21:57:05+00:00
ORD-025114,6,7,Standing Desk 120cm,furniture,3,449.00,1347.00,cancelled,2026-07-13T13:33:10+00:00
ORD-025115,8,4,34in Ultrawide Monitor,displays,4,579.00,2316.00,completed,2026-07-13T23:06:51+00:00
ORD-025116,1,1,Mechanical Keyboard 75%,peripherals,4,129.00,516.00,completed,2026-07-13T17:28:09+00:00
ORD-025117,2,8,Ergonomic Chair,furniture,4,612.75,2451.00,completed,2026-07-13T02:08:56+00:00
ORD-025118,5,3,27in 1440p Monitor,displays,2,319.99,639.98,refunded,2026-07-13T09:42:36+00:00
ORD-025119,10,7,Standing Desk 120cm,furniture,3,449.00,1347.00,completed,2026-07-13T20:26:36+00:00
ORD-025120,9,3,27in 1440p Monitor,displays,2,319.99,639.98,refunded,2026-07-13T23:31:07+00:00
ORD-025121,3,2,Wireless Mouse,peripherals,5,49.50,247.50,refunded,2026-07-13T16:32:47+00:00
ORD-025122,7,7,Standing Desk 120cm,furniture,5,449.00,2245.00,refunded,2026-07-13T16:55:15+00:00
ORD-025123,3,9,USB-C Hub 8-in-1,accessories,3,39.99,119.97,pending,2026-07-13T04:00:52+00:00
ORD-025124,2,2,Wireless Mouse,peripherals,3,49.50,148.50,completed,2026-07-13T13:39:31+00:00
ORD-025125,5,10,Laptop Stand Aluminium,accessories,2,27.50,55.00,cancelled,2026-07-13T07:58:31+00:00
ORD-025126,1,7,Standing Desk 120cm,furniture,2,449.00,898.00,completed,2026-07-13T16:21:30+00:00
ORD-025127,5,5,Over-ear Headphones,audio,3,199.95,599.85,completed,2026-07-13T15:03:47+00:00
ORD-025128,9,10,Laptop Stand Aluminium,accessories,5,27.50,137.50,completed,2026-07-13T00:32:22+00:00
ORD-025129,4,6,Desk Speakers Pair,audio,4,89.00,356.00,pending,2026-07-13T11:19:43+00:00
ORD-025130,3,2,Wireless Mouse,peripherals,1,49.50,49.50,completed,2026-07-13T21:22:43+00:00
ORD-025131,10,4,34in Ultrawide Monitor,displays,2,579.00,1158.00,completed,2026-07-13T02:11:45+00:00
ORD-025132,8,10,Laptop Stand Aluminium,accessories,1,27.50,27.50,refunded,2026-07-13T14:04:16+00:00
ORD-025133,1,5,Over-ear Headphones,audio,4,199.95,799.80,pending,2026-07-13T18:14:21+00:00
ORD-025134,6,10,Laptop Stand Aluminium,accessories,1,27.50,27.50,refunded,2026-07-13T17:18:14+00:00
ORD-025135,9,2,Wireless Mouse,peripherals,1,49.50,49.50,completed,2026-07-13T07:59:13+00:00
ORD-025136,3,5,Over-ear Headphones,audio,1,199.95,199.95,refunded,2026-07-13T14:55:04+00:00
ORD-025137,2,8,Ergonomic Chair,furniture,3,612.75,1838.25,refunded,2026-07-13T21:27:00+00:00
ORD-025138,5,5,Over-ear Headphones,audio,3,199.95,599.85,refunded,2026-07-13T11:43:04+00:00
ORD-025139,10,9,USB-C Hub 8-in-1,accessories,1,39.99,39.99,cancelled,2026-07-13T12:19:06+00:00
ORD-025140,7,8,Ergonomic Chair,furniture,4,612.75,2451.00,pending,2026-07-13T22:34:43+00:00
ORD-025141,7,6,Desk Speakers Pair,audio,5,89.00,445.00,refunded,2026-07-13T13:43:11+00:00
ORD-025142,10,4,34in Ultrawide Monitor,displays,1,579.00,579.00,refunded,2026-07-13T09:10:09+00:00
ORD-025143,1,7,Standing Desk 120cm,furniture,1,449.00,449.00,pending,2026-07-13T19:21:14+00:00
ORD-025144,4,3,27in 1440p Monitor,displays,1,319.99,319.99,completed,2026-07-13T12:55:32+00:00
ORD-025145,1,7,Standing Desk 120cm,furniture,3,449.00,1347.00,cancelled,2026-07-13T20:34:32+00:00
ORD-025146,5,9,USB-C Hub 8-in-1,accessories,4,39.99,159.96,completed,2026-07-13T20:52:36+00:00
ORD-025147,1,5,Over-ear Headphones,audio,5,199.95,999.75,pending,2026-07-13T01:29:22+00:00
ORD-025148,5,1,Mechanical Keyboard 75%,peripherals,2,129.00,258.00,refunded,2026-07-13T23:13:17+00:00
ORD-025149,2,7,Standing Desk 120cm,furniture,3,449.00,1347.00,completed,2026-07-13T14:04:27+00:00
ORD-025150,9,4,34in Ultrawide Monitor,displays,2,579.00,1158.00,pending,2026-07-13T20:46:02+00:00
ORD-025151,2,4,34in Ultrawide Monitor,displays,2,579.00,1158.00,refunded,2026-07-13T15:31:45+00:00
ORD-025152,1,8,Ergonomic Chair,furniture,5,612.75,3063.75,refunded,2026-07-13T02:08:29+00:00
ORD-025153,8,2,Wireless Mouse,peripherals,1,49.50,49.50,cancelled,2026-07-13T17:26:51+00:00
ORD-025154,2,9,USB-C Hub 8-in-1,accessories,1,39.99,39.99,pending,2026-07-13T05:49:07+00:00
ORD-025155,1,5,Over-ear Headphones,audio,2,199.95,399.90,pending,2026-07-13T20:43:35+00:00
ORD-025156,10,9,USB-C Hub 8-in-1,accessories,1,39.99,39.99,cancelled,2026-07-13T14:49:36+00:00
ORD-025157,10,2,Wireless Mouse,peripherals,2,49.50,99.00,completed,2026-07-13T03:17:20+00:00
ORD-025158,10,2,Wireless Mouse,peripherals,4,49.50,198.00,pending,2026-07-13T14:31:47+00:00
ORD-025159,4,2,Wireless Mouse,peripherals,1,49.50,49.50,completed,2026-07-13T01:13:16+00:00
ORD-025160,7,1,Mechanical Keyboard 75%,peripherals,1,129.00,129.00,refunded,2026-07-13T06:08:46+00:00
ORD-025161,6,10,Laptop Stand Aluminium,accessories,5,27.50,137.50,refunded,2026-07-13T07:18:57+00:00
ORD-025162,7,1,Mechanical Keyboard 75%,peripherals,1,129.00,129.00,pending,2026-07-13T16:17:43+00:00
ORD-025163,7,2,Wireless Mouse,peripherals,5,49.50,247.50,completed,2026-07-13T17:16:23+00:00
ORD-025164,10,4,34in Ultrawide Monitor,displays,5,579.00,2895.00,completed,2026-07-13T14:18:10+00:00
ORD-025165,8,7,Standing Desk 120cm,furniture,1,449.00,449.00,cancelled,2026-07-13T04:14:02+00:00
ORD-025166,7,3,27in 1440p Monitor,displays,5,319.99,1599.95,pending,2026-07-13T01:28:04+00:00
ORD-025167,5,10,Laptop Stand Aluminium,accessories,5,27.50,137.50,cancelled,2026-07-13T03:22:19+00:00
ORD-025168,10,2,Wireless Mouse,peripherals,1,49.50,49.50,refunded,2026-07-13T11:34:49+00:00
ORD-025169,5,3,27in 1440p Monitor,displays,3,319.99,959.97,completed,2026-07-13T09:41:51+00:00
ORD-025170,1,9,USB-C Hub 8-in-1,accessories,4,39.99,159.96,completed,2026-07-13T20:16:02+00:00
ORD-025171,5,6,Desk Speakers Pair,audio,5,89.00,445.00,completed,2026-07-13T18:34:18+00:00
ORD-025172,9,2,Wireless Mouse,peripherals,3,49.50,148.50,completed,2026-07-13T01:55:40+00:00
ORD-025173,3,10,Laptop Stand Aluminium,accessories,5,27.50,137.50,cancelled,2026-07-13T02:29:03+00:00
ORD-025174,6,1,Mechanical Keyboard 75%,peripherals,2,129.00,258.00,cancelled,2026-07-13T16:57:15+00:00
ORD-025175,9,6,Desk Speakers Pair,audio,1,89.00,89.00,completed,2026-07-13T13:28:34+00:00
ORD-025176,6,9,USB-C Hub 8-in-1,accessories,1,39.99,39.99,cancelled,2026-07-13T03:53:36+00:00
ORD-025177,2,6,Desk Speakers Pair,audio,3,89.00,267.00,cancelled,2026-07-13T23:09:07+00:00
ORD-025178,4,10,Laptop Stand Aluminium,accessories,1,27.50,27.50,cancelled,2026-07-13T23:08:31+00:00
ORD-025179,8,8,Ergonomic Chair,furniture,5,612.75,3063.75,refunded,2026-07-13T10:33:24+00:00
ORD-025180,4,7,Standing Desk 120cm,furniture,3,449.00,1347.00,refunded,2026-07-13T14:42:08+00:00
ORD-025181,8,8,Ergonomic Chair,furniture,2,612.75,1225.50,cancelled,2026-07-13T04:57:58+00:00
ORD-025182,8,6,Desk Speakers Pair,audio,1,89.00,89.00,refunded,2026-07-13T23:43:41+00:00
ORD-025183,5,7,Standing Desk 120cm,furniture,2,449.00,898.00,pending,2026-07-13T01:26:28+00:00
ORD-025184,2,2,Wireless Mouse,peripherals,3,49.50,148.50,completed,2026-07-13T07:04:38+00:00
ORD-025185,4,5,Over-ear Headphones,audio,1,199.95,199.95,pending,2026-07-13T04:54:35+00:00
ORD-025186,9,2,Wireless Mouse,peripherals,4,49.50,198.00,pending,2026-07-13T07:46:54+00:00
ORD-025187,9,7,Standing Desk 120cm,furniture,3,449.00,1347.00,cancelled,2026-07-13T04:36:01+00:00
ORD-025188,4,6,Desk Speakers Pair,audio,1,89.00,89.00,completed,2026-07-13T11:32:10+00:00
ORD-025189,8,7,Standing Desk 120cm,furniture,2,449.00,898.00,refunded,2026-07-13T07:03:20+00:00
ORD-025190,1,4,34in Ultrawide Monitor,displays,1,579.00,579.00,pending,2026-07-13T20:00:35+00:00
ORD-025191,2,4,34in Ultrawide Monitor,displays,2,579.00,1158.00,pending,2026-07-13T19:29:28+00:00
ORD-025192,4,9,USB-C Hub 8-in-1,accessories,3,39.99,119.97,pending,2026-07-13T00:59:51+00:00
ORD-025193,6,7,Standing Desk 120cm,furniture,3,449.00,1347.00,completed,2026-07-13T05:51:43+00:00
ORD-025194,10,2,Wireless Mouse,peripherals,4,49.50,198.00,completed,2026-07-13T22:50:16+00:00
ORD-025195,8,9,USB-C Hub 8-in-1,accessories,4,39.99,159.96,refunded,2026-07-13T11:55:44+00:00
ORD-025196,5,8,Ergonomic Chair,furniture,4,612.75,2451.00,refunded,2026-07-13T10:53:42+00:00
ORD-025197,1,3,27in 1440p Monitor,displays,1,319.99,319.99,completed,2026-07-13T14:00:23+00:00
ORD-025198,10,2,Wireless Mouse,peripherals,1,49.50,49.50,cancelled,2026-07-13T02:04:45+00:00
ORD-025199,10,9,USB-C Hub 8-in-1,accessories,3,39.99,119.97,completed,2026-07-13T00:10:56+00:00
ORD-025200,3,2,Wireless Mouse,peripherals,3,49.50,148.50,pending,2026-07-13T07:19:57+00:00
ORD-025201,1,8,Ergonomic Chair,furniture,4,612.75,2451.00,pending,2026-07-13T23:34:42+00:00
ORD-025202,8,5,Over-ear Headphones,audio,5,199.95,999.75,completed,2026-07-13T09:49:36+00:00
ORD-025203,3,1,Mechanical Keyboard 75%,peripherals,3,129.00,387.00,cancelled,2026-07-13T16:44:31+00:00
ORD-025204,3,6,Desk Speakers Pair,audio,4,89.00,356.00,refunded,2026-07-13T02:35:42+00:00
ORD-025205,9,8,Ergonomic Chair,furniture,4,612.75,2451.00,completed,2026-07-13T06:11:06+00:00
ORD-025206,1,8,Ergonomic Chair,furniture,2,612.75,1225.50,completed,2026-07-13T01:53:37+00:00
ORD-025207,7,2,Wireless Mouse,peripherals,3,49.50,148.50,refunded,2026-07-13T10:13:30+00:00
ORD-025208,10,9,USB-C Hub 8-in-1,accessories,1,39.99,39.99,refunded,2026-07-13T17:42:48+00:00
ORD-025209,6,9,USB-C Hub 8-in-1,accessories,3,39.99,119.97,cancelled,2026-07-13T06:26:07+00:00
ORD-025210,2,4,34in Ultrawide Monitor,displays,5,579.00,2895.00,completed,2026-07-13T14:27:32+00:00
ORD-025211,8,7,Standing Desk 120cm,furniture,5,449.00,2245.00,completed,2026-07-13T10:19:51+00:00
ORD-025212,8,5,Over-ear Headphones,audio,1,199.95,199.95,pending,2026-07-13T12:53:56+00:00
ORD-025213,10,5,Over-ear Headphones,audio,3,199.95,599.85,refunded,2026-07-13T19:02:55+00:00
ORD-025214,7,5,Over-ear Headphones,audio,1,199.95,199.95,cancelled,2026-07-13T21:43:43+00:00
ORD-025215,6,6,Desk Speakers Pair,audio,2,89.00,178.00,refunded,2026-07-13T17:10:18+00:00
ORD-025216,3,4,34in Ultrawide Monitor,displays,5,579.00,2895.00,refunded,2026-07-13T09:18:41+00:00
ORD-025217,10,7,Standing Desk 120cm,furniture,1,449.00,449.00,cancelled,2026-07-13T01:26:41+00:00
ORD-025218,1,9,USB-C Hub 8-in-1,accessories,2,39.99,79.98,cancelled,2026-07-13T08:42:28+00:00
ORD-025219,2,4,34in Ultrawide Monitor,displays,5,579.00,2895.00,pending,2026-07-13T19:57:49+00:00
ORD-025220,6,8,Ergonomic Chair,furniture,1,612.75,612.75,pending,2026-07-13T17:26:40+00:00
ORD-025221,5,8,Ergonomic Chair,furniture,1,612.75,612.75,refunded,2026-07-13T02:44:00+00:00
ORD-025222,5,10,Laptop Stand Aluminium,accessories,2,27.50,55.00,pending,2026-07-13T10:33:30+00:00
ORD-025223,6,4,34in Ultrawide Monitor,displays,4,579.00,2316.00,cancelled,2026-07-13T15:01:49+00:00
ORD-025224,4,3,27in 1440p Monitor,displays,2,319.99,639.98,refunded,2026-07-13T04:58:30+00:00
ORD-025225,10,2,Wireless Mouse,peripherals,4,49.50,198.00,refunded,2026-07-13T18:44:08+00:00
ORD-025226,10,2,Wireless Mouse,peripherals,3,49.50,148.50,cancelled,2026-07-13T02:50:44+00:00
ORD-025227,5,5,Over-ear Headphones,audio,4,199.95,799.80,cancelled,2026-07-13T15:43:58+00:00
ORD-025228,8,6,Desk Speakers Pair,audio,2,89.00,178.00,completed,2026-07-13T23:18:33+00:00
ORD-025229,3,8,Ergonomic Chair,furniture,3,612.75,1838.25,completed,2026-07-13T06:06:33+00:00
ORD-025230,10,9,USB-C Hub 8-in-1,accessories,3,39.99,119.97,pending,2026-07-13T01:26:10+00:00
ORD-025231,6,3,27in 1440p Monitor,displays,1,319.99,319.99,refunded,2026-07-13T13:49:43+00:00
ORD-025232,3,8,Ergonomic Chair,furniture,1,612.75,612.75,refunded,2026-07-13T23:20:18+00:00
ORD-025233,2,4,34in Ultrawide Monitor,displays,4,579.00,2316.00,cancelled,2026-07-13T14:31:27+00:00
ORD-025234,2,10,Laptop Stand Aluminium,accessories,5,27.50,137.50,pending,2026-07-13T19:00:40+00:00
ORD-025235,10,10,Laptop Stand Aluminium,accessories,1,27.50,27.50,completed,2026-07-13T17:34:57+00:00
ORD-025236,10,9,USB-C Hub 8-in-1,accessories,5,39.99,199.95,completed,2026-07-13T08:48:34+00:00
ORD-025237,7,7,Standing Desk 120cm,furniture,4,449.00,1796.00,refunded,2026-07-13T23:06:51+00:00
ORD-025238,7,3,27in 1440p Monitor,displays,4,319.99,1279.96,pending,2026-07-13T01:29:49+00:00
ORD-025239,8,2,Wireless Mouse,peripherals,5,49.50,247.50,completed,2026-07-13T20:22:05+00:00
ORD-025240,3,7,Standing Desk 120cm,furniture,1,449.00,449.00,completed,2026-07-13T01:36:29+00:00
ORD-025241,1,2,Wireless Mouse,peripherals,3,49.50,148.50,cancelled,2026-07-13T11:38:46+00:00
ORD-025242,10,2,Wireless Mouse,peripherals,3,49.50,148.50,pending,2026-07-13T22:02:31+00:00
ORD-025243,3,3,27in 1440p Monitor,displays,5,319.99,1599.95,completed,2026-07-13T20:36:40+00:00
ORD-025244,6,5,Over-ear Headphones,audio,1,199.95,199.95,cancelled,2026-07-13T13:20:43+00:00
ORD-025245,2,2,Wireless Mouse,peripherals,3,49.50,148.50,refunded,2026-07-13T07:12:36+00:00
ORD-025246,6,5,Over-ear Headphones,audio,4,199.95,799.80,completed,2026-07-13T00:23:02+00:00
ORD-025247,5,9,USB-C Hub 8-in-1,accessories,3,39.99,119.97,completed,2026-07-13T15:02:40+00:00
ORD-025248,5,8,Ergonomic Chair,furniture,3,612.75,1838.25,refunded,2026-07-13T00:51:09+00:00
ORD-025249,8,6,Desk Speakers Pair,audio,5,89.00,445.00,cancelled,2026-07-13T09:57:29+00:00
ORD-025250,3,2,Wireless Mouse,peripherals,3,49.50,148.50,completed,2026-07-13T04:45:49+00:00
ORD-025251,10,3,27in 1440p Monitor,displays,1,319.99,319.99,completed,2026-07-13T06:24:36+00:00
ORD-025252,2,8,Ergonomic Chair,furniture,3,612.75,1838.25,refunded,2026-07-13T15:18:49+00:00
ORD-025253,8,3,27in 1440p Monitor,displays,4,319.99,1279.96,refunded,2026-07-13T13:07:03+00:00
ORD-025254,10,2,Wireless Mouse,peripherals,2,49.50,99.00,completed,2026-07-13T06:02:58+00:00
ORD-025255,3,8,Ergonomic Chair,furniture,1,612.75,612.75,cancelled,2026-07-13T02:07:37+00:00
ORD-025256,4,6,Desk Speakers Pair,audio,5,89.00,445.00,pending,2026-07-13T04:52:02+00:00
ORD-025257,2,4,34in Ultrawide Monitor,displays,5,579.00,2895.00,refunded,2026-07-13T12:20:45+00:00
ORD-025258,1,1,Mechanical Keyboard 75%,peripherals,1,129.00,129.00,pending,2026-07-13T21:01:31+00:00
ORD-025259,2,4,34in Ultrawide Monitor,displays,2,579.00,1158.00,refunded,2026-07-13T17:18:02+00:00
ORD-025260,5,7,Standing Desk 120cm,furniture,4,449.00,1796.00,completed,2026-07-13T13:51:39+00:00
ORD-025261,3,7,Standing Desk 120cm,furniture,2,449.00,898.00,pending,2026-07-13T10:56:21+00:00
ORD-025262,9,1,Mechanical Keyboard 75%,peripherals,5,129.00,645.00,completed,2026-07-13T16:22:22+00:00
ORD-025263,6,2,Wireless Mouse,peripherals,5,49.50,247.50,cancelled,2026-07-13T09:28:05+00:00
ORD-025264,1,5,Over-ear Headphones,audio,5,199.95,999.75,refunded,2026-07-13T19:41:00+00:00
ORD-025265,3,4,34in Ultrawide Monitor,displays,4,579.00,2316.00,refunded,2026-07-13T02:24:44+00:00
ORD-025266,4,2,Wireless Mouse,peripherals,2,49.50,99.00,pending,2026-07-13T14:42:47+00:00
ORD-025267,5,4,34in Ultrawide Monitor,displays,3,579.00,1737.00,pending,2026-07-13T02:08:01+00:00
ORD-025268,8,7,Standing Desk 120cm,furniture,4,449.00,1796.00,refunded,2026-07-13T16:13:04+00:00
ORD-025269,6,4,34in Ultrawide Monitor,displays,5,579.00,2895.00,refunded,2026-07-13T19:34:30+00:00
ORD-025270,7,3,27in 1440p Monitor,displays,4,319.99,1279.96,completed,2026-07-13T05:28:47+00:00
ORD-025271,5,6,Desk Speakers Pair,audio,4,89.00,356.00,completed,2026-07-13T02:30:36+00:00
ORD-025272,4,9,USB-C Hub 8-in-1,accessories,5,39.99,199.95,cancelled,2026-07-13T05:27:04+00:00
ORD-025273,10,2,Wireless Mouse,peripherals,1,49.50,49.50,refunded,2026-07-13T03:12:05+00:00
ORD-025274,3,3,27in 1440p Monitor,displays,5,319.99,1599.95,cancelled,2026-07-13T21:14:07+00:00
ORD-025275,9,3,27in 1440p Monitor,displays,3,319.99,959.97,refunded,2026-07-13T01:47:22+00:00
ORD-025276,8,7,Standing Desk 120cm,furniture,2,449.00,898.00,completed,2026-07-13T21:58:22+00:00
ORD-025277,4,10,Laptop Stand Aluminium,accessories,1,27.50,27.50,pending,2026-07-13T01:11:34+00:00
ORD-025278,9,9,USB-C Hub 8-in-1,accessories,5,39.99,199.95,completed,2026-07-13T05:54:49+00:00
ORD-025279,5,8,Ergonomic Chair,furniture,5,612.75,3063.75,completed,2026-07-13T18:33:27+00:00
ORD-025280,1,10,Laptop Stand Aluminium,accessories,4,27.50,110.00,pending,2026-07-13T02:53:52+00:00
ORD-025281,10,5,Over-ear Headphones,audio,3,199.95,599.85,completed,2026-07-13T02:33:42+00:00
ORD-025282,4,8,Ergonomic Chair,furniture,2,612.75,1225.50,completed,2026-07-13T21:41:38+00:00
ORD-025283,5,7,Standing Desk 120cm,furniture,5,449.00,2245.00,refunded,2026-07-13T16:42:16+00:00
ORD-025284,9,3,27in 1440p Monitor,displays,4,319.99,1279.96,refunded,2026-07-13T20:46:29+00:00
ORD-025285,10,8,Ergonomic Chair,furniture,5,612.75,3063.75,completed,2026-07-13T01:18:39+00:00
ORD-025286,10,9,USB-C Hub 8-in-1,accessories,2,39.99,79.98,completed,2026-07-13T10:37:45+00:00
ORD-025287,6,7,Standing Desk 120cm,furniture,4,449.00,1796.00,pending,2026-07-13T14:12:02+00:00
ORD-025288,4,4,34in Ultrawide Monitor,displays,4,579.00,2316.00,completed,2026-07-13T08:09:33+00:00
ORD-025289,10,2,Wireless Mouse,peripherals,5,49.50,247.50,refunded,2026-07-13T23:46:27+00:00
ORD-025290,5,6,Desk Speakers Pair,audio,4,89.00,356.00,refunded,2026-07-13T06:33:34+00:00
ORD-025291,9,8,Ergonomic Chair,furniture,3,612.75,1838.25,cancelled,2026-07-13T13:48:03+00:00
ORD-025292,3,1,Mechanical Keyboard 75%,peripherals,1,129.00,129.00,refunded,2026-07-13T15:47:45+00:00
ORD-025293,2,2,Wireless Mouse,peripherals,3,49.50,148.50,cancelled,2026-07-13T18:39:33+00:00
ORD-025294,9,3,27in 1440p Monitor,displays,1,319.99,319.99,completed,2026-07-13T09:04:51+00:00
ORD-025295,2,3,27in 1440p Monitor,displays,2,319.99,639.98,refunded,2026-07-13T12:12:43+00:00
ORD-025296,5,6,Desk Speakers Pair,audio,1,89.00,89.00,pending,2026-07-13T22:21:34+00:00
ORD-025297,1,3,27in 1440p Monitor,displays,1,319.99,319.99,cancelled,2026-07-13T12:09:48+00:00
ORD-025298,6,8,Ergonomic Chair,furniture,3,612.75,1838.25,cancelled,2026-07-13T09:46:12+00:00
ORD-025299,9,1,Mechanical Keyboard 75%,peripherals,1,129.00,129.00,refunded,2026-07-13T22:34:52+00:00
ORD-025300,9,2,Wireless Mouse,peripherals,5,49.50,247.50,completed,2026-07-13T02:20:46+00:00
ORD-025301,1,3,27in 1440p Monitor,displays,3,319.99,959.97,cancelled,2026-07-13T10:03:25+00:00
ORD-025302,10,8,Ergonomic Chair,furniture,4,612.75,2451.00,completed,2026-07-13T17:36:14+00:00
ORD-025303,10,6,Desk Speakers Pair,audio,3,89.00,267.00,refunded,2026-07-13T11:22:03+00:00
ORD-025304,6,1,Mechanical Keyboard 75%,peripherals,1,129.00,129.00,pending,2026-07-13T11:33:17+00:00
ORD-025305,9,8,Ergonomic Chair,furniture,1,612.75,612.75,refunded,2026-07-13T12:56:42+00:00
ORD-025306,4,5,Over-ear Headphones,audio,2,199.95,399.90,cancelled,2026-07-13T08:20:02+00:00
ORD-025307,10,7,Standing Desk 120cm,furniture,3,449.00,1347.00,cancelled,2026-07-13T13:22:04+00:00
ORD-025308,8,9,USB-C Hub 8-in-1,accessories,5,39.99,199.95,cancelled,2026-07-13T10:09:12+00:00
ORD-025309,2,6,Desk Speakers Pair,audio,3,89.00,267.00,pending,2026-07-13T09:24:03+00:00
ORD-025310,5,3,27in 1440p Monitor,displays,4,319.99,1279.96,cancelled,2026-07-13T00:34:51+00:00
ORD-025311,10,4,34in Ultrawide Monitor,displays,3,579.00,1737.00,pending,2026-07-13T05:36:01+00:00
ORD-025312,6,4,34in Ultrawide Monitor,displays,1,579.00,579.00,refunded,2026-07-13T23:37:03+00:00
ORD-025313,3,2,Wireless Mouse,peripherals,1,49.50,49.50,refunded,2026-07-13T12:49:48+00:00
ORD-025314,4,3,27in 1440p Monitor,displays,4,319.99,1279.96,pending,2026-07-13T16:26:53+00:00
ORD-025315,5,1,Mechanical Keyboard 75%,peripherals,2,129.00,258.00,completed,2026-07-13T14:33:55+00:00
ORD-025316,6,8,Ergonomic Chair,furniture,4,612.75,2451.00,completed,2026-07-13T12:55:02+00:00
ORD-025317,6,4,34in Ultrawide Monitor,displays,5,579.00,2895.00,refunded,2026-07-13T19:12:53+00:00
ORD-025318,1,3,27in 1440p Monitor,displays,1,319.99,319.99,completed,2026-07-13T02:11:54+00:00
ORD-025319,2,3,27in 1440p Monitor,displays,2,319.99,639.98,cancelled,2026-07-13T10:25:45+00:00
ORD-025320,6,4,34in Ultrawide Monitor,displays,2,579.00,1158.00,pending,2026-07-13T07:18:19+00:00
ORD-025321,8,6,Desk Speakers Pair,audio,3,89.00,267.00,cancelled,2026-07-13T23:01:01+00:00
ORD-025322,3,6,Desk Speakers Pair,audio,1,89.00,89.00,completed,2026-07-13T10:35:24+00:00
ORD-025323,4,4,34in Ultrawide Monitor,displays,2,579.00,1158.00,pending,2026-07-13T19:47:09+00:00
ORD-025324,9,8,Ergonomic Chair,furniture,5,612.75,3063.75,cancelled,2026-07-13T00:29:19+00:00
ORD-025325,4,7,Standing Desk 120cm,furniture,1,449.00,449.00,refunded,2026-07-13T21:18:36+00:00
ORD-025326,5,8,Ergonomic Chair,furniture,3,612.75,1838.25,cancelled,2026-07-13T18:34:16+00:00
ORD-025327,5,8,Ergonomic Chair,furniture,4,612.75,2451.00,completed,2026-07-13T21:06:57+00:00
ORD-025328,8,6,Desk Speakers Pair,audio,5,89.00,445.00,refunded,2026-07-13T15:00:31+00:00
ORD-025329,2,6,Desk Speakers Pair,audio,1,89.00,89.00,refunded,2026-07-13T03:40:44+00:00
ORD-025330,2,2,Wireless Mouse,peripherals,1,49.50,49.50,pending,2026-07-13T19:58:28+00:00
ORD-025331,2,10,Laptop Stand Aluminium,accessories,5,27.50,137.50,refunded,2026-07-13T18:08:58+00:00
ORD-025332,6,10,Laptop Stand Aluminium,accessories,3,27.50,82.50,cancelled,2026-07-13T13:06:33+00:00
ORD-025333,3,5,Over-ear Headphones,audio,5,199.95,999.75,cancelled,2026-07-13T03:32:14+00:00
ORD-025334,3,5,Over-ear Headphones,audio,2,199.95,399.90,pending,2026-07-13T05:07:01+00:00
ORD-025335,8,1,Mechanical Keyboard 75%,peripherals,5,129.00,645.00,cancelled,2026-07-13T17:43:14+00:00
ORD-025336,10,5,Over-ear Headphones,audio,4,199.95,799.80,refunded,2026-07-13T04:34:28+00:00
ORD-025337,8,10,Laptop Stand Aluminium,accessories,2,27.50,55.00,pending,2026-07-13T10:42:30+00:00
ORD-025338,9,2,Wireless Mouse,peripherals,3,49.50,148.50,cancelled,2026-07-13T01:03:39+00:00
ORD-025339,6,3,27in 1440p Monitor,displays,1,319.99,319.99,completed,2026-07-13T09:14:32+00:00
ORD-025340,8,1,Mechanical Keyboard 75%,peripherals,1,129.00,129.00,pending,2026-07-13T21:48:12+00:00
ORD-025341,1,6,Desk Speakers Pair,audio,2,89.00,178.00,completed,2026-07-13T00:31:40+00:00
ORD-025342,4,7,Standing Desk 120cm,furniture,2,449.00,898.00,refunded,2026-07-13T07:11:50+00:00
ORD-025343,8,1,Mechanical Keyboard 75%,peripherals,1,129.00,129.00,completed,2026-07-13T01:31:36+00:00
ORD-025344,10,2,Wireless Mouse,peripherals,2,49.50,99.00,cancelled,2026-07-13T04:13:22+00:00
ORD-025345,3,1,Mechanical Keyboard 75%,peripherals,3,129.00,387.00,completed,2026-07-13T13:34:26+00:00
ORD-025346,9,6,Desk Speakers Pair,audio,4,89.00,356.00,refunded,2026-07-13T03:34:05+00:00
ORD-025347,6,5,Over-ear Headphones,audio,1,199.95,199.95,completed,2026-07-13T19:49:39+00:00
ORD-025348,8,10,Laptop Stand Aluminium,accessories,3,27.50,82.50,cancelled,2026-07-13T10:42:56+00:00
ORD-025349,8,7,Standing Desk 120cm,furniture,5,449.00,2245.00,pending,2026-07-13T09:39:26+00:00
ORD-025350,1,4,34in Ultrawide Monitor,displays,4,579.00,2316.00,refunded,2026-07-13T12:42:45+00:00
ORD-025351,3,2,Wireless Mouse,peripherals,1,49.50,49.50,pending,2026-07-13T11:19:09+00:00
ORD-025352,8,3,27in 1440p Monitor,displays,2,319.99,639.98,cancelled,2026-07-13T06:16:00+00:00
ORD-025353,1,8,Ergonomic Chair,furniture,4,612.75,2451.00,pending,2026-07-13T05:28:50+00:00
ORD-025354,3,4,34in Ultrawide Monitor,displays,3,579.00,1737.00,completed,2026-07-13T18:15:13+00:00
ORD-025355,8,2,Wireless Mouse,peripherals,5,49.50,247.50,refunded,2026-07-13T05:51:49+00:00
ORD-025356,3,10,Laptop Stand Aluminium,accessories,4,27.50,110.00,cancelled,2026-07-13T06:21:24+00:00
ORD-025357,10,7,Standing Desk 120cm,furniture,1,449.00,449.00,pending,2026-07-13T04:05:58+00:00
ORD-025358,5,1,Mechanical Keyboard 75%,peripherals,5,129.00,645.00,refunded,2026-07-13T09:16:40+00:00
ORD-025359,6,1,Mechanical Keyboard 75%,peripherals,5,129.00,645.00,pending,2026-07-13T11:00:38+00:00
ORD-025360,7,3,27in 1440p Monitor,displays,3,319.99,959.97,completed,2026-07-13T08:28:54+00:00
ORD-025361,9,5,Over-ear Headphones,audio,4,199.95,799.80,cancelled,2026-07-13T14:56:28+00:00
ORD-025362,9,3,27in 1440p Monitor,displays,5,319.99,1599.95,pending,2026-07-13T07:48:26+00:00
ORD-025363,5,1,Mechanical Keyboard 75%,peripherals,1,129.00,129.00,pending,2026-07-13T13:35:04+00:00
ORD-025364,1,4,34in Ultrawide Monitor,displays,3,579.00,1737.00,cancelled,2026-07-13T16:53:00+00:00
ORD-025365,5,3,27in 1440p Monitor,displays,3,319.99,959.97,cancelled,2026-07-13T08:04:00+00:00
ORD-025366,8,3,27in 1440p Monitor,displays,5,319.99,1599.95,refunded,2026-07-13T06:02:00+00:00
ORD-025367,2,4,34in Ultrawide Monitor,displays,2,579.00,1158.00,cancelled,2026-07-13T02:20:09+00:00
ORD-025368,4,2,Wireless Mouse,peripherals,2,49.50,99.00,pending,2026-07-13T23:27:04+00:00
ORD-025369,5,10,Laptop Stand Aluminium,accessories,5,27.50,137.50,pending,2026-07-13T06:59:08+00:00
ORD-025370,6,8,Ergonomic Chair,furniture,5,612.75,3063.75,pending,2026-07-13T09:40:53+00:00
ORD-025371,4,8,Ergonomic Chair,furniture,3,612.75,1838.25,cancelled,2026-07-13T19:17:56+00:00
ORD-025372,5,5,Over-ear Headphones,audio,5,199.95,999.75,cancelled,2026-07-13T07:20:13+00:00
ORD-025373,7,10,Laptop Stand Aluminium,accessories,5,27.50,137.50,completed,2026-07-13T23:05:39+00:00
ORD-025374,4,10,Laptop Stand Aluminium,accessories,3,27.50,82.50,refunded,2026-07-13T00:01:02+00:00
ORD-025375,3,4,34in Ultrawide Monitor,displays,1,579.00,579.00,completed,2026-07-13T16:48:33+00:00
ORD-025376,10,1,Mechanical Keyboard 75%,peripherals,2,129.00,258.00,cancelled,2026-07-13T15:28:21+00:00
ORD-025377,8,6,Desk Speakers Pair,audio,1,89.00,89.00,cancelled,2026-07-13T13:52:22+00:00
ORD-025378,8,6,Desk Speakers Pair,audio,1,89.00,89.00,refunded,2026-07-13T12:00:54+00:00
ORD-025379,5,9,USB-C Hub 8-in-1,accessories,3,39.99,119.97,cancelled,2026-07-13T08:52:09+00:00
ORD-025380,8,4,34in Ultrawide Monitor,displays,3,579.00,1737.00,cancelled,2026-07-13T14:10:18+00:00
ORD-025381,1,9,USB-C Hub 8-in-1,accessories,5,39.99,199.95,pending,2026-07-13T23:20:39+00:00
ORD-025382,10,3,27in 1440p Monitor,displays,2,319.99,639.98,refunded,2026-07-13T12:33:52+00:00
ORD-025383,2,3,27in 1440p Monitor,displays,3,319.99,959.97,cancelled,2026-07-13T14:14:09+00:00
ORD-025384,7,8,Ergonomic Chair,furniture,4,612.75,2451.00,pending,2026-07-13T18:44:03+00:00
ORD-025385,3,5,Over-ear Headphones,audio,5,199.95,999.75,refunded,2026-07-13T19:27:34+00:00
ORD-025386,4,8,Ergonomic Chair,furniture,4,612.75,2451.00,pending,2026-07-13T13:35:43+00:00
ORD-025387,1,10,Laptop Stand Aluminium,accessories,2,27.50,55.00,pending,2026-07-13T00:31:32+00:00
ORD-025388,5,5,Over-ear Headphones,audio,3,199.95,599.85,refunded,2026-07-13T14:14:51+00:00
ORD-025389,2,10,Laptop Stand Aluminium,accessories,1,27.50,27.50,cancelled,2026-07-13T22:56:29+00:00
ORD-025390,5,3,27in 1440p Monitor,displays,3,319.99,959.97,refunded,2026-07-13T15:54:26+00:00
ORD-025391,1,5,Over-ear Headphones,audio,1,199.95,199.95,cancelled,2026-07-13T02:10:14+00:00
ORD-025392,2,7,Standing Desk 120cm,furniture,1,449.00,449.00,cancelled,2026-07-13T14:46:15+00:00
ORD-025393,8,7,Standing Desk 120cm,furniture,3,449.00,1347.00,completed,2026-07-13T19:08:24+00:00
ORD-025394,9,8,Ergonomic Chair,furniture,1,612.75,612.75,refunded,2026-07-13T16:49:22+00:00
ORD-025395,3,1,Mechanical Keyboard 75%,peripherals,5,129.00,645.00,pending,2026-07-13T13:36:19+00:00
ORD-025396,7,4,34in Ultrawide Monitor,displays,2,579.00,1158.00,pending,2026-07-13T22:17:10+00:00
ORD-025397,1,4,34in Ultrawide Monitor,displays,3,579.00,1737.00,completed,2026-07-13T23:17:28+00:00
ORD-025398,3,1,Mechanical Keyboard 75%,peripherals,3,129.00,387.00,pending,2026-07-13T14:32:06+00:00
ORD-025399,1,9,USB-C Hub 8-in-1,accessories,5,39.99,199.95,refunded,2026-07-13T13:21:19+00:00
ORD-025400,5,6,Desk Speakers Pair,audio,1,89.00,89.00,pending,2026-07-13T21:58:50+00:00
ORD-025401,1,2,Wireless Mouse,peripherals,1,49.50,49.50,cancelled,2026-07-13T14:02:54+00:00
ORD-025402,4,9,USB-C Hub 8-in-1,accessories,4,39.99,159.96,cancelled,2026-07-13T20:33:04+00:00
ORD-025403,5,8,Ergonomic Chair,furniture,2,612.75,1225.50,refunded,2026-07-13T08:41:44+00:00
ORD-025404,7,10,Laptop Stand Aluminium,accessories,4,27.50,110.00,completed,2026-07-13T10:30:54+00:00
ORD-025405,8,1,Mechanical Keyboard 75%,peripherals,5,129.00,645.00,cancelled,2026-07-13T09:33:52+00:00
ORD-025406,2,10,Laptop Stand Aluminium,accessories,5,27.50,137.50,pending,2026-07-13T04:08:41+00:00
ORD-025407,7,7,Standing Desk 120cm,furniture,5,449.00,2245.00,pending,2026-07-13T15:23:17+00:00
ORD-025408,4,7,Standing Desk 120cm,furniture,1,449.00,449.00,pending,2026-07-13T21:36:08+00:00
ORD-025409,4,4,34in Ultrawide Monitor,displays,1,579.00,579.00,refunded,2026-07-13T16:01:34+00:00
ORD-025410,8,2,Wireless Mouse,peripherals,2,49.50,99.00,refunded,2026-07-13T07:43:23+00:00
ORD-025411,7,9,USB-C Hub 8-in-1,accessories,4,39.99,159.96,completed,2026-07-13T09:33:32+00:00
ORD-025412,3,9,USB-C Hub 8-in-1,accessories,4,39.99,159.96,cancelled,2026-07-13T05:06:04+00:00
ORD-025413,6,10,Laptop Stand Aluminium,accessories,4,27.50,110.00,cancelled,2026-07-13T21:16:23+00:00
ORD-025414,3,3,27in 1440p Monitor,displays,2,319.99,639.98,pending,2026-07-13T19:02:30+00:00
ORD-025415,8,7,Standing Desk 120cm,furniture,3,449.00,1347.00,cancelled,2026-07-13T14:44:47+00:00
ORD-025416,1,5,Over-ear Headphones,audio,2,199.95,399.90,cancelled,2026-07-13T00:10:27+00:00
ORD-025417,6,4,34in Ultrawide Monitor,displays,4,579.00,2316.00,cancelled,2026-07-13T19:12:47+00:00
ORD-025418,10,6,Desk Speakers Pair,audio,1,89.00,89.00,refunded,2026-07-13T06:41:28+00:00
ORD-025419,9,8,Ergonomic Chair,furniture,2,612.75,1225.50,pending,2026-07-13T10:39:38+00:00
ORD-025420,6,1,Mechanical Keyboard 75%,peripherals,2,129.00,258.00,refunded,2026-07-13T17:33:11+00:00
ORD-025421,5,6,Desk Speakers Pair,audio,3,89.00,267.00,completed,2026-07-13T07:45:26+00:00
ORD-025422,3,3,27in 1440p Monitor,displays,1,319.99,319.99,completed,2026-07-13T07:01:06+00:00
ORD-025423,8,5,Over-ear Headphones,audio,1,199.95,199.95,pending,2026-07-13T07:44:19+00:00
ORD-025424,5,3,27in 1440p Monitor,displays,5,319.99,1599.95,refunded,2026-07-13T02:26:10+00:00
ORD-025425,7,8,Ergonomic Chair,furniture,1,612.75,612.75,cancelled,2026-07-13T12:02:32+00:00
ORD-025426,4,9,USB-C Hub 8-in-1,accessories,4,39.99,159.96,cancelled,2026-07-13T12:33:09+00:00
ORD-025427,3,7,Standing Desk 120cm,furniture,5,449.00,2245.00,pending,2026-07-13T08:54:59+00:00
ORD-025428,7,9,USB-C Hub 8-in-1,accessories,1,39.99,39.99,pending,2026-07-13T08:30:53+00:00
ORD-025429,3,4,34in Ultrawide Monitor,displays,4,579.00,2316.00,completed,2026-07-13T11:27:43+00:00
ORD-025430,6,9,USB-C Hub 8-in-1,accessories,3,39.99,119.97,cancelled,2026-07-13T17:38:21+00:00
ORD-025431,3,1,Mechanical Keyboard 75%,peripherals,1,129.00,129.00,refunded,2026-07-13T17:14:45+00:00
ORD-025432,3,4,34in Ultrawide Monitor,displays,4,579.00,2316.00,refunded,2026-07-13T00:37:09+00:00
ORD-025433,4,4,34in Ultrawide Monitor,displays,1,579.00,579.00,refunded,2026-07-13T04:00:18+00:00
ORD-025434,10,5,Over-ear Headphones,audio,5,199.95,999.75,refunded,2026-07-13T12:05:29+00:00
ORD-025435,4,7,Standing Desk 120cm,furniture,2,449.00,898.00,pending,2026-07-13T10:31:35+00:00
ORD-025436,10,5,Over-ear Headphones,audio,3,199.95,599.85,cancelled,2026-07-13T22:39:24+00:00
ORD-025437,8,10,Laptop Stand Aluminium,accessories,4,27.50,110.00,refunded,2026-07-13T17:27:11+00:00
ORD-025438,6,2,Wireless Mouse,peripherals,4,49.50,198.00,completed,2026-07-13T03:22:14+00:00
ORD-025439,3,4,34in Ultrawide Monitor,displays,1,579.00,579.00,completed,2026-07-13T13:37:02+00:00
ORD-025440,5,10,Laptop Stand Aluminium,accessories,4,27.50,110.00,cancelled,2026-07-13T05:10:56+00:00
ORD-025441,2,7,Standing Desk 120cm,furniture,4,449.00,1796.00,completed,2026-07-13T23:17:53+00:00
ORD-025442,6,7,Standing Desk 120cm,furniture,5,449.00,2245.00,completed,2026-07-13T03:39:54+00:00
ORD-025443,2,9,USB-C Hub 8-in-1,accessories,5,39.99,199.95,refunded,2026-07-13T05:04:09+00:00
ORD-025444,8,9,USB-C Hub 8-in-1,accessories,5,39.99,199.95,completed,2026-07-13T00:39:01+00:00
ORD-025445,1,10,Laptop Stand Aluminium,accessories,1,27.50,27.50,cancelled,2026-07-13T13:58:56+00:00
ORD-025446,5,5,Over-ear Headphones,audio,3,199.95,599.85,refunded,2026-07-13T17:43:11+00:00
ORD-025447,3,2,Wireless Mouse,peripherals,1,49.50,49.50,completed,2026-07-13T20:06:05+00:00
ORD-025448,3,9,USB-C Hub 8-in-1,accessories,1,39.99,39.99,refunded,2026-07-13T01:02:28+00:00
ORD-025449,7,10,Laptop Stand Aluminium,accessories,2,27.50,55.00,refunded,2026-07-13T23:57:27+00:00
ORD-025450,10,10,Laptop Stand Aluminium,accessories,5,27.50,137.50,cancelled,2026-07-13T05:09:50+00:00
ORD-025451,9,1,Mechanical Keyboard 75%,peripherals,2,129.00,258.00,pending,2026-07-13T20:45:23+00:00
ORD-025452,9,1,Mechanical Keyboard 75%,peripherals,1,129.00,129.00,cancelled,2026-07-13T06:40:12+00:00
ORD-025453,4,5,Over-ear Headphones,audio,2,199.95,399.90,pending,2026-07-13T02:42:35+00:00
ORD-025454,2,1,Mechanical Keyboard 75%,peripherals,3,129.00,387.00,pending,2026-07-13T17:02:46+00:00
ORD-025455,10,3,27in 1440p Monitor,displays,3,319.99,959.97,pending,2026-07-13T08:21:16+00:00
ORD-025456,5,7,Standing Desk 120cm,furniture,2,449.00,898.00,refunded,2026-07-13T14:48:27+00:00
ORD-025457,8,7,Standing Desk 120cm,furniture,5,449.00,2245.00,completed,2026-07-13T05:10:47+00:00
ORD-025458,3,7,Standing Desk 120cm,furniture,1,449.00,449.00,cancelled,2026-07-13T09:26:34+00:00
ORD-025459,1,7,Standing Desk 120cm,furniture,1,449.00,449.00,cancelled,2026-07-13T06:02:37+00:00
ORD-025460,7,8,Ergonomic Chair,furniture,1,612.75,612.75,refunded,2026-07-13T16:41:17+00:00
ORD-025461,10,1,Mechanical Keyboard 75%,peripherals,2,129.00,258.00,cancelled,2026-07-13T08:02:08+00:00
ORD-025462,1,5,Over-ear Headphones,audio,3,199.95,599.85,pending,2026-07-13T10:55:13+00:00
ORD-025463,4,4,34in Ultrawide Monitor,displays,4,579.00,2316.00,refunded,2026-07-13T05:41:54+00:00
ORD-025464,2,3,27in 1440p Monitor,displays,5,319.99,1599.95,completed,2026-07-13T04:37:40+00:00
ORD-025465,3,2,Wireless Mouse,peripherals,5,49.50,247.50,refunded,2026-07-13T09:22:51+00:00
ORD-025466,4,9,USB-C Hub 8-in-1,accessories,2,39.99,79.98,completed,2026-07-13T15:41:42+00:00
ORD-025467,9,6,Desk Speakers Pair,audio,2,89.00,178.00,pending,2026-07-13T05:00:18+00:00
ORD-025468,10,1,Mechanical Keyboard 75%,peripherals,3,129.00,387.00,refunded,2026-07-13T23:33:24+00:00
ORD-025469,9,8,Ergonomic Chair,furniture,4,612.75,2451.00,completed,2026-07-13T07:24:39+00:00
ORD-025470,9,2,Wireless Mouse,peripherals,2,49.50,99.00,cancelled,2026-07-13T14:43:42+00:00
ORD-025471,5,7,Standing Desk 120cm,furniture,3,449.00,1347.00,completed,2026-07-13T18:42:48+00:00
ORD-025472,3,1,Mechanical Keyboard 75%,peripherals,4,129.00,516.00,pending,2026-07-13T22:40:21+00:00
ORD-025473,2,8,Ergonomic Chair,furniture,4,612.75,2451.00,completed,2026-07-13T09:20:26+00:00
ORD-025474,9,2,Wireless Mouse,peripherals,5,49.50,247.50,refunded,2026-07-13T02:08:12+00:00
ORD-025475,8,9,USB-C Hub 8-in-1,accessories,1,39.99,39.99,completed,2026-07-13T08:07:01+00:00
ORD-025476,8,7,Standing Desk 120cm,furniture,1,449.00,449.00,pending,2026-07-13T20:50:25+00:00
ORD-025477,2,1,Mechanical Keyboard 75%,peripherals,3,129.00,387.00,cancelled,2026-07-13T04:18:25+00:00
ORD-025478,8,10,Laptop Stand Aluminium,accessories,4,27.50,110.00,pending,2026-07-13T00:18:56+00:00
ORD-025479,6,7,Standing Desk 120cm,furniture,1,449.00,449.00,cancelled,2026-07-13T19:25:06+00:00
ORD-025480,3,10,Laptop Stand Aluminium,accessories,4,27.50,110.00,completed,2026-07-13T18:14:15+00:00
ORD-025481,8,5,Over-ear Headphones,audio,1,199.95,199.95,cancelled,2026-07-13T05:22:15+00:00
ORD-025482,8,10,Laptop Stand Aluminium,accessories,2,27.50,55.00,completed,2026-07-13T12:57:42+00:00
ORD-025483,1,5,Over-ear Headphones,audio,5,199.95,999.75,cancelled,2026-07-13T08:22:59+00:00
ORD-025484,6,1,Mechanical Keyboard 75%,peripherals,3,129.00,387.00,refunded,2026-07-13T09:45:32+00:00
ORD-025485,10,7,Standing Desk 120cm,furniture,4,449.00,1796.00,cancelled,2026-07-13T09:00:09+00:00
ORD-025486,8,2,Wireless Mouse,peripherals,5,49.50,247.50,completed,2026-07-13T17:31:57+00:00
ORD-025487,8,4,34in Ultrawide Monitor,displays,1,579.00,579.00,pending,2026-07-13T04:46:18+00:00
ORD-025488,7,8,Ergonomic Chair,furniture,1,612.75,612.75,refunded,2026-07-13T01:51:16+00:00
ORD-025489,8,10,Laptop Stand Aluminium,accessories,3,27.50,82.50,refunded,2026-07-13T03:34:08+00:00
ORD-025490,9,2,Wireless Mouse,peripherals,2,49.50,99.00,completed,2026-07-13T12:53:48+00:00
ORD-025491,8,2,Wireless Mouse,peripherals,1,49.50,49.50,completed,2026-07-13T01:55:16+00:00
ORD-025492,7,5,Over-ear Headphones,audio,3,199.95,599.85,refunded,2026-07-13T14:06:07+00:00
ORD-025493,6,7,Standing Desk 120cm,furniture,5,449.00,2245.00,pending,2026-07-13T10:00:19+00:00
ORD-025494,6,9,USB-C Hub 8-in-1,accessories,1,39.99,39.99,cancelled,2026-07-13T03:47:32+00:00
ORD-025495,3,8,Ergonomic Chair,furniture,4,612.75,2451.00,completed,2026-07-13T16:16:44+00:00
ORD-025496,10,1,Mechanical Keyboard 75%,peripherals,1,129.00,129.00,refunded,2026-07-13T03:43:54+00:00
ORD-025497,6,3,27in 1440p Monitor,displays,1,319.99,319.99,completed,2026-07-13T15:49:32+00:00
ORD-025498,2,10,Laptop Stand Aluminium,accessories,5,27.50,137.50,pending,2026-07-13T17:08:45+00:00
ORD-025499,10,9,USB-C Hub 8-in-1,accessories,5,39.99,199.95,refunded,2026-07-13T09:32:34+00:00
ORD-025500,5,5,Over-ear Headphones,audio,1,199.95,199.95,pending,2026-07-13T12:09:58+00:00
ORD-025501,7,2,Wireless Mouse,peripherals,3,49.50,148.50,cancelled,2026-07-13T00:04:25+00:00
ORD-025502,2,7,Standing Desk 120cm,furniture,3,449.00,1347.00,refunded,2026-07-13T21:21:31+00:00
ORD-025503,7,8,Ergonomic Chair,furniture,2,612.75,1225.50,pending,2026-07-13T04:05:21+00:00
ORD-025504,8,1,Mechanical Keyboard 75%,peripherals,4,129.00,516.00,cancelled,2026-07-13T04:58:15+00:00
ORD-025505,3,4,34in Ultrawide Monitor,displays,2,579.00,1158.00,pending,2026-07-13T22:29:05+00:00
ORD-025506,6,1,Mechanical Keyboard 75%,peripherals,1,129.00,129.00,pending,2026-07-13T10:07:06+00:00
ORD-025507,2,7,Standing Desk 120cm,furniture,3,449.00,1347.00,pending,2026-07-13T12:16:42+00:00
ORD-025508,7,6,Desk Speakers Pair,audio,3,89.00,267.00,cancelled,2026-07-13T07:26:18+00:00
ORD-025509,10,5,Over-ear Headphones,audio,3,199.95,599.85,completed,2026-07-13T20:05:14+00:00
ORD-025510,9,3,27in 1440p Monitor,displays,3,319.99,959.97,cancelled,2026-07-13T16:25:23+00:00
ORD-025511,1,4,34in Ultrawide Monitor,displays,1,579.00,579.00,pending,2026-07-13T05:01:19+00:00
ORD-025512,10,7,Standing Desk 120cm,furniture,3,449.00,1347.00,refunded,2026-07-13T09:20:54+00:00
ORD-025513,2,7,Standing Desk 120cm,furniture,1,449.00,449.00,completed,2026-07-13T02:57:31+00:00
ORD-025514,8,5,Over-ear Headphones,audio,4,199.95,799.80,pending,2026-07-13T09:19:41+00:00
ORD-025515,8,1,Mechanical Keyboard 75%,peripherals,2,129.00,258.00,cancelled,2026-07-13T00:22:37+00:00
ORD-025516,5,6,Desk Speakers Pair,audio,5,89.00,445.00,refunded,2026-07-13T03:37:55+00:00
ORD-025517,10,4,34in Ultrawide Monitor,displays,2,579.00,1158.00,completed,2026-07-13T06:38:58+00:00
ORD-025518,1,7,Standing Desk 120cm,furniture,3,449.00,1347.00,completed,2026-07-13T05:30:08+00:00
ORD-025519,10,10,Laptop Stand Aluminium,accessories,1,27.50,27.50,completed,2026-07-13T09:24:59+00:00
ORD-025520,8,8,Ergonomic Chair,furniture,4,612.75,2451.00,completed,2026-07-13T15:38:29+00:00
ORD-025521,5,5,Over-ear Headphones,audio,2,199.95,399.90,refunded,2026-07-13T14:05:01+00:00
ORD-025522,9,1,Mechanical Keyboard 75%,peripherals,3,129.00,387.00,completed,2026-07-13T15:23:22+00:00
ORD-025523,1,7,Standing Desk 120cm,furniture,4,449.00,1796.00,completed,2026-07-13T10:13:57+00:00
ORD-025524,7,3,27in 1440p Monitor,displays,1,319.99,319.99,cancelled,2026-07-13T20:24:30+00:00
ORD-025525,5,3,27in 1440p Monitor,displays,2,319.99,639.98,cancelled,2026-07-13T15:11:09+00:00
ORD-025526,6,6,Desk Speakers Pair,audio,4,89.00,356.00,cancelled,2026-07-13T05:38:23+00:00
ORD-025527,6,3,27in 1440p Monitor,displays,2,319.99,639.98,completed,2026-07-13T14:22:43+00:00
ORD-025528,5,7,Standing Desk 120cm,furniture,2,449.00,898.00,cancelled,2026-07-13T01:22:14+00:00
ORD-025529,3,2,Wireless Mouse,peripherals,4,49.50,198.00,cancelled,2026-07-13T16:59:14+00:00
ORD-025530,4,10,Laptop Stand Aluminium,accessories,3,27.50,82.50,cancelled,2026-07-13T12:24:35+00:00
ORD-025531,2,3,27in 1440p Monitor,displays,3,319.99,959.97,completed,2026-07-13T14:50:01+00:00
ORD-025532,2,4,34in Ultrawide Monitor,displays,4,579.00,2316.00,refunded,2026-07-13T21:47:15+00:00
ORD-025533,8,3,27in 1440p Monitor,displays,5,319.99,1599.95,cancelled,2026-07-13T19:58:08+00:00
ORD-025534,6,1,Mechanical Keyboard 75%,peripherals,5,129.00,645.00,completed,2026-07-13T15:39:01+00:00
ORD-025535,9,7,Standing Desk 120cm,furniture,2,449.00,898.00,cancelled,2026-07-13T21:26:26+00:00
ORD-025536,3,10,Laptop Stand Aluminium,accessories,2,27.50,55.00,refunded,2026-07-13T07:37:07+00:00
ORD-025537,10,6,Desk Speakers Pair,audio,1,89.00,89.00,completed,2026-07-13T04:54:25+00:00
ORD-025538,8,1,Mechanical Keyboard 75%,peripherals,4,129.00,516.00,cancelled,2026-07-13T21:58:05+00:00
ORD-025539,10,4,34in Ultrawide Monitor,displays,4,579.00,2316.00,refunded,2026-07-13T10:36:53+00:00
ORD-025540,2,8,Ergonomic Chair,furniture,4,612.75,2451.00,cancelled,2026-07-13T07:28:22+00:00
ORD-025541,4,10,Laptop Stand Aluminium,accessories,4,27.50,110.00,pending,2026-07-13T19:51:50+00:00
ORD-025542,3,5,Over-ear Headphones,audio,1,199.95,199.95,completed,2026-07-13T19:23:49+00:00
ORD-025543,2,9,USB-C Hub 8-in-1,accessories,1,39.99,39.99,cancelled,2026-07-13T07:02:15+00:00
ORD-025544,10,2,Wireless Mouse,peripherals,3,49.50,148.50,cancelled,2026-07-13T04:14:55+00:00
ORD-025545,9,8,Ergonomic Chair,furniture,3,612.75,1838.25,completed,2026-07-13T05:01:44+00:00
ORD-025546,4,1,Mechanical Keyboard 75%,peripherals,1,129.00,129.00,pending,2026-07-13T14:54:12+00:00
ORD-025547,1,10,Laptop Stand Aluminium,accessories,5,27.50,137.50,completed,2026-07-13T06:14:33+00:00
ORD-025548,7,3,27in 1440p Monitor,displays,4,319.99,1279.96,completed,2026-07-13T17:27:16+00:00
ORD-025549,4,3,27in 1440p Monitor,displays,2,319.99,639.98,completed,2026-07-13T09:32:22+00:00
ORD-025550,10,6,Desk Speakers Pair,audio,4,89.00,356.00,cancelled,2026-07-13T12:21:04+00:00
ORD-025551,4,6,Desk Speakers Pair,audio,1,89.00,89.00,cancelled,2026-07-13T03:04:36+00:00
ORD-025552,7,4,34in Ultrawide Monitor,displays,4,579.00,2316.00,completed,2026-07-13T01:55:07+00:00
ORD-025553,2,8,Ergonomic Chair,furniture,4,612.75,2451.00,pending,2026-07-13T23:15:53+00:00
ORD-025554,5,2,Wireless Mouse,peripherals,2,49.50,99.00,pending,2026-07-13T02:54:08+00:00
ORD-025555,3,8,Ergonomic Chair,furniture,4,612.75,2451.00,cancelled,2026-07-13T07:48:15+00:00
ORD-025556,8,7,Standing Desk 120cm,furniture,2,449.00,898.00,pending,2026-07-13T08:06:06+00:00
ORD-025557,7,6,Desk Speakers Pair,audio,5,89.00,445.00,refunded,2026-07-13T06:21:44+00:00
ORD-025558,4,8,Ergonomic Chair,furniture,3,612.75,1838.25,completed,2026-07-13T00:13:34+00:00
ORD-025559,4,6,Desk Speakers Pair,audio,1,89.00,89.00,completed,2026-07-13T00:25:21+00:00
ORD-025560,8,1,Mechanical Keyboard 75%,peripherals,4,129.00,516.00,pending,2026-07-13T15:00:55+00:00
ORD-025561,8,1,Mechanical Keyboard 75%,peripherals,1,129.00,129.00,pending,2026-07-13T00:35:59+00:00
ORD-025562,4,3,27in 1440p Monitor,displays,4,319.99,1279.96,cancelled,2026-07-13T06:19:07+00:00
ORD-025563,1,3,27in 1440p Monitor,displays,1,319.99,319.99,cancelled,2026-07-13T07:29:59+00:00
ORD-025564,8,2,Wireless Mouse,peripherals,2,49.50,99.00,cancelled,2026-07-13T10:15:27+00:00
ORD-025565,6,2,Wireless Mouse,peripherals,2,49.50,99.00,cancelled,2026-07-13T17:36:04+00:00
ORD-025566,5,4,34in Ultrawide Monitor,displays,4,579.00,2316.00,pending,2026-07-13T13:37:13+00:00
ORD-025567,10,7,Standing Desk 120cm,furniture,5,449.00,2245.00,cancelled,2026-07-13T22:25:15+00:00
ORD-025568,4,6,Desk Speakers Pair,audio,1,89.00,89.00,refunded,2026-07-13T20:26:33+00:00
ORD-025569,10,4,34in Ultrawide Monitor,displays,4,579.00,2316.00,cancelled,2026-07-13T15:26:45+00:00
ORD-025570,3,7,Standing Desk 120cm,furniture,1,449.00,449.00,cancelled,2026-07-13T20:47:09+00:00
ORD-025571,2,8,Ergonomic Chair,furniture,3,612.75,1838.25,completed,2026-07-13T01:29:19+00:00
ORD-025572,3,1,Mechanical Keyboard 75%,peripherals,3,129.00,387.00,completed,2026-07-13T06:36:44+00:00
ORD-025573,9,3,27in 1440p Monitor,displays,1,319.99,319.99,cancelled,2026-07-13T12:17:15+00:00
ORD-025574,5,4,34in Ultrawide Monitor,displays,4,579.00,2316.00,cancelled,2026-07-13T12:06:35+00:00
ORD-025575,3,4,34in Ultrawide Monitor,displays,3,579.00,1737.00,refunded,2026-07-13T20:49:47+00:00
ORD-025576,8,6,Desk Speakers Pair,audio,2,89.00,178.00,refunded,2026-07-13T22:39:40+00:00
ORD-025577,4,5,Over-ear Headphones,audio,2,199.95,399.90,cancelled,2026-07-13T05:07:02+00:00
ORD-025578,4,2,Wireless Mouse,peripherals,4,49.50,198.00,refunded,2026-07-13T09:24:36+00:00
ORD-025579,2,2,Wireless Mouse,peripherals,1,49.50,49.50,completed,2026-07-13T15:54:50+00:00
ORD-025580,10,5,Over-ear Headphones,audio,2,199.95,399.90,pending,2026-07-13T07:25:29+00:00
ORD-025581,5,2,Wireless Mouse,peripherals,3,49.50,148.50,pending,2026-07-13T07:52:36+00:00
ORD-025582,9,10,Laptop Stand Aluminium,accessories,5,27.50,137.50,cancelled,2026-07-13T07:50:27+00:00
ORD-025583,7,4,34in Ultrawide Monitor,displays,3,579.00,1737.00,pending,2026-07-13T05:29:40+00:00
ORD-025584,8,1,Mechanical Keyboard 75%,peripherals,1,129.00,129.00,refunded,2026-07-13T13:05:30+00:00
ORD-025585,10,10,Laptop Stand Aluminium,accessories,3,27.50,82.50,completed,2026-07-13T01:05:13+00:00
ORD-025586,10,6,Desk Speakers Pair,audio,5,89.00,445.00,completed,2026-07-13T14:53:16+00:00
ORD-025587,4,4,34in Ultrawide Monitor,displays,4,579.00,2316.00,completed,2026-07-13T02:25:31+00:00
ORD-025588,4,8,Ergonomic Chair,furniture,4,612.75,2451.00,cancelled,2026-07-13T18:19:43+00:00
ORD-025589,7,2,Wireless Mouse,peripherals,2,49.50,99.00,completed,2026-07-13T07:06:31+00:00
ORD-025590,7,2,Wireless Mouse,peripherals,1,49.50,49.50,refunded,2026-07-13T07:39:44+00:00
ORD-025591,1,10,Laptop Stand Aluminium,accessories,2,27.50,55.00,refunded,2026-07-13T20:25:27+00:00
ORD-025592,2,2,Wireless Mouse,peripherals,5,49.50,247.50,cancelled,2026-07-13T01:42:15+00:00
ORD-025593,7,6,Desk Speakers Pair,audio,2,89.00,178.00,cancelled,2026-07-13T12:12:07+00:00
ORD-025594,7,10,Laptop Stand Aluminium,accessories,5,27.50,137.50,refunded,2026-07-13T17:10:50+00:00
ORD-025595,6,5,Over-ear Headphones,audio,5,199.95,999.75,cancelled,2026-07-13T18:43:19+00:00
ORD-025596,4,5,Over-ear Headphones,audio,2,199.95,399.90,completed,2026-07-13T02:44:02+00:00
ORD-025597,9,8,Ergonomic Chair,furniture,1,612.75,612.75,cancelled,2026-07-13T13:18:49+00:00
ORD-025598,5,4,34in Ultrawide Monitor,displays,4,579.00,2316.00,cancelled,2026-07-13T15:45:39+00:00
ORD-025599,3,8,Ergonomic Chair,furniture,4,612.75,2451.00,pending,2026-07-13T13:59:05+00:00
ORD-025600,4,1,Mechanical Keyboard 75%,peripherals,3,129.00,387.00,completed,2026-07-13T02:02:12+00:00
ORD-025601,1,6,Desk Speakers Pair,audio,1,89.00,89.00,completed,2026-07-13T01:56:42+00:00
ORD-025602,6,2,Wireless Mouse,peripherals,1,49.50,49.50,pending,2026-07-13T06:12:56+00:00
ORD-025603,2,3,27in 1440p Monitor,displays,3,319.99,959.97,pending,2026-07-13T19:32:50+00:00
ORD-025604,4,10,Laptop Stand Aluminium,accessories,4,27.50,110.00,completed,2026-07-13T07:04:45+00:00
ORD-025605,4,8,Ergonomic Chair,furniture,4,612.75,2451.00,pending,2026-07-13T15:13:27+00:00
ORD-025606,8,2,Wireless Mouse,peripherals,1,49.50,49.50,completed,2026-07-13T22:48:37+00:00
ORD-025607,4,5,Over-ear Headphones,audio,4,199.95,799.80,completed,2026-07-13T18:34:50+00:00
ORD-025608,6,10,Laptop Stand Aluminium,accessories,1,27.50,27.50,cancelled,2026-07-13T04:53:23+00:00
ORD-025609,1,5,Over-ear Headphones,audio,5,199.95,999.75,refunded,2026-07-13T07:51:14+00:00
ORD-025610,4,3,27in 1440p Monitor,displays,1,319.99,319.99,pending,2026-07-13T16:47:14+00:00
ORD-025611,7,3,27in 1440p Monitor,displays,2,319.99,639.98,cancelled,2026-07-13T01:22:45+00:00
ORD-025612,10,2,Wireless Mouse,peripherals,4,49.50,198.00,pending,2026-07-13T16:40:39+00:00
ORD-025613,8,5,Over-ear Headphones,audio,1,199.95,199.95,completed,2026-07-13T03:07:46+00:00
ORD-025614,9,4,34in Ultrawide Monitor,displays,5,579.00,2895.00,refunded,2026-07-13T10:58:36+00:00
ORD-025615,5,9,USB-C Hub 8-in-1,accessories,1,39.99,39.99,refunded,2026-07-13T17:39:28+00:00
ORD-025616,6,10,Laptop Stand Aluminium,accessories,1,27.50,27.50,pending,2026-07-13T09:38:51+00:00
ORD-025617,4,6,Desk Speakers Pair,audio,2,89.00,178.00,completed,2026-07-13T02:15:00+00:00
ORD-025618,2,10,Laptop Stand Aluminium,accessories,2,27.50,55.00,pending,2026-07-13T09:18:46+00:00
ORD-025619,9,6,Desk Speakers Pair,audio,5,89.00,445.00,completed,2026-07-13T04:12:01+00:00
ORD-025620,5,2,Wireless Mouse,peripherals,4,49.50,198.00,refunded,2026-07-13T13:50:36+00:00
ORD-025621,5,2,Wireless Mouse,peripherals,4,49.50,198.00,cancelled,2026-07-13T21:54:34+00:00
ORD-025622,2,1,Mechanical Keyboard 75%,peripherals,3,129.00,387.00,cancelled,2026-07-13T20:55:03+00:00
ORD-025623,8,10,Laptop Stand Aluminium,accessories,5,27.50,137.50,pending,2026-07-13T23:29:26+00:00
ORD-025624,3,6,Desk Speakers Pair,audio,3,89.00,267.00,pending,2026-07-13T13:22:50+00:00
ORD-025625,5,4,34in Ultrawide Monitor,displays,2,579.00,1158.00,pending,2026-07-13T15:57:25+00:00
ORD-025626,5,6,Desk Speakers Pair,audio,2,89.00,178.00,pending,2026-07-13T06:06:57+00:00
ORD-025627,1,3,27in 1440p Monitor,displays,2,319.99,639.98,refunded,2026-07-13T04:40:58+00:00
ORD-025628,9,10,Laptop Stand Aluminium,accessories,1,27.50,27.50,refunded,2026-07-13T14:35:11+00:00
ORD-025629,6,1,Mechanical Keyboard 75%,peripherals,1,129.00,129.00,completed,2026-07-13T19:07:39+00:00
ORD-025630,1,10,Laptop Stand Aluminium,accessories,1,27.50,27.50,completed,2026-07-13T06:55:34+00:00
ORD-025631,3,9,USB-C Hub 8-in-1,accessories,4,39.99,159.96,completed,2026-07-13T23:32:11+00:00
ORD-025632,2,3,27in 1440p Monitor,displays,5,319.99,1599.95,cancelled,2026-07-13T10:44:36+00:00
ORD-025633,2,5,Over-ear Headphones,audio,2,199.95,399.90,completed,2026-07-13T18:47:47+00:00
ORD-025634,3,9,USB-C Hub 8-in-1,accessories,5,39.99,199.95,refunded,2026-07-13T16:19:51+00:00
ORD-025635,8,10,Laptop Stand Aluminium,accessories,5,27.50,137.50,refunded,2026-07-13T06:08:26+00:00
ORD-025636,5,8,Ergonomic Chair,furniture,2,612.75,1225.50,cancelled,2026-07-13T14:22:25+00:00
ORD-025637,4,1,Mechanical Keyboard 75%,peripherals,5,129.00,645.00,refunded,2026-07-13T19:26:53+00:00
ORD-025638,4,10,Laptop Stand Aluminium,accessories,3,27.50,82.50,pending,2026-07-13T14:00:20+00:00
ORD-025639,5,8,Ergonomic Chair,furniture,1,612.75,612.75,completed,2026-07-13T10:04:42+00:00
ORD-025640,6,2,Wireless Mouse,peripherals,5,49.50,247.50,unknown_status,2026-07-13T20:29:11+00:00
ORD-025641,1,10,Laptop Stand Aluminium,accessories,2,27.50,55.00,cancelled,2026-07-13T01:06:46+00:00
ORD-025642,9,3,27in 1440p Monitor,displays,2,319.99,639.98,cancelled,2026-07-13T08:41:48+00:00
ORD-025643,10,5,Over-ear Headphones,audio,2,199.95,399.90,refunded,2026-07-13T18:49:20+00:00
ORD-025644,9,4,34in Ultrawide Monitor,displays,2,579.00,1158.00,completed,2026-07-13T09:07:07+00:00
ORD-025645,8,5,Over-ear Headphones,audio,1,199.95,199.95,refunded,2026-07-13T14:47:19+00:00
ORD-025646,8,5,Over-ear Headphones,audio,3,199.95,599.85,refunded,2026-07-13T01:38:32+00:00
ORD-025647,8,5,Over-ear Headphones,audio,1,199.95,199.95,refunded,2026-07-13T22:08:39+00:00
ORD-025648,5,8,Ergonomic Chair,furniture,4,612.75,2451.00,refunded,2026-07-13T16:55:11+00:00
ORD-025649,3,2,Wireless Mouse,peripherals,3,49.50,148.50,refunded,2026-07-13T06:16:16+00:00
ORD-025650,10,3,27in 1440p Monitor,displays,3,319.99,959.97,completed,2026-07-13T09:25:47+00:00
ORD-025651,3,2,Wireless Mouse,peripherals,5,49.50,247.50,refunded,2026-07-13T20:18:48+00:00
ORD-025652,9,3,27in 1440p Monitor,displays,2,319.99,639.98,completed,2026-07-13T00:39:18+00:00
ORD-025653,10,4,34in Ultrawide Monitor,displays,4,579.00,2316.00,cancelled,2026-07-13T13:00:20+00:00
ORD-025654,8,7,Standing Desk 120cm,furniture,4,449.00,1796.00,pending,2026-07-13T12:16:38+00:00
ORD-025655,1,10,Laptop Stand Aluminium,accessories,3,27.50,82.50,pending,2026-07-13T10:23:13+00:00
ORD-025656,2,8,Ergonomic Chair,furniture,1,612.75,612.75,cancelled,2026-07-13T12:24:28+00:00
ORD-025657,7,2,Wireless Mouse,peripherals,4,49.50,198.00,completed,2026-07-13T02:47:32+00:00
ORD-025658,10,4,34in Ultrawide Monitor,displays,2,579.00,1158.00,completed,2026-07-13T11:20:30+00:00
ORD-025659,8,7,Standing Desk 120cm,furniture,5,449.00,2245.00,completed,2026-07-13T01:42:41+00:00
ORD-025660,3,1,Mechanical Keyboard 75%,peripherals,2,129.00,258.00,cancelled,2026-07-13T09:44:18+00:00
ORD-025661,10,6,Desk Speakers Pair,audio,5,89.00,445.00,cancelled,2026-07-13T18:12:28+00:00
ORD-025662,6,8,Ergonomic Chair,furniture,5,612.75,3063.75,completed,2026-07-13T23:51:14+00:00
ORD-025663,6,7,Standing Desk 120cm,furniture,2,449.00,898.00,refunded,2026-07-13T03:51:23+00:00
ORD-025664,4,3,27in 1440p Monitor,displays,5,319.99,1599.95,pending,2026-07-13T12:44:39+00:00
ORD-025665,10,4,34in Ultrawide Monitor,displays,2,579.00,1158.00,completed,2026-07-13T03:02:22+00:00
ORD-025666,7,7,Standing Desk 120cm,furniture,3,449.00,1347.00,refunded,2026-07-13T09:40:30+00:00
ORD-025667,9,8,Ergonomic Chair,furniture,4,612.75,2451.00,pending,2026-07-13T20:31:01+00:00
ORD-025668,1,10,Laptop Stand Aluminium,accessories,2,27.50,55.00,refunded,2026-07-13T09:07:30+00:00
ORD-025669,2,6,Desk Speakers Pair,audio,3,89.00,267.00,pending,2026-07-13T06:06:39+00:00
ORD-025670,6,1,Mechanical Keyboard 75%,peripherals,2,129.00,258.00,pending,2026-07-13T19:10:16+00:00
ORD-025671,1,4,34in Ultrawide Monitor,displays,2,579.00,1158.00,pending,2026-07-13T19:25:04+00:00
ORD-025672,5,10,Laptop Stand Aluminium,accessories,2,27.50,55.00,pending,2026-07-13T09:37:24+00:00
ORD-025673,7,6,Desk Speakers Pair,audio,3,89.00,267.00,refunded,2026-07-13T23:23:27+00:00
ORD-025674,10,3,27in 1440p Monitor,displays,5,319.99,1599.95,refunded,2026-07-13T21:06:51+00:00
ORD-025675,2,9,USB-C Hub 8-in-1,accessories,5,39.99,199.95,refunded,2026-07-13T07:55:37+00:00
ORD-025676,5,7,Standing Desk 120cm,furniture,2,449.00,898.00,cancelled,2026-07-13T06:19:14+00:00
ORD-025677,5,9,USB-C Hub 8-in-1,accessories,4,39.99,159.96,cancelled,2026-07-13T00:11:00+00:00
ORD-025678,5,8,Ergonomic Chair,furniture,4,612.75,2451.00,completed,2026-07-13T19:25:52+00:00
ORD-025679,4,9,USB-C Hub 8-in-1,accessories,5,39.99,199.95,cancelled,2026-07-13T10:42:14+00:00
ORD-025680,10,2,Wireless Mouse,peripherals,1,49.50,49.50,pending,2026-07-13T01:36:14+00:00
ORD-025681,9,10,Laptop Stand Aluminium,accessories,3,27.50,82.50,cancelled,2026-07-13T21:49:13+00:00
ORD-025682,3,7,Standing Desk 120cm,furniture,4,449.00,1796.00,pending,2026-07-13T21:15:47+00:00
ORD-025683,1,8,Ergonomic Chair,furniture,1,612.75,612.75,refunded,2026-07-13T21:18:23+00:00
ORD-025684,6,7,Standing Desk 120cm,furniture,1,449.00,449.00,cancelled,2026-07-13T01:50:39+00:00
ORD-025685,8,1,Mechanical Keyboard 75%,peripherals,4,129.00,516.00,refunded,2026-07-13T13:18:02+00:00
ORD-025686,7,3,27in 1440p Monitor,displays,4,319.99,1279.96,completed,2026-07-13T20:37:14+00:00
ORD-025687,7,2,Wireless Mouse,peripherals,2,49.50,99.00,pending,2026-07-13T19:47:56+00:00
ORD-025688,1,3,27in 1440p Monitor,displays,2,319.99,639.98,refunded,2026-07-13T05:45:05+00:00
ORD-025689,3,5,Over-ear Headphones,audio,2,199.95,399.90,cancelled,2026-07-13T21:16:50+00:00
ORD-025690,10,8,Ergonomic Chair,furniture,4,612.75,2451.00,pending,2026-07-13T20:10:57+00:00
ORD-025691,8,8,Ergonomic Chair,furniture,4,612.75,2451.00,refunded,2026-07-13T22:58:32+00:00
ORD-025692,1,1,Mechanical Keyboard 75%,peripherals,4,129.00,516.00,refunded,2026-07-13T10:19:58+00:00
ORD-025693,5,9,USB-C Hub 8-in-1,accessories,1,39.99,39.99,completed,2026-07-13T18:00:25+00:00
ORD-025694,6,7,Standing Desk 120cm,furniture,2,449.00,898.00,cancelled,2026-07-13T19:30:09+00:00
ORD-025695,3,3,27in 1440p Monitor,displays,3,319.99,959.97,cancelled,2026-07-13T11:23:24+00:00
ORD-025696,2,2,Wireless Mouse,peripherals,3,49.50,148.50,refunded,2026-07-13T03:38:17+00:00
ORD-025697,10,8,Ergonomic Chair,furniture,1,612.75,612.75,completed,2026-07-13T11:22:52+00:00
ORD-025698,9,4,34in Ultrawide Monitor,displays,4,579.00,2316.00,cancelled,2026-07-13T04:27:21+00:00
ORD-025699,2,7,Standing Desk 120cm,furniture,2,449.00,898.00,refunded,2026-07-13T00:28:02+00:00
ORD-025700,6,2,Wireless Mouse,peripherals,1,49.50,49.50,completed,2026-07-13T10:48:38+00:00
ORD-025701,7,7,Standing Desk 120cm,furniture,4,449.00,1796.00,pending,2026-07-13T04:41:45+00:00
ORD-025702,7,7,Standing Desk 120cm,furniture,3,449.00,1347.00,completed,2026-07-13T22:31:03+00:00
ORD-025703,1,7,Standing Desk 120cm,furniture,2,449.00,898.00,pending,2026-07-13T11:25:14+00:00
ORD-025704,2,4,34in Ultrawide Monitor,displays,2,579.00,1158.00,cancelled,2026-07-13T07:46:00+00:00
ORD-025705,6,3,27in 1440p Monitor,displays,2,319.99,639.98,cancelled,2026-07-13T07:09:15+00:00
ORD-025706,2,9,USB-C Hub 8-in-1,accessories,1,39.99,39.99,cancelled,2026-07-13T23:20:30+00:00
ORD-025707,10,10,Laptop Stand Aluminium,accessories,4,27.50,110.00,completed,2026-07-13T01:22:43+00:00
ORD-025708,9,5,Over-ear Headphones,audio,3,199.95,599.85,cancelled,2026-07-13T16:58:50+00:00
ORD-025709,6,4,34in Ultrawide Monitor,displays,5,579.00,2895.00,refunded,2026-07-13T00:28:33+00:00
ORD-025710,2,10,Laptop Stand Aluminium,accessories,3,27.50,82.50,pending,2026-07-13T02:22:12+00:00
ORD-025711,4,4,34in Ultrawide Monitor,displays,2,579.00,1158.00,cancelled,2026-07-13T20:20:36+00:00
ORD-025712,1,9,USB-C Hub 8-in-1,accessories,3,39.99,119.97,pending,2026-07-13T03:59:49+00:00
ORD-025713,5,7,Standing Desk 120cm,furniture,1,449.00,449.00,pending,2026-07-13T19:32:56+00:00
ORD-025714,6,1,Mechanical Keyboard 75%,peripherals,1,129.00,129.00,refunded,2026-07-13T19:32:17+00:00
ORD-025715,4,6,Desk Speakers Pair,audio,3,89.00,267.00,cancelled,2026-07-13T13:00:18+00:00
ORD-025716,6,3,27in 1440p Monitor,displays,4,319.99,1279.96,refunded,2026-07-13T05:38:37+00:00
ORD-025717,5,1,Mechanical Keyboard 75%,peripherals,2,129.00,258.00,refunded,2026-07-13T23:11:07+00:00
ORD-025718,5,3,27in 1440p Monitor,displays,5,319.99,1599.95,cancelled,2026-07-13T05:37:14+00:00
ORD-025719,4,7,Standing Desk 120cm,furniture,4,449.00,1796.00,completed,2026-07-13T19:51:19+00:00
ORD-025720,4,3,27in 1440p Monitor,displays,1,319.99,319.99,refunded,2026-07-13T03:19:28+00:00
ORD-025721,5,10,Laptop Stand Aluminium,accessories,2,27.50,55.00,pending,2026-07-13T04:24:41+00:00
ORD-025722,5,8,Ergonomic Chair,furniture,4,612.75,2451.00,completed,2026-07-13T07:01:23+00:00
ORD-025723,5,1,Mechanical Keyboard 75%,peripherals,3,129.00,387.00,pending,2026-07-13T08:58:59+00:00
ORD-025724,10,2,Wireless Mouse,peripherals,2,49.50,99.00,refunded,2026-07-13T06:33:46+00:00
ORD-025725,10,3,27in 1440p Monitor,displays,4,319.99,1279.96,pending,2026-07-13T17:03:10+00:00
ORD-025726,2,5,Over-ear Headphones,audio,4,199.95,799.80,cancelled,2026-07-13T20:00:48+00:00
ORD-025727,2,6,Desk Speakers Pair,audio,5,89.00,445.00,completed,2026-07-13T08:49:52+00:00
ORD-025728,10,1,Mechanical Keyboard 75%,peripherals,2,129.00,258.00,pending,2026-07-13T06:38:46+00:00
ORD-025729,7,10,Laptop Stand Aluminium,accessories,4,27.50,110.00,cancelled,2026-07-13T00:54:07+00:00
ORD-025730,4,2,Wireless Mouse,peripherals,5,49.50,247.50,pending,2026-07-13T02:59:28+00:00
ORD-025731,5,9,USB-C Hub 8-in-1,accessories,2,39.99,79.98,cancelled,2026-07-13T06:46:15+00:00
ORD-025732,5,10,Laptop Stand Aluminium,accessories,2,27.50,55.00,pending,2026-07-13T10:12:19+00:00
ORD-025733,10,5,Over-ear Headphones,audio,5,199.95,999.75,cancelled,2026-07-13T03:10:35+00:00
ORD-025734,4,7,Standing Desk 120cm,furniture,2,449.00,898.00,refunded,2026-07-13T15:41:55+00:00
ORD-025735,7,6,Desk Speakers Pair,audio,4,89.00,356.00,completed,2026-07-13T05:55:16+00:00
ORD-025736,7,3,27in 1440p Monitor,displays,1,319.99,319.99,pending,2026-07-13T08:51:13+00:00
ORD-025737,9,2,Wireless Mouse,peripherals,1,49.50,49.50,refunded,2026-07-13T17:54:06+00:00
ORD-025738,5,5,Over-ear Headphones,audio,2,199.95,399.90,refunded,2026-07-13T10:58:21+00:00
ORD-025739,8,8,Ergonomic Chair,furniture,2,612.75,1225.50,cancelled,2026-07-13T20:10:52+00:00
ORD-025740,8,3,27in 1440p Monitor,displays,2,319.99,639.98,pending,2026-07-13T20:07:59+00:00
ORD-025741,10,7,Standing Desk 120cm,furniture,2,449.00,898.00,pending,2026-07-13T15:58:02+00:00
ORD-025742,4,4,34in Ultrawide Monitor,displays,1,579.00,579.00,refunded,2026-07-13T04:31:08+00:00
ORD-025743,6,7,Standing Desk 120cm,furniture,5,449.00,2245.00,pending,2026-07-13T19:49:41+00:00
ORD-025744,4,3,27in 1440p Monitor,displays,2,319.99,639.98,cancelled,2026-07-13T12:58:54+00:00
ORD-025745,5,3,27in 1440p Monitor,displays,2,319.99,639.98,cancelled,2026-07-13T14:25:42+00:00
ORD-025746,2,7,Standing Desk 120cm,furniture,1,449.00,449.00,completed,2026-07-13T23:29:18+00:00
ORD-025747,6,4,34in Ultrawide Monitor,displays,2,579.00,1158.00,completed,2026-07-13T09:03:08+00:00
ORD-025748,6,3,27in 1440p Monitor,displays,1,319.99,319.99,completed,2026-07-13T07:49:34+00:00
ORD-025749,6,3,27in 1440p Monitor,displays,3,319.99,959.97,completed,2026-07-13T19:09:26+00:00
ORD-025750,4,3,27in 1440p Monitor,displays,4,319.99,1279.96,refunded,2026-07-13T22:48:57+00:00
ORD-025751,1,8,Ergonomic Chair,furniture,4,612.75,2451.00,refunded,2026-07-13T18:06:45+00:00
ORD-025752,1,10,Laptop Stand Aluminium,accessories,3,27.50,82.50,refunded,2026-07-13T06:27:08+00:00
ORD-025753,9,9,USB-C Hub 8-in-1,accessories,1,39.99,39.99,pending,2026-07-13T05:02:55+00:00
ORD-025754,1,9,USB-C Hub 8-in-1,accessories,4,39.99,159.96,cancelled,2026-07-13T03:19:35+00:00
ORD-025755,2,4,34in Ultrawide Monitor,displays,1,579.00,579.00,refunded,2026-07-13T07:28:59+00:00
ORD-025756,4,6,Desk Speakers Pair,audio,2,89.00,178.00,pending,2026-07-13T22:34:44+00:00
ORD-025757,7,2,Wireless Mouse,peripherals,2,49.50,99.00,completed,2026-07-13T03:08:02+00:00
ORD-025758,6,4,34in Ultrawide Monitor,displays,5,579.00,2895.00,pending,2026-07-13T19:17:48+00:00
ORD-025759,9,3,27in 1440p Monitor,displays,1,319.99,319.99,cancelled,2026-07-13T18:28:14+00:00
ORD-025760,5,6,Desk Speakers Pair,audio,4,89.00,356.00,refunded,2026-07-13T22:31:14+00:00
ORD-025761,1,1,Mechanical Keyboard 75%,peripherals,4,129.00,516.00,cancelled,2026-07-13T16:02:56+00:00
ORD-025762,9,1,Mechanical Keyboard 75%,peripherals,1,129.00,129.00,refunded,2026-07-13T13:57:53+00:00
ORD-025763,8,3,27in 1440p Monitor,displays,4,319.99,1279.96,cancelled,2026-07-13T08:00:30+00:00
ORD-025764,1,3,27in 1440p Monitor,displays,1,319.99,319.99,refunded,2026-07-13T21:28:34+00:00
ORD-025765,7,5,Over-ear Headphones,audio,1,199.95,199.95,refunded,2026-07-13T08:47:25+00:00
ORD-025766,5,10,Laptop Stand Aluminium,accessories,4,27.50,110.00,completed,2026-07-13T12:01:53+00:00
ORD-025767,10,6,Desk Speakers Pair,audio,2,89.00,178.00,cancelled,2026-07-13T03:00:30+00:00
ORD-025768,8,1,Mechanical Keyboard 75%,peripherals,5,129.00,645.00,cancelled,2026-07-13T13:51:13+00:00
ORD-025769,4,10,Laptop Stand Aluminium,accessories,3,27.50,82.50,refunded,2026-07-13T21:30:34+00:00
ORD-025770,4,9,USB-C Hub 8-in-1,accessories,2,39.99,79.98,cancelled,2026-07-13T10:13:13+00:00
ORD-025771,1,4,34in Ultrawide Monitor,displays,1,579.00,579.00,pending,2026-07-13T19:19:59+00:00
ORD-025772,10,2,Wireless Mouse,peripherals,2,49.50,99.00,pending,2026-07-13T00:50:02+00:00
ORD-025773,7,6,Desk Speakers Pair,audio,4,89.00,356.00,pending,2026-07-13T15:53:32+00:00
ORD-025774,5,2,Wireless Mouse,peripherals,4,49.50,198.00,pending,2026-07-13T10:08:56+00:00
ORD-025775,8,9,USB-C Hub 8-in-1,accessories,4,39.99,159.96,pending,2026-07-13T01:39:58+00:00
ORD-025776,7,1,Mechanical Keyboard 75%,peripherals,2,129.00,258.00,pending,2026-07-13T04:11:15+00:00
ORD-025777,2,10,Laptop Stand Aluminium,accessories,3,27.50,82.50,completed,2026-07-13T21:27:13+00:00
ORD-025778,7,9,USB-C Hub 8-in-1,accessories,5,39.99,199.95,completed,2026-07-13T20:36:39+00:00
ORD-025779,4,9,USB-C Hub 8-in-1,accessories,3,39.99,119.97,pending,2026-07-13T19:48:09+00:00
ORD-025780,4,3,27in 1440p Monitor,displays,4,319.99,1279.96,completed,2026-07-13T21:26:44+00:00
ORD-025781,1,8,Ergonomic Chair,furniture,5,612.75,3063.75,completed,2026-07-13T06:54:30+00:00
ORD-025782,4,7,Standing Desk 120cm,furniture,4,449.00,1796.00,pending,2026-07-13T12:57:09+00:00
ORD-025783,3,6,Desk Speakers Pair,audio,4,89.00,356.00,pending,2026-07-13T17:17:21+00:00
ORD-025784,4,5,Over-ear Headphones,audio,2,199.95,399.90,pending,2026-07-13T19:25:17+00:00
ORD-025785,2,5,Over-ear Headphones,audio,1,199.95,199.95,completed,2026-07-13T20:45:53+00:00
ORD-025786,10,2,Wireless Mouse,peripherals,4,49.50,198.00,completed,2026-07-13T00:33:57+00:00
ORD-025787,1,5,Over-ear Headphones,audio,3,199.95,599.85,refunded,2026-07-13T07:34:18+00:00
ORD-025788,2,6,Desk Speakers Pair,audio,3,89.00,267.00,refunded,2026-07-13T06:59:44+00:00
ORD-025789,6,6,Desk Speakers Pair,audio,2,89.00,178.00,refunded,2026-07-13T01:28:23+00:00
ORD-025790,9,8,Ergonomic Chair,furniture,4,612.75,2451.00,cancelled,2026-07-13T21:54:20+00:00
ORD-025791,8,1,Mechanical Keyboard 75%,peripherals,1,129.00,129.00,pending,2026-07-13T01:03:41+00:00
ORD-025792,1,6,Desk Speakers Pair,audio,5,89.00,445.00,refunded,2026-07-13T00:53:03+00:00
ORD-025793,3,5,Over-ear Headphones,audio,1,199.95,199.95,pending,2026-07-13T04:12:03+00:00
ORD-025794,5,7,Standing Desk 120cm,furniture,4,449.00,1796.00,pending,2026-07-13T13:50:57+00:00
ORD-025795,3,8,Ergonomic Chair,furniture,3,612.75,1838.25,completed,2026-07-13T19:11:06+00:00
ORD-025796,7,7,Standing Desk 120cm,furniture,2,449.00,898.00,completed,2026-07-13T13:59:47+00:00
ORD-025797,8,8,Ergonomic Chair,furniture,1,612.75,612.75,cancelled,2026-07-13T18:27:26+00:00
ORD-025798,10,7,Standing Desk 120cm,furniture,3,449.00,1347.00,completed,2026-07-13T06:15:27+00:00
ORD-025799,8,5,Over-ear Headphones,audio,2,199.95,399.90,pending,2026-07-13T15:27:12+00:00
ORD-025800,8,1,Mechanical Keyboard 75%,peripherals,4,129.00,516.00,cancelled,2026-07-13T03:02:45+00:00
ORD-025801,8,7,Standing Desk 120cm,furniture,5,449.00,2245.00,refunded,2026-07-13T19:15:49+00:00
ORD-025802,1,4,34in Ultrawide Monitor,displays,4,579.00,2316.00,refunded,2026-07-13T16:00:04+00:00
ORD-025803,4,3,27in 1440p Monitor,displays,3,319.99,959.97,pending,2026-07-13T04:17:19+00:00
ORD-025804,6,5,Over-ear Headphones,audio,3,199.95,599.85,pending,2026-07-13T23:37:29+00:00
ORD-025805,8,8,Ergonomic Chair,furniture,4,612.75,2451.00,refunded,2026-07-13T02:01:17+00:00
ORD-025806,3,6,Desk Speakers Pair,audio,3,89.00,267.00,pending,2026-07-13T15:26:01+00:00
ORD-025807,8,10,Laptop Stand Aluminium,accessories,2,27.50,55.00,cancelled,2026-07-13T07:36:28+00:00
ORD-025808,10,3,27in 1440p Monitor,displays,4,319.99,1279.96,refunded,2026-07-13T17:17:35+00:00
ORD-025809,8,6,Desk Speakers Pair,audio,5,89.00,445.00,completed,2026-07-13T18:47:10+00:00
ORD-025810,10,7,Standing Desk 120cm,furniture,3,449.00,1347.00,completed,2026-07-13T11:18:27+00:00
ORD-025811,3,4,34in Ultrawide Monitor,displays,2,579.00,1158.00,pending,2026-07-13T01:57:20+00:00
ORD-025812,6,8,Ergonomic Chair,furniture,3,612.75,1838.25,refunded,2026-07-13T23:18:41+00:00
ORD-025813,1,7,Standing Desk 120cm,furniture,4,449.00,1796.00,completed,2026-07-13T14:03:33+00:00
ORD-025814,2,8,Ergonomic Chair,furniture,2,612.75,1225.50,pending,2026-07-13T22:49:25+00:00
ORD-025815,4,2,Wireless Mouse,peripherals,5,49.50,247.50,refunded,2026-07-13T18:14:09+00:00
ORD-025816,6,3,27in 1440p Monitor,displays,1,319.99,319.99,refunded,2026-07-13T15:47:21+00:00
ORD-025817,10,7,Standing Desk 120cm,furniture,5,449.00,2245.00,pending,2026-07-13T18:47:27+00:00
ORD-025818,8,4,34in Ultrawide Monitor,displays,4,579.00,2316.00,refunded,2026-07-13T13:03:38+00:00
ORD-025819,3,2,Wireless Mouse,peripherals,1,49.50,49.50,completed,2026-07-13T19:07:48+00:00
ORD-025820,8,1,Mechanical Keyboard 75%,peripherals,3,129.00,387.00,completed,2026-07-13T22:25:47+00:00
ORD-025821,3,6,Desk Speakers Pair,audio,2,89.00,178.00,cancelled,2026-07-13T18:30:22+00:00
ORD-025822,7,6,Desk Speakers Pair,audio,2,89.00,178.00,completed,2026-07-13T09:20:40+00:00
ORD-025823,1,7,Standing Desk 120cm,furniture,5,449.00,2245.00,completed,2026-07-13T11:51:55+00:00
ORD-025824,3,6,Desk Speakers Pair,audio,3,89.00,267.00,cancelled,2026-07-13T00:26:44+00:00
ORD-025825,6,3,27in 1440p Monitor,displays,1,319.99,319.99,refunded,2026-07-13T11:09:39+00:00
ORD-025826,5,10,Laptop Stand Aluminium,accessories,3,27.50,82.50,completed,2026-07-13T16:36:28+00:00
ORD-025827,2,7,Standing Desk 120cm,furniture,2,449.00,898.00,refunded,2026-07-13T14:25:09+00:00
ORD-025828,8,3,27in 1440p Monitor,displays,5,319.99,1599.95,unknown_status,2026-07-13T13:50:28+00:00
ORD-025829,5,9,USB-C Hub 8-in-1,accessories,3,39.99,119.97,pending,2026-07-13T12:44:45+00:00
ORD-025830,5,10,Laptop Stand Aluminium,accessories,3,27.50,82.50,refunded,2026-07-13T10:26:52+00:00
ORD-025831,4,8,Ergonomic Chair,furniture,2,612.75,1225.50,pending,2026-07-13T09:22:34+00:00
ORD-025832,9,6,Desk Speakers Pair,audio,3,89.00,267.00,cancelled,2026-07-13T09:20:04+00:00
ORD-025833,10,5,Over-ear Headphones,audio,2,199.95,399.90,completed,2026-07-13T08:23:57+00:00
ORD-025834,10,3,27in 1440p Monitor,displays,5,319.99,1599.95,cancelled,2026-07-13T17:43:17+00:00
ORD-025835,4,3,27in 1440p Monitor,displays,4,319.99,1279.96,refunded,2026-07-13T17:22:49+00:00
ORD-025836,10,10,Laptop Stand Aluminium,accessories,5,27.50,137.50,cancelled,2026-07-13T05:34:07+00:00
ORD-025837,10,3,27in 1440p Monitor,displays,5,319.99,1599.95,refunded,2026-07-13T18:37:10+00:00
ORD-025838,1,2,Wireless Mouse,peripherals,2,49.50,99.00,pending,2026-07-13T10:42:34+00:00
ORD-025839,8,4,34in Ultrawide Monitor,displays,3,579.00,1737.00,pending,2026-07-13T22:16:44+00:00
ORD-025840,3,10,Laptop Stand Aluminium,accessories,5,27.50,137.50,refunded,2026-07-13T09:15:59+00:00
ORD-025841,2,6,Desk Speakers Pair,audio,3,89.00,267.00,cancelled,2026-07-13T16:53:44+00:00
ORD-025842,1,10,Laptop Stand Aluminium,accessories,4,27.50,110.00,pending,2026-07-13T05:24:42+00:00
ORD-025843,6,10,Laptop Stand Aluminium,accessories,5,27.50,137.50,pending,2026-07-13T05:17:17+00:00
ORD-025844,7,5,Over-ear Headphones,audio,4,199.95,799.80,cancelled,2026-07-13T21:16:08+00:00
ORD-025845,2,9,USB-C Hub 8-in-1,accessories,5,39.99,199.95,pending,2026-07-13T13:34:06+00:00
ORD-025846,3,10,Laptop Stand Aluminium,accessories,2,27.50,55.00,refunded,2026-07-13T01:40:42+00:00
ORD-025847,1,3,27in 1440p Monitor,displays,5,319.99,1599.95,pending,2026-07-13T13:55:15+00:00
ORD-025848,1,8,Ergonomic Chair,furniture,4,612.75,2451.00,cancelled,2026-07-13T06:50:22+00:00
ORD-025849,10,5,Over-ear Headphones,audio,4,199.95,799.80,completed,2026-07-13T07:00:51+00:00
ORD-025850,1,7,Standing Desk 120cm,furniture,1,449.00,449.00,cancelled,2026-07-13T21:29:43+00:00
ORD-025851,4,9,USB-C Hub 8-in-1,accessories,1,39.99,39.99,pending,2026-07-13T04:32:18+00:00
ORD-025852,5,8,Ergonomic Chair,furniture,5,612.75,3063.75,pending,2026-07-13T17:43:12+00:00
ORD-025853,5,1,Mechanical Keyboard 75%,peripherals,1,129.00,129.00,pending,2026-07-13T01:39:49+00:00
ORD-025854,2,2,Wireless Mouse,peripherals,5,49.50,247.50,pending,2026-07-13T22:07:51+00:00
ORD-025855,1,1,Mechanical Keyboard 75%,peripherals,1,129.00,129.00,pending,2026-07-13T21:12:01+00:00
ORD-025856,8,8,Ergonomic Chair,furniture,3,612.75,1838.25,completed,2026-07-13T20:41:36+00:00
ORD-025857,6,3,27in 1440p Monitor,displays,4,319.99,1279.96,pending,2026-07-13T07:15:11+00:00
ORD-025858,8,8,Ergonomic Chair,furniture,1,612.75,612.75,cancelled,2026-07-13T16:45:28+00:00
ORD-025859,10,1,Mechanical Keyboard 75%,peripherals,1,129.00,129.00,refunded,2026-07-13T07:30:59+00:00
ORD-025860,3,4,34in Ultrawide Monitor,displays,4,579.00,2316.00,cancelled,2026-07-13T17:05:12+00:00
ORD-025861,1,9,USB-C Hub 8-in-1,accessories,4,39.99,159.96,refunded,2026-07-13T11:56:29+00:00
ORD-025862,7,4,34in Ultrawide Monitor,displays,4,579.00,2316.00,completed,2026-07-13T07:57:13+00:00
ORD-025863,3,5,Over-ear Headphones,audio,1,199.95,199.95,cancelled,2026-07-13T16:43:01+00:00
ORD-025864,1,3,27in 1440p Monitor,displays,3,319.99,959.97,pending,2026-07-13T23:05:49+00:00
ORD-025865,10,5,Over-ear Headphones,audio,1,199.95,199.95,cancelled,2026-07-13T15:00:14+00:00
ORD-025866,6,2,Wireless Mouse,peripherals,3,49.50,148.50,pending,2026-07-13T08:24:51+00:00
ORD-025867,5,4,34in Ultrawide Monitor,displays,5,579.00,2895.00,refunded,2026-07-13T11:20:02+00:00
ORD-025868,9,5,Over-ear Headphones,audio,1,199.95,199.95,cancelled,2026-07-13T08:54:42+00:00
ORD-025869,8,2,Wireless Mouse,peripherals,4,49.50,198.00,cancelled,2026-07-13T23:40:37+00:00
ORD-025870,5,2,Wireless Mouse,peripherals,1,49.50,49.50,pending,2026-07-13T20:18:46+00:00
ORD-025871,4,9,USB-C Hub 8-in-1,accessories,4,39.99,159.96,pending,2026-07-13T17:08:58+00:00
ORD-025872,8,5,Over-ear Headphones,audio,5,199.95,999.75,cancelled,2026-07-13T16:11:11+00:00
ORD-025873,10,4,34in Ultrawide Monitor,displays,2,579.00,1158.00,completed,2026-07-13T01:00:52+00:00
ORD-025874,10,1,Mechanical Keyboard 75%,peripherals,4,129.00,516.00,refunded,2026-07-13T04:01:54+00:00
ORD-025875,8,9,USB-C Hub 8-in-1,accessories,1,39.99,39.99,completed,2026-07-13T10:43:48+00:00
ORD-025876,8,9,USB-C Hub 8-in-1,accessories,3,39.99,119.97,refunded,2026-07-13T01:09:22+00:00
ORD-025877,1,4,34in Ultrawide Monitor,displays,3,579.00,1737.00,pending,2026-07-13T21:36:39+00:00
ORD-025878,3,6,Desk Speakers Pair,audio,1,89.00,89.00,refunded,2026-07-13T15:20:07+00:00
ORD-025879,7,4,34in Ultrawide Monitor,displays,4,579.00,2316.00,cancelled,2026-07-13T01:51:11+00:00
ORD-025880,5,5,Over-ear Headphones,audio,1,199.95,199.95,cancelled,2026-07-13T12:09:32+00:00
ORD-025881,4,5,Over-ear Headphones,audio,3,199.95,599.85,refunded,2026-07-13T13:08:25+00:00
ORD-025882,4,4,34in Ultrawide Monitor,displays,1,579.00,579.00,pending,2026-07-13T07:31:53+00:00
ORD-025883,5,3,27in 1440p Monitor,displays,5,319.99,1599.95,completed,2026-07-13T22:11:55+00:00
ORD-025884,8,3,27in 1440p Monitor,displays,5,319.99,1599.95,refunded,2026-07-13T19:35:08+00:00
ORD-025885,5,6,Desk Speakers Pair,audio,2,89.00,178.00,refunded,2026-07-13T12:01:53+00:00
ORD-025886,5,5,Over-ear Headphones,audio,5,199.95,999.75,refunded,2026-07-13T19:34:21+00:00
ORD-025887,2,1,Mechanical Keyboard 75%,peripherals,5,129.00,645.00,refunded,2026-07-13T04:59:50+00:00
ORD-025888,3,8,Ergonomic Chair,furniture,4,612.75,2451.00,refunded,2026-07-13T04:36:56+00:00
ORD-025889,2,2,Wireless Mouse,peripherals,3,49.50,148.50,completed,2026-07-13T18:28:45+00:00
ORD-025890,8,2,Wireless Mouse,peripherals,2,49.50,99.00,completed,2026-07-13T17:22:49+00:00
ORD-025891,10,1,Mechanical Keyboard 75%,peripherals,4,129.00,516.00,cancelled,2026-07-13T02:08:51+00:00
ORD-025892,7,8,Ergonomic Chair,furniture,1,612.75,612.75,pending,2026-07-13T10:27:16+00:00
ORD-025893,2,9,USB-C Hub 8-in-1,accessories,1,39.99,39.99,refunded,2026-07-13T02:36:36+00:00
ORD-025894,10,10,Laptop Stand Aluminium,accessories,4,27.50,110.00,pending,2026-07-13T03:49:07+00:00
ORD-025895,1,1,Mechanical Keyboard 75%,peripherals,5,129.00,645.00,completed,2026-07-13T11:51:29+00:00
ORD-025896,7,1,Mechanical Keyboard 75%,peripherals,2,129.00,258.00,cancelled,2026-07-13T23:02:01+00:00
ORD-025897,6,4,34in Ultrawide Monitor,displays,5,579.00,2895.00,refunded,2026-07-13T04:23:00+00:00
ORD-025898,8,6,Desk Speakers Pair,audio,1,89.00,89.00,completed,2026-07-13T18:34:37+00:00
ORD-025899,8,8,Ergonomic Chair,furniture,5,612.75,3063.75,cancelled,2026-07-13T17:55:11+00:00
ORD-025900,6,9,USB-C Hub 8-in-1,accessories,3,39.99,119.97,completed,2026-07-13T10:48:38+00:00
ORD-025901,8,2,Wireless Mouse,peripherals,4,49.50,198.00,cancelled,2026-07-13T01:41:00+00:00
ORD-025902,10,10,Laptop Stand Aluminium,accessories,2,27.50,55.00,cancelled,2026-07-13T10:39:19+00:00
ORD-025903,8,7,Standing Desk 120cm,furniture,5,449.00,2245.00,refunded,2026-07-13T05:30:30+00:00
ORD-025904,6,7,Standing Desk 120cm,furniture,3,449.00,1347.00,completed,2026-07-13T09:30:57+00:00
ORD-025905,8,9,USB-C Hub 8-in-1,accessories,2,39.99,79.98,pending,2026-07-13T01:11:30+00:00
ORD-025906,3,7,Standing Desk 120cm,furniture,3,449.00,1347.00,refunded,2026-07-13T03:35:25+00:00
ORD-025907,9,10,Laptop Stand Aluminium,accessories,5,27.50,137.50,cancelled,2026-07-13T09:23:16+00:00
ORD-025908,3,5,Over-ear Headphones,audio,3,199.95,599.85,cancelled,2026-07-13T15:42:52+00:00
ORD-025909,6,6,Desk Speakers Pair,audio,4,89.00,356.00,refunded,2026-07-13T07:34:43+00:00
ORD-025910,3,6,Desk Speakers Pair,audio,3,89.00,267.00,cancelled,2026-07-13T19:30:02+00:00
ORD-025911,3,4,34in Ultrawide Monitor,displays,1,579.00,579.00,completed,2026-07-13T13:05:20+00:00
ORD-025912,8,10,Laptop Stand Aluminium,accessories,4,27.50,110.00,pending,2026-07-13T23:22:29+00:00
ORD-025913,4,4,34in Ultrawide Monitor,displays,4,579.00,2316.00,refunded,2026-07-13T08:12:34+00:00
ORD-025914,2,3,27in 1440p Monitor,displays,1,319.99,319.99,cancelled,2026-07-13T03:58:21+00:00
ORD-025915,2,6,Desk Speakers Pair,audio,4,89.00,356.00,cancelled,2026-07-13T21:55:20+00:00
ORD-025916,5,4,34in Ultrawide Monitor,displays,3,579.00,1737.00,cancelled,2026-07-13T09:31:05+00:00
ORD-025917,4,8,Ergonomic Chair,furniture,1,612.75,612.75,refunded,2026-07-13T08:48:23+00:00
ORD-025918,3,4,34in Ultrawide Monitor,displays,1,579.00,579.00,pending,2026-07-13T11:48:10+00:00
ORD-025919,4,3,27in 1440p Monitor,displays,3,319.99,959.97,cancelled,2026-07-13T05:25:12+00:00
ORD-025920,6,9,USB-C Hub 8-in-1,accessories,1,39.99,39.99,completed,2026-07-13T08:40:11+00:00
ORD-025921,9,6,Desk Speakers Pair,audio,4,89.00,356.00,pending,2026-07-13T23:56:26+00:00
ORD-025922,9,7,Standing Desk 120cm,furniture,2,449.00,898.00,pending,2026-07-13T05:20:46+00:00
ORD-025923,7,1,Mechanical Keyboard 75%,peripherals,4,129.00,516.00,refunded,2026-07-13T00:25:53+00:00
ORD-025924,1,3,27in 1440p Monitor,displays,1,319.99,319.99,refunded,2026-07-13T02:00:24+00:00
ORD-025925,2,9,USB-C Hub 8-in-1,accessories,1,39.99,39.99,completed,2026-07-13T13:58:17+00:00
ORD-025926,5,1,Mechanical Keyboard 75%,peripherals,5,129.00,645.00,pending,2026-07-13T23:41:39+00:00
ORD-025927,10,8,Ergonomic Chair,furniture,1,612.75,612.75,cancelled,2026-07-13T05:11:24+00:00
ORD-025928,3,3,27in 1440p Monitor,displays,1,319.99,319.99,completed,2026-07-13T04:40:51+00:00
ORD-025929,2,6,Desk Speakers Pair,audio,5,89.00,445.00,cancelled,2026-07-13T06:46:50+00:00
ORD-025930,9,7,Standing Desk 120cm,furniture,3,449.00,1347.00,pending,2026-07-13T13:26:03+00:00
ORD-025931,10,7,Standing Desk 120cm,furniture,4,449.00,1796.00,cancelled,2026-07-13T05:46:31+00:00
ORD-025932,2,8,Ergonomic Chair,furniture,1,612.75,612.75,pending,2026-07-13T08:03:29+00:00
ORD-025933,4,3,27in 1440p Monitor,displays,5,319.99,1599.95,pending,2026-07-13T05:06:23+00:00
ORD-025934,9,5,Over-ear Headphones,audio,1,199.95,199.95,cancelled,2026-07-13T21:22:23+00:00
ORD-025935,2,2,Wireless Mouse,peripherals,3,49.50,148.50,refunded,2026-07-13T08:41:04+00:00
ORD-025936,4,5,Over-ear Headphones,audio,5,199.95,999.75,cancelled,2026-07-13T02:28:47+00:00
ORD-025937,10,5,Over-ear Headphones,audio,1,199.95,199.95,refunded,2026-07-13T10:59:36+00:00
ORD-025938,9,4,34in Ultrawide Monitor,displays,3,579.00,1737.00,refunded,2026-07-13T04:08:25+00:00
ORD-025939,7,10,Laptop Stand Aluminium,accessories,5,27.50,137.50,refunded,2026-07-13T15:17:58+00:00
ORD-025940,5,7,Standing Desk 120cm,furniture,2,449.00,898.00,cancelled,2026-07-13T10:36:55+00:00
ORD-025941,9,3,27in 1440p Monitor,displays,5,319.99,1599.95,cancelled,2026-07-13T01:56:58+00:00
ORD-025942,3,8,Ergonomic Chair,furniture,3,612.75,1838.25,cancelled,2026-07-13T03:25:02+00:00
ORD-025943,8,8,Ergonomic Chair,furniture,4,612.75,2451.00,completed,2026-07-13T18:52:51+00:00
ORD-025944,6,4,34in Ultrawide Monitor,displays,5,579.00,2895.00,completed,2026-07-13T03:36:06+00:00
ORD-025945,10,8,Ergonomic Chair,furniture,4,612.75,2451.00,cancelled,2026-07-13T05:05:32+00:00
ORD-025946,8,7,Standing Desk 120cm,furniture,2,449.00,898.00,refunded,2026-07-13T15:46:49+00:00
ORD-025947,3,3,27in 1440p Monitor,displays,4,319.99,1279.96,pending,2026-07-13T06:05:21+00:00
ORD-025948,9,7,Standing Desk 120cm,furniture,3,449.00,1347.00,refunded,2026-07-13T22:25:23+00:00
ORD-025949,9,9,USB-C Hub 8-in-1,accessories,2,39.99,79.98,cancelled,2026-07-13T00:14:37+00:00
ORD-025950,3,1,Mechanical Keyboard 75%,peripherals,4,129.00,516.00,completed,2026-07-13T16:04:42+00:00
ORD-025951,2,10,Laptop Stand Aluminium,accessories,1,27.50,27.50,completed,2026-07-13T02:35:12+00:00
ORD-025952,5,4,34in Ultrawide Monitor,displays,2,579.00,1158.00,pending,2026-07-13T16:40:45+00:00
ORD-025953,5,10,Laptop Stand Aluminium,accessories,5,27.50,137.50,pending,2026-07-13T05:49:51+00:00
ORD-025954,2,1,Mechanical Keyboard 75%,peripherals,2,129.00,258.00,completed,2026-07-13T23:42:29+00:00
ORD-025955,8,9,USB-C Hub 8-in-1,accessories,4,39.99,159.96,completed,2026-07-13T18:46:46+00:00
ORD-025956,6,5,Over-ear Headphones,audio,3,199.95,599.85,cancelled,2026-07-13T19:29:13+00:00
ORD-025957,4,10,Laptop Stand Aluminium,accessories,4,27.50,110.00,pending,2026-07-13T14:22:05+00:00
ORD-025958,5,4,34in Ultrawide Monitor,displays,5,579.00,2895.00,refunded,2026-07-13T17:54:08+00:00
ORD-025959,10,10,Laptop Stand Aluminium,accessories,5,27.50,137.50,pending,2026-07-13T04:20:27+00:00
ORD-025960,6,1,Mechanical Keyboard 75%,peripherals,2,129.00,258.00,cancelled,2026-07-13T03:20:35+00:00
ORD-025961,2,3,27in 1440p Monitor,displays,3,319.99,959.97,cancelled,2026-07-13T14:59:46+00:00
ORD-025962,9,3,27in 1440p Monitor,displays,5,319.99,1599.95,pending,2026-07-13T08:03:10+00:00
ORD-025963,10,2,Wireless Mouse,peripherals,1,49.50,49.50,pending,2026-07-13T11:27:27+00:00
ORD-025964,2,5,Over-ear Headphones,audio,4,199.95,799.80,cancelled,2026-07-13T01:20:29+00:00
ORD-025965,8,10,Laptop Stand Aluminium,accessories,5,27.50,137.50,pending,2026-07-13T01:47:16+00:00
ORD-025966,5,9,USB-C Hub 8-in-1,accessories,3,39.99,119.97,refunded,2026-07-13T23:33:16+00:00
ORD-025967,2,9,USB-C Hub 8-in-1,accessories,5,39.99,199.95,completed,2026-07-13T11:18:44+00:00
ORD-025968,3,10,Laptop Stand Aluminium,accessories,4,27.50,110.00,refunded,2026-07-13T17:57:35+00:00
ORD-025969,7,2,Wireless Mouse,peripherals,2,49.50,99.00,refunded,2026-07-13T00:24:17+00:00
ORD-025970,9,7,Standing Desk 120cm,furniture,4,449.00,1796.00,completed,2026-07-13T20:38:43+00:00
ORD-025971,6,3,27in 1440p Monitor,displays,4,319.99,1279.96,pending,2026-07-13T17:08:41+00:00
ORD-025972,2,3,27in 1440p Monitor,displays,5,319.99,1599.95,refunded,2026-07-13T17:11:23+00:00
ORD-025973,8,1,Mechanical Keyboard 75%,peripherals,5,129.00,645.00,refunded,2026-07-13T16:48:11+00:00
ORD-025974,5,9,USB-C Hub 8-in-1,accessories,4,39.99,159.96,refunded,2026-07-13T12:22:05+00:00
ORD-025975,10,7,Standing Desk 120cm,furniture,2,449.00,898.00,completed,2026-07-13T22:11:01+00:00
ORD-025976,9,9,USB-C Hub 8-in-1,accessories,1,39.99,39.99,pending,2026-07-13T12:00:50+00:00
ORD-025977,5,7,Standing Desk 120cm,furniture,5,449.00,2245.00,pending,2026-07-13T05:12:46+00:00
ORD-025978,10,10,Laptop Stand Aluminium,accessories,2,27.50,-50.00,cancelled,2026-07-13T11:24:48+00:00
ORD-025979,9,1,Mechanical Keyboard 75%,peripherals,5,129.00,645.00,pending,2026-07-13T01:14:53+00:00
ORD-025980,6,8,Ergonomic Chair,furniture,4,612.75,2451.00,cancelled,2026-07-13T16:26:12+00:00
ORD-025981,4,8,Ergonomic Chair,furniture,5,612.75,3063.75,refunded,2026-07-13T22:32:52+00:00
ORD-025982,1,9,USB-C Hub 8-in-1,accessories,2,39.99,79.98,pending,2026-07-13T08:36:02+00:00
ORD-025983,3,4,34in Ultrawide Monitor,displays,3,579.00,1737.00,refunded,2026-07-13T08:15:41+00:00
ORD-025984,2,2,Wireless Mouse,peripherals,1,49.50,49.50,refunded,2026-07-13T20:41:07+00:00
ORD-025985,8,6,Desk Speakers Pair,audio,2,89.00,178.00,pending,2026-07-13T07:33:04+00:00
ORD-025986,4,9,USB-C Hub 8-in-1,accessories,5,39.99,199.95,completed,2026-07-13T21:12:04+00:00
ORD-025987,7,9,USB-C Hub 8-in-1,accessories,2,39.99,79.98,cancelled,2026-07-13T17:57:05+00:00
ORD-025988,8,2,Wireless Mouse,peripherals,2,49.50,99.00,completed,2026-07-13T18:05:24+00:00
ORD-025989,10,6,Desk Speakers Pair,audio,4,89.00,356.00,pending,2026-07-13T12:42:01+00:00
ORD-025990,6,1,Mechanical Keyboard 75%,peripherals,5,129.00,645.00,pending,2026-07-13T18:40:46+00:00
ORD-025991,10,1,Mechanical Keyboard 75%,peripherals,2,129.00,258.00,completed,2026-07-13T17:56:30+00:00
ORD-025992,10,3,27in 1440p Monitor,displays,2,319.99,639.98,refunded,2026-07-13T04:37:50+00:00
ORD-025993,2,2,Wireless Mouse,peripherals,2,49.50,99.00,completed,2026-07-13T11:45:59+00:00
ORD-025994,8,4,34in Ultrawide Monitor,displays,1,579.00,579.00,completed,2026-07-13T14:49:49+00:00
ORD-025995,9,9,USB-C Hub 8-in-1,accessories,4,39.99,159.96,completed,2026-07-13T04:25:46+00:00
ORD-025996,8,8,Ergonomic Chair,furniture,5,612.75,3063.75,completed,2026-07-13T16:48:14+00:00
ORD-025997,9,10,Laptop Stand Aluminium,accessories,5,27.50,137.50,refunded,2026-07-13T11:25:40+00:00
ORD-025998,5,7,Standing Desk 120cm,furniture,1,449.00,449.00,cancelled,2026-07-13T13:38:06+00:00
ORD-025999,10,6,Desk Speakers Pair,audio,1,89.00,89.00,cancelled,2026-07-13T11:23:03+00:00
ORD-026000,8,6,Desk Speakers Pair,audio,1,89.00,89.00,refunded,2026-07-13T03:16:54+00:00
ORD-026001,5,6,Desk Speakers Pair,audio,4,89.00,356.00,refunded,2026-07-13T18:33:10+00:00
ORD-026002,10,10,Laptop Stand Aluminium,accessories,5,27.50,137.50,pending,2026-07-13T16:20:58+00:00
ORD-026003,3,7,Standing Desk 120cm,furniture,5,449.00,2245.00,refunded,2026-07-13T17:53:30+00:00
ORD-026004,5,9,USB-C Hub 8-in-1,accessories,5,39.99,199.95,refunded,2026-07-13T16:41:19+00:00
ORD-026005,8,5,Over-ear Headphones,audio,2,199.95,399.90,completed,2026-07-13T00:45:38+00:00
ORD-026006,1,9,USB-C Hub 8-in-1,accessories,5,39.99,199.95,cancelled,2026-07-13T09:33:12+00:00
ORD-026007,5,7,Standing Desk 120cm,furniture,4,449.00,1796.00,refunded,2026-07-13T14:51:03+00:00
ORD-026008,7,8,Ergonomic Chair,furniture,1,612.75,612.75,completed,2026-07-13T20:43:12+00:00
ORD-026009,4,6,Desk Speakers Pair,audio,1,89.00,89.00,cancelled,2026-07-13T08:21:18+00:00
ORD-026010,8,10,Laptop Stand Aluminium,accessories,3,27.50,82.50,cancelled,2026-07-13T14:18:39+00:00
ORD-026011,6,7,Standing Desk 120cm,furniture,2,449.00,898.00,pending,2026-07-13T13:00:10+00:00
ORD-026012,3,9,USB-C Hub 8-in-1,accessories,4,39.99,159.96,refunded,2026-07-13T11:52:22+00:00
ORD-026013,8,9,USB-C Hub 8-in-1,accessories,4,39.99,159.96,pending,2026-07-13T10:04:21+00:00
ORD-026014,4,3,27in 1440p Monitor,displays,4,319.99,1279.96,cancelled,2026-07-13T09:34:56+00:00
ORD-026015,2,4,34in Ultrawide Monitor,displays,3,579.00,1737.00,pending,2026-07-13T17:54:40+00:00
ORD-026016,6,8,Ergonomic Chair,furniture,5,612.75,3063.75,completed,2026-07-13T03:19:14+00:00
ORD-026017,7,2,Wireless Mouse,peripherals,2,49.50,99.00,pending,2026-07-13T11:11:48+00:00
ORD-026018,5,6,Desk Speakers Pair,audio,2,89.00,178.00,refunded,2026-07-13T03:28:39+00:00
ORD-026019,5,1,Mechanical Keyboard 75%,peripherals,3,129.00,387.00,pending,2026-07-13T06:37:12+00:00
ORD-026020,1,2,Wireless Mouse,peripherals,4,49.50,198.00,completed,2026-07-13T19:31:59+00:00
ORD-026021,9,2,Wireless Mouse,peripherals,2,49.50,99.00,completed,2026-07-13T07:35:45+00:00
ORD-026022,1,6,Desk Speakers Pair,audio,5,89.00,445.00,refunded,2026-07-13T02:47:20+00:00
ORD-026023,5,7,Standing Desk 120cm,furniture,5,449.00,2245.00,completed,2026-07-13T11:15:24+00:00
ORD-026024,2,2,Wireless Mouse,peripherals,4,49.50,198.00,refunded,2026-07-13T22:18:45+00:00
ORD-026025,10,3,27in 1440p Monitor,displays,1,319.99,319.99,pending,2026-07-13T06:28:31+00:00
ORD-026026,7,8,Ergonomic Chair,furniture,3,612.75,1838.25,completed,2026-07-13T21:05:53+00:00
ORD-026027,1,3,27in 1440p Monitor,displays,3,319.99,959.97,pending,2026-07-13T13:09:05+00:00
ORD-026028,3,9,USB-C Hub 8-in-1,accessories,5,39.99,199.95,completed,2026-07-13T12:56:38+00:00
ORD-026029,3,8,Ergonomic Chair,furniture,5,612.75,3063.75,refunded,2026-07-13T02:22:28+00:00
ORD-026030,6,5,Over-ear Headphones,audio,2,199.95,399.90,refunded,2026-07-13T07:17:25+00:00
ORD-026031,9,1,Mechanical Keyboard 75%,peripherals,3,129.00,387.00,completed,2026-07-13T03:41:26+00:00
ORD-026032,3,6,Desk Speakers Pair,audio,4,89.00,356.00,pending,2026-07-13T20:48:42+00:00
ORD-026033,8,2,Wireless Mouse,peripherals,5,49.50,247.50,pending,2026-07-13T08:40:33+00:00
ORD-026034,1,10,Laptop Stand Aluminium,accessories,1,27.50,27.50,cancelled,2026-07-13T16:40:23+00:00
ORD-026035,1,9,USB-C Hub 8-in-1,accessories,1,39.99,39.99,refunded,2026-07-13T01:21:52+00:00
ORD-026036,6,5,Over-ear Headphones,audio,1,199.95,199.95,completed,2026-07-13T19:57:23+00:00
ORD-026037,1,4,34in Ultrawide Monitor,displays,2,579.00,1158.00,pending,2026-07-13T05:51:25+00:00
ORD-026038,7,4,34in Ultrawide Monitor,displays,4,579.00,2316.00,pending,2026-07-13T19:14:38+00:00
ORD-026039,3,1,Mechanical Keyboard 75%,peripherals,1,129.00,129.00,completed,2026-07-13T10:36:54+00:00
ORD-026040,4,2,Wireless Mouse,peripherals,4,49.50,198.00,cancelled,2026-07-13T17:24:14+00:00
ORD-026041,5,9,USB-C Hub 8-in-1,accessories,5,39.99,199.95,cancelled,2026-07-13T23:44:01+00:00
ORD-026042,9,5,Over-ear Headphones,audio,1,199.95,199.95,completed,2026-07-13T22:00:57+00:00
ORD-026043,3,8,Ergonomic Chair,furniture,1,612.75,612.75,cancelled,2026-07-13T12:27:21+00:00
ORD-026044,1,2,Wireless Mouse,peripherals,1,49.50,49.50,cancelled,2026-07-13T13:36:27+00:00
ORD-026045,2,8,Ergonomic Chair,furniture,3,612.75,1838.25,completed,2026-07-13T10:40:19+00:00
ORD-026046,10,8,Ergonomic Chair,furniture,3,612.75,1838.25,pending,2026-07-13T00:23:20+00:00
ORD-026047,7,1,Mechanical Keyboard 75%,peripherals,4,129.00,516.00,completed,2026-07-13T18:34:40+00:00
ORD-026048,8,8,Ergonomic Chair,furniture,3,612.75,1838.25,refunded,2026-07-13T05:27:57+00:00
ORD-026049,1,7,Standing Desk 120cm,furniture,2,449.00,898.00,completed,2026-07-13T00:57:56+00:00
ORD-026050,7,1,Mechanical Keyboard 75%,peripherals,2,129.00,258.00,completed,2026-07-13T13:58:09+00:00
ORD-026051,7,3,27in 1440p Monitor,displays,4,319.99,1279.96,cancelled,2026-07-13T09:36:35+00:00
ORD-026052,9,5,Over-ear Headphones,audio,5,199.95,999.75,refunded,2026-07-13T02:34:29+00:00
ORD-026053,6,7,Standing Desk 120cm,furniture,2,449.00,898.00,refunded,2026-07-13T16:51:49+00:00
ORD-026054,9,2,Wireless Mouse,peripherals,5,49.50,247.50,cancelled,2026-07-13T07:42:43+00:00
ORD-026055,8,5,Over-ear Headphones,audio,4,199.95,799.80,refunded,2026-07-13T08:32:52+00:00
ORD-026056,7,7,Standing Desk 120cm,furniture,5,449.00,2245.00,pending,2026-07-13T19:22:28+00:00
ORD-026057,3,10,Laptop Stand Aluminium,accessories,1,27.50,27.50,completed,2026-07-13T02:55:12+00:00
ORD-026058,8,5,Over-ear Headphones,audio,3,199.95,599.85,cancelled,2026-07-13T16:37:49+00:00
ORD-026059,8,3,27in 1440p Monitor,displays,1,319.99,319.99,cancelled,2026-07-13T10:14:33+00:00
ORD-026060,3,8,Ergonomic Chair,furniture,1,612.75,612.75,cancelled,2026-07-13T08:31:57+00:00
ORD-026061,5,3,27in 1440p Monitor,displays,4,319.99,1279.96,refunded,2026-07-13T10:15:31+00:00
ORD-026062,5,7,Standing Desk 120cm,furniture,5,449.00,2245.00,refunded,2026-07-13T13:44:04+00:00
ORD-026063,7,7,Standing Desk 120cm,furniture,5,449.00,2245.00,pending,2026-07-13T07:45:49+00:00
ORD-026064,5,7,Standing Desk 120cm,furniture,3,449.00,1347.00,completed,2026-07-13T03:01:15+00:00
ORD-026065,8,3,27in 1440p Monitor,displays,3,319.99,959.97,refunded,2026-07-13T15:44:57+00:00
ORD-026066,9,6,Desk Speakers Pair,audio,2,89.00,178.00,pending,2026-07-13T12:37:16+00:00
ORD-026067,1,9,USB-C Hub 8-in-1,accessories,5,39.99,199.95,pending,2026-07-13T22:37:00+00:00
ORD-026068,5,6,Desk Speakers Pair,audio,3,89.00,267.00,pending,2026-07-13T02:11:39+00:00
ORD-026069,5,8,Ergonomic Chair,furniture,5,612.75,3063.75,pending,2026-07-13T20:50:25+00:00
ORD-026070,1,1,Mechanical Keyboard 75%,peripherals,4,129.00,516.00,cancelled,2026-07-13T14:30:58+00:00
ORD-026071,4,10,Laptop Stand Aluminium,accessories,4,27.50,110.00,refunded,2026-07-13T18:58:47+00:00
ORD-026072,5,3,27in 1440p Monitor,displays,4,319.99,1279.96,cancelled,2026-07-13T17:26:53+00:00
ORD-026073,4,6,Desk Speakers Pair,audio,2,89.00,178.00,completed,2026-07-13T14:08:26+00:00
ORD-026074,3,9,USB-C Hub 8-in-1,accessories,2,39.99,79.98,cancelled,2026-07-13T09:34:45+00:00
ORD-026075,6,9,USB-C Hub 8-in-1,accessories,1,39.99,39.99,pending,2026-07-13T13:15:14+00:00
ORD-026076,5,7,Standing Desk 120cm,furniture,1,449.00,449.00,pending,2026-07-13T03:13:13+00:00
ORD-026077,3,4,34in Ultrawide Monitor,displays,5,579.00,2895.00,cancelled,2026-07-13T17:06:36+00:00
ORD-026078,10,6,Desk Speakers Pair,audio,2,89.00,178.00,completed,2026-07-13T23:59:15+00:00
ORD-026079,10,7,Standing Desk 120cm,furniture,1,449.00,449.00,refunded,2026-07-13T14:10:11+00:00
ORD-026080,3,3,27in 1440p Monitor,displays,3,319.99,959.97,refunded,2026-07-13T19:25:55+00:00
ORD-026081,1,4,34in Ultrawide Monitor,displays,3,579.00,1737.00,cancelled,2026-07-13T01:06:14+00:00
ORD-026082,1,6,Desk Speakers Pair,audio,1,89.00,89.00,completed,2026-07-13T13:27:34+00:00
ORD-026083,3,4,34in Ultrawide Monitor,displays,1,579.00,579.00,completed,2026-07-13T19:44:52+00:00
ORD-026084,9,9,USB-C Hub 8-in-1,accessories,1,39.99,39.99,completed,2026-07-13T06:59:33+00:00
ORD-026085,6,6,Desk Speakers Pair,audio,3,89.00,267.00,cancelled,2026-07-13T14:02:55+00:00
ORD-026086,10,3,27in 1440p Monitor,displays,2,319.99,639.98,cancelled,2026-07-13T15:38:23+00:00
ORD-026087,6,8,Ergonomic Chair,furniture,3,612.75,1838.25,refunded,2026-07-13T15:55:43+00:00
ORD-026088,5,6,Desk Speakers Pair,audio,5,89.00,445.00,cancelled,2026-07-13T14:09:55+00:00
ORD-026089,6,1,Mechanical Keyboard 75%,peripherals,1,129.00,129.00,pending,2026-07-13T19:29:24+00:00
ORD-026090,8,9,USB-C Hub 8-in-1,accessories,4,39.99,159.96,refunded,2026-07-13T07:24:37+00:00
ORD-026091,8,4,34in Ultrawide Monitor,displays,4,579.00,2316.00,cancelled,2026-07-13T22:11:21+00:00
ORD-026092,6,9,USB-C Hub 8-in-1,accessories,4,39.99,159.96,pending,2026-07-13T07:24:16+00:00
ORD-026093,1,8,Ergonomic Chair,furniture,5,612.75,3063.75,refunded,2026-07-13T10:35:58+00:00
ORD-026094,9,1,Mechanical Keyboard 75%,peripherals,5,129.00,645.00,pending,2026-07-13T00:42:33+00:00
ORD-026095,6,7,Standing Desk 120cm,furniture,2,449.00,898.00,cancelled,2026-07-13T17:51:53+00:00
ORD-026096,4,4,34in Ultrawide Monitor,displays,3,579.00,1737.00,refunded,2026-07-13T13:18:54+00:00
ORD-026097,10,3,27in 1440p Monitor,displays,4,319.99,1279.96,cancelled,2026-07-13T17:48:04+00:00
ORD-026098,4,9,USB-C Hub 8-in-1,accessories,5,39.99,199.95,refunded,2026-07-13T09:03:35+00:00
ORD-026099,10,3,27in 1440p Monitor,displays,4,319.99,1279.96,cancelled,2026-07-13T03:18:49+00:00
ORD-026100,9,7,Standing Desk 120cm,furniture,5,449.00,2245.00,completed,2026-07-13T17:09:32+00:00
ORD-026101,8,5,Over-ear Headphones,audio,4,199.95,799.80,completed,2026-07-13T09:01:01+00:00
ORD-026102,6,8,Ergonomic Chair,furniture,2,612.75,1225.50,completed,2026-07-13T02:29:50+00:00
ORD-026103,3,7,Standing Desk 120cm,furniture,1,449.00,449.00,completed,2026-07-13T18:26:39+00:00
ORD-026104,10,10,Laptop Stand Aluminium,accessories,1,27.50,27.50,pending,2026-07-13T19:23:13+00:00
ORD-026105,8,5,Over-ear Headphones,audio,2,199.95,399.90,refunded,2026-07-13T16:30:36+00:00
ORD-026106,8,9,USB-C Hub 8-in-1,accessories,1,39.99,39.99,pending,2026-07-13T03:58:45+00:00
ORD-026107,4,8,Ergonomic Chair,furniture,1,612.75,612.75,pending,2026-07-13T06:43:12+00:00
ORD-026108,1,10,Laptop Stand Aluminium,accessories,1,27.50,27.50,completed,2026-07-13T18:45:32+00:00
ORD-026109,10,5,Over-ear Headphones,audio,4,199.95,799.80,completed,2026-07-13T03:39:53+00:00
ORD-026110,4,6,Desk Speakers Pair,audio,1,89.00,89.00,refunded,2026-07-13T12:35:16+00:00
ORD-026111,8,7,Standing Desk 120cm,furniture,3,449.00,1347.00,refunded,2026-07-13T06:36:31+00:00
ORD-026112,6,5,Over-ear Headphones,audio,2,199.95,399.90,pending,2026-07-13T02:42:52+00:00
ORD-026113,6,3,27in 1440p Monitor,displays,5,319.99,1599.95,refunded,2026-07-13T21:28:15+00:00
ORD-026114,1,3,27in 1440p Monitor,displays,1,319.99,319.99,completed,2026-07-13T14:30:41+00:00
ORD-026115,2,9,USB-C Hub 8-in-1,accessories,1,39.99,39.99,completed,2026-07-13T06:07:35+00:00
ORD-026116,6,9,USB-C Hub 8-in-1,accessories,1,39.99,39.99,cancelled,2026-07-13T07:59:44+00:00
ORD-026117,4,9,USB-C Hub 8-in-1,accessories,2,39.99,79.98,refunded,2026-07-13T23:51:19+00:00
ORD-026118,10,4,34in Ultrawide Monitor,displays,1,579.00,579.00,refunded,2026-07-13T03:35:53+00:00
ORD-026119,10,5,Over-ear Headphones,audio,2,199.95,399.90,pending,2026-07-13T12:37:23+00:00
ORD-026120,8,10,Laptop Stand Aluminium,accessories,3,27.50,82.50,refunded,2026-07-13T06:05:03+00:00
ORD-026121,8,6,Desk Speakers Pair,audio,4,89.00,356.00,cancelled,2026-07-13T07:23:05+00:00
ORD-026122,9,5,Over-ear Headphones,audio,1,199.95,199.95,pending,2026-07-13T15:55:41+00:00
ORD-026123,5,5,Over-ear Headphones,audio,4,199.95,799.80,cancelled,2026-07-13T09:04:55+00:00
ORD-026124,6,5,Over-ear Headphones,audio,3,199.95,599.85,completed,2026-07-13T15:02:12+00:00
ORD-026125,3,5,Over-ear Headphones,audio,4,199.95,799.80,refunded,2026-07-13T18:36:35+00:00
ORD-026126,4,6,Desk Speakers Pair,audio,5,89.00,445.00,pending,2026-07-13T12:32:34+00:00
ORD-026127,2,5,Over-ear Headphones,audio,3,199.95,599.85,pending,2026-07-13T23:45:55+00:00
ORD-026128,10,6,Desk Speakers Pair,audio,4,89.00,356.00,completed,2026-07-13T16:29:54+00:00
ORD-026129,4,2,Wireless Mouse,peripherals,5,49.50,247.50,refunded,2026-07-13T21:14:30+00:00
ORD-026130,5,1,Mechanical Keyboard 75%,peripherals,5,129.00,645.00,completed,2026-07-13T14:44:57+00:00
ORD-026131,8,3,27in 1440p Monitor,displays,3,319.99,959.97,refunded,2026-07-13T20:45:08+00:00
ORD-026132,1,1,Mechanical Keyboard 75%,peripherals,4,129.00,516.00,cancelled,2026-07-13T12:15:04+00:00
ORD-026133,10,10,Laptop Stand Aluminium,accessories,5,27.50,137.50,cancelled,2026-07-13T11:35:58+00:00
ORD-026134,5,2,Wireless Mouse,peripherals,5,49.50,247.50,cancelled,2026-07-13T03:01:02+00:00
ORD-026135,2,3,27in 1440p Monitor,displays,4,319.99,1279.96,pending,2026-07-13T08:19:13+00:00
ORD-026136,4,5,Over-ear Headphones,audio,2,199.95,399.90,cancelled,2026-07-13T19:18:57+00:00
ORD-026137,2,6,Desk Speakers Pair,audio,3,89.00,267.00,completed,2026-07-13T04:49:14+00:00
ORD-026138,7,7,Standing Desk 120cm,furniture,3,449.00,1347.00,completed,2026-07-13T09:33:11+00:00
ORD-026139,4,7,Standing Desk 120cm,furniture,2,449.00,898.00,pending,2026-07-13T14:07:27+00:00
ORD-026140,7,10,Laptop Stand Aluminium,accessories,1,27.50,27.50,cancelled,2026-07-13T04:54:39+00:00
ORD-026141,3,8,Ergonomic Chair,furniture,5,612.75,3063.75,cancelled,2026-07-13T12:22:03+00:00
ORD-026142,5,4,34in Ultrawide Monitor,displays,1,579.00,579.00,completed,2026-07-13T05:42:26+00:00
ORD-026143,8,2,Wireless Mouse,peripherals,1,49.50,49.50,completed,2026-07-13T04:19:17+00:00
ORD-026144,3,5,Over-ear Headphones,audio,5,199.95,999.75,pending,2026-07-13T17:27:43+00:00
ORD-026145,9,8,Ergonomic Chair,furniture,4,612.75,2451.00,pending,2026-07-13T02:42:15+00:00
ORD-026146,10,8,Ergonomic Chair,furniture,4,612.75,2451.00,refunded,2026-07-13T11:34:56+00:00
ORD-026147,4,5,Over-ear Headphones,audio,2,199.95,399.90,completed,2026-07-13T06:02:28+00:00
ORD-026148,10,3,27in 1440p Monitor,displays,5,319.99,1599.95,pending,2026-07-13T20:36:11+00:00
ORD-026149,7,7,Standing Desk 120cm,furniture,4,449.00,1796.00,refunded,2026-07-13T12:32:46+00:00
ORD-026150,4,4,34in Ultrawide Monitor,displays,1,579.00,579.00,refunded,2026-07-13T14:07:20+00:00
ORD-026151,1,10,Laptop Stand Aluminium,accessories,1,27.50,27.50,completed,2026-07-13T09:28:54+00:00
ORD-026152,5,3,27in 1440p Monitor,displays,4,319.99,1279.96,completed,2026-07-13T18:23:41+00:00
ORD-026153,8,1,Mechanical Keyboard 75%,peripherals,3,129.00,387.00,cancelled,2026-07-13T14:34:57+00:00
ORD-026154,2,6,Desk Speakers Pair,audio,4,89.00,356.00,pending,2026-07-13T07:36:10+00:00
ORD-026155,2,6,Desk Speakers Pair,audio,1,89.00,89.00,pending,2026-07-13T21:52:57+00:00
ORD-026156,5,3,27in 1440p Monitor,displays,2,319.99,639.98,pending,2026-07-13T13:49:57+00:00
ORD-026157,3,1,Mechanical Keyboard 75%,peripherals,4,129.00,516.00,cancelled,2026-07-13T23:40:10+00:00
ORD-026158,10,1,Mechanical Keyboard 75%,peripherals,4,129.00,516.00,refunded,2026-07-13T09:30:25+00:00
ORD-026159,8,7,Standing Desk 120cm,furniture,3,449.00,1347.00,pending,2026-07-13T17:07:23+00:00
ORD-026160,2,2,Wireless Mouse,peripherals,1,49.50,49.50,pending,2026-07-13T16:28:40+00:00
ORD-026161,9,6,Desk Speakers Pair,audio,1,89.00,89.00,completed,2026-07-13T23:32:00+00:00
ORD-026162,9,2,Wireless Mouse,peripherals,5,49.50,247.50,refunded,2026-07-13T21:31:35+00:00
ORD-026163,10,7,Standing Desk 120cm,furniture,5,449.00,2245.00,completed,2026-07-13T22:01:35+00:00
ORD-026164,5,9,USB-C Hub 8-in-1,accessories,4,39.99,159.96,pending,2026-07-13T04:55:34+00:00
ORD-026165,8,2,Wireless Mouse,peripherals,2,49.50,99.00,pending,2026-07-13T18:32:48+00:00
ORD-026166,8,2,Wireless Mouse,peripherals,4,49.50,198.00,completed,2026-07-13T17:14:11+00:00
ORD-026167,10,6,Desk Speakers Pair,audio,1,89.00,89.00,pending,2026-07-13T00:03:48+00:00
ORD-026168,2,2,Wireless Mouse,peripherals,1,49.50,49.50,pending,2026-07-13T00:32:59+00:00
ORD-026169,5,9,USB-C Hub 8-in-1,accessories,2,39.99,79.98,cancelled,2026-07-13T22:18:20+00:00
ORD-026170,10,3,27in 1440p Monitor,displays,2,319.99,639.98,unknown_status,2026-07-13T19:10:17+00:00
ORD-026171,6,2,Wireless Mouse,peripherals,3,49.50,148.50,cancelled,2026-07-13T05:12:06+00:00
ORD-026172,10,8,Ergonomic Chair,furniture,1,612.75,612.75,refunded,2026-07-13T23:42:25+00:00
ORD-026173,9,8,Ergonomic Chair,furniture,4,612.75,2451.00,refunded,2026-07-13T02:09:28+00:00
ORD-026174,2,9,USB-C Hub 8-in-1,accessories,1,39.99,39.99,completed,2026-07-13T03:44:28+00:00
ORD-026175,10,8,Ergonomic Chair,furniture,2,612.75,1225.50,refunded,2026-07-13T16:59:47+00:00
ORD-026176,3,5,Over-ear Headphones,audio,5,199.95,999.75,cancelled,2026-07-13T02:33:28+00:00
ORD-026177,9,6,Desk Speakers Pair,audio,5,89.00,445.00,pending,2026-07-13T14:45:54+00:00
ORD-026178,9,9,USB-C Hub 8-in-1,accessories,4,39.99,159.96,refunded,2026-07-13T05:56:58+00:00
ORD-026179,4,10,Laptop Stand Aluminium,accessories,3,27.50,82.50,pending,2026-07-13T14:27:17+00:00
ORD-026180,10,10,Laptop Stand Aluminium,accessories,2,27.50,55.00,completed,2026-07-13T20:45:47+00:00
ORD-026181,2,6,Desk Speakers Pair,audio,5,89.00,445.00,pending,2026-07-13T19:15:21+00:00
ORD-026182,10,2,Wireless Mouse,peripherals,1,49.50,49.50,pending,2026-07-13T10:38:14+00:00
ORD-026183,10,3,27in 1440p Monitor,displays,3,319.99,959.97,completed,2026-07-13T05:33:54+00:00
ORD-026184,5,2,Wireless Mouse,peripherals,5,49.50,247.50,cancelled,2026-07-13T22:49:47+00:00
ORD-026185,5,2,Wireless Mouse,peripherals,2,49.50,99.00,refunded,2026-07-13T18:40:15+00:00
ORD-026186,3,3,27in 1440p Monitor,displays,1,319.99,319.99,completed,2026-07-13T15:25:51+00:00
ORD-026187,2,5,Over-ear Headphones,audio,2,199.95,399.90,refunded,2026-07-13T12:52:59+00:00
ORD-026188,7,5,Over-ear Headphones,audio,3,199.95,599.85,pending,2026-07-13T09:47:38+00:00
ORD-026189,10,7,Standing Desk 120cm,furniture,5,449.00,2245.00,pending,2026-07-13T23:19:18+00:00
ORD-026190,3,5,Over-ear Headphones,audio,3,199.95,599.85,refunded,2026-07-13T11:59:05+00:00
ORD-026191,10,8,Ergonomic Chair,furniture,5,612.75,3063.75,cancelled,2026-07-13T20:23:37+00:00
ORD-026192,4,6,Desk Speakers Pair,audio,2,89.00,178.00,pending,2026-07-13T19:00:46+00:00
ORD-026193,6,5,Over-ear Headphones,audio,2,199.95,399.90,pending,2026-07-13T05:55:24+00:00
ORD-026194,2,3,27in 1440p Monitor,displays,1,319.99,319.99,refunded,2026-07-13T09:43:18+00:00
ORD-026195,1,9,USB-C Hub 8-in-1,accessories,5,39.99,199.95,cancelled,2026-07-13T03:16:04+00:00
ORD-026196,1,3,27in 1440p Monitor,displays,3,319.99,959.97,cancelled,2026-07-13T20:59:17+00:00
ORD-026197,8,4,34in Ultrawide Monitor,displays,5,579.00,2895.00,pending,2026-07-13T10:32:09+00:00
ORD-026198,9,9,USB-C Hub 8-in-1,accessories,5,39.99,199.95,cancelled,2026-07-13T13:53:27+00:00
ORD-026199,8,6,Desk Speakers Pair,audio,4,89.00,356.00,cancelled,2026-07-13T18:12:21+00:00
ORD-026200,1,3,27in 1440p Monitor,displays,5,319.99,1599.95,completed,2026-07-13T19:54:38+00:00
ORD-026201,4,5,Over-ear Headphones,audio,5,199.95,999.75,refunded,2026-07-13T03:32:24+00:00
ORD-026202,3,3,27in 1440p Monitor,displays,5,319.99,1599.95,completed,2026-07-13T07:24:49+00:00
ORD-026203,2,1,Mechanical Keyboard 75%,peripherals,4,129.00,516.00,pending,2026-07-13T05:06:41+00:00
ORD-026204,1,8,Ergonomic Chair,furniture,5,612.75,3063.75,pending,2026-07-13T18:02:49+00:00
ORD-026205,9,2,Wireless Mouse,peripherals,2,49.50,99.00,completed,2026-07-13T22:09:01+00:00
ORD-026206,5,7,Standing Desk 120cm,furniture,4,449.00,1796.00,pending,2026-07-13T08:12:18+00:00
ORD-026207,1,6,Desk Speakers Pair,audio,1,89.00,89.00,cancelled,2026-07-13T20:16:03+00:00
ORD-026208,5,5,Over-ear Headphones,audio,5,199.95,999.75,completed,2026-07-13T18:09:19+00:00
ORD-026209,3,9,USB-C Hub 8-in-1,accessories,4,39.99,159.96,completed,2026-07-13T11:30:10+00:00
ORD-026210,9,9,USB-C Hub 8-in-1,accessories,2,39.99,79.98,completed,2026-07-13T12:17:00+00:00
ORD-026211,3,10,Laptop Stand Aluminium,accessories,2,27.50,55.00,refunded,2026-07-13T04:46:02+00:00
ORD-026212,9,9,USB-C Hub 8-in-1,accessories,5,39.99,199.95,cancelled,2026-07-13T00:58:09+00:00
ORD-026213,6,9,USB-C Hub 8-in-1,accessories,3,39.99,119.97,refunded,2026-07-13T00:02:20+00:00
ORD-026214,7,1,Mechanical Keyboard 75%,peripherals,4,129.00,516.00,cancelled,2026-07-13T18:55:02+00:00
ORD-026215,9,3,27in 1440p Monitor,displays,2,319.99,639.98,pending,2026-07-13T11:15:20+00:00
ORD-026216,9,4,34in Ultrawide Monitor,displays,2,579.00,1158.00,refunded,2026-07-13T11:30:57+00:00
ORD-026217,5,7,Standing Desk 120cm,furniture,4,449.00,1796.00,pending,2026-07-13T10:25:42+00:00
ORD-026218,9,2,Wireless Mouse,peripherals,3,49.50,148.50,completed,2026-07-13T02:43:45+00:00
ORD-026219,10,10,Laptop Stand Aluminium,accessories,3,27.50,82.50,refunded,2026-07-13T19:55:40+00:00
ORD-026220,7,7,Standing Desk 120cm,furniture,4,449.00,1796.00,refunded,2026-07-13T13:40:43+00:00
ORD-026221,7,5,Over-ear Headphones,audio,1,199.95,199.95,refunded,2026-07-13T08:22:58+00:00
ORD-026222,9,8,Ergonomic Chair,furniture,2,612.75,1225.50,pending,2026-07-13T15:10:16+00:00
ORD-026223,4,10,Laptop Stand Aluminium,accessories,2,27.50,55.00,refunded,2026-07-13T23:19:33+00:00
ORD-026224,7,3,27in 1440p Monitor,displays,3,319.99,959.97,cancelled,2026-07-13T01:27:05+00:00
ORD-026225,8,6,Desk Speakers Pair,audio,5,89.00,445.00,pending,2026-07-13T14:45:11+00:00
ORD-026226,2,8,Ergonomic Chair,furniture,4,612.75,2451.00,pending,2026-07-13T20:58:38+00:00
ORD-026227,6,3,27in 1440p Monitor,displays,5,319.99,1599.95,cancelled,2026-07-13T22:00:33+00:00
ORD-026228,10,3,27in 1440p Monitor,displays,5,319.99,1599.95,pending,2026-07-13T01:09:22+00:00
ORD-026229,9,8,Ergonomic Chair,furniture,5,612.75,3063.75,cancelled,2026-07-13T18:11:27+00:00
ORD-026230,1,5,Over-ear Headphones,audio,3,199.95,599.85,pending,2026-07-13T13:19:01+00:00
ORD-026231,7,3,27in 1440p Monitor,displays,2,319.99,639.98,pending,2026-07-13T01:12:39+00:00
ORD-026232,2,7,Standing Desk 120cm,furniture,1,449.00,449.00,cancelled,2026-07-13T10:58:47+00:00
ORD-026233,3,5,Over-ear Headphones,audio,5,199.95,999.75,completed,2026-07-13T23:07:03+00:00
ORD-026234,6,1,Mechanical Keyboard 75%,peripherals,3,129.00,387.00,refunded,2026-07-13T08:20:48+00:00
ORD-026235,6,4,34in Ultrawide Monitor,displays,5,579.00,2895.00,pending,2026-07-13T05:50:46+00:00
ORD-026236,3,7,Standing Desk 120cm,furniture,2,449.00,898.00,pending,2026-07-13T21:29:18+00:00
ORD-026237,9,9,USB-C Hub 8-in-1,accessories,4,39.99,159.96,cancelled,2026-07-13T06:45:33+00:00
ORD-026238,5,9,USB-C Hub 8-in-1,accessories,3,39.99,119.97,cancelled,2026-07-13T08:06:47+00:00
ORD-026239,4,9,USB-C Hub 8-in-1,accessories,3,39.99,119.97,cancelled,2026-07-13T03:12:53+00:00
ORD-026240,7,3,27in 1440p Monitor,displays,5,319.99,1599.95,cancelled,2026-07-13T15:51:05+00:00
ORD-026241,8,2,Wireless Mouse,peripherals,3,49.50,148.50,cancelled,2026-07-13T13:50:07+00:00
ORD-026242,2,2,Wireless Mouse,peripherals,1,49.50,49.50,cancelled,2026-07-13T19:47:56+00:00
ORD-026243,2,7,Standing Desk 120cm,furniture,5,449.00,2245.00,cancelled,2026-07-13T14:34:58+00:00
ORD-026244,5,4,34in Ultrawide Monitor,displays,3,579.00,1737.00,completed,2026-07-13T23:46:11+00:00
ORD-026245,10,5,Over-ear Headphones,audio,2,199.95,399.90,refunded,2026-07-13T21:54:51+00:00
ORD-026246,6,3,27in 1440p Monitor,displays,5,319.99,1599.95,refunded,2026-07-13T07:49:47+00:00
ORD-026247,5,8,Ergonomic Chair,furniture,4,612.75,2451.00,completed,2026-07-13T19:45:30+00:00
ORD-026248,5,4,34in Ultrawide Monitor,displays,4,579.00,2316.00,completed,2026-07-13T02:56:31+00:00
ORD-026249,8,8,Ergonomic Chair,furniture,5,612.75,3063.75,pending,2026-07-13T00:45:26+00:00
ORD-026250,3,5,Over-ear Headphones,audio,5,199.95,999.75,pending,2026-07-13T14:26:19+00:00
ORD-026251,9,4,34in Ultrawide Monitor,displays,5,579.00,2895.00,refunded,2026-07-13T19:02:21+00:00
ORD-026252,7,1,Mechanical Keyboard 75%,peripherals,3,129.00,387.00,completed,2026-07-13T02:08:41+00:00
ORD-026253,9,1,Mechanical Keyboard 75%,peripherals,2,129.00,258.00,pending,2026-07-13T21:58:30+00:00
ORD-026254,8,2,Wireless Mouse,peripherals,4,49.50,198.00,refunded,2026-07-13T15:56:25+00:00
ORD-026255,5,10,Laptop Stand Aluminium,accessories,3,27.50,82.50,cancelled,2026-07-13T15:54:25+00:00
ORD-026256,10,8,Ergonomic Chair,furniture,5,612.75,3063.75,refunded,2026-07-13T06:53:00+00:00
ORD-026257,6,1,Mechanical Keyboard 75%,peripherals,4,129.00,516.00,refunded,2026-07-13T08:29:02+00:00
ORD-026258,5,7,Standing Desk 120cm,furniture,1,449.00,449.00,completed,2026-07-13T14:57:04+00:00
ORD-026259,4,5,Over-ear Headphones,audio,1,199.95,199.95,refunded,2026-07-13T12:44:11+00:00
ORD-026260,5,6,Desk Speakers Pair,audio,5,89.00,445.00,completed,2026-07-13T00:55:04+00:00
ORD-026261,6,8,Ergonomic Chair,furniture,5,612.75,3063.75,cancelled,2026-07-13T03:55:23+00:00
ORD-026262,9,3,27in 1440p Monitor,displays,3,319.99,959.97,refunded,2026-07-13T02:19:50+00:00
ORD-026263,8,2,Wireless Mouse,peripherals,3,49.50,148.50,refunded,2026-07-13T21:51:15+00:00
ORD-026264,10,8,Ergonomic Chair,furniture,5,612.75,3063.75,refunded,2026-07-13T05:03:01+00:00
ORD-026265,4,2,Wireless Mouse,peripherals,2,49.50,99.00,refunded,2026-07-13T03:15:03+00:00
ORD-026266,2,2,Wireless Mouse,peripherals,1,49.50,49.50,completed,2026-07-13T20:40:43+00:00
ORD-026267,3,8,Ergonomic Chair,furniture,3,612.75,1838.25,cancelled,2026-07-13T13:44:05+00:00
ORD-026268,1,3,27in 1440p Monitor,displays,4,319.99,1279.96,pending,2026-07-13T12:37:03+00:00
ORD-026269,8,5,Over-ear Headphones,audio,5,199.95,999.75,completed,2026-07-13T19:33:12+00:00
ORD-026270,6,3,27in 1440p Monitor,displays,1,319.99,319.99,pending,2026-07-13T18:37:11+00:00
ORD-026271,5,8,Ergonomic Chair,furniture,5,612.75,3063.75,refunded,2026-07-13T07:56:40+00:00
ORD-026272,2,6,Desk Speakers Pair,audio,4,89.00,356.00,pending,2026-07-13T11:21:50+00:00
ORD-026273,6,3,27in 1440p Monitor,displays,1,319.99,319.99,pending,2026-07-13T14:46:06+00:00
ORD-026274,1,4,34in Ultrawide Monitor,displays,4,579.00,2316.00,cancelled,2026-07-13T07:21:01+00:00
ORD-026275,5,8,Ergonomic Chair,furniture,5,612.75,3063.75,completed,2026-07-13T12:00:02+00:00
ORD-026276,8,4,34in Ultrawide Monitor,displays,5,579.00,2895.00,completed,2026-07-13T19:02:10+00:00
ORD-026277,4,4,34in Ultrawide Monitor,displays,1,579.00,579.00,pending,2026-07-13T11:32:14+00:00
ORD-026278,2,4,34in Ultrawide Monitor,displays,5,579.00,2895.00,pending,2026-07-13T21:02:16+00:00
ORD-026279,10,2,Wireless Mouse,peripherals,1,49.50,49.50,cancelled,2026-07-13T10:39:36+00:00
ORD-026280,5,1,Mechanical Keyboard 75%,peripherals,2,129.00,258.00,completed,2026-07-13T04:37:15+00:00
ORD-026281,3,1,Mechanical Keyboard 75%,peripherals,3,129.00,387.00,cancelled,2026-07-13T14:27:13+00:00
ORD-026282,1,7,Standing Desk 120cm,furniture,1,449.00,449.00,refunded,2026-07-13T05:41:46+00:00
ORD-026283,2,4,34in Ultrawide Monitor,displays,2,579.00,1158.00,refunded,2026-07-13T06:21:23+00:00
ORD-026284,6,5,Over-ear Headphones,audio,1,199.95,199.95,refunded,2026-07-13T14:58:17+00:00
ORD-026285,7,6,Desk Speakers Pair,audio,4,89.00,356.00,refunded,2026-07-13T03:51:48+00:00
ORD-026286,8,4,34in Ultrawide Monitor,displays,2,579.00,1158.00,completed,2026-07-13T06:21:56+00:00
ORD-026287,5,6,Desk Speakers Pair,audio,3,89.00,267.00,completed,2026-07-13T18:16:17+00:00
ORD-026288,1,2,Wireless Mouse,peripherals,2,49.50,99.00,pending,2026-07-13T23:06:11+00:00
ORD-026289,10,4,34in Ultrawide Monitor,displays,2,579.00,1158.00,cancelled,2026-07-13T05:21:23+00:00
ORD-026290,9,10,Laptop Stand Aluminium,accessories,2,27.50,55.00,completed,2026-07-13T18:08:49+00:00
ORD-026291,6,10,Laptop Stand Aluminium,accessories,1,27.50,27.50,cancelled,2026-07-13T04:30:25+00:00
ORD-026292,6,2,Wireless Mouse,peripherals,5,49.50,247.50,completed,2026-07-13T05:24:07+00:00
ORD-026293,8,10,Laptop Stand Aluminium,accessories,5,27.50,137.50,completed,2026-07-13T03:29:18+00:00
ORD-026294,10,6,Desk Speakers Pair,audio,4,89.00,356.00,cancelled,2026-07-13T16:05:37+00:00
ORD-026295,6,2,Wireless Mouse,peripherals,4,49.50,198.00,pending,2026-07-13T08:53:52+00:00
ORD-026296,8,8,Ergonomic Chair,furniture,2,612.75,1225.50,pending,2026-07-13T13:25:27+00:00
ORD-026297,10,2,Wireless Mouse,peripherals,1,49.50,49.50,cancelled,2026-07-13T01:50:04+00:00
ORD-026298,5,6,Desk Speakers Pair,audio,1,89.00,89.00,completed,2026-07-13T07:39:42+00:00
ORD-026299,10,3,27in 1440p Monitor,displays,5,319.99,1599.95,cancelled,2026-07-13T00:03:21+00:00
ORD-026300,7,7,Standing Desk 120cm,furniture,4,449.00,1796.00,pending,2026-07-13T07:20:26+00:00
ORD-026301,2,7,Standing Desk 120cm,furniture,1,449.00,449.00,pending,2026-07-13T17:24:19+00:00
ORD-026302,7,2,Wireless Mouse,peripherals,3,49.50,148.50,refunded,2026-07-13T04:08:59+00:00
ORD-026303,5,5,Over-ear Headphones,audio,1,199.95,199.95,completed,2026-07-13T14:09:26+00:00
ORD-026304,8,4,34in Ultrawide Monitor,displays,2,579.00,1158.00,refunded,2026-07-13T15:09:17+00:00
ORD-026305,4,3,27in 1440p Monitor,displays,4,319.99,1279.96,cancelled,2026-07-13T10:22:54+00:00
ORD-026306,2,2,Wireless Mouse,peripherals,1,49.50,49.50,completed,2026-07-13T08:29:48+00:00
ORD-026307,5,7,Standing Desk 120cm,furniture,2,449.00,898.00,completed,2026-07-13T10:00:00+00:00
ORD-026308,8,5,Over-ear Headphones,audio,2,199.95,399.90,pending,2026-07-13T23:25:04+00:00
ORD-026309,9,9,USB-C Hub 8-in-1,accessories,1,39.99,39.99,pending,2026-07-13T17:58:33+00:00
ORD-026310,1,8,Ergonomic Chair,furniture,2,612.75,1225.50,cancelled,2026-07-13T16:09:45+00:00
ORD-026311,2,5,Over-ear Headphones,audio,4,199.95,799.80,completed,2026-07-13T05:09:34+00:00
ORD-026312,4,2,Wireless Mouse,peripherals,3,49.50,148.50,completed,2026-07-13T22:39:47+00:00
ORD-026313,1,1,Mechanical Keyboard 75%,peripherals,5,129.00,645.00,refunded,2026-07-13T21:13:23+00:00
ORD-026314,6,7,Standing Desk 120cm,furniture,1,449.00,449.00,refunded,2026-07-13T15:44:50+00:00
ORD-026315,5,1,Mechanical Keyboard 75%,peripherals,5,129.00,645.00,completed,2026-07-13T19:09:21+00:00
ORD-026316,1,4,34in Ultrawide Monitor,displays,4,579.00,2316.00,cancelled,2026-07-13T03:34:14+00:00
ORD-026317,9,10,Laptop Stand Aluminium,accessories,1,27.50,27.50,completed,2026-07-13T05:12:58+00:00
ORD-026318,2,3,27in 1440p Monitor,displays,3,319.99,959.97,cancelled,2026-07-13T01:25:40+00:00
ORD-026319,10,2,Wireless Mouse,peripherals,3,49.50,148.50,completed,2026-07-13T18:44:48+00:00
ORD-026320,8,10,Laptop Stand Aluminium,accessories,3,27.50,82.50,refunded,2026-07-13T15:02:40+00:00
ORD-026321,4,6,Desk Speakers Pair,audio,1,89.00,89.00,refunded,2026-07-13T14:55:53+00:00
ORD-026322,3,9,USB-C Hub 8-in-1,accessories,5,39.99,199.95,cancelled,2026-07-13T12:37:21+00:00
ORD-026323,10,3,27in 1440p Monitor,displays,4,319.99,1279.96,refunded,2026-07-13T14:06:32+00:00
ORD-026324,7,3,27in 1440p Monitor,displays,1,319.99,319.99,cancelled,2026-07-13T00:41:50+00:00
ORD-026325,3,5,Over-ear Headphones,audio,2,199.95,399.90,cancelled,2026-07-13T15:53:14+00:00
ORD-026326,6,8,Ergonomic Chair,furniture,2,612.75,1225.50,completed,2026-07-13T09:59:59+00:00
ORD-026327,4,5,Over-ear Headphones,audio,1,199.95,199.95,pending,2026-07-13T02:09:22+00:00
ORD-026328,3,10,Laptop Stand Aluminium,accessories,2,27.50,55.00,pending,2026-07-13T09:38:41+00:00
ORD-026329,2,4,34in Ultrawide Monitor,displays,3,579.00,1737.00,refunded,2026-07-13T13:10:25+00:00
ORD-026330,4,7,Standing Desk 120cm,furniture,5,449.00,2245.00,cancelled,2026-07-13T17:32:19+00:00
ORD-026331,9,1,Mechanical Keyboard 75%,peripherals,2,129.00,258.00,completed,2026-07-13T11:27:42+00:00
ORD-026332,6,6,Desk Speakers Pair,audio,3,89.00,267.00,cancelled,2026-07-13T07:10:29+00:00
ORD-026333,8,6,Desk Speakers Pair,audio,5,89.00,445.00,completed,2026-07-13T16:13:04+00:00
ORD-026334,10,1,Mechanical Keyboard 75%,peripherals,3,129.00,387.00,refunded,2026-07-13T10:42:57+00:00
ORD-026335,10,10,Laptop Stand Aluminium,accessories,5,27.50,137.50,pending,2026-07-13T12:11:34+00:00
ORD-026336,6,3,27in 1440p Monitor,displays,3,319.99,959.97,pending,2026-07-13T13:35:28+00:00
ORD-026337,9,3,27in 1440p Monitor,displays,5,319.99,1599.95,refunded,2026-07-13T01:50:51+00:00
ORD-026338,2,7,Standing Desk 120cm,furniture,5,449.00,2245.00,pending,2026-07-13T01:07:55+00:00
ORD-026339,7,6,Desk Speakers Pair,audio,5,89.00,445.00,completed,2026-07-13T02:35:33+00:00
ORD-026340,5,6,Desk Speakers Pair,audio,3,89.00,267.00,cancelled,2026-07-13T23:12:56+00:00
ORD-026341,6,8,Ergonomic Chair,furniture,3,612.75,1838.25,cancelled,2026-07-13T14:29:36+00:00
ORD-026342,8,9,USB-C Hub 8-in-1,accessories,5,39.99,199.95,refunded,2026-07-13T13:59:43+00:00
ORD-026343,6,9,USB-C Hub 8-in-1,accessories,4,39.99,159.96,pending,2026-07-13T21:32:18+00:00
ORD-026344,1,5,Over-ear Headphones,audio,5,199.95,999.75,refunded,2026-07-13T06:28:28+00:00
ORD-026345,10,9,USB-C Hub 8-in-1,accessories,2,39.99,79.98,completed,2026-07-13T09:33:46+00:00
ORD-026346,10,5,Over-ear Headphones,audio,2,199.95,399.90,pending,2026-07-13T10:29:57+00:00
ORD-026347,3,6,Desk Speakers Pair,audio,1,89.00,89.00,completed,2026-07-13T06:17:31+00:00
ORD-026348,2,10,Laptop Stand Aluminium,accessories,4,27.50,110.00,refunded,2026-07-13T09:29:28+00:00
ORD-026349,4,4,34in Ultrawide Monitor,displays,4,579.00,2316.00,refunded,2026-07-13T16:23:24+00:00
ORD-026350,6,8,Ergonomic Chair,furniture,5,612.75,3063.75,cancelled,2026-07-13T07:14:42+00:00
ORD-026351,1,9,USB-C Hub 8-in-1,accessories,5,39.99,199.95,refunded,2026-07-13T09:03:54+00:00
ORD-026352,1,1,Mechanical Keyboard 75%,peripherals,5,129.00,645.00,cancelled,2026-07-13T00:19:58+00:00
ORD-026353,5,10,Laptop Stand Aluminium,accessories,1,27.50,27.50,completed,2026-07-13T06:17:29+00:00
ORD-026354,5,3,27in 1440p Monitor,displays,5,319.99,1599.95,cancelled,2026-07-13T01:43:31+00:00
ORD-026355,2,8,Ergonomic Chair,furniture,5,612.75,3063.75,refunded,2026-07-13T08:57:49+00:00
ORD-026356,3,10,Laptop Stand Aluminium,accessories,4,27.50,110.00,pending,2026-07-13T20:51:27+00:00
ORD-026357,6,4,34in Ultrawide Monitor,displays,1,579.00,579.00,pending,2026-07-13T18:08:59+00:00
ORD-026358,3,7,Standing Desk 120cm,furniture,3,449.00,1347.00,pending,2026-07-13T18:27:37+00:00
ORD-026359,5,9,USB-C Hub 8-in-1,accessories,1,39.99,39.99,pending,2026-07-13T15:31:08+00:00
ORD-026360,4,1,Mechanical Keyboard 75%,peripherals,3,129.00,387.00,refunded,2026-07-13T06:58:53+00:00
ORD-026361,5,3,27in 1440p Monitor,displays,2,319.99,639.98,cancelled,2026-07-13T03:43:07+00:00
ORD-026362,9,1,Mechanical Keyboard 75%,peripherals,4,129.00,516.00,pending,2026-07-13T21:31:11+00:00
ORD-026363,1,6,Desk Speakers Pair,audio,2,89.00,178.00,refunded,2026-07-13T00:19:24+00:00
ORD-026364,8,9,USB-C Hub 8-in-1,accessories,4,39.99,159.96,pending,2026-07-13T18:50:02+00:00
ORD-026365,2,1,Mechanical Keyboard 75%,peripherals,2,129.00,258.00,cancelled,2026-07-13T06:05:54+00:00
ORD-026366,6,4,34in Ultrawide Monitor,displays,3,579.00,1737.00,cancelled,2026-07-13T22:54:13+00:00
ORD-026367,3,2,Wireless Mouse,peripherals,5,49.50,247.50,pending,2026-07-13T20:27:19+00:00
ORD-026368,3,2,Wireless Mouse,peripherals,4,49.50,198.00,refunded,2026-07-13T18:11:47+00:00
ORD-026369,1,4,34in Ultrawide Monitor,displays,2,579.00,1158.00,pending,2026-07-13T11:41:06+00:00
ORD-026370,8,3,27in 1440p Monitor,displays,3,319.99,959.97,pending,2026-07-13T00:55:16+00:00
ORD-026371,1,8,Ergonomic Chair,furniture,1,612.75,612.75,cancelled,2026-07-13T19:10:11+00:00
ORD-026372,8,7,Standing Desk 120cm,furniture,5,449.00,2245.00,pending,2026-07-13T21:23:32+00:00
ORD-026373,9,10,Laptop Stand Aluminium,accessories,5,27.50,137.50,completed,2026-07-13T05:19:58+00:00
ORD-026374,3,3,27in 1440p Monitor,displays,3,319.99,959.97,refunded,2026-07-13T15:04:41+00:00
ORD-026375,7,3,27in 1440p Monitor,displays,2,319.99,639.98,pending,2026-07-13T16:07:56+00:00
ORD-026376,6,10,Laptop Stand Aluminium,accessories,4,27.50,110.00,completed,2026-07-13T11:45:23+00:00
ORD-026377,5,8,Ergonomic Chair,furniture,3,612.75,1838.25,cancelled,2026-07-13T05:36:53+00:00
ORD-026378,9,2,Wireless Mouse,peripherals,4,49.50,198.00,refunded,2026-07-13T13:19:14+00:00
ORD-026379,8,4,34in Ultrawide Monitor,displays,3,579.00,1737.00,pending,2026-07-13T09:54:30+00:00
ORD-026380,5,3,27in 1440p Monitor,displays,4,319.99,1279.96,completed,2026-07-13T06:11:28+00:00
ORD-026381,1,5,Over-ear Headphones,audio,3,199.95,599.85,completed,2026-07-13T06:59:38+00:00
ORD-026382,8,5,Over-ear Headphones,audio,2,199.95,399.90,refunded,2026-07-13T20:11:41+00:00
ORD-026383,8,4,34in Ultrawide Monitor,displays,4,579.00,2316.00,refunded,2026-07-13T11:04:13+00:00
ORD-026384,1,5,Over-ear Headphones,audio,2,199.95,399.90,cancelled,2026-07-13T20:55:14+00:00
ORD-026385,5,8,Ergonomic Chair,furniture,3,612.75,1838.25,cancelled,2026-07-13T22:50:13+00:00
ORD-026386,4,10,Laptop Stand Aluminium,accessories,2,27.50,55.00,pending,2026-07-13T06:57:56+00:00
ORD-026387,2,7,Standing Desk 120cm,furniture,3,449.00,1347.00,completed,2026-07-13T23:48:08+00:00
ORD-026388,1,10,Laptop Stand Aluminium,accessories,2,27.50,55.00,pending,2026-07-13T16:38:10+00:00
ORD-026389,2,1,Mechanical Keyboard 75%,peripherals,3,129.00,387.00,completed,2026-07-13T00:21:12+00:00
ORD-026390,3,7,Standing Desk 120cm,furniture,1,449.00,449.00,cancelled,2026-07-13T03:34:28+00:00
ORD-026391,8,2,Wireless Mouse,peripherals,4,49.50,198.00,completed,2026-07-13T20:48:39+00:00
ORD-026392,5,7,Standing Desk 120cm,furniture,5,449.00,2245.00,refunded,2026-07-13T15:04:30+00:00
ORD-026393,2,3,27in 1440p Monitor,displays,1,319.99,319.99,refunded,2026-07-13T19:51:13+00:00
ORD-026394,4,3,27in 1440p Monitor,displays,2,319.99,639.98,completed,2026-07-13T06:06:51+00:00
ORD-026395,8,6,Desk Speakers Pair,audio,4,89.00,356.00,cancelled,2026-07-13T18:50:33+00:00
ORD-026396,9,3,27in 1440p Monitor,displays,2,319.99,639.98,completed,2026-07-13T05:02:39+00:00
ORD-026397,2,3,27in 1440p Monitor,displays,5,319.99,1599.95,cancelled,2026-07-13T06:53:27+00:00
ORD-026398,10,5,Over-ear Headphones,audio,3,199.95,599.85,cancelled,2026-07-13T13:52:11+00:00
ORD-026399,3,3,27in 1440p Monitor,displays,3,319.99,959.97,pending,2026-07-13T18:24:03+00:00
ORD-026400,8,7,Standing Desk 120cm,furniture,3,449.00,1347.00,completed,2026-07-13T22:07:45+00:00
ORD-026401,5,1,Mechanical Keyboard 75%,peripherals,4,129.00,516.00,pending,2026-07-13T02:59:01+00:00
ORD-026402,2,2,Wireless Mouse,peripherals,4,49.50,198.00,completed,2026-07-13T23:08:55+00:00
ORD-026403,10,6,Desk Speakers Pair,audio,2,89.00,178.00,cancelled,2026-07-13T02:15:20+00:00
ORD-026404,9,2,Wireless Mouse,peripherals,5,49.50,247.50,cancelled,2026-07-13T02:29:03+00:00
ORD-026405,3,8,Ergonomic Chair,furniture,5,612.75,3063.75,completed,2026-07-13T15:29:21+00:00
ORD-026406,6,9,USB-C Hub 8-in-1,accessories,1,39.99,39.99,pending,2026-07-13T07:34:07+00:00
ORD-026407,3,1,Mechanical Keyboard 75%,peripherals,4,129.00,516.00,cancelled,2026-07-13T19:47:22+00:00
ORD-026408,4,8,Ergonomic Chair,furniture,3,612.75,1838.25,refunded,2026-07-13T08:13:27+00:00
ORD-026409,10,6,Desk Speakers Pair,audio,5,89.00,445.00,refunded,2026-07-13T19:23:25+00:00
ORD-026410,10,7,Standing Desk 120cm,furniture,2,449.00,898.00,completed,2026-07-13T04:03:36+00:00
ORD-026411,3,2,Wireless Mouse,peripherals,1,49.50,49.50,refunded,2026-07-13T09:15:15+00:00
ORD-026412,10,5,Over-ear Headphones,audio,4,199.95,799.80,refunded,2026-07-13T22:21:58+00:00
ORD-026413,1,4,34in Ultrawide Monitor,displays,4,579.00,2316.00,pending,2026-07-13T14:25:25+00:00
ORD-026414,3,5,Over-ear Headphones,audio,5,199.95,999.75,pending,2026-07-13T07:44:08+00:00
ORD-026415,1,9,USB-C Hub 8-in-1,accessories,5,39.99,199.95,cancelled,2026-07-13T22:37:50+00:00
ORD-026416,4,8,Ergonomic Chair,furniture,3,612.75,1838.25,completed,2026-07-13T10:09:14+00:00
ORD-026417,6,5,Over-ear Headphones,audio,5,199.95,999.75,refunded,2026-07-13T03:12:24+00:00
ORD-026418,3,1,Mechanical Keyboard 75%,peripherals,5,129.00,645.00,cancelled,2026-07-13T16:03:59+00:00
ORD-026419,1,8,Ergonomic Chair,furniture,3,612.75,1838.25,cancelled,2026-07-13T13:04:22+00:00
ORD-026420,1,5,Over-ear Headphones,audio,1,199.95,199.95,cancelled,2026-07-13T23:28:28+00:00
ORD-026421,3,6,Desk Speakers Pair,audio,2,89.00,178.00,refunded,2026-07-13T11:03:15+00:00
ORD-026422,2,9,USB-C Hub 8-in-1,accessories,3,39.99,119.97,pending,2026-07-13T20:18:06+00:00
ORD-026423,6,9,USB-C Hub 8-in-1,accessories,3,39.99,119.97,cancelled,2026-07-13T23:42:11+00:00
ORD-026424,10,6,Desk Speakers Pair,audio,2,89.00,178.00,refunded,2026-07-13T09:25:19+00:00
ORD-026425,8,3,27in 1440p Monitor,displays,5,319.99,1599.95,refunded,2026-07-13T05:04:24+00:00
ORD-026426,5,10,Laptop Stand Aluminium,accessories,5,27.50,137.50,pending,2026-07-13T13:08:34+00:00
ORD-026427,10,1,Mechanical Keyboard 75%,peripherals,2,129.00,258.00,cancelled,2026-07-13T13:24:06+00:00
ORD-026428,8,10,Laptop Stand Aluminium,accessories,3,27.50,82.50,pending,2026-07-13T12:58:49+00:00
ORD-026429,6,4,34in Ultrawide Monitor,displays,2,579.00,1158.00,completed,2026-07-13T11:55:16+00:00
ORD-026430,4,10,Laptop Stand Aluminium,accessories,4,27.50,110.00,pending,2026-07-13T12:21:38+00:00
ORD-026431,10,5,Over-ear Headphones,audio,2,199.95,399.90,cancelled,2026-07-13T10:44:34+00:00
ORD-026432,10,3,27in 1440p Monitor,displays,1,319.99,319.99,refunded,2026-07-13T23:11:28+00:00
ORD-026433,8,3,27in 1440p Monitor,displays,3,319.99,959.97,pending,2026-07-13T16:59:03+00:00
ORD-026434,2,6,Desk Speakers Pair,audio,2,89.00,178.00,pending,2026-07-13T09:12:18+00:00
ORD-026435,9,2,Wireless Mouse,peripherals,3,49.50,148.50,refunded,2026-07-13T21:19:41+00:00
ORD-026436,5,7,Standing Desk 120cm,furniture,4,449.00,1796.00,refunded,2026-07-13T15:59:06+00:00
ORD-026437,7,10,Laptop Stand Aluminium,accessories,1,27.50,27.50,refunded,2026-07-13T20:38:44+00:00
ORD-026438,3,4,34in Ultrawide Monitor,displays,4,579.00,2316.00,refunded,2026-07-13T08:09:46+00:00
ORD-026439,5,3,27in 1440p Monitor,displays,3,319.99,959.97,pending,2026-07-13T18:13:00+00:00
ORD-026440,5,1,Mechanical Keyboard 75%,peripherals,2,129.00,258.00,pending,2026-07-13T06:53:56+00:00
ORD-026441,3,5,Over-ear Headphones,audio,3,199.95,599.85,completed,2026-07-13T04:59:21+00:00
ORD-026442,5,8,Ergonomic Chair,furniture,2,612.75,1225.50,completed,2026-07-13T10:31:52+00:00
ORD-026443,3,2,Wireless Mouse,peripherals,3,49.50,148.50,pending,2026-07-13T18:09:46+00:00
ORD-026444,10,3,27in 1440p Monitor,displays,2,319.99,639.98,pending,2026-07-13T10:51:02+00:00
ORD-026445,10,1,Mechanical Keyboard 75%,peripherals,3,129.00,387.00,completed,2026-07-13T11:39:40+00:00
ORD-026446,1,9,USB-C Hub 8-in-1,accessories,1,39.99,39.99,cancelled,2026-07-13T13:23:29+00:00
ORD-026447,9,10,Laptop Stand Aluminium,accessories,4,27.50,110.00,completed,2026-07-13T23:53:45+00:00
ORD-026448,2,4,34in Ultrawide Monitor,displays,3,579.00,1737.00,cancelled,2026-07-13T14:04:25+00:00
ORD-026449,9,8,Ergonomic Chair,furniture,2,612.75,1225.50,refunded,2026-07-13T10:20:21+00:00
ORD-026450,9,3,27in 1440p Monitor,displays,2,319.99,639.98,cancelled,2026-07-13T22:42:37+00:00
ORD-026451,3,8,Ergonomic Chair,furniture,5,612.75,3063.75,completed,2026-07-13T10:12:10+00:00
ORD-026452,2,2,Wireless Mouse,peripherals,4,49.50,198.00,cancelled,2026-07-13T08:48:39+00:00
ORD-026453,1,10,Laptop Stand Aluminium,accessories,5,27.50,137.50,completed,2026-07-13T03:36:51+00:00
ORD-026454,9,7,Standing Desk 120cm,furniture,3,449.00,1347.00,completed,2026-07-13T08:01:37+00:00
ORD-026455,3,7,Standing Desk 120cm,furniture,4,449.00,1796.00,refunded,2026-07-13T13:27:46+00:00
ORD-026456,10,8,Ergonomic Chair,furniture,4,612.75,2451.00,cancelled,2026-07-13T18:36:20+00:00
ORD-026457,1,6,Desk Speakers Pair,audio,1,89.00,89.00,refunded,2026-07-13T00:34:03+00:00
ORD-026458,7,5,Over-ear Headphones,audio,4,199.95,799.80,cancelled,2026-07-13T03:33:09+00:00
ORD-026459,5,8,Ergonomic Chair,furniture,1,612.75,612.75,completed,2026-07-13T06:58:18+00:00
ORD-026460,8,5,Over-ear Headphones,audio,2,199.95,399.90,pending,2026-07-13T11:13:11+00:00
ORD-026461,2,10,Laptop Stand Aluminium,accessories,3,27.50,82.50,refunded,2026-07-13T15:06:24+00:00
ORD-026462,6,8,Ergonomic Chair,furniture,4,612.75,2451.00,cancelled,2026-07-13T11:59:08+00:00
ORD-026463,4,10,Laptop Stand Aluminium,accessories,3,27.50,82.50,pending,2026-07-13T19:48:10+00:00
ORD-026464,2,10,Laptop Stand Aluminium,accessories,1,27.50,27.50,cancelled,2026-07-13T22:17:41+00:00
ORD-026465,9,4,34in Ultrawide Monitor,displays,2,579.00,1158.00,refunded,2026-07-13T03:27:53+00:00
ORD-026466,8,6,Desk Speakers Pair,audio,2,89.00,178.00,completed,2026-07-13T12:01:09+00:00
ORD-026467,8,3,27in 1440p Monitor,displays,2,319.99,639.98,pending,2026-07-13T14:57:14+00:00
ORD-026468,5,5,Over-ear Headphones,audio,3,199.95,599.85,refunded,2026-07-13T06:54:04+00:00
ORD-026469,5,1,Mechanical Keyboard 75%,peripherals,4,129.00,516.00,refunded,2026-07-13T15:59:02+00:00
ORD-026470,6,2,Wireless Mouse,peripherals,4,49.50,198.00,refunded,2026-07-13T22:13:54+00:00
ORD-026471,2,9,USB-C Hub 8-in-1,accessories,4,39.99,159.96,refunded,2026-07-13T01:59:11+00:00
ORD-026472,1,8,Ergonomic Chair,furniture,5,612.75,3063.75,refunded,2026-07-13T12:28:13+00:00
ORD-026473,2,8,Ergonomic Chair,furniture,3,612.75,1838.25,cancelled,2026-07-13T04:41:41+00:00
ORD-026474,10,7,Standing Desk 120cm,furniture,4,449.00,1796.00,cancelled,2026-07-13T08:54:06+00:00
ORD-026475,9,3,27in 1440p Monitor,displays,4,319.99,1279.96,pending,2026-07-13T00:31:24+00:00
ORD-026476,8,4,34in Ultrawide Monitor,displays,1,579.00,579.00,cancelled,2026-07-13T01:51:32+00:00
ORD-026477,3,7,Standing Desk 120cm,furniture,2,449.00,898.00,refunded,2026-07-13T21:59:35+00:00
ORD-026478,2,5,Over-ear Headphones,audio,1,199.95,199.95,cancelled,2026-07-13T14:27:08+00:00
ORD-026479,2,3,27in 1440p Monitor,displays,3,319.99,959.97,cancelled,2026-07-13T05:25:28+00:00
ORD-026480,2,7,Standing Desk 120cm,furniture,4,449.00,1796.00,pending,2026-07-13T12:49:06+00:00
ORD-026481,7,3,27in 1440p Monitor,displays,2,319.99,639.98,completed,2026-07-13T06:19:56+00:00
ORD-026482,10,6,Desk Speakers Pair,audio,4,89.00,356.00,refunded,2026-07-13T15:23:43+00:00
ORD-026483,6,1,Mechanical Keyboard 75%,peripherals,3,129.00,387.00,pending,2026-07-13T21:34:23+00:00
ORD-026484,2,3,27in 1440p Monitor,displays,3,319.99,959.97,refunded,2026-07-13T09:31:39+00:00
ORD-026485,1,1,Mechanical Keyboard 75%,peripherals,5,129.00,645.00,cancelled,2026-07-13T10:44:24+00:00
ORD-026486,8,4,34in Ultrawide Monitor,displays,2,579.00,1158.00,cancelled,2026-07-13T08:57:22+00:00
ORD-026487,10,3,27in 1440p Monitor,displays,2,319.99,639.98,cancelled,2026-07-13T02:36:33+00:00
ORD-026488,3,4,34in Ultrawide Monitor,displays,1,579.00,579.00,completed,2026-07-13T22:35:34+00:00
ORD-026489,5,1,Mechanical Keyboard 75%,peripherals,4,129.00,516.00,pending,2026-07-13T20:27:29+00:00
ORD-026490,2,7,Standing Desk 120cm,furniture,3,449.00,1347.00,refunded,2026-07-13T18:15:13+00:00
ORD-026491,8,2,Wireless Mouse,peripherals,5,49.50,247.50,completed,2026-07-13T17:27:23+00:00
