order_id,customer_id,product_id,product_name,category,quantity,unit_price,amount,status,order_date
ORD-052293,8,4,34in Ultrawide Monitor,displays,3,579.00,1737.00,refunded,2026-07-26T11:29:38+00:00
ORD-052294,10,6,Desk Speakers Pair,audio,3,89.00,267.00,pending,2026-07-26T04:44:36+00:00
ORD-052295,1,5,Over-ear Headphones,audio,2,199.95,399.90,cancelled,2026-07-26T20:44:19+00:00
ORD-052296,7,10,Laptop Stand Aluminium,accessories,3,27.50,82.50,refunded,2026-07-26T01:42:48+00:00
ORD-052297,6,8,Ergonomic Chair,furniture,3,612.75,1838.25,pending,2026-07-26T10:15:43+00:00
ORD-052298,8,9,USB-C Hub 8-in-1,accessories,1,39.99,39.99,pending,2026-07-26T01:08:38+00:00
ORD-052299,10,1,Mechanical Keyboard 75%,peripherals,4,129.00,516.00,pending,2026-07-26T10:03:46+00:00
ORD-052300,9,9,USB-C Hub 8-in-1,accessories,4,39.99,159.96,completed,2026-07-26T19:05:37+00:00
ORD-052301,9,6,Desk Speakers Pair,audio,2,89.00,178.00,refunded,2026-07-26T08:30:17+00:00
ORD-052302,8,3,27in 1440p Monitor,displays,5,319.99,1599.95,pending,2026-07-26T15:04:08+00:00
ORD-052303,6,5,Over-ear Headphones,audio,2,199.95,399.90,cancelled,2026-07-26T17:50:24+00:00
ORD-052304,9,1,Mechanical Keyboard 75%,peripherals,3,129.00,387.00,cancelled,2026-07-26T06:46:24+00:00
ORD-052305,5,6,Desk Speakers Pair,audio,5,89.00,445.00,refunded,2026-07-26T03:58:37+00:00
ORD-052306,9,8,Ergonomic Chair,furniture,4,612.75,2451.00,pending,2026-07-26T00:21:31+00:00
ORD-052307,4,10,Laptop Stand Aluminium,accessories,1,27.50,27.50,cancelled,2026-07-26T23:40:44+00:00
ORD-052308,2,7,Standing Desk 120cm,furniture,4,449.00,1796.00,completed,2026-07-26T15:29:11+00:00
ORD-052309,2,7,Standing Desk 120cm,furniture,1,449.00,449.00,cancelled,2026-07-26T19:19:40+00:00
ORD-052310,1,4,34in Ultrawide Monitor,displays,2,579.00,1158.00,pending,2026-07-26T07:51:21+00:00
ORD-052311,5,7,Standing Desk 120cm,furniture,1,449.00,449.00,cancelled,2026-07-26T02:41:42+00:00
ORD-052312,10,5,Over-ear Headphones,audio,3,199.95,599.85,refunded,2026-07-26T01:51:55+00:00
ORD-052313,10,4,34in Ultrawide Monitor,displays,4,579.00,2316.00,cancelled,2026-07-26T09:11:07+00:00
ORD-052314,4,4,34in Ultrawide Monitor,displays,2,579.00,1158.00,refunded,2026-07-26T17:30:50+00:00
ORD-052315,5,3,27in 1440p Monitor,displays,2,319.99,639.98,cancelled,2026-07-26T15:20:15+00:00
ORD-052316,4,7,Standing Desk 120cm,furniture,2,449.00,898.00,pending,2026-07-26T11:27:20+00:00
ORD-052317,2,6,Desk Speakers Pair,audio,1,89.00,89.00,refunded,2026-07-26T19:22:35+00:00
ORD-052318,10,7,Standing Desk 120cm,furniture,3,449.00,1347.00,refunded,2026-07-26T14:24:49+00:00
ORD-052319,2,9,USB-C Hub 8-in-1,accessories,3,39.99,119.97,refunded,2026-07-26T13:05:14+00:00
ORD-052320,10,6,Desk Speakers Pair,audio,2,89.00,178.00,pending,2026-07-26T13:17:12+00:00
ORD-052321,8,8,Ergonomic Chair,furniture,3,612.75,1838.25,completed,2026-07-26T23:25:10+00:00
ORD-052322,9,3,27in 1440p Monitor,displays,3,319.99,959.97,completed,2026-07-26T23:26:42+00:00
ORD-052323,9,3,27in 1440p Monitor,displays,5,319.99,1599.95,pending,2026-07-26T18:34:34+00:00
ORD-052324,4,9,USB-C Hub 8-in-1,accessories,3,39.99,119.97,refunded,2026-07-26T22:02:06+00:00
ORD-052325,10,5,Over-ear Headphones,audio,1,199.95,199.95,cancelled,2026-07-26T18:05:37+00:00
ORD-052326,3,8,Ergonomic Chair,furniture,3,612.75,1838.25,refunded,2026-07-26T11:37:26+00:00
ORD-052327,1,6,Desk Speakers Pair,audio,2,89.00,178.00,refunded,2026-07-26T22:07:11+00:00
ORD-052328,4,5,Over-ear Headphones,audio,5,199.95,999.75,pending,2026-07-26T00:18:42+00:00
ORD-052329,6,7,Standing Desk 120cm,furniture,1,449.00,449.00,cancelled,2026-07-26T23:08:29+00:00
ORD-052330,1,1,Mechanical Keyboard 75%,peripherals,1,129.00,129.00,completed,2026-07-26T19:04:57+00:00
ORD-052331,9,6,Desk Speakers Pair,audio,5,89.00,445.00,cancelled,2026-07-26T08:22:53+00:00
ORD-052332,10,4,34in Ultrawide Monitor,displays,3,579.00,1737.00,refunded,2026-07-26T14:13:53+00:00
ORD-052333,7,4,34in Ultrawide Monitor,displays,1,579.00,579.00,refunded,2026-07-26T09:57:02+00:00
ORD-052334,9,7,Standing Desk 120cm,furniture,5,449.00,2245.00,refunded,2026-07-26T23:25:48+00:00
ORD-052335,2,2,Wireless Mouse,peripherals,3,49.50,148.50,completed,2026-07-26T05:02:37+00:00
ORD-052336,4,4,34in Ultrawide Monitor,displays,3,579.00,1737.00,refunded,2026-07-26T07:44:15+00:00
ORD-052337,1,5,Over-ear Headphones,audio,3,199.95,599.85,pending,2026-07-26T06:16:15+00:00
ORD-052338,10,2,Wireless Mouse,peripherals,5,49.50,247.50,completed,2026-07-26T02:51:27+00:00
ORD-052339,7,6,Desk Speakers Pair,audio,4,89.00,356.00,refunded,2026-07-26T08:48:01+00:00
ORD-052340,1,7,Standing Desk 120cm,furniture,2,449.00,898.00,pending,2026-07-26T10:40:39+00:00
ORD-052341,4,5,Over-ear Headphones,audio,3,199.95,599.85,refunded,2026-07-26T10:58:05+00:00
ORD-052342,3,6,Desk Speakers Pair,audio,3,89.00,267.00,refunded,2026-07-26T09:12:04+00:00
ORD-052343,5,8,Ergonomic Chair,furniture,1,612.75,612.75,cancelled,2026-07-26T10:35:24+00:00
ORD-052344,3,10,Laptop Stand Aluminium,accessories,2,27.50,55.00,completed,2026-07-26T10:15:34+00:00
ORD-052345,4,9,USB-C Hub 8-in-1,accessories,4,39.99,159.96,pending,2026-07-26T06:07:15+00:00
ORD-052346,1,10,Laptop Stand Aluminium,accessories,4,27.50,110.00,refunded,2026-07-26T13:06:06+00:00
ORD-052347,10,9,USB-C Hub 8-in-1,accessories,1,39.99,39.99,refunded,2026-07-26T18:42:52+00:00
ORD-052348,9,10,Laptop Stand Aluminium,accessories,5,27.50,137.50,completed,2026-07-26T23:14:21+00:00
ORD-052349,9,4,34in Ultrawide Monitor,displays,3,579.00,1737.00,cancelled,2026-07-26T14:59:51+00:00
ORD-052350,10,2,Wireless Mouse,peripherals,4,49.50,198.00,completed,2026-07-26T16:11:45+00:00
ORD-052351,4,8,Ergonomic Chair,furniture,5,612.75,3063.75,refunded,2026-07-26T08:20:32+00:00
ORD-052352,3,5,Over-ear Headphones,audio,3,199.95,599.85,refunded,2026-07-26T03:30:27+00:00
ORD-052353,5,8,Ergonomic Chair,furniture,4,612.75,2451.00,cancelled,2026-07-26T02:58:49+00:00
ORD-052354,7,1,Mechanical Keyboard 75%,peripherals,1,129.00,129.00,cancelled,2026-07-26T20:16:14+00:00
ORD-052355,2,1,Mechanical Keyboard 75%,peripherals,3,129.00,387.00,pending,2026-07-26T21:02:46+00:00
ORD-052356,5,4,34in Ultrawide Monitor,displays,2,579.00,1158.00,cancelled,2026-07-26T17:57:17+00:00
ORD-052357,4,5,Over-ear Headphones,audio,2,199.95,399.90,completed,2026-07-26T15:31:23+00:00
ORD-052358,6,9,USB-C Hub 8-in-1,accessories,2,39.99,79.98,completed,2026-07-26T05:50:32+00:00
ORD-052359,5,3,27in 1440p Monitor,displays,5,319.99,1599.95,completed,2026-07-26T13:05:16+00:00
ORD-052360,6,5,Over-ear Headphones,audio,3,199.95,599.85,refunded,2026-07-26T13:34:36+00:00
ORD-052361,5,7,Standing Desk 120cm,furniture,2,449.00,898.00,pending,2026-07-26T16:12:59+00:00
ORD-052362,10,4,34in Ultrawide Monitor,displays,4,579.00,2316.00,pending,2026-07-26T18:02:20+00:00
ORD-052363,10,4,34in Ultrawide Monitor,displays,4,579.00,2316.00,cancelled,2026-07-26T18:46:57+00:00
ORD-052364,6,2,Wireless Mouse,peripherals,5,49.50,247.50,completed,2026-07-26T06:02:24+00:00
ORD-052365,9,3,27in 1440p Monitor,displays,3,319.99,959.97,cancelled,2026-07-26T01:14:26+00:00
ORD-052366,8,3,27in 1440p Monitor,displays,2,319.99,639.98,pending,2026-07-26T13:34:56+00:00
ORD-052367,7,9,USB-C Hub 8-in-1,accessories,1,39.99,39.99,cancelled,2026-07-26T19:05:18+00:00
ORD-052368,7,6,Desk Speakers Pair,audio,5,89.00,445.00,completed,2026-07-26T09:15:43+00:00
ORD-052369,8,5,Over-ear Headphones,audio,4,199.95,799.80,cancelled,2026-07-26T06:27:20+00:00
ORD-052370,5,7,Standing Desk 120cm,furniture,4,449.00,1796.00,pending,2026-07-26T10:01:07+00:00
ORD-052371,3,4,34in Ultrawide Monitor,displays,3,579.00,1737.00,completed,2026-07-26T18:55:17+00:00
ORD-052372,2,10,Laptop Stand Aluminium,accessories,4,27.50,110.00,pending,2026-07-26T12:06:34+00:00
ORD-052373,2,2,Wireless Mouse,peripherals,1,49.50,49.50,completed,2026-07-26T12:48:45+00:00
ORD-052374,4,5,Over-ear Headphones,audio,2,199.95,399.90,pending,2026-07-26T20:40:12+00:00
ORD-052375,3,3,27in 1440p Monitor,displays,3,319.99,959.97,refunded,2026-07-26T07:53:14+00:00
ORD-052376,6,2,Wireless Mouse,peripherals,1,49.50,49.50,refunded,2026-07-26T02:12:18+00:00
ORD-052377,4,6,Desk Speakers Pair,audio,2,89.00,178.00,pending,2026-07-26T12:20:02+00:00
ORD-052378,1,1,Mechanical Keyboard 75%,peripherals,3,129.00,387.00,pending,2026-07-26T00:55:54+00:00
ORD-052379,6,9,USB-C Hub 8-in-1,accessories,1,39.99,39.99,refunded,2026-07-26T15:32:22+00:00
ORD-052380,3,1,Mechanical Keyboard 75%,peripherals,2,129.00,258.00,refunded,2026-07-26T07:09:03+00:00
ORD-052381,7,8,Ergonomic Chair,furniture,2,612.75,1225.50,cancelled,2026-07-26T00:17:29+00:00
ORD-052382,9,7,Standing Desk 120cm,furniture,1,449.00,449.00,completed,2026-07-26T21:32:15+00:00
ORD-052383,1,3,27in 1440p Monitor,displays,3,319.99,959.97,pending,2026-07-26T00:16:29+00:00
ORD-052384,3,8,Ergonomic Chair,furniture,3,612.75,1838.25,cancelled,2026-07-26T06:03:18+00:00
ORD-052385,8,9,USB-C Hub 8-in-1,accessories,2,39.99,79.98,completed,2026-07-26T10:57:45+00:00
ORD-052386,2,3,27in 1440p Monitor,displays,5,319.99,1599.95,pending,2026-07-26T10:08:24+00:00
ORD-052387,8,10,Laptop Stand Aluminium,accessories,5,27.50,137.50,cancelled,2026-07-26T19:08:23+00:00
ORD-052388,1,10,Laptop Stand Aluminium,accessories,5,27.50,137.50,refunded,2026-07-26T14:22:47+00:00
ORD-052389,10,7,Standing Desk 120cm,furniture,4,449.00,1796.00,pending,2026-07-26T15:15:15+00:00
ORD-052390,3,1,Mechanical Keyboard 75%,peripherals,5,129.00,645.00,cancelled,2026-07-26T21:58:30+00:00
ORD-052391,6,1,Mechanical Keyboard 75%,peripherals,3,129.00,387.00,completed,2026-07-26T01:34:09+00:00
ORD-052392,5,7,Standing Desk 120cm,furniture,5,449.00,2245.00,completed,2026-07-26T05:09:23+00:00
ORD-052393,5,6,Desk Speakers Pair,audio,3,89.00,267.00,pending,2026-07-26T10:47:36+00:00
ORD-052394,5,1,Mechanical Keyboard 75%,peripherals,4,129.00,516.00,completed,2026-07-26T10:29:30+00:00
ORD-052395,4,5,Over-ear Headphones,audio,5,199.95,999.75,cancelled,2026-07-26T16:44:15+00:00
ORD-052396,4,5,Over-ear Headphones,audio,4,199.95,799.80,refunded,2026-07-26T11:05:56+00:00
ORD-052397,3,2,Wireless Mouse,peripherals,1,49.50,49.50,cancelled,2026-07-26T21:23:15+00:00
ORD-052398,9,6,Desk Speakers Pair,audio,4,89.00,356.00,refunded,2026-07-26T08:10:21+00:00
ORD-052399,10,3,27in 1440p Monitor,displays,2,319.99,639.98,cancelled,2026-07-26T12:51:51+00:00
ORD-052400,3,4,34in Ultrawide Monitor,displays,1,579.00,579.00,completed,2026-07-26T07:37:09+00:00
ORD-052401,1,9,USB-C Hub 8-in-1,accessories,3,39.99,119.97,cancelled,2026-07-26T01:40:34+00:00
ORD-052402,9,7,Standing Desk 120cm,furniture,4,449.00,1796.00,refunded,2026-07-26T13:41:55+00:00
ORD-052403,6,9,USB-C Hub 8-in-1,accessories,4,39.99,159.96,pending,2026-07-26T20:05:10+00:00
ORD-052404,10,6,Desk Speakers Pair,audio,4,89.00,356.00,cancelled,2026-07-26T14:34:23+00:00
ORD-052405,3,8,Ergonomic Chair,furniture,1,612.75,612.75,pending,2026-07-26T12:26:19+00:00
ORD-052406,6,8,Ergonomic Chair,furniture,1,612.75,612.75,refunded,2026-07-26T23:34:45+00:00
ORD-052407,3,2,Wireless Mouse,peripherals,3,49.50,148.50,refunded,2026-07-26T03:38:38+00:00
ORD-052408,9,4,34in Ultrawide Monitor,displays,2,579.00,1158.00,refunded,2026-07-26T01:44:22+00:00
ORD-052409,5,2,Wireless Mouse,peripherals,2,49.50,99.00,pending,2026-07-26T09:47:14+00:00
ORD-052410,10,2,Wireless Mouse,peripherals,1,49.50,49.50,completed,2026-07-26T07:25:41+00:00
ORD-052411,1,9,USB-C Hub 8-in-1,accessories,1,39.99,39.99,completed,2026-07-26T18:57:13+00:00
ORD-052412,5,5,Over-ear Headphones,audio,2,199.95,399.90,completed,2026-07-26T11:29:31+00:00
ORD-052413,2,1,Mechanical Keyboard 75%,peripherals,5,129.00,645.00,cancelled,2026-07-26T18:21:50+00:00
ORD-052414,9,5,Over-ear Headphones,audio,1,199.95,199.95,pending,2026-07-26T11:37:39+00:00
ORD-052415,5,2,Wireless Mouse,peripherals,1,49.50,49.50,pending,2026-07-26T03:02:06+00:00
ORD-052416,6,8,Ergonomic Chair,furniture,5,612.75,3063.75,completed,2026-07-26T05:09:22+00:00
ORD-052417,7,6,Desk Speakers Pair,audio,4,89.00,356.00,refunded,2026-07-26T05:13:04+00:00
ORD-052418,9,8,Ergonomic Chair,furniture,5,612.75,3063.75,completed,2026-07-26T11:13:04+00:00
ORD-052419,10,3,27in 1440p Monitor,displays,5,319.99,1599.95,refunded,2026-07-26T07:23:42+00:00
ORD-052420,4,6,Desk Speakers Pair,audio,3,89.00,267.00,pending,2026-07-26T05:17:16+00:00
ORD-052421,2,8,Ergonomic Chair,furniture,2,612.75,1225.50,completed,2026-07-26T20:35:56+00:00
ORD-052422,5,9,USB-C Hub 8-in-1,accessories,4,39.99,159.96,refunded,2026-07-26T08:17:59+00:00
ORD-052423,2,10,Laptop Stand Aluminium,accessories,1,27.50,27.50,completed,2026-07-26T11:37:51+00:00
ORD-052424,9,4,34in Ultrawide Monitor,displays,3,579.00,1737.00,pending,2026-07-26T06:09:19+00:00
ORD-052425,9,5,Over-ear Headphones,audio,4,199.95,799.80,cancelled,2026-07-26T09:28:56+00:00
ORD-052426,5,6,Desk Speakers Pair,audio,3,89.00,267.00,cancelled,2026-07-26T09:54:54+00:00
ORD-052427,8,4,34in Ultrawide Monitor,displays,5,579.00,2895.00,refunded,2026-07-26T09:07:07+00:00
ORD-052428,3,4,34in Ultrawide Monitor,displays,4,579.00,2316.00,completed,2026-07-26T05:20:40+00:00
ORD-052429,1,4,34in Ultrawide Monitor,displays,1,579.00,579.00,completed,2026-07-26T00:01:55+00:00
ORD-052430,8,4,34in Ultrawide Monitor,displays,4,579.00,2316.00,completed,2026-07-26T06:46:27+00:00
ORD-052431,2,1,Mechanical Keyboard 75%,peripherals,3,129.00,387.00,completed,2026-07-26T17:22:26+00:00
ORD-052432,4,10,Laptop Stand Aluminium,accessories,5,27.50,137.50,refunded,2026-07-26T17:44:46+00:00
ORD-052433,1,3,27in 1440p Monitor,displays,4,319.99,1279.96,completed,2026-07-26T05:02:30+00:00
ORD-052434,7,7,Standing Desk 120cm,furniture,4,449.00,1796.00,refunded,2026-07-26T12:39:36+00:00
ORD-052435,7,7,Standing Desk 120cm,furniture,3,449.00,1347.00,cancelled,2026-07-26T23:50:30+00:00
ORD-052436,3,7,Standing Desk 120cm,furniture,1,449.00,449.00,pending,2026-07-26T02:06:34+00:00
ORD-052437,2,4,34in Ultrawide Monitor,displays,5,579.00,2895.00,pending,2026-07-26T02:28:12+00:00
ORD-052438,8,5,Over-ear Headphones,audio,4,199.95,799.80,completed,2026-07-26T13:46:10+00:00
ORD-052439,8,10,Laptop Stand Aluminium,accessories,2,27.50,55.00,completed,2026-07-26T09:55:01+00:00
ORD-052440,4,3,27in 1440p Monitor,displays,2,319.99,639.98,pending,2026-07-26T09:05:15+00:00
ORD-052441,10,4,34in Ultrawide Monitor,displays,4,579.00,2316.00,cancelled,2026-07-26T15:55:34+00:00
ORD-052442,1,9,USB-C Hub 8-in-1,accessories,4,39.99,159.96,refunded,2026-07-26T09:30:40+00:00
ORD-052443,2,5,Over-ear Headphones,audio,5,199.95,999.75,cancelled,2026-07-26T22:39:38+00:00
ORD-052444,8,5,Over-ear Headphones,audio,2,199.95,399.90,pending,2026-07-26T01:01:41+00:00
ORD-052445,6,5,Over-ear Headphones,audio,3,199.95,599.85,refunded,2026-07-26T12:21:44+00:00
ORD-052446,6,8,Ergonomic Chair,furniture,5,612.75,3063.75,refunded,2026-07-26T23:43:53+00:00
ORD-052447,7,9,USB-C Hub 8-in-1,accessories,3,39.99,119.97,refunded,2026-07-26T04:57:56+00:00
ORD-052448,10,8,Ergonomic Chair,furniture,4,612.75,2451.00,completed,2026-07-26T11:08:56+00:00
ORD-052449,4,9,USB-C Hub 8-in-1,accessories,5,39.99,199.95,pending,2026-07-26T21:34:21+00:00
ORD-052450,9,1,Mechanical Keyboard 75%,peripherals,3,129.00,387.00,cancelled,2026-07-26T06:57:41+00:00
ORD-052451,5,8,Ergonomic Chair,furniture,5,612.75,3063.75,completed,2026-07-26T20:46:59+00:00
ORD-052452,9,7,Standing Desk 120cm,furniture,3,449.00,1347.00,completed,2026-07-26T02:33:42+00:00
ORD-052453,3,1,Mechanical Keyboard 75%,peripherals,1,129.00,129.00,pending,2026-07-26T10:07:40+00:00
ORD-052454,2,6,Desk Speakers Pair,audio,2,89.00,178.00,completed,2026-07-26T18:03:09+00:00
ORD-052455,5,1,Mechanical Keyboard 75%,peripherals,4,129.00,516.00,completed,2026-07-26T03:47:03+00:00
ORD-052456,8,7,Standing Desk 120cm,furniture,2,449.00,898.00,refunded,2026-07-26T01:39:21+00:00
ORD-052457,7,4,34in Ultrawide Monitor,displays,5,579.00,2895.00,completed,2026-07-26T22:07:59+00:00
ORD-052458,2,8,Ergonomic Chair,furniture,3,612.75,1838.25,refunded,2026-07-26T22:43:43+00:00
ORD-052459,9,5,Over-ear Headphones,audio,3,199.95,599.85,cancelled,2026-07-26T13:42:20+00:00
ORD-052460,7,6,Desk Speakers Pair,audio,1,89.00,89.00,pending,2026-07-26T15:06:07+00:00
ORD-052461,5,3,27in 1440p Monitor,displays,2,319.99,639.98,completed,2026-07-26T10:28:09+00:00
ORD-052462,6,4,34in Ultrawide Monitor,displays,1,579.00,579.00,pending,2026-07-26T13:17:53+00:00
ORD-052463,5,4,34in Ultrawide Monitor,displays,4,579.00,2316.00,cancelled,2026-07-26T13:33:19+00:00
ORD-052464,5,4,34in Ultrawide Monitor,displays,1,579.00,579.00,pending,2026-07-26T13:15:48+00:00
ORD-052465,8,2,Wireless Mouse,peripherals,1,49.50,49.50,pending,2026-07-26T05:25:46+00:00
ORD-052466,4,10,Laptop Stand Aluminium,accessories,4,27.50,110.00,completed,2026-07-26T04:24:41+00:00
ORD-052467,10,7,Standing Desk 120cm,furniture,3,449.00,1347.00,completed,2026-07-26T10:31:11+00:00
ORD-052468,2,5,Over-ear Headphones,audio,1,199.95,199.95,cancelled,2026-07-26T01:58:28+00:00
ORD-052469,7,6,Desk Speakers Pair,audio,4,89.00,356.00,pending,2026-07-26T10:32:16+00:00
ORD-052470,5,3,27in 1440p Monitor,displays,3,319.99,959.97,pending,2026-07-26T07:29:31+00:00
ORD-052471,2,1,Mechanical Keyboard 75%,peripherals,2,129.00,258.00,cancelled,2026-07-26T23:06:54+00:00
ORD-052472,6,4,34in Ultrawide Monitor,displays,1,579.00,579.00,cancelled,2026-07-26T14:05:11+00:00
ORD-052473,7,7,Standing Desk 120cm,furniture,3,449.00,1347.00,completed,2026-07-26T22:58:49+00:00
ORD-052474,1,3,27in 1440p Monitor,displays,4,319.99,1279.96,cancelled,2026-07-26T17:40:20+00:00
ORD-052475,4,1,Mechanical Keyboard 75%,peripherals,3,129.00,387.00,completed,2026-07-26T04:44:45+00:00
ORD-052476,2,7,Standing Desk 120cm,furniture,4,449.00,1796.00,completed,2026-07-26T04:41:36+00:00
ORD-052477,9,1,Mechanical Keyboard 75%,peripherals,5,129.00,645.00,refunded,2026-07-26T08:11:46+00:00
ORD-052478,2,7,Standing Desk 120cm,furniture,4,449.00,1796.00,pending,2026-07-26T19:10:11+00:00
ORD-052479,8,8,Ergonomic Chair,furniture,1,612.75,612.75,cancelled,2026-07-26T17:12:21+00:00
ORD-052480,4,4,34in Ultrawide Monitor,displays,2,579.00,1158.00,pending,2026-07-26T04:29:10+00:00
ORD-052481,4,10,Laptop Stand Aluminium,accessories,1,27.50,27.50,completed,2026-07-26T08:26:18+00:00
ORD-052482,4,1,Mechanical Keyboard 75%,peripherals,5,129.00,645.00,completed,2026-07-26T14:01:43+00:00
ORD-052483,6,8,Ergonomic Chair,furniture,3,612.75,1838.25,refunded,2026-07-26T07:23:26+00:00
ORD-052484,10,5,Over-ear Headphones,audio,1,199.95,199.95,refunded,2026-07-26T07:41:21+00:00
ORD-052485,9,2,Wireless Mouse,peripherals,2,49.50,99.00,refunded,2026-07-26T20:45:32+00:00
ORD-052486,4,2,Wireless Mouse,peripherals,4,49.50,198.00,completed,2026-07-26T21:02:52+00:00
ORD-052487,4,1,Mechanical Keyboard 75%,peripherals,4,129.00,516.00,pending,2026-07-26T20:32:28+00:00
ORD-052488,5,1,Mechanical Keyboard 75%,peripherals,3,129.00,387.00,refunded,2026-07-26T18:58:59+00:00
ORD-052489,9,1,Mechanical Keyboard 75%,peripherals,1,129.00,129.00,completed,2026-07-26T22:16:30+00:00
ORD-052490,5,6,Desk Speakers Pair,audio,1,89.00,89.00,pending,2026-07-26T08:51:20+00:00
ORD-052491,5,4,34in Ultrawide Monitor,displays,1,579.00,579.00,completed,2026-07-26T09:54:23+00:00
ORD-052492,7,3,27in 1440p Monitor,displays,5,319.99,1599.95,refunded,2026-07-26T01:28:02+00:00
ORD-052493,2,10,Laptop Stand Aluminium,accessories,1,27.50,27.50,completed,2026-07-26T20:38:52+00:00
ORD-052494,2,2,Wireless Mouse,peripherals,1,49.50,49.50,cancelled,2026-07-26T10:22:27+00:00
ORD-052495,8,6,Desk Speakers Pair,audio,5,89.00,445.00,completed,2026-07-26T04:43:43+00:00
ORD-052496,10,10,Laptop Stand Aluminium,accessories,2,27.50,55.00,completed,2026-07-26T03:45:33+00:00
ORD-052497,9,6,Desk Speakers Pair,audio,4,89.00,356.00,cancelled,2026-07-26T00:34:28+00:00
ORD-052498,10,7,Standing Desk 120cm,furniture,5,449.00,2245.00,cancelled,2026-07-26T06:20:11+00:00
ORD-052499,2,2,Wireless Mouse,peripherals,4,49.50,198.00,cancelled,2026-07-26T14:38:52+00:00
ORD-052500,6,3,27in 1440p Monitor,displays,3,319.99,959.97,cancelled,2026-07-26T13:24:20+00:00
ORD-052501,1,1,Mechanical Keyboard 75%,peripherals,5,129.00,645.00,completed,2026-07-26T07:22:29+00:00
ORD-052502,5,3,27in 1440p Monitor,displays,1,319.99,319.99,completed,2026-07-26T15:56:01+00:00
ORD-052503,4,1,Mechanical Keyboard 75%,peripherals,4,129.00,516.00,cancelled,2026-07-26T17:00:29+00:00
ORD-052504,7,9,USB-C Hub 8-in-1,accessories,2,39.99,79.98,cancelled,2026-07-26T07:31:13+00:00
ORD-052505,7,4,34in Ultrawide Monitor,displays,2,579.00,1158.00,refunded,2026-07-26T21:59:36+00:00
ORD-052506,8,8,Ergonomic Chair,furniture,1,612.75,612.75,pending,2026-07-26T08:39:53+00:00
ORD-052507,5,10,Laptop Stand Aluminium,accessories,3,27.50,82.50,completed,2026-07-26T19:32:35+00:00
ORD-052508,6,1,Mechanical Keyboard 75%,peripherals,4,129.00,516.00,completed,2026-07-26T21:58:40+00:00
ORD-052509,10,9,USB-C Hub 8-in-1,accessories,1,39.99,39.99,refunded,2026-07-26T10:05:07+00:00
ORD-052510,3,8,Ergonomic Chair,furniture,5,612.75,3063.75,cancelled,2026-07-26T11:25:26+00:00
ORD-052511,3,6,Desk Speakers Pair,audio,4,89.00,356.00,pending,2026-07-26T13:37:40+00:00
ORD-052512,5,3,27in 1440p Monitor,displays,4,319.99,1279.96,pending,2026-07-26T19:42:40+00:00
ORD-052513,3,2,Wireless Mouse,peripherals,4,49.50,198.00,completed,2026-07-26T06:22:30+00:00
ORD-052514,2,2,Wireless Mouse,peripherals,5,49.50,247.50,pending,2026-07-26T06:43:49+00:00
ORD-052515,9,4,34in Ultrawide Monitor,displays,2,579.00,1158.00,refunded,2026-07-26T14:00:11+00:00
ORD-052516,6,10,Laptop Stand Aluminium,accessories,2,27.50,55.00,pending,2026-07-26T12:21:16+00:00
ORD-052517,1,9,USB-C Hub 8-in-1,accessories,1,39.99,39.99,refunded,2026-07-26T17:09:53+00:00
ORD-052518,4,2,Wireless Mouse,peripherals,5,49.50,247.50,refunded,2026-07-26T14:58:07+00:00
ORD-052519,4,5,Over-ear Headphones,audio,4,199.95,799.80,pending,2026-07-26T19:25:06+00:00
ORD-052520,8,9,USB-C Hub 8-in-1,accessories,3,39.99,119.97,refunded,2026-07-26T17:25:59+00:00
ORD-052521,5,4,34in Ultrawide Monitor,displays,3,579.00,1737.00,refunded,2026-07-26T23:02:18+00:00
ORD-052522,3,6,Desk Speakers Pair,audio,5,89.00,445.00,cancelled,2026-07-26T22:30:22+00:00
ORD-052523,2,9,USB-C Hub 8-in-1,accessories,2,39.99,79.98,refunded,2026-07-26T13:19:18+00:00
ORD-052524,10,4,34in Ultrawide Monitor,displays,2,579.00,1158.00,pending,2026-07-26T02:13:25+00:00
ORD-052525,3,3,27in 1440p Monitor,displays,4,319.99,1279.96,pending,2026-07-26T03:18:57+00:00
ORD-052526,7,7,Standing Desk 120cm,furniture,5,449.00,2245.00,cancelled,2026-07-26T07:14:46+00:00
ORD-052527,3,8,Ergonomic Chair,furniture,3,612.75,1838.25,pending,2026-07-26T00:17:58+00:00
ORD-052528,8,2,Wireless Mouse,peripherals,2,49.50,99.00,pending,2026-07-26T20:08:42+00:00
ORD-052529,10,2,Wireless Mouse,peripherals,3,49.50,148.50,pending,2026-07-26T00:15:45+00:00
ORD-052530,5,4,34in Ultrawide Monitor,displays,4,579.00,2316.00,completed,2026-07-26T11:55:46+00:00
ORD-052531,4,4,34in Ultrawide Monitor,displays,3,579.00,1737.00,cancelled,2026-07-26T03:12:47+00:00
ORD-052532,2,4,34in Ultrawide Monitor,displays,1,579.00,579.00,completed,2026-07-26T23:28:18+00:00
ORD-052533,10,1,Mechanical Keyboard 75%,peripherals,4,129.00,516.00,completed,2026-07-26T09:22:42+00:00
ORD-052534,3,2,Wireless Mouse,peripherals,3,49.50,148.50,refunded,2026-07-26T10:02:43+00:00
ORD-052535,10,3,27in 1440p Monitor,displays,5,319.99,1599.95,pending,2026-07-26T05:09:35+00:00
ORD-052536,1,10,Laptop Stand Aluminium,accessories,5,27.50,137.50,cancelled,2026-07-26T11:16:38+00:00
ORD-052537,6,6,Desk Speakers Pair,audio,1,89.00,89.00,pending,2026-07-26T19:14:23+00:00
ORD-052538,7,5,Over-ear Headphones,audio,5,199.95,999.75,cancelled,2026-07-26T19:04:49+00:00
ORD-052539,10,1,Mechanical Keyboard 75%,peripherals,4,129.00,516.00,refunded,2026-07-26T22:48:47+00:00
ORD-052540,9,9,USB-C Hub 8-in-1,accessories,3,39.99,119.97,cancelled,2026-07-26T00:46:02+00:00
ORD-052541,10,7,Standing Desk 120cm,furniture,2,449.00,898.00,completed,2026-07-26T03:07:51+00:00
ORD-052542,2,1,Mechanical Keyboard 75%,peripherals,5,129.00,645.00,pending,2026-07-26T19:57:49+00:00
ORD-052543,7,5,Over-ear Headphones,audio,4,199.95,799.80,pending,2026-07-26T10:04:59+00:00
ORD-052544,10,6,Desk Speakers Pair,audio,4,89.00,356.00,pending,2026-07-26T01:27:04+00:00
ORD-052545,3,10,Laptop Stand Aluminium,accessories,1,27.50,27.50,completed,2026-07-26T06:24:52+00:00
ORD-052546,10,3,27in 1440p Monitor,displays,2,319.99,639.98,refunded,2026-07-26T23:08:05+00:00
ORD-052547,2,7,Standing Desk 120cm,furniture,4,449.00,1796.00,completed,2026-07-26T03:43:18+00:00
ORD-052548,4,9,USB-C Hub 8-in-1,accessories,2,39.99,79.98,cancelled,2026-07-26T22:46:35+00:00
ORD-052549,6,5,Over-ear Headphones,audio,2,199.95,399.90,refunded,2026-07-26T12:07:54+00:00
ORD-052550,3,8,Ergonomic Chair,furniture,4,612.75,2451.00,refunded,2026-07-26T13:17:27+00:00
ORD-052551,1,1,Mechanical Keyboard 75%,peripherals,4,129.00,516.00,pending,2026-07-26T00:32:59+00:00
ORD-052552,7,1,Mechanical Keyboard 75%,peripherals,2,129.00,258.00,completed,2026-07-26T11:07:31+00:00
ORD-052553,2,2,Wireless Mouse,peripherals,4,49.50,198.00,cancelled,2026-07-26T16:51:46+00:00
ORD-052554,6,7,Standing Desk 120cm,furniture,4,449.00,1796.00,refunded,2026-07-26T12:43:25+00:00
ORD-052555,8,4,34in Ultrawide Monitor,displays,1,579.00,579.00,pending,2026-07-26T15:05:08+00:00
ORD-052556,6,5,Over-ear Headphones,audio,3,199.95,599.85,pending,2026-07-26T15:39:31+00:00
ORD-052557,4,10,Laptop Stand Aluminium,accessories,4,27.50,110.00,refunded,2026-07-26T06:47:20+00:00
ORD-052558,3,4,34in Ultrawide Monitor,displays,1,579.00,579.00,pending,2026-07-26T09:31:38+00:00
ORD-052559,10,10,Laptop Stand Aluminium,accessories,4,27.50,110.00,completed,2026-07-26T08:36:58+00:00
ORD-052560,4,10,Laptop Stand Aluminium,accessories,2,27.50,55.00,refunded,2026-07-26T14:44:08+00:00
ORD-052561,3,3,27in 1440p Monitor,displays,2,319.99,639.98,cancelled,2026-07-26T05:12:07+00:00
ORD-052562,8,9,USB-C Hub 8-in-1,accessories,4,39.99,159.96,completed,2026-07-26T01:30:42+00:00
ORD-052563,4,4,34in Ultrawide Monitor,displays,2,579.00,1158.00,pending,2026-07-26T10:12:44+00:00
ORD-052564,3,5,Over-ear Headphones,audio,5,199.95,999.75,pending,2026-07-26T15:48:43+00:00
ORD-052565,4,9,USB-C Hub 8-in-1,accessories,3,39.99,119.97,pending,2026-07-26T05:04:27+00:00
ORD-052566,8,8,Ergonomic Chair,furniture,3,612.75,1838.25,refunded,2026-07-26T14:54:02+00:00
ORD-052567,10,1,Mechanical Keyboard 75%,peripherals,1,129.00,129.00,refunded,2026-07-26T15:37:41+00:00
ORD-052568,9,2,Wireless Mouse,peripherals,4,49.50,198.00,cancelled,2026-07-26T02:38:21+00:00
ORD-052569,3,7,Standing Desk 120cm,furniture,1,449.00,449.00,pending,2026-07-26T05:16:50+00:00
ORD-052570,4,3,27in 1440p Monitor,displays,1,319.99,319.99,pending,2026-07-26T12:48:31+00:00
ORD-052571,5,4,34in Ultrawide Monitor,displays,3,579.00,1737.00,pending,2026-07-26T15:56:12+00:00
ORD-052572,10,8,Ergonomic Chair,furniture,1,612.75,612.75,pending,2026-07-26T06:46:53+00:00
ORD-052573,7,1,Mechanical Keyboard 75%,peripherals,2,129.00,258.00,pending,2026-07-26T08:42:14+00:00
ORD-052574,4,10,Laptop Stand Aluminium,accessories,2,27.50,55.00,pending,2026-07-26T18:25:21+00:00
ORD-052575,6,3,27in 1440p Monitor,displays,2,319.99,639.98,cancelled,2026-07-26T03:40:59+00:00
ORD-052576,2,1,Mechanical Keyboard 75%,peripherals,4,129.00,516.00,pending,2026-07-26T17:43:51+00:00
ORD-052577,10,6,Desk Speakers Pair,audio,4,89.00,356.00,cancelled,2026-07-26T23:23:02+00:00
ORD-052578,6,6,Desk Speakers Pair,audio,1,89.00,89.00,cancelled,2026-07-26T04:00:49+00:00
ORD-052579,1,7,Standing Desk 120cm,furniture,2,449.00,898.00,pending,2026-07-26T03:06:54+00:00
ORD-052580,9,6,Desk Speakers Pair,audio,1,89.00,89.00,cancelled,2026-07-26T08:54:31+00:00
ORD-052581,10,5,Over-ear Headphones,audio,4,199.95,799.80,refunded,2026-07-26T03:42:59+00:00
ORD-052582,8,2,Wireless Mouse,peripherals,1,49.50,49.50,refunded,2026-07-26T02:19:03+00:00
ORD-052583,5,3,27in 1440p Monitor,displays,5,319.99,1599.95,cancelled,2026-07-26T04:13:37+00:00
ORD-052584,8,4,34in Ultrawide Monitor,displays,3,579.00,1737.00,refunded,2026-07-26T20:24:22+00:00
ORD-052585,8,10,Laptop Stand Aluminium,accessories,4,27.50,110.00,completed,2026-07-26T11:14:12+00:00
ORD-052586,4,10,Laptop Stand Aluminium,accessories,3,27.50,82.50,pending,2026-07-26T04:38:56+00:00
ORD-052587,10,7,Standing Desk 120cm,furniture,1,449.00,449.00,cancelled,2026-07-26T07:42:40+00:00
ORD-052588,7,1,Mechanical Keyboard 75%,peripherals,3,129.00,387.00,cancelled,2026-07-26T16:49:39+00:00
ORD-052589,3,4,34in Ultrawide Monitor,displays,4,579.00,2316.00,pending,2026-07-26T04:48:07+00:00
ORD-052590,10,2,Wireless Mouse,peripherals,4,49.50,198.00,cancelled,2026-07-26T04:06:44+00:00
ORD-052591,7,8,Ergonomic Chair,furniture,3,612.75,1838.25,completed,2026-07-26T05:13:06+00:00
ORD-052592,10,5,Over-ear Headphones,audio,1,199.95,199.95,refunded,2026-07-26T18:36:06+00:00
ORD-052593,7,4,34in Ultrawide Monitor,displays,3,579.00,1737.00,pending,2026-07-26T17:55:54+00:00
ORD-052594,3,5,Over-ear Headphones,audio,2,199.95,399.90,cancelled,2026-07-26T05:47:22+00:00
ORD-052595,6,6,Desk Speakers Pair,audio,5,89.00,445.00,cancelled,2026-07-26T05:36:23+00:00
ORD-052596,5,6,Desk Speakers Pair,audio,5,89.00,445.00,pending,2026-07-26T19:14:38+00:00
ORD-052597,10,8,Ergonomic Chair,furniture,1,612.75,612.75,refunded,2026-07-26T11:58:37+00:00
ORD-052598,9,9,USB-C Hub 8-in-1,accessories,5,39.99,199.95,cancelled,2026-07-26T12:31:08+00:00
ORD-052599,1,8,Ergonomic Chair,furniture,2,612.75,1225.50,cancelled,2026-07-26T00:42:35+00:00
ORD-052600,5,1,Mechanical Keyboard 75%,peripherals,5,129.00,645.00,refunded,2026-07-26T04:59:24+00:00
ORD-052601,4,10,Laptop Stand Aluminium,accessories,5,27.50,137.50,pending,2026-07-26T11:39:17+00:00
ORD-052602,1,1,Mechanical Keyboard 75%,peripherals,2,129.00,258.00,completed,2026-07-26T15:15:00+00:00
ORD-052603,5,9,USB-C Hub 8-in-1,accessories,1,39.99,39.99,pending,2026-07-26T18:14:41+00:00
ORD-052604,10,1,Mechanical Keyboard 75%,peripherals,1,129.00,129.00,pending,2026-07-26T08:39:15+00:00
ORD-052605,2,9,USB-C Hub 8-in-1,accessories,5,39.99,199.95,completed,2026-07-26T21:00:41+00:00
ORD-052606,1,4,34in Ultrawide Monitor,displays,1,579.00,579.00,cancelled,2026-07-26T23:14:58+00:00
ORD-052607,6,6,Desk Speakers Pair,audio,3,89.00,267.00,cancelled,2026-07-26T10:27:18+00:00
ORD-052608,7,7,Standing Desk 120cm,furniture,4,449.00,1796.00,cancelled,2026-07-26T21:31:29+00:00
ORD-052609,3,10,Laptop Stand Aluminium,accessories,2,27.50,55.00,completed,2026-07-26T20:12:20+00:00
ORD-052610,8,10,Laptop Stand Aluminium,accessories,4,27.50,110.00,pending,2026-07-26T20:28:33+00:00
ORD-052611,2,10,Laptop Stand Aluminium,accessories,2,27.50,55.00,cancelled,2026-07-26T12:15:17+00:00
ORD-052612,4,8,Ergonomic Chair,furniture,1,612.75,612.75,completed,2026-07-26T17:15:39+00:00
ORD-052613,8,5,Over-ear Headphones,audio,3,199.95,599.85,completed,2026-07-26T17:13:34+00:00
ORD-052614,8,5,Over-ear Headphones,audio,3,199.95,599.85,refunded,2026-07-26T21:06:05+00:00
ORD-052615,4,1,Mechanical Keyboard 75%,peripherals,2,129.00,258.00,completed,2026-07-26T07:48:35+00:00
ORD-052616,5,10,Laptop Stand Aluminium,accessories,1,27.50,27.50,cancelled,2026-07-26T00:07:50+00:00
ORD-052617,5,1,Mechanical Keyboard 75%,peripherals,3,129.00,387.00,pending,2026-07-26T00:09:14+00:00
ORD-052618,7,9,USB-C Hub 8-in-1,accessories,1,39.99,39.99,completed,2026-07-26T01:05:31+00:00
ORD-052619,4,9,USB-C Hub 8-in-1,accessories,5,39.99,199.95,pending,2026-07-26T05:27:23+00:00
ORD-052620,1,3,27in 1440p Monitor,displays,5,319.99,1599.95,cancelled,2026-07-26T20:46:12+00:00
ORD-052621,8,4,34in Ultrawide Monitor,displays,2,579.00,1158.00,pending,2026-07-26T05:49:31+00:00
ORD-052622,4,4,34in Ultrawide Monitor,displays,3,579.00,1737.00,refunded,2026-07-26T00:41:44+00:00
ORD-052623,3,2,Wireless Mouse,peripherals,2,49.50,99.00,refunded,2026-07-26T22:32:37+00:00
ORD-052624,3,3,27in 1440p Monitor,displays,2,319.99,639.98,cancelled,2026-07-26T09:46:08+00:00
ORD-052625,1,7,Standing Desk 120cm,furniture,1,449.00,449.00,pending,2026-07-26T09:35:32+00:00
ORD-052626,3,6,Desk Speakers Pair,audio,3,89.00,267.00,refunded,2026-07-26T09:30:51+00:00
ORD-052627,3,5,Over-ear Headphones,audio,4,199.95,799.80,refunded,2026-07-26T07:18:53+00:00
ORD-052628,8,1,Mechanical Keyboard 75%,peripherals,4,129.00,516.00,completed,2026-07-26T12:19:26+00:00
ORD-052629,10,9,USB-C Hub 8-in-1,accessories,1,39.99,39.99,refunded,2026-07-26T11:53:51+00:00
ORD-052630,3,2,Wireless Mouse,peripherals,5,49.50,247.50,cancelled,2026-07-26T08:49:55+00:00
ORD-052631,6,8,Ergonomic Chair,furniture,5,612.75,3063.75,cancelled,2026-07-26T13:56:44+00:00
ORD-052632,8,2,Wireless Mouse,peripherals,2,49.50,99.00,cancelled,2026-07-26T20:02:13+00:00
ORD-052633,3,10,Laptop Stand Aluminium,accessories,1,27.50,27.50,pending,2026-07-26T16:48:12+00:00
ORD-052634,4,3,27in 1440p Monitor,displays,4,319.99,1279.96,pending,2026-07-26T21:40:41+00:00
ORD-052635,8,10,Laptop Stand Aluminium,accessories,3,27.50,82.50,cancelled,2026-07-26T13:04:10+00:00
ORD-052636,2,10,Laptop Stand Aluminium,accessories,3,27.50,82.50,completed,2026-07-26T23:48:03+00:00
ORD-052637,6,3,27in 1440p Monitor,displays,1,319.99,319.99,cancelled,2026-07-26T14:05:07+00:00
ORD-052638,8,6,Desk Speakers Pair,audio,4,89.00,356.00,completed,2026-07-26T00:50:59+00:00
ORD-052639,5,2,Wireless Mouse,peripherals,3,49.50,148.50,cancelled,2026-07-26T14:48:34+00:00
ORD-052640,5,3,27in 1440p Monitor,displays,5,319.99,1599.95,pending,2026-07-26T16:10:06+00:00
ORD-052641,10,5,Over-ear Headphones,audio,4,199.95,799.80,completed,2026-07-26T05:51:01+00:00
ORD-052642,1,1,Mechanical Keyboard 75%,peripherals,1,129.00,129.00,refunded,2026-07-26T15:40:26+00:00
ORD-052643,7,4,34in Ultrawide Monitor,displays,5,579.00,2895.00,refunded,2026-07-26T04:30:42+00:00
ORD-052644,9,6,Desk Speakers Pair,audio,4,89.00,356.00,completed,2026-07-26T00:11:23+00:00
ORD-052645,7,1,Mechanical Keyboard 75%,peripherals,2,129.00,258.00,cancelled,2026-07-26T02:04:33+00:00
ORD-052646,9,6,Desk Speakers Pair,audio,1,89.00,89.00,pending,2026-07-26T04:23:53+00:00
ORD-052647,8,4,34in Ultrawide Monitor,displays,5,579.00,2895.00,completed,2026-07-26T19:45:39+00:00
ORD-052648,8,9,USB-C Hub 8-in-1,accessories,1,39.99,39.99,cancelled,2026-07-26T20:07:46+00:00
ORD-052649,5,3,27in 1440p Monitor,displays,3,319.99,959.97,completed,2026-07-26T18:05:05+00:00
ORD-052650,1,1,Mechanical Keyboard 75%,peripherals,4,129.00,516.00,pending,2026-07-26T19:09:10+00:00
ORD-052651,7,9,USB-C Hub 8-in-1,accessories,3,39.99,119.97,pending,2026-07-26T02:55:44+00:00
ORD-052652,3,10,Laptop Stand Aluminium,accessories,2,27.50,55.00,refunded,2026-07-26T21:31:08+00:00
ORD-052653,10,5,Over-ear Headphones,audio,4,199.95,799.80,cancelled,2026-07-26T07:30:49+00:00
ORD-052654,8,3,27in 1440p Monitor,displays,4,319.99,1279.96,completed,2026-07-26T01:01:18+00:00
ORD-052655,7,6,Desk Speakers Pair,audio,2,89.00,178.00,refunded,2026-07-26T04:38:05+00:00
ORD-052656,5,7,Standing Desk 120cm,furniture,5,449.00,2245.00,cancelled,2026-07-26T22:01:54+00:00
ORD-052657,10,3,27in 1440p Monitor,displays,1,319.99,319.99,cancelled,2026-07-26T18:50:58+00:00
ORD-052658,4,5,Over-ear Headphones,audio,4,199.95,799.80,refunded,2026-07-26T15:32:10+00:00
ORD-052659,6,6,Desk Speakers Pair,audio,4,89.00,356.00,cancelled,2026-07-26T17:56:50+00:00
ORD-052660,6,5,Over-ear Headphones,audio,4,199.95,799.80,pending,2026-07-26T00:09:39+00:00
ORD-052661,8,3,27in 1440p Monitor,displays,1,319.99,319.99,completed,2026-07-26T20:25:28+00:00
ORD-052662,8,4,34in Ultrawide Monitor,displays,3,579.00,1737.00,refunded,2026-07-26T11:51:43+00:00
ORD-052663,3,2,Wireless Mouse,peripherals,5,49.50,247.50,completed,2026-07-26T00:35:44+00:00
ORD-052664,1,9,USB-C Hub 8-in-1,accessories,4,39.99,159.96,completed,2026-07-26T03:15:39+00:00
ORD-052665,9,10,Laptop Stand Aluminium,accessories,1,27.50,27.50,pending,2026-07-26T19:14:30+00:00
ORD-052666,2,5,Over-ear Headphones,audio,5,199.95,999.75,pending,2026-07-26T20:37:32+00:00
ORD-052667,3,7,Standing Desk 120cm,furniture,4,449.00,1796.00,completed,2026-07-26T12:03:55+00:00
ORD-052668,7,7,Standing Desk 120cm,furniture,5,449.00,2245.00,pending,2026-07-26T17:27:07+00:00
ORD-052669,10,7,Standing Desk 120cm,furniture,2,449.00,898.00,pending,2026-07-26T08:53:08+00:00
ORD-052670,1,5,Over-ear Headphones,audio,2,199.95,399.90,completed,2026-07-26T04:56:31+00:00
ORD-052671,2,2,Wireless Mouse,peripherals,1,49.50,49.50,pending,2026-07-26T11:00:38+00:00
ORD-052672,1,1,Mechanical Keyboard 75%,peripherals,1,129.00,129.00,cancelled,2026-07-26T20:40:50+00:00
ORD-052673,4,6,Desk Speakers Pair,audio,3,89.00,267.00,refunded,2026-07-26T14:39:25+00:00
ORD-052674,1,6,Desk Speakers Pair,audio,4,89.00,356.00,pending,2026-07-26T13:04:31+00:00
ORD-052675,10,10,Laptop Stand Aluminium,accessories,2,27.50,55.00,cancelled,2026-07-26T02:37:35+00:00
ORD-052676,4,4,34in Ultrawide Monitor,displays,3,579.00,1737.00,completed,2026-07-26T10:55:14+00:00
ORD-052677,1,6,Desk Speakers Pair,audio,2,89.00,178.00,cancelled,2026-07-26T15:09:44+00:00
ORD-052678,1,9,USB-C Hub 8-in-1,accessories,2,39.99,79.98,completed,2026-07-26T20:26:41+00:00
ORD-052679,9,1,Mechanical Keyboard 75%,peripherals,3,129.00,387.00,pending,2026-07-26T05:08:08+00:00
ORD-052680,10,10,Laptop Stand Aluminium,accessories,4,27.50,110.00,pending,2026-07-26T20:59:26+00:00
ORD-052681,8,6,Desk Speakers Pair,audio,4,89.00,356.00,cancelled,2026-07-26T12:12:43+00:00
ORD-052682,10,2,Wireless Mouse,peripherals,4,49.50,198.00,cancelled,2026-07-26T10:44:59+00:00
ORD-052683,3,4,34in Ultrawide Monitor,displays,4,579.00,2316.00,pending,2026-07-26T13:57:49+00:00
ORD-052684,6,6,Desk Speakers Pair,audio,1,89.00,89.00,cancelled,2026-07-26T11:22:17+00:00
ORD-052685,6,7,Standing Desk 120cm,furniture,5,449.00,2245.00,refunded,2026-07-26T02:04:44+00:00
ORD-052686,3,7,Standing Desk 120cm,furniture,4,449.00,1796.00,cancelled,2026-07-26T13:50:32+00:00
ORD-052687,5,2,Wireless Mouse,peripherals,1,49.50,49.50,refunded,2026-07-26T16:01:28+00:00
ORD-052688,1,4,34in Ultrawide Monitor,displays,1,579.00,579.00,refunded,2026-07-26T17:02:30+00:00
ORD-052689,10,4,34in Ultrawide Monitor,displays,3,579.00,1737.00,completed,2026-07-26T07:53:07+00:00
ORD-052690,2,9,USB-C Hub 8-in-1,accessories,2,39.99,79.98,completed,2026-07-26T15:32:41+00:00
ORD-052691,1,4,34in Ultrawide Monitor,displays,4,579.00,2316.00,cancelled,2026-07-26T12:47:08+00:00
ORD-052692,10,8,Ergonomic Chair,furniture,4,612.75,2451.00,cancelled,2026-07-26T16:52:50+00:00
ORD-052693,9,9,USB-C Hub 8-in-1,accessories,3,39.99,119.97,completed,2026-07-26T09:43:02+00:00
ORD-052694,8,7,Standing Desk 120cm,furniture,5,449.00,2245.00,cancelled,2026-07-26T19:08:51+00:00
ORD-052695,7,10,Laptop Stand Aluminium,accessories,2,27.50,55.00,pending,2026-07-26T07:19:32+00:00
ORD-052696,3,1,Mechanical Keyboard 75%,peripherals,2,129.00,258.00,cancelled,2026-07-26T12:01:47+00:00
ORD-052697,1,9,USB-C Hub 8-in-1,accessories,1,39.99,39.99,completed,2026-07-26T01:55:31+00:00
ORD-052698,2,8,Ergonomic Chair,furniture,4,612.75,2451.00,pending,2026-07-26T00:00:42+00:00
ORD-052699,6,2,Wireless Mouse,peripherals,3,49.50,148.50,pending,2026-07-26T05:00:15+00:00
ORD-052700,5,5,Over-ear Headphones,audio,4,199.95,799.80,cancelled,2026-07-26T11:20:41+00:00
ORD-052701,4,3,27in 1440p Monitor,displays,5,319.99,1599.95,cancelled,2026-07-26T13:37:13+00:00
ORD-052702,5,5,Over-ear Headphones,audio,4,199.95,799.80,completed,not-a-valid-date
ORD-052703,4,9,USB-C Hub 8-in-1,accessories,2,39.99,79.98,pending,2026-07-26T12:28:26+00:00
ORD-052704,1,6,Desk Speakers Pair,audio,3,89.00,267.00,completed,2026-07-26T15:56:54+00:00
ORD-052705,5,10,Laptop Stand Aluminium,accessories,2,27.50,55.00,pending,2026-07-26T23:58:10+00:00
ORD-052706,1,1,Mechanical Keyboard 75%,peripherals,4,129.00,516.00,refunded,2026-07-26T06:21:28+00:00
ORD-052707,6,6,Desk Speakers Pair,audio,2,89.00,178.00,completed,2026-07-26T13:46:25+00:00
ORD-052708,10,1,Mechanical Keyboard 75%,peripherals,2,129.00,258.00,completed,2026-07-26T05:41:54+00:00
ORD-052709,8,6,Desk Speakers Pair,audio,3,89.00,267.00,refunded,2026-07-26T14:39:51+00:00
ORD-052710,1,3,27in 1440p Monitor,displays,2,319.99,639.98,refunded,2026-07-26T21:02:31+00:00
ORD-052711,2,1,Mechanical Keyboard 75%,peripherals,2,129.00,258.00,refunded,2026-07-26T09:38:28+00:00
ORD-052712,6,8,Ergonomic Chair,furniture,4,612.75,2451.00,pending,2026-07-26T09:11:28+00:00
ORD-052713,2,5,Over-ear Headphones,audio,4,199.95,799.80,refunded,2026-07-26T04:38:13+00:00
ORD-052714,8,9,USB-C Hub 8-in-1,accessories,1,39.99,39.99,pending,2026-07-26T20:32:32+00:00
ORD-052715,6,7,Standing Desk 120cm,furniture,5,449.00,2245.00,pending,2026-07-26T06:15:42+00:00
ORD-052716,1,4,34in Ultrawide Monitor,displays,4,579.00,2316.00,pending,2026-07-26T10:22:41+00:00
ORD-052717,4,7,Standing Desk 120cm,furniture,2,449.00,898.00,pending,2026-07-26T13:24:31+00:00
ORD-052718,9,9,USB-C Hub 8-in-1,accessories,3,39.99,119.97,refunded,2026-07-26T11:21:44+00:00
ORD-052719,5,3,27in 1440p Monitor,displays,1,319.99,319.99,pending,2026-07-26T00:53:41+00:00
ORD-052720,5,3,27in 1440p Monitor,displays,4,319.99,1279.96,cancelled,2026-07-26T00:32:26+00:00
ORD-052721,9,5,Over-ear Headphones,audio,4,199.95,799.80,cancelled,2026-07-26T23:21:19+00:00
ORD-052722,3,5,Over-ear Headphones,audio,3,199.95,599.85,refunded,2026-07-26T11:32:23+00:00
ORD-052723,3,9,USB-C Hub 8-in-1,accessories,2,39.99,79.98,pending,2026-07-26T00:13:42+00:00
ORD-052724,5,6,Desk Speakers Pair,audio,5,89.00,445.00,cancelled,2026-07-26T22:43:06+00:00
ORD-052725,6,3,27in 1440p Monitor,displays,2,319.99,639.98,cancelled,2026-07-26T21:58:56+00:00
ORD-052726,2,10,Laptop Stand Aluminium,accessories,4,27.50,110.00,pending,2026-07-26T23:15:05+00:00
ORD-052727,4,10,Laptop Stand Aluminium,accessories,3,27.50,82.50,cancelled,2026-07-26T11:07:57+00:00
ORD-052728,8,9,USB-C Hub 8-in-1,accessories,1,39.99,39.99,pending,2026-07-26T03:54:34+00:00
ORD-052729,9,3,27in 1440p Monitor,displays,5,319.99,1599.95,refunded,2026-07-26T20:57:33+00:00
ORD-052730,5,5,Over-ear Headphones,audio,1,199.95,199.95,pending,2026-07-26T09:46:38+00:00
ORD-052731,5,7,Standing Desk 120cm,furniture,3,449.00,1347.00,pending,2026-07-26T02:22:54+00:00
ORD-052732,6,4,34in Ultrawide Monitor,displays,5,579.00,2895.00,refunded,2026-07-26T12:09:33+00:00
ORD-052733,6,9,USB-C Hub 8-in-1,accessories,4,39.99,159.96,cancelled,2026-07-26T20:32:50+00:00
ORD-052734,10,10,Laptop Stand Aluminium,accessories,1,27.50,27.50,cancelled,2026-07-26T21:07:16+00:00
ORD-052735,7,10,Laptop Stand Aluminium,accessories,2,27.50,55.00,pending,2026-07-26T14:06:27+00:00
ORD-052736,3,4,34in Ultrawide Monitor,displays,3,579.00,1737.00,cancelled,2026-07-26T22:14:06+00:00
ORD-052737,10,2,Wireless Mouse,peripherals,2,49.50,99.00,refunded,2026-07-26T11:00:29+00:00
ORD-052738,4,9,USB-C Hub 8-in-1,accessories,5,39.99,199.95,refunded,2026-07-26T11:30:37+00:00
ORD-052739,2,10,Laptop Stand Aluminium,accessories,4,27.50,110.00,pending,2026-07-26T15:54:04+00:00
ORD-052740,10,4,34in Ultrawide Monitor,displays,5,579.00,2895.00,pending,2026-07-26T04:01:09+00:00
ORD-052741,5,7,Standing Desk 120cm,furniture,4,449.00,1796.00,refunded,2026-07-26T01:11:57+00:00
ORD-052742,10,2,Wireless Mouse,peripherals,3,49.50,148.50,pending,2026-07-26T12:51:06+00:00
ORD-052743,1,4,34in Ultrawide Monitor,displays,1,579.00,579.00,completed,2026-07-26T16:01:21+00:00
ORD-052744,5,2,Wireless Mouse,peripherals,3,49.50,148.50,refunded,2026-07-26T17:40:44+00:00
ORD-052745,1,6,Desk Speakers Pair,audio,3,89.00,267.00,completed,2026-07-26T07:25:59+00:00
ORD-052746,4,9,USB-C Hub 8-in-1,accessories,1,39.99,39.99,pending,2026-07-26T00:55:16+00:00
ORD-052747,8,6,Desk Speakers Pair,audio,1,89.00,89.00,completed,2026-07-26T08:39:30+00:00
ORD-052748,4,8,Ergonomic Chair,furniture,3,612.75,1838.25,refunded,2026-07-26T22:34:36+00:00
ORD-052749,7,1,Mechanical Keyboard 75%,peripherals,5,129.00,645.00,cancelled,2026-07-26T00:31:33+00:00
ORD-052750,2,5,Over-ear Headphones,audio,4,199.95,799.80,pending,2026-07-26T17:44:19+00:00
ORD-052751,8,10,Laptop Stand Aluminium,accessories,5,27.50,137.50,refunded,2026-07-26T02:23:46+00:00
ORD-052752,9,2,Wireless Mouse,peripherals,1,49.50,49.50,refunded,2026-07-26T15:20:11+00:00
ORD-052753,9,8,Ergonomic Chair,furniture,4,612.75,2451.00,completed,2026-07-26T18:26:15+00:00
ORD-052754,10,3,27in 1440p Monitor,displays,3,319.99,959.97,completed,2026-07-26T22:33:31+00:00
ORD-052755,1,4,34in Ultrawide Monitor,displays,4,579.00,2316.00,refunded,2026-07-26T23:42:06+00:00
ORD-052756,10,8,Ergonomic Chair,furniture,5,612.75,3063.75,pending,2026-07-26T05:10:50+00:00
ORD-052757,7,3,27in 1440p Monitor,displays,3,319.99,959.97,refunded,2026-07-26T19:32:30+00:00
ORD-052758,10,4,34in Ultrawide Monitor,displays,4,579.00,2316.00,cancelled,2026-07-26T07:54:25+00:00
ORD-052759,4,1,Mechanical Keyboard 75%,peripherals,5,129.00,645.00,pending,2026-07-26T15:10:58+00:00
ORD-052760,7,7,Standing Desk 120cm,furniture,2,449.00,898.00,completed,2026-07-26T03:24:13+00:00
ORD-052761,4,10,Laptop Stand Aluminium,accessories,5,27.50,137.50,cancelled,2026-07-26T03:02:40+00:00
ORD-052762,3,7,Standing Desk 120cm,furniture,3,449.00,1347.00,cancelled,2026-07-26T21:39:55+00:00
ORD-052763,4,8,Ergonomic Chair,furniture,1,612.75,612.75,pending,2026-07-26T16:16:00+00:00
ORD-052764,1,6,Desk Speakers Pair,audio,3,89.00,267.00,pending,2026-07-26T21:21:19+00:00
ORD-052765,10,7,Standing Desk 120cm,furniture,5,449.00,2245.00,completed,2026-07-26T18:40:26+00:00
ORD-052766,5,1,Mechanical Keyboard 75%,peripherals,1,129.00,129.00,cancelled,2026-07-26T14:36:12+00:00
ORD-052767,8,9,USB-C Hub 8-in-1,accessories,1,39.99,39.99,refunded,2026-07-26T14:10:03+00:00
ORD-052768,3,3,27in 1440p Monitor,displays,2,319.99,639.98,refunded,2026-07-26T22:18:13+00:00
ORD-052769,7,2,Wireless Mouse,peripherals,2,49.50,99.00,refunded,2026-07-26T04:29:48+00:00
ORD-052770,4,9,USB-C Hub 8-in-1,accessories,2,39.99,79.98,refunded,2026-07-26T01:14:58+00:00
ORD-052771,9,1,Mechanical Keyboard 75%,peripherals,4,129.00,516.00,cancelled,2026-07-26T16:10:29+00:00
ORD-052772,5,4,34in Ultrawide Monitor,displays,4,579.00,2316.00,completed,2026-07-26T07:13:55+00:00
ORD-052773,2,4,34in Ultrawide Monitor,displays,5,579.00,2895.00,pending,2026-07-26T21:54:28+00:00
ORD-052774,10,6,Desk Speakers Pair,audio,2,89.00,178.00,cancelled,2026-07-26T15:56:44+00:00
ORD-052775,2,8,Ergonomic Chair,furniture,4,612.75,2451.00,pending,2026-07-26T04:11:11+00:00
ORD-052776,5,7,Standing Desk 120cm,furniture,3,449.00,1347.00,pending,2026-07-26T14:51:55+00:00
ORD-052777,9,6,Desk Speakers Pair,audio,5,89.00,445.00,cancelled,2026-07-26T04:06:27+00:00
ORD-052778,9,6,Desk Speakers Pair,audio,2,89.00,178.00,refunded,2026-07-26T08:54:00+00:00
ORD-052779,4,1,Mechanical Keyboard 75%,peripherals,5,129.00,645.00,refunded,2026-07-26T23:23:46+00:00
ORD-052780,6,8,Ergonomic Chair,furniture,4,612.75,2451.00,refunded,2026-07-26T17:58:38+00:00
ORD-052781,2,10,Laptop Stand Aluminium,accessories,3,27.50,82.50,refunded,2026-07-26T11:04:39+00:00
ORD-052782,7,4,34in Ultrawide Monitor,displays,1,579.00,579.00,refunded,2026-07-26T13:25:37+00:00
ORD-052783,3,5,Over-ear Headphones,audio,4,199.95,799.80,cancelled,2026-07-26T14:23:39+00:00
ORD-052784,7,1,Mechanical Keyboard 75%,peripherals,5,129.00,645.00,pending,2026-07-26T14:44:33+00:00
ORD-052785,5,9,USB-C Hub 8-in-1,accessories,3,39.99,119.97,completed,2026-07-26T14:06:26+00:00
ORD-052786,9,10,Laptop Stand Aluminium,accessories,5,27.50,137.50,cancelled,2026-07-26T06:55:19+00:00
ORD-052787,9,3,27in 1440p Monitor,displays,5,319.99,1599.95,completed,2026-07-26T15:48:18+00:00
ORD-052788,3,4,34in Ultrawide Monitor,displays,4,579.00,2316.00,completed,2026-07-26T07:49:17+00:00
ORD-052789,1,5,Over-ear Headphones,audio,3,199.95,599.85,refunded,2026-07-26T10:27:41+00:00
ORD-052790,9,1,Mechanical Keyboard 75%,peripherals,4,129.00,516.00,refunded,2026-07-26T09:43:11+00:00
ORD-052791,5,5,Over-ear Headphones,audio,4,199.95,799.80,cancelled,2026-07-26T13:37:20+00:00
ORD-052792,10,2,Wireless Mouse,peripherals,2,49.50,99.00,cancelled,2026-07-26T20:31:38+00:00
ORD-052793,5,10,Laptop Stand Aluminium,accessories,1,27.50,27.50,refunded,2026-07-26T12:51:38+00:00
ORD-052794,5,6,Desk Speakers Pair,audio,4,89.00,356.00,refunded,2026-07-26T17:21:22+00:00
ORD-052795,2,8,Ergonomic Chair,furniture,2,612.75,1225.50,refunded,2026-07-26T08:09:48+00:00
ORD-052796,6,10,Laptop Stand Aluminium,accessories,3,27.50,82.50,cancelled,2026-07-26T15:36:26+00:00
ORD-052797,8,5,Over-ear Headphones,audio,2,199.95,399.90,completed,2026-07-26T05:07:22+00:00
ORD-052798,6,5,Over-ear Headphones,audio,3,199.95,599.85,pending,2026-07-26T04:00:31+00:00
ORD-052799,7,8,Ergonomic Chair,furniture,3,612.75,1838.25,completed,2026-07-26T16:39:58+00:00
ORD-052800,4,6,Desk Speakers Pair,audio,4,89.00,356.00,refunded,2026-07-26T20:01:14+00:00
ORD-052801,1,6,Desk Speakers Pair,audio,3,89.00,267.00,cancelled,2026-07-26T22:36:01+00:00
ORD-052802,7,10,Laptop Stand Aluminium,accessories,1,27.50,27.50,cancelled,2026-07-26T11:40:04+00:00
ORD-052803,8,1,Mechanical Keyboard 75%,peripherals,5,129.00,645.00,refunded,2026-07-26T10:31:26+00:00
ORD-052804,9,5,Over-ear Headphones,audio,3,199.95,599.85,pending,2026-07-26T09:48:55+00:00
ORD-052805,5,3,27in 1440p Monitor,displays,5,319.99,1599.95,completed,2026-07-26T09:32:48+00:00
ORD-052806,6,1,Mechanical Keyboard 75%,peripherals,5,129.00,645.00,completed,2026-07-26T08:46:07+00:00
ORD-052807,7,9,USB-C Hub 8-in-1,accessories,2,39.99,79.98,cancelled,2026-07-26T11:21:30+00:00
ORD-052808,1,2,Wireless Mouse,peripherals,2,49.50,99.00,refunded,2026-07-26T15:37:56+00:00
ORD-052809,3,8,Ergonomic Chair,furniture,1,612.75,612.75,cancelled,2026-07-26T16:32:44+00:00
ORD-052810,4,6,Desk Speakers Pair,audio,1,89.00,89.00,pending,2026-07-26T19:32:49+00:00
ORD-052811,5,5,Over-ear Headphones,audio,2,199.95,399.90,cancelled,2026-07-26T01:24:23+00:00
ORD-052812,9,10,Laptop Stand Aluminium,accessories,3,27.50,82.50,completed,2026-07-26T07:25:21+00:00
ORD-052813,6,2,Wireless Mouse,peripherals,3,49.50,148.50,refunded,2026-07-26T10:52:39+00:00
ORD-052814,6,5,Over-ear Headphones,audio,1,199.95,199.95,cancelled,2026-07-26T04:00:54+00:00
ORD-052815,10,3,27in 1440p Monitor,displays,3,319.99,959.97,pending,2026-07-26T00:54:03+00:00
ORD-052816,8,9,USB-C Hub 8-in-1,accessories,2,39.99,79.98,completed,2026-07-26T04:09:40+00:00
ORD-052817,4,6,Desk Speakers Pair,audio,4,89.00,356.00,completed,2026-07-26T09:12:21+00:00
ORD-052818,2,7,Standing Desk 120cm,furniture,4,449.00,1796.00,pending,2026-07-26T17:27:17+00:00
ORD-052819,4,6,Desk Speakers Pair,audio,2,89.00,178.00,cancelled,2026-07-26T03:58:25+00:00
ORD-052820,8,10,Laptop Stand Aluminium,accessories,3,27.50,82.50,pending,2026-07-26T08:53:37+00:00
ORD-052821,5,9,USB-C Hub 8-in-1,accessories,3,39.99,119.97,pending,2026-07-26T12:46:29+00:00
ORD-052822,9,6,Desk Speakers Pair,audio,4,89.00,356.00,pending,2026-07-26T14:53:02+00:00
ORD-052823,3,10,Laptop Stand Aluminium,accessories,1,27.50,27.50,refunded,2026-07-26T17:57:42+00:00
ORD-052824,5,3,27in 1440p Monitor,displays,4,319.99,1279.96,pending,2026-07-26T18:22:22+00:00
ORD-052825,3,10,Laptop Stand Aluminium,accessories,5,27.50,137.50,refunded,2026-07-26T16:56:14+00:00
ORD-052826,1,2,Wireless Mouse,peripherals,5,49.50,247.50,pending,2026-07-26T15:27:16+00:00
ORD-052827,4,5,Over-ear Headphones,audio,5,199.95,999.75,pending,2026-07-26T02:25:33+00:00
ORD-052828,8,2,Wireless Mouse,peripherals,1,49.50,49.50,refunded,2026-07-26T22:49:16+00:00
ORD-052829,3,9,USB-C Hub 8-in-1,accessories,5,39.99,199.95,pending,2026-07-26T15:29:35+00:00
ORD-052830,8,9,USB-C Hub 8-in-1,accessories,4,39.99,159.96,pending,2026-07-26T12:33:17+00:00
ORD-052831,10,5,Over-ear Headphones,audio,3,199.95,599.85,refunded,2026-07-26T03:17:29+00:00
ORD-052832,2,2,Wireless Mouse,peripherals,2,49.50,99.00,pending,2026-07-26T07:18:07+00:00
ORD-052833,9,6,Desk Speakers Pair,audio,1,89.00,89.00,pending,2026-07-26T06:08:25+00:00
ORD-052834,4,8,Ergonomic Chair,furniture,2,612.75,1225.50,cancelled,2026-07-26T13:51:55+00:00
ORD-052835,4,8,Ergonomic Chair,furniture,1,612.75,612.75,pending,2026-07-26T14:35:33+00:00
ORD-052836,8,3,27in 1440p Monitor,displays,3,319.99,959.97,cancelled,2026-07-26T14:31:11+00:00
ORD-052837,6,9,USB-C Hub 8-in-1,accessories,4,39.99,159.96,pending,2026-07-26T06:13:34+00:00
ORD-052838,7,4,34in Ultrawide Monitor,displays,3,579.00,1737.00,pending,2026-07-26T00:15:23+00:00
ORD-052839,2,7,Standing Desk 120cm,furniture,1,449.00,449.00,cancelled,2026-07-26T20:15:10+00:00
ORD-052840,4,1,Mechanical Keyboard 75%,peripherals,2,129.00,258.00,refunded,2026-07-26T13:54:05+00:00
ORD-052841,2,2,Wireless Mouse,peripherals,2,49.50,99.00,refunded,2026-07-26T16:03:23+00:00
ORD-052842,8,7,Standing Desk 120cm,furniture,4,449.00,1796.00,completed,2026-07-26T14:46:43+00:00
ORD-052843,1,2,Wireless Mouse,peripherals,5,49.50,247.50,refunded,2026-07-26T12:45:28+00:00
ORD-052844,6,2,Wireless Mouse,peripherals,5,49.50,247.50,cancelled,2026-07-26T23:23:51+00:00
ORD-052845,9,8,Ergonomic Chair,furniture,5,612.75,3063.75,completed,2026-07-26T15:22:32+00:00
ORD-052846,7,4,34in Ultrawide Monitor,displays,3,579.00,1737.00,completed,2026-07-26T08:09:40+00:00
ORD-052847,4,5,Over-ear Headphones,audio,1,199.95,199.95,refunded,2026-07-26T04:55:42+00:00
ORD-052848,3,7,Standing Desk 120cm,furniture,5,449.00,2245.00,refunded,2026-07-26T13:10:25+00:00
ORD-052849,9,9,USB-C Hub 8-in-1,accessories,1,39.99,39.99,refunded,2026-07-26T00:16:50+00:00
ORD-052850,6,7,Standing Desk 120cm,furniture,2,449.00,898.00,pending,2026-07-26T14:51:36+00:00
ORD-052851,8,10,Laptop Stand Aluminium,accessories,1,27.50,27.50,refunded,2026-07-26T14:52:45+00:00
ORD-052852,9,9,USB-C Hub 8-in-1,accessories,4,39.99,159.96,completed,2026-07-26T10:59:19+00:00
ORD-052853,7,1,Mechanical Keyboard 75%,peripherals,3,129.00,387.00,pending,2026-07-26T02:12:11+00:00
ORD-052854,9,7,Standing Desk 120cm,furniture,2,449.00,898.00,cancelled,2026-07-26T05:58:35+00:00
ORD-052855,9,6,Desk Speakers Pair,audio,4,89.00,356.00,cancelled,2026-07-26T22:57:21+00:00
ORD-052856,1,4,34in Ultrawide Monitor,displays,2,579.00,1158.00,refunded,2026-07-26T12:06:06+00:00
ORD-052857,3,2,Wireless Mouse,peripherals,1,49.50,49.50,cancelled,2026-07-26T01:44:30+00:00
ORD-052858,6,6,Desk Speakers Pair,audio,3,89.00,267.00,completed,2026-07-26T18:04:29+00:00
ORD-052859,2,3,27in 1440p Monitor,displays,3,319.99,959.97,pending,2026-07-26T10:15:02+00:00
ORD-052860,8,9,USB-C Hub 8-in-1,accessories,1,39.99,39.99,refunded,2026-07-26T08:38:06+00:00
ORD-052861,3,1,Mechanical Keyboard 75%,peripherals,3,129.00,387.00,completed,2026-07-26T09:32:20+00:00
ORD-052862,1,9,USB-C Hub 8-in-1,accessories,1,39.99,39.99,refunded,2026-07-26T09:33:54+00:00
ORD-052863,4,1,Mechanical Keyboard 75%,peripherals,1,129.00,129.00,cancelled,2026-07-26T15:35:31+00:00
ORD-052864,7,3,27in 1440p Monitor,displays,2,319.99,639.98,refunded,2026-07-26T22:30:48+00:00
ORD-052865,3,7,Standing Desk 120cm,furniture,2,449.00,898.00,refunded,2026-07-26T09:35:20+00:00
ORD-052866,9,5,Over-ear Headphones,audio,2,199.95,399.90,cancelled,2026-07-26T13:47:35+00:00
ORD-052867,6,9,USB-C Hub 8-in-1,accessories,1,39.99,39.99,refunded,2026-07-26T21:59:07+00:00
ORD-052868,10,7,Standing Desk 120cm,furniture,2,449.00,898.00,pending,2026-07-26T19:18:01+00:00
ORD-052869,7,3,27in 1440p Monitor,displays,1,319.99,319.99,refunded,2026-07-26T02:08:46+00:00
ORD-052870,9,5,Over-ear Headphones,audio,4,199.95,799.80,pending,2026-07-26T02:42:23+00:00
ORD-052871,1,4,34in Ultrawide Monitor,displays,1,579.00,579.00,cancelled,2026-07-26T10:29:46+00:00
ORD-052872,10,9,USB-C Hub 8-in-1,accessories,2,39.99,79.98,cancelled,2026-07-26T12:36:17+00:00
ORD-052873,1,4,34in Ultrawide Monitor,displays,1,579.00,579.00,cancelled,2026-07-26T20:12:24+00:00
ORD-052874,1,5,Over-ear Headphones,audio,4,199.95,799.80,completed,2026-07-26T22:52:53+00:00
ORD-052875,4,4,34in Ultrawide Monitor,displays,5,579.00,2895.00,cancelled,2026-07-26T03:22:26+00:00
ORD-052876,9,1,Mechanical Keyboard 75%,peripherals,1,129.00,129.00,pending,2026-07-26T18:24:37+00:00
ORD-052877,6,3,27in 1440p Monitor,displays,2,319.99,639.98,pending,2026-07-26T16:19:21+00:00
ORD-052878,8,3,27in 1440p Monitor,displays,5,319.99,1599.95,completed,2026-07-26T23:23:45+00:00
ORD-052879,8,1,Mechanical Keyboard 75%,peripherals,5,129.00,645.00,cancelled,2026-07-26T12:43:53+00:00
ORD-052880,10,4,34in Ultrawide Monitor,displays,2,579.00,1158.00,pending,2026-07-26T20:41:04+00:00
ORD-052881,4,4,34in Ultrawide Monitor,displays,3,579.00,1737.00,pending,2026-07-26T18:14:42+00:00
ORD-052882,5,3,27in 1440p Monitor,displays,3,319.99,959.97,completed,2026-07-26T23:56:44+00:00
ORD-052883,9,5,Over-ear Headphones,audio,5,199.95,999.75,cancelled,2026-07-26T05:54:13+00:00
ORD-052884,7,9,USB-C Hub 8-in-1,accessories,5,39.99,199.95,cancelled,2026-07-26T12:58:05+00:00
ORD-052885,8,7,Standing Desk 120cm,furniture,4,449.00,1796.00,pending,2026-07-26T02:09:01+00:00
ORD-052886,1,2,Wireless Mouse,peripherals,3,49.50,148.50,pending,2026-07-26T01:21:39+00:00
ORD-052887,6,3,27in 1440p Monitor,displays,3,319.99,959.97,cancelled,2026-07-26T23:58:46+00:00
ORD-052888,5,1,Mechanical Keyboard 75%,peripherals,3,129.00,387.00,refunded,2026-07-26T16:20:51+00:00
ORD-052889,5,2,Wireless Mouse,peripherals,1,49.50,49.50,cancelled,2026-07-26T21:25:22+00:00
ORD-052890,3,5,Over-ear Headphones,audio,4,199.95,799.80,completed,2026-07-26T00:55:06+00:00
ORD-052891,10,1,Mechanical Keyboard 75%,peripherals,2,129.00,258.00,pending,2026-07-26T19:51:31+00:00
ORD-052892,3,6,Desk Speakers Pair,audio,3,89.00,267.00,completed,2026-07-26T10:53:30+00:00
ORD-052893,5,4,34in Ultrawide Monitor,displays,2,579.00,1158.00,refunded,2026-07-26T03:24:02+00:00
ORD-052894,7,9,USB-C Hub 8-in-1,accessories,2,39.99,79.98,cancelled,2026-07-26T00:16:54+00:00
ORD-052895,7,4,34in Ultrawide Monitor,displays,3,579.00,1737.00,completed,2026-07-26T01:55:41+00:00
ORD-052896,6,1,Mechanical Keyboard 75%,peripherals,4,129.00,516.00,pending,2026-07-26T05:57:51+00:00
ORD-052897,1,10,Laptop Stand Aluminium,accessories,4,27.50,110.00,cancelled,2026-07-26T14:48:08+00:00
ORD-052898,8,4,34in Ultrawide Monitor,displays,2,579.00,1158.00,cancelled,2026-07-26T04:12:28+00:00
ORD-052899,10,5,Over-ear Headphones,audio,5,199.95,999.75,cancelled,2026-07-26T04:32:02+00:00
ORD-052900,7,5,Over-ear Headphones,audio,5,199.95,999.75,refunded,2026-07-26T17:24:38+00:00
ORD-052901,2,4,34in Ultrawide Monitor,displays,4,579.00,2316.00,refunded,2026-07-26T23:21:45+00:00
ORD-052902,5,8,Ergonomic Chair,furniture,4,612.75,2451.00,completed,2026-07-26T13:57:13+00:00
ORD-052903,2,1,Mechanical Keyboard 75%,peripherals,2,129.00,258.00,refunded,2026-07-26T09:36:25+00:00
ORD-052904,5,4,34in Ultrawide Monitor,displays,4,579.00,2316.00,pending,2026-07-26T13:31:15+00:00
ORD-052905,9,6,Desk Speakers Pair,audio,2,89.00,178.00,refunded,2026-07-26T00:16:05+00:00
ORD-052906,9,3,27in 1440p Monitor,displays,4,319.99,1279.96,pending,2026-07-26T04:40:55+00:00
ORD-052907,9,2,Wireless Mouse,peripherals,5,49.50,247.50,pending,2026-07-26T08:30:53+00:00
ORD-052908,6,7,Standing Desk 120cm,furniture,3,449.00,1347.00,refunded,2026-07-26T14:56:51+00:00
ORD-052909,10,6,Desk Speakers Pair,audio,1,89.00,89.00,pending,2026-07-26T20:42:10+00:00
ORD-052910,10,1,Mechanical Keyboard 75%,peripherals,3,129.00,387.00,completed,2026-07-26T00:05:55+00:00
ORD-052911,1,4,34in Ultrawide Monitor,displays,4,579.00,2316.00,refunded,2026-07-26T18:52:47+00:00
ORD-052912,1,3,27in 1440p Monitor,displays,3,319.99,959.97,completed,2026-07-26T20:59:27+00:00
ORD-052913,1,4,34in Ultrawide Monitor,displays,2,579.00,1158.00,pending,2026-07-26T21:18:43+00:00
ORD-052914,3,6,Desk Speakers Pair,audio,5,89.00,445.00,cancelled,2026-07-26T03:44:29+00:00
ORD-052915,8,6,Desk Speakers Pair,audio,4,89.00,356.00,pending,2026-07-26T17:37:45+00:00
ORD-052916,7,5,Over-ear Headphones,audio,4,199.95,799.80,completed,2026-07-26T07:17:11+00:00
ORD-052917,2,7,Standing Desk 120cm,furniture,3,449.00,1347.00,pending,2026-07-26T19:15:19+00:00
ORD-052918,2,9,USB-C Hub 8-in-1,accessories,2,39.99,79.98,cancelled,2026-07-26T09:27:31+00:00
ORD-052919,1,7,Standing Desk 120cm,furniture,3,449.00,1347.00,completed,2026-07-26T23:51:07+00:00
ORD-052920,7,2,Wireless Mouse,peripherals,4,49.50,198.00,completed,2026-07-26T16:31:32+00:00
ORD-052921,2,6,Desk Speakers Pair,audio,2,89.00,178.00,refunded,2026-07-26T07:32:47+00:00
ORD-052922,6,8,Ergonomic Chair,furniture,3,612.75,1838.25,pending,2026-07-26T02:32:41+00:00
ORD-052923,1,6,Desk Speakers Pair,audio,5,89.00,445.00,cancelled,2026-07-26T16:49:47+00:00
ORD-052924,10,7,Standing Desk 120cm,furniture,4,449.00,1796.00,pending,2026-07-26T18:29:21+00:00
ORD-052925,5,1,Mechanical Keyboard 75%,peripherals,2,129.00,258.00,cancelled,2026-07-26T04:23:48+00:00
ORD-052926,8,9,USB-C Hub 8-in-1,accessories,2,39.99,79.98,refunded,2026-07-26T01:56:12+00:00
ORD-052927,9,7,Standing Desk 120cm,furniture,3,449.00,1347.00,refunded,2026-07-26T07:30:29+00:00
ORD-052928,7,3,27in 1440p Monitor,displays,3,319.99,959.97,pending,2026-07-26T02:30:16+00:00
ORD-052929,3,1,Mechanical Keyboard 75%,peripherals,5,129.00,645.00,completed,2026-07-26T17:59:02+00:00
ORD-052930,6,7,Standing Desk 120cm,furniture,4,449.00,1796.00,completed,2026-07-26T02:00:17+00:00
ORD-052931,9,4,34in Ultrawide Monitor,displays,4,579.00,2316.00,pending,2026-07-26T04:03:15+00:00
ORD-052932,7,2,Wireless Mouse,peripherals,4,49.50,198.00,refunded,2026-07-26T14:25:30+00:00
ORD-052933,7,10,Laptop Stand Aluminium,accessories,2,27.50,55.00,cancelled,2026-07-26T09:00:54+00:00
ORD-052934,5,2,Wireless Mouse,peripherals,1,49.50,49.50,refunded,2026-07-26T18:50:28+00:00
ORD-052935,4,2,Wireless Mouse,peripherals,4,49.50,198.00,pending,2026-07-26T13:39:54+00:00
ORD-052936,7,2,Wireless Mouse,peripherals,2,49.50,99.00,cancelled,2026-07-26T19:48:58+00:00
ORD-052937,5,10,Laptop Stand Aluminium,accessories,5,27.50,137.50,completed,2026-07-26T01:34:38+00:00
ORD-052938,6,7,Standing Desk 120cm,furniture,5,449.00,2245.00,cancelled,2026-07-26T18:26:48+00:00
ORD-052939,10,3,27in 1440p Monitor,displays,1,319.99,319.99,completed,2026-07-26T21:28:54+00:00
ORD-052940,10,4,34in Ultrawide Monitor,displays,4,579.00,2316.00,refunded,2026-07-26T22:06:56+00:00
ORD-052941,7,3,27in 1440p Monitor,displays,2,319.99,639.98,cancelled,2026-07-26T12:48:33+00:00
ORD-052942,4,9,USB-C Hub 8-in-1,accessories,4,39.99,159.96,cancelled,2026-07-26T03:33:45+00:00
ORD-052943,3,2,Wireless Mouse,peripherals,3,49.50,148.50,pending,2026-07-26T22:49:21+00:00
ORD-052944,9,7,Standing Desk 120cm,furniture,5,449.00,2245.00,completed,2026-07-26T03:20:09+00:00
ORD-052945,1,1,Mechanical Keyboard 75%,peripherals,2,129.00,258.00,pending,2026-07-26T01:54:11+00:00
ORD-052946,10,8,Ergonomic Chair,furniture,4,612.75,2451.00,pending,2026-07-26T17:17:39+00:00
ORD-052947,6,5,Over-ear Headphones,audio,2,199.95,399.90,cancelled,2026-07-26T18:19:45+00:00
ORD-052948,1,10,Laptop Stand Aluminium,accessories,5,27.50,137.50,cancelled,2026-07-26T23:46:21+00:00
ORD-052949,9,3,27in 1440p Monitor,displays,5,319.99,1599.95,completed,2026-07-26T19:17:56+00:00
ORD-052950,8,6,Desk Speakers Pair,audio,4,89.00,356.00,pending,2026-07-26T02:03:01+00:00
ORD-052951,5,4,34in Ultrawide Monitor,displays,4,579.00,2316.00,cancelled,2026-07-26T00:47:24+00:00
ORD-052952,6,4,34in Ultrawide Monitor,displays,3,579.00,1737.00,completed,2026-07-26T22:43:40+00:00
ORD-052953,3,10,Laptop Stand Aluminium,accessories,3,27.50,82.50,pending,2026-07-26T20:38:31+00:00
ORD-052954,3,3,27in 1440p Monitor,displays,2,319.99,639.98,refunded,2026-07-26T19:35:55+00:00
ORD-052955,4,6,Desk Speakers Pair,audio,1,89.00,89.00,pending,2026-07-26T12:40:01+00:00
ORD-052956,3,2,Wireless Mouse,peripherals,2,49.50,99.00,cancelled,2026-07-26T23:31:49+00:00
ORD-052957,6,5,Over-ear Headphones,audio,5,199.95,999.75,pending,2026-07-26T13:13:56+00:00
ORD-052958,6,7,Standing Desk 120cm,furniture,5,449.00,2245.00,refunded,2026-07-26T18:25:21+00:00
ORD-052959,6,2,Wireless Mouse,peripherals,5,49.50,247.50,refunded,2026-07-26T14:01:13+00:00
ORD-052960,1,10,Laptop Stand Aluminium,accessories,5,27.50,137.50,cancelled,2026-07-26T04:18:34+00:00
ORD-052961,10,4,34in Ultrawide Monitor,displays,2,579.00,1158.00,cancelled,2026-07-26T21:33:41+00:00
ORD-052962,6,4,34in Ultrawide Monitor,displays,2,579.00,1158.00,refunded,2026-07-26T17:34:42+00:00
ORD-052963,3,6,Desk Speakers Pair,audio,2,89.00,178.00,completed,2026-07-26T06:41:09+00:00
ORD-052964,8,6,Desk Speakers Pair,audio,4,89.00,356.00,refunded,2026-07-26T20:55:13+00:00
ORD-052965,6,2,Wireless Mouse,peripherals,4,49.50,198.00,cancelled,2026-07-26T23:13:00+00:00
ORD-052966,3,10,Laptop Stand Aluminium,accessories,1,27.50,27.50,refunded,2026-07-26T04:48:44+00:00
ORD-052967,2,8,Ergonomic Chair,furniture,1,612.75,612.75,refunded,2026-07-26T21:37:00+00:00
ORD-052968,2,4,34in Ultrawide Monitor,displays,2,579.00,1158.00,refunded,2026-07-26T22:36:56+00:00
ORD-052969,9,1,Mechanical Keyboard 75%,peripherals,1,129.00,129.00,cancelled,2026-07-26T04:17:37+00:00
ORD-052970,1,6,Desk Speakers Pair,audio,1,89.00,89.00,cancelled,2026-07-26T03:08:43+00:00
ORD-052971,5,10,Laptop Stand Aluminium,accessories,3,27.50,82.50,cancelled,2026-07-26T04:56:07+00:00
ORD-052972,10,5,Over-ear Headphones,audio,2,199.95,399.90,cancelled,2026-07-26T18:49:24+00:00
ORD-052973,6,9,USB-C Hub 8-in-1,accessories,5,39.99,199.95,refunded,2026-07-26T16:10:49+00:00
ORD-052974,7,5,Over-ear Headphones,audio,3,199.95,599.85,pending,2026-07-26T09:20:17+00:00
ORD-052975,3,5,Over-ear Headphones,audio,5,199.95,999.75,refunded,2026-07-26T10:27:13+00:00
ORD-052976,7,9,USB-C Hub 8-in-1,accessories,3,39.99,119.97,completed,2026-07-26T13:16:34+00:00
ORD-052977,10,2,Wireless Mouse,peripherals,1,49.50,49.50,refunded,2026-07-26T03:02:23+00:00
ORD-052978,10,6,Desk Speakers Pair,audio,1,89.00,89.00,completed,2026-07-26T19:38:00+00:00
ORD-052979,6,7,Standing Desk 120cm,furniture,1,449.00,449.00,refunded,2026-07-26T18:55:31+00:00
ORD-052980,1,2,Wireless Mouse,peripherals,5,49.50,247.50,cancelled,2026-07-26T02:25:30+00:00
ORD-052981,6,2,Wireless Mouse,peripherals,3,49.50,148.50,completed,2026-07-26T05:23:33+00:00
ORD-052982,1,2,Wireless Mouse,peripherals,2,49.50,99.00,pending,2026-07-26T21:51:45+00:00
ORD-052983,3,10,Laptop Stand Aluminium,accessories,5,27.50,137.50,pending,2026-07-26T21:06:39+00:00
ORD-052984,5,5,Over-ear Headphones,audio,2,199.95,399.90,pending,2026-07-26T06:13:41+00:00
ORD-052985,2,1,Mechanical Keyboard 75%,peripherals,5,129.00,645.00,cancelled,2026-07-26T07:34:14+00:00
ORD-052986,9,3,27in 1440p Monitor,displays,1,319.99,319.99,cancelled,2026-07-26T12:42:49+00:00
ORD-052987,7,5,Over-ear Headphones,audio,1,199.95,199.95,completed,2026-07-26T16:59:50+00:00
ORD-052988,3,8,Ergonomic Chair,furniture,2,612.75,1225.50,cancelled,2026-07-26T15:12:07+00:00
ORD-052989,9,2,Wireless Mouse,peripherals,3,49.50,148.50,cancelled,2026-07-26T11:16:51+00:00
ORD-052990,9,2,Wireless Mouse,peripherals,4,49.50,198.00,cancelled,2026-07-26T07:53:47+00:00
ORD-052991,5,5,Over-ear Headphones,audio,4,199.95,799.80,completed,2026-07-26T01:58:01+00:00
ORD-052992,9,1,Mechanical Keyboard 75%,peripherals,1,129.00,129.00,pending,2026-07-26T07:13:49+00:00
ORD-052993,3,6,Desk Speakers Pair,audio,3,89.00,267.00,cancelled,2026-07-26T08:18:49+00:00
ORD-052994,9,9,USB-C Hub 8-in-1,accessories,2,39.99,79.98,completed,2026-07-26T22:42:47+00:00
ORD-052995,5,10,Laptop Stand Aluminium,accessories,3,27.50,82.50,refunded,2026-07-26T08:56:54+00:00
ORD-052996,2,9,USB-C Hub 8-in-1,accessories,4,39.99,159.96,refunded,2026-07-26T01:25:21+00:00
ORD-052997,9,1,Mechanical Keyboard 75%,peripherals,1,129.00,129.00,refunded,2026-07-26T22:17:12+00:00
ORD-052998,1,5,Over-ear Headphones,audio,3,199.95,599.85,pending,2026-07-26T12:44:48+00:00
ORD-052999,4,9,USB-C Hub 8-in-1,accessories,5,39.99,199.95,refunded,2026-07-26T04:08:07+00:00
ORD-053000,2,10,Laptop Stand Aluminium,accessories,2,27.50,55.00,refunded,2026-07-26T02:44:16+00:00
ORD-053001,6,6,Desk Speakers Pair,audio,1,89.00,89.00,cancelled,2026-07-26T03:51:40+00:00
ORD-053002,3,8,Ergonomic Chair,furniture,4,612.75,2451.00,completed,2026-07-26T14:50:59+00:00
ORD-053003,7,1,Mechanical Keyboard 75%,peripherals,2,129.00,258.00,completed,2026-07-26T11:12:05+00:00
ORD-053004,2,3,27in 1440p Monitor,displays,3,319.99,959.97,pending,2026-07-26T01:07:04+00:00
ORD-053005,5,8,Ergonomic Chair,furniture,2,612.75,1225.50,refunded,2026-07-26T11:34:13+00:00
ORD-053006,1,2,Wireless Mouse,peripherals,2,49.50,99.00,refunded,2026-07-26T03:08:57+00:00
ORD-053007,1,5,Over-ear Headphones,audio,3,199.95,599.85,pending,2026-07-26T01:56:56+00:00
ORD-053008,1,9,USB-C Hub 8-in-1,accessories,2,39.99,79.98,cancelled,2026-07-26T18:08:01+00:00
ORD-053009,1,2,Wireless Mouse,peripherals,1,49.50,49.50,refunded,2026-07-26T21:29:22+00:00
ORD-053010,2,8,Ergonomic Chair,furniture,1,612.75,612.75,pending,2026-07-26T16:32:08+00:00
ORD-053011,2,1,Mechanical Keyboard 75%,peripherals,2,129.00,258.00,pending,2026-07-26T16:00:10+00:00
ORD-053012,4,4,34in Ultrawide Monitor,displays,2,579.00,1158.00,cancelled,2026-07-26T14:42:34+00:00
ORD-053013,4,2,Wireless Mouse,peripherals,1,49.50,49.50,completed,2026-07-26T03:01:41+00:00
ORD-053014,8,9,USB-C Hub 8-in-1,accessories,1,39.99,39.99,completed,2026-07-26T14:43:11+00:00
ORD-053015,1,8,Ergonomic Chair,furniture,3,612.75,1838.25,pending,2026-07-26T21:33:34+00:00
ORD-053016,3,6,Desk Speakers Pair,audio,5,89.00,445.00,cancelled,2026-07-26T04:31:34+00:00
ORD-053017,5,10,Laptop Stand Aluminium,accessories,1,27.50,27.50,refunded,2026-07-26T06:43:58+00:00
ORD-053018,10,4,34in Ultrawide Monitor,displays,1,579.00,579.00,refunded,2026-07-26T01:26:41+00:00
ORD-053019,4,1,Mechanical Keyboard 75%,peripherals,3,129.00,387.00,pending,2026-07-26T22:41:35+00:00
ORD-053020,6,9,USB-C Hub 8-in-1,accessories,2,39.99,79.98,cancelled,2026-07-26T18:04:32+00:00
ORD-053021,7,6,Desk Speakers Pair,audio,1,89.00,89.00,refunded,2026-07-26T15:13:59+00:00
ORD-053022,3,1,Mechanical Keyboard 75%,peripherals,4,129.00,516.00,completed,2026-07-26T11:55:32+00:00
ORD-053023,2,8,Ergonomic Chair,furniture,5,612.75,3063.75,cancelled,2026-07-26T16:35:46+00:00
ORD-053024,4,7,Standing Desk 120cm,furniture,1,449.00,449.00,cancelled,2026-07-26T14:12:24+00:00
ORD-053025,9,5,Over-ear Headphones,audio,1,199.95,199.95,cancelled,2026-07-26T10:15:10+00:00
ORD-053026,4,1,Mechanical Keyboard 75%,peripherals,3,129.00,387.00,completed,2026-07-26T07:11:20+00:00
ORD-053027,5,9,USB-C Hub 8-in-1,accessories,5,39.99,199.95,completed,2026-07-26T10:36:18+00:00
ORD-053028,2,9,USB-C Hub 8-in-1,accessories,3,39.99,119.97,pending,2026-07-26T11:20:57+00:00
ORD-053029,2,2,Wireless Mouse,peripherals,3,49.50,148.50,completed,2026-07-26T06:46:17+00:00
ORD-053030,9,7,Standing Desk 120cm,furniture,3,449.00,1347.00,pending,2026-07-26T13:15:08+00:00
ORD-053031,1,8,Ergonomic Chair,furniture,1,612.75,612.75,completed,2026-07-26T15:03:38+00:00
ORD-053032,8,3,27in 1440p Monitor,displays,5,319.99,1599.95,refunded,2026-07-26T11:02:42+00:00
ORD-053033,8,2,Wireless Mouse,peripherals,2,49.50,99.00,refunded,2026-07-26T09:09:48+00:00
ORD-053034,9,3,27in 1440p Monitor,displays,1,319.99,319.99,refunded,2026-07-26T12:27:18+00:00
ORD-053035,7,7,Standing Desk 120cm,furniture,5,449.00,2245.00,completed,2026-07-26T14:28:22+00:00
ORD-053036,7,3,27in 1440p Monitor,displays,1,319.99,319.99,pending,2026-07-26T09:12:27+00:00
ORD-053037,8,7,Standing Desk 120cm,furniture,3,449.00,1347.00,cancelled,2026-07-26T02:38:59+00:00
ORD-053038,2,4,34in Ultrawide Monitor,displays,5,579.00,2895.00,completed,2026-07-26T04:25:23+00:00
ORD-053039,3,2,Wireless Mouse,peripherals,2,49.50,99.00,refunded,2026-07-26T11:07:42+00:00
ORD-053040,2,8,Ergonomic Chair,furniture,4,612.75,2451.00,completed,2026-07-26T01:01:26+00:00
ORD-053041,9,6,Desk Speakers Pair,audio,2,89.00,178.00,cancelled,2026-07-26T13:07:30+00:00
ORD-053042,2,1,Mechanical Keyboard 75%,peripherals,3,129.00,387.00,completed,2026-07-26T21:55:32+00:00
ORD-053043,1,8,Ergonomic Chair,furniture,1,612.75,612.75,cancelled,2026-07-26T00:31:53+00:00
ORD-053044,2,9,USB-C Hub 8-in-1,accessories,4,39.99,159.96,pending,2026-07-26T09:55:55+00:00
ORD-053045,6,10,Laptop Stand Aluminium,accessories,3,27.50,82.50,pending,2026-07-26T03:50:20+00:00
ORD-053046,2,6,Desk Speakers Pair,audio,4,89.00,356.00,pending,2026-07-26T08:28:06+00:00
ORD-053047,6,3,27in 1440p Monitor,displays,1,319.99,319.99,pending,2026-07-26T15:34:30+00:00
ORD-053048,5,5,Over-ear Headphones,audio,5,199.95,999.75,cancelled,2026-07-26T21:14:58+00:00
ORD-053049,4,7,Standing Desk 120cm,furniture,4,449.00,1796.00,cancelled,2026-07-26T12:04:49+00:00
ORD-053050,2,2,Wireless Mouse,peripherals,3,49.50,148.50,completed,2026-07-26T11:12:42+00:00
ORD-053051,3,9,USB-C Hub 8-in-1,accessories,1,39.99,39.99,refunded,2026-07-26T20:47:58+00:00
ORD-053052,2,8,Ergonomic Chair,furniture,2,612.75,1225.50,pending,2026-07-26T02:06:44+00:00
ORD-053053,10,4,34in Ultrawide Monitor,displays,2,579.00,1158.00,completed,2026-07-26T14:18:51+00:00
ORD-053054,4,7,Standing Desk 120cm,furniture,1,449.00,449.00,completed,2026-07-26T12:21:46+00:00
ORD-053055,6,4,34in Ultrawide Monitor,displays,2,579.00,1158.00,pending,2026-07-26T20:57:31+00:00
ORD-053056,7,10,Laptop Stand Aluminium,accessories,4,27.50,110.00,refunded,2026-07-26T05:37:01+00:00
ORD-053057,3,2,Wireless Mouse,peripherals,2,49.50,99.00,cancelled,2026-07-26T10:05:09+00:00
ORD-053058,5,1,Mechanical Keyboard 75%,peripherals,1,129.00,129.00,refunded,2026-07-26T09:59:30+00:00
ORD-053059,6,5,Over-ear Headphones,audio,4,199.95,799.80,refunded,2026-07-26T06:31:29+00:00
ORD-053060,8,3,27in 1440p Monitor,displays,5,319.99,1599.95,completed,2026-07-26T13:48:33+00:00
ORD-053061,6,10,Laptop Stand Aluminium,accessories,3,27.50,82.50,cancelled,2026-07-26T03:08:33+00:00
ORD-053062,6,7,Standing Desk 120cm,furniture,3,449.00,1347.00,refunded,2026-07-26T14:02:05+00:00
ORD-053063,4,6,Desk Speakers Pair,audio,4,89.00,356.00,refunded,2026-07-26T05:17:38+00:00
ORD-053064,2,1,Mechanical Keyboard 75%,peripherals,3,129.00,387.00,cancelled,2026-07-26T20:44:30+00:00
ORD-053065,5,9,USB-C Hub 8-in-1,accessories,5,39.99,199.95,completed,2026-07-26T05:35:25+00:00
ORD-053066,2,7,Standing Desk 120cm,furniture,1,449.00,449.00,refunded,2026-07-26T07:30:22+00:00
ORD-053067,9,3,27in 1440p Monitor,displays,3,319.99,959.97,refunded,2026-07-26T09:52:55+00:00
ORD-053068,1,1,Mechanical Keyboard 75%,peripherals,3,129.00,387.00,refunded,2026-07-26T08:11:14+00:00
ORD-053069,4,5,Over-ear Headphones,audio,5,199.95,999.75,pending,2026-07-26T01:53:01+00:00
ORD-053070,7,8,Ergonomic Chair,furniture,2,612.75,1225.50,pending,2026-07-26T23:10:35+00:00
ORD-053071,2,7,Standing Desk 120cm,furniture,5,449.00,2245.00,pending,2026-07-26T02:31:52+00:00
ORD-053072,10,2,Wireless Mouse,peripherals,1,49.50,49.50,completed,2026-07-26T16:54:20+00:00
ORD-053073,4,9,USB-C Hub 8-in-1,accessories,1,39.99,39.99,completed,2026-07-26T06:33:00+00:00
ORD-053074,7,4,34in Ultrawide Monitor,displays,3,579.00,1737.00,pending,2026-07-26T02:30:06+00:00
ORD-053075,4,8,Ergonomic Chair,furniture,1,612.75,612.75,cancelled,2026-07-26T04:08:50+00:00
ORD-053076,3,2,Wireless Mouse,peripherals,2,49.50,99.00,pending,2026-07-26T00:40:48+00:00
ORD-053077,3,2,Wireless Mouse,peripherals,4,49.50,198.00,pending,2026-07-26T13:27:01+00:00
ORD-053078,8,7,Standing Desk 120cm,furniture,1,449.00,449.00,cancelled,2026-07-26T17:11:16+00:00
ORD-053079,3,5,Over-ear Headphones,audio,2,199.95,399.90,pending,2026-07-26T11:26:21+00:00
ORD-053080,6,3,27in 1440p Monitor,displays,5,319.99,1599.95,refunded,2026-07-26T05:40:48+00:00
ORD-053081,4,7,Standing Desk 120cm,furniture,2,449.00,898.00,pending,2026-07-26T14:33:06+00:00
ORD-053082,2,1,Mechanical Keyboard 75%,peripherals,1,129.00,129.00,cancelled,2026-07-26T09:45:09+00:00
ORD-053083,3,1,Mechanical Keyboard 75%,peripherals,5,129.00,645.00,pending,2026-07-26T16:13:34+00:00
ORD-053084,4,5,Over-ear Headphones,audio,1,199.95,199.95,refunded,2026-07-26T12:51:30+00:00
ORD-053085,6,10,Laptop Stand Aluminium,accessories,4,27.50,110.00,pending,2026-07-26T19:37:55+00:00
ORD-053086,3,8,Ergonomic Chair,furniture,4,612.75,2451.00,cancelled,2026-07-26T12:31:07+00:00
ORD-053087,6,4,34in Ultrawide Monitor,displays,5,579.00,2895.00,pending,2026-07-26T18:10:00+00:00
ORD-053088,10,7,Standing Desk 120cm,furniture,3,449.00,1347.00,cancelled,2026-07-26T07:30:29+00:00
ORD-053089,5,5,Over-ear Headphones,audio,5,199.95,999.75,refunded,2026-07-26T03:00:50+00:00
ORD-053090,1,10,Laptop Stand Aluminium,accessories,3,27.50,82.50,pending,2026-07-26T22:33:14+00:00
ORD-053091,2,1,Mechanical Keyboard 75%,peripherals,1,129.00,129.00,cancelled,2026-07-26T15:07:08+00:00
ORD-053092,8,10,Laptop Stand Aluminium,accessories,3,27.50,82.50,pending,2026-07-26T09:31:43+00:00
ORD-053093,7,5,Over-ear Headphones,audio,5,199.95,999.75,pending,2026-07-26T20:31:29+00:00
ORD-053094,9,7,Standing Desk 120cm,furniture,4,449.00,1796.00,cancelled,2026-07-26T00:53:55+00:00
ORD-053095,10,6,Desk Speakers Pair,audio,5,89.00,445.00,refunded,2026-07-26T06:47:38+00:00
ORD-053096,7,8,Ergonomic Chair,furniture,3,612.75,1838.25,refunded,2026-07-26T00:27:18+00:00
ORD-053097,7,10,Laptop Stand Aluminium,accessories,1,27.50,27.50,pending,2026-07-26T08:04:20+00:00
ORD-053098,5,7,Standing Desk 120cm,furniture,3,449.00,1347.00,pending,2026-07-26T21:41:03+00:00
ORD-053099,7,2,Wireless Mouse,peripherals,2,49.50,99.00,pending,2026-07-26T22:53:34+00:00
ORD-053100,4,4,34in Ultrawide Monitor,displays,4,579.00,2316.00,cancelled,2026-07-26T15:06:45+00:00
ORD-053101,8,4,34in Ultrawide Monitor,displays,1,579.00,579.00,pending,2026-07-26T22:44:29+00:00
ORD-053102,3,1,Mechanical Keyboard 75%,peripherals,2,129.00,258.00,completed,2026-07-26T04:42:48+00:00
ORD-053103,7,2,Wireless Mouse,peripherals,4,49.50,198.00,refunded,2026-07-26T08:09:15+00:00
ORD-053104,7,6,Desk Speakers Pair,audio,2,89.00,178.00,refunded,2026-07-26T07:55:45+00:00
ORD-053105,10,8,Ergonomic Chair,furniture,3,612.75,1838.25,completed,2026-07-26T01:51:19+00:00
ORD-053106,9,4,34in Ultrawide Monitor,displays,4,579.00,2316.00,pending,2026-07-26T19:34:26+00:00
ORD-053107,4,2,Wireless Mouse,peripherals,2,49.50,99.00,refunded,2026-07-26T15:52:27+00:00
ORD-053108,6,1,Mechanical Keyboard 75%,peripherals,5,129.00,645.00,refunded,2026-07-26T00:43:55+00:00
ORD-053109,10,10,Laptop Stand Aluminium,accessories,5,27.50,137.50,pending,2026-07-26T09:18:35+00:00
ORD-053110,6,6,Desk Speakers Pair,audio,5,89.00,445.00,cancelled,2026-07-26T03:49:06+00:00
ORD-053111,5,2,Wireless Mouse,peripherals,1,49.50,49.50,refunded,2026-07-26T00:30:35+00:00
ORD-053112,1,4,34in Ultrawide Monitor,displays,4,579.00,2316.00,completed,2026-07-26T08:46:22+00:00
ORD-053113,7,9,USB-C Hub 8-in-1,accessories,2,39.99,79.98,pending,2026-07-26T22:38:38+00:00
ORD-053114,1,10,Laptop Stand Aluminium,accessories,2,27.50,55.00,completed,2026-07-26T03:55:26+00:00
ORD-053115,8,9,USB-C Hub 8-in-1,accessories,3,39.99,119.97,cancelled,2026-07-26T05:46:43+00:00
ORD-053116,1,9,USB-C Hub 8-in-1,accessories,1,39.99,39.99,refunded,2026-07-26T23:57:22+00:00
ORD-053117,1,8,Ergonomic Chair,furniture,1,612.75,612.75,completed,2026-07-26T14:24:50+00:00
ORD-053118,5,10,Laptop Stand Aluminium,accessories,5,27.50,137.50,cancelled,2026-07-26T02:12:04+00:00
ORD-053119,8,7,Standing Desk 120cm,furniture,3,449.00,1347.00,cancelled,2026-07-26T18:15:28+00:00
ORD-053120,8,6,Desk Speakers Pair,audio,2,89.00,178.00,completed,2026-07-26T11:19:10+00:00
ORD-053121,8,10,Laptop Stand Aluminium,accessories,1,27.50,27.50,pending,2026-07-26T14:04:46+00:00
ORD-053122,2,5,Over-ear Headphones,audio,5,199.95,999.75,cancelled,2026-07-26T16:57:01+00:00
ORD-053123,6,10,Laptop Stand Aluminium,accessories,4,27.50,110.00,pending,2026-07-26T15:50:02+00:00
ORD-053124,9,8,Ergonomic Chair,furniture,3,612.75,1838.25,pending,2026-07-26T04:39:43+00:00
ORD-053125,6,9,USB-C Hub 8-in-1,accessories,5,39.99,199.95,refunded,2026-07-26T11:55:34+00:00
ORD-053126,2,9,USB-C Hub 8-in-1,accessories,4,39.99,159.96,refunded,2026-07-26T15:06:34+00:00
ORD-053127,1,8,Ergonomic Chair,furniture,2,612.75,1225.50,cancelled,2026-07-26T19:00:12+00:00
ORD-053128,1,2,Wireless Mouse,peripherals,1,49.50,49.50,completed,2026-07-26T12:41:55+00:00
ORD-053129,2,3,27in 1440p Monitor,displays,5,319.99,1599.95,pending,2026-07-26T06:45:12+00:00
ORD-053130,7,9,USB-C Hub 8-in-1,accessories,5,39.99,199.95,completed,2026-07-26T19:55:29+00:00
ORD-053131,7,9,USB-C Hub 8-in-1,accessories,5,39.99,199.95,cancelled,2026-07-26T12:26:15+00:00
ORD-053132,5,8,Ergonomic Chair,furniture,1,612.75,612.75,cancelled,2026-07-26T01:47:13+00:00
ORD-053133,3,7,Standing Desk 120cm,furniture,2,449.00,898.00,completed,2026-07-26T00:25:01+00:00
ORD-053134,10,2,Wireless Mouse,peripherals,1,49.50,49.50,refunded,2026-07-26T23:13:46+00:00
ORD-053135,3,4,34in Ultrawide Monitor,displays,1,579.00,579.00,completed,2026-07-26T00:55:27+00:00
ORD-053136,3,9,USB-C Hub 8-in-1,accessories,4,39.99,159.96,pending,2026-07-26T20:09:00+00:00
ORD-053137,10,9,USB-C Hub 8-in-1,accessories,1,39.99,39.99,pending,2026-07-26T01:39:14+00:00
ORD-053138,5,7,Standing Desk 120cm,furniture,3,449.00,1347.00,pending,2026-07-26T05:25:57+00:00
ORD-053139,7,4,34in Ultrawide Monitor,displays,5,579.00,2895.00,cancelled,2026-07-26T10:41:43+00:00
ORD-053140,9,1,Mechanical Keyboard 75%,peripherals,2,129.00,258.00,cancelled,2026-07-26T06:40:11+00:00
ORD-053141,6,9,USB-C Hub 8-in-1,accessories,3,39.99,119.97,refunded,2026-07-26T02:28:12+00:00
ORD-053142,7,6,Desk Speakers Pair,audio,4,89.00,356.00,pending,2026-07-26T23:44:21+00:00
ORD-053143,6,10,Laptop Stand Aluminium,accessories,5,27.50,137.50,pending,2026-07-26T15:11:25+00:00
ORD-053144,5,6,Desk Speakers Pair,audio,1,89.00,89.00,refunded,2026-07-26T14:22:05+00:00
ORD-053145,3,9,USB-C Hub 8-in-1,accessories,1,39.99,39.99,refunded,2026-07-26T00:20:57+00:00
ORD-053146,8,7,Standing Desk 120cm,furniture,2,449.00,898.00,cancelled,2026-07-26T17:26:17+00:00
ORD-053147,5,1,Mechanical Keyboard 75%,peripherals,4,129.00,516.00,pending,2026-07-26T08:04:43+00:00
ORD-053148,3,4,34in Ultrawide Monitor,displays,4,579.00,2316.00,refunded,2026-07-26T00:37:50+00:00
ORD-053149,7,9,USB-C Hub 8-in-1,accessories,5,39.99,199.95,cancelled,2026-07-26T21:38:44+00:00
ORD-053150,2,6,Desk Speakers Pair,audio,2,89.00,178.00,refunded,2026-07-26T15:56:45+00:00
ORD-053151,7,7,Standing Desk 120cm,furniture,4,449.00,1796.00,pending,2026-07-26T02:04:01+00:00
ORD-053152,3,10,Laptop Stand Aluminium,accessories,1,27.50,27.50,pending,2026-07-26T23:33:45+00:00
ORD-053153,7,8,Ergonomic Chair,furniture,1,612.75,612.75,cancelled,2026-07-26T23:12:30+00:00
ORD-053154,5,10,Laptop Stand Aluminium,accessories,1,27.50,27.50,completed,2026-07-26T20:25:19+00:00
ORD-053155,7,10,Laptop Stand Aluminium,accessories,5,27.50,137.50,pending,2026-07-26T21:46:23+00:00
ORD-053156,2,10,Laptop Stand Aluminium,accessories,5,27.50,137.50,cancelled,2026-07-26T07:52:16+00:00
ORD-053157,3,8,Ergonomic Chair,furniture,1,612.75,612.75,completed,2026-07-26T08:49:02+00:00
ORD-053158,2,8,Ergonomic Chair,furniture,3,612.75,1838.25,cancelled,2026-07-26T03:54:38+00:00
ORD-053159,8,3,27in 1440p Monitor,displays,1,319.99,319.99,refunded,2026-07-26T01:14:45+00:00
ORD-053160,5,9,USB-C Hub 8-in-1,accessories,1,39.99,39.99,completed,2026-07-26T12:56:21+00:00
ORD-053161,10,4,34in Ultrawide Monitor,displays,1,579.00,579.00,completed,2026-07-26T05:04:21+00:00
ORD-053162,1,4,34in Ultrawide Monitor,displays,3,579.00,1737.00,pending,2026-07-26T04:47:39+00:00
ORD-053163,10,4,34in Ultrawide Monitor,displays,4,579.00,2316.00,completed,2026-07-26T22:51:28+00:00
ORD-053164,9,6,Desk Speakers Pair,audio,5,89.00,445.00,cancelled,2026-07-26T15:21:18+00:00
ORD-053165,6,2,Wireless Mouse,peripherals,4,49.50,198.00,completed,2026-07-26T09:10:29+00:00
ORD-053166,8,6,Desk Speakers Pair,audio,2,89.00,178.00,refunded,2026-07-26T23:03:25+00:00
ORD-053167,5,4,34in Ultrawide Monitor,displays,3,579.00,1737.00,pending,2026-07-26T20:43:56+00:00
ORD-053168,10,3,27in 1440p Monitor,displays,1,319.99,319.99,refunded,2026-07-26T11:18:18+00:00
ORD-053169,5,10,Laptop Stand Aluminium,accessories,4,27.50,110.00,cancelled,2026-07-26T19:57:07+00:00
ORD-053170,9,1,Mechanical Keyboard 75%,peripherals,2,129.00,258.00,completed,2026-07-26T15:02:40+00:00
ORD-053171,4,2,Wireless Mouse,peripherals,4,49.50,198.00,completed,2026-07-26T14:17:32+00:00
ORD-053172,3,9,USB-C Hub 8-in-1,accessories,4,39.99,159.96,pending,2026-07-26T06:02:52+00:00
ORD-053173,4,2,Wireless Mouse,peripherals,3,49.50,148.50,cancelled,2026-07-26T15:41:34+00:00
ORD-053174,8,1,Mechanical Keyboard 75%,peripherals,3,129.00,387.00,completed,2026-07-26T12:11:11+00:00
ORD-053175,4,6,Desk Speakers Pair,audio,3,89.00,267.00,refunded,2026-07-26T06:11:52+00:00
ORD-053176,4,2,Wireless Mouse,peripherals,4,49.50,198.00,refunded,2026-07-26T21:01:18+00:00
ORD-053177,6,4,34in Ultrawide Monitor,displays,4,579.00,2316.00,completed,2026-07-26T00:28:20+00:00
ORD-053178,10,8,Ergonomic Chair,furniture,2,612.75,1225.50,cancelled,2026-07-26T23:37:59+00:00
ORD-053179,2,5,Over-ear Headphones,audio,3,199.95,599.85,completed,2026-07-26T22:48:53+00:00
ORD-053180,5,4,34in Ultrawide Monitor,displays,1,579.00,579.00,refunded,2026-07-26T09:53:19+00:00
ORD-053181,7,3,27in 1440p Monitor,displays,4,319.99,1279.96,refunded,2026-07-26T20:56:21+00:00
ORD-053182,2,5,Over-ear Headphones,audio,2,199.95,399.90,refunded,2026-07-26T18:15:04+00:00
ORD-053183,1,9,USB-C Hub 8-in-1,accessories,1,39.99,39.99,refunded,2026-07-26T22:13:30+00:00
ORD-053184,5,9,USB-C Hub 8-in-1,accessories,2,39.99,79.98,cancelled,2026-07-26T04:49:49+00:00
ORD-053185,1,7,Standing Desk 120cm,furniture,3,449.00,1347.00,completed,2026-07-26T06:41:32+00:00
ORD-053186,1,5,Over-ear Headphones,audio,5,199.95,999.75,completed,2026-07-26T09:00:04+00:00
ORD-053187,8,8,Ergonomic Chair,furniture,4,612.75,2451.00,completed,2026-07-26T10:33:44+00:00
ORD-053188,1,1,Mechanical Keyboard 75%,peripherals,3,129.00,387.00,pending,2026-07-26T10:55:05+00:00
ORD-053189,3,10,Laptop Stand Aluminium,accessories,4,27.50,110.00,completed,2026-07-26T17:25:02+00:00
ORD-053190,2,4,34in Ultrawide Monitor,displays,1,579.00,579.00,completed,2026-07-26T13:24:49+00:00
ORD-053191,6,5,Over-ear Headphones,audio,4,199.95,799.80,completed,2026-07-26T06:53:09+00:00
ORD-053192,1,10,Laptop Stand Aluminium,accessories,1,27.50,27.50,cancelled,2026-07-26T07:28:06+00:00
ORD-053193,5,1,Mechanical Keyboard 75%,peripherals,4,129.00,516.00,refunded,2026-07-26T05:28:33+00:00
ORD-053194,3,4,34in Ultrawide Monitor,displays,4,579.00,2316.00,refunded,2026-07-26T18:49:36+00:00
ORD-053195,6,5,Over-ear Headphones,audio,4,199.95,799.80,pending,2026-07-26T02:53:09+00:00
ORD-053196,7,4,34in Ultrawide Monitor,displays,1,579.00,579.00,cancelled,2026-07-26T02:24:11+00:00
ORD-053197,1,6,Desk Speakers Pair,audio,3,89.00,267.00,cancelled,2026-07-26T05:24:00+00:00
ORD-053198,7,2,Wireless Mouse,peripherals,2,49.50,99.00,refunded,2026-07-26T05:38:09+00:00
ORD-053199,9,2,Wireless Mouse,peripherals,5,49.50,247.50,cancelled,2026-07-26T20:44:04+00:00
ORD-053200,9,1,Mechanical Keyboard 75%,peripherals,3,129.00,387.00,cancelled,2026-07-26T10:17:13+00:00
ORD-053201,10,7,Standing Desk 120cm,furniture,2,449.00,898.00,cancelled,2026-07-26T15:55:40+00:00
ORD-053202,3,2,Wireless Mouse,peripherals,1,49.50,49.50,refunded,2026-07-26T06:32:08+00:00
ORD-053203,4,9,USB-C Hub 8-in-1,accessories,4,39.99,159.96,refunded,2026-07-26T07:08:41+00:00
ORD-053204,9,6,Desk Speakers Pair,audio,5,89.00,445.00,cancelled,2026-07-26T02:51:16+00:00
ORD-053205,10,10,Laptop Stand Aluminium,accessories,2,27.50,55.00,refunded,2026-07-26T04:46:16+00:00
ORD-053206,2,5,Over-ear Headphones,audio,1,199.95,199.95,refunded,2026-07-26T00:56:11+00:00
ORD-053207,5,2,Wireless Mouse,peripherals,5,49.50,247.50,refunded,2026-07-26T05:54:19+00:00
ORD-053208,9,8,Ergonomic Chair,furniture,3,612.75,1838.25,completed,2026-07-26T11:31:15+00:00
ORD-053209,7,1,Mechanical Keyboard 75%,peripherals,1,129.00,129.00,pending,2026-07-26T13:36:08+00:00
ORD-053210,8,2,Wireless Mouse,peripherals,2,49.50,99.00,completed,2026-07-26T12:25:22+00:00
ORD-053211,8,7,Standing Desk 120cm,furniture,5,449.00,2245.00,completed,2026-07-26T10:13:13+00:00
ORD-053212,5,1,Mechanical Keyboard 75%,peripherals,4,129.00,516.00,cancelled,2026-07-26T03:15:39+00:00
ORD-053213,1,8,Ergonomic Chair,furniture,4,612.75,2451.00,completed,2026-07-26T12:46:14+00:00
ORD-053214,5,10,Laptop Stand Aluminium,accessories,2,27.50,55.00,completed,2026-07-26T00:59:01+00:00
ORD-053215,10,2,Wireless Mouse,peripherals,2,49.50,99.00,cancelled,2026-07-26T17:30:44+00:00
ORD-053216,3,6,Desk Speakers Pair,audio,2,89.00,178.00,completed,2026-07-26T04:43:27+00:00
ORD-053217,2,7,Standing Desk 120cm,furniture,4,449.00,1796.00,pending,2026-07-26T10:17:48+00:00
ORD-053218,8,9,USB-C Hub 8-in-1,accessories,4,39.99,159.96,refunded,2026-07-26T22:08:44+00:00
ORD-053219,10,1,Mechanical Keyboard 75%,peripherals,3,129.00,387.00,pending,2026-07-26T09:30:30+00:00
ORD-053220,10,5,Over-ear Headphones,audio,1,199.95,199.95,refunded,2026-07-26T09:14:52+00:00
ORD-053221,5,6,Desk Speakers Pair,audio,2,89.00,178.00,pending,2026-07-26T12:35:33+00:00
ORD-053222,1,10,Laptop Stand Aluminium,accessories,4,27.50,110.00,refunded,2026-07-26T16:29:52+00:00
ORD-053223,3,4,34in Ultrawide Monitor,displays,5,579.00,2895.00,completed,2026-07-26T12:35:04+00:00
ORD-053224,1,8,Ergonomic Chair,furniture,4,612.75,2451.00,pending,2026-07-26T18:12:16+00:00
ORD-053225,9,9,USB-C Hub 8-in-1,accessories,4,39.99,159.96,completed,2026-07-26T23:16:27+00:00
ORD-053226,9,9,USB-C Hub 8-in-1,accessories,3,39.99,119.97,refunded,2026-07-26T21:57:49+00:00
ORD-053227,3,9,USB-C Hub 8-in-1,accessories,4,39.99,159.96,pending,2026-07-26T16:56:22+00:00
ORD-053228,2,6,Desk Speakers Pair,audio,3,89.00,267.00,completed,2026-07-26T22:17:16+00:00
ORD-053229,3,6,Desk Speakers Pair,audio,3,89.00,267.00,cancelled,2026-07-26T00:06:14+00:00
ORD-053230,10,1,Mechanical Keyboard 75%,peripherals,4,129.00,516.00,completed,2026-07-26T16:36:50+00:00
ORD-053231,6,2,Wireless Mouse,peripherals,3,49.50,148.50,cancelled,2026-07-26T04:38:56+00:00
ORD-053232,3,4,34in Ultrawide Monitor,displays,3,579.00,1737.00,cancelled,2026-07-26T02:20:04+00:00
ORD-053233,3,4,34in Ultrawide Monitor,displays,1,579.00,579.00,cancelled,2026-07-26T22:02:48+00:00
ORD-053234,5,6,Desk Speakers Pair,audio,3,89.00,267.00,refunded,2026-07-26T20:39:47+00:00
ORD-053235,10,4,34in Ultrawide Monitor,displays,1,579.00,579.00,completed,2026-07-26T02:01:54+00:00
ORD-053236,6,9,USB-C Hub 8-in-1,accessories,2,39.99,79.98,completed,2026-07-26T17:24:13+00:00
ORD-053237,2,7,Standing Desk 120cm,furniture,2,449.00,898.00,pending,2026-07-26T04:25:51+00:00
ORD-053238,3,8,Ergonomic Chair,furniture,4,612.75,2451.00,refunded,2026-07-26T13:47:50+00:00
ORD-053239,10,1,Mechanical Keyboard 75%,peripherals,4,129.00,516.00,refunded,2026-07-26T04:47:37+00:00
ORD-053240,1,5,Over-ear Headphones,audio,4,199.95,799.80,pending,2026-07-26T04:34:43+00:00
ORD-053241,2,7,Standing Desk 120cm,furniture,3,449.00,1347.00,cancelled,2026-07-26T18:03:26+00:00
ORD-053242,6,6,Desk Speakers Pair,audio,2,89.00,178.00,pending,2026-07-26T22:47:00+00:00
ORD-053243,7,2,Wireless Mouse,peripherals,4,49.50,198.00,cancelled,2026-07-26T08:04:51+00:00
ORD-053244,5,5,Over-ear Headphones,audio,5,199.95,999.75,pending,2026-07-26T17:55:37+00:00
ORD-053245,1,3,27in 1440p Monitor,displays,1,319.99,319.99,pending,2026-07-26T14:16:11+00:00
ORD-053246,2,4,34in Ultrawide Monitor,displays,4,579.00,2316.00,pending,2026-07-26T10:31:59+00:00
ORD-053247,6,7,Standing Desk 120cm,furniture,4,449.00,1796.00,refunded,2026-07-26T14:50:06+00:00
ORD-053248,2,8,Ergonomic Chair,furniture,2,612.75,1225.50,cancelled,2026-07-26T09:53:02+00:00
ORD-053249,4,5,Over-ear Headphones,audio,5,199.95,999.75,pending,2026-07-26T14:04:39+00:00
ORD-053250,2,10,Laptop Stand Aluminium,accessories,3,27.50,82.50,completed,2026-07-26T22:36:17+00:00
ORD-053251,3,1,Mechanical Keyboard 75%,peripherals,5,129.00,645.00,pending,2026-07-26T18:56:15+00:00
ORD-053252,5,1,Mechanical Keyboard 75%,peripherals,5,129.00,645.00,pending,2026-07-26T22:36:23+00:00
ORD-053253,1,2,Wireless Mouse,peripherals,1,49.50,49.50,refunded,2026-07-26T13:43:26+00:00
ORD-053254,6,4,34in Ultrawide Monitor,displays,5,579.00,2895.00,pending,2026-07-26T02:02:39+00:00
ORD-053255,9,2,Wireless Mouse,peripherals,3,49.50,148.50,cancelled,2026-07-26T11:51:04+00:00
ORD-053256,1,10,Laptop Stand Aluminium,accessories,1,27.50,27.50,cancelled,2026-07-26T18:14:25+00:00
ORD-053257,10,6,Desk Speakers Pair,audio,4,89.00,356.00,refunded,2026-07-26T00:20:34+00:00
ORD-053258,6,1,Mechanical Keyboard 75%,peripherals,4,129.00,516.00,completed,2026-07-26T15:03:42+00:00
ORD-053259,4,8,Ergonomic Chair,furniture,4,612.75,2451.00,pending,2026-07-26T22:12:35+00:00
ORD-053260,5,7,Standing Desk 120cm,furniture,5,449.00,2245.00,refunded,2026-07-26T23:51:25+00:00
ORD-053261,1,4,34in Ultrawide Monitor,displays,4,579.00,2316.00,pending,2026-07-26T10:41:28+00:00
ORD-053262,8,10,Laptop Stand Aluminium,accessories,4,27.50,110.00,cancelled,2026-07-26T19:01:48+00:00
ORD-053263,4,1,Mechanical Keyboard 75%,peripherals,2,129.00,258.00,completed,2026-07-26T17:07:08+00:00
ORD-053264,5,4,34in Ultrawide Monitor,displays,5,579.00,2895.00,refunded,2026-07-26T15:22:35+00:00
ORD-053265,7,5,Over-ear Headphones,audio,4,199.95,799.80,refunded,2026-07-26T16:31:26+00:00
ORD-053266,1,1,Mechanical Keyboard 75%,peripherals,1,129.00,129.00,pending,2026-07-26T09:53:49+00:00
ORD-053267,1,1,Mechanical Keyboard 75%,peripherals,4,129.00,516.00,cancelled,2026-07-26T06:14:56+00:00
ORD-053268,2,9,USB-C Hub 8-in-1,accessories,3,39.99,119.97,refunded,2026-07-26T09:38:31+00:00
ORD-053269,9,4,34in Ultrawide Monitor,displays,3,579.00,1737.00,completed,2026-07-26T17:21:11+00:00
ORD-053270,3,8,Ergonomic Chair,furniture,3,612.75,1838.25,completed,2026-07-26T06:35:12+00:00
ORD-053271,9,8,Ergonomic Chair,furniture,5,612.75,3063.75,cancelled,2026-07-26T18:03:30+00:00
ORD-053272,5,9,USB-C Hub 8-in-1,accessories,3,39.99,119.97,pending,2026-07-26T06:50:26+00:00
ORD-053273,3,5,Over-ear Headphones,audio,3,199.95,599.85,cancelled,2026-07-26T22:41:40+00:00
ORD-053274,5,9,USB-C Hub 8-in-1,accessories,2,39.99,79.98,refunded,2026-07-26T18:51:56+00:00
ORD-053275,5,6,Desk Speakers Pair,audio,2,89.00,178.00,pending,2026-07-26T23:45:38+00:00
ORD-053276,9,4,34in Ultrawide Monitor,displays,1,579.00,579.00,refunded,2026-07-26T07:27:34+00:00
ORD-053277,8,8,Ergonomic Chair,furniture,5,612.75,3063.75,completed,2026-07-26T08:53:53+00:00
ORD-053278,6,10,Laptop Stand Aluminium,accessories,1,27.50,27.50,pending,2026-07-26T15:20:09+00:00
ORD-053279,5,2,Wireless Mouse,peripherals,3,49.50,148.50,cancelled,2026-07-26T18:26:29+00:00
ORD-053280,6,6,Desk Speakers Pair,audio,5,89.00,445.00,refunded,2026-07-26T23:10:23+00:00
ORD-053281,6,7,Standing Desk 120cm,furniture,4,449.00,1796.00,cancelled,2026-07-26T15:29:43+00:00
ORD-053282,3,9,USB-C Hub 8-in-1,accessories,3,39.99,119.97,refunded,2026-07-26T20:56:32+00:00
ORD-053283,1,7,Standing Desk 120cm,furniture,3,449.00,1347.00,completed,2026-07-26T00:23:43+00:00
ORD-053284,5,10,Laptop Stand Aluminium,accessories,1,27.50,27.50,refunded,2026-07-26T06:22:57+00:00
ORD-053285,4,5,Over-ear Headphones,audio,3,199.95,599.85,completed,2026-07-26T22:13:00+00:00
ORD-053286,4,10,Laptop Stand Aluminium,accessories,5,27.50,137.50,pending,2026-07-26T17:50:46+00:00
ORD-053287,5,3,27in 1440p Monitor,displays,3,319.99,959.97,refunded,2026-07-26T20:27:13+00:00
ORD-053288,10,1,Mechanical Keyboard 75%,peripherals,4,129.00,516.00,pending,2026-07-26T06:41:15+00:00
ORD-053289,3,9,USB-C Hub 8-in-1,accessories,2,39.99,79.98,pending,2026-07-26T01:46:32+00:00
ORD-053290,3,6,Desk Speakers Pair,audio,3,89.00,267.00,cancelled,2026-07-26T19:51:56+00:00
ORD-053291,1,5,Over-ear Headphones,audio,3,199.95,599.85,cancelled,2026-07-26T21:40:09+00:00
ORD-053292,2,7,Standing Desk 120cm,furniture,5,449.00,2245.00,pending,2026-07-26T23:26:38+00:00
ORD-053293,6,1,Mechanical Keyboard 75%,peripherals,1,129.00,129.00,pending,2026-07-26T12:31:45+00:00
ORD-053294,10,9,USB-C Hub 8-in-1,accessories,2,39.99,79.98,refunded,2026-07-26T02:07:31+00:00
ORD-053295,1,7,Standing Desk 120cm,furniture,2,449.00,898.00,completed,2026-07-26T02:06:08+00:00
ORD-053296,10,7,Standing Desk 120cm,furniture,2,449.00,898.00,completed,2026-07-26T06:32:58+00:00
ORD-053297,7,2,Wireless Mouse,peripherals,1,49.50,49.50,completed,2026-07-26T03:14:18+00:00
ORD-053298,9,9,USB-C Hub 8-in-1,accessories,2,39.99,79.98,unknown_status,2026-07-26T14:23:31+00:00
ORD-053299,8,1,Mechanical Keyboard 75%,peripherals,1,129.00,129.00,completed,2026-07-26T11:31:31+00:00
ORD-053300,3,9,USB-C Hub 8-in-1,accessories,4,39.99,159.96,completed,2026-07-26T01:56:27+00:00
ORD-053301,1,7,Standing Desk 120cm,furniture,5,449.00,2245.00,refunded,2026-07-26T15:26:08+00:00
ORD-053302,3,9,USB-C Hub 8-in-1,accessories,1,39.99,39.99,refunded,2026-07-26T21:21:24+00:00
ORD-053303,4,7,Standing Desk 120cm,furniture,1,449.00,449.00,refunded,2026-07-26T18:26:24+00:00
ORD-053304,7,9,USB-C Hub 8-in-1,accessories,2,39.99,79.98,pending,2026-07-26T20:46:57+00:00
ORD-053305,7,1,Mechanical Keyboard 75%,peripherals,2,129.00,258.00,cancelled,2026-07-26T02:10:57+00:00
ORD-053306,3,1,Mechanical Keyboard 75%,peripherals,5,129.00,645.00,refunded,2026-07-26T09:21:22+00:00
ORD-053307,7,4,34in Ultrawide Monitor,displays,2,579.00,1158.00,completed,2026-07-26T23:47:39+00:00
ORD-053308,2,8,Ergonomic Chair,furniture,1,612.75,612.75,refunded,2026-07-26T14:56:55+00:00
ORD-053309,10,1,Mechanical Keyboard 75%,peripherals,1,129.00,129.00,completed,2026-07-26T00:36:24+00:00
ORD-053310,8,10,Laptop Stand Aluminium,accessories,2,27.50,55.00,cancelled,2026-07-26T08:52:53+00:00
ORD-053311,10,1,Mechanical Keyboard 75%,peripherals,4,129.00,516.00,pending,2026-07-26T17:33:17+00:00
ORD-053312,8,6,Desk Speakers Pair,audio,2,89.00,178.00,completed,2026-07-26T05:53:47+00:00
ORD-053313,6,3,27in 1440p Monitor,displays,2,319.99,639.98,pending,2026-07-26T23:17:58+00:00
ORD-053314,5,3,27in 1440p Monitor,displays,4,319.99,1279.96,pending,2026-07-26T06:07:20+00:00
ORD-053315,2,4,34in Ultrawide Monitor,displays,2,579.00,1158.00,cancelled,2026-07-26T21:00:30+00:00
ORD-053316,8,6,Desk Speakers Pair,audio,2,89.00,178.00,pending,2026-07-26T07:44:22+00:00
ORD-053317,8,2,Wireless Mouse,peripherals,2,49.50,99.00,cancelled,2026-07-26T02:09:00+00:00
ORD-053318,3,4,34in Ultrawide Monitor,displays,3,579.00,1737.00,cancelled,2026-07-26T14:38:37+00:00
ORD-053319,6,5,Over-ear Headphones,audio,4,199.95,799.80,completed,2026-07-26T17:52:47+00:00
ORD-053320,5,5,Over-ear Headphones,audio,3,199.95,599.85,refunded,2026-07-26T15:38:16+00:00
ORD-053321,4,7,Standing Desk 120cm,furniture,2,449.00,898.00,cancelled,2026-07-26T05:12:07+00:00
ORD-053322,2,6,Desk Speakers Pair,audio,1,89.00,89.00,refunded,2026-07-26T15:26:10+00:00
ORD-053323,2,7,Standing Desk 120cm,furniture,3,449.00,1347.00,pending,2026-07-26T15:43:35+00:00
ORD-053324,1,1,Mechanical Keyboard 75%,peripherals,1,129.00,129.00,refunded,2026-07-26T05:41:07+00:00
ORD-053325,7,7,Standing Desk 120cm,furniture,3,449.00,1347.00,pending,2026-07-26T09:39:32+00:00
ORD-053326,1,8,Ergonomic Chair,furniture,1,612.75,612.75,pending,2026-07-26T08:17:30+00:00
ORD-053327,8,5,Over-ear Headphones,audio,5,199.95,999.75,cancelled,2026-07-26T06:50:50+00:00
ORD-053328,4,3,27in 1440p Monitor,displays,5,319.99,1599.95,completed,2026-07-26T04:05:54+00:00
ORD-053329,10,1,Mechanical Keyboard 75%,peripherals,4,129.00,516.00,pending,2026-07-26T14:33:28+00:00
ORD-053330,6,10,Laptop Stand Aluminium,accessories,5,27.50,137.50,cancelled,2026-07-26T22:21:39+00:00
ORD-053331,1,6,Desk Speakers Pair,audio,4,89.00,356.00,pending,2026-07-26T16:33:45+00:00
ORD-053332,8,10,Laptop Stand Aluminium,accessories,1,27.50,27.50,cancelled,2026-07-26T12:13:04+00:00
ORD-053333,7,10,Laptop Stand Aluminium,accessories,3,27.50,82.50,refunded,2026-07-26T02:21:17+00:00
ORD-053334,5,1,Mechanical Keyboard 75%,peripherals,2,129.00,258.00,completed,2026-07-26T03:35:05+00:00
ORD-053335,8,4,34in Ultrawide Monitor,displays,1,579.00,579.00,refunded,2026-07-26T07:10:43+00:00
ORD-053336,7,1,Mechanical Keyboard 75%,peripherals,4,129.00,516.00,completed,2026-07-26T00:58:10+00:00
ORD-053337,7,4,34in Ultrawide Monitor,displays,3,579.00,1737.00,completed,2026-07-26T15:02:44+00:00
ORD-053338,5,5,Over-ear Headphones,audio,3,199.95,599.85,refunded,2026-07-26T21:44:30+00:00
ORD-053339,4,6,Desk Speakers Pair,audio,4,89.00,356.00,pending,2026-07-26T05:24:00+00:00
ORD-053340,5,4,34in Ultrawide Monitor,displays,4,579.00,2316.00,completed,2026-07-26T13:25:35+00:00
ORD-053341,2,6,Desk Speakers Pair,audio,5,89.00,445.00,cancelled,2026-07-26T01:29:29+00:00
ORD-053342,4,3,27in 1440p Monitor,displays,2,319.99,639.98,cancelled,2026-07-26T05:26:56+00:00
ORD-053343,8,6,Desk Speakers Pair,audio,1,89.00,89.00,cancelled,2026-07-26T16:40:46+00:00
ORD-053344,9,9,USB-C Hub 8-in-1,accessories,5,39.99,199.95,pending,2026-07-26T08:00:14+00:00
ORD-053345,8,5,Over-ear Headphones,audio,2,199.95,399.90,completed,2026-07-26T16:09:03+00:00
ORD-053346,3,2,Wireless Mouse,peripherals,1,49.50,49.50,completed,2026-07-26T15:29:32+00:00
ORD-053347,5,9,USB-C Hub 8-in-1,accessories,3,39.99,119.97,refunded,2026-07-26T21:58:00+00:00
ORD-053348,5,7,Standing Desk 120cm,furniture,2,449.00,898.00,pending,2026-07-26T16:48:07+00:00
ORD-053349,4,7,Standing Desk 120cm,furniture,3,449.00,1347.00,completed,2026-07-26T23:39:10+00:00
ORD-053350,6,3,27in 1440p Monitor,displays,2,319.99,639.98,pending,2026-07-26T20:52:00+00:00
ORD-053351,9,10,Laptop Stand Aluminium,accessories,4,27.50,110.00,pending,2026-07-26T19:46:00+00:00
ORD-053352,3,3,27in 1440p Monitor,displays,1,319.99,319.99,cancelled,2026-07-26T01:44:46+00:00
ORD-053353,2,5,Over-ear Headphones,audio,1,199.95,199.95,cancelled,2026-07-26T02:09:03+00:00
ORD-053354,2,6,Desk Speakers Pair,audio,5,89.00,445.00,refunded,2026-07-26T03:02:51+00:00
ORD-053355,5,7,Standing Desk 120cm,furniture,4,449.00,1796.00,refunded,2026-07-26T22:40:25+00:00
ORD-053356,8,2,Wireless Mouse,peripherals,1,49.50,49.50,completed,2026-07-26T16:36:21+00:00
ORD-053357,3,8,Ergonomic Chair,furniture,1,612.75,612.75,completed,2026-07-26T01:19:47+00:00
ORD-053358,9,2,Wireless Mouse,peripherals,2,49.50,99.00,completed,2026-07-26T06:31:11+00:00
ORD-053359,4,2,Wireless Mouse,peripherals,2,49.50,99.00,cancelled,2026-07-26T19:30:35+00:00
ORD-053360,6,6,Desk Speakers Pair,audio,1,89.00,89.00,pending,2026-07-26T21:09:10+00:00
ORD-053361,3,1,Mechanical Keyboard 75%,peripherals,4,129.00,516.00,completed,2026-07-26T07:35:37+00:00
ORD-053362,5,9,USB-C Hub 8-in-1,accessories,1,39.99,39.99,refunded,2026-07-26T06:02:08+00:00
ORD-053363,9,6,Desk Speakers Pair,audio,2,89.00,178.00,refunded,2026-07-26T15:05:29+00:00
ORD-053364,5,6,Desk Speakers Pair,audio,2,89.00,178.00,cancelled,2026-07-26T11:09:37+00:00
ORD-053365,3,10,Laptop Stand Aluminium,accessories,5,27.50,137.50,cancelled,2026-07-26T22:57:40+00:00
ORD-053366,9,3,27in 1440p Monitor,displays,4,319.99,1279.96,completed,2026-07-26T06:46:26+00:00
ORD-053367,5,3,27in 1440p Monitor,displays,2,319.99,639.98,refunded,2026-07-26T03:59:31+00:00
ORD-053368,8,7,Standing Desk 120cm,furniture,4,449.00,1796.00,completed,2026-07-26T14:37:22+00:00
ORD-053369,7,3,27in 1440p Monitor,displays,5,319.99,1599.95,refunded,2026-07-26T21:55:51+00:00
ORD-053370,3,10,Laptop Stand Aluminium,accessories,2,27.50,55.00,refunded,2026-07-26T03:34:55+00:00
ORD-053371,8,10,Laptop Stand Aluminium,accessories,2,27.50,55.00,cancelled,2026-07-26T13:38:38+00:00
ORD-053372,6,7,Standing Desk 120cm,furniture,3,449.00,1347.00,pending,2026-07-26T07:11:31+00:00
ORD-053373,10,6,Desk Speakers Pair,audio,3,89.00,267.00,refunded,2026-07-26T11:52:02+00:00
ORD-053374,9,3,27in 1440p Monitor,displays,5,319.99,1599.95,pending,2026-07-26T22:07:13+00:00
ORD-053375,10,3,27in 1440p Monitor,displays,3,319.99,959.97,completed,2026-07-26T00:30:57+00:00
ORD-053376,1,6,Desk Speakers Pair,audio,5,89.00,445.00,completed,2026-07-26T22:33:51+00:00
ORD-053377,4,8,Ergonomic Chair,furniture,1,612.75,612.75,completed,2026-07-26T15:31:22+00:00
ORD-053378,4,7,Standing Desk 120cm,furniture,4,449.00,1796.00,unknown_status,2026-07-26T02:59:45+00:00
ORD-053379,10,1,Mechanical Keyboard 75%,peripherals,3,129.00,387.00,pending,2026-07-26T22:35:38+00:00
ORD-053380,7,2,Wireless Mouse,peripherals,3,49.50,148.50,pending,2026-07-26T03:43:13+00:00
ORD-053381,4,6,Desk Speakers Pair,audio,2,89.00,178.00,completed,2026-07-26T07:33:10+00:00
ORD-053382,5,5,Over-ear Headphones,audio,3,199.95,599.85,pending,2026-07-26T10:27:24+00:00
ORD-053383,7,5,Over-ear Headphones,audio,5,199.95,999.75,pending,2026-07-26T06:22:58+00:00
ORD-053384,6,9,USB-C Hub 8-in-1,accessories,1,39.99,39.99,cancelled,2026-07-26T02:51:13+00:00
ORD-053385,3,4,34in Ultrawide Monitor,displays,2,579.00,1158.00,completed,2026-07-26T09:22:01+00:00
ORD-053386,3,3,27in 1440p Monitor,displays,5,319.99,1599.95,refunded,2026-07-26T10:45:18+00:00
ORD-053387,7,9,USB-C Hub 8-in-1,accessories,3,39.99,119.97,completed,2026-07-26T02:35:20+00:00
ORD-053388,2,2,Wireless Mouse,peripherals,1,49.50,49.50,pending,2026-07-26T08:45:23+00:00
ORD-053389,3,9,USB-C Hub 8-in-1,accessories,5,39.99,199.95,cancelled,2026-07-26T20:23:59+00:00
ORD-053390,4,10,Laptop Stand Aluminium,accessories,4,27.50,110.00,cancelled,2026-07-26T19:49:18+00:00
ORD-053391,9,7,Standing Desk 120cm,furniture,5,449.00,2245.00,refunded,2026-07-26T02:05:17+00:00
ORD-053392,1,2,Wireless Mouse,peripherals,1,49.50,49.50,completed,2026-07-26T19:03:40+00:00
ORD-053393,5,9,USB-C Hub 8-in-1,accessories,2,39.99,79.98,cancelled,2026-07-26T18:02:51+00:00
ORD-053394,9,4,34in Ultrawide Monitor,displays,5,579.00,2895.00,refunded,2026-07-26T20:18:14+00:00
ORD-053395,6,1,Mechanical Keyboard 75%,peripherals,1,129.00,129.00,cancelled,2026-07-26T07:02:45+00:00
ORD-053396,2,7,Standing Desk 120cm,furniture,1,449.00,449.00,refunded,2026-07-26T12:07:05+00:00
ORD-053397,9,7,Standing Desk 120cm,furniture,4,449.00,1796.00,cancelled,2026-07-26T04:08:43+00:00
ORD-053398,2,8,Ergonomic Chair,furniture,4,612.75,2451.00,completed,2026-07-26T05:21:46+00:00
ORD-053399,4,2,Wireless Mouse,peripherals,1,49.50,49.50,completed,2026-07-26T00:19:55+00:00
ORD-053400,3,6,Desk Speakers Pair,audio,4,89.00,356.00,cancelled,2026-07-26T15:24:26+00:00
ORD-053401,3,6,Desk Speakers Pair,audio,3,89.00,267.00,completed,2026-07-26T01:57:41+00:00
ORD-053402,3,8,Ergonomic Chair,furniture,5,612.75,3063.75,pending,2026-07-26T14:16:55+00:00
ORD-053403,2,9,USB-C Hub 8-in-1,accessories,4,39.99,159.96,cancelled,2026-07-26T00:02:08+00:00
ORD-053404,4,9,USB-C Hub 8-in-1,accessories,1,39.99,39.99,cancelled,2026-07-26T11:51:03+00:00
ORD-053405,6,7,Standing Desk 120cm,furniture,3,449.00,1347.00,completed,2026-07-26T10:56:45+00:00
ORD-053406,2,5,Over-ear Headphones,audio,3,199.95,599.85,cancelled,2026-07-26T20:02:07+00:00
ORD-053407,1,10,Laptop Stand Aluminium,accessories,1,27.50,27.50,refunded,2026-07-26T12:30:22+00:00
ORD-053408,8,8,Ergonomic Chair,furniture,3,612.75,1838.25,refunded,2026-07-26T21:48:28+00:00
ORD-053409,9,5,Over-ear Headphones,audio,2,199.95,399.90,refunded,2026-07-26T00:07:51+00:00
ORD-053410,10,8,Ergonomic Chair,furniture,4,612.75,2451.00,refunded,2026-07-26T08:43:53+00:00
ORD-053411,9,5,Over-ear Headphones,audio,2,199.95,399.90,cancelled,2026-07-26T15:43:14+00:00
ORD-053412,9,1,Mechanical Keyboard 75%,peripherals,5,129.00,645.00,cancelled,2026-07-26T11:41:33+00:00
ORD-053413,2,10,Laptop Stand Aluminium,accessories,3,27.50,82.50,completed,2026-07-26T13:53:54+00:00
ORD-053414,2,9,USB-C Hub 8-in-1,accessories,3,39.99,119.97,completed,2026-07-26T20:12:38+00:00
ORD-053415,6,3,27in 1440p Monitor,displays,3,319.99,959.97,cancelled,2026-07-26T22:04:07+00:00
ORD-053416,3,5,Over-ear Headphones,audio,3,199.95,599.85,completed,2026-07-26T00:32:19+00:00
ORD-053417,4,9,USB-C Hub 8-in-1,accessories,3,39.99,119.97,refunded,2026-07-26T16:45:50+00:00
ORD-053418,9,2,Wireless Mouse,peripherals,4,49.50,198.00,completed,2026-07-26T04:21:35+00:00
ORD-053419,1,5,Over-ear Headphones,audio,4,199.95,799.80,refunded,2026-07-26T09:25:49+00:00
ORD-053420,8,6,Desk Speakers Pair,audio,4,89.00,356.00,completed,2026-07-26T19:47:43+00:00
ORD-053421,6,3,27in 1440p Monitor,displays,2,319.99,639.98,pending,2026-07-26T18:05:55+00:00
ORD-053422,6,1,Mechanical Keyboard 75%,peripherals,1,129.00,129.00,completed,2026-07-26T21:56:44+00:00
ORD-053423,3,10,Laptop Stand Aluminium,accessories,3,27.50,82.50,cancelled,2026-07-26T04:41:02+00:00
ORD-053424,4,3,27in 1440p Monitor,displays,4,319.99,1279.96,pending,2026-07-26T14:08:33+00:00
ORD-053425,6,9,USB-C Hub 8-in-1,accessories,4,39.99,159.96,cancelled,2026-07-26T08:43:48+00:00
ORD-053426,3,5,Over-ear Headphones,audio,4,199.95,799.80,refunded,2026-07-26T06:30:06+00:00
ORD-053427,10,2,Wireless Mouse,peripherals,2,49.50,99.00,refunded,2026-07-26T11:57:56+00:00
ORD-053428,9,1,Mechanical Keyboard 75%,peripherals,3,129.00,387.00,pending,2026-07-26T20:50:28+00:00
ORD-053429,5,2,Wireless Mouse,peripherals,4,49.50,198.00,completed,2026-07-26T12:17:59+00:00
ORD-053430,5,3,27in 1440p Monitor,displays,5,319.99,1599.95,pending,2026-07-26T11:14:51+00:00
ORD-053431,6,7,Standing Desk 120cm,furniture,5,449.00,2245.00,refunded,2026-07-26T20:10:04+00:00
ORD-053432,7,10,Laptop Stand Aluminium,accessories,1,27.50,27.50,refunded,2026-07-26T10:09:40+00:00
ORD-053433,2,5,Over-ear Headphones,audio,1,199.95,199.95,cancelled,2026-07-26T17:15:16+00:00
ORD-053434,7,2,Wireless Mouse,peripherals,5,49.50,247.50,completed,2026-07-26T00:52:23+00:00
ORD-053435,3,6,Desk Speakers Pair,audio,2,89.00,178.00,refunded,2026-07-26T13:07:15+00:00
ORD-053436,7,6,Desk Speakers Pair,audio,5,89.00,445.00,refunded,2026-07-26T08:38:52+00:00
ORD-053437,2,3,27in 1440p Monitor,displays,3,319.99,959.97,completed,2026-07-26T00:56:43+00:00
ORD-053438,4,4,34in Ultrawide Monitor,displays,3,579.00,1737.00,pending,2026-07-26T14:48:32+00:00
ORD-053439,7,8,Ergonomic Chair,furniture,4,612.75,2451.00,cancelled,2026-07-26T14:36:16+00:00
ORD-053440,6,8,Ergonomic Chair,furniture,3,612.75,1838.25,completed,2026-07-26T02:34:22+00:00
ORD-053441,5,9,USB-C Hub 8-in-1,accessories,5,39.99,199.95,pending,2026-07-26T10:47:13+00:00
ORD-053442,4,3,27in 1440p Monitor,displays,5,319.99,1599.95,completed,2026-07-26T15:36:30+00:00
ORD-053443,2,1,Mechanical Keyboard 75%,peripherals,1,129.00,129.00,refunded,2026-07-26T04:25:45+00:00
ORD-053444,3,5,Over-ear Headphones,audio,1,199.95,199.95,pending,2026-07-26T14:28:00+00:00
ORD-053445,3,6,Desk Speakers Pair,audio,4,89.00,356.00,cancelled,2026-07-26T11:17:55+00:00
ORD-053446,2,3,27in 1440p Monitor,displays,2,319.99,639.98,refunded,2026-07-26T16:18:18+00:00
ORD-053447,4,3,27in 1440p Monitor,displays,4,319.99,1279.96,completed,2026-07-26T10:07:21+00:00
ORD-053448,7,3,27in 1440p Monitor,displays,2,319.99,639.98,cancelled,2026-07-26T15:32:01+00:00
ORD-053449,4,8,Ergonomic Chair,furniture,4,612.75,2451.00,cancelled,2026-07-26T10:11:16+00:00
ORD-053450,9,6,Desk Speakers Pair,audio,3,89.00,267.00,completed,2026-07-26T00:03:59+00:00
ORD-053451,1,1,Mechanical Keyboard 75%,peripherals,5,129.00,645.00,completed,2026-07-26T04:45:46+00:00
ORD-053452,9,5,Over-ear Headphones,audio,5,199.95,999.75,completed,2026-07-26T22:51:16+00:00
ORD-053453,4,10,Laptop Stand Aluminium,accessories,5,27.50,137.50,refunded,2026-07-26T18:28:20+00:00
ORD-053454,9,1,Mechanical Keyboard 75%,peripherals,2,129.00,258.00,refunded,2026-07-26T15:43:01+00:00
ORD-053455,6,4,34in Ultrawide Monitor,displays,2,579.00,1158.00,refunded,2026-07-26T10:10:56+00:00
ORD-053456,9,6,Desk Speakers Pair,audio,3,89.00,267.00,completed,2026-07-26T00:27:42+00:00
ORD-053457,8,2,Wireless Mouse,peripherals,1,49.50,49.50,refunded,2026-07-26T13:44:29+00:00
ORD-053458,4,9,USB-C Hub 8-in-1,accessories,5,39.99,199.95,completed,2026-07-26T16:03:27+00:00
ORD-053459,4,6,Desk Speakers Pair,audio,5,89.00,445.00,completed,2026-07-26T00:08:16+00:00
ORD-053460,10,4,34in Ultrawide Monitor,displays,4,579.00,2316.00,refunded,2026-07-26T05:58:08+00:00
ORD-053461,9,8,Ergonomic Chair,furniture,5,612.75,3063.75,refunded,2026-07-26T18:22:38+00:00
ORD-053462,6,4,34in Ultrawide Monitor,displays,5,579.00,2895.00,refunded,2026-07-26T06:44:53+00:00
ORD-053463,9,9,USB-C Hub 8-in-1,accessories,2,39.99,79.98,refunded,2026-07-26T00:12:25+00:00
ORD-053464,4,8,Ergonomic Chair,furniture,4,612.75,2451.00,pending,2026-07-26T14:01:58+00:00
ORD-053465,1,3,27in 1440p Monitor,displays,5,319.99,1599.95,cancelled,2026-07-26T10:25:43+00:00
ORD-053466,10,1,Mechanical Keyboard 75%,peripherals,4,129.00,516.00,refunded,2026-07-26T23:09:53+00:00
ORD-053467,6,9,USB-C Hub 8-in-1,accessories,2,39.99,79.98,refunded,2026-07-26T05:13:09+00:00
ORD-053468,7,8,Ergonomic Chair,furniture,5,612.75,3063.75,completed,2026-07-26T05:37:01+00:00
ORD-053469,1,3,27in 1440p Monitor,displays,2,319.99,639.98,completed,2026-07-26T20:19:18+00:00
ORD-053470,7,4,34in Ultrawide Monitor,displays,3,579.00,1737.00,completed,2026-07-26T22:06:38+00:00
ORD-053471,8,2,Wireless Mouse,peripherals,3,49.50,148.50,cancelled,2026-07-26T21:14:40+00:00
ORD-053472,6,5,Over-ear Headphones,audio,4,199.95,799.80,refunded,2026-07-26T10:50:11+00:00
ORD-053473,8,6,Desk Speakers Pair,audio,2,89.00,178.00,refunded,2026-07-26T08:43:01+00:00
ORD-053474,4,5,Over-ear Headphones,audio,2,199.95,399.90,cancelled,2026-07-26T16:37:20+00:00
ORD-053475,6,4,34in Ultrawide Monitor,displays,2,579.00,1158.00,refunded,2026-07-26T10:43:55+00:00
ORD-053476,5,2,Wireless Mouse,peripherals,3,49.50,148.50,refunded,2026-07-26T23:50:49+00:00
ORD-053477,7,4,34in Ultrawide Monitor,displays,2,579.00,1158.00,cancelled,2026-07-26T13:50:37+00:00
ORD-053478,2,9,USB-C Hub 8-in-1,accessories,1,39.99,39.99,pending,2026-07-26T14:42:36+00:00
ORD-053479,9,4,34in Ultrawide Monitor,displays,5,579.00,2895.00,refunded,2026-07-26T06:42:07+00:00
ORD-053480,2,7,Standing Desk 120cm,furniture,2,449.00,898.00,completed,2026-07-26T04:37:55+00:00
ORD-053481,4,5,Over-ear Headphones,audio,4,199.95,799.80,completed,2026-07-26T17:44:56+00:00
ORD-053482,2,5,Over-ear Headphones,audio,5,199.95,999.75,pending,2026-07-26T02:30:19+00:00
ORD-053483,5,10,Laptop Stand Aluminium,accessories,2,27.50,55.00,completed,2026-07-26T12:30:43+00:00
ORD-053484,4,6,Desk Speakers Pair,audio,4,89.00,356.00,completed,2026-07-26T06:24:11+00:00
ORD-053485,9,2,Wireless Mouse,peripherals,2,49.50,99.00,completed,2026-07-26T16:29:40+00:00
ORD-053486,6,8,Ergonomic Chair,furniture,4,612.75,2451.00,cancelled,2026-07-26T19:20:47+00:00
ORD-053487,2,9,USB-C Hub 8-in-1,accessories,5,39.99,199.95,pending,2026-07-26T17:49:09+00:00
ORD-053488,9,8,Ergonomic Chair,furniture,1,612.75,612.75,pending,2026-07-26T20:55:42+00:00
ORD-053489,1,2,Wireless Mouse,peripherals,2,49.50,99.00,refunded,2026-07-26T23:10:09+00:00
ORD-053490,8,8,Ergonomic Chair,furniture,5,612.75,3063.75,completed,2026-07-26T10:19:43+00:00
ORD-053491,10,7,Standing Desk 120cm,furniture,4,449.00,1796.00,pending,2026-07-26T11:58:05+00:00
ORD-053492,7,2,Wireless Mouse,peripherals,3,49.50,148.50,cancelled,2026-07-26T11:02:24+00:00
ORD-053493,1,5,Over-ear Headphones,audio,3,199.95,599.85,pending,2026-07-26T19:42:35+00:00
ORD-053494,9,5,Over-ear Headphones,audio,3,199.95,599.85,completed,2026-07-26T09:03:27+00:00
ORD-053495,7,6,Desk Speakers Pair,audio,2,89.00,178.00,completed,2026-07-26T06:18:30+00:00
ORD-053496,7,1,Mechanical Keyboard 75%,peripherals,1,129.00,129.00,cancelled,2026-07-26T19:56:12+00:00
ORD-053497,9,7,Standing Desk 120cm,furniture,1,449.00,449.00,refunded,2026-07-26T07:40:47+00:00
ORD-053498,5,4,34in Ultrawide Monitor,displays,4,579.00,2316.00,completed,2026-07-26T14:00:16+00:00
ORD-053499,6,7,Standing Desk 120cm,furniture,5,449.00,2245.00,cancelled,2026-07-26T21:19:37+00:00
ORD-053500,9,2,Wireless Mouse,peripherals,4,49.50,198.00,cancelled,2026-07-26T19:42:25+00:00
ORD-053501,1,4,34in Ultrawide Monitor,displays,5,579.00,2895.00,cancelled,2026-07-26T14:22:41+00:00
ORD-053502,2,10,Laptop Stand Aluminium,accessories,2,27.50,55.00,completed,2026-07-26T20:35:40+00:00
ORD-053503,7,1,Mechanical Keyboard 75%,peripherals,4,129.00,516.00,pending,2026-07-26T21:22:03+00:00
ORD-053504,2,7,Standing Desk 120cm,furniture,1,449.00,449.00,cancelled,2026-07-26T06:26:35+00:00
ORD-053505,3,4,34in Ultrawide Monitor,displays,2,579.00,1158.00,completed,2026-07-26T21:22:34+00:00
ORD-053506,1,7,Standing Desk 120cm,furniture,1,449.00,449.00,refunded,2026-07-26T12:16:04+00:00
ORD-053507,7,5,Over-ear Headphones,audio,2,199.95,399.90,cancelled,2026-07-26T01:14:39+00:00
ORD-053508,2,6,Desk Speakers Pair,audio,3,89.00,267.00,refunded,2026-07-26T04:13:56+00:00
ORD-053509,1,3,27in 1440p Monitor,displays,1,319.99,319.99,refunded,2026-07-26T20:13:09+00:00
ORD-053510,10,9,USB-C Hub 8-in-1,accessories,1,39.99,39.99,refunded,2026-07-26T14:58:07+00:00
ORD-053511,4,1,Mechanical Keyboard 75%,peripherals,2,129.00,258.00,refunded,2026-07-26T09:16:19+00:00
ORD-053512,8,3,27in 1440p Monitor,displays,1,319.99,319.99,refunded,2026-07-26T18:17:50+00:00
ORD-053513,6,7,Standing Desk 120cm,furniture,2,449.00,898.00,refunded,2026-07-26T02:29:39+00:00
ORD-053514,7,8,Ergonomic Chair,furniture,1,612.75,612.75,completed,2026-07-26T06:10:58+00:00
ORD-053515,10,3,27in 1440p Monitor,displays,4,319.99,1279.96,completed,2026-07-26T22:35:38+00:00
ORD-053516,1,6,Desk Speakers Pair,audio,5,89.00,445.00,refunded,2026-07-26T10:25:02+00:00
ORD-053517,8,7,Standing Desk 120cm,furniture,4,449.00,1796.00,refunded,2026-07-26T21:38:19+00:00
ORD-053518,10,3,27in 1440p Monitor,displays,2,319.99,639.98,refunded,2026-07-26T01:19:53+00:00
ORD-053519,2,4,34in Ultrawide Monitor,displays,2,579.00,1158.00,pending,2026-07-26T01:15:37+00:00
ORD-053520,4,5,Over-ear Headphones,audio,2,199.95,399.90,pending,2026-07-26T09:32:32+00:00
ORD-053521,6,5,Over-ear Headphones,audio,2,199.95,399.90,pending,2026-07-26T16:02:51+00:00
ORD-053522,7,5,Over-ear Headphones,audio,3,199.95,599.85,cancelled,2026-07-26T18:24:49+00:00
ORD-053523,6,9,USB-C Hub 8-in-1,accessories,1,39.99,39.99,refunded,2026-07-26T04:51:33+00:00
ORD-053524,4,4,34in Ultrawide Monitor,displays,5,579.00,2895.00,refunded,2026-07-26T19:37:33+00:00
ORD-053525,3,9,USB-C Hub 8-in-1,accessories,3,39.99,119.97,refunded,2026-07-26T21:12:00+00:00
ORD-053526,6,2,Wireless Mouse,peripherals,5,49.50,247.50,completed,2026-07-26T16:42:50+00:00
ORD-053527,3,4,34in Ultrawide Monitor,displays,4,579.00,2316.00,pending,2026-07-26T03:13:56+00:00
ORD-053528,3,7,Standing Desk 120cm,furniture,2,449.00,898.00,completed,2026-07-26T18:42:32+00:00
ORD-053529,9,2,Wireless Mouse,peripherals,5,49.50,247.50,cancelled,2026-07-26T16:51:50+00:00
ORD-053530,6,7,Standing Desk 120cm,furniture,3,449.00,1347.00,completed,2026-07-26T12:19:06+00:00
ORD-053531,3,3,27in 1440p Monitor,displays,5,319.99,1599.95,completed,2026-07-26T03:10:23+00:00
ORD-053532,9,5,Over-ear Headphones,audio,3,199.95,599.85,refunded,2026-07-26T07:33:48+00:00
ORD-053533,1,8,Ergonomic Chair,furniture,4,612.75,2451.00,cancelled,2026-07-26T21:44:50+00:00
ORD-053534,6,7,Standing Desk 120cm,furniture,5,449.00,2245.00,cancelled,2026-07-26T22:35:54+00:00
ORD-053535,4,7,Standing Desk 120cm,furniture,1,449.00,449.00,refunded,2026-07-26T05:30:36+00:00
ORD-053536,3,1,Mechanical Keyboard 75%,peripherals,3,129.00,387.00,cancelled,2026-07-26T09:08:03+00:00
ORD-053537,1,8,Ergonomic Chair,furniture,3,612.75,1838.25,pending,2026-07-26T22:44:16+00:00
ORD-053538,10,8,Ergonomic Chair,furniture,3,612.75,1838.25,cancelled,2026-07-26T09:26:55+00:00
ORD-053539,5,9,USB-C Hub 8-in-1,accessories,1,39.99,39.99,pending,2026-07-26T08:42:38+00:00
ORD-053540,5,10,Laptop Stand Aluminium,accessories,2,27.50,55.00,cancelled,2026-07-26T07:28:42+00:00
ORD-053541,3,5,Over-ear Headphones,audio,4,199.95,799.80,completed,2026-07-26T10:05:40+00:00
ORD-053542,10,2,Wireless Mouse,peripherals,2,49.50,99.00,completed,2026-07-26T01:16:33+00:00
ORD-053543,5,1,Mechanical Keyboard 75%,peripherals,3,129.00,387.00,completed,2026-07-26T21:31:51+00:00
ORD-053544,6,9,USB-C Hub 8-in-1,accessories,3,39.99,119.97,completed,2026-07-26T00:25:56+00:00
ORD-053545,10,6,Desk Speakers Pair,audio,5,89.00,445.00,refunded,2026-07-26T14:18:21+00:00
ORD-053546,10,9,USB-C Hub 8-in-1,accessories,1,39.99,39.99,pending,2026-07-26T11:37:36+00:00
ORD-053547,3,9,USB-C Hub 8-in-1,accessories,1,39.99,39.99,refunded,2026-07-26T08:30:28+00:00
ORD-053548,2,5,Over-ear Headphones,audio,5,199.95,999.75,refunded,2026-07-26T06:15:15+00:00
ORD-053549,7,1,Mechanical Keyboard 75%,peripherals,1,129.00,129.00,cancelled,not-a-valid-date
ORD-053550,5,5,Over-ear Headphones,audio,5,199.95,999.75,pending,2026-07-26T03:01:51+00:00
ORD-053551,5,2,Wireless Mouse,peripherals,3,49.50,148.50,completed,2026-07-26T08:11:09+00:00
ORD-053552,8,8,Ergonomic Chair,furniture,3,612.75,1838.25,completed,2026-07-26T23:46:57+00:00
ORD-053553,4,6,Desk Speakers Pair,audio,4,89.00,356.00,pending,2026-07-26T07:03:17+00:00
ORD-053554,2,5,Over-ear Headphones,audio,5,199.95,999.75,refunded,2026-07-26T22:51:57+00:00
ORD-053555,2,9,USB-C Hub 8-in-1,accessories,1,39.99,39.99,cancelled,2026-07-26T22:12:24+00:00
ORD-053556,8,6,Desk Speakers Pair,audio,3,89.00,267.00,completed,2026-07-26T11:45:20+00:00
ORD-053557,8,6,Desk Speakers Pair,audio,1,89.00,89.00,pending,2026-07-26T06:53:44+00:00
ORD-053558,3,1,Mechanical Keyboard 75%,peripherals,5,129.00,645.00,refunded,2026-07-26T14:10:03+00:00
ORD-053559,4,6,Desk Speakers Pair,audio,2,89.00,178.00,pending,2026-07-26T06:17:03+00:00
ORD-053560,6,10,Laptop Stand Aluminium,accessories,3,27.50,82.50,pending,2026-07-26T23:13:04+00:00
ORD-053561,4,1,Mechanical Keyboard 75%,peripherals,1,129.00,129.00,refunded,2026-07-26T03:21:45+00:00
ORD-053562,9,3,27in 1440p Monitor,displays,3,319.99,959.97,pending,2026-07-26T03:23:21+00:00
ORD-053563,4,8,Ergonomic Chair,furniture,1,612.75,612.75,completed,2026-07-26T12:26:58+00:00
ORD-053564,9,7,Standing Desk 120cm,furniture,5,449.00,2245.00,completed,2026-07-26T00:20:42+00:00
ORD-053565,10,9,USB-C Hub 8-in-1,accessories,2,39.99,79.98,refunded,2026-07-26T11:23:05+00:00
ORD-053566,2,6,Desk Speakers Pair,audio,3,89.00,267.00,refunded,2026-07-26T18:30:04+00:00
ORD-053567,5,2,Wireless Mouse,peripherals,4,49.50,198.00,cancelled,2026-07-26T10:44:29+00:00
ORD-053568,3,5,Over-ear Headphones,audio,4,199.95,799.80,completed,2026-07-26T06:38:17+00:00
ORD-053569,9,2,Wireless Mouse,peripherals,1,49.50,49.50,refunded,2026-07-26T12:47:10+00:00
ORD-053570,9,4,34in Ultrawide Monitor,displays,1,579.00,579.00,cancelled,2026-07-26T08:49:19+00:00
ORD-053571,10,4,34in Ultrawide Monitor,displays,3,579.00,1737.00,pending,2026-07-26T02:01:06+00:00
ORD-053572,8,7,Standing Desk 120cm,furniture,2,449.00,898.00,cancelled,2026-07-26T00:06:43+00:00
ORD-053573,6,5,Over-ear Headphones,audio,2,199.95,399.90,cancelled,2026-07-26T12:03:58+00:00
ORD-053574,4,7,Standing Desk 120cm,furniture,3,449.00,1347.00,cancelled,2026-07-26T02:33:17+00:00
ORD-053575,1,1,Mechanical Keyboard 75%,peripherals,5,129.00,645.00,refunded,2026-07-26T04:29:30+00:00
ORD-053576,8,10,Laptop Stand Aluminium,accessories,2,27.50,55.00,refunded,2026-07-26T18:25:31+00:00
ORD-053577,2,5,Over-ear Headphones,audio,3,199.95,599.85,refunded,2026-07-26T10:54:35+00:00
ORD-053578,2,10,Laptop Stand Aluminium,accessories,3,27.50,82.50,pending,2026-07-26T02:42:23+00:00
ORD-053579,9,10,Laptop Stand Aluminium,accessories,2,27.50,55.00,refunded,2026-07-26T14:00:43+00:00
ORD-053580,2,2,Wireless Mouse,peripherals,2,49.50,99.00,pending,2026-07-26T06:52:38+00:00
ORD-053581,4,7,Standing Desk 120cm,furniture,3,449.00,1347.00,cancelled,2026-07-26T13:04:16+00:00
ORD-053582,3,7,Standing Desk 120cm,furniture,4,449.00,1796.00,cancelled,2026-07-26T15:46:55+00:00
ORD-053583,1,4,34in Ultrawide Monitor,displays,5,579.00,2895.00,cancelled,2026-07-26T09:53:44+00:00
ORD-053584,3,6,Desk Speakers Pair,audio,2,89.00,178.00,pending,2026-07-26T04:40:32+00:00
ORD-053585,6,4,34in Ultrawide Monitor,displays,4,579.00,2316.00,cancelled,2026-07-26T23:12:29+00:00
ORD-053586,2,5,Over-ear Headphones,audio,4,199.95,799.80,completed,2026-07-26T17:56:06+00:00
ORD-053587,1,10,Laptop Stand Aluminium,accessories,2,27.50,55.00,pending,2026-07-26T21:51:48+00:00
ORD-053588,5,3,27in 1440p Monitor,displays,2,319.99,639.98,completed,2026-07-26T17:21:01+00:00
ORD-053589,7,10,Laptop Stand Aluminium,accessories,2,27.50,55.00,pending,2026-07-26T13:59:06+00:00
ORD-053590,8,4,34in Ultrawide Monitor,displays,5,579.00,2895.00,pending,2026-07-26T11:26:07+00:00
ORD-053591,5,4,34in Ultrawide Monitor,displays,5,579.00,2895.00,cancelled,2026-07-26T21:39:37+00:00
ORD-053592,8,9,USB-C Hub 8-in-1,accessories,1,39.99,39.99,cancelled,2026-07-26T05:28:42+00:00
ORD-053593,1,7,Standing Desk 120cm,furniture,3,449.00,1347.00,pending,2026-07-26T01:48:03+00:00
ORD-053594,7,6,Desk Speakers Pair,audio,1,89.00,89.00,pending,2026-07-26T10:39:25+00:00
ORD-053595,9,1,Mechanical Keyboard 75%,peripherals,1,129.00,129.00,completed,2026-07-26T23:10:19+00:00
ORD-053596,10,5,Over-ear Headphones,audio,3,199.95,599.85,refunded,2026-07-26T13:50:37+00:00
ORD-053597,4,2,Wireless Mouse,peripherals,5,49.50,247.50,pending,2026-07-26T07:34:45+00:00
ORD-053598,1,8,Ergonomic Chair,furniture,2,612.75,1225.50,refunded,2026-07-26T18:34:58+00:00
ORD-053599,8,8,Ergonomic Chair,furniture,2,612.75,1225.50,refunded,2026-07-26T22:49:26+00:00
ORD-053600,6,8,Ergonomic Chair,furniture,5,612.75,3063.75,completed,2026-07-26T11:54:16+00:00
ORD-053601,9,10,Laptop Stand Aluminium,accessories,2,27.50,55.00,pending,2026-07-26T17:55:09+00:00
ORD-053602,2,1,Mechanical Keyboard 75%,peripherals,3,129.00,387.00,cancelled,2026-07-26T11:56:48+00:00
ORD-053603,8,3,27in 1440p Monitor,displays,2,319.99,639.98,refunded,2026-07-26T02:42:39+00:00
ORD-053604,6,1,Mechanical Keyboard 75%,peripherals,2,129.00,258.00,completed,2026-07-26T00:02:28+00:00
ORD-053605,4,4,34in Ultrawide Monitor,displays,2,579.00,1158.00,cancelled,2026-07-26T16:11:51+00:00
ORD-053606,5,2,Wireless Mouse,peripherals,4,49.50,198.00,refunded,2026-07-26T05:19:12+00:00
ORD-053607,2,8,Ergonomic Chair,furniture,3,612.75,1838.25,refunded,2026-07-26T17:04:44+00:00
ORD-053608,2,3,27in 1440p Monitor,displays,4,319.99,1279.96,cancelled,2026-07-26T02:13:18+00:00
ORD-053609,9,2,Wireless Mouse,peripherals,2,49.50,99.00,cancelled,2026-07-26T06:49:36+00:00
ORD-053610,8,7,Standing Desk 120cm,furniture,3,449.00,1347.00,completed,2026-07-26T16:07:50+00:00
ORD-053611,7,1,Mechanical Keyboard 75%,peripherals,4,129.00,516.00,completed,2026-07-26T17:01:31+00:00
ORD-053612,1,4,34in Ultrawide Monitor,displays,3,579.00,1737.00,pending,2026-07-26T17:47:58+00:00
ORD-053613,2,4,34in Ultrawide Monitor,displays,2,579.00,1158.00,pending,2026-07-26T08:32:35+00:00
ORD-053614,5,8,Ergonomic Chair,furniture,5,612.75,3063.75,completed,2026-07-26T11:04:33+00:00
ORD-053615,2,9,USB-C Hub 8-in-1,accessories,5,39.99,199.95,refunded,2026-07-26T11:34:48+00:00
ORD-053616,7,9,USB-C Hub 8-in-1,accessories,3,39.99,119.97,pending,2026-07-26T08:18:57+00:00
ORD-053617,10,7,Standing Desk 120cm,furniture,1,449.00,449.00,refunded,2026-07-26T03:42:29+00:00
ORD-053618,10,3,27in 1440p Monitor,displays,2,319.99,639.98,pending,2026-07-26T14:25:12+00:00
ORD-053619,3,3,27in 1440p Monitor,displays,5,319.99,1599.95,cancelled,2026-07-26T00:17:31+00:00
ORD-053620,1,4,34in Ultrawide Monitor,displays,2,579.00,1158.00,cancelled,2026-07-26T15:14:08+00:00
ORD-053621,1,7,Standing Desk 120cm,furniture,4,449.00,1796.00,cancelled,2026-07-26T18:17:35+00:00
ORD-053622,5,2,Wireless Mouse,peripherals,2,49.50,99.00,pending,2026-07-26T04:40:33+00:00
ORD-053623,3,1,Mechanical Keyboard 75%,peripherals,2,129.00,258.00,cancelled,2026-07-26T12:20:06+00:00
ORD-053624,3,1,Mechanical Keyboard 75%,peripherals,2,129.00,258.00,cancelled,2026-07-26T06:48:10+00:00
ORD-053625,7,4,34in Ultrawide Monitor,displays,5,579.00,2895.00,pending,2026-07-26T15:18:19+00:00
ORD-053626,7,1,Mechanical Keyboard 75%,peripherals,1,129.00,129.00,cancelled,2026-07-26T07:32:18+00:00
ORD-053627,9,8,Ergonomic Chair,furniture,4,612.75,2451.00,cancelled,2026-07-26T18:50:45+00:00
ORD-053628,3,4,34in Ultrawide Monitor,displays,4,579.00,2316.00,completed,2026-07-26T03:32:18+00:00
ORD-053629,1,4,34in Ultrawide Monitor,displays,2,579.00,1158.00,pending,2026-07-26T20:17:21+00:00
ORD-053630,9,7,Standing Desk 120cm,furniture,4,449.00,1796.00,completed,2026-07-26T09:01:31+00:00
ORD-053631,7,10,Laptop Stand Aluminium,accessories,4,27.50,110.00,pending,2026-07-26T19:01:04+00:00
ORD-053632,6,9,USB-C Hub 8-in-1,accessories,4,39.99,159.96,pending,2026-07-26T19:16:43+00:00
ORD-053633,7,3,27in 1440p Monitor,displays,5,319.99,1599.95,cancelled,2026-07-26T21:16:28+00:00
ORD-053634,9,2,Wireless Mouse,peripherals,4,49.50,198.00,completed,2026-07-26T20:07:38+00:00
ORD-053635,4,4,34in Ultrawide Monitor,displays,2,579.00,1158.00,completed,2026-07-26T01:14:35+00:00
ORD-053636,10,5,Over-ear Headphones,audio,5,199.95,999.75,cancelled,2026-07-26T14:16:15+00:00
ORD-053637,8,1,Mechanical Keyboard 75%,peripherals,4,129.00,516.00,refunded,2026-07-26T00:03:44+00:00
ORD-053638,4,2,Wireless Mouse,peripherals,3,49.50,148.50,pending,2026-07-26T23:55:35+00:00
ORD-053639,2,1,Mechanical Keyboard 75%,peripherals,4,129.00,516.00,completed,2026-07-26T14:01:17+00:00
ORD-053640,3,7,Standing Desk 120cm,furniture,1,449.00,449.00,cancelled,2026-07-26T06:28:51+00:00
ORD-053641,6,4,34in Ultrawide Monitor,displays,5,579.00,2895.00,completed,2026-07-26T02:03:14+00:00
ORD-053642,9,1,Mechanical Keyboard 75%,peripherals,3,129.00,387.00,refunded,2026-07-26T11:54:47+00:00
ORD-053643,9,5,Over-ear Headphones,audio,5,199.95,999.75,completed,2026-07-26T02:47:42+00:00
ORD-053644,4,3,27in 1440p Monitor,displays,4,319.99,1279.96,cancelled,2026-07-26T17:12:39+00:00
ORD-053645,6,3,27in 1440p Monitor,displays,3,319.99,959.97,completed,2026-07-26T06:01:30+00:00
ORD-053646,4,2,Wireless Mouse,peripherals,4,49.50,198.00,pending,2026-07-26T15:55:08+00:00
ORD-053647,6,6,Desk Speakers Pair,audio,1,89.00,89.00,cancelled,2026-07-26T10:08:00+00:00
ORD-053648,1,2,Wireless Mouse,peripherals,5,49.50,247.50,completed,2026-07-26T17:36:11+00:00
ORD-053649,2,4,34in Ultrawide Monitor,displays,1,579.00,579.00,cancelled,2026-07-26T02:05:01+00:00
ORD-053650,9,8,Ergonomic Chair,furniture,2,612.75,1225.50,refunded,2026-07-26T07:17:27+00:00
ORD-053651,3,3,27in 1440p Monitor,displays,2,319.99,639.98,cancelled,2026-07-26T21:39:47+00:00
ORD-053652,7,10,Laptop Stand Aluminium,accessories,5,27.50,137.50,refunded,2026-07-26T02:27:33+00:00
ORD-053653,4,5,Over-ear Headphones,audio,3,199.95,599.85,pending,2026-07-26T10:29:54+00:00
ORD-053654,7,1,Mechanical Keyboard 75%,peripherals,2,129.00,258.00,cancelled,2026-07-26T22:53:42+00:00
ORD-053655,6,6,Desk Speakers Pair,audio,5,89.00,445.00,pending,2026-07-26T02:17:52+00:00
ORD-053656,3,10,Laptop Stand Aluminium,accessories,1,27.50,27.50,refunded,2026-07-26T20:25:06+00:00
ORD-053657,8,4,34in Ultrawide Monitor,displays,3,579.00,1737.00,refunded,2026-07-26T14:42:08+00:00
ORD-053658,1,2,Wireless Mouse,peripherals,3,49.50,148.50,completed,2026-07-26T21:58:06+00:00
ORD-053659,1,4,34in Ultrawide Monitor,displays,5,579.00,2895.00,pending,2026-07-26T13:56:40+00:00
ORD-053660,7,7,Standing Desk 120cm,furniture,5,449.00,2245.00,pending,2026-07-26T13:41:29+00:00
ORD-053661,1,10,Laptop Stand Aluminium,accessories,4,27.50,110.00,refunded,2026-07-26T13:41:33+00:00
ORD-053662,3,7,Standing Desk 120cm,furniture,5,449.00,2245.00,pending,2026-07-26T06:34:22+00:00
ORD-053663,6,8,Ergonomic Chair,furniture,5,612.75,3063.75,completed,2026-07-26T14:20:51+00:00
ORD-053664,5,4,34in Ultrawide Monitor,displays,1,579.00,579.00,pending,2026-07-26T02:16:17+00:00
ORD-053665,5,1,Mechanical Keyboard 75%,peripherals,4,129.00,516.00,refunded,2026-07-26T04:39:53+00:00
ORD-053666,6,9,USB-C Hub 8-in-1,accessories,4,39.99,159.96,cancelled,2026-07-26T19:19:58+00:00
ORD-053667,2,2,Wireless Mouse,peripherals,4,49.50,198.00,pending,2026-07-26T23:11:37+00:00
ORD-053668,8,3,27in 1440p Monitor,displays,1,319.99,319.99,refunded,2026-07-26T04:24:25+00:00
ORD-053669,5,9,USB-C Hub 8-in-1,accessories,5,39.99,199.95,cancelled,2026-07-26T14:52:36+00:00
ORD-053670,5,1,Mechanical Keyboard 75%,peripherals,1,129.00,129.00,pending,2026-07-26T08:14:55+00:00
ORD-053671,6,6,Desk Speakers Pair,audio,3,89.00,267.00,pending,2026-07-26T01:38:46+00:00
ORD-053672,5,8,Ergonomic Chair,furniture,5,612.75,3063.75,refunded,2026-07-26T14:18:00+00:00
ORD-053673,2,10,Laptop Stand Aluminium,accessories,5,27.50,137.50,cancelled,2026-07-26T09:43:33+00:00
ORD-053674,1,8,Ergonomic Chair,furniture,1,612.75,612.75,refunded,2026-07-26T02:14:43+00:00
ORD-053675,6,4,34in Ultrawide Monitor,displays,3,579.00,1737.00,pending,2026-07-26T08:44:55+00:00
ORD-053676,2,8,Ergonomic Chair,furniture,5,612.75,3063.75,pending,2026-07-26T09:32:57+00:00
ORD-053677,2,9,USB-C Hub 8-in-1,accessories,5,39.99,199.95,pending,2026-07-26T05:45:31+00:00
ORD-053678,9,8,Ergonomic Chair,furniture,3,612.75,1838.25,cancelled,2026-07-26T16:26:14+00:00
ORD-053679,1,4,34in Ultrawide Monitor,displays,3,579.00,1737.00,pending,2026-07-26T14:35:22+00:00
ORD-053680,1,1,Mechanical Keyboard 75%,peripherals,4,129.00,516.00,cancelled,not-a-valid-date
ORD-053681,4,7,Standing Desk 120cm,furniture,2,449.00,898.00,cancelled,2026-07-26T14:45:46+00:00
ORD-053682,8,10,Laptop Stand Aluminium,accessories,1,27.50,27.50,refunded,2026-07-26T14:48:26+00:00
ORD-053683,1,7,Standing Desk 120cm,furniture,4,449.00,1796.00,pending,2026-07-26T18:56:43+00:00
ORD-053684,3,10,Laptop Stand Aluminium,accessories,5,27.50,137.50,cancelled,2026-07-26T04:28:28+00:00
ORD-053685,2,2,Wireless Mouse,peripherals,5,49.50,247.50,cancelled,2026-07-26T12:26:46+00:00
ORD-053686,8,4,34in Ultrawide Monitor,displays,3,579.00,1737.00,completed,2026-07-26T06:56:11+00:00
ORD-053687,6,8,Ergonomic Chair,furniture,4,612.75,2451.00,pending,2026-07-26T15:31:42+00:00
ORD-053688,6,1,Mechanical Keyboard 75%,peripherals,2,129.00,258.00,completed,2026-07-26T08:55:31+00:00
ORD-053689,10,5,Over-ear Headphones,audio,3,199.95,599.85,completed,2026-07-26T23:03:08+00:00
ORD-053690,4,1,Mechanical Keyboard 75%,peripherals,5,129.00,645.00,completed,2026-07-26T17:44:08+00:00
ORD-053691,8,1,Mechanical Keyboard 75%,peripherals,1,129.00,129.00,refunded,2026-07-26T23:02:25+00:00
ORD-053692,6,2,Wireless Mouse,peripherals,5,49.50,247.50,completed,2026-07-26T01:54:17+00:00
ORD-053693,9,4,34in Ultrawide Monitor,displays,2,579.00,1158.00,refunded,2026-07-26T14:21:55+00:00
ORD-053694,2,1,Mechanical Keyboard 75%,peripherals,2,129.00,258.00,pending,2026-07-26T13:22:18+00:00
ORD-053695,8,7,Standing Desk 120cm,furniture,1,449.00,449.00,cancelled,2026-07-26T01:32:49+00:00
ORD-053696,2,3,27in 1440p Monitor,displays,2,319.99,639.98,cancelled,2026-07-26T17:56:29+00:00
ORD-053697,3,5,Over-ear Headphones,audio,5,199.95,999.75,completed,2026-07-26T11:32:46+00:00
ORD-053698,6,5,Over-ear Headphones,audio,1,199.95,199.95,cancelled,2026-07-26T07:14:52+00:00
ORD-053699,2,3,27in 1440p Monitor,displays,4,319.99,1279.96,cancelled,2026-07-26T11:24:25+00:00
ORD-053700,10,5,Over-ear Headphones,audio,1,199.95,199.95,pending,2026-07-26T03:21:44+00:00
ORD-053701,6,7,Standing Desk 120cm,furniture,1,449.00,449.00,refunded,2026-07-26T23:59:05+00:00
ORD-053702,2,9,USB-C Hub 8-in-1,accessories,4,39.99,159.96,refunded,2026-07-26T17:06:43+00:00
ORD-053703,1,5,Over-ear Headphones,audio,3,199.95,599.85,refunded,2026-07-26T17:45:10+00:00
ORD-053704,2,8,Ergonomic Chair,furniture,1,612.75,612.75,cancelled,2026-07-26T04:23:04+00:00
ORD-053705,8,9,USB-C Hub 8-in-1,accessories,4,39.99,159.96,refunded,2026-07-26T05:26:03+00:00
ORD-053706,9,7,Standing Desk 120cm,furniture,5,449.00,2245.00,refunded,2026-07-26T23:38:02+00:00
ORD-053707,7,2,Wireless Mouse,peripherals,3,49.50,148.50,completed,2026-07-26T09:15:09+00:00
ORD-053708,4,9,USB-C Hub 8-in-1,accessories,5,39.99,199.95,refunded,2026-07-26T01:07:09+00:00
ORD-053709,6,9,USB-C Hub 8-in-1,accessories,4,39.99,159.96,refunded,2026-07-26T01:18:19+00:00
ORD-053710,8,8,Ergonomic Chair,furniture,2,612.75,1225.50,pending,2026-07-26T14:30:57+00:00
ORD-053711,4,7,Standing Desk 120cm,furniture,2,449.00,898.00,pending,2026-07-26T04:36:10+00:00
ORD-053712,5,5,Over-ear Headphones,audio,1,199.95,199.95,completed,2026-07-26T08:30:09+00:00
ORD-053713,4,3,27in 1440p Monitor,displays,5,319.99,1599.95,refunded,2026-07-26T01:08:26+00:00
ORD-053714,3,7,Standing Desk 120cm,furniture,2,449.00,898.00,refunded,2026-07-26T22:31:42+00:00
ORD-053715,7,4,34in Ultrawide Monitor,displays,2,579.00,1158.00,pending,2026-07-26T08:19:58+00:00
ORD-053716,6,5,Over-ear Headphones,audio,3,199.95,599.85,refunded,2026-07-26T13:05:47+00:00
ORD-053717,9,2,Wireless Mouse,peripherals,2,49.50,99.00,pending,2026-07-26T08:59:51+00:00
ORD-053718,7,10,Laptop Stand Aluminium,accessories,1,27.50,27.50,refunded,2026-07-26T19:20:31+00:00
ORD-053719,7,2,Wireless Mouse,peripherals,5,49.50,247.50,pending,2026-07-26T00:49:33+00:00
ORD-053720,2,6,Desk Speakers Pair,audio,3,89.00,267.00,cancelled,2026-07-26T00:49:00+00:00
ORD-053721,5,3,27in 1440p Monitor,displays,1,319.99,319.99,completed,2026-07-26T09:38:10+00:00
ORD-053722,6,5,Over-ear Headphones,audio,1,199.95,199.95,completed,2026-07-26T16:46:45+00:00
ORD-053723,4,6,Desk Speakers Pair,audio,4,89.00,356.00,completed,2026-07-26T15:15:53+00:00
ORD-053724,3,5,Over-ear Headphones,audio,3,199.95,599.85,cancelled,2026-07-26T17:31:01+00:00
ORD-053725,10,2,Wireless Mouse,peripherals,1,49.50,49.50,completed,2026-07-26T13:00:38+00:00
ORD-053726,9,3,27in 1440p Monitor,displays,1,319.99,319.99,pending,2026-07-26T13:48:27+00:00
ORD-053727,4,3,27in 1440p Monitor,displays,4,319.99,1279.96,refunded,2026-07-26T07:55:52+00:00
ORD-053728,4,1,Mechanical Keyboard 75%,peripherals,1,129.00,129.00,completed,2026-07-26T18:03:56+00:00
ORD-053729,10,5,Over-ear Headphones,audio,5,199.95,999.75,cancelled,2026-07-26T12:57:25+00:00
ORD-053730,6,1,Mechanical Keyboard 75%,peripherals,4,129.00,516.00,completed,2026-07-26T02:26:19+00:00
ORD-053731,4,9,USB-C Hub 8-in-1,accessories,1,39.99,39.99,completed,2026-07-26T23:34:22+00:00
ORD-053732,2,10,Laptop Stand Aluminium,accessories,2,27.50,55.00,pending,2026-07-26T02:15:56+00:00
ORD-053733,1,4,34in Ultrawide Monitor,displays,1,579.00,579.00,cancelled,2026-07-26T18:28:27+00:00
ORD-053734,4,6,Desk Speakers Pair,audio,1,89.00,89.00,cancelled,2026-07-26T17:25:39+00:00
ORD-053735,4,3,27in 1440p Monitor,displays,3,319.99,959.97,refunded,2026-07-26T16:27:27+00:00
ORD-053736,6,8,Ergonomic Chair,furniture,4,612.75,2451.00,completed,2026-07-26T20:56:01+00:00
ORD-053737,8,6,Desk Speakers Pair,audio,4,89.00,356.00,completed,2026-07-26T01:50:44+00:00
ORD-053738,7,2,Wireless Mouse,peripherals,2,49.50,99.00,refunded,2026-07-26T15:15:31+00:00
ORD-053739,10,4,34in Ultrawide Monitor,displays,2,579.00,1158.00,completed,2026-07-26T18:03:57+00:00
ORD-053740,9,4,34in Ultrawide Monitor,displays,3,579.00,1737.00,cancelled,2026-07-26T14:04:27+00:00
ORD-053741,6,2,Wireless Mouse,peripherals,5,49.50,247.50,cancelled,2026-07-26T22:37:00+00:00
ORD-053742,4,3,27in 1440p Monitor,displays,2,319.99,639.98,completed,2026-07-26T02:02:03+00:00
ORD-053743,10,4,34in Ultrawide Monitor,displays,3,579.00,1737.00,pending,2026-07-26T11:31:44+00:00
ORD-053744,1,9,USB-C Hub 8-in-1,accessories,2,39.99,79.98,pending,2026-07-26T15:14:09+00:00
ORD-053745,4,4,34in Ultrawide Monitor,displays,5,579.00,2895.00,completed,2026-07-26T07:19:56+00:00
ORD-053746,10,2,Wireless Mouse,peripherals,2,49.50,99.00,pending,2026-07-26T21:24:30+00:00
ORD-053747,4,2,Wireless Mouse,peripherals,5,49.50,247.50,refunded,2026-07-26T20:16:23+00:00
ORD-053748,10,6,Desk Speakers Pair,audio,1,89.00,89.00,cancelled,2026-07-26T02:26:59+00:00
ORD-053749,9,3,27in 1440p Monitor,displays,3,319.99,959.97,refunded,2026-07-26T07:15:32+00:00
ORD-053750,3,5,Over-ear Headphones,audio,2,199.95,399.90,cancelled,2026-07-26T14:46:01+00:00
ORD-053751,5,6,Desk Speakers Pair,audio,3,89.00,267.00,pending,2026-07-26T17:27:17+00:00
ORD-053752,8,1,Mechanical Keyboard 75%,peripherals,3,129.00,387.00,cancelled,2026-07-26T14:21:46+00:00
ORD-053753,4,1,Mechanical Keyboard 75%,peripherals,3,129.00,387.00,pending,2026-07-26T17:46:46+00:00
ORD-053754,1,3,27in 1440p Monitor,displays,1,319.99,319.99,pending,2026-07-26T13:41:16+00:00
ORD-053755,5,5,Over-ear Headphones,audio,2,199.95,399.90,completed,2026-07-26T13:10:04+00:00
ORD-053756,7,9,USB-C Hub 8-in-1,accessories,4,39.99,159.96,cancelled,2026-07-26T19:23:25+00:00
ORD-053757,9,4,34in Ultrawide Monitor,displays,5,579.00,2895.00,completed,2026-07-26T14:29:26+00:00
ORD-053758,8,10,Laptop Stand Aluminium,accessories,5,27.50,137.50,pending,2026-07-26T01:39:00+00:00
ORD-053759,1,7,Standing Desk 120cm,furniture,1,449.00,449.00,refunded,2026-07-26T23:02:51+00:00
ORD-053760,1,1,Mechanical Keyboard 75%,peripherals,2,129.00,258.00,cancelled,2026-07-26T02:42:26+00:00
ORD-053761,3,10,Laptop Stand Aluminium,accessories,1,27.50,27.50,completed,2026-07-26T04:26:50+00:00
ORD-053762,8,1,Mechanical Keyboard 75%,peripherals,3,129.00,387.00,completed,2026-07-26T15:52:10+00:00
ORD-053763,9,7,Standing Desk 120cm,furniture,3,449.00,1347.00,completed,2026-07-26T01:48:31+00:00
ORD-053764,2,3,27in 1440p Monitor,displays,4,319.99,1279.96,cancelled,2026-07-26T02:26:23+00:00
ORD-053765,7,8,Ergonomic Chair,furniture,5,612.75,3063.75,refunded,2026-07-26T22:20:16+00:00
ORD-053766,10,5,Over-ear Headphones,audio,4,199.95,799.80,completed,2026-07-26T10:59:26+00:00
ORD-053767,10,2,Wireless Mouse,peripherals,1,49.50,49.50,pending,2026-07-26T21:27:08+00:00
ORD-053768,9,4,34in Ultrawide Monitor,displays,1,579.00,579.00,pending,2026-07-26T18:47:07+00:00
ORD-053769,5,2,Wireless Mouse,peripherals,4,49.50,198.00,pending,2026-07-26T18:13:31+00:00
ORD-053770,4,1,Mechanical Keyboard 75%,peripherals,3,129.00,387.00,completed,2026-07-26T09:16:08+00:00
ORD-053771,9,1,Mechanical Keyboard 75%,peripherals,1,129.00,129.00,pending,2026-07-26T12:45:09+00:00
ORD-053772,10,8,Ergonomic Chair,furniture,1,612.75,612.75,refunded,2026-07-26T05:11:59+00:00
ORD-053773,5,8,Ergonomic Chair,furniture,3,612.75,1838.25,pending,2026-07-26T04:09:33+00:00
ORD-053774,4,3,27in 1440p Monitor,displays,3,319.99,959.97,refunded,2026-07-26T17:54:07+00:00
ORD-053775,6,10,Laptop Stand Aluminium,accessories,1,27.50,27.50,cancelled,2026-07-26T07:09:06+00:00
ORD-053776,3,1,Mechanical Keyboard 75%,peripherals,5,129.00,645.00,pending,2026-07-26T06:09:22+00:00
ORD-053777,8,10,Laptop Stand Aluminium,accessories,4,27.50,110.00,cancelled,2026-07-26T11:44:50+00:00
ORD-053778,4,7,Standing Desk 120cm,furniture,4,449.00,1796.00,pending,2026-07-26T16:22:17+00:00
ORD-053779,10,9,USB-C Hub 8-in-1,accessories,2,39.99,79.98,cancelled,2026-07-26T08:33:46+00:00
ORD-053780,8,4,34in Ultrawide Monitor,displays,5,579.00,2895.00,completed,2026-07-26T19:31:27+00:00
ORD-053781,4,7,Standing Desk 120cm,furniture,5,449.00,2245.00,cancelled,2026-07-26T10:46:59+00:00
ORD-053782,2,3,27in 1440p Monitor,displays,5,319.99,1599.95,refunded,2026-07-26T10:45:43+00:00
ORD-053783,8,7,Standing Desk 120cm,furniture,4,449.00,1796.00,cancelled,2026-07-26T21:58:11+00:00
ORD-053784,3,7,Standing Desk 120cm,furniture,5,449.00,2245.00,completed,2026-07-26T18:16:35+00:00
ORD-053785,8,10,Laptop Stand Aluminium,accessories,1,27.50,27.50,cancelled,2026-07-26T15:41:24+00:00
ORD-053786,5,5,Over-ear Headphones,audio,4,199.95,799.80,completed,2026-07-26T10:03:28+00:00
ORD-053787,1,4,34in Ultrawide Monitor,displays,1,579.00,579.00,pending,2026-07-26T04:07:39+00:00
ORD-053788,3,2,Wireless Mouse,peripherals,4,49.50,198.00,refunded,2026-07-26T06:59:03+00:00
ORD-053789,6,5,Over-ear Headphones,audio,2,199.95,399.90,refunded,2026-07-26T23:13:32+00:00
ORD-053790,3,9,USB-C Hub 8-in-1,accessories,4,39.99,159.96,pending,2026-07-26T05:06:01+00:00
ORD-053791,1,9,USB-C Hub 8-in-1,accessories,2,39.99,79.98,pending,2026-07-26T01:27:20+00:00
ORD-053792,7,2,Wireless Mouse,peripherals,1,49.50,49.50,refunded,2026-07-26T02:17:46+00:00
ORD-053793,9,2,Wireless Mouse,peripherals,1,49.50,49.50,refunded,2026-07-26T11:11:19+00:00
ORD-053794,3,1,Mechanical Keyboard 75%,peripherals,4,129.00,516.00,refunded,2026-07-26T09:08:08+00:00
ORD-053795,7,5,Over-ear Headphones,audio,1,199.95,199.95,cancelled,2026-07-26T11:30:47+00:00
ORD-053796,8,5,Over-ear Headphones,audio,3,199.95,599.85,pending,2026-07-26T05:54:33+00:00
ORD-053797,8,1,Mechanical Keyboard 75%,peripherals,1,129.00,129.00,cancelled,2026-07-26T15:19:36+00:00
ORD-053798,7,7,Standing Desk 120cm,furniture,2,449.00,898.00,cancelled,2026-07-26T15:35:37+00:00
ORD-053799,9,10,Laptop Stand Aluminium,accessories,4,27.50,110.00,cancelled,2026-07-26T19:25:46+00:00
ORD-053800,1,6,Desk Speakers Pair,audio,3,89.00,267.00,pending,2026-07-26T10:15:23+00:00
ORD-053801,4,2,Wireless Mouse,peripherals,3,49.50,148.50,completed,2026-07-26T16:14:05+00:00
ORD-053802,4,7,Standing Desk 120cm,furniture,3,449.00,1347.00,cancelled,2026-07-26T10:56:01+00:00
ORD-053803,7,7,Standing Desk 120cm,furniture,2,449.00,898.00,refunded,2026-07-26T16:11:31+00:00
ORD-053804,1,2,Wireless Mouse,peripherals,1,49.50,49.50,pending,2026-07-26T11:37:14+00:00
ORD-053805,2,3,27in 1440p Monitor,displays,2,319.99,639.98,pending,2026-07-26T01:47:12+00:00
ORD-053806,4,10,Laptop Stand Aluminium,accessories,5,27.50,137.50,pending,2026-07-26T21:35:16+00:00
ORD-053807,5,2,Wireless Mouse,peripherals,1,49.50,49.50,cancelled,2026-07-26T17:12:29+00:00
ORD-053808,1,4,34in Ultrawide Monitor,displays,4,579.00,2316.00,cancelled,2026-07-26T00:20:50+00:00
ORD-053809,1,9,USB-C Hub 8-in-1,accessories,5,39.99,199.95,pending,2026-07-26T15:43:02+00:00
ORD-053810,5,1,Mechanical Keyboard 75%,peripherals,5,129.00,645.00,refunded,2026-07-26T05:06:13+00:00
ORD-053811,9,2,Wireless Mouse,peripherals,2,49.50,99.00,completed,2026-07-26T01:12:27+00:00
ORD-053812,4,4,34in Ultrawide Monitor,displays,3,579.00,1737.00,completed,2026-07-26T13:49:50+00:00
ORD-053813,1,9,USB-C Hub 8-in-1,accessories,5,39.99,199.95,cancelled,2026-07-26T13:16:12+00:00
ORD-053814,4,4,34in Ultrawide Monitor,displays,2,579.00,1158.00,refunded,2026-07-26T17:42:21+00:00
ORD-053815,9,7,Standing Desk 120cm,furniture,2,449.00,898.00,refunded,2026-07-26T19:44:43+00:00
ORD-053816,6,9,USB-C Hub 8-in-1,accessories,2,39.99,79.98,cancelled,2026-07-26T10:04:15+00:00
ORD-053817,9,7,Standing Desk 120cm,furniture,2,449.00,898.00,pending,2026-07-26T18:40:01+00:00
ORD-053818,7,9,USB-C Hub 8-in-1,accessories,4,39.99,159.96,completed,2026-07-26T06:51:16+00:00
ORD-053819,2,4,34in Ultrawide Monitor,displays,5,579.00,2895.00,cancelled,2026-07-26T00:49:30+00:00
ORD-053820,8,1,Mechanical Keyboard 75%,peripherals,5,129.00,645.00,cancelled,2026-07-26T05:13:18+00:00
ORD-053821,8,6,Desk Speakers Pair,audio,5,89.00,445.00,completed,2026-07-26T10:12:43+00:00
ORD-053822,4,5,Over-ear Headphones,audio,4,199.95,799.80,completed,2026-07-26T08:46:48+00:00
ORD-053823,4,9,USB-C Hub 8-in-1,accessories,4,39.99,159.96,cancelled,2026-07-26T07:55:21+00:00
ORD-053824,2,3,27in 1440p Monitor,displays,5,319.99,1599.95,cancelled,2026-07-26T06:11:47+00:00
ORD-053825,5,1,Mechanical Keyboard 75%,peripherals,3,129.00,387.00,cancelled,2026-07-26T12:02:00+00:00
ORD-053826,8,8,Ergonomic Chair,furniture,4,612.75,2451.00,completed,2026-07-26T13:52:51+00:00
ORD-053827,9,6,Desk Speakers Pair,audio,5,89.00,445.00,pending,2026-07-26T02:34:06+00:00
ORD-053828,3,3,27in 1440p Monitor,displays,1,319.99,319.99,refunded,2026-07-26T02:28:41+00:00
ORD-053829,3,5,Over-ear Headphones,audio,1,199.95,199.95,refunded,2026-07-26T06:16:10+00:00
ORD-053830,9,6,Desk Speakers Pair,audio,5,89.00,445.00,cancelled,2026-07-26T20:03:30+00:00
ORD-053831,2,3,27in 1440p Monitor,displays,2,319.99,639.98,completed,2026-07-26T15:43:02+00:00
ORD-053832,6,10,Laptop Stand Aluminium,accessories,2,27.50,-50.00,completed,2026-07-26T00:43:35+00:00
ORD-053833,3,10,Laptop Stand Aluminium,accessories,1,27.50,27.50,cancelled,2026-07-26T18:54:38+00:00
ORD-053834,3,5,Over-ear Headphones,audio,2,199.95,399.90,refunded,2026-07-26T23:17:12+00:00
ORD-053835,3,2,Wireless Mouse,peripherals,1,49.50,49.50,cancelled,2026-07-26T22:09:21+00:00
ORD-053836,9,9,USB-C Hub 8-in-1,accessories,4,39.99,159.96,completed,2026-07-26T01:29:48+00:00
ORD-053837,5,6,Desk Speakers Pair,audio,5,89.00,445.00,completed,2026-07-26T11:12:07+00:00
ORD-053838,1,5,Over-ear Headphones,audio,3,199.95,599.85,pending,2026-07-26T10:54:15+00:00
ORD-053839,4,7,Standing Desk 120cm,furniture,2,449.00,898.00,cancelled,2026-07-26T04:21:45+00:00
ORD-053840,3,5,Over-ear Headphones,audio,4,199.95,799.80,completed,2026-07-26T06:41:58+00:00
ORD-053841,6,1,Mechanical Keyboard 75%,peripherals,4,129.00,516.00,completed,2026-07-26T21:57:13+00:00
ORD-053842,10,7,Standing Desk 120cm,furniture,1,449.00,449.00,refunded,2026-07-26T03:19:32+00:00
ORD-053843,3,6,Desk Speakers Pair,audio,5,89.00,445.00,completed,2026-07-26T22:41:13+00:00
ORD-053844,10,8,Ergonomic Chair,furniture,1,612.75,612.75,cancelled,2026-07-26T02:15:52+00:00
ORD-053845,3,6,Desk Speakers Pair,audio,5,89.00,445.00,refunded,2026-07-26T02:50:27+00:00
ORD-053846,9,7,Standing Desk 120cm,furniture,2,449.00,898.00,cancelled,2026-07-26T00:17:03+00:00
ORD-053847,6,1,Mechanical Keyboard 75%,peripherals,2,129.00,258.00,refunded,2026-07-26T22:08:52+00:00
ORD-053848,10,4,34in Ultrawide Monitor,displays,5,579.00,2895.00,pending,2026-07-26T06:25:03+00:00
ORD-053849,8,4,34in Ultrawide Monitor,displays,5,579.00,2895.00,cancelled,2026-07-26T14:03:52+00:00
ORD-053850,6,6,Desk Speakers Pair,audio,1,89.00,89.00,refunded,2026-07-26T06:47:37+00:00
ORD-053851,8,1,Mechanical Keyboard 75%,peripherals,4,129.00,516.00,cancelled,2026-07-26T05:58:28+00:00
ORD-053852,8,9,USB-C Hub 8-in-1,accessories,4,39.99,159.96,pending,2026-07-26T21:35:56+00:00
ORD-053853,9,9,USB-C Hub 8-in-1,accessories,4,39.99,159.96,pending,2026-07-26T15:29:10+00:00
ORD-053854,7,1,Mechanical Keyboard 75%,peripherals,5,129.00,645.00,cancelled,2026-07-26T04:16:10+00:00
ORD-053855,4,3,27in 1440p Monitor,displays,4,319.99,1279.96,pending,2026-07-26T17:35:39+00:00
ORD-053856,9,1,Mechanical Keyboard 75%,peripherals,4,129.00,516.00,completed,2026-07-26T11:06:28+00:00
ORD-053857,8,4,34in Ultrawide Monitor,displays,2,579.00,1158.00,cancelled,2026-07-26T09:22:26+00:00
ORD-053858,10,10,Laptop Stand Aluminium,accessories,4,27.50,110.00,completed,2026-07-26T21:56:11+00:00
ORD-053859,9,5,Over-ear Headphones,audio,4,199.95,799.80,cancelled,2026-07-26T08:47:02+00:00
ORD-053860,1,1,Mechanical Keyboard 75%,peripherals,4,129.00,516.00,pending,2026-07-26T02:36:22+00:00
ORD-053861,6,4,34in Ultrawide Monitor,displays,3,579.00,1737.00,refunded,2026-07-26T02:56:24+00:00
ORD-053862,9,7,Standing Desk 120cm,furniture,5,449.00,2245.00,cancelled,2026-07-26T22:32:38+00:00
ORD-053863,4,8,Ergonomic Chair,furniture,5,612.75,3063.75,cancelled,2026-07-26T16:26:50+00:00
ORD-053864,10,4,34in Ultrawide Monitor,displays,2,579.00,1158.00,pending,2026-07-26T02:02:07+00:00
ORD-053865,6,10,Laptop Stand Aluminium,accessories,5,27.50,137.50,completed,2026-07-26T02:56:28+00:00
ORD-053866,8,5,Over-ear Headphones,audio,5,199.95,999.75,completed,2026-07-26T04:25:52+00:00
ORD-053867,6,8,Ergonomic Chair,furniture,4,612.75,2451.00,completed,2026-07-26T04:19:04+00:00
ORD-053868,9,6,Desk Speakers Pair,audio,3,89.00,267.00,refunded,2026-07-26T10:11:21+00:00
ORD-053869,4,9,USB-C Hub 8-in-1,accessories,4,39.99,159.96,pending,2026-07-26T22:35:05+00:00
ORD-053870,7,3,27in 1440p Monitor,displays,1,319.99,319.99,cancelled,2026-07-26T17:08:03+00:00
ORD-053871,9,8,Ergonomic Chair,furniture,4,612.75,2451.00,refunded,2026-07-26T00:40:27+00:00
ORD-053872,2,7,Standing Desk 120cm,furniture,3,449.00,1347.00,cancelled,2026-07-26T21:37:10+00:00
ORD-053873,2,5,Over-ear Headphones,audio,2,199.95,399.90,completed,2026-07-26T07:02:34+00:00
ORD-053874,4,7,Standing Desk 120cm,furniture,5,449.00,2245.00,refunded,2026-07-26T17:32:39+00:00
ORD-053875,8,9,USB-C Hub 8-in-1,accessories,2,39.99,79.98,cancelled,2026-07-26T01:37:01+00:00
ORD-053876,2,1,Mechanical Keyboard 75%,peripherals,4,129.00,516.00,completed,2026-07-26T14:09:58+00:00
ORD-053877,5,9,USB-C Hub 8-in-1,accessories,4,39.99,159.96,pending,2026-07-26T00:22:24+00:00
ORD-053878,1,5,Over-ear Headphones,audio,4,199.95,799.80,completed,2026-07-26T15:47:46+00:00
ORD-053879,6,2,Wireless Mouse,peripherals,3,49.50,148.50,completed,2026-07-26T11:45:17+00:00
ORD-053880,5,2,Wireless Mouse,peripherals,3,49.50,148.50,completed,2026-07-26T01:06:19+00:00
ORD-053881,2,8,Ergonomic Chair,furniture,4,612.75,2451.00,cancelled,2026-07-26T07:06:39+00:00
ORD-053882,9,7,Standing Desk 120cm,furniture,3,449.00,1347.00,completed,2026-07-26T20:11:13+00:00
ORD-053883,7,8,Ergonomic Chair,furniture,2,612.75,1225.50,pending,2026-07-26T20:26:55+00:00
ORD-053884,1,5,Over-ear Headphones,audio,2,199.95,399.90,cancelled,2026-07-26T20:18:10+00:00
ORD-053885,1,7,Standing Desk 120cm,furniture,5,449.00,2245.00,cancelled,2026-07-26T07:35:33+00:00
ORD-053886,9,7,Standing Desk 120cm,furniture,2,449.00,898.00,refunded,2026-07-26T13:04:35+00:00
ORD-053887,4,9,USB-C Hub 8-in-1,accessories,3,39.99,119.97,refunded,2026-07-26T06:14:43+00:00
ORD-053888,6,1,Mechanical Keyboard 75%,peripherals,5,129.00,645.00,pending,2026-07-26T05:48:25+00:00
ORD-053889,7,10,Laptop Stand Aluminium,accessories,5,27.50,137.50,cancelled,2026-07-26T13:58:01+00:00
ORD-053890,2,4,34in Ultrawide Monitor,displays,1,579.00,579.00,refunded,2026-07-26T18:05:25+00:00
ORD-053891,9,10,Laptop Stand Aluminium,accessories,2,27.50,55.00,refunded,2026-07-26T05:27:16+00:00
ORD-053892,7,9,USB-C Hub 8-in-1,accessories,1,39.99,39.99,refunded,2026-07-26T13:09:42+00:00
ORD-053893,7,1,Mechanical Keyboard 75%,peripherals,5,129.00,645.00,completed,2026-07-26T20:51:19+00:00
ORD-053894,3,10,Laptop Stand Aluminium,accessories,3,27.50,82.50,refunded,2026-07-26T13:14:37+00:00
ORD-053895,3,9,USB-C Hub 8-in-1,accessories,1,39.99,39.99,pending,2026-07-26T05:52:56+00:00
ORD-053896,5,8,Ergonomic Chair,furniture,3,612.75,1838.25,pending,2026-07-26T00:39:20+00:00
ORD-053897,4,6,Desk Speakers Pair,audio,5,89.00,445.00,refunded,2026-07-26T17:30:14+00:00
ORD-053898,3,4,34in Ultrawide Monitor,displays,4,579.00,2316.00,completed,2026-07-26T20:28:19+00:00
ORD-053899,2,2,Wireless Mouse,peripherals,2,49.50,99.00,pending,2026-07-26T00:55:11+00:00
ORD-053900,5,8,Ergonomic Chair,furniture,2,612.75,1225.50,completed,2026-07-26T19:19:49+00:00
ORD-053901,8,6,Desk Speakers Pair,audio,3,89.00,267.00,completed,2026-07-26T09:28:38+00:00
ORD-053902,9,6,Desk Speakers Pair,audio,1,89.00,89.00,cancelled,2026-07-26T03:23:15+00:00
ORD-053903,10,2,Wireless Mouse,peripherals,3,49.50,148.50,cancelled,2026-07-26T00:16:49+00:00
ORD-053904,6,4,34in Ultrawide Monitor,displays,1,579.00,579.00,completed,2026-07-26T02:24:38+00:00
ORD-053905,2,2,Wireless Mouse,peripherals,5,49.50,247.50,refunded,2026-07-26T22:41:23+00:00
ORD-053906,1,2,Wireless Mouse,peripherals,2,49.50,99.00,pending,2026-07-26T15:14:53+00:00
ORD-053907,1,5,Over-ear Headphones,audio,4,199.95,799.80,refunded,2026-07-26T11:28:51+00:00
ORD-053908,3,6,Desk Speakers Pair,audio,3,89.00,267.00,completed,2026-07-26T08:02:41+00:00
ORD-053909,1,5,Over-ear Headphones,audio,2,199.95,399.90,completed,2026-07-26T11:43:08+00:00
ORD-053910,3,7,Standing Desk 120cm,furniture,5,449.00,2245.00,cancelled,2026-07-26T04:52:07+00:00
ORD-053911,8,10,Laptop Stand Aluminium,accessories,4,27.50,110.00,pending,2026-07-26T09:50:15+00:00
ORD-053912,5,9,USB-C Hub 8-in-1,accessories,1,39.99,39.99,refunded,2026-07-26T16:44:41+00:00
ORD-053913,5,3,27in 1440p Monitor,displays,1,319.99,319.99,completed,2026-07-26T16:56:46+00:00
ORD-053914,7,4,34in Ultrawide Monitor,displays,1,579.00,579.00,pending,2026-07-26T12:08:37+00:00
ORD-053915,6,1,Mechanical Keyboard 75%,peripherals,4,129.00,516.00,completed,2026-07-26T00:53:33+00:00
ORD-053916,2,6,Desk Speakers Pair,audio,2,89.00,178.00,completed,2026-07-26T02:20:19+00:00
ORD-053917,5,9,USB-C Hub 8-in-1,accessories,4,39.99,159.96,completed,2026-07-26T08:37:33+00:00
ORD-053918,3,10,Laptop Stand Aluminium,accessories,1,27.50,27.50,completed,2026-07-26T05:42:14+00:00
ORD-053919,7,1,Mechanical Keyboard 75%,peripherals,5,129.00,645.00,pending,2026-07-26T15:53:23+00:00
ORD-053920,4,2,Wireless Mouse,peripherals,2,49.50,99.00,cancelled,2026-07-26T10:26:09+00:00
ORD-053921,8,10,Laptop Stand Aluminium,accessories,2,27.50,55.00,pending,2026-07-26T20:21:33+00:00
ORD-053922,3,1,Mechanical Keyboard 75%,peripherals,1,129.00,129.00,refunded,2026-07-26T20:32:11+00:00
ORD-053923,7,10,Laptop Stand Aluminium,accessories,4,27.50,110.00,completed,2026-07-26T16:30:40+00:00
ORD-053924,7,6,Desk Speakers Pair,audio,3,89.00,267.00,pending,2026-07-26T23:17:25+00:00
ORD-053925,9,7,Standing Desk 120cm,furniture,2,449.00,898.00,pending,2026-07-26T00:16:30+00:00
ORD-053926,3,9,USB-C Hub 8-in-1,accessories,4,39.99,159.96,cancelled,2026-07-26T23:39:07+00:00
ORD-053927,8,1,Mechanical Keyboard 75%,peripherals,3,129.00,387.00,cancelled,2026-07-26T16:29:39+00:00
ORD-053928,4,10,Laptop Stand Aluminium,accessories,5,27.50,137.50,cancelled,2026-07-26T00:56:43+00:00
ORD-053929,9,6,Desk Speakers Pair,audio,4,89.00,356.00,completed,2026-07-26T19:04:48+00:00
ORD-053930,6,4,34in Ultrawide Monitor,displays,5,579.00,2895.00,pending,2026-07-26T07:56:11+00:00
ORD-053931,7,10,Laptop Stand Aluminium,accessories,3,27.50,82.50,pending,2026-07-26T06:02:06+00:00
ORD-053932,9,2,Wireless Mouse,peripherals,5,49.50,247.50,pending,2026-07-26T23:13:45+00:00
ORD-053933,8,3,27in 1440p Monitor,displays,5,319.99,1599.95,completed,2026-07-26T01:18:41+00:00
ORD-053934,4,9,USB-C Hub 8-in-1,accessories,1,39.99,39.99,cancelled,2026-07-26T00:15:30+00:00
ORD-053935,5,3,27in 1440p Monitor,displays,3,319.99,959.97,cancelled,2026-07-26T07:20:38+00:00
ORD-053936,4,6,Desk Speakers Pair,audio,4,89.00,356.00,cancelled,2026-07-26T15:56:03+00:00
ORD-053937,9,1,Mechanical Keyboard 75%,peripherals,2,129.00,258.00,cancelled,2026-07-26T01:00:50+00:00
ORD-053938,10,1,Mechanical Keyboard 75%,peripherals,2,129.00,258.00,pending,2026-07-26T02:58:55+00:00
ORD-053939,3,3,27in 1440p Monitor,displays,2,319.99,639.98,completed,2026-07-26T18:11:17+00:00
ORD-053940,2,6,Desk Speakers Pair,audio,5,89.00,445.00,cancelled,2026-07-26T22:42:12+00:00
ORD-053941,3,1,Mechanical Keyboard 75%,peripherals,4,129.00,516.00,refunded,2026-07-26T19:36:32+00:00
ORD-053942,7,6,Desk Speakers Pair,audio,1,89.00,89.00,refunded,2026-07-26T04:22:08+00:00
ORD-053943,7,2,Wireless Mouse,peripherals,2,49.50,99.00,refunded,2026-07-26T23:23:18+00:00
ORD-053944,7,7,Standing Desk 120cm,furniture,1,449.00,449.00,refunded,2026-07-26T00:24:40+00:00
ORD-053945,9,5,Over-ear Headphones,audio,5,199.95,999.75,pending,2026-07-26T19:37:07+00:00
ORD-053946,10,1,Mechanical Keyboard 75%,peripherals,4,129.00,516.00,cancelled,2026-07-26T19:22:05+00:00
ORD-053947,10,2,Wireless Mouse,peripherals,3,49.50,148.50,completed,2026-07-26T05:46:06+00:00
ORD-053948,7,2,Wireless Mouse,peripherals,1,49.50,49.50,pending,2026-07-26T20:58:29+00:00
ORD-053949,7,6,Desk Speakers Pair,audio,4,89.00,356.00,pending,2026-07-26T08:33:49+00:00
ORD-053950,8,10,Laptop Stand Aluminium,accessories,3,27.50,82.50,refunded,2026-07-26T04:47:19+00:00
ORD-053951,1,9,USB-C Hub 8-in-1,accessories,4,39.99,159.96,refunded,2026-07-26T22:27:00+00:00
ORD-053952,1,3,27in 1440p Monitor,displays,2,319.99,639.98,pending,2026-07-26T21:58:36+00:00
ORD-053953,5,4,34in Ultrawide Monitor,displays,2,579.00,1158.00,pending,2026-07-26T23:22:46+00:00
ORD-053954,3,8,Ergonomic Chair,furniture,5,612.75,3063.75,pending,2026-07-26T18:31:45+00:00
ORD-053955,7,9,USB-C Hub 8-in-1,accessories,5,39.99,199.95,completed,2026-07-26T15:56:36+00:00
ORD-053956,3,4,34in Ultrawide Monitor,displays,4,579.00,2316.00,refunded,2026-07-26T23:19:26+00:00
ORD-053957,10,8,Ergonomic Chair,furniture,1,612.75,612.75,pending,2026-07-26T08:44:29+00:00
ORD-053958,7,2,Wireless Mouse,peripherals,2,49.50,99.00,completed,2026-07-26T15:28:23+00:00
ORD-053959,8,8,Ergonomic Chair,furniture,3,612.75,1838.25,cancelled,2026-07-26T13:22:06+00:00
ORD-053960,4,5,Over-ear Headphones,audio,2,199.95,399.90,pending,2026-07-26T20:09:22+00:00
ORD-053961,3,10,Laptop Stand Aluminium,accessories,4,27.50,110.00,completed,2026-07-26T11:14:47+00:00
ORD-053962,10,2,Wireless Mouse,peripherals,3,49.50,148.50,cancelled,2026-07-26T11:39:01+00:00
ORD-053963,7,1,Mechanical Keyboard 75%,peripherals,4,129.00,516.00,pending,2026-07-26T19:04:11+00:00
ORD-053964,2,5,Over-ear Headphones,audio,3,199.95,599.85,completed,2026-07-26T13:15:01+00:00
ORD-053965,10,1,Mechanical Keyboard 75%,peripherals,5,129.00,645.00,refunded,2026-07-26T16:32:29+00:00
ORD-053966,2,6,Desk Speakers Pair,audio,3,89.00,267.00,refunded,2026-07-26T20:45:02+00:00
ORD-053967,4,10,Laptop Stand Aluminium,accessories,3,27.50,82.50,pending,2026-07-26T17:27:21+00:00
ORD-053968,10,4,34in Ultrawide Monitor,displays,5,579.00,2895.00,completed,2026-07-26T19:11:26+00:00
ORD-053969,4,9,USB-C Hub 8-in-1,accessories,4,39.99,159.96,completed,2026-07-26T09:12:23+00:00
ORD-053970,1,7,Standing Desk 120cm,furniture,3,449.00,1347.00,refunded,2026-07-26T21:02:41+00:00
ORD-053971,9,3,27in 1440p Monitor,displays,1,319.99,319.99,refunded,2026-07-26T03:21:37+00:00
ORD-053972,6,6,Desk Speakers Pair,audio,4,89.00,356.00,completed,2026-07-26T11:01:45+00:00
ORD-053973,5,10,Laptop Stand Aluminium,accessories,1,27.50,27.50,pending,2026-07-26T19:33:51+00:00
ORD-053974,5,3,27in 1440p Monitor,displays,2,319.99,639.98,refunded,2026-07-26T18:48:07+00:00
ORD-053975,3,4,34in Ultrawide Monitor,displays,4,579.00,2316.00,pending,2026-07-26T22:42:19+00:00
ORD-053976,5,8,Ergonomic Chair,furniture,4,612.75,2451.00,cancelled,2026-07-26T05:37:54+00:00
ORD-053977,1,1,Mechanical Keyboard 75%,peripherals,3,129.00,387.00,refunded,2026-07-26T20:15:11+00:00
ORD-053978,9,10,Laptop Stand Aluminium,accessories,3,27.50,82.50,completed,2026-07-26T02:50:22+00:00
ORD-053979,7,6,Desk Speakers Pair,audio,3,89.00,267.00,pending,2026-07-26T19:19:36+00:00
ORD-053980,5,6,Desk Speakers Pair,audio,2,89.00,178.00,pending,2026-07-26T05:59:59+00:00
ORD-053981,3,10,Laptop Stand Aluminium,accessories,1,27.50,27.50,cancelled,2026-07-26T00:30:22+00:00
ORD-053982,9,3,27in 1440p Monitor,displays,5,319.99,1599.95,pending,2026-07-26T23:11:25+00:00
ORD-053983,5,2,Wireless Mouse,peripherals,3,49.50,148.50,cancelled,2026-07-26T13:58:02+00:00
ORD-053984,7,9,USB-C Hub 8-in-1,accessories,4,39.99,159.96,completed,2026-07-26T06:20:43+00:00
ORD-053985,9,2,Wireless Mouse,peripherals,2,49.50,99.00,refunded,2026-07-26T04:59:41+00:00
ORD-053986,9,10,Laptop Stand Aluminium,accessories,4,27.50,110.00,cancelled,2026-07-26T09:49:42+00:00
ORD-053987,7,8,Ergonomic Chair,furniture,1,612.75,612.75,pending,2026-07-26T16:24:17+00:00
ORD-053988,10,5,Over-ear Headphones,audio,5,199.95,999.75,completed,2026-07-26T07:50:30+00:00
ORD-053989,3,9,USB-C Hub 8-in-1,accessories,4,39.99,159.96,cancelled,2026-07-26T11:39:13+00:00
ORD-053990,9,10,Laptop Stand Aluminium,accessories,1,27.50,27.50,pending,2026-07-26T01:57:19+00:00
ORD-053991,3,1,Mechanical Keyboard 75%,peripherals,4,129.00,516.00,refunded,2026-07-26T16:31:38+00:00
ORD-053992,9,2,Wireless Mouse,peripherals,4,49.50,198.00,completed,2026-07-26T02:23:34+00:00
ORD-053993,5,1,Mechanical Keyboard 75%,peripherals,2,129.00,258.00,pending,2026-07-26T13:47:20+00:00
ORD-053994,2,4,34in Ultrawide Monitor,displays,5,579.00,2895.00,cancelled,2026-07-26T04:35:43+00:00
ORD-053995,3,7,Standing Desk 120cm,furniture,2,449.00,898.00,pending,2026-07-26T18:26:11+00:00
ORD-053996,3,2,Wireless Mouse,peripherals,3,49.50,148.50,completed,2026-07-26T10:13:49+00:00
ORD-053997,4,6,Desk Speakers Pair,audio,2,89.00,178.00,refunded,2026-07-26T13:48:16+00:00
ORD-053998,2,8,Ergonomic Chair,furniture,5,612.75,3063.75,cancelled,2026-07-26T09:40:34+00:00
ORD-053999,7,7,Standing Desk 120cm,furniture,4,449.00,1796.00,completed,2026-07-26T00:18:34+00:00
ORD-054000,5,8,Ergonomic Chair,furniture,3,612.75,1838.25,cancelled,2026-07-26T23:41:47+00:00
ORD-054001,8,8,Ergonomic Chair,furniture,1,612.75,612.75,pending,2026-07-26T22:23:06+00:00
ORD-054002,7,3,27in 1440p Monitor,displays,3,319.99,959.97,pending,2026-07-26T12:37:45+00:00
ORD-054003,4,6,Desk Speakers Pair,audio,5,89.00,445.00,completed,2026-07-26T00:09:58+00:00
ORD-054004,5,9,USB-C Hub 8-in-1,accessories,4,39.99,159.96,cancelled,2026-07-26T05:39:43+00:00
ORD-054005,4,3,27in 1440p Monitor,displays,3,319.99,959.97,pending,2026-07-26T04:20:19+00:00
ORD-054006,9,7,Standing Desk 120cm,furniture,2,449.00,898.00,cancelled,2026-07-26T20:47:15+00:00
ORD-054007,3,7,Standing Desk 120cm,furniture,5,449.00,2245.00,pending,2026-07-26T04:47:06+00:00
ORD-054008,8,7,Standing Desk 120cm,furniture,2,449.00,898.00,cancelled,2026-07-26T18:25:32+00:00
ORD-054009,9,1,Mechanical Keyboard 75%,peripherals,5,129.00,645.00,pending,2026-07-26T00:29:44+00:00
ORD-054010,7,3,27in 1440p Monitor,displays,5,319.99,1599.95,refunded,2026-07-26T06:08:15+00:00
ORD-054011,7,10,Laptop Stand Aluminium,accessories,2,27.50,55.00,cancelled,2026-07-26T19:12:39+00:00
ORD-054012,1,3,27in 1440p Monitor,displays,4,319.99,1279.96,refunded,2026-07-26T23:35:05+00:00
ORD-054013,10,9,USB-C Hub 8-in-1,accessories,1,39.99,39.99,cancelled,2026-07-26T05:03:12+00:00
ORD-054014,7,8,Ergonomic Chair,furniture,2,612.75,1225.50,cancelled,2026-07-26T08:39:55+00:00
ORD-054015,2,7,Standing Desk 120cm,furniture,3,449.00,1347.00,pending,2026-07-26T18:41:09+00:00
ORD-054016,4,4,34in Ultrawide Monitor,displays,5,579.00,2895.00,completed,2026-07-26T00:18:48+00:00
ORD-054017,3,3,27in 1440p Monitor,displays,5,319.99,1599.95,refunded,2026-07-26T12:52:13+00:00
ORD-054018,1,1,Mechanical Keyboard 75%,peripherals,1,129.00,129.00,cancelled,2026-07-26T15:22:44+00:00
ORD-054019,9,10,Laptop Stand Aluminium,accessories,1,27.50,27.50,cancelled,2026-07-26T14:13:47+00:00
ORD-054020,7,2,Wireless Mouse,peripherals,3,49.50,148.50,cancelled,2026-07-26T07:21:37+00:00
ORD-054021,3,2,Wireless Mouse,peripherals,2,49.50,99.00,pending,2026-07-26T01:58:38+00:00
ORD-054022,2,5,Over-ear Headphones,audio,1,199.95,199.95,completed,2026-07-26T07:56:29+00:00
ORD-054023,7,9,USB-C Hub 8-in-1,accessories,5,39.99,199.95,refunded,2026-07-26T04:56:34+00:00
ORD-054024,2,1,Mechanical Keyboard 75%,peripherals,5,129.00,645.00,refunded,2026-07-26T15:48:57+00:00
ORD-054025,8,10,Laptop Stand Aluminium,accessories,1,27.50,27.50,pending,2026-07-26T23:37:44+00:00
ORD-054026,5,9,USB-C Hub 8-in-1,accessories,1,39.99,39.99,cancelled,2026-07-26T11:10:42+00:00
ORD-054027,2,1,Mechanical Keyboard 75%,peripherals,5,129.00,645.00,pending,2026-07-26T00:16:26+00:00
ORD-054028,5,8,Ergonomic Chair,furniture,5,612.75,3063.75,cancelled,2026-07-26T17:18:44+00:00
ORD-054029,7,6,Desk Speakers Pair,audio,1,89.00,89.00,pending,2026-07-26T10:56:08+00:00
ORD-054030,2,4,34in Ultrawide Monitor,displays,1,579.00,579.00,pending,2026-07-26T23:31:17+00:00
ORD-054031,8,8,Ergonomic Chair,furniture,5,612.75,3063.75,cancelled,2026-07-26T10:55:01+00:00
ORD-054032,10,1,Mechanical Keyboard 75%,peripherals,1,129.00,129.00,pending,2026-07-26T14:59:03+00:00
ORD-054033,4,1,Mechanical Keyboard 75%,peripherals,5,129.00,645.00,cancelled,2026-07-26T09:42:56+00:00
ORD-054034,5,8,Ergonomic Chair,furniture,5,612.75,3063.75,refunded,2026-07-26T10:22:41+00:00
ORD-054035,8,2,Wireless Mouse,peripherals,5,49.50,247.50,pending,2026-07-26T23:05:09+00:00
ORD-054036,10,6,Desk Speakers Pair,audio,3,89.00,267.00,cancelled,2026-07-26T12:10:51+00:00
ORD-054037,8,8,Ergonomic Chair,furniture,3,612.75,1838.25,completed,2026-07-26T19:47:43+00:00
ORD-054038,8,4,34in Ultrawide Monitor,displays,3,579.00,1737.00,completed,2026-07-26T10:53:17+00:00
ORD-054039,4,8,Ergonomic Chair,furniture,4,612.75,2451.00,cancelled,2026-07-26T02:20:20+00:00
ORD-054040,5,5,Over-ear Headphones,audio,1,199.95,199.95,cancelled,2026-07-26T05:03:05+00:00
ORD-054041,6,5,Over-ear Headphones,audio,3,199.95,599.85,pending,2026-07-26T09:06:10+00:00
ORD-054042,9,2,Wireless Mouse,peripherals,3,49.50,148.50,refunded,2026-07-26T20:50:43+00:00
ORD-054043,5,2,Wireless Mouse,peripherals,3,49.50,148.50,completed,2026-07-26T10:52:25+00:00
ORD-054044,2,1,Mechanical Keyboard 75%,peripherals,5,129.00,645.00,pending,2026-07-26T05:55:48+00:00
ORD-054045,5,2,Wireless Mouse,peripherals,3,49.50,148.50,completed,2026-07-26T19:22:03+00:00
ORD-054046,1,6,Desk Speakers Pair,audio,3,89.00,267.00,pending,2026-07-26T19:01:50+00:00
ORD-054047,10,10,Laptop Stand Aluminium,accessories,3,27.50,82.50,pending,2026-07-26T20:06:38+00:00
ORD-054048,8,10,Laptop Stand Aluminium,accessories,3,27.50,82.50,pending,2026-07-26T08:30:10+00:00
ORD-054049,4,3,27in 1440p Monitor,displays,2,319.99,639.98,completed,2026-07-26T08:22:19+00:00
ORD-054050,6,2,Wireless Mouse,peripherals,3,49.50,148.50,cancelled,2026-07-26T17:26:07+00:00
ORD-054051,6,8,Ergonomic Chair,furniture,3,612.75,1838.25,refunded,2026-07-26T01:20:40+00:00
ORD-054052,9,4,34in Ultrawide Monitor,displays,3,579.00,1737.00,cancelled,2026-07-26T21:18:22+00:00
ORD-054053,5,2,Wireless Mouse,peripherals,3,49.50,148.50,pending,2026-07-26T13:29:40+00:00
ORD-054054,8,1,Mechanical Keyboard 75%,peripherals,1,129.00,129.00,pending,2026-07-26T09:18:57+00:00
ORD-054055,3,5,Over-ear Headphones,audio,2,199.95,399.90,cancelled,2026-07-26T13:28:24+00:00
ORD-054056,10,5,Over-ear Headphones,audio,1,199.95,199.95,pending,2026-07-26T04:55:28+00:00
ORD-054057,6,7,Standing Desk 120cm,furniture,2,449.00,898.00,pending,2026-07-26T17:57:24+00:00
ORD-054058,8,4,34in Ultrawide Monitor,displays,2,579.00,1158.00,completed,2026-07-26T19:21:19+00:00
ORD-054059,10,4,34in Ultrawide Monitor,displays,3,579.00,1737.00,completed,2026-07-26T10:37:02+00:00
ORD-054060,1,6,Desk Speakers Pair,audio,2,89.00,178.00,cancelled,2026-07-26T14:05:07+00:00
ORD-054061,8,7,Standing Desk 120cm,furniture,2,449.00,898.00,pending,2026-07-26T14:49:27+00:00
ORD-054062,4,10,Laptop Stand Aluminium,accessories,2,27.50,55.00,completed,2026-07-26T18:08:37+00:00
ORD-054063,7,3,27in 1440p Monitor,displays,3,319.99,959.97,cancelled,2026-07-26T17:14:42+00:00
ORD-054064,7,10,Laptop Stand Aluminium,accessories,3,27.50,82.50,pending,2026-07-26T02:49:51+00:00
ORD-054065,6,5,Over-ear Headphones,audio,5,199.95,999.75,completed,2026-07-26T22:24:46+00:00
ORD-054066,2,6,Desk Speakers Pair,audio,2,89.00,178.00,cancelled,2026-07-26T07:38:39+00:00
ORD-054067,5,8,Ergonomic Chair,furniture,2,612.75,1225.50,pending,2026-07-26T17:56:51+00:00
ORD-054068,1,4,34in Ultrawide Monitor,displays,1,579.00,579.00,completed,2026-07-26T22:09:46+00:00
ORD-054069,3,5,Over-ear Headphones,audio,1,199.95,199.95,pending,2026-07-26T06:44:00+00:00
ORD-054070,1,2,Wireless Mouse,peripherals,1,49.50,49.50,refunded,2026-07-26T20:46:28+00:00
ORD-054071,7,7,Standing Desk 120cm,furniture,3,449.00,1347.00,cancelled,2026-07-26T19:18:31+00:00
ORD-054072,10,6,Desk Speakers Pair,audio,3,89.00,267.00,cancelled,2026-07-26T09:22:52+00:00
ORD-054073,1,2,Wireless Mouse,peripherals,2,49.50,99.00,cancelled,2026-07-26T20:58:38+00:00
ORD-054074,1,7,Standing Desk 120cm,furniture,3,449.00,1347.00,cancelled,2026-07-26T05:48:25+00:00
ORD-054075,3,8,Ergonomic Chair,furniture,5,612.75,3063.75,refunded,2026-07-26T02:27:59+00:00
ORD-054076,1,2,Wireless Mouse,peripherals,3,49.50,148.50,cancelled,2026-07-26T02:56:30+00:00
ORD-054077,9,6,Desk Speakers Pair,audio,5,89.00,445.00,completed,2026-07-26T17:25:36+00:00
ORD-054078,4,4,34in Ultrawide Monitor,displays,3,579.00,1737.00,pending,2026-07-26T22:33:26+00:00
ORD-054079,4,2,Wireless Mouse,peripherals,5,49.50,247.50,refunded,2026-07-26T12:53:21+00:00
ORD-054080,9,9,USB-C Hub 8-in-1,accessories,2,39.99,79.98,completed,2026-07-26T07:28:04+00:00
ORD-054081,4,4,34in Ultrawide Monitor,displays,3,579.00,1737.00,pending,2026-07-26T10:57:37+00:00
ORD-054082,10,9,USB-C Hub 8-in-1,accessories,2,39.99,79.98,pending,2026-07-26T15:17:56+00:00
ORD-054083,3,4,34in Ultrawide Monitor,displays,3,579.00,1737.00,pending,2026-07-26T00:44:59+00:00
ORD-054084,5,7,Standing Desk 120cm,furniture,3,449.00,1347.00,cancelled,2026-07-26T19:27:42+00:00
ORD-054085,5,4,34in Ultrawide Monitor,displays,5,579.00,2895.00,pending,2026-07-26T22:35:11+00:00
ORD-054086,3,3,27in 1440p Monitor,displays,1,319.99,319.99,pending,2026-07-26T01:59:29+00:00
ORD-054087,6,8,Ergonomic Chair,furniture,5,612.75,3063.75,completed,2026-07-26T17:02:52+00:00
ORD-054088,1,2,Wireless Mouse,peripherals,4,49.50,198.00,cancelled,2026-07-26T20:09:57+00:00
ORD-054089,10,9,USB-C Hub 8-in-1,accessories,1,39.99,39.99,refunded,2026-07-26T00:28:40+00:00
ORD-054090,7,10,Laptop Stand Aluminium,accessories,3,27.50,82.50,cancelled,2026-07-26T13:33:05+00:00
ORD-054091,6,5,Over-ear Headphones,audio,1,199.95,199.95,refunded,2026-07-26T08:51:58+00:00
ORD-054092,4,4,34in Ultrawide Monitor,displays,3,579.00,1737.00,completed,2026-07-26T21:29:23+00:00
ORD-054093,7,4,34in Ultrawide Monitor,displays,4,579.00,2316.00,refunded,2026-07-26T02:37:49+00:00
ORD-054094,1,9,USB-C Hub 8-in-1,accessories,3,39.99,119.97,completed,2026-07-26T01:15:27+00:00
ORD-054095,3,2,Wireless Mouse,peripherals,2,49.50,99.00,cancelled,2026-07-26T13:31:53+00:00
ORD-054096,2,5,Over-ear Headphones,audio,4,199.95,799.80,refunded,2026-07-26T02:20:05+00:00
ORD-054097,3,3,27in 1440p Monitor,displays,2,319.99,639.98,refunded,2026-07-26T12:28:39+00:00
ORD-054098,8,9,USB-C Hub 8-in-1,accessories,3,39.99,119.97,cancelled,2026-07-26T03:47:40+00:00
ORD-054099,4,7,Standing Desk 120cm,furniture,5,449.00,2245.00,completed,2026-07-26T09:49:24+00:00
ORD-054100,9,4,34in Ultrawide Monitor,displays,1,579.00,579.00,refunded,2026-07-26T17:43:43+00:00
ORD-054101,10,10,Laptop Stand Aluminium,accessories,3,27.50,82.50,completed,2026-07-26T01:29:50+00:00
ORD-054102,6,7,Standing Desk 120cm,furniture,1,449.00,449.00,pending,2026-07-26T10:11:08+00:00
ORD-054103,1,8,Ergonomic Chair,furniture,4,612.75,2451.00,cancelled,2026-07-26T07:40:32+00:00
ORD-054104,5,8,Ergonomic Chair,furniture,5,612.75,3063.75,refunded,2026-07-26T14:54:12+00:00
ORD-054105,8,2,Wireless Mouse,peripherals,4,49.50,198.00,completed,2026-07-26T01:49:57+00:00
ORD-054106,1,10,Laptop Stand Aluminium,accessories,5,27.50,137.50,pending,2026-07-26T23:06:58+00:00
ORD-054107,2,10,Laptop Stand Aluminium,accessories,5,27.50,137.50,completed,2026-07-26T04:38:30+00:00
ORD-054108,2,10,Laptop Stand Aluminium,accessories,1,27.50,27.50,completed,2026-07-26T13:57:41+00:00
ORD-054109,4,6,Desk Speakers Pair,audio,4,89.00,356.00,completed,2026-07-26T21:39:39+00:00
ORD-054110,1,9,USB-C Hub 8-in-1,accessories,2,39.99,79.98,completed,2026-07-26T02:18:35+00:00
ORD-054111,2,5,Over-ear Headphones,audio,5,199.95,999.75,completed,2026-07-26T15:55:30+00:00
ORD-054112,9,4,34in Ultrawide Monitor,displays,4,579.00,2316.00,refunded,2026-07-26T16:46:58+00:00
ORD-054113,10,5,Over-ear Headphones,audio,3,199.95,599.85,completed,2026-07-26T04:46:38+00:00
ORD-054114,9,6,Desk Speakers Pair,audio,5,89.00,445.00,pending,2026-07-26T12:24:03+00:00
ORD-054115,6,4,34in Ultrawide Monitor,displays,5,579.00,2895.00,cancelled,2026-07-26T18:16:28+00:00
ORD-054116,8,5,Over-ear Headphones,audio,1,199.95,199.95,cancelled,2026-07-26T09:34:56+00:00
ORD-054117,4,6,Desk Speakers Pair,audio,2,89.00,178.00,completed,2026-07-26T02:58:08+00:00
ORD-054118,1,3,27in 1440p Monitor,displays,4,319.99,1279.96,refunded,2026-07-26T12:23:25+00:00
ORD-054119,6,9,USB-C Hub 8-in-1,accessories,2,39.99,79.98,pending,2026-07-26T07:13:26+00:00
ORD-054120,10,9,USB-C Hub 8-in-1,accessories,2,39.99,79.98,completed,2026-07-26T15:06:47+00:00
ORD-054121,6,4,34in Ultrawide Monitor,displays,1,579.00,579.00,completed,2026-07-26T09:56:34+00:00
ORD-054122,9,5,Over-ear Headphones,audio,4,199.95,799.80,cancelled,2026-07-26T05:15:48+00:00
ORD-054123,4,2,Wireless Mouse,peripherals,3,49.50,148.50,completed,2026-07-26T21:49:43+00:00
ORD-054124,10,8,Ergonomic Chair,furniture,2,612.75,1225.50,refunded,2026-07-26T23:56:27+00:00
ORD-054125,7,3,27in 1440p Monitor,displays,5,319.99,1599.95,completed,2026-07-26T23:30:33+00:00
ORD-054126,5,7,Standing Desk 120cm,furniture,5,449.00,2245.00,refunded,2026-07-26T21:14:14+00:00
ORD-054127,4,5,Over-ear Headphones,audio,2,199.95,399.90,refunded,2026-07-26T18:37:50+00:00
ORD-054128,9,1,Mechanical Keyboard 75%,peripherals,2,129.00,258.00,completed,2026-07-26T14:40:18+00:00
ORD-054129,2,7,Standing Desk 120cm,furniture,1,449.00,449.00,pending,2026-07-26T01:35:26+00:00
ORD-054130,7,8,Ergonomic Chair,furniture,3,612.75,1838.25,pending,2026-07-26T08:57:15+00:00
ORD-054131,4,10,Laptop Stand Aluminium,accessories,3,27.50,82.50,completed,not-a-valid-date
ORD-054132,6,1,Mechanical Keyboard 75%,peripherals,4,129.00,516.00,cancelled,2026-07-26T09:53:19+00:00
ORD-054133,7,3,27in 1440p Monitor,displays,1,319.99,319.99,cancelled,2026-07-26T13:35:40+00:00
ORD-054134,9,5,Over-ear Headphones,audio,2,199.95,399.90,pending,2026-07-26T04:44:40+00:00
ORD-054135,1,1,Mechanical Keyboard 75%,peripherals,3,129.00,387.00,refunded,2026-07-26T07:04:25+00:00
ORD-054136,10,6,Desk Speakers Pair,audio,4,89.00,356.00,cancelled,2026-07-26T22:05:42+00:00
ORD-054137,4,9,USB-C Hub 8-in-1,accessories,5,39.99,199.95,refunded,2026-07-26T19:15:09+00:00
ORD-054138,7,4,34in Ultrawide Monitor,displays,1,579.00,579.00,refunded,2026-07-26T13:36:48+00:00
ORD-054139,3,7,Standing Desk 120cm,furniture,4,449.00,1796.00,pending,2026-07-26T13:31:48+00:00
ORD-054140,6,4,34in Ultrawide Monitor,displays,4,579.00,2316.00,refunded,2026-07-26T03:17:06+00:00
ORD-054141,3,8,Ergonomic Chair,furniture,3,612.75,1838.25,refunded,2026-07-26T08:28:50+00:00
ORD-054142,1,1,Mechanical Keyboard 75%,peripherals,4,129.00,516.00,refunded,2026-07-26T03:34:27+00:00
ORD-054143,2,6,Desk Speakers Pair,audio,5,89.00,445.00,pending,2026-07-26T02:51:02+00:00
ORD-054144,7,5,Over-ear Headphones,audio,5,199.95,999.75,cancelled,2026-07-26T01:31:06+00:00
ORD-054145,9,2,Wireless Mouse,peripherals,5,49.50,247.50,cancelled,2026-07-26T20:35:11+00:00
ORD-054146,9,8,Ergonomic Chair,furniture,5,612.75,3063.75,cancelled,2026-07-26T06:21:24+00:00
ORD-054147,9,4,34in Ultrawide Monitor,displays,5,579.00,2895.00,cancelled,2026-07-26T02:19:21+00:00
ORD-054148,8,9,USB-C Hub 8-in-1,accessories,2,39.99,79.98,refunded,2026-07-26T13:01:14+00:00
ORD-054149,1,1,Mechanical Keyboard 75%,peripherals,2,129.00,258.00,completed,2026-07-26T22:41:59+00:00
ORD-054150,10,8,Ergonomic Chair,furniture,5,612.75,3063.75,completed,2026-07-26T16:32:13+00:00
ORD-054151,6,5,Over-ear Headphones,audio,2,199.95,399.90,pending,2026-07-26T15:35:30+00:00
ORD-054152,10,2,Wireless Mouse,peripherals,5,49.50,247.50,completed,2026-07-26T02:44:58+00:00
ORD-054153,1,3,27in 1440p Monitor,displays,5,319.99,1599.95,completed,2026-07-26T22:50:52+00:00
ORD-054154,9,2,Wireless Mouse,peripherals,1,49.50,49.50,refunded,2026-07-26T02:44:31+00:00
ORD-054155,9,1,Mechanical Keyboard 75%,peripherals,4,129.00,516.00,refunded,2026-07-26T23:13:05+00:00
ORD-054156,6,3,27in 1440p Monitor,displays,5,319.99,1599.95,refunded,2026-07-26T10:19:56+00:00
ORD-054157,4,10,Laptop Stand Aluminium,accessories,1,27.50,27.50,pending,2026-07-26T00:54:53+00:00
ORD-054158,1,9,USB-C Hub 8-in-1,accessories,1,39.99,39.99,refunded,2026-07-26T20:37:26+00:00
ORD-054159,7,4,34in Ultrawide Monitor,displays,3,579.00,1737.00,pending,2026-07-26T07:14:02+00:00
ORD-054160,7,1,Mechanical Keyboard 75%,peripherals,2,129.00,258.00,cancelled,2026-07-26T03:15:21+00:00
ORD-054161,5,2,Wireless Mouse,peripherals,3,49.50,148.50,completed,2026-07-26T12:17:38+00:00
ORD-054162,7,9,USB-C Hub 8-in-1,accessories,4,39.99,159.96,refunded,2026-07-26T05:20:16+00:00
ORD-054163,8,2,Wireless Mouse,peripherals,5,49.50,247.50,pending,2026-07-26T13:14:42+00:00
ORD-054164,6,9,USB-C Hub 8-in-1,accessories,2,39.99,79.98,completed,2026-07-26T12:23:29+00:00
ORD-054165,7,7,Standing Desk 120cm,furniture,1,449.00,449.00,completed,2026-07-26T08:09:21+00:00
ORD-054166,6,1,Mechanical Keyboard 75%,peripherals,5,129.00,645.00,completed,2026-07-26T17:08:13+00:00
ORD-054167,2,4,34in Ultrawide Monitor,displays,1,579.00,579.00,completed,2026-07-26T22:02:08+00:00
ORD-054168,1,4,34in Ultrawide Monitor,displays,2,579.00,1158.00,completed,2026-07-26T00:36:24+00:00
ORD-054169,8,5,Over-ear Headphones,audio,4,199.95,799.80,pending,2026-07-26T23:38:52+00:00
ORD-054170,8,8,Ergonomic Chair,furniture,5,612.75,3063.75,pending,2026-07-26T18:01:21+00:00
ORD-054171,10,3,27in 1440p Monitor,displays,1,319.99,319.99,refunded,2026-07-26T17:11:00+00:00
ORD-054172,4,7,Standing Desk 120cm,furniture,5,449.00,2245.00,refunded,2026-07-26T05:21:06+00:00
ORD-054173,1,10,Laptop Stand Aluminium,accessories,1,27.50,27.50,pending,2026-07-26T01:42:46+00:00
ORD-054174,2,5,Over-ear Headphones,audio,4,199.95,799.80,refunded,2026-07-26T02:26:47+00:00
ORD-054175,10,6,Desk Speakers Pair,audio,3,89.00,267.00,cancelled,2026-07-26T16:11:45+00:00
ORD-054176,3,10,Laptop Stand Aluminium,accessories,2,27.50,55.00,refunded,2026-07-26T00:11:37+00:00
ORD-054177,8,8,Ergonomic Chair,furniture,1,612.75,612.75,completed,2026-07-26T01:59:23+00:00
ORD-054178,7,2,Wireless Mouse,peripherals,5,49.50,247.50,completed,2026-07-26T04:51:32+00:00
ORD-054179,2,1,Mechanical Keyboard 75%,peripherals,1,129.00,129.00,refunded,2026-07-26T10:43:53+00:00
ORD-054180,5,10,Laptop Stand Aluminium,accessories,4,27.50,110.00,refunded,2026-07-26T04:07:31+00:00
ORD-054181,3,2,Wireless Mouse,peripherals,1,49.50,49.50,cancelled,2026-07-26T16:37:37+00:00
ORD-054182,3,5,Over-ear Headphones,audio,1,199.95,199.95,refunded,2026-07-26T05:17:12+00:00
ORD-054183,8,5,Over-ear Headphones,audio,5,199.95,999.75,completed,2026-07-26T14:26:21+00:00
ORD-054184,1,3,27in 1440p Monitor,displays,5,319.99,1599.95,pending,2026-07-26T13:43:45+00:00
ORD-054185,5,2,Wireless Mouse,peripherals,2,49.50,99.00,pending,2026-07-26T01:45:19+00:00
ORD-054186,8,6,Desk Speakers Pair,audio,4,89.00,356.00,pending,2026-07-26T08:56:19+00:00
ORD-054187,10,7,Standing Desk 120cm,furniture,5,449.00,2245.00,refunded,2026-07-26T01:59:40+00:00
ORD-054188,8,10,Laptop Stand Aluminium,accessories,5,27.50,137.50,pending,2026-07-26T17:10:24+00:00
ORD-054189,7,2,Wireless Mouse,peripherals,3,49.50,148.50,pending,2026-07-26T06:39:17+00:00
ORD-054190,5,10,Laptop Stand Aluminium,accessories,4,27.50,110.00,refunded,2026-07-26T19:38:43+00:00
ORD-054191,9,10,Laptop Stand Aluminium,accessories,5,27.50,137.50,completed,2026-07-26T16:32:23+00:00
ORD-054192,10,8,Ergonomic Chair,furniture,3,612.75,1838.25,cancelled,2026-07-26T14:26:42+00:00
ORD-054193,10,7,Standing Desk 120cm,furniture,2,449.00,898.00,refunded,2026-07-26T00:16:04+00:00
ORD-054194,10,2,Wireless Mouse,peripherals,4,49.50,198.00,completed,2026-07-26T07:54:45+00:00
ORD-054195,6,2,Wireless Mouse,peripherals,1,49.50,49.50,refunded,2026-07-26T11:14:40+00:00
ORD-054196,2,2,Wireless Mouse,peripherals,2,49.50,99.00,completed,2026-07-26T22:43:35+00:00
ORD-054197,6,6,Desk Speakers Pair,audio,5,89.00,445.00,completed,2026-07-26T22:58:31+00:00
ORD-054198,2,6,Desk Speakers Pair,audio,4,89.00,356.00,pending,2026-07-26T13:47:46+00:00
ORD-054199,5,8,Ergonomic Chair,furniture,2,612.75,1225.50,completed,2026-07-26T18:23:31+00:00
ORD-054200,3,3,27in 1440p Monitor,displays,3,319.99,959.97,cancelled,2026-07-26T07:41:22+00:00
ORD-054201,9,1,Mechanical Keyboard 75%,peripherals,4,129.00,516.00,completed,2026-07-26T10:44:27+00:00
ORD-054202,8,1,Mechanical Keyboard 75%,peripherals,3,129.00,387.00,completed,2026-07-26T05:07:03+00:00
ORD-054203,7,5,Over-ear Headphones,audio,1,199.95,199.95,refunded,2026-07-26T15:57:54+00:00
ORD-054204,5,10,Laptop Stand Aluminium,accessories,3,27.50,82.50,completed,2026-07-26T15:42:15+00:00
ORD-054205,7,10,Laptop Stand Aluminium,accessories,1,27.50,27.50,pending,2026-07-26T14:07:24+00:00
ORD-054206,1,8,Ergonomic Chair,furniture,2,612.75,1225.50,pending,2026-07-26T14:32:03+00:00
ORD-054207,6,1,Mechanical Keyboard 75%,peripherals,2,129.00,258.00,refunded,2026-07-26T11:15:07+00:00
ORD-054208,7,1,Mechanical Keyboard 75%,peripherals,5,129.00,645.00,cancelled,2026-07-26T01:22:01+00:00
ORD-054209,2,6,Desk Speakers Pair,audio,2,89.00,178.00,cancelled,2026-07-26T04:58:53+00:00
ORD-054210,5,3,27in 1440p Monitor,displays,4,319.99,1279.96,cancelled,2026-07-26T19:34:51+00:00
ORD-054211,7,10,Laptop Stand Aluminium,accessories,3,27.50,82.50,cancelled,2026-07-26T04:05:01+00:00
ORD-054212,1,3,27in 1440p Monitor,displays,3,319.99,959.97,completed,2026-07-26T10:44:41+00:00
ORD-054213,10,9,USB-C Hub 8-in-1,accessories,2,39.99,79.98,completed,2026-07-26T16:00:21+00:00
ORD-054214,5,6,Desk Speakers Pair,audio,1,89.00,89.00,cancelled,2026-07-26T03:12:39+00:00
ORD-054215,6,9,USB-C Hub 8-in-1,accessories,3,39.99,119.97,cancelled,2026-07-26T12:48:02+00:00
ORD-054216,6,9,USB-C Hub 8-in-1,accessories,1,39.99,39.99,cancelled,2026-07-26T03:29:57+00:00
ORD-054217,4,5,Over-ear Headphones,audio,5,199.95,999.75,pending,2026-07-26T20:40:48+00:00
ORD-054218,1,4,34in Ultrawide Monitor,displays,2,579.00,1158.00,cancelled,2026-07-26T10:59:10+00:00
ORD-054219,5,2,Wireless Mouse,peripherals,2,49.50,99.00,pending,2026-07-26T18:51:06+00:00
ORD-054220,8,8,Ergonomic Chair,furniture,4,612.75,2451.00,completed,2026-07-26T23:07:52+00:00
ORD-054221,2,1,Mechanical Keyboard 75%,peripherals,5,129.00,645.00,refunded,2026-07-26T04:56:02+00:00
ORD-054222,9,10,Laptop Stand Aluminium,accessories,5,27.50,137.50,refunded,2026-07-26T20:39:58+00:00
ORD-054223,2,9,USB-C Hub 8-in-1,accessories,2,39.99,79.98,cancelled,2026-07-26T02:34:24+00:00
ORD-054224,3,2,Wireless Mouse,peripherals,1,49.50,49.50,refunded,2026-07-26T07:18:03+00:00
ORD-054225,5,1,Mechanical Keyboard 75%,peripherals,3,129.00,387.00,completed,2026-07-26T21:58:25+00:00
ORD-054226,8,10,Laptop Stand Aluminium,accessories,5,27.50,137.50,completed,2026-07-26T16:26:18+00:00
ORD-054227,2,3,27in 1440p Monitor,displays,3,319.99,959.97,cancelled,2026-07-26T21:37:14+00:00
ORD-054228,8,7,Standing Desk 120cm,furniture,1,449.00,449.00,pending,2026-07-26T21:13:15+00:00
ORD-054229,7,2,Wireless Mouse,peripherals,1,49.50,49.50,cancelled,2026-07-26T17:58:14+00:00
ORD-054230,9,9,USB-C Hub 8-in-1,accessories,1,39.99,39.99,completed,2026-07-26T23:41:25+00:00
ORD-054231,1,3,27in 1440p Monitor,displays,5,319.99,1599.95,pending,2026-07-26T02:32:59+00:00
ORD-054232,5,2,Wireless Mouse,peripherals,4,49.50,198.00,refunded,2026-07-26T07:02:43+00:00
ORD-054233,8,9,USB-C Hub 8-in-1,accessories,4,39.99,159.96,refunded,2026-07-26T02:21:40+00:00
ORD-054234,4,10,Laptop Stand Aluminium,accessories,4,27.50,110.00,refunded,2026-07-26T00:28:36+00:00
ORD-054235,8,6,Desk Speakers Pair,audio,3,89.00,267.00,refunded,2026-07-26T03:00:57+00:00
ORD-054236,1,7,Standing Desk 120cm,furniture,2,449.00,898.00,pending,2026-07-26T07:19:47+00:00
ORD-054237,6,3,27in 1440p Monitor,displays,2,319.99,639.98,completed,2026-07-26T05:50:15+00:00
ORD-054238,9,10,Laptop Stand Aluminium,accessories,4,27.50,110.00,completed,2026-07-26T17:04:29+00:00
ORD-054239,5,10,Laptop Stand Aluminium,accessories,2,27.50,55.00,pending,2026-07-26T18:03:55+00:00
ORD-054240,5,4,34in Ultrawide Monitor,displays,4,579.00,2316.00,pending,2026-07-26T08:18:20+00:00
ORD-054241,9,1,Mechanical Keyboard 75%,peripherals,3,129.00,387.00,pending,2026-07-26T15:32:46+00:00
ORD-054242,5,7,Standing Desk 120cm,furniture,4,449.00,1796.00,completed,2026-07-26T00:57:06+00:00
ORD-054243,9,6,Desk Speakers Pair,audio,3,89.00,267.00,pending,2026-07-26T11:34:20+00:00
ORD-054244,6,3,27in 1440p Monitor,displays,5,319.99,1599.95,pending,2026-07-26T02:39:28+00:00
ORD-054245,7,4,34in Ultrawide Monitor,displays,3,579.00,1737.00,pending,2026-07-26T10:06:14+00:00
ORD-054246,10,8,Ergonomic Chair,furniture,1,612.75,612.75,cancelled,2026-07-26T19:26:53+00:00
ORD-054247,7,7,Standing Desk 120cm,furniture,5,449.00,2245.00,refunded,2026-07-26T11:09:58+00:00
ORD-054248,6,7,Standing Desk 120cm,furniture,5,449.00,2245.00,refunded,2026-07-26T00:18:23+00:00
ORD-054249,3,2,Wireless Mouse,peripherals,2,49.50,99.00,completed,2026-07-26T18:31:59+00:00
ORD-054250,1,8,Ergonomic Chair,furniture,4,612.75,2451.00,pending,2026-07-26T08:51:30+00:00
ORD-054251,7,8,Ergonomic Chair,furniture,2,612.75,1225.50,pending,2026-07-26T07:08:35+00:00
ORD-054252,4,2,Wireless Mouse,peripherals,4,49.50,198.00,refunded,2026-07-26T05:35:19+00:00
ORD-054253,6,3,27in 1440p Monitor,displays,4,319.99,1279.96,pending,2026-07-26T19:57:11+00:00
ORD-054254,8,10,Laptop Stand Aluminium,accessories,4,27.50,110.00,cancelled,2026-07-26T10:55:43+00:00
ORD-054255,3,1,Mechanical Keyboard 75%,peripherals,5,129.00,645.00,completed,2026-07-26T08:52:15+00:00
ORD-054256,10,7,Standing Desk 120cm,furniture,3,449.00,1347.00,completed,2026-07-26T22:23:45+00:00
ORD-054257,2,4,34in Ultrawide Monitor,displays,4,579.00,2316.00,pending,2026-07-26T01:50:57+00:00
ORD-054258,1,5,Over-ear Headphones,audio,1,199.95,199.95,pending,2026-07-26T00:15:15+00:00
ORD-054259,8,8,Ergonomic Chair,furniture,2,612.75,1225.50,completed,2026-07-26T08:11:42+00:00
ORD-054260,2,9,USB-C Hub 8-in-1,accessories,1,39.99,39.99,pending,2026-07-26T04:06:34+00:00
ORD-054261,5,10,Laptop Stand Aluminium,accessories,3,27.50,82.50,completed,2026-07-26T01:43:09+00:00
ORD-054262,8,1,Mechanical Keyboard 75%,peripherals,5,129.00,645.00,pending,2026-07-26T15:47:01+00:00
ORD-054263,1,4,34in Ultrawide Monitor,displays,5,579.00,2895.00,refunded,2026-07-26T08:07:18+00:00
ORD-054264,6,3,27in 1440p Monitor,displays,5,319.99,1599.95,refunded,2026-07-26T00:14:15+00:00
ORD-054265,8,7,Standing Desk 120cm,furniture,2,449.00,898.00,completed,2026-07-26T03:00:08+00:00
ORD-054266,9,4,34in Ultrawide Monitor,displays,4,579.00,2316.00,cancelled,2026-07-26T23:40:50+00:00
ORD-054267,6,3,27in 1440p Monitor,displays,5,319.99,1599.95,cancelled,2026-07-26T13:25:20+00:00
ORD-054268,7,10,Laptop Stand Aluminium,accessories,3,27.50,82.50,refunded,2026-07-26T15:19:58+00:00
ORD-054269,1,4,34in Ultrawide Monitor,displays,4,579.00,2316.00,completed,2026-07-26T17:25:14+00:00
ORD-054270,2,9,USB-C Hub 8-in-1,accessories,1,39.99,39.99,refunded,2026-07-26T00:53:35+00:00
ORD-054271,5,2,Wireless Mouse,peripherals,3,49.50,148.50,completed,2026-07-26T14:02:29+00:00
ORD-054272,10,8,Ergonomic Chair,furniture,5,612.75,3063.75,refunded,2026-07-26T16:02:06+00:00
ORD-054273,2,10,Laptop Stand Aluminium,accessories,5,27.50,137.50,cancelled,2026-07-26T05:10:56+00:00
ORD-054274,2,9,USB-C Hub 8-in-1,accessories,5,39.99,199.95,completed,2026-07-26T03:14:28+00:00
ORD-054275,3,1,Mechanical Keyboard 75%,peripherals,2,129.00,258.00,completed,2026-07-26T04:34:39+00:00
ORD-054276,9,10,Laptop Stand Aluminium,accessories,4,27.50,110.00,refunded,2026-07-26T10:47:30+00:00
ORD-054277,6,2,Wireless Mouse,peripherals,2,49.50,99.00,refunded,2026-07-26T03:20:42+00:00
ORD-054278,7,10,Laptop Stand Aluminium,accessories,5,27.50,137.50,cancelled,2026-07-26T22:01:43+00:00
ORD-054279,5,2,Wireless Mouse,peripherals,3,49.50,148.50,refunded,2026-07-26T01:53:19+00:00
ORD-054280,6,3,27in 1440p Monitor,displays,4,319.99,1279.96,cancelled,2026-07-26T22:10:54+00:00
ORD-054281,10,3,27in 1440p Monitor,displays,4,319.99,1279.96,cancelled,2026-07-26T08:33:27+00:00
ORD-054282,5,6,Desk Speakers Pair,audio,5,89.00,445.00,pending,2026-07-26T02:47:16+00:00
ORD-054283,2,4,34in Ultrawide Monitor,displays,1,579.00,579.00,cancelled,2026-07-26T02:05:31+00:00
ORD-054284,2,1,Mechanical Keyboard 75%,peripherals,5,129.00,645.00,completed,2026-07-26T18:11:12+00:00
ORD-054285,1,3,27in 1440p Monitor,displays,5,319.99,1599.95,completed,2026-07-26T00:57:18+00:00
ORD-054286,10,9,USB-C Hub 8-in-1,accessories,4,39.99,159.96,refunded,2026-07-26T19:48:35+00:00
ORD-054287,3,1,Mechanical Keyboard 75%,peripherals,4,129.00,516.00,refunded,2026-07-26T14:57:14+00:00
ORD-054288,9,8,Ergonomic Chair,furniture,1,612.75,612.75,pending,2026-07-26T12:38:04+00:00
ORD-054289,1,3,27in 1440p Monitor,displays,4,319.99,1279.96,refunded,2026-07-26T00:09:40+00:00
ORD-054290,10,4,34in Ultrawide Monitor,displays,4,579.00,2316.00,pending,2026-07-26T20:21:41+00:00
ORD-054291,1,10,Laptop Stand Aluminium,accessories,1,27.50,27.50,completed,2026-07-26T18:13:41+00:00
ORD-054292,7,1,Mechanical Keyboard 75%,peripherals,2,129.00,258.00,refunded,2026-07-26T04:53:01+00:00
ORD-054293,9,1,Mechanical Keyboard 75%,peripherals,5,129.00,645.00,cancelled,2026-07-26T23:25:46+00:00
ORD-054294,1,2,Wireless Mouse,peripherals,1,49.50,49.50,cancelled,2026-07-26T13:14:59+00:00
ORD-054295,4,3,27in 1440p Monitor,displays,2,319.99,639.98,refunded,2026-07-26T07:58:08+00:00
ORD-054296,1,5,Over-ear Headphones,audio,2,199.95,399.90,refunded,2026-07-26T10:30:05+00:00
ORD-054297,2,10,Laptop Stand Aluminium,accessories,1,27.50,27.50,refunded,2026-07-26T18:21:19+00:00
ORD-054298,2,10,Laptop Stand Aluminium,accessories,4,27.50,110.00,completed,2026-07-26T23:03:52+00:00
ORD-054299,9,1,Mechanical Keyboard 75%,peripherals,4,129.00,516.00,cancelled,2026-07-26T13:53:01+00:00
ORD-054300,7,8,Ergonomic Chair,furniture,5,612.75,3063.75,cancelled,2026-07-26T19:51:06+00:00
ORD-054301,3,8,Ergonomic Chair,furniture,3,612.75,1838.25,cancelled,2026-07-26T08:21:09+00:00
ORD-054302,5,1,Mechanical Keyboard 75%,peripherals,3,129.00,387.00,completed,2026-07-26T22:00:04+00:00
ORD-054303,2,4,34in Ultrawide Monitor,displays,5,579.00,2895.00,refunded,2026-07-26T22:34:15+00:00
ORD-054304,3,3,27in 1440p Monitor,displays,1,319.99,319.99,cancelled,2026-07-26T18:54:58+00:00
ORD-054305,3,2,Wireless Mouse,peripherals,1,49.50,49.50,refunded,2026-07-26T02:59:27+00:00
ORD-054306,10,7,Standing Desk 120cm,furniture,5,449.00,2245.00,cancelled,2026-07-26T19:05:44+00:00
ORD-054307,2,5,Over-ear Headphones,audio,5,199.95,999.75,cancelled,2026-07-26T04:45:12+00:00
ORD-054308,9,5,Over-ear Headphones,audio,5,199.95,999.75,cancelled,2026-07-26T03:52:42+00:00
ORD-054309,9,8,Ergonomic Chair,furniture,5,612.75,3063.75,completed,2026-07-26T20:15:30+00:00
ORD-054310,6,10,Laptop Stand Aluminium,accessories,1,27.50,27.50,completed,2026-07-26T20:44:25+00:00
ORD-054311,4,5,Over-ear Headphones,audio,5,199.95,999.75,refunded,2026-07-26T19:35:52+00:00
ORD-054312,7,4,34in Ultrawide Monitor,displays,4,579.00,2316.00,pending,2026-07-26T16:18:01+00:00
ORD-054313,9,4,34in Ultrawide Monitor,displays,1,579.00,579.00,completed,2026-07-26T06:04:38+00:00
ORD-054314,6,7,Standing Desk 120cm,furniture,2,449.00,898.00,completed,2026-07-26T05:11:59+00:00
ORD-054315,9,1,Mechanical Keyboard 75%,peripherals,1,129.00,129.00,cancelled,2026-07-26T21:44:34+00:00
ORD-054316,10,2,Wireless Mouse,peripherals,2,49.50,99.00,completed,2026-07-26T00:30:21+00:00
ORD-054317,8,5,Over-ear Headphones,audio,2,199.95,399.90,completed,2026-07-26T13:39:05+00:00
ORD-054318,6,5,Over-ear Headphones,audio,2,199.95,399.90,completed,2026-07-26T17:08:39+00:00
ORD-054319,8,3,27in 1440p Monitor,displays,2,319.99,639.98,pending,2026-07-26T16:51:36+00:00
ORD-054320,5,6,Desk Speakers Pair,audio,2,89.00,178.00,cancelled,2026-07-26T14:56:19+00:00
ORD-054321,3,5,Over-ear Headphones,audio,3,199.95,599.85,completed,2026-07-26T17:31:39+00:00
ORD-054322,2,6,Desk Speakers Pair,audio,3,89.00,267.00,refunded,2026-07-26T21:34:48+00:00
ORD-054323,6,4,34in Ultrawide Monitor,displays,5,579.00,2895.00,pending,2026-07-26T13:43:33+00:00
ORD-054324,6,1,Mechanical Keyboard 75%,peripherals,5,129.00,645.00,pending,2026-07-26T21:54:39+00:00
ORD-054325,1,10,Laptop Stand Aluminium,accessories,4,27.50,110.00,refunded,2026-07-26T08:14:35+00:00
ORD-054326,8,2,Wireless Mouse,peripherals,4,49.50,198.00,pending,2026-07-26T20:03:09+00:00
ORD-054327,4,8,Ergonomic Chair,furniture,1,612.75,612.75,pending,2026-07-26T13:48:33+00:00
ORD-054328,8,6,Desk Speakers Pair,audio,3,89.00,267.00,refunded,2026-07-26T10:53:24+00:00
ORD-054329,9,8,Ergonomic Chair,furniture,5,612.75,3063.75,completed,2026-07-26T10:24:27+00:00
ORD-054330,1,5,Over-ear Headphones,audio,1,199.95,199.95,completed,2026-07-26T23:24:10+00:00
ORD-054331,4,9,USB-C Hub 8-in-1,accessories,2,39.99,79.98,cancelled,2026-07-26T04:40:18+00:00
ORD-054332,1,2,Wireless Mouse,peripherals,4,49.50,198.00,refunded,2026-07-26T12:02:29+00:00
ORD-054333,9,6,Desk Speakers Pair,audio,3,89.00,267.00,pending,2026-07-26T09:06:16+00:00
ORD-054334,7,6,Desk Speakers Pair,audio,2,89.00,178.00,cancelled,2026-07-26T03:27:21+00:00
ORD-054335,10,8,Ergonomic Chair,furniture,3,612.75,1838.25,cancelled,2026-07-26T03:55:31+00:00
ORD-054336,9,10,Laptop Stand Aluminium,accessories,2,27.50,55.00,completed,2026-07-26T13:10:13+00:00
ORD-054337,6,9,USB-C Hub 8-in-1,accessories,4,39.99,159.96,completed,2026-07-26T10:48:42+00:00
ORD-054338,4,3,27in 1440p Monitor,displays,4,319.99,1279.96,refunded,2026-07-26T15:40:46+00:00
ORD-054339,2,6,Desk Speakers Pair,audio,2,89.00,178.00,refunded,2026-07-26T04:53:30+00:00
ORD-054340,10,9,USB-C Hub 8-in-1,accessories,3,39.99,119.97,refunded,2026-07-26T03:33:52+00:00
ORD-054341,1,5,Over-ear Headphones,audio,2,199.95,399.90,refunded,2026-07-26T22:18:02+00:00
ORD-054342,3,3,27in 1440p Monitor,displays,3,319.99,959.97,refunded,2026-07-26T02:41:22+00:00
ORD-054343,10,4,34in Ultrawide Monitor,displays,2,579.00,1158.00,cancelled,2026-07-26T23:34:59+00:00
ORD-054344,4,9,USB-C Hub 8-in-1,accessories,4,39.99,159.96,pending,2026-07-26T19:54:56+00:00
ORD-054345,4,1,Mechanical Keyboard 75%,peripherals,4,129.00,516.00,refunded,2026-07-26T16:54:26+00:00
ORD-054346,5,9,USB-C Hub 8-in-1,accessories,3,39.99,119.97,refunded,2026-07-26T20:02:11+00:00
ORD-054347,8,10,Laptop Stand Aluminium,accessories,2,27.50,55.00,cancelled,2026-07-26T21:55:27+00:00
ORD-054348,7,9,USB-C Hub 8-in-1,accessories,3,39.99,119.97,cancelled,2026-07-26T02:23:19+00:00
ORD-054349,2,3,27in 1440p Monitor,displays,5,319.99,1599.95,refunded,2026-07-26T16:52:47+00:00
ORD-054350,7,3,27in 1440p Monitor,displays,2,319.99,639.98,cancelled,2026-07-26T16:45:01+00:00
ORD-054351,5,7,Standing Desk 120cm,furniture,2,449.00,898.00,refunded,2026-07-26T14:43:57+00:00
ORD-054352,7,1,Mechanical Keyboard 75%,peripherals,1,129.00,129.00,completed,2026-07-26T20:10:32+00:00
ORD-054353,10,10,Laptop Stand Aluminium,accessories,1,27.50,27.50,pending,2026-07-26T18:20:28+00:00
ORD-054354,1,8,Ergonomic Chair,furniture,3,612.75,1838.25,pending,2026-07-26T06:17:37+00:00
ORD-054355,5,9,USB-C Hub 8-in-1,accessories,5,39.99,199.95,completed,2026-07-26T07:28:59+00:00
ORD-054356,9,2,Wireless Mouse,peripherals,1,49.50,49.50,pending,2026-07-26T03:13:52+00:00
ORD-054357,2,2,Wireless Mouse,peripherals,4,49.50,198.00,completed,2026-07-26T12:47:10+00:00
ORD-054358,6,4,34in Ultrawide Monitor,displays,3,579.00,1737.00,completed,2026-07-26T10:02:17+00:00
ORD-054359,10,4,34in Ultrawide Monitor,displays,3,579.00,1737.00,completed,2026-07-26T05:29:07+00:00
ORD-054360,7,4,34in Ultrawide Monitor,displays,1,579.00,579.00,refunded,2026-07-26T17:36:41+00:00
ORD-054361,6,4,34in Ultrawide Monitor,displays,1,579.00,579.00,completed,2026-07-26T15:43:49+00:00
ORD-054362,3,4,34in Ultrawide Monitor,displays,2,579.00,1158.00,pending,2026-07-26T06:56:50+00:00
ORD-054363,10,5,Over-ear Headphones,audio,4,199.95,799.80,cancelled,2026-07-26T21:53:49+00:00
ORD-054364,3,5,Over-ear Headphones,audio,1,199.95,199.95,completed,2026-07-26T22:05:25+00:00
ORD-054365,7,3,27in 1440p Monitor,displays,3,319.99,959.97,refunded,2026-07-26T12:15:23+00:00
ORD-054366,9,1,Mechanical Keyboard 75%,peripherals,3,129.00,387.00,pending,2026-07-26T01:15:22+00:00
ORD-054367,6,1,Mechanical Keyboard 75%,peripherals,4,129.00,516.00,pending,2026-07-26T12:48:47+00:00
ORD-054368,4,5,Over-ear Headphones,audio,5,199.95,999.75,completed,2026-07-26T18:44:13+00:00
ORD-054369,4,2,Wireless Mouse,peripherals,3,49.50,148.50,refunded,2026-07-26T21:05:56+00:00
ORD-054370,9,6,Desk Speakers Pair,audio,3,89.00,267.00,cancelled,2026-07-26T19:51:37+00:00
ORD-054371,3,3,27in 1440p Monitor,displays,4,319.99,1279.96,refunded,2026-07-26T05:35:43+00:00
ORD-054372,7,9,USB-C Hub 8-in-1,accessories,1,39.99,39.99,pending,2026-07-26T22:08:24+00:00
ORD-054373,5,10,Laptop Stand Aluminium,accessories,1,27.50,27.50,completed,2026-07-26T23:59:44+00:00
ORD-054374,10,9,USB-C Hub 8-in-1,accessories,2,39.99,79.98,refunded,2026-07-26T01:20:28+00:00
ORD-054375,5,3,27in 1440p Monitor,displays,3,319.99,959.97,pending,2026-07-26T01:30:08+00:00
ORD-054376,4,9,USB-C Hub 8-in-1,accessories,5,39.99,199.95,pending,2026-07-26T03:52:02+00:00
ORD-054377,10,1,Mechanical Keyboard 75%,peripherals,1,129.00,129.00,refunded,2026-07-26T19:48:21+00:00
ORD-054378,10,9,USB-C Hub 8-in-1,accessories,5,39.99,199.95,pending,2026-07-26T11:33:56+00:00
ORD-054379,7,3,27in 1440p Monitor,displays,4,319.99,1279.96,refunded,2026-07-26T03:01:46+00:00
ORD-054380,9,8,Ergonomic Chair,furniture,1,612.75,612.75,cancelled,2026-07-26T23:35:59+00:00
ORD-054381,9,8,Ergonomic Chair,furniture,5,612.75,3063.75,refunded,2026-07-26T16:20:59+00:00
ORD-054382,10,4,34in Ultrawide Monitor,displays,4,579.00,2316.00,completed,2026-07-26T01:12:41+00:00
ORD-054383,2,7,Standing Desk 120cm,furniture,4,449.00,1796.00,cancelled,2026-07-26T04:54:22+00:00
ORD-054384,7,5,Over-ear Headphones,audio,2,199.95,399.90,refunded,2026-07-26T20:02:18+00:00
ORD-054385,5,2,Wireless Mouse,peripherals,5,49.50,247.50,completed,2026-07-26T07:50:03+00:00
ORD-054386,3,4,34in Ultrawide Monitor,displays,2,579.00,1158.00,refunded,2026-07-26T15:08:08+00:00
ORD-054387,10,8,Ergonomic Chair,furniture,3,612.75,1838.25,pending,2026-07-26T09:44:42+00:00
ORD-054388,6,7,Standing Desk 120cm,furniture,2,449.00,898.00,completed,2026-07-26T04:34:45+00:00
ORD-054389,4,3,27in 1440p Monitor,displays,2,319.99,639.98,pending,2026-07-26T13:35:41+00:00
ORD-054390,9,5,Over-ear Headphones,audio,4,199.95,799.80,cancelled,2026-07-26T12:36:47+00:00
ORD-054391,10,5,Over-ear Headphones,audio,5,199.95,999.75,completed,2026-07-26T13:52:35+00:00
ORD-054392,5,5,Over-ear Headphones,audio,4,199.95,799.80,pending,2026-07-26T20:07:32+00:00
ORD-054393,9,4,34in Ultrawide Monitor,displays,3,579.00,1737.00,pending,2026-07-26T04:39:52+00:00
ORD-054394,2,9,USB-C Hub 8-in-1,accessories,5,39.99,199.95,pending,2026-07-26T01:09:07+00:00
ORD-054395,9,2,Wireless Mouse,peripherals,4,49.50,198.00,refunded,2026-07-26T11:50:56+00:00
ORD-054396,4,8,Ergonomic Chair,furniture,5,612.75,3063.75,cancelled,2026-07-26T22:31:29+00:00
ORD-054397,8,9,USB-C Hub 8-in-1,accessories,3,39.99,119.97,cancelled,2026-07-26T18:24:02+00:00
ORD-054398,8,7,Standing Desk 120cm,furniture,3,449.00,1347.00,cancelled,2026-07-26T03:08:00+00:00
ORD-054399,4,5,Over-ear Headphones,audio,1,199.95,199.95,refunded,2026-07-26T03:19:22+00:00
ORD-054400,10,5,Over-ear Headphones,audio,4,199.95,799.80,pending,2026-07-26T22:29:14+00:00
ORD-054401,7,1,Mechanical Keyboard 75%,peripherals,2,129.00,258.00,cancelled,2026-07-26T21:29:49+00:00
ORD-054402,8,10,Laptop Stand Aluminium,accessories,4,27.50,110.00,cancelled,2026-07-26T12:48:43+00:00
ORD-054403,7,5,Over-ear Headphones,audio,5,199.95,999.75,refunded,2026-07-26T00:52:10+00:00
ORD-054404,6,4,34in Ultrawide Monitor,displays,4,579.00,2316.00,refunded,2026-07-26T01:44:21+00:00
ORD-054405,3,5,Over-ear Headphones,audio,4,199.95,799.80,refunded,2026-07-26T01:55:50+00:00
ORD-054406,9,5,Over-ear Headphones,audio,1,199.95,199.95,pending,2026-07-26T02:34:02+00:00
ORD-054407,1,2,Wireless Mouse,peripherals,4,49.50,198.00,completed,2026-07-26T11:26:05+00:00
ORD-054408,10,9,USB-C Hub 8-in-1,accessories,5,39.99,199.95,cancelled,2026-07-26T04:48:58+00:00
ORD-054409,8,8,Ergonomic Chair,furniture,3,612.75,1838.25,cancelled,2026-07-26T05:33:22+00:00
ORD-054410,10,10,Laptop Stand Aluminium,accessories,2,27.50,55.00,refunded,2026-07-26T06:46:16+00:00
ORD-054411,4,8,Ergonomic Chair,furniture,1,612.75,612.75,refunded,2026-07-26T13:16:09+00:00
ORD-054412,2,7,Standing Desk 120cm,furniture,2,449.00,898.00,completed,2026-07-26T03:47:11+00:00
ORD-054413,10,7,Standing Desk 120cm,furniture,4,449.00,1796.00,completed,2026-07-26T08:17:58+00:00
ORD-054414,6,1,Mechanical Keyboard 75%,peripherals,2,129.00,258.00,completed,2026-07-26T14:38:53+00:00
ORD-054415,5,8,Ergonomic Chair,furniture,5,612.75,3063.75,refunded,2026-07-26T09:24:20+00:00
ORD-054416,7,6,Desk Speakers Pair,audio,1,89.00,89.00,cancelled,2026-07-26T12:21:22+00:00
ORD-054417,9,4,34in Ultrawide Monitor,displays,5,579.00,2895.00,refunded,2026-07-26T01:11:03+00:00
ORD-054418,6,6,Desk Speakers Pair,audio,5,89.00,445.00,refunded,2026-07-26T22:04:43+00:00
ORD-054419,4,10,Laptop Stand Aluminium,accessories,4,27.50,110.00,pending,2026-07-26T05:13:30+00:00
ORD-054420,8,10,Laptop Stand Aluminium,accessories,5,27.50,137.50,cancelled,2026-07-26T07:05:49+00:00
ORD-054421,7,9,USB-C Hub 8-in-1,accessories,1,39.99,39.99,cancelled,2026-07-26T07:44:08+00:00
ORD-054422,9,6,Desk Speakers Pair,audio,2,89.00,178.00,refunded,2026-07-26T16:21:02+00:00
ORD-054423,8,7,Standing Desk 120cm,furniture,2,449.00,898.00,completed,2026-07-26T19:06:20+00:00
ORD-054424,8,4,34in Ultrawide Monitor,displays,1,579.00,579.00,cancelled,2026-07-26T17:52:45+00:00
ORD-054425,4,9,USB-C Hub 8-in-1,accessories,5,39.99,199.95,refunded,2026-07-26T15:08:02+00:00
ORD-054426,4,4,34in Ultrawide Monitor,displays,1,579.00,579.00,cancelled,2026-07-26T14:31:56+00:00
ORD-054427,4,9,USB-C Hub 8-in-1,accessories,1,39.99,39.99,cancelled,2026-07-26T02:24:01+00:00
ORD-054428,4,2,Wireless Mouse,peripherals,2,49.50,99.00,refunded,2026-07-26T03:38:51+00:00
ORD-054429,2,10,Laptop Stand Aluminium,accessories,3,27.50,82.50,refunded,2026-07-26T00:59:08+00:00
ORD-054430,9,3,27in 1440p Monitor,displays,1,319.99,319.99,completed,2026-07-26T21:03:19+00:00
ORD-054431,9,10,Laptop Stand Aluminium,accessories,4,27.50,110.00,refunded,2026-07-26T18:37:00+00:00
ORD-054432,3,10,Laptop Stand Aluminium,accessories,3,27.50,82.50,completed,2026-07-26T09:05:56+00:00
ORD-054433,6,4,34in Ultrawide Monitor,displays,3,579.00,1737.00,completed,2026-07-26T01:58:04+00:00
ORD-054434,10,5,Over-ear Headphones,audio,2,199.95,399.90,cancelled,2026-07-26T17:42:07+00:00
ORD-054435,8,10,Laptop Stand Aluminium,accessories,1,27.50,27.50,completed,2026-07-26T12:10:41+00:00
ORD-054436,5,3,27in 1440p Monitor,displays,5,319.99,1599.95,pending,2026-07-26T03:59:49+00:00
ORD-054437,5,2,Wireless Mouse,peripherals,2,49.50,99.00,cancelled,2026-07-26T08:02:21+00:00
ORD-054438,3,9,USB-C Hub 8-in-1,accessories,1,39.99,39.99,refunded,2026-07-26T18:03:20+00:00
ORD-054439,7,8,Ergonomic Chair,furniture,1,612.75,612.75,pending,2026-07-26T18:54:44+00:00
ORD-054440,7,2,Wireless Mouse,peripherals,5,49.50,247.50,refunded,2026-07-26T21:03:50+00:00
ORD-054441,7,5,Over-ear Headphones,audio,2,199.95,399.90,completed,2026-07-26T18:08:27+00:00
ORD-054442,5,4,34in Ultrawide Monitor,displays,4,579.00,2316.00,completed,2026-07-26T04:58:24+00:00
ORD-054443,2,6,Desk Speakers Pair,audio,4,89.00,356.00,refunded,2026-07-26T04:18:27+00:00
ORD-054444,3,1,Mechanical Keyboard 75%,peripherals,1,129.00,129.00,refunded,2026-07-26T07:45:43+00:00
ORD-054445,4,3,27in 1440p Monitor,displays,3,319.99,959.97,cancelled,2026-07-26T12:20:07+00:00
ORD-054446,5,9,USB-C Hub 8-in-1,accessories,1,39.99,39.99,refunded,2026-07-26T20:27:10+00:00
ORD-054447,4,3,27in 1440p Monitor,displays,3,319.99,959.97,cancelled,2026-07-26T03:46:39+00:00
ORD-054448,9,10,Laptop Stand Aluminium,accessories,3,27.50,82.50,cancelled,2026-07-26T14:19:14+00:00
ORD-054449,5,10,Laptop Stand Aluminium,accessories,2,27.50,55.00,cancelled,2026-07-26T04:15:48+00:00
ORD-054450,4,8,Ergonomic Chair,furniture,3,612.75,1838.25,refunded,2026-07-26T21:47:35+00:00
ORD-054451,9,6,Desk Speakers Pair,audio,1,89.00,89.00,refunded,2026-07-26T05:58:22+00:00
ORD-054452,8,7,Standing Desk 120cm,furniture,1,449.00,449.00,completed,2026-07-26T07:07:55+00:00
ORD-054453,4,8,Ergonomic Chair,furniture,1,612.75,612.75,pending,2026-07-26T15:47:18+00:00
ORD-054454,6,2,Wireless Mouse,peripherals,1,49.50,49.50,refunded,2026-07-26T00:10:30+00:00
ORD-054455,4,5,Over-ear Headphones,audio,1,199.95,199.95,refunded,2026-07-26T14:12:14+00:00
ORD-054456,9,5,Over-ear Headphones,audio,2,199.95,399.90,refunded,2026-07-26T04:18:56+00:00
ORD-054457,7,8,Ergonomic Chair,furniture,4,612.75,2451.00,refunded,2026-07-26T20:31:18+00:00
ORD-054458,3,10,Laptop Stand Aluminium,accessories,1,27.50,27.50,cancelled,2026-07-26T22:10:12+00:00
ORD-054459,1,6,Desk Speakers Pair,audio,4,89.00,356.00,completed,2026-07-26T08:36:42+00:00
ORD-054460,1,10,Laptop Stand Aluminium,accessories,4,27.50,110.00,completed,2026-07-26T00:09:34+00:00
ORD-054461,2,3,27in 1440p Monitor,displays,4,319.99,1279.96,completed,2026-07-26T10:13:35+00:00
ORD-054462,2,10,Laptop Stand Aluminium,accessories,1,27.50,27.50,cancelled,2026-07-26T22:03:11+00:00
ORD-054463,8,4,34in Ultrawide Monitor,displays,4,579.00,2316.00,pending,2026-07-26T16:37:40+00:00
ORD-054464,10,8,Ergonomic Chair,furniture,3,612.75,1838.25,cancelled,2026-07-26T22:52:36+00:00
ORD-054465,9,10,Laptop Stand Aluminium,accessories,2,27.50,55.00,cancelled,2026-07-26T14:42:44+00:00
ORD-054466,3,4,34in Ultrawide Monitor,displays,1,579.00,579.00,pending,2026-07-26T06:53:52+00:00
ORD-054467,7,9,USB-C Hub 8-in-1,accessories,5,39.99,199.95,refunded,2026-07-26T09:47:55+00:00
ORD-054468,10,1,Mechanical Keyboard 75%,peripherals,3,129.00,387.00,refunded,2026-07-26T03:35:46+00:00
ORD-054469,4,5,Over-ear Headphones,audio,5,199.95,999.75,refunded,2026-07-26T22:03:20+00:00
ORD-054470,7,10,Laptop Stand Aluminium,accessories,2,27.50,55.00,cancelled,2026-07-26T01:11:05+00:00
ORD-054471,10,8,Ergonomic Chair,furniture,3,612.75,1838.25,cancelled,2026-07-26T03:44:43+00:00
ORD-054472,5,6,Desk Speakers Pair,audio,4,89.00,356.00,completed,2026-07-26T03:48:27+00:00
ORD-054473,10,9,USB-C Hub 8-in-1,accessories,1,39.99,39.99,refunded,2026-07-26T06:37:15+00:00
ORD-054474,10,2,Wireless Mouse,peripherals,4,49.50,198.00,completed,2026-07-26T01:25:35+00:00
ORD-054475,9,10,Laptop Stand Aluminium,accessories,4,27.50,110.00,pending,2026-07-26T13:14:40+00:00
ORD-054476,7,6,Desk Speakers Pair,audio,4,89.00,356.00,refunded,2026-07-26T07:44:39+00:00
ORD-054477,4,8,Ergonomic Chair,furniture,2,612.75,1225.50,cancelled,2026-07-26T18:08:37+00:00
ORD-054478,6,7,Standing Desk 120cm,furniture,4,449.00,1796.00,completed,2026-07-26T01:58:22+00:00
ORD-054479,6,9,USB-C Hub 8-in-1,accessories,3,39.99,119.97,completed,2026-07-26T12:10:39+00:00
ORD-054480,3,6,Desk Speakers Pair,audio,5,89.00,445.00,pending,2026-07-26T06:09:22+00:00
ORD-054481,8,7,Standing Desk 120cm,furniture,3,449.00,1347.00,refunded,2026-07-26T18:30:20+00:00
ORD-054482,1,5,Over-ear Headphones,audio,4,199.95,799.80,refunded,2026-07-26T14:56:21+00:00
ORD-054483,8,3,27in 1440p Monitor,displays,4,319.99,1279.96,refunded,2026-07-26T07:49:38+00:00
ORD-054484,7,1,Mechanical Keyboard 75%,peripherals,3,129.00,387.00,pending,2026-07-26T14:10:44+00:00
ORD-054485,7,4,34in Ultrawide Monitor,displays,5,579.00,2895.00,pending,2026-07-26T04:23:47+00:00
ORD-054486,1,9,USB-C Hub 8-in-1,accessories,4,39.99,159.96,cancelled,2026-07-26T14:25:09+00:00
ORD-054487,9,10,Laptop Stand Aluminium,accessories,3,27.50,82.50,cancelled,2026-07-26T21:53:46+00:00
ORD-054488,10,5,Over-ear Headphones,audio,5,199.95,999.75,completed,2026-07-26T04:36:42+00:00
ORD-054489,3,8,Ergonomic Chair,furniture,5,612.75,3063.75,cancelled,2026-07-26T14:14:56+00:00
ORD-054490,8,9,USB-C Hub 8-in-1,accessories,4,39.99,159.96,refunded,2026-07-26T20:32:47+00:00
ORD-054491,9,3,27in 1440p Monitor,displays,5,319.99,1599.95,refunded,2026-07-26T08:44:28+00:00
ORD-054492,3,8,Ergonomic Chair,furniture,4,612.75,2451.00,pending,2026-07-26T01:24:04+00:00
ORD-054493,4,10,Laptop Stand Aluminium,accessories,5,27.50,137.50,pending,2026-07-26T03:10:08+00:00
ORD-054494,9,6,Desk Speakers Pair,audio,2,89.00,178.00,completed,2026-07-26T19:55:59+00:00
ORD-054495,2,5,Over-ear Headphones,audio,2,199.95,399.90,completed,2026-07-26T15:22:09+00:00
ORD-054496,9,1,Mechanical Keyboard 75%,peripherals,3,129.00,387.00,pending,2026-07-26T16:02:49+00:00
ORD-054497,10,10,Laptop Stand Aluminium,accessories,5,27.50,137.50,cancelled,2026-07-26T07:22:28+00:00
ORD-054498,10,9,USB-C Hub 8-in-1,accessories,3,39.99,119.97,cancelled,2026-07-26T16:42:02+00:00
ORD-054499,10,8,Ergonomic Chair,furniture,1,612.75,612.75,completed,2026-07-26T04:45:56+00:00
ORD-054500,9,1,Mechanical Keyboard 75%,peripherals,4,129.00,516.00,pending,2026-07-26T09:20:06+00:00
ORD-054501,9,3,27in 1440p Monitor,displays,2,319.99,639.98,refunded,2026-07-26T01:48:16+00:00
ORD-054502,3,4,34in Ultrawide Monitor,displays,4,579.00,2316.00,cancelled,2026-07-26T15:52:57+00:00
ORD-054503,5,6,Desk Speakers Pair,audio,4,89.00,356.00,completed,2026-07-26T23:21:39+00:00
ORD-054504,2,3,27in 1440p Monitor,displays,3,319.99,959.97,cancelled,2026-07-26T05:36:44+00:00
ORD-054505,1,2,Wireless Mouse,peripherals,3,49.50,148.50,cancelled,2026-07-26T03:57:07+00:00
ORD-054506,5,4,34in Ultrawide Monitor,displays,3,579.00,1737.00,completed,2026-07-26T11:18:19+00:00
ORD-054507,10,5,Over-ear Headphones,audio,3,199.95,599.85,refunded,2026-07-26T07:37:21+00:00
ORD-054508,8,6,Desk Speakers Pair,audio,4,89.00,356.00,pending,2026-07-26T10:13:42+00:00
ORD-054509,9,3,27in 1440p Monitor,displays,3,319.99,959.97,refunded,2026-07-26T13:54:01+00:00
ORD-054510,3,8,Ergonomic Chair,furniture,4,612.75,2451.00,completed,2026-07-26T20:38:07+00:00
ORD-054511,1,9,USB-C Hub 8-in-1,accessories,5,39.99,199.95,completed,2026-07-26T16:17:24+00:00
ORD-054512,1,8,Ergonomic Chair,furniture,1,612.75,612.75,completed,2026-07-26T05:22:13+00:00
ORD-054513,10,3,27in 1440p Monitor,displays,4,319.99,1279.96,cancelled,2026-07-26T18:33:18+00:00
ORD-054514,10,7,Standing Desk 120cm,furniture,4,449.00,1796.00,refunded,2026-07-26T20:11:40+00:00
ORD-054515,4,9,USB-C Hub 8-in-1,accessories,2,39.99,79.98,pending,2026-07-26T05:36:40+00:00
ORD-054516,5,7,Standing Desk 120cm,furniture,1,449.00,449.00,cancelled,2026-07-26T22:31:40+00:00
ORD-054517,6,8,Ergonomic Chair,furniture,1,612.75,612.75,pending,2026-07-26T19:08:10+00:00
ORD-054518,9,9,USB-C Hub 8-in-1,accessories,5,39.99,199.95,completed,2026-07-26T23:02:57+00:00
ORD-054519,4,5,Over-ear Headphones,audio,5,199.95,999.75,cancelled,2026-07-26T13:05:33+00:00
ORD-054520,5,5,Over-ear Headphones,audio,3,199.95,599.85,refunded,2026-07-26T11:34:08+00:00
ORD-054521,4,6,Desk Speakers Pair,audio,3,89.00,267.00,pending,2026-07-26T22:13:23+00:00
ORD-054522,3,4,34in Ultrawide Monitor,displays,1,579.00,579.00,refunded,2026-07-26T18:24:53+00:00
ORD-054523,10,10,Laptop Stand Aluminium,accessories,3,27.50,82.50,completed,2026-07-26T05:39:18+00:00
ORD-054524,7,2,Wireless Mouse,peripherals,4,49.50,198.00,completed,2026-07-26T09:02:45+00:00
ORD-054525,9,9,USB-C Hub 8-in-1,accessories,1,39.99,39.99,completed,2026-07-26T05:23:12+00:00
ORD-054526,5,8,Ergonomic Chair,furniture,1,612.75,612.75,refunded,2026-07-26T09:16:29+00:00
ORD-054527,9,2,Wireless Mouse,peripherals,4,49.50,198.00,completed,2026-07-26T01:54:05+00:00
ORD-054528,2,8,Ergonomic Chair,furniture,1,612.75,612.75,refunded,2026-07-26T01:40:41+00:00
ORD-054529,9,5,Over-ear Headphones,audio,2,199.95,399.90,pending,2026-07-26T23:26:15+00:00
ORD-054530,4,2,Wireless Mouse,peripherals,2,49.50,99.00,pending,2026-07-26T21:15:38+00:00
ORD-054531,8,7,Standing Desk 120cm,furniture,3,449.00,1347.00,completed,2026-07-26T05:30:59+00:00
ORD-054532,1,7,Standing Desk 120cm,furniture,1,449.00,449.00,cancelled,2026-07-26T16:19:15+00:00
ORD-054533,3,9,USB-C Hub 8-in-1,accessories,4,39.99,159.96,pending,2026-07-26T12:16:39+00:00
ORD-054534,8,9,USB-C Hub 8-in-1,accessories,2,39.99,79.98,refunded,2026-07-26T02:30:59+00:00
ORD-054535,2,5,Over-ear Headphones,audio,5,199.95,999.75,refunded,2026-07-26T12:08:37+00:00
ORD-054536,8,3,27in 1440p Monitor,displays,1,319.99,319.99,refunded,2026-07-26T05:58:54+00:00
ORD-054537,10,9,USB-C Hub 8-in-1,accessories,2,39.99,79.98,pending,2026-07-26T06:27:05+00:00
ORD-054538,10,10,Laptop Stand Aluminium,accessories,2,27.50,55.00,cancelled,2026-07-26T03:49:51+00:00
ORD-054539,5,8,Ergonomic Chair,furniture,5,612.75,3063.75,cancelled,2026-07-26T18:07:52+00:00
ORD-054540,10,1,Mechanical Keyboard 75%,peripherals,1,129.00,129.00,cancelled,2026-07-26T12:51:07+00:00
ORD-054541,2,1,Mechanical Keyboard 75%,peripherals,4,129.00,516.00,pending,2026-07-26T06:23:25+00:00
ORD-054542,6,3,27in 1440p Monitor,displays,1,319.99,319.99,cancelled,2026-07-26T19:36:59+00:00
ORD-054543,8,6,Desk Speakers Pair,audio,5,89.00,445.00,completed,2026-07-26T18:21:02+00:00
ORD-054544,2,6,Desk Speakers Pair,audio,5,89.00,445.00,completed,2026-07-26T20:18:32+00:00
ORD-054545,5,10,Laptop Stand Aluminium,accessories,2,27.50,55.00,completed,2026-07-26T19:19:40+00:00
ORD-054546,6,6,Desk Speakers Pair,audio,5,89.00,445.00,completed,2026-07-26T06:19:09+00:00
ORD-054547,6,5,Over-ear Headphones,audio,1,199.95,199.95,cancelled,2026-07-26T03:15:02+00:00
ORD-054548,7,5,Over-ear Headphones,audio,4,199.95,799.80,completed,2026-07-26T23:39:36+00:00
ORD-054549,1,6,Desk Speakers Pair,audio,3,89.00,267.00,cancelled,2026-07-26T06:47:06+00:00
ORD-054550,2,10,Laptop Stand Aluminium,accessories,4,27.50,110.00,cancelled,2026-07-26T18:53:46+00:00
ORD-054551,7,3,27in 1440p Monitor,displays,5,319.99,1599.95,refunded,2026-07-26T19:48:20+00:00
ORD-054552,1,9,USB-C Hub 8-in-1,accessories,2,39.99,79.98,refunded,2026-07-26T21:42:14+00:00
ORD-054553,10,7,Standing Desk 120cm,furniture,2,449.00,898.00,completed,2026-07-26T05:55:11+00:00
ORD-054554,2,6,Desk Speakers Pair,audio,5,89.00,445.00,completed,2026-07-26T11:26:39+00:00
ORD-054555,1,9,USB-C Hub 8-in-1,accessories,3,39.99,119.97,completed,2026-07-26T00:10:41+00:00
ORD-054556,1,3,27in 1440p Monitor,displays,3,319.99,959.97,refunded,2026-07-26T11:27:20+00:00
ORD-054557,4,5,Over-ear Headphones,audio,2,199.95,399.90,completed,2026-07-26T07:44:59+00:00
ORD-054558,2,5,Over-ear Headphones,audio,5,199.95,999.75,cancelled,2026-07-26T03:58:11+00:00
ORD-054559,6,7,Standing Desk 120cm,furniture,1,449.00,449.00,cancelled,2026-07-26T01:29:00+00:00
ORD-054560,2,5,Over-ear Headphones,audio,1,199.95,199.95,refunded,2026-07-26T19:17:18+00:00
ORD-054561,1,2,Wireless Mouse,peripherals,2,49.50,99.00,refunded,2026-07-26T13:18:59+00:00
ORD-054562,10,9,USB-C Hub 8-in-1,accessories,5,39.99,199.95,refunded,2026-07-26T11:15:25+00:00
ORD-054563,3,6,Desk Speakers Pair,audio,3,89.00,267.00,refunded,2026-07-26T13:39:52+00:00
ORD-054564,1,6,Desk Speakers Pair,audio,1,89.00,89.00,cancelled,2026-07-26T10:50:42+00:00
ORD-054565,2,3,27in 1440p Monitor,displays,2,319.99,639.98,cancelled,2026-07-26T01:27:32+00:00
ORD-054566,7,3,27in 1440p Monitor,displays,4,319.99,1279.96,completed,2026-07-26T16:17:12+00:00
ORD-054567,9,8,Ergonomic Chair,furniture,3,612.75,1838.25,refunded,2026-07-26T09:41:40+00:00
ORD-054568,8,6,Desk Speakers Pair,audio,5,89.00,445.00,refunded,2026-07-26T02:13:35+00:00
ORD-054569,9,9,USB-C Hub 8-in-1,accessories,2,39.99,79.98,completed,2026-07-26T08:52:45+00:00
ORD-054570,6,9,USB-C Hub 8-in-1,accessories,3,39.99,119.97,refunded,2026-07-26T19:01:52+00:00
ORD-054571,1,6,Desk Speakers Pair,audio,2,89.00,178.00,refunded,2026-07-26T18:19:03+00:00
ORD-054572,1,3,27in 1440p Monitor,displays,3,319.99,959.97,completed,2026-07-26T02:41:22+00:00
ORD-054573,5,8,Ergonomic Chair,furniture,3,612.75,1838.25,refunded,2026-07-26T09:45:26+00:00
ORD-054574,1,10,Laptop Stand Aluminium,accessories,3,27.50,82.50,completed,2026-07-26T21:39:37+00:00
ORD-054575,2,10,Laptop Stand Aluminium,accessories,3,27.50,82.50,refunded,2026-07-26T10:26:06+00:00
ORD-054576,7,9,USB-C Hub 8-in-1,accessories,5,39.99,199.95,pending,2026-07-26T01:15:03+00:00
ORD-054577,5,6,Desk Speakers Pair,audio,1,89.00,89.00,completed,2026-07-26T14:13:22+00:00
ORD-054578,9,2,Wireless Mouse,peripherals,3,49.50,148.50,cancelled,2026-07-26T10:15:22+00:00
ORD-054579,7,3,27in 1440p Monitor,displays,5,319.99,1599.95,completed,2026-07-26T21:48:40+00:00
ORD-054580,7,2,Wireless Mouse,peripherals,5,49.50,247.50,cancelled,2026-07-26T12:06:55+00:00
ORD-054581,10,9,USB-C Hub 8-in-1,accessories,1,39.99,39.99,cancelled,2026-07-26T19:24:48+00:00
ORD-054582,3,6,Desk Speakers Pair,audio,2,89.00,178.00,pending,2026-07-26T13:11:59+00:00
ORD-054583,6,5,Over-ear Headphones,audio,1,199.95,199.95,pending,2026-07-26T03:30:39+00:00
ORD-054584,8,10,Laptop Stand Aluminium,accessories,5,27.50,137.50,refunded,2026-07-26T11:00:28+00:00
ORD-054585,9,7,Standing Desk 120cm,furniture,5,449.00,2245.00,pending,2026-07-26T16:12:07+00:00
ORD-054586,1,2,Wireless Mouse,peripherals,5,49.50,247.50,completed,2026-07-26T19:57:52+00:00
ORD-054587,7,4,34in Ultrawide Monitor,displays,5,579.00,2895.00,pending,2026-07-26T08:14:27+00:00
ORD-054588,8,2,Wireless Mouse,peripherals,2,49.50,99.00,pending,2026-07-26T03:18:07+00:00
ORD-054589,6,3,27in 1440p Monitor,displays,3,319.99,959.97,cancelled,2026-07-26T00:19:31+00:00
ORD-054590,3,2,Wireless Mouse,peripherals,2,49.50,99.00,cancelled,2026-07-26T09:11:57+00:00
ORD-054591,9,3,27in 1440p Monitor,displays,2,319.99,639.98,cancelled,2026-07-26T16:53:34+00:00
ORD-054592,8,1,Mechanical Keyboard 75%,peripherals,4,129.00,516.00,completed,2026-07-26T09:07:00+00:00
ORD-054593,5,3,27in 1440p Monitor,displays,2,319.99,639.98,cancelled,2026-07-26T10:08:20+00:00
ORD-054594,8,3,27in 1440p Monitor,displays,2,319.99,639.98,cancelled,2026-07-26T04:02:54+00:00
ORD-054595,3,7,Standing Desk 120cm,furniture,5,449.00,2245.00,pending,2026-07-26T18:20:51+00:00
ORD-054596,4,5,Over-ear Headphones,audio,1,199.95,199.95,pending,2026-07-26T20:39:13+00:00
ORD-054597,5,7,Standing Desk 120cm,furniture,3,449.00,1347.00,completed,2026-07-26T02:05:48+00:00
ORD-054598,2,2,Wireless Mouse,peripherals,3,49.50,148.50,completed,2026-07-26T04:49:54+00:00
ORD-054599,3,7,Standing Desk 120cm,furniture,2,449.00,898.00,completed,2026-07-26T02:25:41+00:00
ORD-054600,2,9,USB-C Hub 8-in-1,accessories,2,39.99,79.98,pending,2026-07-26T16:52:27+00:00
ORD-054601,4,5,Over-ear Headphones,audio,4,199.95,799.80,cancelled,2026-07-26T13:10:15+00:00
ORD-054602,3,10,Laptop Stand Aluminium,accessories,3,27.50,82.50,refunded,2026-07-26T05:03:05+00:00
ORD-054603,9,5,Over-ear Headphones,audio,5,199.95,999.75,cancelled,2026-07-26T21:30:52+00:00
ORD-054604,9,3,27in 1440p Monitor,displays,2,319.99,639.98,refunded,2026-07-26T13:45:48+00:00
ORD-054605,6,7,Standing Desk 120cm,furniture,1,449.00,449.00,completed,2026-07-26T14:49:07+00:00
ORD-054606,10,4,34in Ultrawide Monitor,displays,1,579.00,579.00,refunded,2026-07-26T11:41:11+00:00
ORD-054607,5,5,Over-ear Headphones,audio,3,199.95,599.85,refunded,2026-07-26T01:43:33+00:00
ORD-054608,8,2,Wireless Mouse,peripherals,4,49.50,198.00,completed,2026-07-26T20:17:14+00:00
ORD-054609,7,8,Ergonomic Chair,furniture,3,612.75,1838.25,pending,2026-07-26T22:33:14+00:00
ORD-054610,6,3,27in 1440p Monitor,displays,4,319.99,1279.96,completed,2026-07-26T06:25:20+00:00
ORD-054611,9,9,USB-C Hub 8-in-1,accessories,4,39.99,159.96,cancelled,2026-07-26T08:39:21+00:00
ORD-054612,5,10,Laptop Stand Aluminium,accessories,4,27.50,110.00,cancelled,2026-07-26T07:08:18+00:00
ORD-054613,4,7,Standing Desk 120cm,furniture,3,449.00,1347.00,refunded,2026-07-26T18:42:31+00:00
ORD-054614,10,10,Laptop Stand Aluminium,accessories,4,27.50,110.00,cancelled,2026-07-26T03:48:33+00:00
ORD-054615,4,8,Ergonomic Chair,furniture,5,612.75,3063.75,pending,2026-07-26T07:17:25+00:00
ORD-054616,8,1,Mechanical Keyboard 75%,peripherals,1,129.00,129.00,completed,2026-07-26T21:20:13+00:00
ORD-054617,6,10,Laptop Stand Aluminium,accessories,1,27.50,27.50,pending,2026-07-26T09:50:40+00:00
ORD-054618,5,8,Ergonomic Chair,furniture,3,612.75,1838.25,refunded,2026-07-26T05:50:29+00:00
ORD-054619,6,6,Desk Speakers Pair,audio,4,89.00,356.00,pending,2026-07-26T00:21:40+00:00
ORD-054620,8,8,Ergonomic Chair,furniture,3,612.75,1838.25,cancelled,2026-07-26T12:14:43+00:00
ORD-054621,4,6,Desk Speakers Pair,audio,1,89.00,89.00,cancelled,2026-07-26T04:14:14+00:00
ORD-054622,8,9,USB-C Hub 8-in-1,accessories,2,39.99,79.98,pending,2026-07-26T17:33:17+00:00
ORD-054623,10,1,Mechanical Keyboard 75%,peripherals,1,129.00,129.00,refunded,2026-07-26T19:22:36+00:00
ORD-054624,5,2,Wireless Mouse,peripherals,3,49.50,148.50,completed,2026-07-26T08:07:10+00:00
ORD-054625,8,10,Laptop Stand Aluminium,accessories,2,27.50,55.00,cancelled,2026-07-26T10:46:08+00:00
ORD-054626,3,4,34in Ultrawide Monitor,displays,3,579.00,1737.00,cancelled,2026-07-26T23:25:04+00:00
ORD-054627,7,5,Over-ear Headphones,audio,1,199.95,199.95,refunded,2026-07-26T18:10:01+00:00
ORD-054628,3,8,Ergonomic Chair,furniture,5,612.75,3063.75,refunded,2026-07-26T21:19:38+00:00
ORD-054629,6,4,34in Ultrawide Monitor,displays,5,579.00,2895.00,cancelled,2026-07-26T00:30:52+00:00
ORD-054630,1,9,USB-C Hub 8-in-1,accessories,2,39.99,79.98,completed,2026-07-26T12:02:14+00:00
ORD-054631,10,9,USB-C Hub 8-in-1,accessories,1,39.99,39.99,cancelled,2026-07-26T23:36:30+00:00
ORD-054632,5,6,Desk Speakers Pair,audio,1,89.00,89.00,refunded,2026-07-26T19:12:52+00:00
ORD-054633,8,2,Wireless Mouse,peripherals,5,49.50,247.50,pending,2026-07-26T14:41:30+00:00
ORD-054634,10,8,Ergonomic Chair,furniture,4,612.75,2451.00,refunded,2026-07-26T19:38:06+00:00
ORD-054635,7,2,Wireless Mouse,peripherals,3,49.50,148.50,refunded,2026-07-26T14:35:21+00:00
ORD-054636,1,2,Wireless Mouse,peripherals,3,49.50,148.50,completed,2026-07-26T20:16:38+00:00
ORD-054637,5,7,Standing Desk 120cm,furniture,2,449.00,898.00,cancelled,2026-07-26T21:57:10+00:00
ORD-054638,10,1,Mechanical Keyboard 75%,peripherals,5,129.00,645.00,pending,2026-07-26T09:34:34+00:00
ORD-054639,2,5,Over-ear Headphones,audio,5,199.95,999.75,refunded,2026-07-26T23:45:59+00:00
ORD-054640,1,8,Ergonomic Chair,furniture,5,612.75,3063.75,cancelled,2026-07-26T04:46:36+00:00
ORD-054641,6,6,Desk Speakers Pair,audio,4,89.00,356.00,pending,2026-07-26T19:15:10+00:00
ORD-054642,6,7,Standing Desk 120cm,furniture,2,449.00,898.00,completed,2026-07-26T02:09:35+00:00
ORD-054643,5,7,Standing Desk 120cm,furniture,1,449.00,449.00,cancelled,2026-07-26T07:10:32+00:00
ORD-054644,5,8,Ergonomic Chair,furniture,1,612.75,612.75,cancelled,2026-07-26T09:34:48+00:00
ORD-054645,9,8,Ergonomic Chair,furniture,2,612.75,1225.50,pending,2026-07-26T02:18:44+00:00
ORD-054646,9,5,Over-ear Headphones,audio,5,199.95,999.75,refunded,2026-07-26T17:25:14+00:00
ORD-054647,3,3,27in 1440p Monitor,displays,1,319.99,319.99,pending,2026-07-26T14:38:43+00:00
ORD-054648,1,1,Mechanical Keyboard 75%,peripherals,2,129.00,258.00,pending,2026-07-26T01:25:32+00:00
ORD-054649,10,9,USB-C Hub 8-in-1,accessories,5,39.99,199.95,completed,2026-07-26T00:00:39+00:00
ORD-054650,1,6,Desk Speakers Pair,audio,4,89.00,356.00,pending,2026-07-26T23:07:42+00:00
ORD-054651,3,10,Laptop Stand Aluminium,accessories,1,27.50,27.50,refunded,2026-07-26T19:03:30+00:00
ORD-054652,8,1,Mechanical Keyboard 75%,peripherals,2,129.00,258.00,cancelled,2026-07-26T22:00:16+00:00
ORD-054653,6,9,USB-C Hub 8-in-1,accessories,2,39.99,79.98,cancelled,2026-07-26T00:10:53+00:00
ORD-054654,4,4,34in Ultrawide Monitor,displays,2,579.00,1158.00,completed,2026-07-26T02:07:27+00:00
ORD-054655,7,8,Ergonomic Chair,furniture,5,612.75,3063.75,refunded,2026-07-26T20:27:16+00:00
ORD-054656,7,2,Wireless Mouse,peripherals,5,49.50,247.50,refunded,2026-07-26T17:42:56+00:00
ORD-054657,8,9,USB-C Hub 8-in-1,accessories,4,39.99,159.96,pending,2026-07-26T17:26:18+00:00
ORD-054658,8,7,Standing Desk 120cm,furniture,5,449.00,2245.00,refunded,2026-07-26T23:23:56+00:00
ORD-054659,8,5,Over-ear Headphones,audio,2,199.95,399.90,refunded,2026-07-26T12:14:43+00:00
ORD-054660,5,5,Over-ear Headphones,audio,2,199.95,399.90,pending,2026-07-26T20:05:23+00:00
ORD-054661,1,5,Over-ear Headphones,audio,2,199.95,399.90,refunded,2026-07-26T09:54:21+00:00
ORD-054662,10,6,Desk Speakers Pair,audio,4,89.00,356.00,pending,2026-07-26T18:46:58+00:00
ORD-054663,6,9,USB-C Hub 8-in-1,accessories,5,39.99,199.95,refunded,2026-07-26T16:54:27+00:00
ORD-054664,3,2,Wireless Mouse,peripherals,2,49.50,99.00,refunded,2026-07-26T00:20:50+00:00
ORD-054665,4,8,Ergonomic Chair,furniture,5,612.75,3063.75,cancelled,2026-07-26T08:19:48+00:00
ORD-054666,6,4,34in Ultrawide Monitor,displays,5,579.00,2895.00,pending,2026-07-26T16:09:20+00:00
ORD-054667,3,1,Mechanical Keyboard 75%,peripherals,3,129.00,387.00,refunded,2026-07-26T05:10:16+00:00
ORD-054668,6,6,Desk Speakers Pair,audio,4,89.00,356.00,completed,2026-07-26T18:21:13+00:00
ORD-054669,1,8,Ergonomic Chair,furniture,1,612.75,612.75,cancelled,2026-07-26T17:33:44+00:00
ORD-054670,8,10,Laptop Stand Aluminium,accessories,2,27.50,55.00,cancelled,2026-07-26T04:38:39+00:00
ORD-054671,8,7,Standing Desk 120cm,furniture,1,449.00,449.00,pending,2026-07-26T10:03:55+00:00
ORD-054672,3,7,Standing Desk 120cm,furniture,1,449.00,449.00,refunded,2026-07-26T11:50:43+00:00
ORD-054673,9,9,USB-C Hub 8-in-1,accessories,1,39.99,39.99,refunded,2026-07-26T20:53:29+00:00
ORD-054674,10,8,Ergonomic Chair,furniture,3,612.75,1838.25,completed,2026-07-26T21:07:19+00:00
ORD-054675,7,5,Over-ear Headphones,audio,3,199.95,599.85,completed,2026-07-26T11:00:18+00:00
ORD-054676,2,8,Ergonomic Chair,furniture,5,612.75,3063.75,refunded,2026-07-26T08:59:40+00:00
ORD-054677,6,10,Laptop Stand Aluminium,accessories,4,27.50,110.00,cancelled,2026-07-26T07:22:08+00:00
ORD-054678,2,5,Over-ear Headphones,audio,5,199.95,999.75,pending,2026-07-26T12:58:26+00:00
ORD-054679,5,8,Ergonomic Chair,furniture,5,612.75,3063.75,pending,2026-07-26T15:11:36+00:00
ORD-054680,1,10,Laptop Stand Aluminium,accessories,4,27.50,110.00,completed,2026-07-26T21:40:57+00:00
ORD-054681,4,6,Desk Speakers Pair,audio,5,89.00,445.00,refunded,2026-07-26T01:48:38+00:00
ORD-054682,4,9,USB-C Hub 8-in-1,accessories,1,39.99,39.99,completed,2026-07-26T10:16:47+00:00
ORD-054683,5,1,Mechanical Keyboard 75%,peripherals,3,129.00,387.00,cancelled,2026-07-26T09:10:22+00:00
ORD-054684,2,4,34in Ultrawide Monitor,displays,4,579.00,2316.00,completed,2026-07-26T15:46:46+00:00
ORD-054685,9,8,Ergonomic Chair,furniture,3,612.75,1838.25,cancelled,2026-07-26T23:10:27+00:00
ORD-054686,9,4,34in Ultrawide Monitor,displays,4,579.00,2316.00,pending,2026-07-26T05:40:25+00:00
ORD-054687,7,9,USB-C Hub 8-in-1,accessories,2,39.99,79.98,completed,2026-07-26T08:54:06+00:00
ORD-054688,7,9,USB-C Hub 8-in-1,accessories,1,39.99,39.99,refunded,2026-07-26T08:29:25+00:00
ORD-054689,6,2,Wireless Mouse,peripherals,1,49.50,49.50,pending,2026-07-26T15:03:18+00:00
ORD-054690,8,5,Over-ear Headphones,audio,5,199.95,999.75,completed,2026-07-26T22:51:23+00:00
ORD-054691,7,8,Ergonomic Chair,furniture,4,612.75,2451.00,cancelled,2026-07-26T19:28:54+00:00
ORD-054692,5,6,Desk Speakers Pair,audio,1,89.00,89.00,pending,2026-07-26T15:01:01+00:00
ORD-054693,6,5,Over-ear Headphones,audio,4,199.95,799.80,refunded,2026-07-26T01:36:53+00:00
ORD-054694,6,2,Wireless Mouse,peripherals,2,49.50,99.00,refunded,2026-07-26T14:33:18+00:00
ORD-054695,1,1,Mechanical Keyboard 75%,peripherals,3,129.00,387.00,refunded,2026-07-26T20:03:29+00:00
ORD-054696,2,10,Laptop Stand Aluminium,accessories,2,27.50,55.00,cancelled,2026-07-26T11:51:21+00:00
ORD-054697,5,9,USB-C Hub 8-in-1,accessories,3,39.99,119.97,refunded,2026-07-26T01:36:43+00:00
ORD-054698,1,3,27in 1440p Monitor,displays,3,319.99,959.97,refunded,2026-07-26T21:53:41+00:00
ORD-054699,9,4,34in Ultrawide Monitor,displays,1,579.00,579.00,pending,2026-07-26T03:28:48+00:00
