order_id,customer_id,product_id,product_name,category,quantity,unit_price,amount,status,order_date
ORD-028162,1,7,Standing Desk 120cm,furniture,3,449.00,1347.00,pending,2026-07-15T10:07:48+00:00
ORD-028163,7,2,Wireless Mouse,peripherals,5,49.50,247.50,refunded,2026-07-15T10:03:38+00:00
ORD-028164,7,7,Standing Desk 120cm,furniture,5,449.00,2245.00,completed,2026-07-15T19:00:39+00:00
ORD-028165,5,2,Wireless Mouse,peripherals,3,49.50,148.50,completed,2026-07-15T02:11:11+00:00
ORD-028166,2,9,USB-C Hub 8-in-1,accessories,1,39.99,39.99,pending,2026-07-15T09:32:48+00:00
ORD-028167,5,8,Ergonomic Chair,furniture,3,612.75,1838.25,pending,2026-07-15T10:11:24+00:00
ORD-028168,2,4,34in Ultrawide Monitor,displays,2,579.00,1158.00,cancelled,2026-07-15T02:36:41+00:00
ORD-028169,4,4,34in Ultrawide Monitor,displays,2,579.00,1158.00,completed,2026-07-15T10:22:08+00:00
ORD-028170,3,8,Ergonomic Chair,furniture,2,612.75,1225.50,cancelled,2026-07-15T11:44:42+00:00
ORD-028171,6,2,Wireless Mouse,peripherals,3,49.50,148.50,pending,2026-07-15T02:22:22+00:00
ORD-028172,4,1,Mechanical Keyboard 75%,peripherals,4,129.00,516.00,completed,2026-07-15T19:53:00+00:00
ORD-028173,6,1,Mechanical Keyboard 75%,peripherals,2,129.00,258.00,refunded,2026-07-15T03:39:57+00:00
ORD-028174,4,10,Laptop Stand Aluminium,accessories,1,27.50,27.50,refunded,2026-07-15T00:13:17+00:00
ORD-028175,5,2,Wireless Mouse,peripherals,5,49.50,247.50,pending,2026-07-15T06:23:14+00:00
ORD-028176,5,7,Standing Desk 120cm,furniture,4,449.00,1796.00,completed,2026-07-15T04:18:22+00:00
ORD-028177,7,4,34in Ultrawide Monitor,displays,1,579.00,579.00,completed,2026-07-15T12:37:35+00:00
ORD-028178,4,2,Wireless Mouse,peripherals,4,49.50,198.00,completed,2026-07-15T05:02:00+00:00
ORD-028179,1,5,Over-ear Headphones,audio,4,199.95,799.80,completed,2026-07-15T20:11:05+00:00
ORD-028180,10,6,Desk Speakers Pair,audio,4,89.00,356.00,cancelled,2026-07-15T09:29:17+00:00
ORD-028181,10,2,Wireless Mouse,peripherals,4,49.50,198.00,completed,2026-07-15T15:23:46+00:00
ORD-028182,5,2,Wireless Mouse,peripherals,4,49.50,198.00,completed,2026-07-15T13:19:12+00:00
ORD-028183,2,8,Ergonomic Chair,furniture,4,612.75,2451.00,cancelled,2026-07-15T13:49:20+00:00
ORD-028184,4,5,Over-ear Headphones,audio,3,199.95,599.85,pending,2026-07-15T21:50:31+00:00
ORD-028185,3,1,Mechanical Keyboard 75%,peripherals,2,129.00,258.00,pending,2026-07-15T21:03:41+00:00
ORD-028186,6,3,27in 1440p Monitor,displays,1,319.99,319.99,completed,2026-07-15T15:58:48+00:00
ORD-028187,5,8,Ergonomic Chair,furniture,3,612.75,1838.25,completed,2026-07-15T06:30:24+00:00
ORD-028188,9,8,Ergonomic Chair,furniture,1,612.75,612.75,pending,2026-07-15T02:27:30+00:00
ORD-028189,10,8,Ergonomic Chair,furniture,4,612.75,2451.00,cancelled,2026-07-15T00:20:45+00:00
ORD-028190,1,5,Over-ear Headphones,audio,5,199.95,999.75,refunded,2026-07-15T00:24:03+00:00
ORD-028191,2,6,Desk Speakers Pair,audio,4,89.00,356.00,pending,2026-07-15T21:29:39+00:00
ORD-028192,5,3,27in 1440p Monitor,displays,3,319.99,959.97,cancelled,2026-07-15T00:43:34+00:00
ORD-028193,5,7,Standing Desk 120cm,furniture,1,449.00,449.00,cancelled,2026-07-15T12:06:48+00:00
ORD-028194,3,3,27in 1440p Monitor,displays,5,319.99,1599.95,cancelled,2026-07-15T15:48:46+00:00
ORD-028195,6,9,USB-C Hub 8-in-1,accessories,1,39.99,39.99,refunded,2026-07-15T19:49:12+00:00
ORD-028196,7,8,Ergonomic Chair,furniture,5,612.75,3063.75,refunded,2026-07-15T06:31:17+00:00
ORD-028197,10,3,27in 1440p Monitor,displays,1,319.99,319.99,cancelled,2026-07-15T05:57:29+00:00
ORD-028198,2,9,USB-C Hub 8-in-1,accessories,1,39.99,39.99,pending,2026-07-15T05:19:11+00:00
ORD-028199,10,10,Laptop Stand Aluminium,accessories,3,27.50,82.50,completed,2026-07-15T20:34:23+00:00
ORD-028200,8,1,Mechanical Keyboard 75%,peripherals,3,129.00,387.00,refunded,2026-07-15T19:13:57+00:00
ORD-028201,4,6,Desk Speakers Pair,audio,2,89.00,178.00,cancelled,2026-07-15T00:16:06+00:00
ORD-028202,2,8,Ergonomic Chair,furniture,3,612.75,1838.25,refunded,2026-07-15T11:28:37+00:00
ORD-028203,4,3,27in 1440p Monitor,displays,2,319.99,639.98,completed,2026-07-15T01:32:11+00:00
ORD-028204,4,2,Wireless Mouse,peripherals,5,49.50,247.50,refunded,2026-07-15T01:08:27+00:00
ORD-028205,8,7,Standing Desk 120cm,furniture,1,449.00,449.00,completed,2026-07-15T18:35:30+00:00
ORD-028206,7,10,Laptop Stand Aluminium,accessories,5,27.50,137.50,refunded,2026-07-15T10:33:51+00:00
ORD-028207,8,5,Over-ear Headphones,audio,4,199.95,799.80,completed,2026-07-15T15:22:04+00:00
ORD-028208,2,4,34in Ultrawide Monitor,displays,5,579.00,2895.00,completed,2026-07-15T00:39:40+00:00
ORD-028209,2,5,Over-ear Headphones,audio,5,199.95,999.75,cancelled,2026-07-15T23:45:10+00:00
ORD-028210,7,2,Wireless Mouse,peripherals,5,49.50,247.50,completed,2026-07-15T06:21:27+00:00
ORD-028211,3,4,34in Ultrawide Monitor,displays,4,579.00,2316.00,refunded,2026-07-15T19:00:48+00:00
ORD-028212,9,6,Desk Speakers Pair,audio,4,89.00,356.00,pending,2026-07-15T00:39:01+00:00
ORD-028213,10,10,Laptop Stand Aluminium,accessories,1,27.50,27.50,pending,2026-07-15T18:10:06+00:00
ORD-028214,7,3,27in 1440p Monitor,displays,4,319.99,1279.96,pending,2026-07-15T17:47:08+00:00
ORD-028215,5,9,USB-C Hub 8-in-1,accessories,2,39.99,79.98,refunded,2026-07-15T13:02:11+00:00
ORD-028216,2,10,Laptop Stand Aluminium,accessories,1,27.50,27.50,completed,2026-07-15T16:05:17+00:00
ORD-028217,2,7,Standing Desk 120cm,furniture,3,449.00,1347.00,pending,2026-07-15T12:29:50+00:00
ORD-028218,8,1,Mechanical Keyboard 75%,peripherals,3,129.00,387.00,completed,2026-07-15T17:36:08+00:00
ORD-028219,3,7,Standing Desk 120cm,furniture,4,449.00,1796.00,cancelled,2026-07-15T15:11:43+00:00
ORD-028220,10,9,USB-C Hub 8-in-1,accessories,2,39.99,79.98,pending,2026-07-15T08:36:10+00:00
ORD-028221,6,1,Mechanical Keyboard 75%,peripherals,2,129.00,258.00,pending,2026-07-15T16:03:04+00:00
ORD-028222,6,6,Desk Speakers Pair,audio,3,89.00,267.00,cancelled,2026-07-15T04:53:35+00:00
ORD-028223,10,8,Ergonomic Chair,furniture,3,612.75,1838.25,pending,2026-07-15T00:34:58+00:00
ORD-028224,7,7,Standing Desk 120cm,furniture,5,449.00,2245.00,cancelled,2026-07-15T05:08:23+00:00
ORD-028225,2,1,Mechanical Keyboard 75%,peripherals,5,129.00,645.00,pending,2026-07-15T20:01:12+00:00
ORD-028226,4,6,Desk Speakers Pair,audio,1,89.00,89.00,pending,2026-07-15T10:59:38+00:00
ORD-028227,2,9,USB-C Hub 8-in-1,accessories,2,39.99,79.98,completed,2026-07-15T02:34:21+00:00
ORD-028228,6,1,Mechanical Keyboard 75%,peripherals,5,129.00,645.00,refunded,2026-07-15T04:18:10+00:00
ORD-028229,1,2,Wireless Mouse,peripherals,1,49.50,49.50,completed,2026-07-15T07:31:53+00:00
ORD-028230,9,1,Mechanical Keyboard 75%,peripherals,1,129.00,129.00,completed,2026-07-15T04:29:24+00:00
ORD-028231,3,8,Ergonomic Chair,furniture,4,612.75,2451.00,cancelled,2026-07-15T10:00:35+00:00
ORD-028232,1,1,Mechanical Keyboard 75%,peripherals,5,129.00,645.00,cancelled,2026-07-15T23:08:19+00:00
ORD-028233,9,2,Wireless Mouse,peripherals,2,49.50,99.00,completed,2026-07-15T01:10:37+00:00
ORD-028234,8,10,Laptop Stand Aluminium,accessories,1,27.50,27.50,refunded,2026-07-15T17:08:03+00:00
ORD-028235,6,1,Mechanical Keyboard 75%,peripherals,2,129.00,258.00,completed,2026-07-15T18:32:59+00:00
ORD-028236,9,6,Desk Speakers Pair,audio,3,89.00,267.00,completed,2026-07-15T12:57:37+00:00
ORD-028237,7,10,Laptop Stand Aluminium,accessories,1,27.50,27.50,pending,2026-07-15T18:14:02+00:00
ORD-028238,10,3,27in 1440p Monitor,displays,2,319.99,639.98,cancelled,2026-07-15T04:51:51+00:00
ORD-028239,7,7,Standing Desk 120cm,furniture,4,449.00,1796.00,refunded,2026-07-15T14:44:54+00:00
ORD-028240,2,5,Over-ear Headphones,audio,5,199.95,999.75,cancelled,2026-07-15T14:19:29+00:00
ORD-028241,8,5,Over-ear Headphones,audio,1,199.95,199.95,pending,2026-07-15T12:50:45+00:00
ORD-028242,9,4,34in Ultrawide Monitor,displays,4,579.00,2316.00,cancelled,2026-07-15T11:01:04+00:00
ORD-028243,1,4,34in Ultrawide Monitor,displays,1,579.00,579.00,completed,2026-07-15T06:32:02+00:00
ORD-028244,9,4,34in Ultrawide Monitor,displays,2,579.00,1158.00,pending,2026-07-15T09:08:20+00:00
ORD-028245,10,4,34in Ultrawide Monitor,displays,2,579.00,1158.00,pending,2026-07-15T19:02:30+00:00
ORD-028246,2,2,Wireless Mouse,peripherals,4,49.50,198.00,pending,2026-07-15T17:07:13+00:00
ORD-028247,10,8,Ergonomic Chair,furniture,5,612.75,3063.75,completed,2026-07-15T10:30:49+00:00
ORD-028248,5,1,Mechanical Keyboard 75%,peripherals,4,129.00,516.00,pending,2026-07-15T08:41:56+00:00
ORD-028249,5,3,27in 1440p Monitor,displays,2,319.99,639.98,refunded,2026-07-15T18:24:09+00:00
ORD-028250,2,1,Mechanical Keyboard 75%,peripherals,5,129.00,645.00,pending,2026-07-15T21:16:39+00:00
ORD-028251,1,8,Ergonomic Chair,furniture,1,612.75,612.75,completed,2026-07-15T14:54:10+00:00
ORD-028252,9,4,34in Ultrawide Monitor,displays,1,579.00,579.00,refunded,2026-07-15T09:08:46+00:00
ORD-028253,2,5,Over-ear Headphones,audio,2,199.95,399.90,pending,2026-07-15T21:28:32+00:00
ORD-028254,8,8,Ergonomic Chair,furniture,1,612.75,612.75,pending,2026-07-15T14:34:55+00:00
ORD-028255,9,6,Desk Speakers Pair,audio,3,89.00,267.00,completed,2026-07-15T09:10:41+00:00
ORD-028256,1,5,Over-ear Headphones,audio,5,199.95,999.75,completed,2026-07-15T02:33:05+00:00
ORD-028257,9,2,Wireless Mouse,peripherals,2,49.50,99.00,completed,2026-07-15T21:21:47+00:00
ORD-028258,3,6,Desk Speakers Pair,audio,5,89.00,445.00,completed,2026-07-15T01:19:12+00:00
ORD-028259,5,5,Over-ear Headphones,audio,2,199.95,399.90,cancelled,2026-07-15T21:48:42+00:00
ORD-028260,9,7,Standing Desk 120cm,furniture,2,449.00,898.00,completed,2026-07-15T23:48:56+00:00
ORD-028261,7,9,USB-C Hub 8-in-1,accessories,2,39.99,79.98,pending,2026-07-15T16:16:56+00:00
ORD-028262,1,5,Over-ear Headphones,audio,2,199.95,399.90,cancelled,2026-07-15T10:52:53+00:00
ORD-028263,5,6,Desk Speakers Pair,audio,5,89.00,445.00,cancelled,2026-07-15T08:40:25+00:00
ORD-028264,3,7,Standing Desk 120cm,furniture,1,449.00,449.00,refunded,2026-07-15T02:27:44+00:00
ORD-028265,7,9,USB-C Hub 8-in-1,accessories,5,39.99,199.95,refunded,2026-07-15T12:01:58+00:00
ORD-028266,6,6,Desk Speakers Pair,audio,2,89.00,178.00,completed,2026-07-15T20:04:20+00:00
ORD-028267,9,10,Laptop Stand Aluminium,accessories,1,27.50,27.50,completed,2026-07-15T04:37:25+00:00
ORD-028268,1,9,USB-C Hub 8-in-1,accessories,1,39.99,39.99,completed,2026-07-15T15:46:05+00:00
ORD-028269,5,4,34in Ultrawide Monitor,displays,3,579.00,1737.00,refunded,2026-07-15T16:00:52+00:00
ORD-028270,3,5,Over-ear Headphones,audio,5,199.95,999.75,completed,2026-07-15T23:11:08+00:00
ORD-028271,6,4,34in Ultrawide Monitor,displays,3,579.00,1737.00,refunded,2026-07-15T02:03:14+00:00
ORD-028272,9,4,34in Ultrawide Monitor,displays,5,579.00,2895.00,completed,2026-07-15T09:35:50+00:00
ORD-028273,7,4,34in Ultrawide Monitor,displays,2,579.00,1158.00,pending,2026-07-15T02:57:24+00:00
ORD-028274,8,2,Wireless Mouse,peripherals,3,49.50,148.50,cancelled,2026-07-15T20:55:07+00:00
ORD-028275,4,10,Laptop Stand Aluminium,accessories,1,27.50,27.50,completed,2026-07-15T07:11:16+00:00
ORD-028276,4,3,27in 1440p Monitor,displays,3,319.99,959.97,completed,2026-07-15T06:32:34+00:00
ORD-028277,10,1,Mechanical Keyboard 75%,peripherals,5,129.00,645.00,pending,2026-07-15T23:43:09+00:00
ORD-028278,8,8,Ergonomic Chair,furniture,3,612.75,1838.25,completed,2026-07-15T19:03:09+00:00
ORD-028279,6,1,Mechanical Keyboard 75%,peripherals,3,129.00,387.00,refunded,2026-07-15T18:17:14+00:00
ORD-028280,7,1,Mechanical Keyboard 75%,peripherals,4,129.00,516.00,refunded,2026-07-15T10:55:28+00:00
ORD-028281,9,8,Ergonomic Chair,furniture,2,612.75,1225.50,completed,2026-07-15T03:22:19+00:00
ORD-028282,7,10,Laptop Stand Aluminium,accessories,1,27.50,27.50,pending,2026-07-15T05:30:47+00:00
ORD-028283,6,3,27in 1440p Monitor,displays,1,319.99,319.99,pending,2026-07-15T09:33:18+00:00
ORD-028284,3,5,Over-ear Headphones,audio,3,199.95,599.85,cancelled,2026-07-15T07:24:16+00:00
ORD-028285,10,5,Over-ear Headphones,audio,3,199.95,599.85,completed,2026-07-15T04:08:14+00:00
ORD-028286,7,9,USB-C Hub 8-in-1,accessories,4,39.99,159.96,cancelled,2026-07-15T11:45:56+00:00
ORD-028287,4,8,Ergonomic Chair,furniture,3,612.75,1838.25,completed,2026-07-15T08:55:05+00:00
ORD-028288,10,10,Laptop Stand Aluminium,accessories,1,27.50,27.50,completed,2026-07-15T15:30:54+00:00
ORD-028289,5,2,Wireless Mouse,peripherals,4,49.50,198.00,pending,2026-07-15T04:23:51+00:00
ORD-028290,2,9,USB-C Hub 8-in-1,accessories,1,39.99,39.99,completed,2026-07-15T14:15:11+00:00
ORD-028291,2,9,USB-C Hub 8-in-1,accessories,3,39.99,119.97,completed,2026-07-15T16:10:04+00:00
ORD-028292,5,8,Ergonomic Chair,furniture,1,612.75,612.75,pending,2026-07-15T13:11:21+00:00
ORD-028293,8,4,34in Ultrawide Monitor,displays,1,579.00,579.00,cancelled,2026-07-15T07:52:38+00:00
ORD-028294,6,4,34in Ultrawide Monitor,displays,2,579.00,1158.00,pending,2026-07-15T17:08:17+00:00
ORD-028295,8,2,Wireless Mouse,peripherals,4,49.50,198.00,completed,2026-07-15T03:50:57+00:00
ORD-028296,2,6,Desk Speakers Pair,audio,2,89.00,178.00,cancelled,2026-07-15T16:27:44+00:00
ORD-028297,3,9,USB-C Hub 8-in-1,accessories,4,39.99,159.96,refunded,2026-07-15T10:22:25+00:00
ORD-028298,6,1,Mechanical Keyboard 75%,peripherals,4,129.00,516.00,completed,2026-07-15T12:15:57+00:00
ORD-028299,6,1,Mechanical Keyboard 75%,peripherals,5,129.00,645.00,cancelled,2026-07-15T14:21:38+00:00
ORD-028300,4,8,Ergonomic Chair,furniture,1,612.75,612.75,cancelled,2026-07-15T12:40:12+00:00
ORD-028301,10,3,27in 1440p Monitor,displays,4,319.99,1279.96,pending,2026-07-15T09:32:08+00:00
ORD-028302,7,4,34in Ultrawide Monitor,displays,1,579.00,579.00,completed,2026-07-15T14:23:49+00:00
ORD-028303,5,8,Ergonomic Chair,furniture,3,612.75,1838.25,pending,2026-07-15T02:22:46+00:00
ORD-028304,8,5,Over-ear Headphones,audio,4,199.95,799.80,completed,2026-07-15T10:36:25+00:00
ORD-028305,4,3,27in 1440p Monitor,displays,1,319.99,319.99,pending,2026-07-15T05:12:08+00:00
ORD-028306,1,7,Standing Desk 120cm,furniture,4,449.00,1796.00,completed,2026-07-15T06:25:51+00:00
ORD-028307,9,8,Ergonomic Chair,furniture,5,612.75,3063.75,completed,2026-07-15T04:32:11+00:00
ORD-028308,4,10,Laptop Stand Aluminium,accessories,1,27.50,27.50,pending,2026-07-15T22:10:43+00:00
ORD-028309,9,6,Desk Speakers Pair,audio,1,89.00,89.00,refunded,2026-07-15T14:21:06+00:00
ORD-028310,5,7,Standing Desk 120cm,furniture,2,449.00,898.00,pending,2026-07-15T16:41:07+00:00
ORD-028311,4,2,Wireless Mouse,peripherals,5,49.50,247.50,completed,2026-07-15T18:45:24+00:00
ORD-028312,8,5,Over-ear Headphones,audio,2,199.95,399.90,refunded,2026-07-15T04:22:50+00:00
ORD-028313,7,3,27in 1440p Monitor,displays,1,319.99,319.99,completed,2026-07-15T15:30:32+00:00
ORD-028314,2,3,27in 1440p Monitor,displays,4,319.99,1279.96,completed,2026-07-15T20:13:52+00:00
ORD-028315,8,4,34in Ultrawide Monitor,displays,4,579.00,2316.00,pending,2026-07-15T15:22:08+00:00
ORD-028316,10,2,Wireless Mouse,peripherals,4,49.50,198.00,pending,2026-07-15T23:08:16+00:00
ORD-028317,10,4,34in Ultrawide Monitor,displays,3,579.00,1737.00,cancelled,2026-07-15T23:23:49+00:00
ORD-028318,8,1,Mechanical Keyboard 75%,peripherals,2,129.00,258.00,cancelled,2026-07-15T23:03:27+00:00
ORD-028319,9,5,Over-ear Headphones,audio,4,199.95,799.80,cancelled,2026-07-15T15:53:16+00:00
ORD-028320,5,10,Laptop Stand Aluminium,accessories,1,27.50,27.50,cancelled,2026-07-15T03:44:35+00:00
ORD-028321,7,6,Desk Speakers Pair,audio,2,89.00,178.00,refunded,2026-07-15T04:08:56+00:00
ORD-028322,4,2,Wireless Mouse,peripherals,2,49.50,99.00,pending,2026-07-15T06:38:48+00:00
ORD-028323,9,7,Standing Desk 120cm,furniture,5,449.00,2245.00,refunded,2026-07-15T18:07:09+00:00
ORD-028324,7,3,27in 1440p Monitor,displays,2,319.99,639.98,completed,2026-07-15T02:08:44+00:00
ORD-028325,2,5,Over-ear Headphones,audio,1,199.95,199.95,refunded,2026-07-15T07:27:28+00:00
ORD-028326,1,5,Over-ear Headphones,audio,2,199.95,399.90,refunded,2026-07-15T05:59:01+00:00
ORD-028327,2,10,Laptop Stand Aluminium,accessories,1,27.50,27.50,completed,2026-07-15T17:51:16+00:00
ORD-028328,1,1,Mechanical Keyboard 75%,peripherals,4,129.00,516.00,cancelled,2026-07-15T07:25:54+00:00
ORD-028329,7,1,Mechanical Keyboard 75%,peripherals,4,129.00,516.00,pending,2026-07-15T22:02:13+00:00
ORD-028330,4,9,USB-C Hub 8-in-1,accessories,3,39.99,119.97,pending,2026-07-15T20:21:09+00:00
ORD-028331,2,4,34in Ultrawide Monitor,displays,2,579.00,1158.00,refunded,2026-07-15T10:44:31+00:00
ORD-028332,4,6,Desk Speakers Pair,audio,1,89.00,89.00,cancelled,2026-07-15T10:23:42+00:00
ORD-028333,1,8,Ergonomic Chair,furniture,1,612.75,612.75,completed,2026-07-15T11:08:24+00:00
ORD-028334,1,8,Ergonomic Chair,furniture,2,612.75,1225.50,refunded,2026-07-15T04:08:40+00:00
ORD-028335,2,4,34in Ultrawide Monitor,displays,1,579.00,579.00,cancelled,2026-07-15T09:55:33+00:00
ORD-028336,10,7,Standing Desk 120cm,furniture,5,449.00,2245.00,pending,2026-07-15T04:47:53+00:00
ORD-028337,2,5,Over-ear Headphones,audio,3,199.95,599.85,refunded,2026-07-15T00:31:40+00:00
ORD-028338,3,8,Ergonomic Chair,furniture,3,612.75,1838.25,pending,2026-07-15T04:02:07+00:00
ORD-028339,5,5,Over-ear Headphones,audio,5,199.95,999.75,completed,2026-07-15T15:51:31+00:00
ORD-028340,5,10,Laptop Stand Aluminium,accessories,2,27.50,55.00,pending,2026-07-15T21:28:58+00:00
ORD-028341,5,6,Desk Speakers Pair,audio,1,89.00,89.00,pending,2026-07-15T17:13:35+00:00
ORD-028342,8,3,27in 1440p Monitor,displays,1,319.99,319.99,refunded,2026-07-15T10:36:04+00:00
ORD-028343,6,4,34in Ultrawide Monitor,displays,3,579.00,1737.00,refunded,2026-07-15T12:40:41+00:00
ORD-028344,5,4,34in Ultrawide Monitor,displays,5,579.00,2895.00,pending,2026-07-15T16:17:14+00:00
ORD-028345,1,2,Wireless Mouse,peripherals,4,49.50,198.00,completed,2026-07-15T13:06:00+00:00
ORD-028346,10,6,Desk Speakers Pair,audio,4,89.00,356.00,refunded,2026-07-15T19:38:19+00:00
ORD-028347,5,7,Standing Desk 120cm,furniture,4,449.00,1796.00,completed,2026-07-15T04:49:06+00:00
ORD-028348,4,7,Standing Desk 120cm,furniture,2,449.00,898.00,refunded,2026-07-15T22:15:56+00:00
ORD-028349,6,10,Laptop Stand Aluminium,accessories,4,27.50,110.00,refunded,2026-07-15T10:09:42+00:00
ORD-028350,2,5,Over-ear Headphones,audio,1,199.95,199.95,pending,2026-07-15T04:37:58+00:00
ORD-028351,10,4,34in Ultrawide Monitor,displays,5,579.00,2895.00,refunded,2026-07-15T21:28:06+00:00
ORD-028352,9,1,Mechanical Keyboard 75%,peripherals,5,129.00,645.00,refunded,2026-07-15T19:47:08+00:00
ORD-028353,5,1,Mechanical Keyboard 75%,peripherals,2,129.00,258.00,pending,2026-07-15T10:42:11+00:00
ORD-028354,10,8,Ergonomic Chair,furniture,1,612.75,612.75,refunded,2026-07-15T04:20:30+00:00
ORD-028355,5,10,Laptop Stand Aluminium,accessories,3,27.50,82.50,completed,2026-07-15T22:31:44+00:00
ORD-028356,4,4,34in Ultrawide Monitor,displays,2,579.00,1158.00,completed,2026-07-15T16:07:06+00:00
ORD-028357,7,10,Laptop Stand Aluminium,accessories,2,27.50,55.00,completed,2026-07-15T08:36:21+00:00
ORD-028358,10,2,Wireless Mouse,peripherals,3,49.50,148.50,cancelled,2026-07-15T17:13:52+00:00
ORD-028359,6,6,Desk Speakers Pair,audio,5,89.00,445.00,cancelled,2026-07-15T12:29:26+00:00
ORD-028360,2,1,Mechanical Keyboard 75%,peripherals,5,129.00,645.00,completed,2026-07-15T10:10:13+00:00
ORD-028361,1,1,Mechanical Keyboard 75%,peripherals,4,129.00,516.00,completed,2026-07-15T00:01:51+00:00
ORD-028362,7,4,34in Ultrawide Monitor,displays,1,579.00,579.00,completed,2026-07-15T06:39:17+00:00
ORD-028363,5,8,Ergonomic Chair,furniture,2,612.75,1225.50,pending,2026-07-15T10:26:08+00:00
ORD-028364,2,2,Wireless Mouse,peripherals,2,49.50,99.00,cancelled,2026-07-15T03:00:05+00:00
ORD-028365,9,7,Standing Desk 120cm,furniture,5,449.00,2245.00,pending,2026-07-15T15:28:15+00:00
ORD-028366,1,9,USB-C Hub 8-in-1,accessories,3,39.99,119.97,completed,2026-07-15T22:00:55+00:00
ORD-028367,7,6,Desk Speakers Pair,audio,5,89.00,445.00,completed,2026-07-15T03:07:55+00:00
ORD-028368,1,7,Standing Desk 120cm,furniture,2,449.00,898.00,refunded,2026-07-15T15:08:50+00:00
ORD-028369,5,8,Ergonomic Chair,furniture,4,612.75,2451.00,pending,2026-07-15T08:11:51+00:00
ORD-028370,5,3,27in 1440p Monitor,displays,1,319.99,319.99,refunded,2026-07-15T22:51:33+00:00
ORD-028371,6,8,Ergonomic Chair,furniture,1,612.75,612.75,cancelled,2026-07-15T10:35:27+00:00
ORD-028372,9,5,Over-ear Headphones,audio,3,199.95,599.85,cancelled,2026-07-15T01:40:13+00:00
ORD-028373,8,9,USB-C Hub 8-in-1,accessories,3,39.99,119.97,pending,2026-07-15T16:31:09+00:00
ORD-028374,4,7,Standing Desk 120cm,furniture,2,449.00,898.00,completed,2026-07-15T11:45:25+00:00
ORD-028375,1,7,Standing Desk 120cm,furniture,2,449.00,898.00,refunded,2026-07-15T10:09:51+00:00
ORD-028376,1,4,34in Ultrawide Monitor,displays,3,579.00,1737.00,refunded,2026-07-15T14:40:55+00:00
ORD-028377,3,6,Desk Speakers Pair,audio,5,89.00,445.00,cancelled,2026-07-15T18:00:16+00:00
ORD-028378,9,10,Laptop Stand Aluminium,accessories,4,27.50,110.00,refunded,2026-07-15T08:02:45+00:00
ORD-028379,6,9,USB-C Hub 8-in-1,accessories,2,39.99,79.98,cancelled,2026-07-15T09:25:40+00:00
ORD-028380,3,9,USB-C Hub 8-in-1,accessories,2,39.99,79.98,completed,2026-07-15T16:11:52+00:00
ORD-028381,8,3,27in 1440p Monitor,displays,3,319.99,959.97,refunded,2026-07-15T05:29:06+00:00
ORD-028382,10,1,Mechanical Keyboard 75%,peripherals,1,129.00,-50.00,completed,2026-07-15T08:04:00+00:00
ORD-028383,3,2,Wireless Mouse,peripherals,4,49.50,198.00,cancelled,2026-07-15T05:36:30+00:00
ORD-028384,1,4,34in Ultrawide Monitor,displays,3,579.00,1737.00,pending,2026-07-15T07:38:03+00:00
ORD-028385,8,6,Desk Speakers Pair,audio,3,89.00,267.00,cancelled,2026-07-15T13:10:52+00:00
ORD-028386,5,10,Laptop Stand Aluminium,accessories,3,27.50,82.50,pending,2026-07-15T05:24:23+00:00
ORD-028387,9,3,27in 1440p Monitor,displays,3,319.99,959.97,refunded,2026-07-15T19:44:15+00:00
ORD-028388,6,3,27in 1440p Monitor,displays,2,319.99,639.98,cancelled,2026-07-15T15:54:37+00:00
ORD-028389,1,1,Mechanical Keyboard 75%,peripherals,5,129.00,645.00,cancelled,2026-07-15T15:54:09+00:00
ORD-028390,2,10,Laptop Stand Aluminium,accessories,2,27.50,55.00,cancelled,2026-07-15T12:23:30+00:00
ORD-028391,1,9,USB-C Hub 8-in-1,accessories,5,39.99,199.95,refunded,2026-07-15T20:08:25+00:00
ORD-028392,5,3,27in 1440p Monitor,displays,2,319.99,639.98,pending,2026-07-15T19:44:17+00:00
ORD-028393,2,2,Wireless Mouse,peripherals,2,49.50,99.00,refunded,2026-07-15T06:37:40+00:00
ORD-028394,8,1,Mechanical Keyboard 75%,peripherals,5,129.00,645.00,cancelled,2026-07-15T05:52:27+00:00
ORD-028395,4,7,Standing Desk 120cm,furniture,5,449.00,2245.00,cancelled,2026-07-15T02:59:21+00:00
ORD-028396,7,2,Wireless Mouse,peripherals,5,49.50,247.50,pending,2026-07-15T00:52:28+00:00
ORD-028397,9,1,Mechanical Keyboard 75%,peripherals,4,129.00,516.00,completed,2026-07-15T17:41:25+00:00
ORD-028398,2,6,Desk Speakers Pair,audio,4,89.00,356.00,pending,2026-07-15T01:07:10+00:00
ORD-028399,9,8,Ergonomic Chair,furniture,1,612.75,612.75,completed,2026-07-15T18:29:09+00:00
ORD-028400,5,8,Ergonomic Chair,furniture,5,612.75,3063.75,completed,2026-07-15T14:43:18+00:00
ORD-028401,9,10,Laptop Stand Aluminium,accessories,2,27.50,55.00,cancelled,2026-07-15T01:48:07+00:00
ORD-028402,8,2,Wireless Mouse,peripherals,3,49.50,148.50,completed,2026-07-15T01:32:15+00:00
ORD-028403,1,2,Wireless Mouse,peripherals,3,49.50,148.50,pending,2026-07-15T23:18:08+00:00
ORD-028404,8,9,USB-C Hub 8-in-1,accessories,2,39.99,79.98,completed,2026-07-15T12:39:03+00:00
ORD-028405,8,1,Mechanical Keyboard 75%,peripherals,1,129.00,129.00,refunded,2026-07-15T03:04:26+00:00
ORD-028406,8,3,27in 1440p Monitor,displays,2,319.99,639.98,pending,2026-07-15T23:42:29+00:00
ORD-028407,9,9,USB-C Hub 8-in-1,accessories,5,39.99,199.95,refunded,2026-07-15T21:38:22+00:00
ORD-028408,10,4,34in Ultrawide Monitor,displays,3,579.00,1737.00,refunded,2026-07-15T04:15:41+00:00
ORD-028409,4,8,Ergonomic Chair,furniture,3,612.75,1838.25,refunded,2026-07-15T16:34:33+00:00
ORD-028410,10,10,Laptop Stand Aluminium,accessories,1,27.50,27.50,pending,2026-07-15T11:06:16+00:00
ORD-028411,4,1,Mechanical Keyboard 75%,peripherals,2,129.00,258.00,pending,2026-07-15T17:14:43+00:00
ORD-028412,4,4,34in Ultrawide Monitor,displays,5,579.00,2895.00,cancelled,2026-07-15T05:39:00+00:00
ORD-028413,9,7,Standing Desk 120cm,furniture,2,449.00,898.00,pending,2026-07-15T00:06:59+00:00
ORD-028414,5,9,USB-C Hub 8-in-1,accessories,4,39.99,159.96,pending,2026-07-15T02:37:12+00:00
ORD-028415,9,10,Laptop Stand Aluminium,accessories,1,27.50,27.50,completed,2026-07-15T02:08:32+00:00
ORD-028416,9,7,Standing Desk 120cm,furniture,3,449.00,1347.00,refunded,2026-07-15T16:00:41+00:00
ORD-028417,6,1,Mechanical Keyboard 75%,peripherals,3,129.00,387.00,pending,2026-07-15T13:05:27+00:00
ORD-028418,3,6,Desk Speakers Pair,audio,2,89.00,178.00,cancelled,2026-07-15T00:28:49+00:00
ORD-028419,3,4,34in Ultrawide Monitor,displays,2,579.00,1158.00,cancelled,2026-07-15T09:46:41+00:00
ORD-028420,6,9,USB-C Hub 8-in-1,accessories,1,39.99,39.99,refunded,2026-07-15T16:53:50+00:00
ORD-028421,4,5,Over-ear Headphones,audio,3,199.95,599.85,pending,2026-07-15T13:07:13+00:00
ORD-028422,9,4,34in Ultrawide Monitor,displays,5,579.00,2895.00,refunded,2026-07-15T00:02:57+00:00
ORD-028423,5,8,Ergonomic Chair,furniture,2,612.75,1225.50,completed,2026-07-15T04:10:03+00:00
ORD-028424,1,3,27in 1440p Monitor,displays,3,319.99,959.97,cancelled,2026-07-15T21:40:42+00:00
ORD-028425,8,3,27in 1440p Monitor,displays,3,319.99,959.97,cancelled,2026-07-15T22:08:39+00:00
ORD-028426,8,4,34in Ultrawide Monitor,displays,1,579.00,579.00,completed,2026-07-15T16:21:12+00:00
ORD-028427,6,9,USB-C Hub 8-in-1,accessories,4,39.99,159.96,cancelled,2026-07-15T04:32:26+00:00
ORD-028428,4,10,Laptop Stand Aluminium,accessories,5,27.50,137.50,pending,2026-07-15T10:50:15+00:00
ORD-028429,10,9,USB-C Hub 8-in-1,accessories,3,39.99,119.97,completed,2026-07-15T23:30:27+00:00
ORD-028430,2,1,Mechanical Keyboard 75%,peripherals,5,129.00,645.00,completed,2026-07-15T14:56:39+00:00
ORD-028431,5,6,Desk Speakers Pair,audio,1,89.00,89.00,cancelled,2026-07-15T14:58:36+00:00
ORD-028432,4,3,27in 1440p Monitor,displays,1,319.99,319.99,cancelled,2026-07-15T18:33:18+00:00
ORD-028433,8,10,Laptop Stand Aluminium,accessories,1,27.50,27.50,cancelled,2026-07-15T19:04:41+00:00
ORD-028434,2,1,Mechanical Keyboard 75%,peripherals,2,129.00,258.00,completed,2026-07-15T02:36:46+00:00
ORD-028435,10,10,Laptop Stand Aluminium,accessories,1,27.50,27.50,pending,2026-07-15T20:53:55+00:00
ORD-028436,5,10,Laptop Stand Aluminium,accessories,2,27.50,55.00,refunded,2026-07-15T04:49:56+00:00
ORD-028437,1,4,34in Ultrawide Monitor,displays,3,579.00,1737.00,completed,2026-07-15T00:24:18+00:00
ORD-028438,5,7,Standing Desk 120cm,furniture,1,449.00,449.00,pending,2026-07-15T21:27:56+00:00
ORD-028439,6,7,Standing Desk 120cm,furniture,2,449.00,898.00,pending,2026-07-15T05:03:08+00:00
ORD-028440,5,9,USB-C Hub 8-in-1,accessories,1,39.99,39.99,pending,2026-07-15T22:20:53+00:00
ORD-028441,5,4,34in Ultrawide Monitor,displays,4,579.00,2316.00,pending,2026-07-15T07:17:05+00:00
ORD-028442,3,8,Ergonomic Chair,furniture,4,612.75,2451.00,refunded,2026-07-15T14:49:53+00:00
ORD-028443,8,1,Mechanical Keyboard 75%,peripherals,4,129.00,516.00,refunded,2026-07-15T14:00:45+00:00
ORD-028444,9,5,Over-ear Headphones,audio,2,199.95,399.90,cancelled,2026-07-15T15:53:15+00:00
ORD-028445,5,9,USB-C Hub 8-in-1,accessories,4,39.99,159.96,refunded,2026-07-15T04:19:04+00:00
ORD-028446,9,1,Mechanical Keyboard 75%,peripherals,2,129.00,258.00,cancelled,2026-07-15T10:26:28+00:00
ORD-028447,2,3,27in 1440p Monitor,displays,2,319.99,639.98,cancelled,2026-07-15T10:02:26+00:00
ORD-028448,4,1,Mechanical Keyboard 75%,peripherals,2,129.00,258.00,cancelled,2026-07-15T02:35:02+00:00
ORD-028449,9,6,Desk Speakers Pair,audio,2,89.00,178.00,completed,2026-07-15T18:54:05+00:00
ORD-028450,4,5,Over-ear Headphones,audio,4,199.95,799.80,pending,2026-07-15T22:50:05+00:00
ORD-028451,8,8,Ergonomic Chair,furniture,4,612.75,2451.00,cancelled,2026-07-15T15:42:55+00:00
ORD-028452,3,8,Ergonomic Chair,furniture,4,612.75,2451.00,refunded,2026-07-15T16:40:53+00:00
ORD-028453,1,4,34in Ultrawide Monitor,displays,3,579.00,1737.00,refunded,2026-07-15T04:21:54+00:00
ORD-028454,1,2,Wireless Mouse,peripherals,5,49.50,247.50,cancelled,2026-07-15T09:37:28+00:00
ORD-028455,10,3,27in 1440p Monitor,displays,3,319.99,959.97,completed,2026-07-15T15:43:26+00:00
ORD-028456,9,3,27in 1440p Monitor,displays,3,319.99,959.97,refunded,2026-07-15T10:07:31+00:00
ORD-028457,6,2,Wireless Mouse,peripherals,3,49.50,148.50,pending,2026-07-15T15:38:55+00:00
ORD-028458,9,2,Wireless Mouse,peripherals,2,49.50,99.00,completed,2026-07-15T02:47:09+00:00
ORD-028459,8,7,Standing Desk 120cm,furniture,5,449.00,2245.00,pending,2026-07-15T12:12:27+00:00
ORD-028460,8,3,27in 1440p Monitor,displays,3,319.99,959.97,refunded,2026-07-15T05:20:56+00:00
ORD-028461,4,10,Laptop Stand Aluminium,accessories,1,27.50,27.50,pending,2026-07-15T13:56:55+00:00
ORD-028462,3,7,Standing Desk 120cm,furniture,3,449.00,1347.00,refunded,2026-07-15T13:35:46+00:00
ORD-028463,8,9,USB-C Hub 8-in-1,accessories,2,39.99,79.98,cancelled,2026-07-15T08:52:49+00:00
ORD-028464,10,8,Ergonomic Chair,furniture,2,612.75,1225.50,pending,2026-07-15T02:55:54+00:00
ORD-028465,4,2,Wireless Mouse,peripherals,4,49.50,198.00,refunded,2026-07-15T12:49:14+00:00
ORD-028466,1,1,Mechanical Keyboard 75%,peripherals,5,129.00,645.00,refunded,2026-07-15T08:42:04+00:00
ORD-028467,3,7,Standing Desk 120cm,furniture,3,449.00,1347.00,refunded,2026-07-15T23:15:55+00:00
ORD-028468,1,5,Over-ear Headphones,audio,3,199.95,599.85,completed,2026-07-15T14:49:33+00:00
ORD-028469,7,2,Wireless Mouse,peripherals,3,49.50,148.50,cancelled,2026-07-15T05:41:44+00:00
ORD-028470,5,7,Standing Desk 120cm,furniture,3,449.00,1347.00,cancelled,2026-07-15T04:09:24+00:00
ORD-028471,5,1,Mechanical Keyboard 75%,peripherals,2,129.00,258.00,cancelled,2026-07-15T07:35:21+00:00
ORD-028472,5,2,Wireless Mouse,peripherals,3,49.50,148.50,cancelled,2026-07-15T01:16:16+00:00
ORD-028473,7,3,27in 1440p Monitor,displays,5,319.99,1599.95,completed,2026-07-15T18:51:36+00:00
ORD-028474,7,3,27in 1440p Monitor,displays,1,319.99,319.99,completed,2026-07-15T18:02:04+00:00
ORD-028475,4,3,27in 1440p Monitor,displays,1,319.99,319.99,completed,2026-07-15T20:54:24+00:00
ORD-028476,8,4,34in Ultrawide Monitor,displays,3,579.00,1737.00,pending,2026-07-15T13:09:44+00:00
ORD-028477,8,2,Wireless Mouse,peripherals,4,49.50,198.00,cancelled,2026-07-15T01:22:23+00:00
ORD-028478,10,1,Mechanical Keyboard 75%,peripherals,5,129.00,645.00,pending,2026-07-15T01:01:09+00:00
ORD-028479,9,7,Standing Desk 120cm,furniture,5,449.00,2245.00,refunded,2026-07-15T12:39:09+00:00
ORD-028480,5,1,Mechanical Keyboard 75%,peripherals,3,129.00,387.00,cancelled,2026-07-15T13:55:57+00:00
ORD-028481,9,7,Standing Desk 120cm,furniture,4,449.00,1796.00,refunded,2026-07-15T04:43:24+00:00
ORD-028482,5,9,USB-C Hub 8-in-1,accessories,1,39.99,39.99,completed,2026-07-15T00:27:49+00:00
ORD-028483,6,9,USB-C Hub 8-in-1,accessories,4,39.99,159.96,pending,2026-07-15T10:16:33+00:00
ORD-028484,2,9,USB-C Hub 8-in-1,accessories,5,39.99,199.95,pending,2026-07-15T02:18:07+00:00
ORD-028485,9,7,Standing Desk 120cm,furniture,2,449.00,898.00,refunded,2026-07-15T20:15:47+00:00
ORD-028486,3,6,Desk Speakers Pair,audio,2,89.00,178.00,pending,2026-07-15T14:17:06+00:00
ORD-028487,8,10,Laptop Stand Aluminium,accessories,5,27.50,137.50,refunded,2026-07-15T16:47:09+00:00
ORD-028488,10,8,Ergonomic Chair,furniture,5,612.75,3063.75,completed,2026-07-15T09:19:43+00:00
ORD-028489,1,10,Laptop Stand Aluminium,accessories,2,27.50,55.00,pending,2026-07-15T15:16:48+00:00
ORD-028490,7,3,27in 1440p Monitor,displays,5,319.99,1599.95,completed,2026-07-15T21:01:32+00:00
ORD-028491,2,4,34in Ultrawide Monitor,displays,5,579.00,2895.00,pending,2026-07-15T17:04:25+00:00
ORD-028492,5,2,Wireless Mouse,peripherals,1,49.50,49.50,pending,2026-07-15T13:58:15+00:00
ORD-028493,2,9,USB-C Hub 8-in-1,accessories,1,39.99,39.99,completed,2026-07-15T19:13:09+00:00
ORD-028494,4,5,Over-ear Headphones,audio,3,199.95,599.85,cancelled,2026-07-15T17:47:19+00:00
ORD-028495,3,9,USB-C Hub 8-in-1,accessories,2,39.99,79.98,refunded,2026-07-15T08:13:11+00:00
ORD-028496,4,10,Laptop Stand Aluminium,accessories,2,27.50,55.00,completed,2026-07-15T23:12:25+00:00
ORD-028497,1,6,Desk Speakers Pair,audio,1,89.00,89.00,refunded,2026-07-15T10:38:40+00:00
ORD-028498,5,5,Over-ear Headphones,audio,5,199.95,999.75,completed,2026-07-15T18:48:59+00:00
ORD-028499,5,7,Standing Desk 120cm,furniture,1,449.00,449.00,cancelled,2026-07-15T10:26:43+00:00
ORD-028500,10,5,Over-ear Headphones,audio,1,199.95,199.95,refunded,2026-07-15T11:37:30+00:00
ORD-028501,9,5,Over-ear Headphones,audio,4,199.95,799.80,pending,2026-07-15T15:56:30+00:00
ORD-028502,2,3,27in 1440p Monitor,displays,2,319.99,639.98,completed,2026-07-15T00:34:49+00:00
ORD-028503,3,3,27in 1440p Monitor,displays,4,319.99,1279.96,cancelled,2026-07-15T00:01:54+00:00
ORD-028504,7,5,Over-ear Headphones,audio,2,199.95,399.90,completed,2026-07-15T16:39:32+00:00
ORD-028505,10,1,Mechanical Keyboard 75%,peripherals,4,129.00,516.00,refunded,2026-07-15T15:30:16+00:00
ORD-028506,6,5,Over-ear Headphones,audio,5,199.95,999.75,refunded,2026-07-15T02:47:51+00:00
ORD-028507,4,6,Desk Speakers Pair,audio,3,89.00,267.00,refunded,2026-07-15T01:18:50+00:00
ORD-028508,3,5,Over-ear Headphones,audio,2,199.95,399.90,cancelled,2026-07-15T18:15:54+00:00
ORD-028509,2,10,Laptop Stand Aluminium,accessories,5,27.50,137.50,refunded,2026-07-15T11:46:18+00:00
ORD-028510,5,3,27in 1440p Monitor,displays,2,319.99,639.98,pending,2026-07-15T17:09:44+00:00
ORD-028511,9,3,27in 1440p Monitor,displays,4,319.99,1279.96,cancelled,2026-07-15T03:31:02+00:00
ORD-028512,4,10,Laptop Stand Aluminium,accessories,2,27.50,55.00,cancelled,2026-07-15T14:42:06+00:00
ORD-028513,7,5,Over-ear Headphones,audio,3,199.95,599.85,completed,2026-07-15T14:33:41+00:00
ORD-028514,7,9,USB-C Hub 8-in-1,accessories,2,39.99,79.98,completed,2026-07-15T00:52:02+00:00
ORD-028515,5,10,Laptop Stand Aluminium,accessories,1,27.50,27.50,refunded,2026-07-15T18:10:25+00:00
ORD-028516,3,10,Laptop Stand Aluminium,accessories,4,27.50,110.00,refunded,2026-07-15T01:59:33+00:00
ORD-028517,6,8,Ergonomic Chair,furniture,2,612.75,1225.50,refunded,2026-07-15T02:48:56+00:00
ORD-028518,8,1,Mechanical Keyboard 75%,peripherals,5,129.00,645.00,completed,2026-07-15T00:59:44+00:00
ORD-028519,6,1,Mechanical Keyboard 75%,peripherals,5,129.00,645.00,refunded,2026-07-15T11:01:50+00:00
ORD-028520,5,9,USB-C Hub 8-in-1,accessories,5,39.99,199.95,completed,2026-07-15T00:16:14+00:00
ORD-028521,7,8,Ergonomic Chair,furniture,3,612.75,1838.25,refunded,2026-07-15T00:53:48+00:00
ORD-028522,8,6,Desk Speakers Pair,audio,4,89.00,356.00,pending,2026-07-15T19:05:17+00:00
ORD-028523,10,7,Standing Desk 120cm,furniture,3,449.00,1347.00,cancelled,2026-07-15T01:21:21+00:00
ORD-028524,9,10,Laptop Stand Aluminium,accessories,1,27.50,27.50,pending,2026-07-15T09:07:41+00:00
ORD-028525,4,9,USB-C Hub 8-in-1,accessories,2,39.99,79.98,pending,2026-07-15T19:57:44+00:00
ORD-028526,4,5,Over-ear Headphones,audio,5,199.95,999.75,refunded,2026-07-15T17:07:08+00:00
ORD-028527,3,7,Standing Desk 120cm,furniture,5,449.00,2245.00,refunded,2026-07-15T06:46:48+00:00
ORD-028528,7,7,Standing Desk 120cm,furniture,4,449.00,1796.00,refunded,2026-07-15T12:19:39+00:00
ORD-028529,3,8,Ergonomic Chair,furniture,4,612.75,2451.00,completed,2026-07-15T22:01:16+00:00
ORD-028530,4,3,27in 1440p Monitor,displays,5,319.99,1599.95,pending,2026-07-15T12:31:50+00:00
ORD-028531,4,6,Desk Speakers Pair,audio,5,89.00,445.00,cancelled,2026-07-15T04:28:44+00:00
ORD-028532,1,5,Over-ear Headphones,audio,1,199.95,199.95,refunded,2026-07-15T03:43:18+00:00
ORD-028533,6,1,Mechanical Keyboard 75%,peripherals,3,129.00,387.00,completed,2026-07-15T00:22:18+00:00
ORD-028534,10,8,Ergonomic Chair,furniture,4,612.75,2451.00,completed,2026-07-15T01:29:16+00:00
ORD-028535,8,2,Wireless Mouse,peripherals,5,49.50,247.50,cancelled,2026-07-15T05:01:31+00:00
ORD-028536,10,1,Mechanical Keyboard 75%,peripherals,5,129.00,645.00,refunded,2026-07-15T18:01:53+00:00
ORD-028537,10,9,USB-C Hub 8-in-1,accessories,2,39.99,79.98,refunded,2026-07-15T05:07:10+00:00
ORD-028538,4,2,Wireless Mouse,peripherals,2,49.50,99.00,completed,2026-07-15T00:29:59+00:00
ORD-028539,5,3,27in 1440p Monitor,displays,2,319.99,639.98,completed,2026-07-15T07:34:10+00:00
ORD-028540,6,8,Ergonomic Chair,furniture,4,612.75,2451.00,refunded,2026-07-15T18:08:25+00:00
ORD-028541,2,5,Over-ear Headphones,audio,1,199.95,199.95,pending,2026-07-15T23:06:43+00:00
ORD-028542,8,4,34in Ultrawide Monitor,displays,1,579.00,579.00,refunded,2026-07-15T10:04:18+00:00
ORD-028543,8,9,USB-C Hub 8-in-1,accessories,4,39.99,159.96,refunded,2026-07-15T15:52:48+00:00
ORD-028544,10,10,Laptop Stand Aluminium,accessories,2,27.50,55.00,cancelled,2026-07-15T06:37:30+00:00
ORD-028545,9,5,Over-ear Headphones,audio,1,199.95,199.95,pending,2026-07-15T14:51:45+00:00
ORD-028546,5,9,USB-C Hub 8-in-1,accessories,2,39.99,79.98,completed,2026-07-15T01:44:54+00:00
ORD-028547,3,6,Desk Speakers Pair,audio,1,89.00,89.00,cancelled,2026-07-15T17:34:05+00:00
ORD-028548,9,6,Desk Speakers Pair,audio,5,89.00,445.00,completed,2026-07-15T09:04:01+00:00
ORD-028549,5,3,27in 1440p Monitor,displays,4,319.99,1279.96,pending,2026-07-15T20:10:29+00:00
ORD-028550,1,2,Wireless Mouse,peripherals,3,49.50,148.50,refunded,2026-07-15T08:59:45+00:00
ORD-028551,10,7,Standing Desk 120cm,furniture,5,449.00,2245.00,pending,2026-07-15T10:16:25+00:00
ORD-028552,2,10,Laptop Stand Aluminium,accessories,3,27.50,82.50,cancelled,2026-07-15T06:13:23+00:00
ORD-028553,1,6,Desk Speakers Pair,audio,1,89.00,89.00,pending,2026-07-15T18:38:57+00:00
ORD-028554,7,10,Laptop Stand Aluminium,accessories,3,27.50,82.50,pending,2026-07-15T15:34:24+00:00
ORD-028555,5,9,USB-C Hub 8-in-1,accessories,2,39.99,79.98,completed,2026-07-15T17:45:00+00:00
ORD-028556,2,1,Mechanical Keyboard 75%,peripherals,4,129.00,516.00,refunded,2026-07-15T11:01:40+00:00
ORD-028557,7,9,USB-C Hub 8-in-1,accessories,5,39.99,199.95,refunded,2026-07-15T00:45:17+00:00
ORD-028558,5,9,USB-C Hub 8-in-1,accessories,1,39.99,39.99,pending,2026-07-15T05:43:05+00:00
ORD-028559,1,5,Over-ear Headphones,audio,2,199.95,399.90,pending,2026-07-15T19:52:53+00:00
ORD-028560,7,9,USB-C Hub 8-in-1,accessories,4,39.99,159.96,refunded,2026-07-15T03:27:46+00:00
ORD-028561,1,10,Laptop Stand Aluminium,accessories,4,27.50,110.00,completed,2026-07-15T01:56:21+00:00
ORD-028562,7,7,Standing Desk 120cm,furniture,5,449.00,2245.00,cancelled,2026-07-15T00:33:15+00:00
ORD-028563,8,5,Over-ear Headphones,audio,5,199.95,999.75,completed,2026-07-15T14:50:45+00:00
ORD-028564,10,3,27in 1440p Monitor,displays,4,319.99,1279.96,pending,2026-07-15T17:54:03+00:00
ORD-028565,4,8,Ergonomic Chair,furniture,1,612.75,612.75,refunded,2026-07-15T10:20:01+00:00
ORD-028566,4,2,Wireless Mouse,peripherals,4,49.50,198.00,cancelled,2026-07-15T06:04:58+00:00
ORD-028567,1,8,Ergonomic Chair,furniture,2,612.75,1225.50,completed,2026-07-15T02:32:13+00:00
ORD-028568,6,4,34in Ultrawide Monitor,displays,5,579.00,2895.00,pending,2026-07-15T08:58:37+00:00
ORD-028569,10,5,Over-ear Headphones,audio,2,199.95,399.90,refunded,2026-07-15T00:59:31+00:00
ORD-028570,7,3,27in 1440p Monitor,displays,2,319.99,639.98,refunded,2026-07-15T22:23:48+00:00
ORD-028571,6,2,Wireless Mouse,peripherals,4,49.50,198.00,completed,2026-07-15T16:25:47+00:00
ORD-028572,8,4,34in Ultrawide Monitor,displays,4,579.00,2316.00,cancelled,2026-07-15T18:56:42+00:00
ORD-028573,6,7,Standing Desk 120cm,furniture,1,449.00,449.00,completed,2026-07-15T20:57:33+00:00
ORD-028574,9,10,Laptop Stand Aluminium,accessories,4,27.50,110.00,pending,2026-07-15T07:38:37+00:00
ORD-028575,9,3,27in 1440p Monitor,displays,3,319.99,959.97,cancelled,2026-07-15T21:16:25+00:00
ORD-028576,3,4,34in Ultrawide Monitor,displays,4,579.00,2316.00,refunded,2026-07-15T07:02:58+00:00
ORD-028577,10,10,Laptop Stand Aluminium,accessories,5,27.50,137.50,pending,2026-07-15T22:16:25+00:00
ORD-028578,1,10,Laptop Stand Aluminium,accessories,3,27.50,82.50,completed,2026-07-15T10:36:27+00:00
ORD-028579,3,3,27in 1440p Monitor,displays,4,319.99,1279.96,completed,2026-07-15T21:11:03+00:00
ORD-028580,1,6,Desk Speakers Pair,audio,3,89.00,267.00,pending,2026-07-15T11:49:00+00:00
ORD-028581,5,4,34in Ultrawide Monitor,displays,4,579.00,2316.00,refunded,2026-07-15T03:58:39+00:00
ORD-028582,5,8,Ergonomic Chair,furniture,2,612.75,1225.50,cancelled,2026-07-15T11:55:22+00:00
ORD-028583,4,8,Ergonomic Chair,furniture,1,612.75,612.75,cancelled,2026-07-15T11:38:00+00:00
ORD-028584,2,6,Desk Speakers Pair,audio,5,89.00,445.00,pending,2026-07-15T05:10:20+00:00
ORD-028585,4,10,Laptop Stand Aluminium,accessories,1,27.50,27.50,completed,2026-07-15T14:56:08+00:00
ORD-028586,9,8,Ergonomic Chair,furniture,2,612.75,1225.50,completed,2026-07-15T04:39:29+00:00
ORD-028587,3,6,Desk Speakers Pair,audio,4,89.00,356.00,pending,2026-07-15T20:37:48+00:00
ORD-028588,4,4,34in Ultrawide Monitor,displays,1,579.00,579.00,cancelled,2026-07-15T01:23:00+00:00
ORD-028589,2,5,Over-ear Headphones,audio,3,199.95,599.85,pending,2026-07-15T12:29:51+00:00
ORD-028590,7,4,34in Ultrawide Monitor,displays,1,579.00,579.00,cancelled,2026-07-15T00:36:23+00:00
ORD-028591,2,2,Wireless Mouse,peripherals,1,49.50,49.50,completed,2026-07-15T18:43:48+00:00
ORD-028592,9,1,Mechanical Keyboard 75%,peripherals,2,129.00,258.00,pending,2026-07-15T07:50:37+00:00
ORD-028593,4,9,USB-C Hub 8-in-1,accessories,2,39.99,79.98,refunded,2026-07-15T06:25:04+00:00
ORD-028594,5,6,Desk Speakers Pair,audio,2,89.00,178.00,pending,2026-07-15T07:54:21+00:00
ORD-028595,2,2,Wireless Mouse,peripherals,2,49.50,99.00,refunded,2026-07-15T06:08:57+00:00
ORD-028596,7,3,27in 1440p Monitor,displays,5,319.99,1599.95,pending,2026-07-15T08:45:40+00:00
ORD-028597,9,5,Over-ear Headphones,audio,3,199.95,599.85,completed,2026-07-15T22:36:31+00:00
ORD-028598,8,2,Wireless Mouse,peripherals,1,49.50,49.50,completed,2026-07-15T05:03:11+00:00
ORD-028599,5,5,Over-ear Headphones,audio,1,199.95,199.95,refunded,2026-07-15T15:36:58+00:00
ORD-028600,2,6,Desk Speakers Pair,audio,1,89.00,89.00,pending,2026-07-15T14:00:40+00:00
ORD-028601,6,8,Ergonomic Chair,furniture,5,612.75,3063.75,refunded,2026-07-15T22:49:19+00:00
ORD-028602,5,4,34in Ultrawide Monitor,displays,2,579.00,1158.00,cancelled,2026-07-15T22:40:43+00:00
ORD-028603,6,10,Laptop Stand Aluminium,accessories,5,27.50,137.50,pending,2026-07-15T10:11:22+00:00
ORD-028604,1,9,USB-C Hub 8-in-1,accessories,1,39.99,39.99,cancelled,2026-07-15T05:15:57+00:00
ORD-028605,9,9,USB-C Hub 8-in-1,accessories,1,39.99,39.99,completed,2026-07-15T23:53:41+00:00
ORD-028606,1,7,Standing Desk 120cm,furniture,3,449.00,1347.00,pending,2026-07-15T02:05:44+00:00
ORD-028607,1,1,Mechanical Keyboard 75%,peripherals,5,129.00,645.00,pending,2026-07-15T14:04:01+00:00
ORD-028608,10,2,Wireless Mouse,peripherals,1,49.50,49.50,completed,2026-07-15T20:23:45+00:00
ORD-028609,4,1,Mechanical Keyboard 75%,peripherals,1,129.00,129.00,cancelled,2026-07-15T15:37:14+00:00
ORD-028610,5,6,Desk Speakers Pair,audio,5,89.00,445.00,cancelled,2026-07-15T01:48:49+00:00
ORD-028611,3,3,27in 1440p Monitor,displays,3,319.99,959.97,pending,2026-07-15T19:33:25+00:00
ORD-028612,6,3,27in 1440p Monitor,displays,3,319.99,959.97,refunded,2026-07-15T13:28:53+00:00
ORD-028613,1,3,27in 1440p Monitor,displays,3,319.99,959.97,refunded,2026-07-15T11:14:19+00:00
ORD-028614,5,6,Desk Speakers Pair,audio,5,89.00,445.00,refunded,2026-07-15T10:36:58+00:00
ORD-028615,4,9,USB-C Hub 8-in-1,accessories,2,39.99,79.98,refunded,2026-07-15T03:36:54+00:00
ORD-028616,3,1,Mechanical Keyboard 75%,peripherals,2,129.00,258.00,completed,2026-07-15T21:56:36+00:00
ORD-028617,9,3,27in 1440p Monitor,displays,3,319.99,959.97,pending,2026-07-15T23:39:18+00:00
ORD-028618,2,2,Wireless Mouse,peripherals,1,49.50,49.50,refunded,2026-07-15T22:23:00+00:00
ORD-028619,8,1,Mechanical Keyboard 75%,peripherals,1,129.00,129.00,completed,2026-07-15T11:06:17+00:00
ORD-028620,4,5,Over-ear Headphones,audio,5,199.95,999.75,refunded,2026-07-15T13:53:10+00:00
ORD-028621,6,9,USB-C Hub 8-in-1,accessories,3,39.99,119.97,completed,2026-07-15T03:24:28+00:00
ORD-028622,1,10,Laptop Stand Aluminium,accessories,1,27.50,27.50,cancelled,2026-07-15T11:27:41+00:00
ORD-028623,4,7,Standing Desk 120cm,furniture,5,449.00,2245.00,refunded,2026-07-15T20:14:12+00:00
ORD-028624,4,7,Standing Desk 120cm,furniture,3,449.00,1347.00,cancelled,2026-07-15T23:00:55+00:00
ORD-028625,4,5,Over-ear Headphones,audio,4,199.95,799.80,refunded,2026-07-15T22:50:27+00:00
ORD-028626,9,4,34in Ultrawide Monitor,displays,5,579.00,2895.00,completed,2026-07-15T02:57:39+00:00
ORD-028627,5,6,Desk Speakers Pair,audio,2,89.00,178.00,refunded,2026-07-15T16:49:58+00:00
ORD-028628,8,4,34in Ultrawide Monitor,displays,5,579.00,2895.00,completed,2026-07-15T21:40:24+00:00
ORD-028629,3,7,Standing Desk 120cm,furniture,3,449.00,1347.00,refunded,2026-07-15T15:58:51+00:00
ORD-028630,5,4,34in Ultrawide Monitor,displays,1,579.00,579.00,pending,2026-07-15T04:30:30+00:00
ORD-028631,8,7,Standing Desk 120cm,furniture,3,449.00,1347.00,refunded,2026-07-15T18:45:25+00:00
ORD-028632,8,10,Laptop Stand Aluminium,accessories,3,27.50,82.50,pending,2026-07-15T15:10:50+00:00
ORD-028633,3,6,Desk Speakers Pair,audio,4,89.00,356.00,cancelled,2026-07-15T03:31:23+00:00
ORD-028634,4,9,USB-C Hub 8-in-1,accessories,1,39.99,39.99,refunded,2026-07-15T04:31:41+00:00
ORD-028635,9,4,34in Ultrawide Monitor,displays,3,579.00,1737.00,completed,2026-07-15T03:36:51+00:00
ORD-028636,1,7,Standing Desk 120cm,furniture,2,449.00,898.00,cancelled,2026-07-15T12:33:37+00:00
ORD-028637,1,4,34in Ultrawide Monitor,displays,1,579.00,579.00,refunded,2026-07-15T21:20:56+00:00
ORD-028638,4,5,Over-ear Headphones,audio,5,199.95,999.75,refunded,2026-07-15T08:14:23+00:00
ORD-028639,7,7,Standing Desk 120cm,furniture,1,449.00,449.00,cancelled,2026-07-15T06:26:45+00:00
ORD-028640,6,2,Wireless Mouse,peripherals,4,49.50,198.00,cancelled,2026-07-15T23:37:41+00:00
ORD-028641,3,4,34in Ultrawide Monitor,displays,2,579.00,1158.00,completed,2026-07-15T01:59:31+00:00
ORD-028642,5,7,Standing Desk 120cm,furniture,5,449.00,2245.00,cancelled,2026-07-15T09:02:23+00:00
ORD-028643,9,6,Desk Speakers Pair,audio,4,89.00,356.00,refunded,2026-07-15T09:30:24+00:00
ORD-028644,4,8,Ergonomic Chair,furniture,4,612.75,2451.00,refunded,2026-07-15T04:44:36+00:00
ORD-028645,5,7,Standing Desk 120cm,furniture,2,449.00,898.00,cancelled,2026-07-15T13:21:46+00:00
ORD-028646,10,3,27in 1440p Monitor,displays,2,319.99,639.98,refunded,2026-07-15T20:51:59+00:00
ORD-028647,9,1,Mechanical Keyboard 75%,peripherals,1,129.00,129.00,cancelled,2026-07-15T05:57:37+00:00
ORD-028648,4,6,Desk Speakers Pair,audio,5,89.00,445.00,refunded,2026-07-15T20:05:30+00:00
ORD-028649,8,2,Wireless Mouse,peripherals,5,49.50,247.50,refunded,2026-07-15T04:53:25+00:00
ORD-028650,8,3,27in 1440p Monitor,displays,2,319.99,639.98,cancelled,2026-07-15T08:24:16+00:00
ORD-028651,9,1,Mechanical Keyboard 75%,peripherals,5,129.00,645.00,pending,2026-07-15T22:38:47+00:00
ORD-028652,7,4,34in Ultrawide Monitor,displays,3,579.00,1737.00,completed,2026-07-15T05:04:52+00:00
ORD-028653,10,5,Over-ear Headphones,audio,1,199.95,199.95,pending,2026-07-15T03:10:21+00:00
ORD-028654,10,9,USB-C Hub 8-in-1,accessories,4,39.99,159.96,cancelled,2026-07-15T22:46:42+00:00
ORD-028655,9,7,Standing Desk 120cm,furniture,4,449.00,1796.00,cancelled,2026-07-15T06:16:55+00:00
ORD-028656,5,10,Laptop Stand Aluminium,accessories,5,27.50,137.50,completed,2026-07-15T08:06:22+00:00
ORD-028657,7,3,27in 1440p Monitor,displays,2,319.99,639.98,completed,2026-07-15T07:33:47+00:00
ORD-028658,7,8,Ergonomic Chair,furniture,4,612.75,2451.00,pending,2026-07-15T05:16:18+00:00
ORD-028659,7,10,Laptop Stand Aluminium,accessories,4,27.50,110.00,cancelled,2026-07-15T08:39:59+00:00
ORD-028660,8,9,USB-C Hub 8-in-1,accessories,2,39.99,79.98,cancelled,2026-07-15T07:02:53+00:00
ORD-028661,1,5,Over-ear Headphones,audio,4,199.95,799.80,refunded,2026-07-15T08:23:44+00:00
ORD-028662,3,5,Over-ear Headphones,audio,2,199.95,399.90,pending,2026-07-15T10:36:36+00:00
ORD-028663,8,10,Laptop Stand Aluminium,accessories,3,27.50,82.50,cancelled,2026-07-15T16:19:50+00:00
ORD-028664,3,10,Laptop Stand Aluminium,accessories,1,27.50,27.50,cancelled,2026-07-15T04:55:06+00:00
ORD-028665,10,2,Wireless Mouse,peripherals,2,49.50,99.00,cancelled,2026-07-15T21:42:28+00:00
ORD-028666,6,3,27in 1440p Monitor,displays,3,319.99,959.97,completed,2026-07-15T04:00:44+00:00
ORD-028667,5,2,Wireless Mouse,peripherals,3,49.50,148.50,pending,2026-07-15T00:52:43+00:00
ORD-028668,6,1,Mechanical Keyboard 75%,peripherals,1,129.00,129.00,completed,2026-07-15T01:36:48+00:00
ORD-028669,6,8,Ergonomic Chair,furniture,5,612.75,3063.75,pending,2026-07-15T08:21:46+00:00
ORD-028670,4,1,Mechanical Keyboard 75%,peripherals,1,129.00,129.00,refunded,2026-07-15T04:55:56+00:00
ORD-028671,5,8,Ergonomic Chair,furniture,5,612.75,3063.75,cancelled,2026-07-15T12:19:59+00:00
ORD-028672,3,3,27in 1440p Monitor,displays,5,319.99,1599.95,pending,2026-07-15T15:13:09+00:00
ORD-028673,1,1,Mechanical Keyboard 75%,peripherals,2,129.00,258.00,cancelled,2026-07-15T12:39:46+00:00
ORD-028674,10,1,Mechanical Keyboard 75%,peripherals,1,129.00,129.00,pending,2026-07-15T10:57:05+00:00
ORD-028675,8,3,27in 1440p Monitor,displays,2,319.99,639.98,completed,2026-07-15T14:24:24+00:00
ORD-028676,1,8,Ergonomic Chair,furniture,4,612.75,2451.00,completed,2026-07-15T05:03:26+00:00
ORD-028677,7,3,27in 1440p Monitor,displays,3,319.99,959.97,cancelled,2026-07-15T22:28:07+00:00
ORD-028678,3,2,Wireless Mouse,peripherals,5,49.50,247.50,pending,2026-07-15T19:18:15+00:00
ORD-028679,8,8,Ergonomic Chair,furniture,5,612.75,3063.75,pending,2026-07-15T07:07:23+00:00
ORD-028680,2,10,Laptop Stand Aluminium,accessories,4,27.50,110.00,completed,2026-07-15T13:32:17+00:00
ORD-028681,9,8,Ergonomic Chair,furniture,5,612.75,3063.75,completed,2026-07-15T07:09:20+00:00
ORD-028682,10,7,Standing Desk 120cm,furniture,2,449.00,898.00,cancelled,2026-07-15T07:31:28+00:00
ORD-028683,10,7,Standing Desk 120cm,furniture,4,449.00,1796.00,cancelled,2026-07-15T04:23:25+00:00
ORD-028684,4,3,27in 1440p Monitor,displays,4,319.99,1279.96,pending,2026-07-15T02:36:08+00:00
ORD-028685,9,6,Desk Speakers Pair,audio,2,89.00,178.00,pending,2026-07-15T04:28:40+00:00
ORD-028686,1,8,Ergonomic Chair,furniture,5,612.75,3063.75,cancelled,2026-07-15T22:31:43+00:00
ORD-028687,1,7,Standing Desk 120cm,furniture,2,449.00,898.00,refunded,2026-07-15T18:00:34+00:00
ORD-028688,3,2,Wireless Mouse,peripherals,2,49.50,99.00,completed,2026-07-15T04:54:48+00:00
ORD-028689,8,5,Over-ear Headphones,audio,1,199.95,199.95,completed,2026-07-15T00:19:10+00:00
ORD-028690,7,9,USB-C Hub 8-in-1,accessories,3,39.99,119.97,completed,2026-07-15T18:33:46+00:00
ORD-028691,8,6,Desk Speakers Pair,audio,5,89.00,445.00,pending,2026-07-15T22:11:31+00:00
ORD-028692,7,8,Ergonomic Chair,furniture,1,612.75,612.75,pending,2026-07-15T15:29:59+00:00
ORD-028693,9,3,27in 1440p Monitor,displays,5,319.99,1599.95,refunded,2026-07-15T06:12:55+00:00
ORD-028694,3,2,Wireless Mouse,peripherals,1,49.50,49.50,refunded,2026-07-15T13:27:05+00:00
ORD-028695,1,1,Mechanical Keyboard 75%,peripherals,4,129.00,516.00,cancelled,2026-07-15T02:23:13+00:00
ORD-028696,9,8,Ergonomic Chair,furniture,2,612.75,1225.50,cancelled,2026-07-15T15:13:37+00:00
ORD-028697,4,4,34in Ultrawide Monitor,displays,3,579.00,1737.00,pending,2026-07-15T04:26:26+00:00
ORD-028698,1,3,27in 1440p Monitor,displays,4,319.99,1279.96,cancelled,2026-07-15T17:16:11+00:00
ORD-028699,8,7,Standing Desk 120cm,furniture,4,449.00,1796.00,refunded,2026-07-15T05:21:58+00:00
ORD-028700,8,2,Wireless Mouse,peripherals,3,49.50,148.50,cancelled,2026-07-15T19:07:21+00:00
ORD-028701,10,5,Over-ear Headphones,audio,2,199.95,399.90,completed,2026-07-15T22:32:46+00:00
ORD-028702,4,5,Over-ear Headphones,audio,4,199.95,799.80,pending,2026-07-15T14:56:45+00:00
ORD-028703,1,7,Standing Desk 120cm,furniture,4,449.00,1796.00,cancelled,2026-07-15T07:37:06+00:00
ORD-028704,10,4,34in Ultrawide Monitor,displays,1,579.00,579.00,refunded,2026-07-15T16:24:19+00:00
ORD-028705,2,10,Laptop Stand Aluminium,accessories,2,27.50,55.00,cancelled,2026-07-15T06:27:42+00:00
ORD-028706,5,5,Over-ear Headphones,audio,1,199.95,199.95,completed,2026-07-15T13:45:13+00:00
ORD-028707,9,9,USB-C Hub 8-in-1,accessories,3,39.99,119.97,completed,2026-07-15T20:37:50+00:00
ORD-028708,10,7,Standing Desk 120cm,furniture,5,449.00,2245.00,cancelled,2026-07-15T21:28:00+00:00
ORD-028709,7,9,USB-C Hub 8-in-1,accessories,4,39.99,159.96,completed,2026-07-15T02:12:35+00:00
ORD-028710,9,5,Over-ear Headphones,audio,5,199.95,999.75,pending,2026-07-15T00:29:25+00:00
ORD-028711,4,2,Wireless Mouse,peripherals,3,49.50,148.50,completed,2026-07-15T07:04:20+00:00
ORD-028712,8,8,Ergonomic Chair,furniture,5,612.75,3063.75,refunded,2026-07-15T08:23:00+00:00
ORD-028713,9,10,Laptop Stand Aluminium,accessories,4,27.50,110.00,cancelled,2026-07-15T15:05:31+00:00
ORD-028714,7,6,Desk Speakers Pair,audio,1,89.00,89.00,completed,2026-07-15T04:31:15+00:00
ORD-028715,7,10,Laptop Stand Aluminium,accessories,4,27.50,110.00,refunded,2026-07-15T23:58:19+00:00
ORD-028716,10,1,Mechanical Keyboard 75%,peripherals,4,129.00,516.00,completed,2026-07-15T05:51:25+00:00
ORD-028717,8,7,Standing Desk 120cm,furniture,2,449.00,898.00,cancelled,2026-07-15T19:26:45+00:00
ORD-028718,5,8,Ergonomic Chair,furniture,2,612.75,1225.50,completed,2026-07-15T15:24:23+00:00
ORD-028719,9,5,Over-ear Headphones,audio,4,199.95,799.80,completed,2026-07-15T13:29:36+00:00
ORD-028720,2,7,Standing Desk 120cm,furniture,3,449.00,1347.00,completed,2026-07-15T08:55:44+00:00
ORD-028721,3,10,Laptop Stand Aluminium,accessories,1,27.50,27.50,pending,2026-07-15T08:33:21+00:00
ORD-028722,4,8,Ergonomic Chair,furniture,3,612.75,1838.25,refunded,2026-07-15T08:41:32+00:00
ORD-028723,8,1,Mechanical Keyboard 75%,peripherals,1,129.00,129.00,pending,2026-07-15T11:49:52+00:00
ORD-028724,7,3,27in 1440p Monitor,displays,4,319.99,1279.96,cancelled,2026-07-15T05:39:47+00:00
ORD-028725,3,1,Mechanical Keyboard 75%,peripherals,4,129.00,516.00,cancelled,2026-07-15T23:42:03+00:00
ORD-028726,3,10,Laptop Stand Aluminium,accessories,3,27.50,82.50,completed,2026-07-15T11:33:17+00:00
ORD-028727,1,7,Standing Desk 120cm,furniture,3,449.00,1347.00,completed,2026-07-15T13:18:30+00:00
ORD-028728,8,10,Laptop Stand Aluminium,accessories,2,27.50,55.00,completed,2026-07-15T05:02:52+00:00
ORD-028729,8,1,Mechanical Keyboard 75%,peripherals,3,129.00,387.00,refunded,2026-07-15T07:50:15+00:00
ORD-028730,8,1,Mechanical Keyboard 75%,peripherals,3,129.00,387.00,cancelled,2026-07-15T23:56:39+00:00
ORD-028731,3,4,34in Ultrawide Monitor,displays,4,579.00,2316.00,refunded,2026-07-15T15:20:24+00:00
ORD-028732,8,9,USB-C Hub 8-in-1,accessories,5,39.99,199.95,completed,2026-07-15T13:38:06+00:00
ORD-028733,10,6,Desk Speakers Pair,audio,5,89.00,445.00,cancelled,2026-07-15T05:57:33+00:00
ORD-028734,1,3,27in 1440p Monitor,displays,4,319.99,1279.96,pending,2026-07-15T20:34:50+00:00
ORD-028735,9,1,Mechanical Keyboard 75%,peripherals,1,129.00,129.00,cancelled,2026-07-15T00:10:37+00:00
ORD-028736,6,10,Laptop Stand Aluminium,accessories,3,27.50,82.50,pending,2026-07-15T10:09:48+00:00
ORD-028737,5,3,27in 1440p Monitor,displays,3,319.99,959.97,pending,2026-07-15T04:24:18+00:00
ORD-028738,1,10,Laptop Stand Aluminium,accessories,3,27.50,82.50,cancelled,2026-07-15T09:29:42+00:00
ORD-028739,8,6,Desk Speakers Pair,audio,4,89.00,356.00,cancelled,2026-07-15T02:30:09+00:00
ORD-028740,2,6,Desk Speakers Pair,audio,5,89.00,445.00,pending,2026-07-15T06:15:16+00:00
ORD-028741,5,4,34in Ultrawide Monitor,displays,2,579.00,1158.00,completed,2026-07-15T20:46:33+00:00
ORD-028742,7,9,USB-C Hub 8-in-1,accessories,5,39.99,199.95,cancelled,2026-07-15T11:09:25+00:00
ORD-028743,1,4,34in Ultrawide Monitor,displays,1,579.00,579.00,completed,2026-07-15T02:38:43+00:00
ORD-028744,4,10,Laptop Stand Aluminium,accessories,4,27.50,110.00,completed,2026-07-15T18:45:39+00:00
ORD-028745,3,10,Laptop Stand Aluminium,accessories,1,27.50,27.50,pending,2026-07-15T10:53:06+00:00
ORD-028746,3,8,Ergonomic Chair,furniture,3,612.75,1838.25,pending,2026-07-15T07:14:09+00:00
ORD-028747,9,4,34in Ultrawide Monitor,displays,2,579.00,1158.00,refunded,2026-07-15T01:08:18+00:00
ORD-028748,3,3,27in 1440p Monitor,displays,3,319.99,959.97,completed,2026-07-15T16:26:58+00:00
ORD-028749,7,5,Over-ear Headphones,audio,3,199.95,599.85,completed,2026-07-15T01:55:17+00:00
ORD-028750,10,8,Ergonomic Chair,furniture,3,612.75,1838.25,refunded,2026-07-15T17:10:54+00:00
ORD-028751,9,6,Desk Speakers Pair,audio,2,89.00,178.00,completed,2026-07-15T07:13:37+00:00
ORD-028752,3,9,USB-C Hub 8-in-1,accessories,5,39.99,199.95,pending,2026-07-15T23:31:08+00:00
ORD-028753,7,2,Wireless Mouse,peripherals,1,49.50,49.50,refunded,2026-07-15T08:47:33+00:00
ORD-028754,7,2,Wireless Mouse,peripherals,2,49.50,99.00,pending,2026-07-15T23:30:02+00:00
ORD-028755,4,9,USB-C Hub 8-in-1,accessories,4,39.99,159.96,refunded,2026-07-15T18:46:12+00:00
ORD-028756,9,10,Laptop Stand Aluminium,accessories,5,27.50,137.50,pending,2026-07-15T13:23:25+00:00
ORD-028757,10,8,Ergonomic Chair,furniture,5,612.75,3063.75,pending,2026-07-15T02:00:39+00:00
ORD-028758,5,2,Wireless Mouse,peripherals,5,49.50,247.50,pending,2026-07-15T07:29:12+00:00
ORD-028759,1,3,27in 1440p Monitor,displays,1,319.99,319.99,cancelled,2026-07-15T13:21:28+00:00
ORD-028760,8,7,Standing Desk 120cm,furniture,1,449.00,449.00,refunded,2026-07-15T02:39:27+00:00
ORD-028761,7,3,27in 1440p Monitor,displays,4,319.99,1279.96,cancelled,2026-07-15T17:58:54+00:00
ORD-028762,5,8,Ergonomic Chair,furniture,1,612.75,612.75,pending,2026-07-15T06:40:30+00:00
ORD-028763,10,1,Mechanical Keyboard 75%,peripherals,1,129.00,129.00,pending,2026-07-15T05:40:16+00:00
ORD-028764,5,4,34in Ultrawide Monitor,displays,2,579.00,1158.00,cancelled,2026-07-15T03:55:15+00:00
ORD-028765,6,4,34in Ultrawide Monitor,displays,2,579.00,1158.00,cancelled,2026-07-15T18:19:30+00:00
ORD-028766,10,1,Mechanical Keyboard 75%,peripherals,5,129.00,645.00,pending,2026-07-15T11:12:16+00:00
ORD-028767,8,6,Desk Speakers Pair,audio,4,89.00,356.00,refunded,2026-07-15T04:34:41+00:00
ORD-028768,8,7,Standing Desk 120cm,furniture,2,449.00,898.00,completed,2026-07-15T09:11:39+00:00
ORD-028769,1,7,Standing Desk 120cm,furniture,5,449.00,2245.00,pending,2026-07-15T15:37:56+00:00
ORD-028770,7,1,Mechanical Keyboard 75%,peripherals,3,129.00,387.00,completed,2026-07-15T06:21:10+00:00
ORD-028771,10,8,Ergonomic Chair,furniture,2,612.75,1225.50,pending,2026-07-15T13:17:32+00:00
ORD-028772,7,9,USB-C Hub 8-in-1,accessories,3,39.99,119.97,pending,2026-07-15T04:23:17+00:00
ORD-028773,3,10,Laptop Stand Aluminium,accessories,3,27.50,82.50,cancelled,2026-07-15T09:52:13+00:00
ORD-028774,8,1,Mechanical Keyboard 75%,peripherals,5,129.00,645.00,cancelled,2026-07-15T06:05:57+00:00
ORD-028775,7,4,34in Ultrawide Monitor,displays,1,579.00,579.00,pending,2026-07-15T00:35:49+00:00
ORD-028776,9,10,Laptop Stand Aluminium,accessories,4,27.50,110.00,completed,2026-07-15T01:27:32+00:00
ORD-028777,7,9,USB-C Hub 8-in-1,accessories,3,39.99,119.97,completed,2026-07-15T00:31:41+00:00
ORD-028778,2,3,27in 1440p Monitor,displays,1,319.99,319.99,cancelled,2026-07-15T18:58:55+00:00
ORD-028779,4,2,Wireless Mouse,peripherals,3,49.50,148.50,pending,2026-07-15T17:59:23+00:00
ORD-028780,9,6,Desk Speakers Pair,audio,3,89.00,267.00,completed,2026-07-15T09:26:00+00:00
ORD-028781,4,9,USB-C Hub 8-in-1,accessories,1,39.99,39.99,refunded,2026-07-15T21:27:48+00:00
ORD-028782,8,7,Standing Desk 120cm,furniture,5,449.00,2245.00,refunded,2026-07-15T23:20:25+00:00
ORD-028783,6,8,Ergonomic Chair,furniture,5,612.75,3063.75,completed,2026-07-15T13:42:40+00:00
ORD-028784,10,9,USB-C Hub 8-in-1,accessories,3,39.99,119.97,completed,2026-07-15T02:59:59+00:00
ORD-028785,3,7,Standing Desk 120cm,furniture,1,449.00,449.00,cancelled,2026-07-15T14:59:07+00:00
ORD-028786,4,1,Mechanical Keyboard 75%,peripherals,3,129.00,387.00,refunded,2026-07-15T07:15:13+00:00
ORD-028787,9,8,Ergonomic Chair,furniture,4,612.75,2451.00,refunded,2026-07-15T11:05:27+00:00
ORD-028788,2,6,Desk Speakers Pair,audio,4,89.00,356.00,pending,2026-07-15T00:04:39+00:00
ORD-028789,2,7,Standing Desk 120cm,furniture,3,449.00,1347.00,refunded,2026-07-15T01:16:33+00:00
ORD-028790,6,2,Wireless Mouse,peripherals,4,49.50,198.00,completed,2026-07-15T04:53:27+00:00
ORD-028791,5,3,27in 1440p Monitor,displays,1,319.99,319.99,refunded,2026-07-15T16:47:33+00:00
ORD-028792,4,2,Wireless Mouse,peripherals,1,49.50,49.50,completed,2026-07-15T21:24:57+00:00
ORD-028793,2,1,Mechanical Keyboard 75%,peripherals,3,129.00,387.00,refunded,2026-07-15T16:50:11+00:00
ORD-028794,1,6,Desk Speakers Pair,audio,3,89.00,267.00,refunded,2026-07-15T19:02:55+00:00
ORD-028795,1,2,Wireless Mouse,peripherals,1,49.50,49.50,pending,2026-07-15T13:32:44+00:00
ORD-028796,5,9,USB-C Hub 8-in-1,accessories,3,39.99,119.97,refunded,2026-07-15T18:33:10+00:00
ORD-028797,9,9,USB-C Hub 8-in-1,accessories,3,39.99,119.97,completed,2026-07-15T08:29:01+00:00
ORD-028798,6,2,Wireless Mouse,peripherals,1,49.50,49.50,pending,2026-07-15T00:08:40+00:00
ORD-028799,1,6,Desk Speakers Pair,audio,1,89.00,89.00,refunded,2026-07-15T03:57:08+00:00
ORD-028800,8,6,Desk Speakers Pair,audio,4,89.00,356.00,cancelled,2026-07-15T15:34:55+00:00
ORD-028801,8,10,Laptop Stand Aluminium,accessories,5,27.50,137.50,cancelled,2026-07-15T16:58:29+00:00
ORD-028802,4,9,USB-C Hub 8-in-1,accessories,5,39.99,199.95,completed,2026-07-15T12:54:39+00:00
ORD-028803,1,10,Laptop Stand Aluminium,accessories,4,27.50,110.00,refunded,2026-07-15T05:24:07+00:00
ORD-028804,1,3,27in 1440p Monitor,displays,2,319.99,639.98,cancelled,2026-07-15T16:11:28+00:00
ORD-028805,3,3,27in 1440p Monitor,displays,1,319.99,319.99,refunded,2026-07-15T11:31:23+00:00
ORD-028806,4,1,Mechanical Keyboard 75%,peripherals,3,129.00,387.00,completed,2026-07-15T19:27:11+00:00
ORD-028807,2,7,Standing Desk 120cm,furniture,1,449.00,449.00,cancelled,2026-07-15T20:23:07+00:00
ORD-028808,4,10,Laptop Stand Aluminium,accessories,2,27.50,55.00,completed,2026-07-15T15:54:48+00:00
ORD-028809,9,3,27in 1440p Monitor,displays,3,319.99,959.97,refunded,2026-07-15T19:42:36+00:00
ORD-028810,2,9,USB-C Hub 8-in-1,accessories,2,39.99,79.98,refunded,2026-07-15T08:08:15+00:00
ORD-028811,10,7,Standing Desk 120cm,furniture,2,449.00,898.00,completed,2026-07-15T12:37:17+00:00
ORD-028812,6,10,Laptop Stand Aluminium,accessories,4,27.50,110.00,pending,2026-07-15T06:01:34+00:00
ORD-028813,3,5,Over-ear Headphones,audio,3,199.95,599.85,refunded,2026-07-15T09:33:25+00:00
ORD-028814,9,1,Mechanical Keyboard 75%,peripherals,5,129.00,645.00,refunded,2026-07-15T14:53:29+00:00
ORD-028815,3,9,USB-C Hub 8-in-1,accessories,5,39.99,199.95,pending,2026-07-15T06:31:59+00:00
ORD-028816,3,8,Ergonomic Chair,furniture,2,612.75,1225.50,refunded,2026-07-15T03:15:05+00:00
ORD-028817,7,10,Laptop Stand Aluminium,accessories,1,27.50,27.50,refunded,2026-07-15T13:16:43+00:00
ORD-028818,5,3,27in 1440p Monitor,displays,5,319.99,1599.95,pending,2026-07-15T07:17:35+00:00
ORD-028819,7,2,Wireless Mouse,peripherals,5,49.50,247.50,completed,2026-07-15T00:38:08+00:00
ORD-028820,7,4,34in Ultrawide Monitor,displays,5,579.00,2895.00,pending,2026-07-15T08:41:31+00:00
ORD-028821,5,7,Standing Desk 120cm,furniture,3,449.00,1347.00,cancelled,2026-07-15T01:12:21+00:00
ORD-028822,9,3,27in 1440p Monitor,displays,4,319.99,1279.96,pending,2026-07-15T03:17:48+00:00
ORD-028823,4,3,27in 1440p Monitor,displays,5,319.99,1599.95,refunded,2026-07-15T15:28:28+00:00
ORD-028824,6,9,USB-C Hub 8-in-1,accessories,3,39.99,119.97,cancelled,2026-07-15T08:31:08+00:00
ORD-028825,3,9,USB-C Hub 8-in-1,accessories,4,39.99,159.96,refunded,2026-07-15T14:18:12+00:00
ORD-028826,7,4,34in Ultrawide Monitor,displays,5,579.00,2895.00,completed,2026-07-15T10:59:21+00:00
ORD-028827,10,8,Ergonomic Chair,furniture,5,612.75,3063.75,cancelled,2026-07-15T01:51:43+00:00
ORD-028828,3,1,Mechanical Keyboard 75%,peripherals,3,129.00,387.00,refunded,2026-07-15T17:39:50+00:00
ORD-028829,2,1,Mechanical Keyboard 75%,peripherals,4,129.00,516.00,completed,2026-07-15T05:33:53+00:00
ORD-028830,9,7,Standing Desk 120cm,furniture,2,449.00,898.00,refunded,2026-07-15T05:55:44+00:00
ORD-028831,4,9,USB-C Hub 8-in-1,accessories,5,39.99,199.95,pending,2026-07-15T23:37:24+00:00
ORD-028832,1,4,34in Ultrawide Monitor,displays,4,579.00,2316.00,completed,2026-07-15T10:31:24+00:00
ORD-028833,9,10,Laptop Stand Aluminium,accessories,2,27.50,55.00,refunded,2026-07-15T15:57:44+00:00
ORD-028834,3,8,Ergonomic Chair,furniture,1,612.75,612.75,pending,2026-07-15T08:29:59+00:00
ORD-028835,2,7,Standing Desk 120cm,furniture,3,449.00,1347.00,completed,2026-07-15T15:41:11+00:00
ORD-028836,1,3,27in 1440p Monitor,displays,4,319.99,1279.96,refunded,2026-07-15T10:57:03+00:00
ORD-028837,5,2,Wireless Mouse,peripherals,3,49.50,148.50,refunded,2026-07-15T22:31:45+00:00
ORD-028838,9,2,Wireless Mouse,peripherals,5,49.50,247.50,refunded,2026-07-15T12:51:58+00:00
ORD-028839,5,8,Ergonomic Chair,furniture,3,612.75,1838.25,refunded,2026-07-15T07:00:37+00:00
ORD-028840,5,10,Laptop Stand Aluminium,accessories,4,27.50,110.00,completed,2026-07-15T16:51:28+00:00
ORD-028841,8,2,Wireless Mouse,peripherals,3,49.50,148.50,cancelled,2026-07-15T07:07:01+00:00
ORD-028842,4,9,USB-C Hub 8-in-1,accessories,1,39.99,39.99,pending,2026-07-15T13:35:06+00:00
ORD-028843,1,8,Ergonomic Chair,furniture,3,612.75,1838.25,cancelled,2026-07-15T13:32:10+00:00
ORD-028844,10,3,27in 1440p Monitor,displays,2,319.99,639.98,refunded,2026-07-15T16:42:38+00:00
ORD-028845,10,10,Laptop Stand Aluminium,accessories,5,27.50,137.50,cancelled,2026-07-15T11:36:53+00:00
ORD-028846,10,10,Laptop Stand Aluminium,accessories,1,27.50,27.50,pending,2026-07-15T01:07:28+00:00
ORD-028847,2,1,Mechanical Keyboard 75%,peripherals,1,129.00,129.00,refunded,2026-07-15T05:00:13+00:00
ORD-028848,6,6,Desk Speakers Pair,audio,1,89.00,89.00,pending,2026-07-15T04:57:08+00:00
ORD-028849,3,2,Wireless Mouse,peripherals,1,49.50,49.50,cancelled,2026-07-15T06:33:57+00:00
ORD-028850,5,3,27in 1440p Monitor,displays,1,319.99,319.99,refunded,2026-07-15T04:18:01+00:00
ORD-028851,4,6,Desk Speakers Pair,audio,3,89.00,267.00,refunded,2026-07-15T16:30:41+00:00
ORD-028852,9,6,Desk Speakers Pair,audio,1,89.00,89.00,cancelled,2026-07-15T08:59:35+00:00
ORD-028853,8,9,USB-C Hub 8-in-1,accessories,2,39.99,79.98,completed,2026-07-15T18:22:23+00:00
ORD-028854,8,4,34in Ultrawide Monitor,displays,5,579.00,2895.00,cancelled,2026-07-15T11:17:41+00:00
ORD-028855,8,2,Wireless Mouse,peripherals,2,49.50,99.00,pending,2026-07-15T09:55:30+00:00
ORD-028856,9,6,Desk Speakers Pair,audio,1,89.00,89.00,refunded,2026-07-15T21:25:18+00:00
ORD-028857,8,2,Wireless Mouse,peripherals,2,49.50,99.00,cancelled,2026-07-15T01:52:40+00:00
ORD-028858,1,8,Ergonomic Chair,furniture,2,612.75,1225.50,pending,2026-07-15T16:21:40+00:00
ORD-028859,4,5,Over-ear Headphones,audio,1,199.95,199.95,pending,2026-07-15T12:59:20+00:00
ORD-028860,7,2,Wireless Mouse,peripherals,3,49.50,148.50,cancelled,2026-07-15T10:25:33+00:00
ORD-028861,2,4,34in Ultrawide Monitor,displays,4,579.00,2316.00,pending,2026-07-15T10:46:12+00:00
ORD-028862,4,4,34in Ultrawide Monitor,displays,4,579.00,2316.00,cancelled,2026-07-15T15:21:59+00:00
ORD-028863,7,3,27in 1440p Monitor,displays,5,319.99,1599.95,cancelled,2026-07-15T08:05:59+00:00
ORD-028864,6,6,Desk Speakers Pair,audio,4,89.00,356.00,cancelled,2026-07-15T21:22:29+00:00
ORD-028865,3,3,27in 1440p Monitor,displays,3,319.99,959.97,completed,2026-07-15T15:27:17+00:00
ORD-028866,3,10,Laptop Stand Aluminium,accessories,4,27.50,110.00,refunded,2026-07-15T08:20:17+00:00
ORD-028867,6,6,Desk Speakers Pair,audio,5,89.00,445.00,completed,2026-07-15T05:29:44+00:00
ORD-028868,2,5,Over-ear Headphones,audio,2,199.95,399.90,refunded,2026-07-15T09:13:48+00:00
ORD-028869,1,4,34in Ultrawide Monitor,displays,2,579.00,1158.00,completed,2026-07-15T11:33:04+00:00
ORD-028870,7,9,USB-C Hub 8-in-1,accessories,5,39.99,199.95,completed,2026-07-15T07:04:51+00:00
ORD-028871,4,6,Desk Speakers Pair,audio,1,89.00,89.00,cancelled,2026-07-15T13:38:12+00:00
ORD-028872,10,8,Ergonomic Chair,furniture,2,612.75,1225.50,refunded,2026-07-15T15:31:11+00:00
ORD-028873,8,9,USB-C Hub 8-in-1,accessories,4,39.99,159.96,cancelled,2026-07-15T06:11:44+00:00
ORD-028874,5,8,Ergonomic Chair,furniture,3,612.75,1838.25,refunded,2026-07-15T20:00:50+00:00
ORD-028875,3,7,Standing Desk 120cm,furniture,1,449.00,449.00,refunded,2026-07-15T02:40:16+00:00
ORD-028876,3,10,Laptop Stand Aluminium,accessories,3,27.50,82.50,cancelled,2026-07-15T07:32:20+00:00
ORD-028877,5,6,Desk Speakers Pair,audio,5,89.00,445.00,cancelled,2026-07-15T19:55:57+00:00
ORD-028878,3,1,Mechanical Keyboard 75%,peripherals,3,129.00,387.00,refunded,2026-07-15T22:05:58+00:00
ORD-028879,5,1,Mechanical Keyboard 75%,peripherals,2,129.00,258.00,pending,2026-07-15T10:37:48+00:00
ORD-028880,8,9,USB-C Hub 8-in-1,accessories,4,39.99,159.96,refunded,2026-07-15T03:02:57+00:00
ORD-028881,10,1,Mechanical Keyboard 75%,peripherals,2,129.00,258.00,pending,2026-07-15T17:44:38+00:00
ORD-028882,5,6,Desk Speakers Pair,audio,1,89.00,89.00,completed,2026-07-15T15:26:49+00:00
ORD-028883,2,4,34in Ultrawide Monitor,displays,1,579.00,579.00,completed,2026-07-15T16:55:24+00:00
ORD-028884,6,2,Wireless Mouse,peripherals,5,49.50,247.50,completed,2026-07-15T12:03:02+00:00
ORD-028885,3,5,Over-ear Headphones,audio,4,199.95,799.80,completed,2026-07-15T08:25:01+00:00
ORD-028886,7,5,Over-ear Headphones,audio,4,199.95,799.80,pending,2026-07-15T07:47:56+00:00
ORD-028887,6,2,Wireless Mouse,peripherals,2,49.50,99.00,cancelled,2026-07-15T00:24:47+00:00
ORD-028888,7,8,Ergonomic Chair,furniture,5,612.75,3063.75,pending,2026-07-15T06:24:59+00:00
ORD-028889,10,10,Laptop Stand Aluminium,accessories,4,27.50,110.00,refunded,2026-07-15T11:37:59+00:00
ORD-028890,10,10,Laptop Stand Aluminium,accessories,4,27.50,110.00,pending,2026-07-15T03:10:55+00:00
ORD-028891,3,2,Wireless Mouse,peripherals,3,49.50,148.50,completed,2026-07-15T14:55:02+00:00
ORD-028892,6,5,Over-ear Headphones,audio,5,199.95,999.75,refunded,2026-07-15T17:32:25+00:00
ORD-028893,3,5,Over-ear Headphones,audio,5,199.95,999.75,cancelled,2026-07-15T22:21:30+00:00
ORD-028894,4,7,Standing Desk 120cm,furniture,1,449.00,449.00,refunded,2026-07-15T22:54:05+00:00
ORD-028895,3,6,Desk Speakers Pair,audio,1,89.00,89.00,completed,2026-07-15T10:01:48+00:00
ORD-028896,10,9,USB-C Hub 8-in-1,accessories,3,39.99,119.97,refunded,2026-07-15T22:59:07+00:00
ORD-028897,9,8,Ergonomic Chair,furniture,2,612.75,1225.50,cancelled,2026-07-15T22:34:19+00:00
ORD-028898,5,3,27in 1440p Monitor,displays,4,319.99,1279.96,pending,2026-07-15T15:08:21+00:00
ORD-028899,10,2,Wireless Mouse,peripherals,3,49.50,148.50,completed,2026-07-15T15:53:31+00:00
ORD-028900,9,4,34in Ultrawide Monitor,displays,4,579.00,2316.00,cancelled,2026-07-15T13:33:15+00:00
ORD-028901,4,5,Over-ear Headphones,audio,5,199.95,999.75,cancelled,not-a-valid-date
ORD-028902,9,9,USB-C Hub 8-in-1,accessories,3,39.99,119.97,completed,2026-07-15T21:07:52+00:00
ORD-028903,4,8,Ergonomic Chair,furniture,1,612.75,612.75,refunded,2026-07-15T04:44:01+00:00
ORD-028904,6,1,Mechanical Keyboard 75%,peripherals,5,129.00,645.00,completed,2026-07-15T19:06:14+00:00
ORD-028905,5,4,34in Ultrawide Monitor,displays,2,579.00,1158.00,pending,2026-07-15T08:49:03+00:00
ORD-028906,1,3,27in 1440p Monitor,displays,2,319.99,639.98,refunded,2026-07-15T22:24:06+00:00
ORD-028907,10,1,Mechanical Keyboard 75%,peripherals,5,129.00,645.00,completed,2026-07-15T00:10:34+00:00
ORD-028908,10,10,Laptop Stand Aluminium,accessories,4,27.50,110.00,cancelled,2026-07-15T11:16:30+00:00
ORD-028909,9,5,Over-ear Headphones,audio,4,199.95,799.80,pending,2026-07-15T09:02:35+00:00
ORD-028910,4,3,27in 1440p Monitor,displays,1,319.99,319.99,refunded,2026-07-15T23:26:59+00:00
ORD-028911,10,2,Wireless Mouse,peripherals,1,49.50,49.50,completed,2026-07-15T20:41:05+00:00
ORD-028912,5,1,Mechanical Keyboard 75%,peripherals,3,129.00,387.00,completed,2026-07-15T04:28:37+00:00
ORD-028913,7,8,Ergonomic Chair,furniture,4,612.75,2451.00,completed,2026-07-15T19:41:27+00:00
ORD-028914,9,4,34in Ultrawide Monitor,displays,5,579.00,2895.00,pending,2026-07-15T22:28:16+00:00
ORD-028915,2,4,34in Ultrawide Monitor,displays,4,579.00,2316.00,pending,2026-07-15T15:34:11+00:00
ORD-028916,2,7,Standing Desk 120cm,furniture,4,449.00,1796.00,cancelled,2026-07-15T22:08:26+00:00
ORD-028917,3,1,Mechanical Keyboard 75%,peripherals,5,129.00,645.00,completed,2026-07-15T08:26:46+00:00
ORD-028918,1,5,Over-ear Headphones,audio,2,199.95,399.90,refunded,2026-07-15T02:57:03+00:00
ORD-028919,6,6,Desk Speakers Pair,audio,2,89.00,178.00,refunded,2026-07-15T20:29:47+00:00
ORD-028920,8,8,Ergonomic Chair,furniture,3,612.75,1838.25,cancelled,2026-07-15T20:23:25+00:00
ORD-028921,9,6,Desk Speakers Pair,audio,5,89.00,445.00,pending,2026-07-15T11:57:16+00:00
ORD-028922,3,6,Desk Speakers Pair,audio,5,89.00,445.00,pending,2026-07-15T18:44:58+00:00
ORD-028923,2,8,Ergonomic Chair,furniture,4,612.75,2451.00,cancelled,2026-07-15T04:38:49+00:00
ORD-028924,1,10,Laptop Stand Aluminium,accessories,1,27.50,27.50,pending,2026-07-15T05:30:33+00:00
ORD-028925,9,9,USB-C Hub 8-in-1,accessories,2,39.99,79.98,refunded,2026-07-15T19:43:42+00:00
ORD-028926,3,2,Wireless Mouse,peripherals,2,49.50,99.00,completed,2026-07-15T11:13:05+00:00
ORD-028927,2,7,Standing Desk 120cm,furniture,3,449.00,1347.00,completed,2026-07-15T13:06:06+00:00
ORD-028928,1,7,Standing Desk 120cm,furniture,2,449.00,898.00,completed,2026-07-15T19:33:54+00:00
ORD-028929,8,10,Laptop Stand Aluminium,accessories,3,27.50,82.50,cancelled,2026-07-15T14:07:03+00:00
ORD-028930,5,1,Mechanical Keyboard 75%,peripherals,3,129.00,387.00,cancelled,2026-07-15T05:27:41+00:00
ORD-028931,5,4,34in Ultrawide Monitor,displays,1,579.00,579.00,refunded,2026-07-15T08:53:20+00:00
ORD-028932,6,10,Laptop Stand Aluminium,accessories,3,27.50,82.50,completed,2026-07-15T23:23:37+00:00
ORD-028933,2,4,34in Ultrawide Monitor,displays,1,579.00,579.00,completed,2026-07-15T06:13:37+00:00
ORD-028934,3,1,Mechanical Keyboard 75%,peripherals,1,129.00,129.00,completed,2026-07-15T18:31:56+00:00
ORD-028935,5,8,Ergonomic Chair,furniture,3,612.75,1838.25,completed,2026-07-15T23:07:13+00:00
ORD-028936,3,8,Ergonomic Chair,furniture,4,612.75,2451.00,completed,2026-07-15T14:14:07+00:00
ORD-028937,2,8,Ergonomic Chair,furniture,4,612.75,2451.00,refunded,2026-07-15T13:34:38+00:00
ORD-028938,10,5,Over-ear Headphones,audio,4,199.95,799.80,cancelled,2026-07-15T18:24:48+00:00
ORD-028939,10,8,Ergonomic Chair,furniture,3,612.75,1838.25,refunded,2026-07-15T03:19:22+00:00
ORD-028940,3,8,Ergonomic Chair,furniture,2,612.75,1225.50,pending,2026-07-15T12:36:57+00:00
ORD-028941,10,6,Desk Speakers Pair,audio,2,89.00,178.00,completed,2026-07-15T19:29:18+00:00
ORD-028942,4,4,34in Ultrawide Monitor,displays,3,579.00,1737.00,pending,2026-07-15T02:40:02+00:00
ORD-028943,6,1,Mechanical Keyboard 75%,peripherals,1,129.00,129.00,completed,2026-07-15T13:03:45+00:00
ORD-028944,3,7,Standing Desk 120cm,furniture,3,449.00,1347.00,refunded,2026-07-15T04:25:01+00:00
ORD-028945,5,4,34in Ultrawide Monitor,displays,2,579.00,1158.00,refunded,2026-07-15T07:38:39+00:00
ORD-028946,4,9,USB-C Hub 8-in-1,accessories,5,39.99,199.95,refunded,2026-07-15T00:39:09+00:00
ORD-028947,10,10,Laptop Stand Aluminium,accessories,5,27.50,137.50,pending,2026-07-15T05:56:15+00:00
ORD-028948,6,10,Laptop Stand Aluminium,accessories,1,27.50,27.50,cancelled,2026-07-15T14:24:41+00:00
ORD-028949,8,8,Ergonomic Chair,furniture,1,612.75,612.75,refunded,2026-07-15T00:06:33+00:00
ORD-028950,5,10,Laptop Stand Aluminium,accessories,1,27.50,27.50,pending,2026-07-15T12:38:04+00:00
ORD-028951,9,2,Wireless Mouse,peripherals,4,49.50,198.00,refunded,2026-07-15T10:16:51+00:00
ORD-028952,6,9,USB-C Hub 8-in-1,accessories,3,39.99,119.97,pending,2026-07-15T02:11:29+00:00
ORD-028953,1,7,Standing Desk 120cm,furniture,3,449.00,1347.00,cancelled,2026-07-15T02:07:41+00:00
ORD-028954,6,6,Desk Speakers Pair,audio,2,89.00,178.00,completed,2026-07-15T21:56:25+00:00
ORD-028955,10,4,34in Ultrawide Monitor,displays,1,579.00,579.00,refunded,2026-07-15T01:50:52+00:00
ORD-028956,3,6,Desk Speakers Pair,audio,1,89.00,89.00,cancelled,2026-07-15T17:30:47+00:00
ORD-028957,4,8,Ergonomic Chair,furniture,2,612.75,1225.50,refunded,2026-07-15T20:15:33+00:00
ORD-028958,8,10,Laptop Stand Aluminium,accessories,3,27.50,82.50,refunded,2026-07-15T21:37:00+00:00
ORD-028959,1,6,Desk Speakers Pair,audio,2,89.00,178.00,pending,2026-07-15T10:51:38+00:00
ORD-028960,8,5,Over-ear Headphones,audio,4,199.95,799.80,cancelled,2026-07-15T07:54:36+00:00
ORD-028961,9,9,USB-C Hub 8-in-1,accessories,2,39.99,79.98,pending,2026-07-15T14:30:32+00:00
ORD-028962,6,8,Ergonomic Chair,furniture,2,612.75,1225.50,pending,2026-07-15T00:07:18+00:00
ORD-028963,9,6,Desk Speakers Pair,audio,1,89.00,89.00,pending,2026-07-15T02:23:33+00:00
ORD-028964,10,9,USB-C Hub 8-in-1,accessories,1,39.99,39.99,completed,2026-07-15T22:53:32+00:00
ORD-028965,3,1,Mechanical Keyboard 75%,peripherals,3,129.00,387.00,cancelled,2026-07-15T16:40:04+00:00
ORD-028966,8,2,Wireless Mouse,peripherals,5,49.50,247.50,cancelled,2026-07-15T16:10:12+00:00
ORD-028967,2,7,Standing Desk 120cm,furniture,3,449.00,1347.00,refunded,2026-07-15T03:57:22+00:00
ORD-028968,5,8,Ergonomic Chair,furniture,1,612.75,612.75,cancelled,2026-07-15T08:22:30+00:00
ORD-028969,2,9,USB-C Hub 8-in-1,accessories,2,39.99,79.98,pending,2026-07-15T12:57:42+00:00
ORD-028970,1,5,Over-ear Headphones,audio,4,199.95,799.80,completed,2026-07-15T04:34:33+00:00
ORD-028971,3,1,Mechanical Keyboard 75%,peripherals,2,129.00,258.00,pending,2026-07-15T20:07:22+00:00
ORD-028972,2,5,Over-ear Headphones,audio,1,199.95,199.95,refunded,2026-07-15T13:12:54+00:00
ORD-028973,7,5,Over-ear Headphones,audio,5,199.95,999.75,cancelled,2026-07-15T16:36:10+00:00
ORD-028974,8,3,27in 1440p Monitor,displays,1,319.99,319.99,pending,2026-07-15T08:55:04+00:00
ORD-028975,1,3,27in 1440p Monitor,displays,3,319.99,959.97,refunded,2026-07-15T11:03:09+00:00
ORD-028976,8,10,Laptop Stand Aluminium,accessories,3,27.50,82.50,completed,2026-07-15T11:27:54+00:00
ORD-028977,9,8,Ergonomic Chair,furniture,3,612.75,1838.25,refunded,2026-07-15T14:50:30+00:00
ORD-028978,10,9,USB-C Hub 8-in-1,accessories,4,39.99,159.96,completed,2026-07-15T17:50:53+00:00
ORD-028979,2,4,34in Ultrawide Monitor,displays,5,579.00,2895.00,completed,2026-07-15T10:13:45+00:00
ORD-028980,3,6,Desk Speakers Pair,audio,5,89.00,445.00,cancelled,2026-07-15T23:47:39+00:00
ORD-028981,3,3,27in 1440p Monitor,displays,1,319.99,319.99,refunded,2026-07-15T05:45:10+00:00
ORD-028982,10,6,Desk Speakers Pair,audio,1,89.00,89.00,completed,2026-07-15T12:09:22+00:00
ORD-028983,4,4,34in Ultrawide Monitor,displays,1,579.00,579.00,refunded,2026-07-15T13:14:10+00:00
ORD-028984,5,10,Laptop Stand Aluminium,accessories,2,27.50,55.00,cancelled,2026-07-15T21:49:15+00:00
ORD-028985,4,9,USB-C Hub 8-in-1,accessories,2,39.99,79.98,refunded,2026-07-15T07:24:18+00:00
ORD-028986,3,8,Ergonomic Chair,furniture,3,612.75,1838.25,cancelled,2026-07-15T17:46:57+00:00
ORD-028987,9,7,Standing Desk 120cm,furniture,1,449.00,449.00,completed,2026-07-15T09:30:27+00:00
ORD-028988,2,7,Standing Desk 120cm,furniture,2,449.00,898.00,completed,2026-07-15T17:49:35+00:00
ORD-028989,5,4,34in Ultrawide Monitor,displays,3,579.00,1737.00,cancelled,2026-07-15T12:41:21+00:00
ORD-028990,4,9,USB-C Hub 8-in-1,accessories,1,39.99,39.99,completed,2026-07-15T18:05:28+00:00
ORD-028991,9,2,Wireless Mouse,peripherals,1,49.50,49.50,refunded,2026-07-15T10:25:45+00:00
ORD-028992,1,7,Standing Desk 120cm,furniture,3,449.00,1347.00,cancelled,2026-07-15T17:33:52+00:00
ORD-028993,4,4,34in Ultrawide Monitor,displays,3,579.00,1737.00,pending,2026-07-15T14:23:47+00:00
ORD-028994,2,6,Desk Speakers Pair,audio,2,89.00,178.00,completed,2026-07-15T13:32:11+00:00
ORD-028995,7,9,USB-C Hub 8-in-1,accessories,4,39.99,159.96,cancelled,2026-07-15T02:55:50+00:00
ORD-028996,4,1,Mechanical Keyboard 75%,peripherals,1,129.00,129.00,refunded,2026-07-15T20:18:44+00:00
ORD-028997,1,6,Desk Speakers Pair,audio,3,89.00,267.00,refunded,2026-07-15T01:24:20+00:00
ORD-028998,2,5,Over-ear Headphones,audio,2,199.95,399.90,pending,2026-07-15T08:04:27+00:00
ORD-028999,10,1,Mechanical Keyboard 75%,peripherals,2,129.00,258.00,completed,2026-07-15T15:19:08+00:00
ORD-029000,6,9,USB-C Hub 8-in-1,accessories,5,39.99,199.95,cancelled,2026-07-15T04:26:49+00:00
ORD-029001,10,9,USB-C Hub 8-in-1,accessories,1,39.99,39.99,refunded,2026-07-15T06:30:07+00:00
ORD-029002,9,9,USB-C Hub 8-in-1,accessories,5,39.99,199.95,refunded,2026-07-15T12:05:28+00:00
ORD-029003,8,10,Laptop Stand Aluminium,accessories,3,27.50,82.50,completed,2026-07-15T20:56:55+00:00
ORD-029004,7,5,Over-ear Headphones,audio,3,199.95,599.85,completed,2026-07-15T06:00:52+00:00
ORD-029005,6,8,Ergonomic Chair,furniture,3,612.75,1838.25,completed,2026-07-15T00:57:22+00:00
ORD-029006,9,2,Wireless Mouse,peripherals,3,49.50,148.50,pending,2026-07-15T04:50:56+00:00
ORD-029007,7,4,34in Ultrawide Monitor,displays,1,579.00,579.00,completed,2026-07-15T03:29:33+00:00
ORD-029008,2,10,Laptop Stand Aluminium,accessories,1,27.50,27.50,refunded,2026-07-15T21:06:49+00:00
ORD-029009,1,3,27in 1440p Monitor,displays,5,319.99,1599.95,completed,2026-07-15T11:30:01+00:00
ORD-029010,5,1,Mechanical Keyboard 75%,peripherals,1,129.00,129.00,refunded,2026-07-15T16:27:11+00:00
ORD-029011,9,6,Desk Speakers Pair,audio,3,89.00,267.00,pending,2026-07-15T15:03:09+00:00
ORD-029012,1,3,27in 1440p Monitor,displays,4,319.99,1279.96,completed,2026-07-15T12:26:59+00:00
ORD-029013,8,10,Laptop Stand Aluminium,accessories,4,27.50,110.00,cancelled,2026-07-15T12:40:35+00:00
ORD-029014,10,1,Mechanical Keyboard 75%,peripherals,5,129.00,645.00,completed,2026-07-15T14:20:59+00:00
ORD-029015,7,7,Standing Desk 120cm,furniture,5,449.00,2245.00,cancelled,2026-07-15T12:37:47+00:00
ORD-029016,7,3,27in 1440p Monitor,displays,3,319.99,959.97,refunded,2026-07-15T07:49:13+00:00
ORD-029017,6,6,Desk Speakers Pair,audio,4,89.00,356.00,completed,2026-07-15T22:45:11+00:00
ORD-029018,2,10,Laptop Stand Aluminium,accessories,4,27.50,110.00,refunded,2026-07-15T00:10:47+00:00
ORD-029019,4,3,27in 1440p Monitor,displays,1,319.99,319.99,refunded,2026-07-15T16:41:20+00:00
ORD-029020,4,3,27in 1440p Monitor,displays,2,319.99,639.98,cancelled,2026-07-15T16:03:36+00:00
ORD-029021,1,10,Laptop Stand Aluminium,accessories,1,27.50,27.50,pending,2026-07-15T20:37:13+00:00
ORD-029022,9,7,Standing Desk 120cm,furniture,4,449.00,1796.00,pending,2026-07-15T01:19:05+00:00
ORD-029023,7,9,USB-C Hub 8-in-1,accessories,4,39.99,159.96,pending,2026-07-15T22:48:51+00:00
ORD-029024,7,9,USB-C Hub 8-in-1,accessories,3,39.99,119.97,refunded,2026-07-15T23:34:40+00:00
ORD-029025,1,1,Mechanical Keyboard 75%,peripherals,5,129.00,645.00,pending,2026-07-15T23:35:52+00:00
ORD-029026,7,10,Laptop Stand Aluminium,accessories,5,27.50,137.50,refunded,2026-07-15T21:27:57+00:00
ORD-029027,7,7,Standing Desk 120cm,furniture,2,449.00,898.00,pending,2026-07-15T04:55:36+00:00
ORD-029028,3,6,Desk Speakers Pair,audio,4,89.00,356.00,refunded,2026-07-15T16:24:26+00:00
ORD-029029,7,6,Desk Speakers Pair,audio,1,89.00,89.00,cancelled,2026-07-15T03:53:36+00:00
ORD-029030,1,10,Laptop Stand Aluminium,accessories,4,27.50,110.00,completed,2026-07-15T12:19:02+00:00
ORD-029031,6,4,34in Ultrawide Monitor,displays,3,579.00,1737.00,completed,2026-07-15T11:02:42+00:00
ORD-029032,4,10,Laptop Stand Aluminium,accessories,1,27.50,27.50,completed,2026-07-15T12:47:25+00:00
ORD-029033,10,9,USB-C Hub 8-in-1,accessories,4,39.99,159.96,refunded,2026-07-15T11:35:06+00:00
ORD-029034,6,1,Mechanical Keyboard 75%,peripherals,2,129.00,258.00,cancelled,2026-07-15T21:09:01+00:00
ORD-029035,7,7,Standing Desk 120cm,furniture,3,449.00,1347.00,completed,2026-07-15T14:26:32+00:00
ORD-029036,6,3,27in 1440p Monitor,displays,2,319.99,639.98,completed,2026-07-15T08:17:28+00:00
ORD-029037,8,8,Ergonomic Chair,furniture,3,612.75,1838.25,refunded,2026-07-15T12:12:33+00:00
ORD-029038,7,2,Wireless Mouse,peripherals,3,49.50,148.50,pending,2026-07-15T00:19:46+00:00
ORD-029039,6,6,Desk Speakers Pair,audio,3,89.00,267.00,pending,2026-07-15T14:32:25+00:00
ORD-029040,1,9,USB-C Hub 8-in-1,accessories,5,39.99,199.95,cancelled,2026-07-15T01:01:25+00:00
ORD-029041,9,6,Desk Speakers Pair,audio,5,89.00,445.00,pending,2026-07-15T20:04:09+00:00
ORD-029042,8,10,Laptop Stand Aluminium,accessories,5,27.50,137.50,refunded,2026-07-15T02:45:50+00:00
ORD-029043,5,3,27in 1440p Monitor,displays,4,319.99,1279.96,completed,2026-07-15T06:03:23+00:00
ORD-029044,6,2,Wireless Mouse,peripherals,5,49.50,247.50,refunded,2026-07-15T23:32:06+00:00
ORD-029045,5,8,Ergonomic Chair,furniture,1,612.75,612.75,cancelled,2026-07-15T05:46:13+00:00
ORD-029046,3,1,Mechanical Keyboard 75%,peripherals,3,129.00,387.00,refunded,2026-07-15T17:59:12+00:00
ORD-029047,8,8,Ergonomic Chair,furniture,2,612.75,1225.50,cancelled,2026-07-15T09:03:34+00:00
ORD-029048,3,2,Wireless Mouse,peripherals,1,49.50,49.50,refunded,2026-07-15T14:08:31+00:00
ORD-029049,5,7,Standing Desk 120cm,furniture,5,449.00,2245.00,refunded,2026-07-15T00:21:13+00:00
ORD-029050,4,1,Mechanical Keyboard 75%,peripherals,1,129.00,129.00,cancelled,2026-07-15T22:33:16+00:00
ORD-029051,8,5,Over-ear Headphones,audio,4,199.95,799.80,cancelled,2026-07-15T16:49:45+00:00
ORD-029052,10,2,Wireless Mouse,peripherals,2,49.50,99.00,completed,2026-07-15T21:10:43+00:00
ORD-029053,4,1,Mechanical Keyboard 75%,peripherals,3,129.00,387.00,completed,2026-07-15T02:15:40+00:00
ORD-029054,1,9,USB-C Hub 8-in-1,accessories,3,39.99,119.97,refunded,2026-07-15T01:26:13+00:00
ORD-029055,9,10,Laptop Stand Aluminium,accessories,1,27.50,27.50,completed,2026-07-15T16:29:42+00:00
ORD-029056,2,3,27in 1440p Monitor,displays,1,319.99,319.99,refunded,2026-07-15T23:26:44+00:00
ORD-029057,8,9,USB-C Hub 8-in-1,accessories,5,39.99,199.95,cancelled,2026-07-15T10:46:37+00:00
ORD-029058,4,1,Mechanical Keyboard 75%,peripherals,4,129.00,516.00,pending,2026-07-15T21:39:33+00:00
ORD-029059,8,2,Wireless Mouse,peripherals,4,49.50,198.00,refunded,2026-07-15T23:32:29+00:00
ORD-029060,8,5,Over-ear Headphones,audio,1,199.95,199.95,completed,2026-07-15T12:44:20+00:00
ORD-029061,7,10,Laptop Stand Aluminium,accessories,2,27.50,55.00,refunded,2026-07-15T01:00:02+00:00
ORD-029062,6,7,Standing Desk 120cm,furniture,5,449.00,2245.00,refunded,2026-07-15T09:17:47+00:00
ORD-029063,3,8,Ergonomic Chair,furniture,1,612.75,612.75,completed,2026-07-15T20:49:56+00:00
ORD-029064,10,7,Standing Desk 120cm,furniture,2,449.00,898.00,cancelled,2026-07-15T23:05:27+00:00
ORD-029065,8,7,Standing Desk 120cm,furniture,5,449.00,2245.00,pending,2026-07-15T06:36:02+00:00
ORD-029066,3,5,Over-ear Headphones,audio,3,199.95,599.85,pending,2026-07-15T16:33:43+00:00
ORD-029067,1,3,27in 1440p Monitor,displays,4,319.99,1279.96,cancelled,2026-07-15T15:42:48+00:00
ORD-029068,5,6,Desk Speakers Pair,audio,3,89.00,267.00,pending,2026-07-15T12:51:20+00:00
ORD-029069,5,3,27in 1440p Monitor,displays,1,319.99,319.99,refunded,2026-07-15T12:16:14+00:00
ORD-029070,9,8,Ergonomic Chair,furniture,1,612.75,612.75,refunded,2026-07-15T07:37:51+00:00
ORD-029071,9,1,Mechanical Keyboard 75%,peripherals,4,129.00,516.00,pending,2026-07-15T19:41:46+00:00
ORD-029072,8,10,Laptop Stand Aluminium,accessories,5,27.50,137.50,refunded,2026-07-15T12:54:54+00:00
ORD-029073,4,5,Over-ear Headphones,audio,3,199.95,599.85,completed,2026-07-15T00:52:52+00:00
ORD-029074,10,6,Desk Speakers Pair,audio,4,89.00,356.00,refunded,2026-07-15T07:32:49+00:00
ORD-029075,4,7,Standing Desk 120cm,furniture,1,449.00,449.00,refunded,2026-07-15T21:43:42+00:00
ORD-029076,5,4,34in Ultrawide Monitor,displays,1,579.00,579.00,pending,2026-07-15T17:32:26+00:00
ORD-029077,2,6,Desk Speakers Pair,audio,1,89.00,89.00,pending,2026-07-15T16:28:38+00:00
ORD-029078,7,10,Laptop Stand Aluminium,accessories,2,27.50,55.00,refunded,2026-07-15T13:55:16+00:00
ORD-029079,2,4,34in Ultrawide Monitor,displays,2,579.00,1158.00,cancelled,2026-07-15T17:38:40+00:00
ORD-029080,2,6,Desk Speakers Pair,audio,5,89.00,445.00,completed,2026-07-15T01:09:44+00:00
ORD-029081,5,5,Over-ear Headphones,audio,5,199.95,999.75,refunded,2026-07-15T06:30:01+00:00
ORD-029082,1,7,Standing Desk 120cm,furniture,5,449.00,2245.00,refunded,2026-07-15T08:15:49+00:00
ORD-029083,8,10,Laptop Stand Aluminium,accessories,1,27.50,27.50,pending,2026-07-15T01:13:26+00:00
ORD-029084,10,10,Laptop Stand Aluminium,accessories,2,27.50,55.00,refunded,2026-07-15T18:57:58+00:00
ORD-029085,8,10,Laptop Stand Aluminium,accessories,2,27.50,55.00,completed,2026-07-15T06:32:00+00:00
ORD-029086,5,1,Mechanical Keyboard 75%,peripherals,5,129.00,645.00,completed,2026-07-15T17:11:41+00:00
ORD-029087,2,8,Ergonomic Chair,furniture,2,612.75,1225.50,cancelled,2026-07-15T14:28:32+00:00
ORD-029088,10,1,Mechanical Keyboard 75%,peripherals,4,129.00,516.00,completed,2026-07-15T20:34:27+00:00
ORD-029089,10,6,Desk Speakers Pair,audio,2,89.00,178.00,refunded,2026-07-15T13:13:57+00:00
ORD-029090,5,10,Laptop Stand Aluminium,accessories,3,27.50,82.50,pending,2026-07-15T11:38:15+00:00
ORD-029091,7,8,Ergonomic Chair,furniture,3,612.75,1838.25,refunded,2026-07-15T14:55:00+00:00
ORD-029092,2,9,USB-C Hub 8-in-1,accessories,4,39.99,159.96,pending,2026-07-15T08:44:41+00:00
ORD-029093,10,1,Mechanical Keyboard 75%,peripherals,3,129.00,387.00,refunded,2026-07-15T19:19:44+00:00
ORD-029094,6,7,Standing Desk 120cm,furniture,5,449.00,2245.00,cancelled,2026-07-15T18:03:27+00:00
ORD-029095,10,8,Ergonomic Chair,furniture,2,612.75,1225.50,completed,2026-07-15T08:33:02+00:00
ORD-029096,5,4,34in Ultrawide Monitor,displays,4,579.00,2316.00,cancelled,2026-07-15T19:56:09+00:00
ORD-029097,2,2,Wireless Mouse,peripherals,1,49.50,49.50,completed,2026-07-15T15:18:36+00:00
ORD-029098,8,4,34in Ultrawide Monitor,displays,1,579.00,579.00,cancelled,2026-07-15T15:17:19+00:00
ORD-029099,9,2,Wireless Mouse,peripherals,2,49.50,99.00,cancelled,2026-07-15T03:10:31+00:00
ORD-029100,5,4,34in Ultrawide Monitor,displays,5,579.00,2895.00,refunded,2026-07-15T23:24:03+00:00
ORD-029101,7,1,Mechanical Keyboard 75%,peripherals,2,129.00,258.00,completed,2026-07-15T09:22:10+00:00
ORD-029102,4,2,Wireless Mouse,peripherals,2,49.50,99.00,cancelled,2026-07-15T13:30:37+00:00
ORD-029103,5,6,Desk Speakers Pair,audio,2,89.00,178.00,refunded,2026-07-15T22:00:06+00:00
ORD-029104,1,6,Desk Speakers Pair,audio,5,89.00,445.00,completed,2026-07-15T07:59:03+00:00
ORD-029105,9,4,34in Ultrawide Monitor,displays,4,579.00,2316.00,completed,2026-07-15T08:58:31+00:00
ORD-029106,8,3,27in 1440p Monitor,displays,5,319.99,1599.95,refunded,2026-07-15T04:55:20+00:00
ORD-029107,1,7,Standing Desk 120cm,furniture,1,449.00,449.00,pending,2026-07-15T00:24:11+00:00
ORD-029108,5,7,Standing Desk 120cm,furniture,1,449.00,449.00,refunded,2026-07-15T23:37:46+00:00
ORD-029109,5,7,Standing Desk 120cm,furniture,5,449.00,2245.00,refunded,2026-07-15T09:30:57+00:00
ORD-029110,4,6,Desk Speakers Pair,audio,4,89.00,356.00,refunded,2026-07-15T12:14:31+00:00
ORD-029111,8,2,Wireless Mouse,peripherals,1,49.50,49.50,cancelled,2026-07-15T20:16:05+00:00
ORD-029112,4,3,27in 1440p Monitor,displays,3,319.99,959.97,cancelled,2026-07-15T10:21:05+00:00
ORD-029113,8,6,Desk Speakers Pair,audio,5,89.00,445.00,completed,2026-07-15T13:25:59+00:00
ORD-029114,6,7,Standing Desk 120cm,furniture,5,449.00,2245.00,pending,2026-07-15T10:01:02+00:00
ORD-029115,2,9,USB-C Hub 8-in-1,accessories,5,39.99,199.95,completed,2026-07-15T05:21:39+00:00
ORD-029116,10,9,USB-C Hub 8-in-1,accessories,3,39.99,119.97,pending,2026-07-15T06:51:00+00:00
ORD-029117,2,2,Wireless Mouse,peripherals,4,49.50,198.00,completed,2026-07-15T13:59:39+00:00
ORD-029118,4,2,Wireless Mouse,peripherals,1,49.50,49.50,pending,2026-07-15T01:05:24+00:00
ORD-029119,7,3,27in 1440p Monitor,displays,3,319.99,959.97,cancelled,2026-07-15T18:12:22+00:00
ORD-029120,1,1,Mechanical Keyboard 75%,peripherals,4,129.00,516.00,completed,2026-07-15T18:41:43+00:00
ORD-029121,6,4,34in Ultrawide Monitor,displays,5,579.00,2895.00,completed,2026-07-15T03:14:27+00:00
ORD-029122,2,2,Wireless Mouse,peripherals,1,49.50,49.50,refunded,2026-07-15T01:55:40+00:00
ORD-029123,7,6,Desk Speakers Pair,audio,5,89.00,445.00,pending,2026-07-15T09:09:42+00:00
ORD-029124,8,7,Standing Desk 120cm,furniture,2,449.00,898.00,completed,2026-07-15T20:54:32+00:00
ORD-029125,9,3,27in 1440p Monitor,displays,3,319.99,959.97,refunded,2026-07-15T13:06:06+00:00
ORD-029126,6,6,Desk Speakers Pair,audio,5,89.00,445.00,refunded,2026-07-15T18:32:46+00:00
ORD-029127,3,7,Standing Desk 120cm,furniture,5,449.00,2245.00,refunded,2026-07-15T23:22:04+00:00
ORD-029128,5,2,Wireless Mouse,peripherals,5,49.50,247.50,cancelled,2026-07-15T12:17:12+00:00
ORD-029129,10,1,Mechanical Keyboard 75%,peripherals,1,129.00,129.00,pending,2026-07-15T04:05:40+00:00
ORD-029130,7,8,Ergonomic Chair,furniture,1,612.75,612.75,cancelled,2026-07-15T03:19:57+00:00
ORD-029131,5,9,USB-C Hub 8-in-1,accessories,3,39.99,119.97,completed,2026-07-15T03:17:08+00:00
ORD-029132,8,8,Ergonomic Chair,furniture,4,612.75,2451.00,pending,2026-07-15T03:28:43+00:00
ORD-029133,10,9,USB-C Hub 8-in-1,accessories,3,39.99,119.97,pending,2026-07-15T06:31:24+00:00
ORD-029134,7,7,Standing Desk 120cm,furniture,1,449.00,449.00,completed,2026-07-15T12:30:17+00:00
ORD-029135,5,1,Mechanical Keyboard 75%,peripherals,5,129.00,645.00,pending,2026-07-15T17:03:35+00:00
ORD-029136,3,10,Laptop Stand Aluminium,accessories,1,27.50,27.50,pending,2026-07-15T21:36:16+00:00
ORD-029137,1,7,Standing Desk 120cm,furniture,3,449.00,1347.00,refunded,2026-07-15T11:50:51+00:00
ORD-029138,9,2,Wireless Mouse,peripherals,2,49.50,99.00,completed,2026-07-15T11:58:49+00:00
ORD-029139,10,1,Mechanical Keyboard 75%,peripherals,4,129.00,516.00,completed,2026-07-15T15:47:19+00:00
ORD-029140,7,8,Ergonomic Chair,furniture,1,612.75,612.75,pending,2026-07-15T00:37:22+00:00
ORD-029141,10,9,USB-C Hub 8-in-1,accessories,2,39.99,79.98,refunded,2026-07-15T04:18:24+00:00
ORD-029142,5,8,Ergonomic Chair,furniture,2,612.75,1225.50,cancelled,2026-07-15T20:55:02+00:00
ORD-029143,4,1,Mechanical Keyboard 75%,peripherals,5,129.00,645.00,refunded,2026-07-15T22:17:09+00:00
ORD-029144,9,10,Laptop Stand Aluminium,accessories,5,27.50,137.50,pending,2026-07-15T22:05:51+00:00
ORD-029145,3,6,Desk Speakers Pair,audio,2,89.00,178.00,refunded,2026-07-15T20:44:57+00:00
ORD-029146,4,4,34in Ultrawide Monitor,displays,1,579.00,579.00,cancelled,2026-07-15T07:54:55+00:00
ORD-029147,10,10,Laptop Stand Aluminium,accessories,5,27.50,137.50,refunded,2026-07-15T20:08:29+00:00
ORD-029148,9,4,34in Ultrawide Monitor,displays,3,579.00,1737.00,cancelled,2026-07-15T04:51:05+00:00
ORD-029149,2,9,USB-C Hub 8-in-1,accessories,1,39.99,39.99,completed,2026-07-15T00:06:33+00:00
ORD-029150,10,5,Over-ear Headphones,audio,4,199.95,799.80,refunded,2026-07-15T16:58:41+00:00
ORD-029151,4,3,27in 1440p Monitor,displays,5,319.99,1599.95,completed,2026-07-15T22:34:28+00:00
ORD-029152,9,5,Over-ear Headphones,audio,2,199.95,399.90,pending,2026-07-15T01:27:40+00:00
ORD-029153,5,3,27in 1440p Monitor,displays,5,319.99,1599.95,pending,2026-07-15T14:13:07+00:00
ORD-029154,4,2,Wireless Mouse,peripherals,3,49.50,148.50,refunded,2026-07-15T19:34:47+00:00
ORD-029155,2,4,34in Ultrawide Monitor,displays,5,579.00,2895.00,refunded,2026-07-15T12:13:12+00:00
ORD-029156,1,6,Desk Speakers Pair,audio,4,89.00,356.00,pending,2026-07-15T06:56:12+00:00
ORD-029157,4,3,27in 1440p Monitor,displays,2,319.99,639.98,cancelled,2026-07-15T10:47:17+00:00
ORD-029158,8,8,Ergonomic Chair,furniture,1,612.75,612.75,pending,2026-07-15T23:51:19+00:00
ORD-029159,10,9,USB-C Hub 8-in-1,accessories,4,39.99,159.96,cancelled,2026-07-15T05:07:09+00:00
ORD-029160,5,2,Wireless Mouse,peripherals,3,49.50,148.50,completed,2026-07-15T02:48:23+00:00
ORD-029161,7,1,Mechanical Keyboard 75%,peripherals,5,129.00,645.00,pending,2026-07-15T08:42:38+00:00
ORD-029162,9,9,USB-C Hub 8-in-1,accessories,5,39.99,199.95,completed,2026-07-15T19:46:29+00:00
ORD-029163,1,2,Wireless Mouse,peripherals,4,49.50,198.00,completed,2026-07-15T17:58:34+00:00
ORD-029164,9,8,Ergonomic Chair,furniture,5,612.75,3063.75,cancelled,2026-07-15T14:25:17+00:00
ORD-029165,7,2,Wireless Mouse,peripherals,3,49.50,148.50,cancelled,2026-07-15T07:37:03+00:00
ORD-029166,8,5,Over-ear Headphones,audio,3,199.95,599.85,completed,2026-07-15T00:45:55+00:00
ORD-029167,7,2,Wireless Mouse,peripherals,3,49.50,148.50,completed,2026-07-15T11:59:33+00:00
ORD-029168,6,1,Mechanical Keyboard 75%,peripherals,5,129.00,645.00,cancelled,2026-07-15T05:09:38+00:00
ORD-029169,2,2,Wireless Mouse,peripherals,3,49.50,148.50,pending,2026-07-15T15:23:57+00:00
ORD-029170,1,9,USB-C Hub 8-in-1,accessories,5,39.99,199.95,refunded,2026-07-15T00:08:39+00:00
ORD-029171,6,1,Mechanical Keyboard 75%,peripherals,5,129.00,645.00,pending,2026-07-15T11:27:40+00:00
ORD-029172,4,5,Over-ear Headphones,audio,1,199.95,199.95,cancelled,2026-07-15T18:28:09+00:00
ORD-029173,6,10,Laptop Stand Aluminium,accessories,4,27.50,110.00,completed,2026-07-15T18:06:08+00:00
ORD-029174,6,8,Ergonomic Chair,furniture,5,612.75,3063.75,refunded,2026-07-15T08:15:43+00:00
ORD-029175,2,9,USB-C Hub 8-in-1,accessories,3,39.99,119.97,pending,2026-07-15T18:44:30+00:00
ORD-029176,8,5,Over-ear Headphones,audio,3,199.95,599.85,pending,2026-07-15T22:07:17+00:00
ORD-029177,4,7,Standing Desk 120cm,furniture,3,449.00,1347.00,cancelled,2026-07-15T04:58:28+00:00
ORD-029178,3,4,34in Ultrawide Monitor,displays,5,579.00,2895.00,cancelled,2026-07-15T21:44:27+00:00
ORD-029179,4,5,Over-ear Headphones,audio,3,199.95,599.85,completed,2026-07-15T22:21:37+00:00
ORD-029180,9,8,Ergonomic Chair,furniture,3,612.75,1838.25,pending,2026-07-15T01:25:09+00:00
ORD-029181,3,2,Wireless Mouse,peripherals,2,49.50,99.00,pending,2026-07-15T15:47:46+00:00
ORD-029182,7,1,Mechanical Keyboard 75%,peripherals,5,129.00,645.00,completed,2026-07-15T16:13:21+00:00
ORD-029183,5,7,Standing Desk 120cm,furniture,5,449.00,2245.00,pending,2026-07-15T05:17:27+00:00
ORD-029184,10,8,Ergonomic Chair,furniture,5,612.75,3063.75,pending,2026-07-15T02:33:16+00:00
ORD-029185,6,6,Desk Speakers Pair,audio,1,89.00,89.00,pending,2026-07-15T13:19:10+00:00
ORD-029186,6,9,USB-C Hub 8-in-1,accessories,1,39.99,39.99,cancelled,2026-07-15T11:39:39+00:00
ORD-029187,7,8,Ergonomic Chair,furniture,2,612.75,1225.50,pending,2026-07-15T00:11:33+00:00
ORD-029188,4,9,USB-C Hub 8-in-1,accessories,1,39.99,39.99,refunded,2026-07-15T17:20:32+00:00
ORD-029189,3,3,27in 1440p Monitor,displays,1,319.99,319.99,cancelled,2026-07-15T11:24:56+00:00
ORD-029190,6,8,Ergonomic Chair,furniture,2,612.75,1225.50,completed,2026-07-15T18:46:57+00:00
ORD-029191,5,3,27in 1440p Monitor,displays,5,319.99,1599.95,completed,2026-07-15T22:02:10+00:00
ORD-029192,7,2,Wireless Mouse,peripherals,1,49.50,49.50,refunded,2026-07-15T10:32:01+00:00
ORD-029193,4,2,Wireless Mouse,peripherals,3,49.50,148.50,cancelled,2026-07-15T11:02:06+00:00
ORD-029194,1,3,27in 1440p Monitor,displays,3,319.99,959.97,completed,2026-07-15T15:01:42+00:00
ORD-029195,7,6,Desk Speakers Pair,audio,2,89.00,178.00,refunded,2026-07-15T21:02:53+00:00
ORD-029196,4,9,USB-C Hub 8-in-1,accessories,1,39.99,39.99,pending,2026-07-15T20:32:13+00:00
ORD-029197,2,3,27in 1440p Monitor,displays,4,319.99,1279.96,completed,2026-07-15T08:48:37+00:00
ORD-029198,8,1,Mechanical Keyboard 75%,peripherals,1,129.00,129.00,cancelled,2026-07-15T18:19:44+00:00
ORD-029199,5,1,Mechanical Keyboard 75%,peripherals,1,129.00,129.00,refunded,2026-07-15T19:49:24+00:00
ORD-029200,6,9,USB-C Hub 8-in-1,accessories,5,39.99,199.95,pending,2026-07-15T07:55:20+00:00
ORD-029201,9,7,Standing Desk 120cm,furniture,3,449.00,1347.00,refunded,2026-07-15T18:44:14+00:00
ORD-029202,1,7,Standing Desk 120cm,furniture,2,449.00,898.00,cancelled,2026-07-15T05:41:46+00:00
ORD-029203,6,3,27in 1440p Monitor,displays,4,319.99,1279.96,pending,2026-07-15T18:24:04+00:00
ORD-029204,2,7,Standing Desk 120cm,furniture,4,449.00,1796.00,pending,2026-07-15T20:47:41+00:00
ORD-029205,6,1,Mechanical Keyboard 75%,peripherals,5,129.00,645.00,refunded,2026-07-15T22:16:06+00:00
ORD-029206,6,5,Over-ear Headphones,audio,5,199.95,999.75,refunded,2026-07-15T17:47:03+00:00
ORD-029207,8,8,Ergonomic Chair,furniture,1,612.75,612.75,cancelled,2026-07-15T04:21:42+00:00
ORD-029208,9,2,Wireless Mouse,peripherals,3,49.50,148.50,pending,2026-07-15T06:03:54+00:00
ORD-029209,2,3,27in 1440p Monitor,displays,1,319.99,319.99,cancelled,2026-07-15T11:02:44+00:00
ORD-029210,6,9,USB-C Hub 8-in-1,accessories,1,39.99,39.99,refunded,2026-07-15T16:46:55+00:00
ORD-029211,9,1,Mechanical Keyboard 75%,peripherals,5,129.00,645.00,cancelled,2026-07-15T03:28:58+00:00
ORD-029212,4,8,Ergonomic Chair,furniture,4,612.75,2451.00,completed,2026-07-15T15:52:58+00:00
ORD-029213,1,3,27in 1440p Monitor,displays,5,319.99,1599.95,refunded,2026-07-15T13:27:15+00:00
ORD-029214,9,3,27in 1440p Monitor,displays,3,319.99,959.97,pending,2026-07-15T07:23:57+00:00
ORD-029215,9,3,27in 1440p Monitor,displays,5,319.99,1599.95,pending,2026-07-15T14:19:07+00:00
ORD-029216,7,6,Desk Speakers Pair,audio,2,89.00,178.00,refunded,2026-07-15T06:15:03+00:00
ORD-029217,1,6,Desk Speakers Pair,audio,3,89.00,267.00,cancelled,2026-07-15T21:15:14+00:00
ORD-029218,5,9,USB-C Hub 8-in-1,accessories,3,39.99,119.97,pending,2026-07-15T09:13:33+00:00
ORD-029219,6,6,Desk Speakers Pair,audio,2,89.00,178.00,cancelled,2026-07-15T11:01:40+00:00
ORD-029220,4,1,Mechanical Keyboard 75%,peripherals,4,129.00,516.00,pending,2026-07-15T03:44:54+00:00
ORD-029221,2,1,Mechanical Keyboard 75%,peripherals,5,129.00,645.00,completed,2026-07-15T09:42:58+00:00
ORD-029222,4,8,Ergonomic Chair,furniture,4,612.75,2451.00,pending,2026-07-15T06:10:56+00:00
ORD-029223,9,1,Mechanical Keyboard 75%,peripherals,5,129.00,645.00,refunded,2026-07-15T02:00:32+00:00
ORD-029224,6,9,USB-C Hub 8-in-1,accessories,1,39.99,39.99,completed,2026-07-15T18:00:04+00:00
ORD-029225,10,6,Desk Speakers Pair,audio,4,89.00,356.00,refunded,2026-07-15T23:54:23+00:00
ORD-029226,3,7,Standing Desk 120cm,furniture,1,449.00,449.00,completed,2026-07-15T12:12:06+00:00
ORD-029227,2,1,Mechanical Keyboard 75%,peripherals,3,129.00,387.00,refunded,2026-07-15T14:27:26+00:00
ORD-029228,9,8,Ergonomic Chair,furniture,4,612.75,2451.00,cancelled,2026-07-15T13:46:01+00:00
ORD-029229,6,9,USB-C Hub 8-in-1,accessories,3,39.99,119.97,cancelled,2026-07-15T06:08:45+00:00
ORD-029230,4,2,Wireless Mouse,peripherals,5,49.50,247.50,completed,2026-07-15T21:03:03+00:00
ORD-029231,5,4,34in Ultrawide Monitor,displays,1,579.00,579.00,completed,2026-07-15T18:22:46+00:00
ORD-029232,4,8,Ergonomic Chair,furniture,5,612.75,3063.75,refunded,2026-07-15T07:14:44+00:00
ORD-029233,2,1,Mechanical Keyboard 75%,peripherals,4,129.00,516.00,completed,2026-07-15T15:19:10+00:00
ORD-029234,3,6,Desk Speakers Pair,audio,3,89.00,267.00,pending,2026-07-15T00:12:32+00:00
ORD-029235,9,2,Wireless Mouse,peripherals,5,49.50,247.50,completed,2026-07-15T07:49:53+00:00
ORD-029236,5,5,Over-ear Headphones,audio,5,199.95,999.75,refunded,2026-07-15T13:07:18+00:00
ORD-029237,3,1,Mechanical Keyboard 75%,peripherals,5,129.00,645.00,cancelled,2026-07-15T03:08:36+00:00
ORD-029238,8,9,USB-C Hub 8-in-1,accessories,4,39.99,159.96,refunded,2026-07-15T18:38:45+00:00
ORD-029239,3,6,Desk Speakers Pair,audio,5,89.00,445.00,completed,2026-07-15T03:13:06+00:00
ORD-029240,5,2,Wireless Mouse,peripherals,2,49.50,99.00,pending,2026-07-15T18:12:01+00:00
ORD-029241,6,8,Ergonomic Chair,furniture,4,612.75,2451.00,cancelled,2026-07-15T03:23:51+00:00
ORD-029242,1,2,Wireless Mouse,peripherals,1,49.50,49.50,cancelled,2026-07-15T23:39:40+00:00
ORD-029243,8,10,Laptop Stand Aluminium,accessories,2,27.50,55.00,refunded,2026-07-15T13:57:47+00:00
ORD-029244,3,3,27in 1440p Monitor,displays,5,319.99,1599.95,refunded,2026-07-15T02:50:41+00:00
ORD-029245,4,4,34in Ultrawide Monitor,displays,4,579.00,2316.00,cancelled,2026-07-15T06:19:46+00:00
ORD-029246,8,3,27in 1440p Monitor,displays,4,319.99,1279.96,cancelled,2026-07-15T15:00:45+00:00
ORD-029247,10,2,Wireless Mouse,peripherals,2,49.50,99.00,refunded,2026-07-15T07:44:53+00:00
ORD-029248,10,9,USB-C Hub 8-in-1,accessories,2,39.99,79.98,refunded,2026-07-15T05:54:19+00:00
ORD-029249,1,7,Standing Desk 120cm,furniture,1,449.00,449.00,pending,2026-07-15T23:35:03+00:00
ORD-029250,10,8,Ergonomic Chair,furniture,3,612.75,1838.25,cancelled,2026-07-15T13:03:58+00:00
ORD-029251,7,7,Standing Desk 120cm,furniture,4,449.00,1796.00,refunded,2026-07-15T06:39:06+00:00
ORD-029252,6,8,Ergonomic Chair,furniture,1,612.75,612.75,refunded,2026-07-15T20:27:32+00:00
ORD-029253,8,1,Mechanical Keyboard 75%,peripherals,4,129.00,516.00,completed,2026-07-15T09:16:10+00:00
ORD-029254,10,8,Ergonomic Chair,furniture,4,612.75,2451.00,cancelled,2026-07-15T05:48:12+00:00
ORD-029255,5,5,Over-ear Headphones,audio,3,199.95,599.85,completed,2026-07-15T06:33:44+00:00
ORD-029256,7,9,USB-C Hub 8-in-1,accessories,5,39.99,199.95,cancelled,2026-07-15T00:36:56+00:00
ORD-029257,9,9,USB-C Hub 8-in-1,accessories,3,39.99,119.97,completed,2026-07-15T03:33:15+00:00
ORD-029258,5,8,Ergonomic Chair,furniture,3,612.75,1838.25,pending,2026-07-15T07:48:22+00:00
ORD-029259,5,4,34in Ultrawide Monitor,displays,5,579.00,2895.00,cancelled,2026-07-15T11:11:36+00:00
ORD-029260,3,4,34in Ultrawide Monitor,displays,2,579.00,1158.00,refunded,2026-07-15T09:29:46+00:00
ORD-029261,1,2,Wireless Mouse,peripherals,5,49.50,247.50,cancelled,2026-07-15T13:52:57+00:00
ORD-029262,3,3,27in 1440p Monitor,displays,5,319.99,1599.95,cancelled,2026-07-15T19:03:52+00:00
ORD-029263,2,2,Wireless Mouse,peripherals,5,49.50,247.50,completed,2026-07-15T04:22:30+00:00
ORD-029264,8,7,Standing Desk 120cm,furniture,1,449.00,449.00,completed,2026-07-15T23:35:33+00:00
ORD-029265,4,4,34in Ultrawide Monitor,displays,4,579.00,2316.00,cancelled,2026-07-15T12:37:15+00:00
ORD-029266,5,1,Mechanical Keyboard 75%,peripherals,2,129.00,258.00,pending,2026-07-15T16:30:47+00:00
ORD-029267,6,2,Wireless Mouse,peripherals,4,49.50,198.00,cancelled,2026-07-15T22:10:29+00:00
ORD-029268,3,3,27in 1440p Monitor,displays,3,319.99,959.97,completed,2026-07-15T06:41:49+00:00
ORD-029269,3,9,USB-C Hub 8-in-1,accessories,2,39.99,79.98,completed,2026-07-15T18:36:48+00:00
ORD-029270,9,1,Mechanical Keyboard 75%,peripherals,2,129.00,258.00,pending,2026-07-15T13:56:12+00:00
ORD-029271,10,9,USB-C Hub 8-in-1,accessories,5,39.99,199.95,cancelled,2026-07-15T17:52:29+00:00
ORD-029272,5,2,Wireless Mouse,peripherals,2,49.50,99.00,pending,2026-07-15T23:29:17+00:00
ORD-029273,4,7,Standing Desk 120cm,furniture,3,449.00,1347.00,refunded,2026-07-15T02:10:44+00:00
ORD-029274,8,7,Standing Desk 120cm,furniture,5,449.00,2245.00,refunded,2026-07-15T03:40:48+00:00
ORD-029275,4,9,USB-C Hub 8-in-1,accessories,4,39.99,159.96,cancelled,2026-07-15T06:23:09+00:00
ORD-029276,3,7,Standing Desk 120cm,furniture,1,449.00,449.00,cancelled,2026-07-15T08:51:05+00:00
ORD-029277,2,1,Mechanical Keyboard 75%,peripherals,1,129.00,129.00,completed,2026-07-15T10:11:46+00:00
ORD-029278,2,9,USB-C Hub 8-in-1,accessories,5,39.99,199.95,refunded,2026-07-15T19:13:49+00:00
ORD-029279,8,3,27in 1440p Monitor,displays,1,319.99,319.99,completed,2026-07-15T21:52:47+00:00
ORD-029280,9,9,USB-C Hub 8-in-1,accessories,5,39.99,199.95,pending,2026-07-15T09:03:47+00:00
ORD-029281,9,9,USB-C Hub 8-in-1,accessories,2,39.99,79.98,pending,2026-07-15T20:29:01+00:00
ORD-029282,4,8,Ergonomic Chair,furniture,3,612.75,1838.25,pending,2026-07-15T08:23:09+00:00
ORD-029283,1,4,34in Ultrawide Monitor,displays,1,579.00,579.00,completed,2026-07-15T16:57:21+00:00
ORD-029284,5,6,Desk Speakers Pair,audio,2,89.00,178.00,refunded,2026-07-15T01:35:55+00:00
ORD-029285,2,8,Ergonomic Chair,furniture,4,612.75,2451.00,refunded,2026-07-15T05:48:52+00:00
ORD-029286,1,10,Laptop Stand Aluminium,accessories,2,27.50,55.00,pending,2026-07-15T03:07:12+00:00
ORD-029287,4,9,USB-C Hub 8-in-1,accessories,3,39.99,119.97,refunded,2026-07-15T17:37:21+00:00
ORD-029288,5,5,Over-ear Headphones,audio,2,199.95,399.90,completed,2026-07-15T03:32:22+00:00
ORD-029289,4,9,USB-C Hub 8-in-1,accessories,2,39.99,79.98,completed,2026-07-15T15:14:44+00:00
ORD-029290,4,8,Ergonomic Chair,furniture,5,612.75,3063.75,completed,2026-07-15T05:27:56+00:00
ORD-029291,9,4,34in Ultrawide Monitor,displays,2,579.00,1158.00,refunded,2026-07-15T20:20:08+00:00
ORD-029292,8,4,34in Ultrawide Monitor,displays,5,579.00,2895.00,completed,2026-07-15T05:01:52+00:00
ORD-029293,7,6,Desk Speakers Pair,audio,2,89.00,178.00,refunded,2026-07-15T11:23:32+00:00
ORD-029294,8,10,Laptop Stand Aluminium,accessories,2,27.50,55.00,refunded,2026-07-15T13:12:10+00:00
ORD-029295,6,5,Over-ear Headphones,audio,5,199.95,999.75,pending,2026-07-15T02:44:48+00:00
ORD-029296,3,10,Laptop Stand Aluminium,accessories,1,27.50,27.50,completed,2026-07-15T13:32:11+00:00
ORD-029297,1,7,Standing Desk 120cm,furniture,1,449.00,449.00,refunded,2026-07-15T03:41:45+00:00
ORD-029298,6,5,Over-ear Headphones,audio,5,199.95,999.75,cancelled,2026-07-15T07:39:48+00:00
ORD-029299,4,7,Standing Desk 120cm,furniture,5,449.00,2245.00,refunded,2026-07-15T22:50:41+00:00
ORD-029300,2,4,34in Ultrawide Monitor,displays,4,579.00,2316.00,refunded,2026-07-15T23:38:29+00:00
ORD-029301,4,10,Laptop Stand Aluminium,accessories,1,27.50,27.50,refunded,2026-07-15T18:12:35+00:00
ORD-029302,1,4,34in Ultrawide Monitor,displays,1,579.00,579.00,cancelled,2026-07-15T15:13:49+00:00
ORD-029303,6,1,Mechanical Keyboard 75%,peripherals,2,129.00,258.00,refunded,2026-07-15T09:18:07+00:00
ORD-029304,5,6,Desk Speakers Pair,audio,4,89.00,356.00,cancelled,2026-07-15T10:01:25+00:00
ORD-029305,9,10,Laptop Stand Aluminium,accessories,5,27.50,137.50,pending,2026-07-15T12:24:45+00:00
ORD-029306,10,5,Over-ear Headphones,audio,1,199.95,199.95,refunded,2026-07-15T13:16:40+00:00
ORD-029307,3,8,Ergonomic Chair,furniture,5,612.75,3063.75,completed,2026-07-15T00:48:16+00:00
ORD-029308,4,10,Laptop Stand Aluminium,accessories,2,27.50,55.00,cancelled,2026-07-15T08:29:35+00:00
ORD-029309,3,7,Standing Desk 120cm,furniture,5,449.00,2245.00,refunded,2026-07-15T09:52:29+00:00
ORD-029310,10,3,27in 1440p Monitor,displays,1,319.99,319.99,cancelled,2026-07-15T14:16:21+00:00
ORD-029311,2,8,Ergonomic Chair,furniture,1,612.75,612.75,completed,2026-07-15T03:42:47+00:00
ORD-029312,5,2,Wireless Mouse,peripherals,4,49.50,198.00,completed,2026-07-15T11:40:46+00:00
ORD-029313,7,8,Ergonomic Chair,furniture,3,612.75,1838.25,pending,2026-07-15T12:43:57+00:00
ORD-029314,4,9,USB-C Hub 8-in-1,accessories,1,39.99,39.99,refunded,2026-07-15T15:44:08+00:00
ORD-029315,6,7,Standing Desk 120cm,furniture,2,449.00,898.00,refunded,2026-07-15T05:47:56+00:00
ORD-029316,9,7,Standing Desk 120cm,furniture,1,449.00,449.00,cancelled,2026-07-15T21:34:14+00:00
ORD-029317,2,8,Ergonomic Chair,furniture,5,612.75,3063.75,pending,2026-07-15T19:41:48+00:00
ORD-029318,7,1,Mechanical Keyboard 75%,peripherals,4,129.00,516.00,cancelled,2026-07-15T15:51:55+00:00
ORD-029319,6,9,USB-C Hub 8-in-1,accessories,5,39.99,199.95,refunded,2026-07-15T11:09:37+00:00
ORD-029320,5,3,27in 1440p Monitor,displays,1,319.99,319.99,completed,2026-07-15T16:00:11+00:00
ORD-029321,3,10,Laptop Stand Aluminium,accessories,4,27.50,110.00,refunded,2026-07-15T21:57:26+00:00
ORD-029322,7,1,Mechanical Keyboard 75%,peripherals,3,129.00,387.00,refunded,2026-07-15T23:13:21+00:00
ORD-029323,2,7,Standing Desk 120cm,furniture,5,449.00,2245.00,pending,2026-07-15T17:51:59+00:00
ORD-029324,7,8,Ergonomic Chair,furniture,4,612.75,2451.00,cancelled,2026-07-15T09:33:37+00:00
ORD-029325,8,2,Wireless Mouse,peripherals,5,49.50,247.50,refunded,2026-07-15T04:07:55+00:00
ORD-029326,7,8,Ergonomic Chair,furniture,4,612.75,2451.00,completed,2026-07-15T22:42:45+00:00
ORD-029327,5,8,Ergonomic Chair,furniture,5,612.75,3063.75,completed,2026-07-15T03:04:22+00:00
ORD-029328,3,4,34in Ultrawide Monitor,displays,3,579.00,1737.00,pending,2026-07-15T17:40:42+00:00
ORD-029329,6,10,Laptop Stand Aluminium,accessories,4,27.50,110.00,refunded,2026-07-15T05:29:55+00:00
ORD-029330,8,10,Laptop Stand Aluminium,accessories,4,27.50,110.00,pending,2026-07-15T02:01:52+00:00
ORD-029331,9,5,Over-ear Headphones,audio,4,199.95,799.80,refunded,2026-07-15T15:03:01+00:00
ORD-029332,4,10,Laptop Stand Aluminium,accessories,2,27.50,55.00,completed,2026-07-15T18:49:11+00:00
ORD-029333,4,1,Mechanical Keyboard 75%,peripherals,4,129.00,516.00,completed,2026-07-15T16:11:19+00:00
ORD-029334,7,2,Wireless Mouse,peripherals,3,49.50,148.50,completed,2026-07-15T20:49:25+00:00
ORD-029335,1,7,Standing Desk 120cm,furniture,4,449.00,1796.00,pending,2026-07-15T23:36:23+00:00
ORD-029336,1,5,Over-ear Headphones,audio,5,199.95,999.75,completed,2026-07-15T09:20:16+00:00
ORD-029337,10,2,Wireless Mouse,peripherals,3,49.50,148.50,pending,2026-07-15T16:13:12+00:00
ORD-029338,6,8,Ergonomic Chair,furniture,2,612.75,1225.50,refunded,2026-07-15T07:53:28+00:00
ORD-029339,4,8,Ergonomic Chair,furniture,4,612.75,2451.00,pending,2026-07-15T08:07:54+00:00
ORD-029340,5,2,Wireless Mouse,peripherals,4,49.50,198.00,completed,2026-07-15T02:19:07+00:00
ORD-029341,7,10,Laptop Stand Aluminium,accessories,1,27.50,27.50,refunded,2026-07-15T08:58:51+00:00
ORD-029342,3,2,Wireless Mouse,peripherals,4,49.50,198.00,pending,2026-07-15T01:39:49+00:00
ORD-029343,4,10,Laptop Stand Aluminium,accessories,3,27.50,82.50,pending,2026-07-15T12:34:55+00:00
ORD-029344,8,3,27in 1440p Monitor,displays,3,319.99,959.97,pending,2026-07-15T04:29:22+00:00
ORD-029345,6,2,Wireless Mouse,peripherals,2,49.50,99.00,completed,2026-07-15T15:17:39+00:00
ORD-029346,10,5,Over-ear Headphones,audio,3,199.95,599.85,completed,2026-07-15T01:50:13+00:00
ORD-029347,9,6,Desk Speakers Pair,audio,1,89.00,89.00,pending,2026-07-15T15:41:54+00:00
ORD-029348,7,10,Laptop Stand Aluminium,accessories,4,27.50,110.00,completed,2026-07-15T10:15:10+00:00
ORD-029349,2,10,Laptop Stand Aluminium,accessories,1,27.50,27.50,pending,2026-07-15T11:59:31+00:00
ORD-029350,1,2,Wireless Mouse,peripherals,1,49.50,49.50,refunded,2026-07-15T00:22:55+00:00
ORD-029351,3,3,27in 1440p Monitor,displays,1,319.99,319.99,refunded,2026-07-15T02:09:19+00:00
ORD-029352,7,4,34in Ultrawide Monitor,displays,2,579.00,1158.00,refunded,2026-07-15T04:22:14+00:00
ORD-029353,5,10,Laptop Stand Aluminium,accessories,5,27.50,137.50,refunded,2026-07-15T20:28:16+00:00
ORD-029354,2,1,Mechanical Keyboard 75%,peripherals,3,129.00,387.00,cancelled,not-a-valid-date
ORD-029355,5,6,Desk Speakers Pair,audio,5,89.00,445.00,pending,2026-07-15T22:00:28+00:00
ORD-029356,10,6,Desk Speakers Pair,audio,2,89.00,178.00,completed,2026-07-15T15:36:33+00:00
ORD-029357,6,3,27in 1440p Monitor,displays,2,319.99,639.98,cancelled,2026-07-15T12:22:21+00:00
ORD-029358,3,5,Over-ear Headphones,audio,3,199.95,599.85,refunded,2026-07-15T03:30:01+00:00
ORD-029359,8,1,Mechanical Keyboard 75%,peripherals,2,129.00,258.00,completed,2026-07-15T01:42:46+00:00
ORD-029360,10,7,Standing Desk 120cm,furniture,3,449.00,1347.00,pending,2026-07-15T23:58:32+00:00
ORD-029361,9,1,Mechanical Keyboard 75%,peripherals,5,129.00,645.00,cancelled,2026-07-15T02:53:19+00:00
ORD-029362,3,4,34in Ultrawide Monitor,displays,3,579.00,1737.00,cancelled,2026-07-15T09:33:11+00:00
ORD-029363,4,3,27in 1440p Monitor,displays,1,319.99,319.99,pending,2026-07-15T13:36:22+00:00
ORD-029364,4,4,34in Ultrawide Monitor,displays,5,579.00,2895.00,pending,2026-07-15T11:34:38+00:00
ORD-029365,7,8,Ergonomic Chair,furniture,3,612.75,1838.25,cancelled,2026-07-15T19:14:03+00:00
ORD-029366,9,6,Desk Speakers Pair,audio,5,89.00,445.00,cancelled,2026-07-15T02:48:20+00:00
ORD-029367,5,9,USB-C Hub 8-in-1,accessories,4,39.99,159.96,pending,2026-07-15T16:05:30+00:00
ORD-029368,2,7,Standing Desk 120cm,furniture,1,449.00,449.00,completed,2026-07-15T02:08:50+00:00
ORD-029369,6,4,34in Ultrawide Monitor,displays,5,579.00,2895.00,cancelled,2026-07-15T21:38:29+00:00
ORD-029370,4,8,Ergonomic Chair,furniture,5,612.75,3063.75,refunded,2026-07-15T19:46:14+00:00
ORD-029371,7,6,Desk Speakers Pair,audio,3,89.00,267.00,cancelled,2026-07-15T12:27:34+00:00
ORD-029372,8,10,Laptop Stand Aluminium,accessories,4,27.50,110.00,refunded,2026-07-15T12:05:18+00:00
ORD-029373,3,7,Standing Desk 120cm,furniture,3,449.00,1347.00,cancelled,2026-07-15T16:13:15+00:00
ORD-029374,6,10,Laptop Stand Aluminium,accessories,2,27.50,55.00,refunded,2026-07-15T22:38:03+00:00
ORD-029375,8,8,Ergonomic Chair,furniture,5,612.75,3063.75,completed,2026-07-15T20:49:39+00:00
ORD-029376,4,5,Over-ear Headphones,audio,1,199.95,199.95,refunded,2026-07-15T01:11:03+00:00
ORD-029377,6,8,Ergonomic Chair,furniture,1,612.75,612.75,refunded,2026-07-15T06:19:17+00:00
ORD-029378,9,3,27in 1440p Monitor,displays,2,319.99,639.98,refunded,2026-07-15T10:39:02+00:00
ORD-029379,5,7,Standing Desk 120cm,furniture,1,449.00,449.00,refunded,2026-07-15T11:08:12+00:00
ORD-029380,5,4,34in Ultrawide Monitor,displays,5,579.00,2895.00,refunded,2026-07-15T02:27:32+00:00
ORD-029381,6,2,Wireless Mouse,peripherals,4,49.50,198.00,cancelled,2026-07-15T06:03:32+00:00
ORD-029382,3,10,Laptop Stand Aluminium,accessories,3,27.50,82.50,pending,2026-07-15T08:56:16+00:00
ORD-029383,1,10,Laptop Stand Aluminium,accessories,5,27.50,137.50,cancelled,2026-07-15T20:37:37+00:00
ORD-029384,8,8,Ergonomic Chair,furniture,2,612.75,1225.50,cancelled,2026-07-15T11:57:30+00:00
ORD-029385,9,9,USB-C Hub 8-in-1,accessories,2,39.99,79.98,pending,2026-07-15T05:10:59+00:00
ORD-029386,7,2,Wireless Mouse,peripherals,5,49.50,247.50,pending,2026-07-15T23:28:14+00:00
ORD-029387,2,3,27in 1440p Monitor,displays,5,319.99,1599.95,pending,2026-07-15T07:55:56+00:00
ORD-029388,1,5,Over-ear Headphones,audio,2,199.95,399.90,completed,2026-07-15T21:51:45+00:00
ORD-029389,9,6,Desk Speakers Pair,audio,5,89.00,445.00,completed,2026-07-15T06:53:44+00:00
ORD-029390,4,6,Desk Speakers Pair,audio,2,89.00,178.00,cancelled,2026-07-15T21:14:06+00:00
ORD-029391,9,7,Standing Desk 120cm,furniture,4,449.00,1796.00,pending,2026-07-15T02:29:32+00:00
ORD-029392,8,2,Wireless Mouse,peripherals,5,49.50,247.50,cancelled,2026-07-15T10:01:43+00:00
ORD-029393,6,8,Ergonomic Chair,furniture,4,612.75,2451.00,completed,2026-07-15T18:28:03+00:00
ORD-029394,4,4,34in Ultrawide Monitor,displays,1,579.00,579.00,cancelled,2026-07-15T02:29:11+00:00
ORD-029395,2,1,Mechanical Keyboard 75%,peripherals,3,129.00,387.00,refunded,2026-07-15T04:22:00+00:00
ORD-029396,9,8,Ergonomic Chair,furniture,1,612.75,612.75,completed,2026-07-15T13:54:51+00:00
ORD-029397,3,1,Mechanical Keyboard 75%,peripherals,4,129.00,516.00,completed,2026-07-15T11:22:09+00:00
ORD-029398,3,3,27in 1440p Monitor,displays,1,319.99,319.99,cancelled,2026-07-15T02:52:35+00:00
ORD-029399,1,1,Mechanical Keyboard 75%,peripherals,3,129.00,387.00,refunded,2026-07-15T12:43:11+00:00
ORD-029400,7,1,Mechanical Keyboard 75%,peripherals,1,129.00,129.00,cancelled,2026-07-15T23:23:55+00:00
ORD-029401,8,7,Standing Desk 120cm,furniture,1,449.00,449.00,completed,2026-07-15T06:05:42+00:00
ORD-029402,2,6,Desk Speakers Pair,audio,5,89.00,445.00,cancelled,2026-07-15T10:25:43+00:00
ORD-029403,9,6,Desk Speakers Pair,audio,3,89.00,267.00,pending,2026-07-15T23:06:19+00:00
ORD-029404,3,10,Laptop Stand Aluminium,accessories,5,27.50,137.50,cancelled,2026-07-15T07:08:14+00:00
ORD-029405,9,6,Desk Speakers Pair,audio,4,89.00,356.00,cancelled,2026-07-15T21:28:52+00:00
ORD-029406,5,1,Mechanical Keyboard 75%,peripherals,3,129.00,387.00,refunded,2026-07-15T00:59:14+00:00
ORD-029407,4,10,Laptop Stand Aluminium,accessories,3,27.50,82.50,cancelled,2026-07-15T11:00:26+00:00
ORD-029408,6,8,Ergonomic Chair,furniture,2,612.75,1225.50,refunded,2026-07-15T22:51:56+00:00
ORD-029409,9,7,Standing Desk 120cm,furniture,1,449.00,449.00,cancelled,2026-07-15T14:03:46+00:00
ORD-029410,1,7,Standing Desk 120cm,furniture,4,449.00,1796.00,pending,2026-07-15T17:43:17+00:00
ORD-029411,4,9,USB-C Hub 8-in-1,accessories,5,39.99,199.95,completed,2026-07-15T05:04:34+00:00
ORD-029412,7,6,Desk Speakers Pair,audio,1,89.00,89.00,pending,2026-07-15T10:52:06+00:00
ORD-029413,9,7,Standing Desk 120cm,furniture,1,449.00,449.00,refunded,2026-07-15T12:53:42+00:00
ORD-029414,8,6,Desk Speakers Pair,audio,4,89.00,356.00,refunded,2026-07-15T05:14:29+00:00
ORD-029415,2,8,Ergonomic Chair,furniture,1,612.75,612.75,cancelled,2026-07-15T18:21:44+00:00
ORD-029416,6,3,27in 1440p Monitor,displays,1,319.99,319.99,completed,2026-07-15T02:29:30+00:00
ORD-029417,5,8,Ergonomic Chair,furniture,2,612.75,1225.50,refunded,2026-07-15T04:37:28+00:00
ORD-029418,5,5,Over-ear Headphones,audio,3,199.95,599.85,cancelled,2026-07-15T01:59:08+00:00
ORD-029419,9,3,27in 1440p Monitor,displays,4,319.99,1279.96,completed,2026-07-15T11:39:51+00:00
ORD-029420,4,3,27in 1440p Monitor,displays,5,319.99,1599.95,pending,2026-07-15T00:58:11+00:00
ORD-029421,6,3,27in 1440p Monitor,displays,4,319.99,1279.96,refunded,2026-07-15T19:24:42+00:00
ORD-029422,10,6,Desk Speakers Pair,audio,5,89.00,445.00,refunded,2026-07-15T09:55:50+00:00
ORD-029423,5,1,Mechanical Keyboard 75%,peripherals,3,129.00,387.00,completed,2026-07-15T11:15:52+00:00
ORD-029424,10,4,34in Ultrawide Monitor,displays,3,579.00,1737.00,cancelled,2026-07-15T06:39:44+00:00
ORD-029425,8,9,USB-C Hub 8-in-1,accessories,5,39.99,199.95,cancelled,2026-07-15T16:25:26+00:00
ORD-029426,9,6,Desk Speakers Pair,audio,4,89.00,356.00,cancelled,2026-07-15T00:53:48+00:00
ORD-029427,2,4,34in Ultrawide Monitor,displays,2,579.00,1158.00,pending,2026-07-15T01:22:23+00:00
ORD-029428,10,9,USB-C Hub 8-in-1,accessories,3,39.99,119.97,cancelled,2026-07-15T23:32:14+00:00
ORD-029429,10,9,USB-C Hub 8-in-1,accessories,4,39.99,159.96,cancelled,2026-07-15T18:14:24+00:00
ORD-029430,8,10,Laptop Stand Aluminium,accessories,5,27.50,137.50,pending,2026-07-15T09:11:49+00:00
ORD-029431,10,4,34in Ultrawide Monitor,displays,1,579.00,579.00,refunded,2026-07-15T00:10:46+00:00
ORD-029432,7,8,Ergonomic Chair,furniture,4,612.75,2451.00,completed,2026-07-15T18:38:47+00:00
ORD-029433,5,1,Mechanical Keyboard 75%,peripherals,2,129.00,258.00,cancelled,2026-07-15T17:20:47+00:00
ORD-029434,1,1,Mechanical Keyboard 75%,peripherals,4,129.00,516.00,pending,2026-07-15T13:01:25+00:00
ORD-029435,6,4,34in Ultrawide Monitor,displays,2,579.00,1158.00,completed,2026-07-15T17:39:23+00:00
ORD-029436,2,5,Over-ear Headphones,audio,3,199.95,599.85,pending,2026-07-15T07:15:52+00:00
ORD-029437,5,8,Ergonomic Chair,furniture,1,612.75,612.75,pending,2026-07-15T11:08:12+00:00
ORD-029438,1,7,Standing Desk 120cm,furniture,5,449.00,2245.00,pending,2026-07-15T09:10:57+00:00
ORD-029439,9,8,Ergonomic Chair,furniture,5,612.75,3063.75,completed,2026-07-15T14:52:25+00:00
ORD-029440,10,3,27in 1440p Monitor,displays,4,319.99,1279.96,completed,2026-07-15T09:18:25+00:00
ORD-029441,4,7,Standing Desk 120cm,furniture,4,449.00,1796.00,completed,2026-07-15T00:37:10+00:00
ORD-029442,4,8,Ergonomic Chair,furniture,3,612.75,1838.25,cancelled,2026-07-15T05:01:51+00:00
ORD-029443,8,3,27in 1440p Monitor,displays,4,319.99,1279.96,pending,2026-07-15T17:36:27+00:00
ORD-029444,3,4,34in Ultrawide Monitor,displays,4,579.00,2316.00,pending,2026-07-15T20:37:10+00:00
ORD-029445,2,4,34in Ultrawide Monitor,displays,2,579.00,1158.00,pending,2026-07-15T11:53:13+00:00
ORD-029446,6,9,USB-C Hub 8-in-1,accessories,3,39.99,119.97,cancelled,2026-07-15T09:16:18+00:00
ORD-029447,10,3,27in 1440p Monitor,displays,1,319.99,319.99,pending,2026-07-15T19:00:43+00:00
ORD-029448,1,8,Ergonomic Chair,furniture,2,612.75,1225.50,refunded,2026-07-15T03:27:23+00:00
ORD-029449,10,3,27in 1440p Monitor,displays,2,319.99,639.98,cancelled,2026-07-15T03:26:33+00:00
ORD-029450,7,10,Laptop Stand Aluminium,accessories,3,27.50,82.50,completed,2026-07-15T21:19:49+00:00
ORD-029451,1,10,Laptop Stand Aluminium,accessories,2,27.50,55.00,pending,2026-07-15T02:04:10+00:00
ORD-029452,10,3,27in 1440p Monitor,displays,5,319.99,1599.95,refunded,2026-07-15T01:42:52+00:00
ORD-029453,10,10,Laptop Stand Aluminium,accessories,3,27.50,82.50,completed,2026-07-15T20:59:07+00:00
ORD-029454,5,1,Mechanical Keyboard 75%,peripherals,1,129.00,129.00,pending,2026-07-15T17:59:31+00:00
ORD-029455,5,1,Mechanical Keyboard 75%,peripherals,5,129.00,645.00,cancelled,2026-07-15T08:40:09+00:00
ORD-029456,4,4,34in Ultrawide Monitor,displays,2,579.00,1158.00,pending,2026-07-15T15:49:17+00:00
ORD-029457,9,4,34in Ultrawide Monitor,displays,3,579.00,1737.00,completed,2026-07-15T11:53:42+00:00
ORD-029458,9,2,Wireless Mouse,peripherals,4,49.50,198.00,completed,2026-07-15T01:09:38+00:00
ORD-029459,2,4,34in Ultrawide Monitor,displays,2,579.00,1158.00,cancelled,2026-07-15T18:50:38+00:00
ORD-029460,7,8,Ergonomic Chair,furniture,1,612.75,612.75,completed,2026-07-15T19:41:00+00:00
ORD-029461,4,1,Mechanical Keyboard 75%,peripherals,5,129.00,645.00,cancelled,2026-07-15T14:42:15+00:00
ORD-029462,2,3,27in 1440p Monitor,displays,5,319.99,1599.95,refunded,2026-07-15T13:20:49+00:00
ORD-029463,10,2,Wireless Mouse,peripherals,2,49.50,99.00,refunded,2026-07-15T14:04:33+00:00
ORD-029464,8,4,34in Ultrawide Monitor,displays,2,579.00,1158.00,refunded,2026-07-15T17:01:44+00:00
ORD-029465,4,10,Laptop Stand Aluminium,accessories,4,27.50,110.00,refunded,2026-07-15T07:59:22+00:00
ORD-029466,5,10,Laptop Stand Aluminium,accessories,3,27.50,82.50,completed,2026-07-15T07:00:59+00:00
ORD-029467,2,7,Standing Desk 120cm,furniture,4,449.00,1796.00,refunded,2026-07-15T20:03:07+00:00
ORD-029468,9,5,Over-ear Headphones,audio,5,199.95,999.75,completed,2026-07-15T10:17:04+00:00
ORD-029469,6,8,Ergonomic Chair,furniture,2,612.75,1225.50,cancelled,2026-07-15T02:20:12+00:00
ORD-029470,1,3,27in 1440p Monitor,displays,3,319.99,959.97,refunded,2026-07-15T05:58:32+00:00
ORD-029471,10,6,Desk Speakers Pair,audio,5,89.00,445.00,completed,2026-07-15T06:53:22+00:00
ORD-029472,10,1,Mechanical Keyboard 75%,peripherals,2,129.00,258.00,completed,2026-07-15T22:55:25+00:00
ORD-029473,8,3,27in 1440p Monitor,displays,1,319.99,319.99,cancelled,2026-07-15T07:02:34+00:00
ORD-029474,8,1,Mechanical Keyboard 75%,peripherals,3,129.00,387.00,pending,2026-07-15T18:10:55+00:00
ORD-029475,10,10,Laptop Stand Aluminium,accessories,1,27.50,27.50,cancelled,2026-07-15T00:37:15+00:00
ORD-029476,7,10,Laptop Stand Aluminium,accessories,4,27.50,110.00,refunded,2026-07-15T12:58:07+00:00
ORD-029477,10,1,Mechanical Keyboard 75%,peripherals,2,129.00,258.00,cancelled,2026-07-15T07:19:33+00:00
ORD-029478,7,8,Ergonomic Chair,furniture,3,612.75,1838.25,pending,2026-07-15T11:08:31+00:00
ORD-029479,5,2,Wireless Mouse,peripherals,4,49.50,198.00,cancelled,2026-07-15T06:38:56+00:00
ORD-029480,10,9,USB-C Hub 8-in-1,accessories,2,39.99,79.98,completed,2026-07-15T11:51:24+00:00
ORD-029481,5,5,Over-ear Headphones,audio,1,199.95,199.95,cancelled,2026-07-15T10:02:40+00:00
ORD-029482,4,9,USB-C Hub 8-in-1,accessories,1,39.99,39.99,pending,2026-07-15T05:10:24+00:00
ORD-029483,5,10,Laptop Stand Aluminium,accessories,4,27.50,110.00,completed,2026-07-15T21:55:01+00:00
ORD-029484,6,4,34in Ultrawide Monitor,displays,1,579.00,579.00,refunded,2026-07-15T00:17:17+00:00
ORD-029485,8,9,USB-C Hub 8-in-1,accessories,4,39.99,159.96,refunded,2026-07-15T17:04:14+00:00
ORD-029486,10,2,Wireless Mouse,peripherals,3,49.50,148.50,refunded,2026-07-15T21:17:38+00:00
ORD-029487,2,2,Wireless Mouse,peripherals,4,49.50,198.00,refunded,2026-07-15T11:37:53+00:00
ORD-029488,6,4,34in Ultrawide Monitor,displays,1,579.00,579.00,cancelled,2026-07-15T02:33:51+00:00
ORD-029489,10,6,Desk Speakers Pair,audio,2,89.00,178.00,cancelled,2026-07-15T01:52:19+00:00
ORD-029490,1,7,Standing Desk 120cm,furniture,5,449.00,2245.00,cancelled,2026-07-15T02:15:25+00:00
ORD-029491,3,1,Mechanical Keyboard 75%,peripherals,1,129.00,129.00,cancelled,2026-07-15T09:44:51+00:00
ORD-029492,3,9,USB-C Hub 8-in-1,accessories,1,39.99,39.99,completed,2026-07-15T23:56:05+00:00
ORD-029493,9,1,Mechanical Keyboard 75%,peripherals,4,129.00,516.00,refunded,2026-07-15T23:01:53+00:00
ORD-029494,4,6,Desk Speakers Pair,audio,3,89.00,267.00,cancelled,2026-07-15T01:16:35+00:00
ORD-029495,7,5,Over-ear Headphones,audio,3,199.95,599.85,cancelled,2026-07-15T07:07:26+00:00
ORD-029496,7,6,Desk Speakers Pair,audio,1,89.00,89.00,cancelled,2026-07-15T15:01:17+00:00
ORD-029497,6,6,Desk Speakers Pair,audio,4,89.00,356.00,completed,2026-07-15T05:20:08+00:00
ORD-029498,8,6,Desk Speakers Pair,audio,3,89.00,267.00,refunded,2026-07-15T16:12:54+00:00
ORD-029499,9,7,Standing Desk 120cm,furniture,2,449.00,898.00,cancelled,2026-07-15T14:20:22+00:00
ORD-029500,9,5,Over-ear Headphones,audio,1,199.95,199.95,cancelled,2026-07-15T12:07:08+00:00
ORD-029501,2,9,USB-C Hub 8-in-1,accessories,5,39.99,199.95,cancelled,2026-07-15T20:20:15+00:00
ORD-029502,7,3,27in 1440p Monitor,displays,1,319.99,319.99,cancelled,2026-07-15T10:43:10+00:00
ORD-029503,1,2,Wireless Mouse,peripherals,1,49.50,49.50,refunded,2026-07-15T20:13:44+00:00
ORD-029504,1,8,Ergonomic Chair,furniture,2,612.75,1225.50,cancelled,2026-07-15T12:40:07+00:00
ORD-029505,8,6,Desk Speakers Pair,audio,5,89.00,445.00,pending,2026-07-15T19:44:44+00:00
ORD-029506,2,6,Desk Speakers Pair,audio,5,89.00,445.00,cancelled,2026-07-15T02:27:58+00:00
ORD-029507,1,7,Standing Desk 120cm,furniture,1,449.00,449.00,pending,2026-07-15T00:35:40+00:00
ORD-029508,2,7,Standing Desk 120cm,furniture,2,449.00,898.00,pending,2026-07-15T17:59:53+00:00
ORD-029509,8,1,Mechanical Keyboard 75%,peripherals,5,129.00,645.00,cancelled,2026-07-15T08:03:04+00:00
ORD-029510,7,2,Wireless Mouse,peripherals,3,49.50,148.50,pending,2026-07-15T02:07:27+00:00
ORD-029511,7,2,Wireless Mouse,peripherals,1,49.50,49.50,cancelled,2026-07-15T06:09:25+00:00
ORD-029512,6,1,Mechanical Keyboard 75%,peripherals,5,129.00,645.00,refunded,2026-07-15T00:49:45+00:00
ORD-029513,8,5,Over-ear Headphones,audio,4,199.95,799.80,completed,2026-07-15T00:24:28+00:00
ORD-029514,3,10,Laptop Stand Aluminium,accessories,1,27.50,27.50,refunded,2026-07-15T17:51:52+00:00
ORD-029515,3,8,Ergonomic Chair,furniture,1,612.75,612.75,cancelled,2026-07-15T18:10:30+00:00
ORD-029516,10,3,27in 1440p Monitor,displays,5,319.99,1599.95,pending,2026-07-15T03:04:27+00:00
ORD-029517,5,6,Desk Speakers Pair,audio,4,89.00,356.00,completed,2026-07-15T21:43:57+00:00
ORD-029518,10,7,Standing Desk 120cm,furniture,1,449.00,449.00,completed,2026-07-15T20:06:23+00:00
ORD-029519,4,4,34in Ultrawide Monitor,displays,1,579.00,579.00,refunded,2026-07-15T19:46:48+00:00
ORD-029520,4,4,34in Ultrawide Monitor,displays,3,579.00,1737.00,pending,2026-07-15T04:04:23+00:00
ORD-029521,3,8,Ergonomic Chair,furniture,5,612.75,3063.75,completed,2026-07-15T13:20:09+00:00
ORD-029522,10,8,Ergonomic Chair,furniture,1,612.75,612.75,refunded,2026-07-15T02:08:14+00:00
ORD-029523,5,4,34in Ultrawide Monitor,displays,5,579.00,2895.00,cancelled,2026-07-15T17:01:54+00:00
ORD-029524,8,8,Ergonomic Chair,furniture,1,612.75,612.75,cancelled,2026-07-15T01:58:02+00:00
ORD-029525,4,8,Ergonomic Chair,furniture,3,612.75,1838.25,refunded,2026-07-15T04:39:02+00:00
ORD-029526,8,8,Ergonomic Chair,furniture,5,612.75,3063.75,refunded,2026-07-15T14:45:02+00:00
ORD-029527,8,7,Standing Desk 120cm,furniture,4,449.00,1796.00,pending,2026-07-15T05:33:20+00:00
ORD-029528,4,3,27in 1440p Monitor,displays,4,319.99,1279.96,pending,2026-07-15T13:49:44+00:00
ORD-029529,8,1,Mechanical Keyboard 75%,peripherals,2,129.00,258.00,pending,2026-07-15T16:17:58+00:00
ORD-029530,9,5,Over-ear Headphones,audio,4,199.95,799.80,cancelled,2026-07-15T13:23:58+00:00
ORD-029531,3,2,Wireless Mouse,peripherals,2,49.50,99.00,pending,2026-07-15T15:19:13+00:00
ORD-029532,8,8,Ergonomic Chair,furniture,4,612.75,2451.00,completed,2026-07-15T03:14:23+00:00
ORD-029533,7,1,Mechanical Keyboard 75%,peripherals,4,129.00,516.00,refunded,2026-07-15T11:39:16+00:00
ORD-029534,5,5,Over-ear Headphones,audio,5,199.95,999.75,cancelled,2026-07-15T22:45:53+00:00
ORD-029535,2,1,Mechanical Keyboard 75%,peripherals,1,129.00,129.00,pending,2026-07-15T16:08:03+00:00
ORD-029536,9,6,Desk Speakers Pair,audio,4,89.00,356.00,completed,2026-07-15T15:23:35+00:00
ORD-029537,10,8,Ergonomic Chair,furniture,3,612.75,1838.25,completed,2026-07-15T19:05:48+00:00
ORD-029538,4,2,Wireless Mouse,peripherals,1,49.50,49.50,refunded,2026-07-15T05:00:23+00:00
ORD-029539,7,9,USB-C Hub 8-in-1,accessories,1,39.99,39.99,refunded,2026-07-15T19:47:59+00:00
ORD-029540,8,3,27in 1440p Monitor,displays,5,319.99,1599.95,refunded,2026-07-15T21:21:37+00:00
ORD-029541,5,2,Wireless Mouse,peripherals,3,49.50,148.50,pending,2026-07-15T16:03:56+00:00
ORD-029542,5,6,Desk Speakers Pair,audio,4,89.00,356.00,completed,2026-07-15T04:50:08+00:00
ORD-029543,6,10,Laptop Stand Aluminium,accessories,1,27.50,27.50,pending,2026-07-15T00:28:15+00:00
ORD-029544,5,2,Wireless Mouse,peripherals,1,49.50,49.50,cancelled,2026-07-15T23:56:18+00:00
ORD-029545,5,1,Mechanical Keyboard 75%,peripherals,4,129.00,516.00,cancelled,2026-07-15T17:22:18+00:00
ORD-029546,5,9,USB-C Hub 8-in-1,accessories,2,39.99,79.98,pending,2026-07-15T16:45:04+00:00
ORD-029547,8,10,Laptop Stand Aluminium,accessories,3,27.50,82.50,pending,2026-07-15T13:09:59+00:00
ORD-029548,6,10,Laptop Stand Aluminium,accessories,2,27.50,55.00,pending,2026-07-15T17:04:27+00:00
ORD-029549,2,1,Mechanical Keyboard 75%,peripherals,2,129.00,258.00,completed,2026-07-15T10:38:35+00:00
ORD-029550,6,1,Mechanical Keyboard 75%,peripherals,4,129.00,516.00,pending,2026-07-15T08:51:03+00:00
ORD-029551,3,5,Over-ear Headphones,audio,3,199.95,599.85,refunded,2026-07-15T18:34:37+00:00
ORD-029552,1,4,34in Ultrawide Monitor,displays,4,579.00,2316.00,cancelled,2026-07-15T04:29:05+00:00
ORD-029553,8,3,27in 1440p Monitor,displays,5,319.99,1599.95,cancelled,2026-07-15T08:55:34+00:00
ORD-029554,8,8,Ergonomic Chair,furniture,3,612.75,1838.25,refunded,2026-07-15T04:18:54+00:00
ORD-029555,8,10,Laptop Stand Aluminium,accessories,3,27.50,82.50,completed,2026-07-15T03:30:47+00:00
ORD-029556,7,3,27in 1440p Monitor,displays,1,319.99,319.99,cancelled,2026-07-15T23:41:00+00:00
ORD-029557,4,6,Desk Speakers Pair,audio,3,89.00,267.00,cancelled,2026-07-15T16:27:04+00:00
ORD-029558,9,6,Desk Speakers Pair,audio,3,89.00,267.00,cancelled,2026-07-15T05:59:01+00:00
ORD-029559,10,4,34in Ultrawide Monitor,displays,2,579.00,1158.00,pending,2026-07-15T14:21:21+00:00
ORD-029560,5,5,Over-ear Headphones,audio,1,199.95,199.95,refunded,2026-07-15T18:36:59+00:00
ORD-029561,4,1,Mechanical Keyboard 75%,peripherals,4,129.00,516.00,cancelled,2026-07-15T14:57:59+00:00
ORD-029562,9,10,Laptop Stand Aluminium,accessories,5,27.50,137.50,cancelled,2026-07-15T09:54:47+00:00
ORD-029563,9,2,Wireless Mouse,peripherals,4,49.50,198.00,completed,2026-07-15T07:43:51+00:00
ORD-029564,1,5,Over-ear Headphones,audio,1,199.95,199.95,refunded,2026-07-15T16:20:27+00:00
ORD-029565,10,10,Laptop Stand Aluminium,accessories,2,27.50,55.00,cancelled,2026-07-15T15:08:45+00:00
ORD-029566,5,3,27in 1440p Monitor,displays,3,319.99,959.97,completed,2026-07-15T05:15:24+00:00
ORD-029567,7,2,Wireless Mouse,peripherals,2,49.50,99.00,completed,2026-07-15T04:04:00+00:00
ORD-029568,10,6,Desk Speakers Pair,audio,2,89.00,178.00,pending,2026-07-15T21:52:00+00:00
ORD-029569,1,7,Standing Desk 120cm,furniture,2,449.00,898.00,refunded,2026-07-15T12:25:35+00:00
ORD-029570,6,8,Ergonomic Chair,furniture,4,612.75,2451.00,completed,2026-07-15T11:49:39+00:00
ORD-029571,7,4,34in Ultrawide Monitor,displays,2,579.00,1158.00,cancelled,2026-07-15T10:14:52+00:00
ORD-029572,4,9,USB-C Hub 8-in-1,accessories,1,39.99,39.99,cancelled,2026-07-15T20:13:05+00:00
ORD-029573,8,3,27in 1440p Monitor,displays,4,319.99,1279.96,completed,2026-07-15T23:18:42+00:00
ORD-029574,7,1,Mechanical Keyboard 75%,peripherals,2,129.00,258.00,completed,2026-07-15T00:47:07+00:00
ORD-029575,2,3,27in 1440p Monitor,displays,5,319.99,1599.95,cancelled,2026-07-15T00:37:06+00:00
ORD-029576,10,9,USB-C Hub 8-in-1,accessories,5,39.99,199.95,completed,2026-07-15T05:33:24+00:00
ORD-029577,10,4,34in Ultrawide Monitor,displays,4,579.00,2316.00,cancelled,2026-07-15T11:10:45+00:00
ORD-029578,3,1,Mechanical Keyboard 75%,peripherals,1,129.00,129.00,completed,2026-07-15T20:17:59+00:00
ORD-029579,8,6,Desk Speakers Pair,audio,1,89.00,89.00,pending,2026-07-15T06:09:34+00:00
ORD-029580,4,6,Desk Speakers Pair,audio,2,89.00,178.00,cancelled,2026-07-15T12:40:49+00:00
ORD-029581,4,7,Standing Desk 120cm,furniture,4,449.00,1796.00,cancelled,2026-07-15T07:32:04+00:00
ORD-029582,1,6,Desk Speakers Pair,audio,3,89.00,267.00,cancelled,2026-07-15T21:10:50+00:00
ORD-029583,3,9,USB-C Hub 8-in-1,accessories,2,39.99,79.98,cancelled,2026-07-15T20:56:39+00:00
ORD-029584,5,2,Wireless Mouse,peripherals,4,49.50,198.00,cancelled,2026-07-15T15:52:00+00:00
ORD-029585,6,3,27in 1440p Monitor,displays,3,319.99,959.97,cancelled,2026-07-15T09:12:35+00:00
ORD-029586,4,10,Laptop Stand Aluminium,accessories,1,27.50,27.50,cancelled,2026-07-15T00:29:35+00:00
ORD-029587,4,9,USB-C Hub 8-in-1,accessories,5,39.99,199.95,completed,2026-07-15T15:54:36+00:00
ORD-029588,3,6,Desk Speakers Pair,audio,1,89.00,89.00,refunded,2026-07-15T14:06:37+00:00
ORD-029589,4,7,Standing Desk 120cm,furniture,4,449.00,1796.00,pending,2026-07-15T23:01:06+00:00
ORD-029590,8,7,Standing Desk 120cm,furniture,1,449.00,449.00,pending,2026-07-15T04:08:48+00:00
ORD-029591,9,3,27in 1440p Monitor,displays,1,319.99,319.99,refunded,2026-07-15T18:02:52+00:00
ORD-029592,4,4,34in Ultrawide Monitor,displays,1,579.00,579.00,completed,2026-07-15T04:02:58+00:00
ORD-029593,7,2,Wireless Mouse,peripherals,1,49.50,49.50,completed,2026-07-15T04:59:59+00:00
ORD-029594,1,4,34in Ultrawide Monitor,displays,2,579.00,1158.00,refunded,2026-07-15T06:23:26+00:00
ORD-029595,4,4,34in Ultrawide Monitor,displays,5,579.00,2895.00,refunded,2026-07-15T16:37:09+00:00
ORD-029596,7,3,27in 1440p Monitor,displays,1,319.99,319.99,cancelled,2026-07-15T12:49:15+00:00
ORD-029597,3,8,Ergonomic Chair,furniture,3,612.75,1838.25,pending,2026-07-15T21:31:45+00:00
ORD-029598,2,2,Wireless Mouse,peripherals,5,49.50,247.50,completed,2026-07-15T15:27:09+00:00
ORD-029599,1,8,Ergonomic Chair,furniture,4,612.75,2451.00,completed,2026-07-15T20:00:36+00:00
ORD-029600,6,3,27in 1440p Monitor,displays,2,319.99,639.98,pending,2026-07-15T12:14:12+00:00
ORD-029601,2,7,Standing Desk 120cm,furniture,1,449.00,449.00,completed,2026-07-15T11:29:16+00:00
ORD-029602,2,4,34in Ultrawide Monitor,displays,4,579.00,2316.00,refunded,2026-07-15T08:28:41+00:00
ORD-029603,6,8,Ergonomic Chair,furniture,1,612.75,612.75,refunded,2026-07-15T02:27:24+00:00
ORD-029604,9,8,Ergonomic Chair,furniture,2,612.75,1225.50,pending,2026-07-15T23:14:25+00:00
ORD-029605,1,8,Ergonomic Chair,furniture,2,612.75,1225.50,cancelled,2026-07-15T03:36:11+00:00
ORD-029606,9,10,Laptop Stand Aluminium,accessories,2,27.50,55.00,refunded,2026-07-15T02:06:03+00:00
ORD-029607,6,2,Wireless Mouse,peripherals,3,49.50,148.50,completed,2026-07-15T22:06:36+00:00
ORD-029608,8,8,Ergonomic Chair,furniture,1,612.75,612.75,completed,2026-07-15T17:49:34+00:00
ORD-029609,7,9,USB-C Hub 8-in-1,accessories,1,39.99,39.99,cancelled,2026-07-15T22:48:19+00:00
ORD-029610,9,4,34in Ultrawide Monitor,displays,3,579.00,1737.00,completed,2026-07-15T20:23:56+00:00
ORD-029611,9,2,Wireless Mouse,peripherals,4,49.50,198.00,completed,2026-07-15T11:39:39+00:00
ORD-029612,5,3,27in 1440p Monitor,displays,4,319.99,1279.96,refunded,2026-07-15T11:13:39+00:00
ORD-029613,1,9,USB-C Hub 8-in-1,accessories,5,39.99,199.95,cancelled,2026-07-15T05:26:05+00:00
ORD-029614,9,10,Laptop Stand Aluminium,accessories,1,27.50,27.50,pending,2026-07-15T18:07:36+00:00
ORD-029615,10,3,27in 1440p Monitor,displays,5,319.99,-50.00,cancelled,2026-07-15T20:45:32+00:00
ORD-029616,6,5,Over-ear Headphones,audio,5,199.95,999.75,completed,2026-07-15T15:24:32+00:00
ORD-029617,4,6,Desk Speakers Pair,audio,5,89.00,445.00,refunded,2026-07-15T06:49:15+00:00
ORD-029618,4,3,27in 1440p Monitor,displays,4,319.99,1279.96,pending,2026-07-15T03:56:16+00:00
ORD-029619,8,8,Ergonomic Chair,furniture,1,612.75,612.75,refunded,2026-07-15T09:17:54+00:00
ORD-029620,2,9,USB-C Hub 8-in-1,accessories,4,39.99,159.96,completed,2026-07-15T17:07:03+00:00
ORD-029621,2,4,34in Ultrawide Monitor,displays,4,579.00,2316.00,refunded,2026-07-15T11:39:05+00:00
ORD-029622,2,10,Laptop Stand Aluminium,accessories,5,27.50,137.50,pending,2026-07-15T15:46:02+00:00
ORD-029623,9,9,USB-C Hub 8-in-1,accessories,1,39.99,39.99,pending,2026-07-15T16:30:11+00:00
ORD-029624,7,7,Standing Desk 120cm,furniture,3,449.00,1347.00,completed,2026-07-15T22:41:44+00:00
ORD-029625,8,3,27in 1440p Monitor,displays,5,319.99,1599.95,cancelled,2026-07-15T02:25:45+00:00
ORD-029626,5,10,Laptop Stand Aluminium,accessories,4,27.50,110.00,pending,2026-07-15T12:49:26+00:00
ORD-029627,10,5,Over-ear Headphones,audio,5,199.95,999.75,pending,2026-07-15T00:10:29+00:00
ORD-029628,7,10,Laptop Stand Aluminium,accessories,1,27.50,27.50,cancelled,2026-07-15T20:27:27+00:00
ORD-029629,5,6,Desk Speakers Pair,audio,4,89.00,356.00,pending,2026-07-15T13:02:06+00:00
ORD-029630,7,6,Desk Speakers Pair,audio,2,89.00,178.00,pending,2026-07-15T23:23:54+00:00
ORD-029631,9,1,Mechanical Keyboard 75%,peripherals,2,129.00,258.00,refunded,2026-07-15T03:28:12+00:00
ORD-029632,10,4,34in Ultrawide Monitor,displays,1,579.00,579.00,completed,2026-07-15T20:57:59+00:00
ORD-029633,7,7,Standing Desk 120cm,furniture,3,449.00,1347.00,pending,2026-07-15T17:28:45+00:00
ORD-029634,2,3,27in 1440p Monitor,displays,3,319.99,959.97,cancelled,2026-07-15T07:32:44+00:00
ORD-029635,8,8,Ergonomic Chair,furniture,4,612.75,2451.00,completed,2026-07-15T15:54:01+00:00
ORD-029636,10,10,Laptop Stand Aluminium,accessories,4,27.50,110.00,refunded,2026-07-15T12:19:05+00:00
ORD-029637,6,6,Desk Speakers Pair,audio,5,89.00,445.00,refunded,2026-07-15T08:37:44+00:00
ORD-029638,10,8,Ergonomic Chair,furniture,4,612.75,2451.00,refunded,2026-07-15T06:05:08+00:00
ORD-029639,7,4,34in Ultrawide Monitor,displays,1,579.00,579.00,cancelled,2026-07-15T21:27:20+00:00
ORD-029640,8,5,Over-ear Headphones,audio,5,199.95,999.75,completed,2026-07-15T03:58:12+00:00
ORD-029641,2,5,Over-ear Headphones,audio,5,199.95,999.75,cancelled,2026-07-15T14:02:00+00:00
ORD-029642,5,5,Over-ear Headphones,audio,1,199.95,199.95,refunded,2026-07-15T12:05:21+00:00
ORD-029643,9,10,Laptop Stand Aluminium,accessories,1,27.50,27.50,pending,2026-07-15T03:03:50+00:00
ORD-029644,6,3,27in 1440p Monitor,displays,2,319.99,639.98,cancelled,2026-07-15T16:51:17+00:00
ORD-029645,1,5,Over-ear Headphones,audio,5,199.95,999.75,cancelled,2026-07-15T10:14:20+00:00
ORD-029646,6,9,USB-C Hub 8-in-1,accessories,4,39.99,159.96,refunded,2026-07-15T11:41:24+00:00
ORD-029647,8,6,Desk Speakers Pair,audio,2,89.00,178.00,pending,2026-07-15T06:20:16+00:00
ORD-029648,10,6,Desk Speakers Pair,audio,5,89.00,445.00,cancelled,2026-07-15T17:55:47+00:00
ORD-029649,1,8,Ergonomic Chair,furniture,5,612.75,3063.75,cancelled,2026-07-15T05:32:50+00:00
ORD-029650,3,6,Desk Speakers Pair,audio,2,89.00,178.00,refunded,2026-07-15T05:14:15+00:00
ORD-029651,9,8,Ergonomic Chair,furniture,5,612.75,3063.75,refunded,2026-07-15T09:40:27+00:00
ORD-029652,10,6,Desk Speakers Pair,audio,5,89.00,445.00,cancelled,2026-07-15T18:13:33+00:00
ORD-029653,7,5,Over-ear Headphones,audio,2,199.95,399.90,cancelled,2026-07-15T15:12:29+00:00
ORD-029654,2,3,27in 1440p Monitor,displays,3,319.99,959.97,cancelled,2026-07-15T04:53:07+00:00
ORD-029655,4,6,Desk Speakers Pair,audio,3,89.00,267.00,cancelled,2026-07-15T02:21:03+00:00
ORD-029656,9,9,USB-C Hub 8-in-1,accessories,5,39.99,199.95,pending,2026-07-15T14:01:49+00:00
ORD-029657,7,10,Laptop Stand Aluminium,accessories,3,27.50,82.50,completed,2026-07-15T08:36:54+00:00
ORD-029658,8,1,Mechanical Keyboard 75%,peripherals,4,129.00,516.00,cancelled,2026-07-15T09:05:12+00:00
ORD-029659,9,9,USB-C Hub 8-in-1,accessories,4,39.99,159.96,refunded,2026-07-15T08:03:24+00:00
ORD-029660,6,4,34in Ultrawide Monitor,displays,5,579.00,2895.00,pending,2026-07-15T05:17:17+00:00
ORD-029661,7,7,Standing Desk 120cm,furniture,1,449.00,449.00,refunded,2026-07-15T22:18:07+00:00
ORD-029662,8,5,Over-ear Headphones,audio,5,199.95,999.75,cancelled,2026-07-15T21:06:57+00:00
ORD-029663,3,8,Ergonomic Chair,furniture,2,612.75,1225.50,pending,2026-07-15T04:03:39+00:00
ORD-029664,4,4,34in Ultrawide Monitor,displays,5,579.00,2895.00,refunded,2026-07-15T10:12:54+00:00
ORD-029665,5,8,Ergonomic Chair,furniture,3,612.75,1838.25,completed,2026-07-15T20:34:45+00:00
ORD-029666,10,7,Standing Desk 120cm,furniture,5,449.00,2245.00,pending,2026-07-15T11:10:55+00:00
ORD-029667,6,2,Wireless Mouse,peripherals,1,49.50,49.50,refunded,2026-07-15T03:05:13+00:00
ORD-029668,4,7,Standing Desk 120cm,furniture,2,449.00,898.00,pending,2026-07-15T22:41:19+00:00
ORD-029669,6,8,Ergonomic Chair,furniture,2,612.75,1225.50,pending,2026-07-15T19:33:17+00:00
ORD-029670,9,6,Desk Speakers Pair,audio,4,89.00,356.00,pending,2026-07-15T15:15:14+00:00
ORD-029671,8,6,Desk Speakers Pair,audio,3,89.00,267.00,completed,2026-07-15T20:15:26+00:00
ORD-029672,10,6,Desk Speakers Pair,audio,4,89.00,356.00,pending,2026-07-15T17:34:32+00:00
ORD-029673,1,1,Mechanical Keyboard 75%,peripherals,4,129.00,516.00,pending,2026-07-15T14:37:30+00:00
ORD-029674,3,10,Laptop Stand Aluminium,accessories,3,27.50,82.50,refunded,2026-07-15T22:27:25+00:00
ORD-029675,1,6,Desk Speakers Pair,audio,1,89.00,89.00,completed,2026-07-15T05:12:24+00:00
ORD-029676,7,7,Standing Desk 120cm,furniture,1,449.00,449.00,completed,2026-07-15T01:27:30+00:00
ORD-029677,10,8,Ergonomic Chair,furniture,1,612.75,612.75,cancelled,2026-07-15T12:06:31+00:00
ORD-029678,9,5,Over-ear Headphones,audio,1,199.95,199.95,cancelled,2026-07-15T05:55:46+00:00
ORD-029679,7,7,Standing Desk 120cm,furniture,4,449.00,1796.00,refunded,2026-07-15T16:20:41+00:00
ORD-029680,3,3,27in 1440p Monitor,displays,1,319.99,319.99,refunded,2026-07-15T06:04:10+00:00
ORD-029681,7,6,Desk Speakers Pair,audio,5,89.00,445.00,refunded,2026-07-15T21:56:46+00:00
ORD-029682,3,1,Mechanical Keyboard 75%,peripherals,1,129.00,129.00,cancelled,2026-07-15T13:57:53+00:00
ORD-029683,1,4,34in Ultrawide Monitor,displays,4,579.00,2316.00,cancelled,2026-07-15T14:50:40+00:00
ORD-029684,5,1,Mechanical Keyboard 75%,peripherals,2,129.00,258.00,refunded,2026-07-15T10:15:08+00:00
ORD-029685,7,10,Laptop Stand Aluminium,accessories,2,27.50,55.00,refunded,2026-07-15T08:33:20+00:00
ORD-029686,5,9,USB-C Hub 8-in-1,accessories,4,39.99,159.96,cancelled,2026-07-15T21:49:10+00:00
ORD-029687,4,8,Ergonomic Chair,furniture,3,612.75,1838.25,refunded,2026-07-15T11:15:21+00:00
ORD-029688,7,1,Mechanical Keyboard 75%,peripherals,3,129.00,387.00,pending,2026-07-15T01:47:40+00:00
ORD-029689,5,8,Ergonomic Chair,furniture,2,612.75,1225.50,completed,2026-07-15T12:30:10+00:00
ORD-029690,6,2,Wireless Mouse,peripherals,2,49.50,99.00,pending,2026-07-15T11:40:06+00:00
ORD-029691,4,7,Standing Desk 120cm,furniture,1,449.00,449.00,completed,2026-07-15T05:09:21+00:00
ORD-029692,4,9,USB-C Hub 8-in-1,accessories,2,39.99,79.98,refunded,2026-07-15T14:05:56+00:00
ORD-029693,6,7,Standing Desk 120cm,furniture,5,449.00,2245.00,pending,2026-07-15T07:06:37+00:00
ORD-029694,7,9,USB-C Hub 8-in-1,accessories,2,39.99,79.98,completed,2026-07-15T23:06:55+00:00
ORD-029695,4,8,Ergonomic Chair,furniture,5,612.75,3063.75,pending,2026-07-15T10:45:41+00:00
ORD-029696,9,5,Over-ear Headphones,audio,3,199.95,599.85,completed,2026-07-15T20:14:33+00:00
ORD-029697,8,6,Desk Speakers Pair,audio,4,89.00,356.00,completed,2026-07-15T19:42:29+00:00
ORD-029698,6,6,Desk Speakers Pair,audio,5,89.00,445.00,cancelled,2026-07-15T13:39:32+00:00
ORD-029699,8,8,Ergonomic Chair,furniture,1,612.75,612.75,refunded,2026-07-15T04:24:29+00:00
ORD-029700,8,10,Laptop Stand Aluminium,accessories,4,27.50,110.00,completed,2026-07-15T08:06:37+00:00
ORD-029701,10,4,34in Ultrawide Monitor,displays,1,579.00,579.00,cancelled,2026-07-15T10:44:53+00:00
ORD-029702,3,2,Wireless Mouse,peripherals,1,49.50,49.50,completed,2026-07-15T10:36:39+00:00
ORD-029703,3,9,USB-C Hub 8-in-1,accessories,5,39.99,199.95,pending,2026-07-15T14:06:28+00:00
ORD-029704,1,9,USB-C Hub 8-in-1,accessories,4,39.99,159.96,completed,2026-07-15T23:04:31+00:00
ORD-029705,4,9,USB-C Hub 8-in-1,accessories,3,39.99,119.97,cancelled,2026-07-15T18:45:21+00:00
ORD-029706,8,2,Wireless Mouse,peripherals,2,49.50,99.00,cancelled,2026-07-15T22:17:57+00:00
ORD-029707,8,2,Wireless Mouse,peripherals,3,49.50,148.50,refunded,2026-07-15T03:41:07+00:00
ORD-029708,10,9,USB-C Hub 8-in-1,accessories,2,39.99,79.98,refunded,2026-07-15T15:57:50+00:00
ORD-029709,3,3,27in 1440p Monitor,displays,2,319.99,639.98,completed,2026-07-15T18:46:50+00:00
ORD-029710,4,10,Laptop Stand Aluminium,accessories,5,27.50,137.50,refunded,2026-07-15T22:57:01+00:00
ORD-029711,7,7,Standing Desk 120cm,furniture,5,449.00,2245.00,pending,2026-07-15T11:04:28+00:00
ORD-029712,6,4,34in Ultrawide Monitor,displays,3,579.00,1737.00,cancelled,2026-07-15T05:35:26+00:00
ORD-029713,10,5,Over-ear Headphones,audio,2,199.95,399.90,pending,2026-07-15T02:10:18+00:00
ORD-029714,8,7,Standing Desk 120cm,furniture,5,449.00,2245.00,pending,2026-07-15T09:55:26+00:00
ORD-029715,9,1,Mechanical Keyboard 75%,peripherals,4,129.00,516.00,pending,2026-07-15T11:03:35+00:00
ORD-029716,8,3,27in 1440p Monitor,displays,3,319.99,959.97,pending,2026-07-15T21:59:38+00:00
ORD-029717,9,3,27in 1440p Monitor,displays,4,319.99,1279.96,refunded,2026-07-15T07:27:59+00:00
ORD-029718,6,1,Mechanical Keyboard 75%,peripherals,2,129.00,258.00,refunded,2026-07-15T07:22:02+00:00
ORD-029719,4,6,Desk Speakers Pair,audio,5,89.00,445.00,refunded,2026-07-15T22:05:53+00:00
ORD-029720,2,6,Desk Speakers Pair,audio,5,89.00,445.00,pending,2026-07-15T13:09:35+00:00
ORD-029721,6,5,Over-ear Headphones,audio,3,199.95,599.85,refunded,2026-07-15T13:07:38+00:00
ORD-029722,9,2,Wireless Mouse,peripherals,2,49.50,99.00,cancelled,2026-07-15T04:42:04+00:00
ORD-029723,10,5,Over-ear Headphones,audio,1,199.95,199.95,cancelled,2026-07-15T07:12:30+00:00
ORD-029724,7,2,Wireless Mouse,peripherals,4,49.50,198.00,pending,2026-07-15T02:14:34+00:00
ORD-029725,8,1,Mechanical Keyboard 75%,peripherals,1,129.00,129.00,cancelled,2026-07-15T05:52:09+00:00
ORD-029726,8,1,Mechanical Keyboard 75%,peripherals,3,129.00,387.00,completed,2026-07-15T10:16:11+00:00
ORD-029727,5,4,34in Ultrawide Monitor,displays,5,579.00,2895.00,pending,2026-07-15T18:00:37+00:00
ORD-029728,8,4,34in Ultrawide Monitor,displays,5,579.00,2895.00,completed,2026-07-15T12:12:51+00:00
ORD-029729,5,7,Standing Desk 120cm,furniture,5,449.00,2245.00,cancelled,2026-07-15T01:41:43+00:00
ORD-029730,10,1,Mechanical Keyboard 75%,peripherals,3,129.00,387.00,completed,2026-07-15T14:45:38+00:00
ORD-029731,2,4,34in Ultrawide Monitor,displays,1,579.00,579.00,completed,2026-07-15T21:10:10+00:00
ORD-029732,6,6,Desk Speakers Pair,audio,1,89.00,89.00,pending,2026-07-15T06:45:49+00:00
ORD-029733,5,2,Wireless Mouse,peripherals,5,49.50,247.50,refunded,2026-07-15T02:34:27+00:00
ORD-029734,2,5,Over-ear Headphones,audio,2,199.95,399.90,cancelled,2026-07-15T23:29:16+00:00
ORD-029735,10,8,Ergonomic Chair,furniture,2,612.75,1225.50,refunded,2026-07-15T02:55:55+00:00
ORD-029736,8,10,Laptop Stand Aluminium,accessories,3,27.50,82.50,completed,2026-07-15T11:52:27+00:00
ORD-029737,4,6,Desk Speakers Pair,audio,3,89.00,267.00,refunded,2026-07-15T17:03:08+00:00
ORD-029738,6,6,Desk Speakers Pair,audio,2,89.00,178.00,refunded,2026-07-15T01:39:59+00:00
ORD-029739,5,10,Laptop Stand Aluminium,accessories,2,27.50,55.00,pending,2026-07-15T08:25:21+00:00
ORD-029740,7,7,Standing Desk 120cm,furniture,4,449.00,1796.00,completed,2026-07-15T14:57:49+00:00
ORD-029741,9,10,Laptop Stand Aluminium,accessories,3,27.50,82.50,completed,2026-07-15T04:36:03+00:00
ORD-029742,7,3,27in 1440p Monitor,displays,3,319.99,959.97,completed,2026-07-15T23:57:58+00:00
ORD-029743,9,3,27in 1440p Monitor,displays,3,319.99,959.97,cancelled,2026-07-15T23:29:18+00:00
ORD-029744,5,7,Standing Desk 120cm,furniture,4,449.00,1796.00,refunded,2026-07-15T03:53:59+00:00
ORD-029745,5,10,Laptop Stand Aluminium,accessories,5,27.50,137.50,cancelled,2026-07-15T11:14:39+00:00
ORD-029746,10,3,27in 1440p Monitor,displays,2,319.99,639.98,cancelled,2026-07-15T12:49:49+00:00
ORD-029747,10,4,34in Ultrawide Monitor,displays,4,579.00,2316.00,refunded,2026-07-15T16:24:19+00:00
ORD-029748,9,6,Desk Speakers Pair,audio,3,89.00,267.00,cancelled,2026-07-15T02:09:27+00:00
ORD-029749,6,2,Wireless Mouse,peripherals,3,49.50,148.50,refunded,2026-07-15T11:29:26+00:00
ORD-029750,1,6,Desk Speakers Pair,audio,2,89.00,178.00,cancelled,2026-07-15T00:15:34+00:00
ORD-029751,9,7,Standing Desk 120cm,furniture,5,449.00,2245.00,refunded,2026-07-15T18:59:15+00:00
ORD-029752,9,8,Ergonomic Chair,furniture,1,612.75,612.75,completed,2026-07-15T08:23:09+00:00
ORD-029753,3,9,USB-C Hub 8-in-1,accessories,1,39.99,39.99,pending,2026-07-15T18:57:40+00:00
ORD-029754,1,9,USB-C Hub 8-in-1,accessories,2,39.99,79.98,refunded,2026-07-15T10:20:34+00:00
ORD-029755,5,7,Standing Desk 120cm,furniture,1,449.00,449.00,cancelled,2026-07-15T06:24:49+00:00
ORD-029756,4,4,34in Ultrawide Monitor,displays,2,579.00,1158.00,completed,2026-07-15T01:52:05+00:00
ORD-029757,8,10,Laptop Stand Aluminium,accessories,5,27.50,137.50,refunded,2026-07-15T06:56:27+00:00
ORD-029758,4,2,Wireless Mouse,peripherals,4,49.50,198.00,cancelled,2026-07-15T09:31:05+00:00
ORD-029759,8,9,USB-C Hub 8-in-1,accessories,1,39.99,39.99,refunded,2026-07-15T13:12:08+00:00
ORD-029760,6,9,USB-C Hub 8-in-1,accessories,3,39.99,119.97,pending,2026-07-15T12:33:39+00:00
ORD-029761,10,9,USB-C Hub 8-in-1,accessories,1,39.99,39.99,cancelled,2026-07-15T21:35:04+00:00
ORD-029762,10,6,Desk Speakers Pair,audio,4,89.00,356.00,completed,2026-07-15T14:26:33+00:00
ORD-029763,8,2,Wireless Mouse,peripherals,1,49.50,49.50,refunded,2026-07-15T12:33:51+00:00
ORD-029764,1,3,27in 1440p Monitor,displays,2,319.99,639.98,completed,2026-07-15T12:13:38+00:00
ORD-029765,4,4,34in Ultrawide Monitor,displays,5,579.00,2895.00,completed,2026-07-15T02:09:34+00:00
ORD-029766,3,7,Standing Desk 120cm,furniture,5,449.00,2245.00,cancelled,2026-07-15T14:55:33+00:00
ORD-029767,9,6,Desk Speakers Pair,audio,5,89.00,445.00,cancelled,2026-07-15T06:21:31+00:00
ORD-029768,2,8,Ergonomic Chair,furniture,2,612.75,1225.50,pending,2026-07-15T22:46:37+00:00
ORD-029769,2,5,Over-ear Headphones,audio,3,199.95,599.85,cancelled,2026-07-15T13:49:55+00:00
ORD-029770,7,1,Mechanical Keyboard 75%,peripherals,4,129.00,516.00,refunded,2026-07-15T19:27:07+00:00
ORD-029771,1,3,27in 1440p Monitor,displays,4,319.99,1279.96,refunded,2026-07-15T17:30:48+00:00
ORD-029772,2,6,Desk Speakers Pair,audio,3,89.00,267.00,completed,2026-07-15T02:01:58+00:00
ORD-029773,2,6,Desk Speakers Pair,audio,3,89.00,267.00,completed,2026-07-15T03:50:09+00:00
ORD-029774,1,5,Over-ear Headphones,audio,5,199.95,999.75,pending,2026-07-15T23:53:33+00:00
ORD-029775,1,10,Laptop Stand Aluminium,accessories,3,27.50,82.50,cancelled,2026-07-15T14:11:09+00:00
ORD-029776,10,8,Ergonomic Chair,furniture,2,612.75,1225.50,cancelled,2026-07-15T23:13:43+00:00
ORD-029777,3,1,Mechanical Keyboard 75%,peripherals,1,129.00,129.00,cancelled,2026-07-15T03:52:22+00:00
ORD-029778,7,5,Over-ear Headphones,audio,2,199.95,399.90,cancelled,2026-07-15T18:21:05+00:00
ORD-029779,6,6,Desk Speakers Pair,audio,1,89.00,89.00,completed,2026-07-15T17:50:52+00:00
ORD-029780,5,10,Laptop Stand Aluminium,accessories,4,27.50,110.00,pending,2026-07-15T16:28:07+00:00
ORD-029781,8,3,27in 1440p Monitor,displays,4,319.99,1279.96,cancelled,2026-07-15T10:29:09+00:00
ORD-029782,4,4,34in Ultrawide Monitor,displays,4,579.00,2316.00,completed,2026-07-15T11:54:51+00:00
ORD-029783,7,1,Mechanical Keyboard 75%,peripherals,3,129.00,387.00,refunded,2026-07-15T11:49:21+00:00
ORD-029784,7,3,27in 1440p Monitor,displays,4,319.99,1279.96,pending,2026-07-15T09:10:11+00:00
ORD-029785,6,5,Over-ear Headphones,audio,1,199.95,199.95,pending,2026-07-15T06:41:50+00:00
ORD-029786,7,1,Mechanical Keyboard 75%,peripherals,3,129.00,387.00,refunded,2026-07-15T22:05:33+00:00
ORD-029787,3,1,Mechanical Keyboard 75%,peripherals,2,129.00,258.00,refunded,2026-07-15T03:29:52+00:00
ORD-029788,5,6,Desk Speakers Pair,audio,4,89.00,356.00,pending,2026-07-15T23:01:01+00:00
ORD-029789,1,2,Wireless Mouse,peripherals,1,49.50,49.50,pending,2026-07-15T01:43:28+00:00
