order_id,customer_id,product_id,product_name,category,quantity,unit_price,amount,status,order_date
ORD-090169,1,6,Desk Speakers Pair,audio,4,89.00,356.00,completed,2026-08-12T04:59:14+00:00
ORD-090170,3,9,USB-C Hub 8-in-1,accessories,1,39.99,39.99,cancelled,2026-08-12T18:01:21+00:00
ORD-090171,6,8,Ergonomic Chair,furniture,1,612.75,612.75,cancelled,2026-08-12T19:15:04+00:00
ORD-090172,5,1,Mechanical Keyboard 75%,peripherals,3,129.00,387.00,pending,2026-08-12T09:57:56+00:00
ORD-090173,3,3,27in 1440p Monitor,displays,3,319.99,959.97,cancelled,2026-08-12T03:13:34+00:00
ORD-090174,3,1,Mechanical Keyboard 75%,peripherals,3,129.00,387.00,refunded,2026-08-12T23:32:44+00:00
ORD-090175,8,9,USB-C Hub 8-in-1,accessories,3,39.99,119.97,refunded,2026-08-12T09:35:15+00:00
ORD-090176,4,5,Over-ear Headphones,audio,3,199.95,599.85,completed,2026-08-12T20:04:39+00:00
ORD-090177,9,9,USB-C Hub 8-in-1,accessories,1,39.99,39.99,cancelled,2026-08-12T09:58:28+00:00
ORD-090178,10,1,Mechanical Keyboard 75%,peripherals,5,129.00,645.00,completed,2026-08-12T16:49:29+00:00
ORD-090179,3,6,Desk Speakers Pair,audio,5,89.00,445.00,pending,2026-08-12T14:25:00+00:00
ORD-090180,9,7,Standing Desk 120cm,furniture,1,449.00,449.00,pending,2026-08-12T16:22:50+00:00
ORD-090181,8,9,USB-C Hub 8-in-1,accessories,2,39.99,79.98,pending,2026-08-12T11:31:17+00:00
ORD-090182,7,5,Over-ear Headphones,audio,4,199.95,799.80,cancelled,2026-08-12T21:30:59+00:00
ORD-090183,8,7,Standing Desk 120cm,furniture,2,449.00,898.00,pending,2026-08-12T09:49:15+00:00
ORD-090184,9,7,Standing Desk 120cm,furniture,2,449.00,898.00,completed,2026-08-12T06:19:01+00:00
ORD-090185,4,7,Standing Desk 120cm,furniture,4,449.00,1796.00,pending,2026-08-12T16:14:57+00:00
ORD-090186,8,6,Desk Speakers Pair,audio,4,89.00,356.00,refunded,2026-08-12T14:07:27+00:00
ORD-090187,2,10,Laptop Stand Aluminium,accessories,5,27.50,137.50,pending,2026-08-12T05:20:49+00:00
ORD-090188,1,9,USB-C Hub 8-in-1,accessories,1,39.99,39.99,cancelled,2026-08-12T12:59:42+00:00
ORD-090189,1,6,Desk Speakers Pair,audio,2,89.00,178.00,cancelled,2026-08-12T07:06:41+00:00
ORD-090190,8,8,Ergonomic Chair,furniture,1,612.75,612.75,cancelled,2026-08-12T08:32:42+00:00
ORD-090191,10,2,Wireless Mouse,peripherals,4,49.50,198.00,pending,2026-08-12T15:34:15+00:00
ORD-090192,9,2,Wireless Mouse,peripherals,5,49.50,247.50,cancelled,2026-08-12T16:04:38+00:00
ORD-090193,2,6,Desk Speakers Pair,audio,1,89.00,89.00,completed,2026-08-12T10:00:45+00:00
ORD-090194,5,6,Desk Speakers Pair,audio,5,89.00,445.00,refunded,2026-08-12T09:23:43+00:00
ORD-090195,1,2,Wireless Mouse,peripherals,1,49.50,49.50,completed,2026-08-12T02:47:57+00:00
ORD-090196,5,3,27in 1440p Monitor,displays,2,319.99,639.98,refunded,2026-08-12T23:13:31+00:00
ORD-090197,6,9,USB-C Hub 8-in-1,accessories,1,39.99,39.99,completed,2026-08-12T10:02:58+00:00
ORD-090198,1,5,Over-ear Headphones,audio,1,199.95,199.95,cancelled,2026-08-12T18:32:17+00:00
ORD-090199,3,10,Laptop Stand Aluminium,accessories,5,27.50,137.50,pending,2026-08-12T07:17:42+00:00
ORD-090200,5,1,Mechanical Keyboard 75%,peripherals,2,129.00,258.00,cancelled,2026-08-12T08:35:13+00:00
ORD-090201,6,7,Standing Desk 120cm,furniture,3,449.00,1347.00,completed,2026-08-12T17:41:08+00:00
ORD-090202,7,1,Mechanical Keyboard 75%,peripherals,3,129.00,387.00,cancelled,2026-08-12T16:50:52+00:00
ORD-090203,2,6,Desk Speakers Pair,audio,4,89.00,356.00,pending,2026-08-12T00:15:21+00:00
ORD-090204,5,9,USB-C Hub 8-in-1,accessories,5,39.99,199.95,refunded,2026-08-12T07:14:24+00:00
ORD-090205,4,3,27in 1440p Monitor,displays,2,319.99,639.98,refunded,2026-08-12T02:18:28+00:00
ORD-090206,4,10,Laptop Stand Aluminium,accessories,5,27.50,137.50,completed,2026-08-12T15:57:21+00:00
ORD-090207,1,7,Standing Desk 120cm,furniture,2,449.00,898.00,completed,2026-08-12T05:12:35+00:00
ORD-090208,10,5,Over-ear Headphones,audio,1,199.95,199.95,pending,2026-08-12T00:30:46+00:00
ORD-090209,7,8,Ergonomic Chair,furniture,1,612.75,612.75,refunded,2026-08-12T07:40:12+00:00
ORD-090210,1,2,Wireless Mouse,peripherals,5,49.50,247.50,cancelled,2026-08-12T19:23:00+00:00
ORD-090211,8,8,Ergonomic Chair,furniture,4,612.75,2451.00,cancelled,2026-08-12T10:08:40+00:00
ORD-090212,5,1,Mechanical Keyboard 75%,peripherals,5,129.00,645.00,cancelled,2026-08-12T18:15:30+00:00
ORD-090213,5,7,Standing Desk 120cm,furniture,3,449.00,1347.00,completed,2026-08-12T07:20:09+00:00
ORD-090214,6,4,34in Ultrawide Monitor,displays,1,579.00,579.00,pending,2026-08-12T13:04:47+00:00
ORD-090215,3,8,Ergonomic Chair,furniture,3,612.75,1838.25,completed,2026-08-12T01:39:17+00:00
ORD-090216,1,5,Over-ear Headphones,audio,3,199.95,599.85,pending,2026-08-12T16:18:46+00:00
ORD-090217,10,6,Desk Speakers Pair,audio,3,89.00,267.00,cancelled,2026-08-12T13:23:56+00:00
ORD-090218,4,4,34in Ultrawide Monitor,displays,1,579.00,579.00,completed,2026-08-12T08:54:27+00:00
ORD-090219,4,7,Standing Desk 120cm,furniture,5,449.00,2245.00,refunded,2026-08-12T01:24:47+00:00
ORD-090220,3,7,Standing Desk 120cm,furniture,5,449.00,2245.00,refunded,2026-08-12T19:07:20+00:00
ORD-090221,5,8,Ergonomic Chair,furniture,1,612.75,612.75,refunded,2026-08-12T08:17:53+00:00
ORD-090222,5,4,34in Ultrawide Monitor,displays,5,579.00,2895.00,completed,2026-08-12T12:15:52+00:00
ORD-090223,1,10,Laptop Stand Aluminium,accessories,1,27.50,27.50,completed,2026-08-12T22:36:11+00:00
ORD-090224,8,9,USB-C Hub 8-in-1,accessories,1,39.99,39.99,completed,2026-08-12T05:40:24+00:00
ORD-090225,7,6,Desk Speakers Pair,audio,5,89.00,445.00,pending,2026-08-12T04:01:36+00:00
ORD-090226,2,2,Wireless Mouse,peripherals,1,49.50,49.50,cancelled,2026-08-12T08:11:39+00:00
ORD-090227,5,8,Ergonomic Chair,furniture,1,612.75,612.75,completed,2026-08-12T07:20:21+00:00
ORD-090228,7,10,Laptop Stand Aluminium,accessories,1,27.50,27.50,cancelled,2026-08-12T12:10:02+00:00
ORD-090229,4,7,Standing Desk 120cm,furniture,1,449.00,449.00,pending,2026-08-12T05:36:11+00:00
ORD-090230,6,10,Laptop Stand Aluminium,accessories,4,27.50,110.00,completed,2026-08-12T12:09:20+00:00
ORD-090231,10,7,Standing Desk 120cm,furniture,2,449.00,898.00,refunded,2026-08-12T22:39:09+00:00
ORD-090232,7,5,Over-ear Headphones,audio,5,199.95,999.75,refunded,2026-08-12T22:47:55+00:00
ORD-090233,7,3,27in 1440p Monitor,displays,2,319.99,639.98,completed,2026-08-12T16:04:05+00:00
ORD-090234,1,3,27in 1440p Monitor,displays,4,319.99,1279.96,pending,2026-08-12T08:49:26+00:00
ORD-090235,10,9,USB-C Hub 8-in-1,accessories,3,39.99,119.97,completed,2026-08-12T15:14:22+00:00
ORD-090236,6,1,Mechanical Keyboard 75%,peripherals,2,129.00,258.00,pending,2026-08-12T21:01:49+00:00
ORD-090237,7,3,27in 1440p Monitor,displays,5,319.99,1599.95,cancelled,2026-08-12T21:36:34+00:00
ORD-090238,3,8,Ergonomic Chair,furniture,1,612.75,612.75,cancelled,2026-08-12T14:42:27+00:00
ORD-090239,1,8,Ergonomic Chair,furniture,3,612.75,1838.25,refunded,2026-08-12T21:25:05+00:00
ORD-090240,1,1,Mechanical Keyboard 75%,peripherals,2,129.00,258.00,pending,2026-08-12T01:35:14+00:00
ORD-090241,7,1,Mechanical Keyboard 75%,peripherals,1,129.00,129.00,refunded,2026-08-12T16:00:12+00:00
ORD-090242,3,4,34in Ultrawide Monitor,displays,1,579.00,579.00,completed,2026-08-12T22:40:57+00:00
ORD-090243,7,1,Mechanical Keyboard 75%,peripherals,2,129.00,258.00,cancelled,2026-08-12T02:34:46+00:00
ORD-090244,3,4,34in Ultrawide Monitor,displays,1,579.00,-50.00,cancelled,2026-08-12T14:12:42+00:00
ORD-090245,6,6,Desk Speakers Pair,audio,1,89.00,89.00,pending,2026-08-12T18:22:01+00:00
ORD-090246,5,6,Desk Speakers Pair,audio,2,89.00,178.00,pending,2026-08-12T16:01:24+00:00
ORD-090247,4,5,Over-ear Headphones,audio,2,199.95,399.90,refunded,2026-08-12T13:13:38+00:00
ORD-090248,1,2,Wireless Mouse,peripherals,4,49.50,198.00,cancelled,2026-08-12T19:52:42+00:00
ORD-090249,1,8,Ergonomic Chair,furniture,4,612.75,2451.00,pending,2026-08-12T08:42:34+00:00
ORD-090250,5,9,USB-C Hub 8-in-1,accessories,5,39.99,199.95,completed,2026-08-12T12:36:38+00:00
ORD-090251,1,9,USB-C Hub 8-in-1,accessories,1,39.99,39.99,completed,2026-08-12T17:08:55+00:00
ORD-090252,10,7,Standing Desk 120cm,furniture,2,449.00,898.00,refunded,2026-08-12T12:35:07+00:00
ORD-090253,7,9,USB-C Hub 8-in-1,accessories,4,39.99,159.96,cancelled,2026-08-12T04:47:40+00:00
ORD-090254,5,7,Standing Desk 120cm,furniture,4,449.00,1796.00,pending,2026-08-12T15:25:21+00:00
ORD-090255,10,5,Over-ear Headphones,audio,3,199.95,599.85,cancelled,2026-08-12T11:49:43+00:00
ORD-090256,7,1,Mechanical Keyboard 75%,peripherals,4,129.00,516.00,cancelled,2026-08-12T23:27:33+00:00
ORD-090257,5,5,Over-ear Headphones,audio,2,199.95,399.90,pending,2026-08-12T20:34:07+00:00
ORD-090258,2,5,Over-ear Headphones,audio,1,199.95,199.95,refunded,2026-08-12T09:36:26+00:00
ORD-090259,1,2,Wireless Mouse,peripherals,2,49.50,99.00,pending,2026-08-12T20:40:38+00:00
ORD-090260,6,8,Ergonomic Chair,furniture,4,612.75,2451.00,completed,2026-08-12T03:15:26+00:00
ORD-090261,2,4,34in Ultrawide Monitor,displays,3,579.00,1737.00,refunded,2026-08-12T12:56:42+00:00
ORD-090262,8,7,Standing Desk 120cm,furniture,3,449.00,1347.00,cancelled,2026-08-12T03:44:31+00:00
ORD-090263,7,3,27in 1440p Monitor,displays,3,319.99,959.97,refunded,2026-08-12T05:57:29+00:00
ORD-090264,8,10,Laptop Stand Aluminium,accessories,2,27.50,55.00,refunded,2026-08-12T17:17:14+00:00
ORD-090265,9,8,Ergonomic Chair,furniture,5,612.75,3063.75,cancelled,2026-08-12T13:34:11+00:00
ORD-090266,3,2,Wireless Mouse,peripherals,3,49.50,148.50,cancelled,2026-08-12T16:08:39+00:00
ORD-090267,4,1,Mechanical Keyboard 75%,peripherals,5,129.00,645.00,completed,2026-08-12T12:51:01+00:00
ORD-090268,1,7,Standing Desk 120cm,furniture,2,449.00,898.00,pending,2026-08-12T20:14:02+00:00
ORD-090269,6,6,Desk Speakers Pair,audio,3,89.00,267.00,refunded,2026-08-12T21:00:26+00:00
ORD-090270,6,2,Wireless Mouse,peripherals,2,49.50,99.00,cancelled,2026-08-12T12:24:25+00:00
ORD-090271,10,8,Ergonomic Chair,furniture,5,612.75,3063.75,cancelled,2026-08-12T00:45:18+00:00
ORD-090272,5,5,Over-ear Headphones,audio,3,199.95,599.85,refunded,2026-08-12T12:58:13+00:00
ORD-090273,1,2,Wireless Mouse,peripherals,3,49.50,148.50,completed,2026-08-12T09:59:29+00:00
ORD-090274,5,3,27in 1440p Monitor,displays,2,319.99,639.98,cancelled,2026-08-12T14:35:43+00:00
ORD-090275,1,2,Wireless Mouse,peripherals,5,49.50,247.50,pending,2026-08-12T10:32:47+00:00
ORD-090276,6,10,Laptop Stand Aluminium,accessories,4,27.50,110.00,completed,2026-08-12T19:03:26+00:00
ORD-090277,3,4,34in Ultrawide Monitor,displays,2,579.00,1158.00,refunded,2026-08-12T21:58:45+00:00
ORD-090278,8,9,USB-C Hub 8-in-1,accessories,1,39.99,39.99,cancelled,2026-08-12T21:43:06+00:00
ORD-090279,1,3,27in 1440p Monitor,displays,4,319.99,1279.96,cancelled,2026-08-12T00:10:42+00:00
ORD-090280,9,1,Mechanical Keyboard 75%,peripherals,3,129.00,387.00,cancelled,2026-08-12T12:58:04+00:00
ORD-090281,9,10,Laptop Stand Aluminium,accessories,4,27.50,110.00,pending,2026-08-12T18:59:31+00:00
ORD-090282,1,2,Wireless Mouse,peripherals,1,49.50,49.50,pending,2026-08-12T07:11:58+00:00
ORD-090283,10,7,Standing Desk 120cm,furniture,3,449.00,1347.00,refunded,2026-08-12T04:19:12+00:00
ORD-090284,4,4,34in Ultrawide Monitor,displays,5,579.00,2895.00,refunded,2026-08-12T19:02:30+00:00
ORD-090285,10,7,Standing Desk 120cm,furniture,4,449.00,1796.00,pending,2026-08-12T22:27:28+00:00
ORD-090286,5,3,27in 1440p Monitor,displays,5,319.99,1599.95,completed,2026-08-12T19:19:51+00:00
ORD-090287,9,10,Laptop Stand Aluminium,accessories,5,27.50,137.50,completed,2026-08-12T03:06:07+00:00
ORD-090288,8,10,Laptop Stand Aluminium,accessories,2,27.50,55.00,pending,2026-08-12T14:54:40+00:00
ORD-090289,1,6,Desk Speakers Pair,audio,3,89.00,267.00,completed,2026-08-12T04:14:51+00:00
ORD-090290,5,8,Ergonomic Chair,furniture,4,612.75,2451.00,cancelled,2026-08-12T11:59:21+00:00
ORD-090291,10,1,Mechanical Keyboard 75%,peripherals,1,129.00,129.00,completed,2026-08-12T21:08:53+00:00
ORD-090292,10,4,34in Ultrawide Monitor,displays,4,579.00,2316.00,cancelled,2026-08-12T22:19:19+00:00
ORD-090293,8,3,27in 1440p Monitor,displays,2,319.99,639.98,completed,2026-08-12T09:24:39+00:00
ORD-090294,1,1,Mechanical Keyboard 75%,peripherals,3,129.00,387.00,pending,2026-08-12T16:13:09+00:00
ORD-090295,8,5,Over-ear Headphones,audio,2,199.95,399.90,cancelled,2026-08-12T03:41:07+00:00
ORD-090296,2,1,Mechanical Keyboard 75%,peripherals,5,129.00,645.00,refunded,2026-08-12T12:30:36+00:00
ORD-090297,6,5,Over-ear Headphones,audio,5,199.95,999.75,refunded,2026-08-12T00:12:45+00:00
ORD-090298,3,2,Wireless Mouse,peripherals,4,49.50,198.00,cancelled,2026-08-12T16:03:23+00:00
ORD-090299,2,7,Standing Desk 120cm,furniture,3,449.00,1347.00,pending,2026-08-12T13:16:12+00:00
ORD-090300,3,9,USB-C Hub 8-in-1,accessories,5,39.99,199.95,completed,2026-08-12T12:56:24+00:00
ORD-090301,9,5,Over-ear Headphones,audio,1,199.95,199.95,pending,2026-08-12T04:14:47+00:00
ORD-090302,10,7,Standing Desk 120cm,furniture,4,449.00,1796.00,refunded,2026-08-12T21:17:30+00:00
ORD-090303,3,10,Laptop Stand Aluminium,accessories,2,27.50,55.00,cancelled,2026-08-12T22:01:50+00:00
ORD-090304,8,4,34in Ultrawide Monitor,displays,5,579.00,2895.00,cancelled,2026-08-12T08:12:04+00:00
ORD-090305,10,3,27in 1440p Monitor,displays,4,319.99,1279.96,completed,2026-08-12T10:42:59+00:00
ORD-090306,10,9,USB-C Hub 8-in-1,accessories,5,39.99,199.95,pending,2026-08-12T23:37:45+00:00
ORD-090307,3,9,USB-C Hub 8-in-1,accessories,2,39.99,79.98,refunded,2026-08-12T18:47:44+00:00
ORD-090308,4,2,Wireless Mouse,peripherals,1,49.50,49.50,cancelled,2026-08-12T12:54:53+00:00
ORD-090309,4,2,Wireless Mouse,peripherals,1,49.50,49.50,cancelled,2026-08-12T22:38:11+00:00
ORD-090310,10,10,Laptop Stand Aluminium,accessories,5,27.50,137.50,cancelled,2026-08-12T09:43:15+00:00
ORD-090311,1,5,Over-ear Headphones,audio,4,199.95,799.80,completed,2026-08-12T16:14:32+00:00
ORD-090312,7,6,Desk Speakers Pair,audio,4,89.00,356.00,completed,2026-08-12T10:27:43+00:00
ORD-090313,4,10,Laptop Stand Aluminium,accessories,5,27.50,137.50,cancelled,2026-08-12T00:11:35+00:00
ORD-090314,1,1,Mechanical Keyboard 75%,peripherals,3,129.00,387.00,completed,2026-08-12T23:00:03+00:00
ORD-090315,7,8,Ergonomic Chair,furniture,5,612.75,3063.75,refunded,2026-08-12T07:25:39+00:00
ORD-090316,5,10,Laptop Stand Aluminium,accessories,1,27.50,27.50,pending,2026-08-12T12:16:09+00:00
ORD-090317,7,9,USB-C Hub 8-in-1,accessories,3,39.99,119.97,refunded,2026-08-12T02:21:27+00:00
ORD-090318,4,9,USB-C Hub 8-in-1,accessories,1,39.99,39.99,refunded,2026-08-12T12:41:35+00:00
ORD-090319,9,2,Wireless Mouse,peripherals,1,49.50,49.50,cancelled,2026-08-12T04:22:49+00:00
ORD-090320,5,9,USB-C Hub 8-in-1,accessories,3,39.99,119.97,refunded,2026-08-12T09:35:11+00:00
ORD-090321,1,10,Laptop Stand Aluminium,accessories,2,27.50,55.00,pending,2026-08-12T15:06:50+00:00
ORD-090322,10,9,USB-C Hub 8-in-1,accessories,3,39.99,119.97,refunded,2026-08-12T03:01:09+00:00
ORD-090323,7,2,Wireless Mouse,peripherals,1,49.50,49.50,completed,2026-08-12T19:36:51+00:00
ORD-090324,4,10,Laptop Stand Aluminium,accessories,4,27.50,110.00,pending,2026-08-12T10:03:34+00:00
ORD-090325,10,2,Wireless Mouse,peripherals,3,49.50,148.50,completed,2026-08-12T01:21:04+00:00
ORD-090326,1,1,Mechanical Keyboard 75%,peripherals,1,129.00,129.00,cancelled,2026-08-12T05:37:17+00:00
ORD-090327,7,6,Desk Speakers Pair,audio,4,89.00,356.00,pending,2026-08-12T09:56:13+00:00
ORD-090328,3,9,USB-C Hub 8-in-1,accessories,4,39.99,159.96,cancelled,2026-08-12T21:27:24+00:00
ORD-090329,8,2,Wireless Mouse,peripherals,2,49.50,99.00,pending,2026-08-12T22:05:54+00:00
ORD-090330,10,1,Mechanical Keyboard 75%,peripherals,2,129.00,258.00,completed,2026-08-12T19:19:07+00:00
ORD-090331,4,5,Over-ear Headphones,audio,3,199.95,599.85,pending,2026-08-12T12:14:53+00:00
ORD-090332,5,3,27in 1440p Monitor,displays,3,319.99,959.97,cancelled,2026-08-12T21:41:11+00:00
ORD-090333,4,3,27in 1440p Monitor,displays,3,319.99,959.97,pending,2026-08-12T18:09:32+00:00
ORD-090334,10,8,Ergonomic Chair,furniture,4,612.75,2451.00,cancelled,2026-08-12T21:45:55+00:00
ORD-090335,4,10,Laptop Stand Aluminium,accessories,3,27.50,82.50,cancelled,2026-08-12T00:58:22+00:00
ORD-090336,9,3,27in 1440p Monitor,displays,1,319.99,319.99,pending,2026-08-12T11:59:21+00:00
ORD-090337,6,3,27in 1440p Monitor,displays,5,319.99,1599.95,completed,2026-08-12T12:10:56+00:00
ORD-090338,10,9,USB-C Hub 8-in-1,accessories,1,39.99,39.99,completed,2026-08-12T05:13:23+00:00
ORD-090339,5,4,34in Ultrawide Monitor,displays,2,579.00,1158.00,refunded,2026-08-12T22:21:34+00:00
ORD-090340,4,2,Wireless Mouse,peripherals,3,49.50,148.50,completed,2026-08-12T08:35:23+00:00
ORD-090341,10,4,34in Ultrawide Monitor,displays,4,579.00,2316.00,completed,2026-08-12T01:41:34+00:00
ORD-090342,1,4,34in Ultrawide Monitor,displays,3,579.00,1737.00,cancelled,2026-08-12T12:28:21+00:00
ORD-090343,4,8,Ergonomic Chair,furniture,4,612.75,2451.00,cancelled,2026-08-12T01:57:52+00:00
ORD-090344,4,1,Mechanical Keyboard 75%,peripherals,3,129.00,387.00,completed,2026-08-12T00:06:55+00:00
ORD-090345,10,1,Mechanical Keyboard 75%,peripherals,2,129.00,258.00,cancelled,2026-08-12T19:27:33+00:00
ORD-090346,2,3,27in 1440p Monitor,displays,3,319.99,959.97,completed,2026-08-12T16:29:09+00:00
ORD-090347,10,10,Laptop Stand Aluminium,accessories,5,27.50,137.50,pending,2026-08-12T22:42:49+00:00
ORD-090348,10,9,USB-C Hub 8-in-1,accessories,5,39.99,199.95,completed,2026-08-12T15:43:10+00:00
ORD-090349,4,6,Desk Speakers Pair,audio,5,89.00,445.00,completed,2026-08-12T19:11:27+00:00
ORD-090350,7,4,34in Ultrawide Monitor,displays,5,579.00,2895.00,refunded,2026-08-12T02:44:17+00:00
ORD-090351,6,8,Ergonomic Chair,furniture,3,612.75,1838.25,refunded,2026-08-12T07:23:29+00:00
ORD-090352,5,3,27in 1440p Monitor,displays,2,319.99,639.98,pending,2026-08-12T06:40:39+00:00
ORD-090353,4,5,Over-ear Headphones,audio,2,199.95,399.90,pending,2026-08-12T19:53:11+00:00
ORD-090354,10,8,Ergonomic Chair,furniture,2,612.75,1225.50,refunded,2026-08-12T16:29:27+00:00
ORD-090355,3,4,34in Ultrawide Monitor,displays,4,579.00,2316.00,cancelled,2026-08-12T11:54:09+00:00
ORD-090356,3,8,Ergonomic Chair,furniture,4,612.75,2451.00,refunded,2026-08-12T00:03:04+00:00
ORD-090357,3,6,Desk Speakers Pair,audio,2,89.00,178.00,cancelled,2026-08-12T15:11:49+00:00
ORD-090358,6,5,Over-ear Headphones,audio,5,199.95,999.75,pending,2026-08-12T19:17:04+00:00
ORD-090359,9,4,34in Ultrawide Monitor,displays,1,579.00,579.00,completed,2026-08-12T02:18:08+00:00
ORD-090360,8,8,Ergonomic Chair,furniture,2,612.75,1225.50,completed,2026-08-12T04:17:59+00:00
ORD-090361,8,9,USB-C Hub 8-in-1,accessories,2,39.99,79.98,completed,2026-08-12T09:39:20+00:00
ORD-090362,7,2,Wireless Mouse,peripherals,3,49.50,148.50,completed,2026-08-12T05:15:24+00:00
ORD-090363,2,3,27in 1440p Monitor,displays,2,319.99,639.98,cancelled,2026-08-12T13:53:48+00:00
ORD-090364,2,1,Mechanical Keyboard 75%,peripherals,1,129.00,129.00,completed,2026-08-12T06:08:54+00:00
ORD-090365,10,3,27in 1440p Monitor,displays,2,319.99,639.98,cancelled,2026-08-12T22:09:03+00:00
ORD-090366,5,5,Over-ear Headphones,audio,4,199.95,799.80,pending,2026-08-12T18:18:20+00:00
ORD-090367,4,6,Desk Speakers Pair,audio,4,89.00,356.00,refunded,2026-08-12T07:39:55+00:00
ORD-090368,5,7,Standing Desk 120cm,furniture,5,449.00,2245.00,refunded,2026-08-12T13:01:53+00:00
ORD-090369,6,2,Wireless Mouse,peripherals,2,49.50,99.00,completed,2026-08-12T17:18:21+00:00
ORD-090370,2,5,Over-ear Headphones,audio,2,199.95,399.90,refunded,2026-08-12T20:25:34+00:00
ORD-090371,6,7,Standing Desk 120cm,furniture,4,449.00,1796.00,completed,2026-08-12T04:23:38+00:00
ORD-090372,3,5,Over-ear Headphones,audio,1,199.95,199.95,completed,2026-08-12T06:44:51+00:00
ORD-090373,5,10,Laptop Stand Aluminium,accessories,2,27.50,55.00,pending,2026-08-12T08:15:31+00:00
ORD-090374,2,2,Wireless Mouse,peripherals,2,49.50,99.00,pending,2026-08-12T14:55:20+00:00
ORD-090375,7,3,27in 1440p Monitor,displays,2,319.99,639.98,cancelled,2026-08-12T06:03:41+00:00
ORD-090376,8,8,Ergonomic Chair,furniture,2,612.75,1225.50,refunded,2026-08-12T07:59:44+00:00
ORD-090377,2,2,Wireless Mouse,peripherals,5,49.50,247.50,cancelled,2026-08-12T19:42:46+00:00
ORD-090378,3,7,Standing Desk 120cm,furniture,2,449.00,898.00,completed,2026-08-12T17:36:15+00:00
ORD-090379,2,10,Laptop Stand Aluminium,accessories,2,27.50,55.00,pending,2026-08-12T09:12:05+00:00
ORD-090380,3,10,Laptop Stand Aluminium,accessories,3,27.50,82.50,completed,2026-08-12T21:13:47+00:00
ORD-090381,9,4,34in Ultrawide Monitor,displays,2,579.00,1158.00,refunded,2026-08-12T22:55:07+00:00
ORD-090382,1,3,27in 1440p Monitor,displays,2,319.99,639.98,refunded,2026-08-12T19:39:08+00:00
ORD-090383,1,8,Ergonomic Chair,furniture,5,612.75,3063.75,pending,2026-08-12T17:27:12+00:00
ORD-090384,4,7,Standing Desk 120cm,furniture,1,449.00,449.00,refunded,2026-08-12T06:37:25+00:00
ORD-090385,8,6,Desk Speakers Pair,audio,1,89.00,89.00,cancelled,2026-08-12T02:23:18+00:00
ORD-090386,6,5,Over-ear Headphones,audio,5,199.95,999.75,completed,2026-08-12T10:04:40+00:00
ORD-090387,2,10,Laptop Stand Aluminium,accessories,2,27.50,55.00,pending,2026-08-12T22:54:32+00:00
ORD-090388,6,9,USB-C Hub 8-in-1,accessories,4,39.99,159.96,cancelled,2026-08-12T02:47:42+00:00
ORD-090389,9,2,Wireless Mouse,peripherals,3,49.50,148.50,pending,2026-08-12T11:40:39+00:00
ORD-090390,5,1,Mechanical Keyboard 75%,peripherals,1,129.00,129.00,pending,2026-08-12T10:58:04+00:00
ORD-090391,5,3,27in 1440p Monitor,displays,5,319.99,1599.95,refunded,2026-08-12T19:35:51+00:00
ORD-090392,6,1,Mechanical Keyboard 75%,peripherals,1,129.00,129.00,completed,2026-08-12T16:35:25+00:00
ORD-090393,9,4,34in Ultrawide Monitor,displays,1,579.00,579.00,refunded,2026-08-12T23:31:31+00:00
ORD-090394,5,3,27in 1440p Monitor,displays,5,319.99,1599.95,completed,2026-08-12T09:42:31+00:00
ORD-090395,8,6,Desk Speakers Pair,audio,5,89.00,445.00,cancelled,2026-08-12T04:14:09+00:00
ORD-090396,7,5,Over-ear Headphones,audio,3,199.95,599.85,completed,2026-08-12T21:27:01+00:00
ORD-090397,7,9,USB-C Hub 8-in-1,accessories,2,39.99,79.98,completed,2026-08-12T04:06:29+00:00
ORD-090398,4,9,USB-C Hub 8-in-1,accessories,5,39.99,199.95,completed,2026-08-12T21:05:02+00:00
ORD-090399,8,7,Standing Desk 120cm,furniture,4,449.00,1796.00,pending,2026-08-12T20:43:29+00:00
ORD-090400,5,4,34in Ultrawide Monitor,displays,3,579.00,1737.00,completed,2026-08-12T04:50:05+00:00
ORD-090401,1,6,Desk Speakers Pair,audio,1,89.00,89.00,refunded,2026-08-12T21:10:26+00:00
ORD-090402,3,4,34in Ultrawide Monitor,displays,2,579.00,1158.00,completed,2026-08-12T10:37:49+00:00
ORD-090403,7,7,Standing Desk 120cm,furniture,5,449.00,2245.00,cancelled,2026-08-12T16:52:45+00:00
ORD-090404,7,7,Standing Desk 120cm,furniture,3,449.00,1347.00,completed,2026-08-12T20:05:54+00:00
ORD-090405,7,1,Mechanical Keyboard 75%,peripherals,3,129.00,387.00,pending,2026-08-12T07:32:41+00:00
ORD-090406,7,8,Ergonomic Chair,furniture,3,612.75,1838.25,completed,2026-08-12T06:09:40+00:00
ORD-090407,7,7,Standing Desk 120cm,furniture,5,449.00,2245.00,cancelled,2026-08-12T16:14:46+00:00
ORD-090408,7,1,Mechanical Keyboard 75%,peripherals,1,129.00,129.00,cancelled,2026-08-12T06:39:03+00:00
ORD-090409,7,9,USB-C Hub 8-in-1,accessories,4,39.99,159.96,pending,2026-08-12T02:37:15+00:00
ORD-090410,7,4,34in Ultrawide Monitor,displays,1,579.00,579.00,cancelled,2026-08-12T01:32:04+00:00
ORD-090411,10,3,27in 1440p Monitor,displays,1,319.99,319.99,pending,2026-08-12T20:54:55+00:00
ORD-090412,6,6,Desk Speakers Pair,audio,3,89.00,267.00,refunded,2026-08-12T14:15:17+00:00
ORD-090413,1,9,USB-C Hub 8-in-1,accessories,3,39.99,119.97,refunded,2026-08-12T17:30:39+00:00
ORD-090414,8,6,Desk Speakers Pair,audio,4,89.00,356.00,refunded,2026-08-12T09:11:54+00:00
ORD-090415,7,5,Over-ear Headphones,audio,5,199.95,999.75,pending,2026-08-12T12:56:24+00:00
ORD-090416,5,10,Laptop Stand Aluminium,accessories,3,27.50,82.50,pending,2026-08-12T23:38:48+00:00
ORD-090417,6,10,Laptop Stand Aluminium,accessories,3,27.50,82.50,completed,2026-08-12T01:03:46+00:00
ORD-090418,9,7,Standing Desk 120cm,furniture,2,449.00,898.00,cancelled,2026-08-12T08:55:54+00:00
ORD-090419,7,8,Ergonomic Chair,furniture,2,612.75,1225.50,cancelled,2026-08-12T10:37:25+00:00
ORD-090420,7,8,Ergonomic Chair,furniture,3,612.75,1838.25,pending,2026-08-12T20:36:12+00:00
ORD-090421,9,6,Desk Speakers Pair,audio,2,89.00,178.00,refunded,2026-08-12T11:48:24+00:00
ORD-090422,6,4,34in Ultrawide Monitor,displays,4,579.00,2316.00,cancelled,2026-08-12T12:07:35+00:00
ORD-090423,8,1,Mechanical Keyboard 75%,peripherals,1,129.00,129.00,refunded,2026-08-12T09:00:10+00:00
ORD-090424,5,3,27in 1440p Monitor,displays,1,319.99,319.99,refunded,2026-08-12T13:01:31+00:00
ORD-090425,10,3,27in 1440p Monitor,displays,1,319.99,319.99,completed,2026-08-12T18:48:38+00:00
ORD-090426,3,6,Desk Speakers Pair,audio,5,89.00,445.00,cancelled,2026-08-12T11:21:14+00:00
ORD-090427,9,6,Desk Speakers Pair,audio,1,89.00,89.00,refunded,2026-08-12T01:29:59+00:00
ORD-090428,1,5,Over-ear Headphones,audio,1,199.95,199.95,refunded,2026-08-12T18:08:41+00:00
ORD-090429,2,2,Wireless Mouse,peripherals,1,49.50,49.50,cancelled,2026-08-12T19:08:23+00:00
ORD-090430,7,8,Ergonomic Chair,furniture,1,612.75,612.75,pending,2026-08-12T03:33:54+00:00
ORD-090431,6,3,27in 1440p Monitor,displays,5,319.99,1599.95,completed,2026-08-12T01:10:15+00:00
ORD-090432,8,9,USB-C Hub 8-in-1,accessories,5,39.99,199.95,refunded,2026-08-12T21:48:03+00:00
ORD-090433,4,8,Ergonomic Chair,furniture,3,612.75,1838.25,cancelled,2026-08-12T23:54:07+00:00
ORD-090434,5,6,Desk Speakers Pair,audio,4,89.00,356.00,refunded,2026-08-12T09:00:09+00:00
ORD-090435,9,8,Ergonomic Chair,furniture,1,612.75,612.75,pending,2026-08-12T11:03:33+00:00
ORD-090436,1,2,Wireless Mouse,peripherals,1,49.50,49.50,pending,2026-08-12T17:04:34+00:00
ORD-090437,9,1,Mechanical Keyboard 75%,peripherals,1,129.00,129.00,refunded,2026-08-12T06:05:32+00:00
ORD-090438,2,9,USB-C Hub 8-in-1,accessories,3,39.99,119.97,pending,2026-08-12T18:58:48+00:00
ORD-090439,6,9,USB-C Hub 8-in-1,accessories,1,39.99,39.99,completed,2026-08-12T20:44:45+00:00
ORD-090440,7,5,Over-ear Headphones,audio,2,199.95,399.90,cancelled,2026-08-12T01:09:26+00:00
ORD-090441,10,4,34in Ultrawide Monitor,displays,4,579.00,2316.00,refunded,2026-08-12T23:18:58+00:00
ORD-090442,6,3,27in 1440p Monitor,displays,3,319.99,959.97,refunded,2026-08-12T09:31:21+00:00
ORD-090443,6,2,Wireless Mouse,peripherals,2,49.50,99.00,refunded,2026-08-12T05:18:12+00:00
ORD-090444,4,7,Standing Desk 120cm,furniture,2,449.00,898.00,cancelled,2026-08-12T05:48:05+00:00
ORD-090445,8,6,Desk Speakers Pair,audio,5,89.00,445.00,pending,2026-08-12T02:18:36+00:00
ORD-090446,8,6,Desk Speakers Pair,audio,1,89.00,89.00,completed,2026-08-12T02:16:15+00:00
ORD-090447,3,6,Desk Speakers Pair,audio,3,89.00,267.00,completed,2026-08-12T00:59:38+00:00
ORD-090448,9,6,Desk Speakers Pair,audio,1,89.00,89.00,refunded,2026-08-12T13:26:32+00:00
ORD-090449,2,10,Laptop Stand Aluminium,accessories,1,27.50,27.50,completed,2026-08-12T10:05:53+00:00
ORD-090450,6,5,Over-ear Headphones,audio,4,199.95,799.80,completed,2026-08-12T11:41:12+00:00
ORD-090451,4,4,34in Ultrawide Monitor,displays,2,579.00,1158.00,cancelled,2026-08-12T19:10:26+00:00
ORD-090452,6,4,34in Ultrawide Monitor,displays,1,579.00,579.00,pending,2026-08-12T03:43:55+00:00
ORD-090453,8,9,USB-C Hub 8-in-1,accessories,5,39.99,199.95,pending,2026-08-12T20:36:49+00:00
ORD-090454,3,4,34in Ultrawide Monitor,displays,5,579.00,2895.00,cancelled,2026-08-12T12:30:09+00:00
ORD-090455,4,7,Standing Desk 120cm,furniture,5,449.00,2245.00,cancelled,2026-08-12T02:49:08+00:00
ORD-090456,5,1,Mechanical Keyboard 75%,peripherals,1,129.00,129.00,completed,2026-08-12T08:05:41+00:00
ORD-090457,8,10,Laptop Stand Aluminium,accessories,1,27.50,27.50,cancelled,2026-08-12T07:42:20+00:00
ORD-090458,2,2,Wireless Mouse,peripherals,2,49.50,99.00,completed,2026-08-12T09:13:14+00:00
ORD-090459,3,4,34in Ultrawide Monitor,displays,1,579.00,579.00,refunded,2026-08-12T10:06:53+00:00
ORD-090460,7,9,USB-C Hub 8-in-1,accessories,5,39.99,199.95,refunded,2026-08-12T19:35:23+00:00
ORD-090461,6,6,Desk Speakers Pair,audio,5,89.00,445.00,refunded,2026-08-12T07:45:59+00:00
ORD-090462,1,10,Laptop Stand Aluminium,accessories,4,27.50,110.00,cancelled,2026-08-12T13:51:20+00:00
ORD-090463,1,3,27in 1440p Monitor,displays,1,319.99,319.99,cancelled,2026-08-12T15:46:42+00:00
ORD-090464,8,9,USB-C Hub 8-in-1,accessories,3,39.99,119.97,refunded,2026-08-12T10:53:41+00:00
ORD-090465,6,2,Wireless Mouse,peripherals,5,49.50,247.50,refunded,2026-08-12T22:41:54+00:00
ORD-090466,5,6,Desk Speakers Pair,audio,2,89.00,178.00,cancelled,2026-08-12T22:22:53+00:00
ORD-090467,7,1,Mechanical Keyboard 75%,peripherals,4,129.00,516.00,completed,2026-08-12T07:25:37+00:00
ORD-090468,3,5,Over-ear Headphones,audio,3,199.95,599.85,cancelled,2026-08-12T13:02:01+00:00
ORD-090469,2,9,USB-C Hub 8-in-1,accessories,1,39.99,39.99,cancelled,2026-08-12T17:15:43+00:00
ORD-090470,8,5,Over-ear Headphones,audio,4,199.95,799.80,pending,2026-08-12T23:06:46+00:00
ORD-090471,9,4,34in Ultrawide Monitor,displays,2,579.00,1158.00,pending,2026-08-12T09:38:11+00:00
ORD-090472,10,2,Wireless Mouse,peripherals,5,49.50,247.50,cancelled,2026-08-12T14:20:33+00:00
ORD-090473,7,10,Laptop Stand Aluminium,accessories,1,27.50,27.50,pending,2026-08-12T17:08:59+00:00
ORD-090474,10,3,27in 1440p Monitor,displays,5,319.99,1599.95,pending,2026-08-12T21:58:04+00:00
ORD-090475,4,3,27in 1440p Monitor,displays,2,319.99,639.98,completed,2026-08-12T13:46:58+00:00
ORD-090476,2,6,Desk Speakers Pair,audio,5,89.00,445.00,cancelled,2026-08-12T23:59:23+00:00
ORD-090477,2,2,Wireless Mouse,peripherals,3,49.50,148.50,completed,2026-08-12T15:49:08+00:00
ORD-090478,7,4,34in Ultrawide Monitor,displays,2,579.00,1158.00,cancelled,2026-08-12T15:45:24+00:00
ORD-090479,2,8,Ergonomic Chair,furniture,2,612.75,1225.50,cancelled,2026-08-12T05:58:16+00:00
ORD-090480,4,7,Standing Desk 120cm,furniture,4,449.00,1796.00,pending,2026-08-12T13:16:49+00:00
ORD-090481,8,9,USB-C Hub 8-in-1,accessories,4,39.99,159.96,pending,2026-08-12T14:54:48+00:00
ORD-090482,7,2,Wireless Mouse,peripherals,2,49.50,99.00,pending,2026-08-12T02:16:29+00:00
ORD-090483,4,8,Ergonomic Chair,furniture,4,612.75,2451.00,cancelled,2026-08-12T15:10:26+00:00
ORD-090484,9,3,27in 1440p Monitor,displays,3,319.99,959.97,cancelled,2026-08-12T13:39:08+00:00
ORD-090485,3,6,Desk Speakers Pair,audio,1,89.00,89.00,cancelled,2026-08-12T00:29:09+00:00
ORD-090486,9,7,Standing Desk 120cm,furniture,1,449.00,449.00,pending,2026-08-12T11:16:41+00:00
ORD-090487,10,2,Wireless Mouse,peripherals,4,49.50,198.00,refunded,2026-08-12T10:36:11+00:00
ORD-090488,10,3,27in 1440p Monitor,displays,5,319.99,1599.95,refunded,2026-08-12T19:52:20+00:00
ORD-090489,3,3,27in 1440p Monitor,displays,5,319.99,1599.95,pending,2026-08-12T15:20:55+00:00
ORD-090490,1,5,Over-ear Headphones,audio,2,199.95,399.90,refunded,2026-08-12T11:13:58+00:00
ORD-090491,2,10,Laptop Stand Aluminium,accessories,5,27.50,137.50,completed,2026-08-12T18:52:18+00:00
ORD-090492,5,3,27in 1440p Monitor,displays,1,319.99,319.99,cancelled,2026-08-12T14:33:31+00:00
ORD-090493,5,3,27in 1440p Monitor,displays,5,319.99,1599.95,cancelled,2026-08-12T01:46:26+00:00
ORD-090494,4,5,Over-ear Headphones,audio,3,199.95,599.85,cancelled,2026-08-12T13:21:52+00:00
ORD-090495,6,3,27in 1440p Monitor,displays,5,319.99,1599.95,pending,2026-08-12T05:36:50+00:00
ORD-090496,5,2,Wireless Mouse,peripherals,5,49.50,247.50,pending,2026-08-12T02:50:24+00:00
ORD-090497,10,4,34in Ultrawide Monitor,displays,3,579.00,1737.00,cancelled,2026-08-12T09:07:18+00:00
ORD-090498,6,9,USB-C Hub 8-in-1,accessories,2,39.99,79.98,refunded,2026-08-12T05:06:13+00:00
ORD-090499,10,7,Standing Desk 120cm,furniture,5,449.00,2245.00,cancelled,2026-08-12T01:54:09+00:00
ORD-090500,1,9,USB-C Hub 8-in-1,accessories,1,39.99,39.99,pending,2026-08-12T04:48:14+00:00
ORD-090501,9,9,USB-C Hub 8-in-1,accessories,3,39.99,119.97,cancelled,2026-08-12T16:04:29+00:00
ORD-090502,9,8,Ergonomic Chair,furniture,1,612.75,612.75,cancelled,2026-08-12T09:00:09+00:00
ORD-090503,2,3,27in 1440p Monitor,displays,4,319.99,1279.96,refunded,2026-08-12T17:22:29+00:00
ORD-090504,7,1,Mechanical Keyboard 75%,peripherals,4,129.00,516.00,pending,2026-08-12T02:35:18+00:00
ORD-090505,6,4,34in Ultrawide Monitor,displays,5,579.00,2895.00,completed,2026-08-12T18:12:29+00:00
ORD-090506,8,8,Ergonomic Chair,furniture,3,612.75,1838.25,cancelled,2026-08-12T15:59:22+00:00
ORD-090507,9,3,27in 1440p Monitor,displays,2,319.99,639.98,cancelled,2026-08-12T12:23:36+00:00
ORD-090508,8,10,Laptop Stand Aluminium,accessories,5,27.50,137.50,completed,2026-08-12T11:21:42+00:00
ORD-090509,3,4,34in Ultrawide Monitor,displays,3,579.00,1737.00,cancelled,2026-08-12T19:12:07+00:00
ORD-090510,6,3,27in 1440p Monitor,displays,4,319.99,1279.96,completed,2026-08-12T00:32:31+00:00
ORD-090511,9,9,USB-C Hub 8-in-1,accessories,3,39.99,119.97,cancelled,2026-08-12T06:20:18+00:00
ORD-090512,3,3,27in 1440p Monitor,displays,3,319.99,959.97,refunded,2026-08-12T06:09:46+00:00
ORD-090513,7,4,34in Ultrawide Monitor,displays,5,579.00,2895.00,refunded,2026-08-12T06:38:26+00:00
ORD-090514,2,4,34in Ultrawide Monitor,displays,1,579.00,579.00,cancelled,2026-08-12T03:41:54+00:00
ORD-090515,9,2,Wireless Mouse,peripherals,5,49.50,247.50,completed,2026-08-12T20:48:04+00:00
ORD-090516,8,5,Over-ear Headphones,audio,2,199.95,399.90,completed,2026-08-12T22:49:44+00:00
ORD-090517,9,6,Desk Speakers Pair,audio,1,89.00,89.00,completed,2026-08-12T13:51:43+00:00
ORD-090518,10,5,Over-ear Headphones,audio,3,199.95,599.85,pending,2026-08-12T01:08:02+00:00
ORD-090519,5,6,Desk Speakers Pair,audio,1,89.00,89.00,completed,2026-08-12T09:55:59+00:00
ORD-090520,8,3,27in 1440p Monitor,displays,2,319.99,639.98,pending,2026-08-12T11:16:49+00:00
ORD-090521,10,5,Over-ear Headphones,audio,5,199.95,999.75,refunded,2026-08-12T17:42:47+00:00
ORD-090522,7,3,27in 1440p Monitor,displays,4,319.99,1279.96,refunded,2026-08-12T06:56:51+00:00
ORD-090523,2,6,Desk Speakers Pair,audio,3,89.00,267.00,cancelled,2026-08-12T16:29:57+00:00
ORD-090524,4,1,Mechanical Keyboard 75%,peripherals,1,129.00,129.00,pending,2026-08-12T22:05:14+00:00
ORD-090525,9,6,Desk Speakers Pair,audio,2,89.00,178.00,pending,2026-08-12T12:04:59+00:00
ORD-090526,5,6,Desk Speakers Pair,audio,1,89.00,89.00,completed,2026-08-12T18:04:08+00:00
ORD-090527,6,8,Ergonomic Chair,furniture,5,612.75,3063.75,completed,2026-08-12T09:15:04+00:00
ORD-090528,8,5,Over-ear Headphones,audio,1,199.95,199.95,completed,2026-08-12T11:04:20+00:00
ORD-090529,7,8,Ergonomic Chair,furniture,1,612.75,612.75,pending,2026-08-12T07:38:15+00:00
ORD-090530,2,5,Over-ear Headphones,audio,5,199.95,999.75,cancelled,2026-08-12T01:59:59+00:00
ORD-090531,7,2,Wireless Mouse,peripherals,4,49.50,198.00,cancelled,2026-08-12T17:54:07+00:00
ORD-090532,5,6,Desk Speakers Pair,audio,5,89.00,445.00,completed,2026-08-12T11:42:58+00:00
ORD-090533,4,8,Ergonomic Chair,furniture,4,612.75,2451.00,cancelled,2026-08-12T12:50:59+00:00
ORD-090534,6,10,Laptop Stand Aluminium,accessories,3,27.50,82.50,refunded,2026-08-12T12:40:48+00:00
ORD-090535,10,8,Ergonomic Chair,furniture,2,612.75,1225.50,refunded,2026-08-12T20:48:49+00:00
ORD-090536,8,5,Over-ear Headphones,audio,3,199.95,599.85,cancelled,2026-08-12T19:45:25+00:00
ORD-090537,4,5,Over-ear Headphones,audio,2,199.95,399.90,pending,2026-08-12T00:49:03+00:00
ORD-090538,1,6,Desk Speakers Pair,audio,1,89.00,89.00,refunded,2026-08-12T17:31:54+00:00
ORD-090539,3,6,Desk Speakers Pair,audio,5,89.00,445.00,cancelled,2026-08-12T03:22:38+00:00
ORD-090540,4,1,Mechanical Keyboard 75%,peripherals,5,129.00,645.00,refunded,2026-08-12T21:36:58+00:00
ORD-090541,9,10,Laptop Stand Aluminium,accessories,4,27.50,110.00,completed,2026-08-12T12:20:42+00:00
ORD-090542,5,3,27in 1440p Monitor,displays,5,319.99,1599.95,pending,2026-08-12T13:01:34+00:00
ORD-090543,3,1,Mechanical Keyboard 75%,peripherals,4,129.00,516.00,completed,2026-08-12T13:27:24+00:00
ORD-090544,5,6,Desk Speakers Pair,audio,2,89.00,178.00,refunded,2026-08-12T18:56:58+00:00
ORD-090545,8,2,Wireless Mouse,peripherals,4,49.50,198.00,completed,2026-08-12T23:38:08+00:00
ORD-090546,9,10,Laptop Stand Aluminium,accessories,2,27.50,55.00,cancelled,2026-08-12T21:33:04+00:00
ORD-090547,4,8,Ergonomic Chair,furniture,3,612.75,1838.25,cancelled,2026-08-12T13:22:41+00:00
ORD-090548,6,5,Over-ear Headphones,audio,1,199.95,199.95,pending,2026-08-12T09:30:07+00:00
ORD-090549,6,8,Ergonomic Chair,furniture,4,612.75,2451.00,refunded,2026-08-12T17:28:08+00:00
ORD-090550,9,2,Wireless Mouse,peripherals,1,49.50,49.50,refunded,2026-08-12T15:34:28+00:00
ORD-090551,9,7,Standing Desk 120cm,furniture,2,449.00,898.00,refunded,2026-08-12T23:55:45+00:00
ORD-090552,5,4,34in Ultrawide Monitor,displays,1,579.00,579.00,refunded,2026-08-12T12:23:18+00:00
ORD-090553,6,9,USB-C Hub 8-in-1,accessories,4,39.99,159.96,cancelled,2026-08-12T06:49:56+00:00
ORD-090554,7,3,27in 1440p Monitor,displays,3,319.99,959.97,completed,2026-08-12T04:57:52+00:00
ORD-090555,6,5,Over-ear Headphones,audio,5,199.95,999.75,pending,2026-08-12T20:35:59+00:00
ORD-090556,3,4,34in Ultrawide Monitor,displays,5,579.00,2895.00,pending,2026-08-12T23:45:13+00:00
ORD-090557,5,7,Standing Desk 120cm,furniture,2,449.00,898.00,pending,2026-08-12T11:47:04+00:00
ORD-090558,6,2,Wireless Mouse,peripherals,4,49.50,198.00,pending,2026-08-12T08:53:49+00:00
ORD-090559,4,5,Over-ear Headphones,audio,5,199.95,999.75,pending,2026-08-12T22:44:48+00:00
ORD-090560,7,5,Over-ear Headphones,audio,2,199.95,399.90,completed,2026-08-12T08:06:18+00:00
ORD-090561,7,6,Desk Speakers Pair,audio,3,89.00,267.00,completed,2026-08-12T00:00:42+00:00
ORD-090562,10,7,Standing Desk 120cm,furniture,2,449.00,898.00,cancelled,2026-08-12T08:37:23+00:00
ORD-090563,7,1,Mechanical Keyboard 75%,peripherals,5,129.00,645.00,refunded,2026-08-12T02:32:30+00:00
ORD-090564,10,4,34in Ultrawide Monitor,displays,4,579.00,2316.00,pending,2026-08-12T06:15:37+00:00
ORD-090565,6,6,Desk Speakers Pair,audio,5,89.00,445.00,completed,2026-08-12T21:37:12+00:00
ORD-090566,5,8,Ergonomic Chair,furniture,4,612.75,2451.00,cancelled,2026-08-12T15:59:42+00:00
ORD-090567,3,5,Over-ear Headphones,audio,1,199.95,199.95,cancelled,2026-08-12T15:59:10+00:00
ORD-090568,10,10,Laptop Stand Aluminium,accessories,5,27.50,137.50,pending,2026-08-12T14:54:52+00:00
ORD-090569,9,4,34in Ultrawide Monitor,displays,2,579.00,1158.00,cancelled,2026-08-12T01:59:59+00:00
ORD-090570,6,6,Desk Speakers Pair,audio,5,89.00,445.00,refunded,2026-08-12T03:18:08+00:00
ORD-090571,8,9,USB-C Hub 8-in-1,accessories,2,39.99,79.98,refunded,2026-08-12T00:34:52+00:00
ORD-090572,5,1,Mechanical Keyboard 75%,peripherals,2,129.00,258.00,completed,2026-08-12T10:37:49+00:00
ORD-090573,5,3,27in 1440p Monitor,displays,1,319.99,319.99,cancelled,2026-08-12T14:15:37+00:00
ORD-090574,7,6,Desk Speakers Pair,audio,3,89.00,267.00,refunded,2026-08-12T01:01:00+00:00
ORD-090575,9,6,Desk Speakers Pair,audio,2,89.00,178.00,refunded,2026-08-12T10:21:54+00:00
ORD-090576,9,9,USB-C Hub 8-in-1,accessories,2,39.99,79.98,cancelled,2026-08-12T06:16:02+00:00
ORD-090577,6,6,Desk Speakers Pair,audio,5,89.00,445.00,cancelled,2026-08-12T01:03:56+00:00
ORD-090578,8,9,USB-C Hub 8-in-1,accessories,1,39.99,39.99,cancelled,2026-08-12T01:12:10+00:00
ORD-090579,9,2,Wireless Mouse,peripherals,4,49.50,198.00,completed,2026-08-12T12:58:07+00:00
ORD-090580,3,3,27in 1440p Monitor,displays,3,319.99,959.97,refunded,2026-08-12T16:46:22+00:00
ORD-090581,3,10,Laptop Stand Aluminium,accessories,5,27.50,137.50,refunded,2026-08-12T01:38:46+00:00
ORD-090582,9,4,34in Ultrawide Monitor,displays,2,579.00,1158.00,completed,2026-08-12T09:29:06+00:00
ORD-090583,3,2,Wireless Mouse,peripherals,3,49.50,148.50,pending,2026-08-12T04:50:39+00:00
ORD-090584,8,5,Over-ear Headphones,audio,3,199.95,599.85,pending,2026-08-12T15:03:34+00:00
ORD-090585,5,6,Desk Speakers Pair,audio,2,89.00,178.00,pending,2026-08-12T16:18:14+00:00
ORD-090586,6,6,Desk Speakers Pair,audio,2,89.00,178.00,cancelled,2026-08-12T13:59:22+00:00
ORD-090587,6,6,Desk Speakers Pair,audio,1,89.00,89.00,cancelled,2026-08-12T02:14:29+00:00
ORD-090588,4,3,27in 1440p Monitor,displays,5,319.99,1599.95,pending,2026-08-12T16:56:28+00:00
ORD-090589,2,2,Wireless Mouse,peripherals,3,49.50,148.50,cancelled,2026-08-12T12:48:47+00:00
ORD-090590,7,7,Standing Desk 120cm,furniture,2,449.00,898.00,refunded,2026-08-12T01:15:25+00:00
ORD-090591,1,9,USB-C Hub 8-in-1,accessories,3,39.99,119.97,refunded,2026-08-12T14:59:41+00:00
ORD-090592,6,2,Wireless Mouse,peripherals,4,49.50,198.00,completed,2026-08-12T13:13:07+00:00
ORD-090593,5,5,Over-ear Headphones,audio,5,199.95,999.75,completed,2026-08-12T20:33:00+00:00
ORD-090594,8,5,Over-ear Headphones,audio,5,199.95,999.75,completed,2026-08-12T04:27:53+00:00
ORD-090595,4,2,Wireless Mouse,peripherals,2,49.50,99.00,refunded,2026-08-12T10:37:41+00:00
ORD-090596,3,10,Laptop Stand Aluminium,accessories,2,27.50,55.00,pending,2026-08-12T02:43:22+00:00
ORD-090597,2,3,27in 1440p Monitor,displays,4,319.99,1279.96,completed,2026-08-12T16:48:01+00:00
ORD-090598,9,9,USB-C Hub 8-in-1,accessories,5,39.99,199.95,cancelled,2026-08-12T18:47:45+00:00
ORD-090599,10,10,Laptop Stand Aluminium,accessories,3,27.50,82.50,pending,2026-08-12T12:36:48+00:00
ORD-090600,10,1,Mechanical Keyboard 75%,peripherals,2,129.00,258.00,cancelled,2026-08-12T18:13:22+00:00
ORD-090601,10,9,USB-C Hub 8-in-1,accessories,4,39.99,159.96,cancelled,2026-08-12T21:27:36+00:00
ORD-090602,4,5,Over-ear Headphones,audio,4,199.95,799.80,refunded,2026-08-12T14:00:43+00:00
ORD-090603,5,3,27in 1440p Monitor,displays,5,319.99,1599.95,refunded,2026-08-12T17:46:45+00:00
ORD-090604,7,2,Wireless Mouse,peripherals,1,49.50,49.50,refunded,2026-08-12T09:51:55+00:00
ORD-090605,6,2,Wireless Mouse,peripherals,3,49.50,148.50,refunded,2026-08-12T08:20:26+00:00
ORD-090606,7,2,Wireless Mouse,peripherals,2,49.50,99.00,refunded,2026-08-12T20:40:09+00:00
ORD-090607,9,3,27in 1440p Monitor,displays,3,319.99,959.97,cancelled,2026-08-12T04:11:48+00:00
ORD-090608,6,5,Over-ear Headphones,audio,5,199.95,999.75,pending,2026-08-12T04:46:37+00:00
ORD-090609,6,2,Wireless Mouse,peripherals,5,49.50,247.50,completed,2026-08-12T08:27:59+00:00
ORD-090610,1,3,27in 1440p Monitor,displays,2,319.99,639.98,pending,2026-08-12T04:09:28+00:00
ORD-090611,6,3,27in 1440p Monitor,displays,2,319.99,639.98,cancelled,2026-08-12T14:13:53+00:00
ORD-090612,3,2,Wireless Mouse,peripherals,1,49.50,49.50,refunded,2026-08-12T22:04:19+00:00
ORD-090613,6,7,Standing Desk 120cm,furniture,1,449.00,449.00,cancelled,2026-08-12T04:19:49+00:00
ORD-090614,7,5,Over-ear Headphones,audio,3,199.95,599.85,completed,2026-08-12T23:25:42+00:00
ORD-090615,6,2,Wireless Mouse,peripherals,5,49.50,247.50,cancelled,2026-08-12T19:03:42+00:00
ORD-090616,3,8,Ergonomic Chair,furniture,4,612.75,2451.00,cancelled,2026-08-12T08:27:16+00:00
ORD-090617,5,3,27in 1440p Monitor,displays,1,319.99,319.99,completed,2026-08-12T19:58:10+00:00
ORD-090618,5,2,Wireless Mouse,peripherals,4,49.50,198.00,pending,2026-08-12T23:46:01+00:00
ORD-090619,1,3,27in 1440p Monitor,displays,1,319.99,319.99,completed,2026-08-12T20:22:59+00:00
ORD-090620,8,4,34in Ultrawide Monitor,displays,4,579.00,2316.00,cancelled,2026-08-12T15:18:53+00:00
ORD-090621,7,2,Wireless Mouse,peripherals,2,49.50,99.00,refunded,2026-08-12T06:43:56+00:00
ORD-090622,1,1,Mechanical Keyboard 75%,peripherals,3,129.00,387.00,completed,2026-08-12T20:14:03+00:00
ORD-090623,1,8,Ergonomic Chair,furniture,5,612.75,3063.75,refunded,2026-08-12T18:28:34+00:00
ORD-090624,4,9,USB-C Hub 8-in-1,accessories,4,39.99,159.96,refunded,2026-08-12T14:02:58+00:00
ORD-090625,8,5,Over-ear Headphones,audio,1,199.95,199.95,cancelled,2026-08-12T16:18:08+00:00
ORD-090626,5,10,Laptop Stand Aluminium,accessories,4,27.50,110.00,cancelled,2026-08-12T21:21:55+00:00
ORD-090627,9,4,34in Ultrawide Monitor,displays,2,579.00,1158.00,pending,2026-08-12T00:57:16+00:00
ORD-090628,7,3,27in 1440p Monitor,displays,4,319.99,1279.96,cancelled,2026-08-12T23:48:36+00:00
ORD-090629,8,7,Standing Desk 120cm,furniture,3,449.00,1347.00,cancelled,2026-08-12T00:47:08+00:00
ORD-090630,5,9,USB-C Hub 8-in-1,accessories,5,39.99,199.95,completed,2026-08-12T00:04:34+00:00
ORD-090631,3,9,USB-C Hub 8-in-1,accessories,5,39.99,199.95,cancelled,2026-08-12T12:56:09+00:00
ORD-090632,6,7,Standing Desk 120cm,furniture,1,449.00,449.00,cancelled,2026-08-12T19:04:26+00:00
ORD-090633,3,10,Laptop Stand Aluminium,accessories,3,27.50,82.50,refunded,2026-08-12T16:31:12+00:00
ORD-090634,7,5,Over-ear Headphones,audio,2,199.95,399.90,completed,2026-08-12T03:11:48+00:00
ORD-090635,9,2,Wireless Mouse,peripherals,2,49.50,99.00,cancelled,2026-08-12T16:24:59+00:00
ORD-090636,9,4,34in Ultrawide Monitor,displays,4,579.00,2316.00,pending,2026-08-12T23:59:26+00:00
ORD-090637,4,1,Mechanical Keyboard 75%,peripherals,5,129.00,645.00,completed,2026-08-12T23:24:51+00:00
ORD-090638,1,10,Laptop Stand Aluminium,accessories,1,27.50,27.50,pending,2026-08-12T21:13:43+00:00
ORD-090639,4,5,Over-ear Headphones,audio,2,199.95,399.90,pending,2026-08-12T01:52:35+00:00
ORD-090640,7,4,34in Ultrawide Monitor,displays,4,579.00,2316.00,refunded,2026-08-12T10:44:11+00:00
ORD-090641,8,5,Over-ear Headphones,audio,4,199.95,799.80,refunded,2026-08-12T06:41:35+00:00
ORD-090642,10,9,USB-C Hub 8-in-1,accessories,2,39.99,79.98,completed,not-a-valid-date
ORD-090643,6,1,Mechanical Keyboard 75%,peripherals,4,129.00,516.00,cancelled,2026-08-12T05:18:46+00:00
ORD-090644,8,2,Wireless Mouse,peripherals,4,49.50,198.00,completed,2026-08-12T11:40:03+00:00
ORD-090645,8,9,USB-C Hub 8-in-1,accessories,4,39.99,159.96,completed,2026-08-12T11:57:31+00:00
ORD-090646,3,4,34in Ultrawide Monitor,displays,2,579.00,1158.00,refunded,2026-08-12T07:39:40+00:00
ORD-090647,7,3,27in 1440p Monitor,displays,5,319.99,1599.95,refunded,2026-08-12T11:57:58+00:00
ORD-090648,6,3,27in 1440p Monitor,displays,2,319.99,639.98,refunded,2026-08-12T12:24:42+00:00
ORD-090649,4,8,Ergonomic Chair,furniture,4,612.75,2451.00,cancelled,2026-08-12T01:48:26+00:00
ORD-090650,7,7,Standing Desk 120cm,furniture,3,449.00,1347.00,completed,2026-08-12T14:14:31+00:00
ORD-090651,3,5,Over-ear Headphones,audio,4,199.95,799.80,cancelled,2026-08-12T01:30:11+00:00
ORD-090652,4,8,Ergonomic Chair,furniture,3,612.75,1838.25,cancelled,2026-08-12T13:20:18+00:00
ORD-090653,5,4,34in Ultrawide Monitor,displays,5,579.00,2895.00,completed,2026-08-12T16:52:55+00:00
ORD-090654,6,5,Over-ear Headphones,audio,3,199.95,599.85,refunded,2026-08-12T05:25:38+00:00
ORD-090655,9,7,Standing Desk 120cm,furniture,3,449.00,1347.00,cancelled,2026-08-12T17:44:11+00:00
ORD-090656,9,2,Wireless Mouse,peripherals,2,49.50,99.00,pending,2026-08-12T06:39:31+00:00
ORD-090657,8,3,27in 1440p Monitor,displays,3,319.99,959.97,cancelled,2026-08-12T15:25:18+00:00
ORD-090658,3,1,Mechanical Keyboard 75%,peripherals,4,129.00,516.00,completed,2026-08-12T15:24:11+00:00
ORD-090659,8,9,USB-C Hub 8-in-1,accessories,3,39.99,119.97,completed,2026-08-12T13:56:23+00:00
ORD-090660,2,7,Standing Desk 120cm,furniture,1,449.00,449.00,cancelled,2026-08-12T07:33:55+00:00
ORD-090661,6,6,Desk Speakers Pair,audio,3,89.00,267.00,pending,2026-08-12T07:37:41+00:00
ORD-090662,10,2,Wireless Mouse,peripherals,4,49.50,198.00,pending,2026-08-12T09:22:00+00:00
ORD-090663,7,3,27in 1440p Monitor,displays,2,319.99,639.98,completed,2026-08-12T02:04:32+00:00
ORD-090664,6,4,34in Ultrawide Monitor,displays,2,579.00,1158.00,refunded,2026-08-12T01:41:07+00:00
ORD-090665,8,9,USB-C Hub 8-in-1,accessories,2,39.99,79.98,refunded,2026-08-12T22:06:15+00:00
ORD-090666,7,8,Ergonomic Chair,furniture,3,612.75,1838.25,pending,2026-08-12T18:51:24+00:00
ORD-090667,4,6,Desk Speakers Pair,audio,1,89.00,89.00,pending,2026-08-12T10:24:31+00:00
ORD-090668,6,8,Ergonomic Chair,furniture,4,612.75,2451.00,cancelled,2026-08-12T19:49:22+00:00
ORD-090669,5,1,Mechanical Keyboard 75%,peripherals,2,129.00,258.00,refunded,2026-08-12T05:12:47+00:00
ORD-090670,4,10,Laptop Stand Aluminium,accessories,1,27.50,27.50,refunded,2026-08-12T04:35:13+00:00
ORD-090671,7,9,USB-C Hub 8-in-1,accessories,4,39.99,159.96,cancelled,2026-08-12T15:09:45+00:00
ORD-090672,9,4,34in Ultrawide Monitor,displays,1,579.00,579.00,pending,2026-08-12T02:44:36+00:00
ORD-090673,1,5,Over-ear Headphones,audio,1,199.95,199.95,cancelled,2026-08-12T07:49:25+00:00
ORD-090674,6,9,USB-C Hub 8-in-1,accessories,3,39.99,119.97,completed,2026-08-12T17:40:02+00:00
ORD-090675,9,7,Standing Desk 120cm,furniture,1,449.00,449.00,pending,2026-08-12T05:59:19+00:00
ORD-090676,8,6,Desk Speakers Pair,audio,2,89.00,178.00,refunded,2026-08-12T23:03:07+00:00
ORD-090677,8,5,Over-ear Headphones,audio,5,199.95,999.75,cancelled,2026-08-12T14:35:39+00:00
ORD-090678,10,9,USB-C Hub 8-in-1,accessories,3,39.99,119.97,cancelled,2026-08-12T20:45:13+00:00
ORD-090679,1,5,Over-ear Headphones,audio,3,199.95,599.85,completed,2026-08-12T06:09:01+00:00
ORD-090680,6,4,34in Ultrawide Monitor,displays,4,579.00,2316.00,cancelled,2026-08-12T17:45:04+00:00
ORD-090681,7,8,Ergonomic Chair,furniture,4,612.75,2451.00,refunded,2026-08-12T06:04:09+00:00
ORD-090682,9,6,Desk Speakers Pair,audio,5,89.00,445.00,refunded,2026-08-12T21:58:41+00:00
ORD-090683,4,10,Laptop Stand Aluminium,accessories,5,27.50,137.50,completed,2026-08-12T21:46:40+00:00
ORD-090684,4,6,Desk Speakers Pair,audio,1,89.00,89.00,refunded,2026-08-12T16:29:52+00:00
ORD-090685,8,6,Desk Speakers Pair,audio,4,89.00,356.00,cancelled,2026-08-12T07:03:19+00:00
ORD-090686,10,10,Laptop Stand Aluminium,accessories,4,27.50,110.00,completed,2026-08-12T16:53:32+00:00
ORD-090687,9,8,Ergonomic Chair,furniture,5,612.75,3063.75,refunded,2026-08-12T23:20:58+00:00
ORD-090688,9,9,USB-C Hub 8-in-1,accessories,3,39.99,119.97,refunded,2026-08-12T03:58:44+00:00
ORD-090689,6,2,Wireless Mouse,peripherals,4,49.50,198.00,completed,2026-08-12T07:46:42+00:00
ORD-090690,7,7,Standing Desk 120cm,furniture,3,449.00,1347.00,pending,2026-08-12T04:55:08+00:00
ORD-090691,4,6,Desk Speakers Pair,audio,5,89.00,445.00,completed,2026-08-12T20:35:58+00:00
ORD-090692,8,10,Laptop Stand Aluminium,accessories,5,27.50,137.50,completed,2026-08-12T16:50:04+00:00
ORD-090693,1,4,34in Ultrawide Monitor,displays,1,579.00,579.00,pending,2026-08-12T11:33:42+00:00
ORD-090694,10,4,34in Ultrawide Monitor,displays,1,579.00,579.00,completed,2026-08-12T03:37:46+00:00
ORD-090695,3,5,Over-ear Headphones,audio,5,199.95,999.75,cancelled,2026-08-12T01:04:15+00:00
ORD-090696,7,3,27in 1440p Monitor,displays,3,319.99,959.97,pending,2026-08-12T14:25:11+00:00
ORD-090697,6,6,Desk Speakers Pair,audio,1,89.00,89.00,completed,2026-08-12T14:59:26+00:00
ORD-090698,10,1,Mechanical Keyboard 75%,peripherals,5,129.00,645.00,refunded,2026-08-12T18:01:06+00:00
ORD-090699,6,10,Laptop Stand Aluminium,accessories,1,27.50,27.50,cancelled,2026-08-12T08:01:36+00:00
ORD-090700,1,1,Mechanical Keyboard 75%,peripherals,2,129.00,258.00,refunded,2026-08-12T20:11:10+00:00
ORD-090701,8,7,Standing Desk 120cm,furniture,3,449.00,1347.00,refunded,2026-08-12T22:59:18+00:00
ORD-090702,2,9,USB-C Hub 8-in-1,accessories,3,39.99,119.97,cancelled,2026-08-12T17:18:34+00:00
ORD-090703,3,6,Desk Speakers Pair,audio,5,89.00,445.00,completed,2026-08-12T16:18:10+00:00
ORD-090704,8,10,Laptop Stand Aluminium,accessories,2,27.50,55.00,completed,2026-08-12T17:40:34+00:00
ORD-090705,1,2,Wireless Mouse,peripherals,1,49.50,49.50,refunded,2026-08-12T04:38:01+00:00
ORD-090706,5,6,Desk Speakers Pair,audio,5,89.00,445.00,completed,2026-08-12T08:06:20+00:00
ORD-090707,4,2,Wireless Mouse,peripherals,1,49.50,49.50,cancelled,2026-08-12T20:49:47+00:00
ORD-090708,4,10,Laptop Stand Aluminium,accessories,2,27.50,55.00,pending,2026-08-12T13:11:58+00:00
ORD-090709,4,6,Desk Speakers Pair,audio,5,89.00,445.00,pending,2026-08-12T20:07:00+00:00
ORD-090710,7,10,Laptop Stand Aluminium,accessories,4,27.50,110.00,completed,2026-08-12T07:55:36+00:00
ORD-090711,1,8,Ergonomic Chair,furniture,2,612.75,1225.50,cancelled,2026-08-12T13:31:19+00:00
ORD-090712,5,2,Wireless Mouse,peripherals,2,49.50,99.00,refunded,2026-08-12T05:39:59+00:00
ORD-090713,8,2,Wireless Mouse,peripherals,1,49.50,49.50,cancelled,2026-08-12T00:47:37+00:00
ORD-090714,4,6,Desk Speakers Pair,audio,4,89.00,356.00,completed,2026-08-12T08:20:23+00:00
ORD-090715,2,10,Laptop Stand Aluminium,accessories,5,27.50,137.50,cancelled,2026-08-12T16:13:03+00:00
ORD-090716,9,4,34in Ultrawide Monitor,displays,1,579.00,579.00,refunded,2026-08-12T12:55:42+00:00
ORD-090717,6,3,27in 1440p Monitor,displays,3,319.99,959.97,completed,2026-08-12T05:39:56+00:00
ORD-090718,9,1,Mechanical Keyboard 75%,peripherals,5,129.00,645.00,refunded,2026-08-12T17:49:57+00:00
ORD-090719,6,7,Standing Desk 120cm,furniture,2,449.00,898.00,refunded,2026-08-12T10:17:27+00:00
ORD-090720,9,6,Desk Speakers Pair,audio,1,89.00,89.00,completed,2026-08-12T23:33:30+00:00
ORD-090721,6,3,27in 1440p Monitor,displays,4,319.99,1279.96,pending,2026-08-12T19:35:54+00:00
ORD-090722,6,4,34in Ultrawide Monitor,displays,2,579.00,1158.00,completed,2026-08-12T04:35:24+00:00
ORD-090723,7,9,USB-C Hub 8-in-1,accessories,3,39.99,119.97,pending,2026-08-12T16:49:04+00:00
ORD-090724,1,4,34in Ultrawide Monitor,displays,5,579.00,2895.00,cancelled,2026-08-12T11:42:30+00:00
ORD-090725,5,3,27in 1440p Monitor,displays,3,319.99,959.97,pending,2026-08-12T07:27:48+00:00
ORD-090726,5,3,27in 1440p Monitor,displays,5,319.99,1599.95,refunded,2026-08-12T11:35:29+00:00
ORD-090727,6,8,Ergonomic Chair,furniture,3,612.75,1838.25,cancelled,2026-08-12T09:25:27+00:00
ORD-090728,6,8,Ergonomic Chair,furniture,5,612.75,3063.75,refunded,2026-08-12T11:37:39+00:00
ORD-090729,2,4,34in Ultrawide Monitor,displays,5,579.00,2895.00,pending,2026-08-12T02:02:46+00:00
ORD-090730,10,9,USB-C Hub 8-in-1,accessories,2,39.99,79.98,cancelled,2026-08-12T04:59:30+00:00
ORD-090731,7,4,34in Ultrawide Monitor,displays,3,579.00,1737.00,pending,2026-08-12T00:30:48+00:00
ORD-090732,7,5,Over-ear Headphones,audio,2,199.95,399.90,completed,2026-08-12T07:43:50+00:00
ORD-090733,6,4,34in Ultrawide Monitor,displays,2,579.00,1158.00,cancelled,2026-08-12T04:48:17+00:00
ORD-090734,5,8,Ergonomic Chair,furniture,5,612.75,3063.75,cancelled,2026-08-12T21:56:17+00:00
ORD-090735,9,2,Wireless Mouse,peripherals,1,49.50,49.50,refunded,2026-08-12T15:14:16+00:00
ORD-090736,5,9,USB-C Hub 8-in-1,accessories,5,39.99,199.95,completed,2026-08-12T14:42:47+00:00
ORD-090737,9,7,Standing Desk 120cm,furniture,5,449.00,2245.00,completed,2026-08-12T23:40:37+00:00
ORD-090738,9,1,Mechanical Keyboard 75%,peripherals,2,129.00,258.00,pending,2026-08-12T12:04:53+00:00
ORD-090739,6,10,Laptop Stand Aluminium,accessories,4,27.50,110.00,refunded,2026-08-12T08:57:19+00:00
ORD-090740,5,3,27in 1440p Monitor,displays,4,319.99,1279.96,cancelled,2026-08-12T02:03:33+00:00
ORD-090741,9,5,Over-ear Headphones,audio,3,199.95,599.85,completed,2026-08-12T14:10:21+00:00
ORD-090742,7,1,Mechanical Keyboard 75%,peripherals,3,129.00,387.00,refunded,2026-08-12T09:29:04+00:00
ORD-090743,4,2,Wireless Mouse,peripherals,1,49.50,49.50,pending,2026-08-12T00:23:18+00:00
ORD-090744,6,2,Wireless Mouse,peripherals,5,49.50,247.50,completed,2026-08-12T20:03:49+00:00
ORD-090745,2,6,Desk Speakers Pair,audio,5,89.00,445.00,cancelled,2026-08-12T04:43:46+00:00
ORD-090746,5,6,Desk Speakers Pair,audio,2,89.00,178.00,refunded,2026-08-12T09:20:19+00:00
ORD-090747,7,5,Over-ear Headphones,audio,2,199.95,399.90,pending,2026-08-12T12:48:27+00:00
ORD-090748,8,5,Over-ear Headphones,audio,2,199.95,399.90,pending,2026-08-12T19:00:27+00:00
ORD-090749,5,9,USB-C Hub 8-in-1,accessories,5,39.99,199.95,pending,2026-08-12T09:09:17+00:00
ORD-090750,2,5,Over-ear Headphones,audio,3,199.95,599.85,pending,2026-08-12T04:48:57+00:00
ORD-090751,4,1,Mechanical Keyboard 75%,peripherals,1,129.00,129.00,pending,2026-08-12T11:20:42+00:00
ORD-090752,4,4,34in Ultrawide Monitor,displays,1,579.00,579.00,refunded,2026-08-12T02:55:02+00:00
ORD-090753,10,3,27in 1440p Monitor,displays,2,319.99,639.98,completed,2026-08-12T19:01:50+00:00
ORD-090754,2,8,Ergonomic Chair,furniture,2,612.75,1225.50,pending,2026-08-12T13:59:33+00:00
ORD-090755,8,8,Ergonomic Chair,furniture,1,612.75,612.75,refunded,2026-08-12T06:39:01+00:00
ORD-090756,6,10,Laptop Stand Aluminium,accessories,4,27.50,110.00,cancelled,2026-08-12T20:24:00+00:00
ORD-090757,2,10,Laptop Stand Aluminium,accessories,2,27.50,55.00,cancelled,2026-08-12T22:01:44+00:00
ORD-090758,5,10,Laptop Stand Aluminium,accessories,2,27.50,55.00,completed,2026-08-12T21:00:54+00:00
ORD-090759,3,9,USB-C Hub 8-in-1,accessories,5,39.99,199.95,cancelled,2026-08-12T18:47:54+00:00
ORD-090760,3,9,USB-C Hub 8-in-1,accessories,2,39.99,79.98,pending,2026-08-12T21:28:25+00:00
ORD-090761,3,6,Desk Speakers Pair,audio,5,89.00,445.00,completed,2026-08-12T08:37:28+00:00
ORD-090762,4,3,27in 1440p Monitor,displays,1,319.99,319.99,cancelled,2026-08-12T11:50:51+00:00
ORD-090763,8,9,USB-C Hub 8-in-1,accessories,1,39.99,39.99,completed,2026-08-12T00:16:48+00:00
ORD-090764,5,5,Over-ear Headphones,audio,3,199.95,599.85,cancelled,2026-08-12T14:54:49+00:00
ORD-090765,2,10,Laptop Stand Aluminium,accessories,1,27.50,27.50,cancelled,2026-08-12T00:02:01+00:00
ORD-090766,5,10,Laptop Stand Aluminium,accessories,1,27.50,27.50,cancelled,2026-08-12T23:26:50+00:00
ORD-090767,10,1,Mechanical Keyboard 75%,peripherals,2,129.00,258.00,pending,2026-08-12T15:53:35+00:00
ORD-090768,6,4,34in Ultrawide Monitor,displays,3,579.00,1737.00,refunded,2026-08-12T17:02:22+00:00
ORD-090769,1,9,USB-C Hub 8-in-1,accessories,5,39.99,199.95,refunded,2026-08-12T07:48:25+00:00
ORD-090770,6,9,USB-C Hub 8-in-1,accessories,2,39.99,79.98,cancelled,2026-08-12T22:22:38+00:00
ORD-090771,5,7,Standing Desk 120cm,furniture,3,449.00,1347.00,completed,2026-08-12T11:52:24+00:00
ORD-090772,6,5,Over-ear Headphones,audio,2,199.95,399.90,pending,2026-08-12T18:12:38+00:00
ORD-090773,2,9,USB-C Hub 8-in-1,accessories,1,39.99,39.99,completed,2026-08-12T03:10:14+00:00
ORD-090774,8,5,Over-ear Headphones,audio,5,199.95,999.75,cancelled,2026-08-12T02:05:25+00:00
ORD-090775,3,7,Standing Desk 120cm,furniture,4,449.00,1796.00,cancelled,2026-08-12T07:29:46+00:00
ORD-090776,2,5,Over-ear Headphones,audio,1,199.95,199.95,completed,2026-08-12T10:58:21+00:00
ORD-090777,9,8,Ergonomic Chair,furniture,5,612.75,3063.75,pending,2026-08-12T09:29:59+00:00
ORD-090778,9,10,Laptop Stand Aluminium,accessories,5,27.50,137.50,pending,2026-08-12T06:56:32+00:00
ORD-090779,2,6,Desk Speakers Pair,audio,4,89.00,356.00,pending,2026-08-12T23:57:48+00:00
ORD-090780,10,2,Wireless Mouse,peripherals,1,49.50,49.50,completed,2026-08-12T05:03:15+00:00
ORD-090781,2,6,Desk Speakers Pair,audio,1,89.00,89.00,cancelled,2026-08-12T22:12:33+00:00
ORD-090782,8,7,Standing Desk 120cm,furniture,5,449.00,2245.00,cancelled,2026-08-12T03:06:54+00:00
ORD-090783,5,2,Wireless Mouse,peripherals,2,49.50,99.00,pending,2026-08-12T20:32:33+00:00
ORD-090784,8,8,Ergonomic Chair,furniture,4,612.75,2451.00,pending,2026-08-12T01:26:24+00:00
ORD-090785,5,7,Standing Desk 120cm,furniture,2,449.00,898.00,cancelled,2026-08-12T00:13:25+00:00
ORD-090786,3,5,Over-ear Headphones,audio,5,199.95,999.75,pending,2026-08-12T12:58:21+00:00
ORD-090787,9,10,Laptop Stand Aluminium,accessories,4,27.50,110.00,completed,2026-08-12T07:55:05+00:00
ORD-090788,5,3,27in 1440p Monitor,displays,2,319.99,639.98,cancelled,2026-08-12T16:45:19+00:00
ORD-090789,2,2,Wireless Mouse,peripherals,2,49.50,99.00,cancelled,2026-08-12T17:02:43+00:00
ORD-090790,8,10,Laptop Stand Aluminium,accessories,4,27.50,110.00,pending,2026-08-12T11:18:56+00:00
ORD-090791,2,10,Laptop Stand Aluminium,accessories,4,27.50,110.00,completed,2026-08-12T03:58:28+00:00
ORD-090792,5,7,Standing Desk 120cm,furniture,2,449.00,898.00,cancelled,2026-08-12T13:48:58+00:00
ORD-090793,3,9,USB-C Hub 8-in-1,accessories,3,39.99,119.97,pending,2026-08-12T18:55:04+00:00
ORD-090794,9,4,34in Ultrawide Monitor,displays,4,579.00,2316.00,cancelled,2026-08-12T06:53:45+00:00
ORD-090795,6,6,Desk Speakers Pair,audio,3,89.00,267.00,completed,2026-08-12T00:52:06+00:00
ORD-090796,9,4,34in Ultrawide Monitor,displays,4,579.00,2316.00,refunded,2026-08-12T12:56:45+00:00
ORD-090797,10,1,Mechanical Keyboard 75%,peripherals,4,129.00,516.00,cancelled,2026-08-12T23:10:00+00:00
ORD-090798,2,3,27in 1440p Monitor,displays,5,319.99,1599.95,unknown_status,2026-08-12T03:42:44+00:00
ORD-090799,4,10,Laptop Stand Aluminium,accessories,2,27.50,55.00,completed,2026-08-12T14:16:48+00:00
ORD-090800,9,7,Standing Desk 120cm,furniture,1,449.00,449.00,refunded,2026-08-12T13:31:54+00:00
ORD-090801,10,10,Laptop Stand Aluminium,accessories,5,27.50,137.50,completed,2026-08-12T04:52:41+00:00
ORD-090802,10,7,Standing Desk 120cm,furniture,1,449.00,449.00,pending,2026-08-12T07:47:33+00:00
ORD-090803,10,3,27in 1440p Monitor,displays,1,319.99,319.99,completed,2026-08-12T11:20:58+00:00
ORD-090804,4,6,Desk Speakers Pair,audio,1,89.00,89.00,pending,2026-08-12T12:27:21+00:00
ORD-090805,3,6,Desk Speakers Pair,audio,2,89.00,178.00,refunded,2026-08-12T07:12:56+00:00
ORD-090806,1,3,27in 1440p Monitor,displays,5,319.99,1599.95,refunded,2026-08-12T19:00:30+00:00
ORD-090807,8,1,Mechanical Keyboard 75%,peripherals,1,129.00,129.00,cancelled,2026-08-12T11:30:35+00:00
ORD-090808,4,3,27in 1440p Monitor,displays,3,319.99,959.97,refunded,2026-08-12T09:06:59+00:00
ORD-090809,8,7,Standing Desk 120cm,furniture,1,449.00,449.00,cancelled,2026-08-12T15:14:53+00:00
ORD-090810,1,5,Over-ear Headphones,audio,5,199.95,999.75,refunded,2026-08-12T02:44:47+00:00
ORD-090811,2,10,Laptop Stand Aluminium,accessories,5,27.50,137.50,pending,2026-08-12T13:29:32+00:00
ORD-090812,7,7,Standing Desk 120cm,furniture,2,449.00,898.00,refunded,2026-08-12T14:44:32+00:00
ORD-090813,10,3,27in 1440p Monitor,displays,3,319.99,959.97,pending,2026-08-12T09:15:26+00:00
ORD-090814,8,2,Wireless Mouse,peripherals,4,49.50,198.00,completed,2026-08-12T11:43:05+00:00
ORD-090815,7,7,Standing Desk 120cm,furniture,1,449.00,449.00,cancelled,2026-08-12T10:37:46+00:00
ORD-090816,3,4,34in Ultrawide Monitor,displays,3,579.00,1737.00,pending,2026-08-12T02:32:42+00:00
ORD-090817,1,7,Standing Desk 120cm,furniture,1,449.00,449.00,pending,2026-08-12T07:13:08+00:00
ORD-090818,4,7,Standing Desk 120cm,furniture,1,449.00,449.00,pending,2026-08-12T07:18:53+00:00
ORD-090819,3,6,Desk Speakers Pair,audio,1,89.00,89.00,refunded,2026-08-12T18:59:07+00:00
ORD-090820,9,10,Laptop Stand Aluminium,accessories,1,27.50,27.50,completed,2026-08-12T08:47:24+00:00
ORD-090821,3,1,Mechanical Keyboard 75%,peripherals,2,129.00,258.00,cancelled,2026-08-12T10:49:41+00:00
ORD-090822,5,6,Desk Speakers Pair,audio,2,89.00,178.00,cancelled,2026-08-12T13:50:28+00:00
ORD-090823,1,4,34in Ultrawide Monitor,displays,3,579.00,1737.00,completed,2026-08-12T01:01:00+00:00
ORD-090824,9,1,Mechanical Keyboard 75%,peripherals,1,129.00,129.00,refunded,2026-08-12T05:36:43+00:00
ORD-090825,4,4,34in Ultrawide Monitor,displays,3,579.00,1737.00,refunded,2026-08-12T23:40:51+00:00
ORD-090826,8,4,34in Ultrawide Monitor,displays,2,579.00,1158.00,refunded,2026-08-12T12:11:03+00:00
ORD-090827,6,5,Over-ear Headphones,audio,2,199.95,399.90,pending,2026-08-12T12:13:17+00:00
ORD-090828,6,1,Mechanical Keyboard 75%,peripherals,1,129.00,129.00,cancelled,2026-08-12T19:05:28+00:00
ORD-090829,7,4,34in Ultrawide Monitor,displays,5,579.00,2895.00,pending,2026-08-12T10:09:43+00:00
ORD-090830,1,3,27in 1440p Monitor,displays,3,319.99,959.97,cancelled,2026-08-12T09:33:43+00:00
ORD-090831,5,8,Ergonomic Chair,furniture,3,612.75,1838.25,cancelled,2026-08-12T20:12:57+00:00
ORD-090832,7,6,Desk Speakers Pair,audio,2,89.00,178.00,completed,2026-08-12T21:16:27+00:00
ORD-090833,6,1,Mechanical Keyboard 75%,peripherals,5,129.00,645.00,refunded,2026-08-12T20:35:26+00:00
ORD-090834,2,6,Desk Speakers Pair,audio,2,89.00,178.00,refunded,2026-08-12T04:05:56+00:00
ORD-090835,4,9,USB-C Hub 8-in-1,accessories,2,39.99,79.98,cancelled,2026-08-12T16:42:52+00:00
ORD-090836,6,1,Mechanical Keyboard 75%,peripherals,3,129.00,387.00,pending,2026-08-12T09:56:44+00:00
ORD-090837,6,9,USB-C Hub 8-in-1,accessories,3,39.99,119.97,pending,2026-08-12T19:19:38+00:00
ORD-090838,10,3,27in 1440p Monitor,displays,5,319.99,1599.95,cancelled,2026-08-12T16:45:41+00:00
ORD-090839,10,1,Mechanical Keyboard 75%,peripherals,3,129.00,387.00,pending,2026-08-12T01:11:34+00:00
ORD-090840,9,1,Mechanical Keyboard 75%,peripherals,5,129.00,645.00,cancelled,2026-08-12T18:37:51+00:00
ORD-090841,9,6,Desk Speakers Pair,audio,4,89.00,356.00,refunded,2026-08-12T11:45:56+00:00
ORD-090842,6,2,Wireless Mouse,peripherals,2,49.50,99.00,cancelled,2026-08-12T03:39:21+00:00
ORD-090843,3,9,USB-C Hub 8-in-1,accessories,4,39.99,159.96,completed,2026-08-12T11:16:45+00:00
ORD-090844,2,5,Over-ear Headphones,audio,4,199.95,799.80,refunded,2026-08-12T06:48:30+00:00
ORD-090845,6,2,Wireless Mouse,peripherals,5,49.50,247.50,cancelled,2026-08-12T14:04:57+00:00
ORD-090846,8,8,Ergonomic Chair,furniture,3,612.75,1838.25,cancelled,2026-08-12T17:58:35+00:00
ORD-090847,7,6,Desk Speakers Pair,audio,2,89.00,178.00,completed,2026-08-12T20:41:41+00:00
ORD-090848,5,1,Mechanical Keyboard 75%,peripherals,3,129.00,387.00,pending,2026-08-12T18:50:14+00:00
ORD-090849,6,10,Laptop Stand Aluminium,accessories,1,27.50,27.50,pending,2026-08-12T20:49:58+00:00
ORD-090850,8,5,Over-ear Headphones,audio,3,199.95,599.85,pending,2026-08-12T04:44:43+00:00
ORD-090851,4,5,Over-ear Headphones,audio,5,199.95,999.75,refunded,2026-08-12T04:57:16+00:00
ORD-090852,3,6,Desk Speakers Pair,audio,1,89.00,89.00,cancelled,2026-08-12T23:29:36+00:00
ORD-090853,9,9,USB-C Hub 8-in-1,accessories,1,39.99,39.99,cancelled,2026-08-12T13:44:07+00:00
ORD-090854,7,6,Desk Speakers Pair,audio,1,89.00,89.00,completed,2026-08-12T09:34:28+00:00
ORD-090855,8,10,Laptop Stand Aluminium,accessories,5,27.50,137.50,cancelled,2026-08-12T21:46:01+00:00
ORD-090856,1,7,Standing Desk 120cm,furniture,3,449.00,1347.00,cancelled,2026-08-12T06:19:38+00:00
ORD-090857,1,1,Mechanical Keyboard 75%,peripherals,4,129.00,516.00,completed,2026-08-12T20:22:14+00:00
ORD-090858,3,7,Standing Desk 120cm,furniture,1,449.00,449.00,completed,2026-08-12T17:43:29+00:00
ORD-090859,8,3,27in 1440p Monitor,displays,3,319.99,959.97,completed,2026-08-12T02:03:04+00:00
ORD-090860,2,1,Mechanical Keyboard 75%,peripherals,3,129.00,387.00,completed,2026-08-12T00:47:30+00:00
ORD-090861,10,4,34in Ultrawide Monitor,displays,1,579.00,579.00,refunded,2026-08-12T14:13:07+00:00
ORD-090862,8,5,Over-ear Headphones,audio,3,199.95,599.85,refunded,2026-08-12T06:48:19+00:00
ORD-090863,2,5,Over-ear Headphones,audio,3,199.95,599.85,pending,2026-08-12T21:33:15+00:00
ORD-090864,1,6,Desk Speakers Pair,audio,1,89.00,89.00,completed,2026-08-12T00:27:00+00:00
ORD-090865,9,8,Ergonomic Chair,furniture,5,612.75,3063.75,pending,2026-08-12T08:35:16+00:00
ORD-090866,10,4,34in Ultrawide Monitor,displays,1,579.00,579.00,refunded,2026-08-12T20:22:11+00:00
ORD-090867,1,4,34in Ultrawide Monitor,displays,4,579.00,2316.00,cancelled,2026-08-12T19:15:17+00:00
ORD-090868,1,7,Standing Desk 120cm,furniture,3,449.00,1347.00,pending,2026-08-12T03:37:10+00:00
ORD-090869,6,3,27in 1440p Monitor,displays,4,319.99,1279.96,cancelled,2026-08-12T15:05:58+00:00
ORD-090870,8,5,Over-ear Headphones,audio,1,199.95,199.95,completed,2026-08-12T21:02:37+00:00
ORD-090871,6,1,Mechanical Keyboard 75%,peripherals,2,129.00,258.00,refunded,2026-08-12T09:04:07+00:00
ORD-090872,8,7,Standing Desk 120cm,furniture,2,449.00,898.00,cancelled,2026-08-12T22:24:25+00:00
ORD-090873,9,6,Desk Speakers Pair,audio,3,89.00,267.00,cancelled,2026-08-12T12:01:51+00:00
ORD-090874,6,1,Mechanical Keyboard 75%,peripherals,1,129.00,129.00,completed,2026-08-12T11:08:03+00:00
ORD-090875,1,4,34in Ultrawide Monitor,displays,1,579.00,579.00,pending,2026-08-12T09:48:48+00:00
ORD-090876,9,6,Desk Speakers Pair,audio,1,89.00,89.00,completed,2026-08-12T18:29:52+00:00
ORD-090877,3,4,34in Ultrawide Monitor,displays,5,579.00,2895.00,completed,2026-08-12T20:29:15+00:00
ORD-090878,2,4,34in Ultrawide Monitor,displays,2,579.00,1158.00,pending,2026-08-12T08:40:05+00:00
ORD-090879,1,2,Wireless Mouse,peripherals,2,49.50,99.00,completed,2026-08-12T07:44:54+00:00
ORD-090880,2,5,Over-ear Headphones,audio,2,199.95,399.90,refunded,2026-08-12T21:38:56+00:00
ORD-090881,6,4,34in Ultrawide Monitor,displays,1,579.00,579.00,completed,2026-08-12T12:30:55+00:00
ORD-090882,9,3,27in 1440p Monitor,displays,4,319.99,1279.96,pending,2026-08-12T19:04:07+00:00
ORD-090883,10,1,Mechanical Keyboard 75%,peripherals,3,129.00,387.00,refunded,2026-08-12T01:12:36+00:00
ORD-090884,9,1,Mechanical Keyboard 75%,peripherals,3,129.00,387.00,completed,2026-08-12T02:22:29+00:00
ORD-090885,7,2,Wireless Mouse,peripherals,3,49.50,148.50,completed,2026-08-12T23:13:12+00:00
ORD-090886,6,10,Laptop Stand Aluminium,accessories,3,27.50,82.50,cancelled,2026-08-12T09:51:40+00:00
ORD-090887,5,5,Over-ear Headphones,audio,3,199.95,599.85,pending,2026-08-12T07:27:44+00:00
ORD-090888,8,1,Mechanical Keyboard 75%,peripherals,4,129.00,516.00,cancelled,2026-08-12T11:33:32+00:00
ORD-090889,8,2,Wireless Mouse,peripherals,3,49.50,148.50,cancelled,2026-08-12T15:49:47+00:00
ORD-090890,7,1,Mechanical Keyboard 75%,peripherals,3,129.00,387.00,completed,2026-08-12T13:00:16+00:00
ORD-090891,1,2,Wireless Mouse,peripherals,1,49.50,49.50,completed,2026-08-12T18:41:33+00:00
ORD-090892,9,9,USB-C Hub 8-in-1,accessories,1,39.99,39.99,cancelled,2026-08-12T09:39:36+00:00
ORD-090893,7,10,Laptop Stand Aluminium,accessories,5,27.50,137.50,refunded,2026-08-12T10:22:28+00:00
ORD-090894,2,8,Ergonomic Chair,furniture,4,612.75,2451.00,pending,2026-08-12T16:22:45+00:00
ORD-090895,4,9,USB-C Hub 8-in-1,accessories,4,39.99,159.96,refunded,2026-08-12T15:34:37+00:00
ORD-090896,3,5,Over-ear Headphones,audio,3,199.95,599.85,refunded,2026-08-12T13:38:54+00:00
ORD-090897,8,7,Standing Desk 120cm,furniture,1,449.00,449.00,cancelled,2026-08-12T01:37:05+00:00
ORD-090898,4,8,Ergonomic Chair,furniture,3,612.75,1838.25,pending,2026-08-12T10:53:41+00:00
ORD-090899,1,6,Desk Speakers Pair,audio,1,89.00,89.00,refunded,2026-08-12T10:49:10+00:00
ORD-090900,4,2,Wireless Mouse,peripherals,1,49.50,49.50,refunded,2026-08-12T09:47:50+00:00
ORD-090901,8,4,34in Ultrawide Monitor,displays,2,579.00,1158.00,completed,2026-08-12T04:49:41+00:00
ORD-090902,5,8,Ergonomic Chair,furniture,1,612.75,612.75,refunded,2026-08-12T22:51:49+00:00
ORD-090903,7,8,Ergonomic Chair,furniture,1,612.75,612.75,pending,2026-08-12T17:20:20+00:00
ORD-090904,6,4,34in Ultrawide Monitor,displays,4,579.00,2316.00,cancelled,2026-08-12T23:06:25+00:00
ORD-090905,10,1,Mechanical Keyboard 75%,peripherals,5,129.00,645.00,refunded,2026-08-12T07:13:53+00:00
ORD-090906,2,8,Ergonomic Chair,furniture,4,612.75,2451.00,completed,2026-08-12T03:04:20+00:00
ORD-090907,10,3,27in 1440p Monitor,displays,2,319.99,639.98,refunded,2026-08-12T20:58:00+00:00
ORD-090908,10,9,USB-C Hub 8-in-1,accessories,2,39.99,79.98,completed,2026-08-12T05:42:05+00:00
ORD-090909,9,6,Desk Speakers Pair,audio,5,89.00,445.00,pending,2026-08-12T12:47:12+00:00
ORD-090910,1,8,Ergonomic Chair,furniture,2,612.75,1225.50,refunded,2026-08-12T07:19:00+00:00
ORD-090911,6,9,USB-C Hub 8-in-1,accessories,1,39.99,39.99,refunded,2026-08-12T11:58:19+00:00
ORD-090912,5,5,Over-ear Headphones,audio,3,199.95,599.85,refunded,2026-08-12T23:27:46+00:00
ORD-090913,5,2,Wireless Mouse,peripherals,1,49.50,49.50,completed,2026-08-12T19:24:21+00:00
ORD-090914,8,3,27in 1440p Monitor,displays,4,319.99,1279.96,refunded,2026-08-12T00:09:13+00:00
ORD-090915,10,6,Desk Speakers Pair,audio,5,89.00,445.00,refunded,2026-08-12T00:20:51+00:00
ORD-090916,8,8,Ergonomic Chair,furniture,2,612.75,1225.50,completed,2026-08-12T04:16:20+00:00
ORD-090917,10,5,Over-ear Headphones,audio,3,199.95,599.85,refunded,2026-08-12T14:09:20+00:00
ORD-090918,10,2,Wireless Mouse,peripherals,5,49.50,247.50,refunded,2026-08-12T01:41:24+00:00
ORD-090919,1,8,Ergonomic Chair,furniture,5,612.75,3063.75,cancelled,2026-08-12T23:27:36+00:00
ORD-090920,4,5,Over-ear Headphones,audio,4,199.95,799.80,completed,2026-08-12T09:02:16+00:00
ORD-090921,3,9,USB-C Hub 8-in-1,accessories,1,39.99,39.99,completed,2026-08-12T23:02:40+00:00
ORD-090922,6,7,Standing Desk 120cm,furniture,2,449.00,898.00,completed,2026-08-12T13:39:33+00:00
ORD-090923,1,3,27in 1440p Monitor,displays,4,319.99,1279.96,completed,2026-08-12T18:06:30+00:00
ORD-090924,9,3,27in 1440p Monitor,displays,5,319.99,1599.95,refunded,2026-08-12T21:36:27+00:00
ORD-090925,2,7,Standing Desk 120cm,furniture,4,449.00,1796.00,pending,2026-08-12T23:25:04+00:00
ORD-090926,9,6,Desk Speakers Pair,audio,2,89.00,178.00,pending,2026-08-12T11:57:29+00:00
ORD-090927,8,4,34in Ultrawide Monitor,displays,2,579.00,1158.00,completed,2026-08-12T02:22:51+00:00
ORD-090928,4,3,27in 1440p Monitor,displays,3,319.99,959.97,pending,2026-08-12T22:02:48+00:00
ORD-090929,1,8,Ergonomic Chair,furniture,4,612.75,2451.00,pending,2026-08-12T21:56:56+00:00
ORD-090930,8,9,USB-C Hub 8-in-1,accessories,3,39.99,119.97,refunded,2026-08-12T02:52:20+00:00
ORD-090931,4,2,Wireless Mouse,peripherals,5,49.50,247.50,refunded,2026-08-12T18:28:20+00:00
ORD-090932,3,7,Standing Desk 120cm,furniture,1,449.00,449.00,pending,2026-08-12T10:10:17+00:00
ORD-090933,9,7,Standing Desk 120cm,furniture,3,449.00,1347.00,pending,2026-08-12T04:29:11+00:00
ORD-090934,3,8,Ergonomic Chair,furniture,2,612.75,1225.50,cancelled,2026-08-12T06:55:33+00:00
ORD-090935,5,9,USB-C Hub 8-in-1,accessories,1,39.99,39.99,cancelled,2026-08-12T13:31:21+00:00
ORD-090936,7,1,Mechanical Keyboard 75%,peripherals,1,129.00,129.00,cancelled,2026-08-12T06:25:03+00:00
ORD-090937,5,1,Mechanical Keyboard 75%,peripherals,2,129.00,258.00,cancelled,2026-08-12T05:30:50+00:00
ORD-090938,3,6,Desk Speakers Pair,audio,3,89.00,267.00,refunded,2026-08-12T09:02:08+00:00
ORD-090939,10,1,Mechanical Keyboard 75%,peripherals,4,129.00,516.00,pending,2026-08-12T14:26:03+00:00
ORD-090940,7,9,USB-C Hub 8-in-1,accessories,1,39.99,39.99,pending,2026-08-12T23:49:21+00:00
ORD-090941,2,1,Mechanical Keyboard 75%,peripherals,4,129.00,516.00,cancelled,2026-08-12T21:09:42+00:00
ORD-090942,5,2,Wireless Mouse,peripherals,5,49.50,247.50,cancelled,2026-08-12T20:40:38+00:00
ORD-090943,3,5,Over-ear Headphones,audio,3,199.95,599.85,completed,2026-08-12T10:18:38+00:00
ORD-090944,4,4,34in Ultrawide Monitor,displays,5,579.00,2895.00,pending,2026-08-12T00:39:58+00:00
ORD-090945,1,9,USB-C Hub 8-in-1,accessories,2,39.99,79.98,refunded,2026-08-12T03:13:40+00:00
ORD-090946,8,3,27in 1440p Monitor,displays,1,319.99,319.99,refunded,2026-08-12T19:51:01+00:00
ORD-090947,4,10,Laptop Stand Aluminium,accessories,1,27.50,27.50,refunded,2026-08-12T10:54:03+00:00
ORD-090948,9,8,Ergonomic Chair,furniture,4,612.75,2451.00,cancelled,2026-08-12T21:17:52+00:00
ORD-090949,8,9,USB-C Hub 8-in-1,accessories,3,39.99,119.97,refunded,2026-08-12T15:07:10+00:00
ORD-090950,10,5,Over-ear Headphones,audio,5,199.95,999.75,pending,2026-08-12T23:32:03+00:00
ORD-090951,8,9,USB-C Hub 8-in-1,accessories,1,39.99,39.99,refunded,2026-08-12T16:19:33+00:00
ORD-090952,8,8,Ergonomic Chair,furniture,2,612.75,1225.50,refunded,2026-08-12T02:29:05+00:00
ORD-090953,9,10,Laptop Stand Aluminium,accessories,3,27.50,82.50,refunded,2026-08-12T02:43:03+00:00
ORD-090954,4,3,27in 1440p Monitor,displays,3,319.99,959.97,pending,2026-08-12T17:05:51+00:00
ORD-090955,1,4,34in Ultrawide Monitor,displays,5,579.00,2895.00,completed,2026-08-12T14:26:36+00:00
ORD-090956,8,2,Wireless Mouse,peripherals,3,49.50,148.50,cancelled,2026-08-12T00:07:54+00:00
ORD-090957,10,9,USB-C Hub 8-in-1,accessories,4,39.99,159.96,pending,2026-08-12T18:11:47+00:00
ORD-090958,5,6,Desk Speakers Pair,audio,3,89.00,267.00,refunded,2026-08-12T12:46:05+00:00
ORD-090959,4,8,Ergonomic Chair,furniture,1,612.75,612.75,cancelled,2026-08-12T08:01:43+00:00
ORD-090960,9,4,34in Ultrawide Monitor,displays,4,579.00,2316.00,refunded,2026-08-12T17:45:10+00:00
ORD-090961,1,9,USB-C Hub 8-in-1,accessories,3,39.99,119.97,completed,2026-08-12T08:10:50+00:00
ORD-090962,6,9,USB-C Hub 8-in-1,accessories,5,39.99,199.95,pending,2026-08-12T04:06:57+00:00
ORD-090963,3,6,Desk Speakers Pair,audio,4,89.00,356.00,pending,2026-08-12T03:43:30+00:00
ORD-090964,1,5,Over-ear Headphones,audio,2,199.95,399.90,refunded,2026-08-12T04:04:38+00:00
ORD-090965,10,7,Standing Desk 120cm,furniture,4,449.00,1796.00,completed,2026-08-12T07:25:08+00:00
ORD-090966,3,8,Ergonomic Chair,furniture,5,612.75,3063.75,cancelled,2026-08-12T02:22:47+00:00
ORD-090967,7,9,USB-C Hub 8-in-1,accessories,2,39.99,79.98,refunded,2026-08-12T22:23:01+00:00
ORD-090968,3,7,Standing Desk 120cm,furniture,1,449.00,449.00,pending,2026-08-12T05:08:05+00:00
ORD-090969,6,4,34in Ultrawide Monitor,displays,1,579.00,579.00,completed,2026-08-12T05:11:48+00:00
ORD-090970,10,5,Over-ear Headphones,audio,2,199.95,399.90,refunded,2026-08-12T01:49:01+00:00
ORD-090971,7,9,USB-C Hub 8-in-1,accessories,1,39.99,39.99,completed,2026-08-12T02:21:32+00:00
ORD-090972,5,7,Standing Desk 120cm,furniture,3,449.00,1347.00,completed,2026-08-12T16:33:16+00:00
ORD-090973,4,7,Standing Desk 120cm,furniture,5,449.00,2245.00,pending,2026-08-12T21:12:02+00:00
ORD-090974,7,8,Ergonomic Chair,furniture,1,612.75,612.75,completed,2026-08-12T08:13:06+00:00
ORD-090975,9,4,34in Ultrawide Monitor,displays,4,579.00,2316.00,cancelled,2026-08-12T03:50:04+00:00
ORD-090976,2,2,Wireless Mouse,peripherals,5,49.50,247.50,cancelled,2026-08-12T08:23:07+00:00
ORD-090977,4,3,27in 1440p Monitor,displays,4,319.99,1279.96,refunded,2026-08-12T12:05:28+00:00
ORD-090978,8,8,Ergonomic Chair,furniture,5,612.75,3063.75,refunded,2026-08-12T06:28:34+00:00
ORD-090979,4,1,Mechanical Keyboard 75%,peripherals,2,129.00,258.00,pending,2026-08-12T23:42:12+00:00
ORD-090980,5,10,Laptop Stand Aluminium,accessories,3,27.50,82.50,cancelled,2026-08-12T07:28:33+00:00
ORD-090981,9,6,Desk Speakers Pair,audio,5,89.00,445.00,cancelled,2026-08-12T23:40:10+00:00
ORD-090982,7,4,34in Ultrawide Monitor,displays,1,579.00,579.00,cancelled,2026-08-12T14:16:32+00:00
ORD-090983,10,1,Mechanical Keyboard 75%,peripherals,4,129.00,516.00,refunded,2026-08-12T09:40:55+00:00
ORD-090984,10,2,Wireless Mouse,peripherals,2,49.50,99.00,pending,2026-08-12T01:24:05+00:00
ORD-090985,10,10,Laptop Stand Aluminium,accessories,4,27.50,110.00,cancelled,2026-08-12T16:03:42+00:00
ORD-090986,4,1,Mechanical Keyboard 75%,peripherals,1,129.00,129.00,pending,2026-08-12T18:40:46+00:00
ORD-090987,9,9,USB-C Hub 8-in-1,accessories,2,39.99,79.98,pending,2026-08-12T12:10:20+00:00
ORD-090988,5,7,Standing Desk 120cm,furniture,1,449.00,449.00,cancelled,2026-08-12T22:09:17+00:00
ORD-090989,5,7,Standing Desk 120cm,furniture,1,449.00,449.00,refunded,2026-08-12T02:01:37+00:00
ORD-090990,5,9,USB-C Hub 8-in-1,accessories,1,39.99,39.99,pending,2026-08-12T06:09:32+00:00
ORD-090991,4,3,27in 1440p Monitor,displays,5,319.99,1599.95,refunded,2026-08-12T14:48:40+00:00
ORD-090992,4,3,27in 1440p Monitor,displays,1,319.99,319.99,refunded,2026-08-12T05:05:18+00:00
ORD-090993,8,2,Wireless Mouse,peripherals,2,49.50,99.00,refunded,2026-08-12T21:48:54+00:00
ORD-090994,4,6,Desk Speakers Pair,audio,2,89.00,178.00,completed,2026-08-12T05:52:39+00:00
ORD-090995,1,1,Mechanical Keyboard 75%,peripherals,1,129.00,129.00,refunded,2026-08-12T19:33:25+00:00
ORD-090996,5,6,Desk Speakers Pair,audio,1,89.00,89.00,pending,2026-08-12T22:20:03+00:00
ORD-090997,6,6,Desk Speakers Pair,audio,2,89.00,178.00,refunded,2026-08-12T05:12:30+00:00
ORD-090998,5,7,Standing Desk 120cm,furniture,1,449.00,449.00,refunded,2026-08-12T20:27:14+00:00
ORD-090999,1,10,Laptop Stand Aluminium,accessories,3,27.50,82.50,completed,2026-08-12T17:10:55+00:00
ORD-091000,6,8,Ergonomic Chair,furniture,5,612.75,3063.75,cancelled,2026-08-12T01:29:55+00:00
ORD-091001,6,8,Ergonomic Chair,furniture,4,612.75,2451.00,completed,2026-08-12T14:20:38+00:00
ORD-091002,2,8,Ergonomic Chair,furniture,3,612.75,1838.25,pending,2026-08-12T13:07:28+00:00
ORD-091003,4,5,Over-ear Headphones,audio,3,199.95,599.85,pending,2026-08-12T03:22:52+00:00
ORD-091004,9,1,Mechanical Keyboard 75%,peripherals,3,129.00,387.00,pending,2026-08-12T02:23:54+00:00
ORD-091005,4,9,USB-C Hub 8-in-1,accessories,2,39.99,79.98,refunded,2026-08-12T19:24:00+00:00
ORD-091006,10,8,Ergonomic Chair,furniture,1,612.75,612.75,pending,2026-08-12T04:59:38+00:00
ORD-091007,6,9,USB-C Hub 8-in-1,accessories,1,39.99,39.99,refunded,2026-08-12T06:30:14+00:00
ORD-091008,3,1,Mechanical Keyboard 75%,peripherals,1,129.00,129.00,cancelled,2026-08-12T04:25:31+00:00
ORD-091009,4,4,34in Ultrawide Monitor,displays,2,579.00,1158.00,refunded,2026-08-12T17:51:56+00:00
ORD-091010,4,1,Mechanical Keyboard 75%,peripherals,3,129.00,387.00,completed,2026-08-12T12:50:00+00:00
ORD-091011,8,9,USB-C Hub 8-in-1,accessories,4,39.99,159.96,refunded,2026-08-12T23:59:10+00:00
ORD-091012,1,3,27in 1440p Monitor,displays,5,319.99,1599.95,refunded,2026-08-12T03:40:36+00:00
ORD-091013,2,7,Standing Desk 120cm,furniture,2,449.00,898.00,cancelled,2026-08-12T19:50:30+00:00
ORD-091014,5,6,Desk Speakers Pair,audio,2,89.00,178.00,pending,2026-08-12T07:29:36+00:00
ORD-091015,9,7,Standing Desk 120cm,furniture,1,449.00,449.00,refunded,2026-08-12T09:03:35+00:00
ORD-091016,10,7,Standing Desk 120cm,furniture,1,449.00,449.00,completed,2026-08-12T01:58:43+00:00
ORD-091017,4,1,Mechanical Keyboard 75%,peripherals,4,129.00,516.00,refunded,2026-08-12T18:41:02+00:00
ORD-091018,3,10,Laptop Stand Aluminium,accessories,3,27.50,82.50,pending,2026-08-12T00:17:25+00:00
ORD-091019,9,7,Standing Desk 120cm,furniture,3,449.00,1347.00,pending,2026-08-12T06:01:53+00:00
ORD-091020,8,6,Desk Speakers Pair,audio,3,89.00,267.00,completed,2026-08-12T13:06:43+00:00
ORD-091021,8,2,Wireless Mouse,peripherals,3,49.50,148.50,pending,2026-08-12T18:49:27+00:00
ORD-091022,1,2,Wireless Mouse,peripherals,3,49.50,148.50,cancelled,2026-08-12T04:04:12+00:00
ORD-091023,4,10,Laptop Stand Aluminium,accessories,2,27.50,55.00,completed,2026-08-12T00:41:55+00:00
ORD-091024,4,9,USB-C Hub 8-in-1,accessories,3,39.99,119.97,cancelled,2026-08-12T13:10:51+00:00
ORD-091025,7,8,Ergonomic Chair,furniture,4,612.75,2451.00,refunded,2026-08-12T23:16:01+00:00
ORD-091026,9,10,Laptop Stand Aluminium,accessories,3,27.50,82.50,pending,2026-08-12T05:48:05+00:00
ORD-091027,9,10,Laptop Stand Aluminium,accessories,5,27.50,137.50,refunded,2026-08-12T07:58:40+00:00
ORD-091028,4,9,USB-C Hub 8-in-1,accessories,2,39.99,79.98,cancelled,2026-08-12T20:50:36+00:00
ORD-091029,8,4,34in Ultrawide Monitor,displays,3,579.00,1737.00,cancelled,2026-08-12T06:32:21+00:00
ORD-091030,1,1,Mechanical Keyboard 75%,peripherals,3,129.00,387.00,refunded,2026-08-12T07:47:43+00:00
ORD-091031,7,10,Laptop Stand Aluminium,accessories,4,27.50,110.00,cancelled,2026-08-12T09:53:17+00:00
ORD-091032,7,3,27in 1440p Monitor,displays,2,319.99,639.98,completed,2026-08-12T17:45:57+00:00
ORD-091033,8,1,Mechanical Keyboard 75%,peripherals,3,129.00,387.00,refunded,2026-08-12T10:17:09+00:00
ORD-091034,5,10,Laptop Stand Aluminium,accessories,2,27.50,55.00,pending,2026-08-12T09:46:09+00:00
ORD-091035,2,1,Mechanical Keyboard 75%,peripherals,2,129.00,258.00,pending,2026-08-12T07:16:47+00:00
ORD-091036,8,7,Standing Desk 120cm,furniture,5,449.00,2245.00,completed,2026-08-12T13:24:45+00:00
ORD-091037,7,3,27in 1440p Monitor,displays,1,319.99,319.99,cancelled,2026-08-12T06:28:17+00:00
ORD-091038,10,10,Laptop Stand Aluminium,accessories,4,27.50,110.00,cancelled,2026-08-12T14:27:45+00:00
ORD-091039,1,3,27in 1440p Monitor,displays,2,319.99,639.98,cancelled,2026-08-12T07:35:45+00:00
ORD-091040,2,4,34in Ultrawide Monitor,displays,3,579.00,1737.00,cancelled,2026-08-12T11:50:26+00:00
ORD-091041,1,4,34in Ultrawide Monitor,displays,3,579.00,1737.00,pending,2026-08-12T05:25:27+00:00
ORD-091042,4,9,USB-C Hub 8-in-1,accessories,2,39.99,79.98,cancelled,2026-08-12T13:46:58+00:00
ORD-091043,2,8,Ergonomic Chair,furniture,3,612.75,1838.25,completed,2026-08-12T13:00:32+00:00
ORD-091044,3,9,USB-C Hub 8-in-1,accessories,1,39.99,39.99,pending,2026-08-12T15:22:42+00:00
ORD-091045,5,9,USB-C Hub 8-in-1,accessories,3,39.99,119.97,cancelled,2026-08-12T22:41:41+00:00
ORD-091046,5,9,USB-C Hub 8-in-1,accessories,4,39.99,159.96,refunded,2026-08-12T18:29:41+00:00
ORD-091047,7,8,Ergonomic Chair,furniture,3,612.75,1838.25,pending,2026-08-12T00:04:31+00:00
ORD-091048,1,1,Mechanical Keyboard 75%,peripherals,5,129.00,645.00,cancelled,2026-08-12T18:29:00+00:00
ORD-091049,7,4,34in Ultrawide Monitor,displays,4,579.00,2316.00,completed,2026-08-12T08:46:56+00:00
ORD-091050,5,2,Wireless Mouse,peripherals,2,49.50,99.00,cancelled,2026-08-12T20:24:57+00:00
ORD-091051,5,10,Laptop Stand Aluminium,accessories,3,27.50,82.50,pending,2026-08-12T21:02:13+00:00
ORD-091052,5,9,USB-C Hub 8-in-1,accessories,5,39.99,199.95,pending,2026-08-12T11:12:34+00:00
ORD-091053,3,10,Laptop Stand Aluminium,accessories,2,27.50,55.00,cancelled,2026-08-12T09:05:39+00:00
ORD-091054,5,4,34in Ultrawide Monitor,displays,5,579.00,2895.00,completed,2026-08-12T14:44:23+00:00
ORD-091055,4,5,Over-ear Headphones,audio,2,199.95,399.90,cancelled,2026-08-12T13:36:29+00:00
ORD-091056,7,4,34in Ultrawide Monitor,displays,4,579.00,2316.00,pending,2026-08-12T05:47:59+00:00
ORD-091057,7,4,34in Ultrawide Monitor,displays,3,579.00,1737.00,cancelled,2026-08-12T06:39:19+00:00
ORD-091058,6,2,Wireless Mouse,peripherals,1,49.50,49.50,refunded,2026-08-12T01:33:32+00:00
ORD-091059,5,2,Wireless Mouse,peripherals,2,49.50,99.00,refunded,2026-08-12T05:56:27+00:00
ORD-091060,10,7,Standing Desk 120cm,furniture,3,449.00,1347.00,refunded,2026-08-12T06:41:45+00:00
ORD-091061,1,2,Wireless Mouse,peripherals,2,49.50,99.00,completed,2026-08-12T07:51:51+00:00
ORD-091062,4,1,Mechanical Keyboard 75%,peripherals,1,129.00,129.00,cancelled,2026-08-12T16:23:14+00:00
ORD-091063,1,8,Ergonomic Chair,furniture,3,612.75,1838.25,pending,2026-08-12T23:47:53+00:00
ORD-091064,3,3,27in 1440p Monitor,displays,5,319.99,1599.95,pending,2026-08-12T01:25:39+00:00
ORD-091065,9,4,34in Ultrawide Monitor,displays,5,579.00,2895.00,pending,2026-08-12T03:56:24+00:00
ORD-091066,2,3,27in 1440p Monitor,displays,5,319.99,1599.95,completed,2026-08-12T20:28:07+00:00
ORD-091067,10,3,27in 1440p Monitor,displays,5,319.99,1599.95,cancelled,2026-08-12T12:35:37+00:00
ORD-091068,7,6,Desk Speakers Pair,audio,3,89.00,267.00,pending,2026-08-12T14:07:48+00:00
ORD-091069,9,1,Mechanical Keyboard 75%,peripherals,1,129.00,129.00,cancelled,2026-08-12T08:00:08+00:00
ORD-091070,5,4,34in Ultrawide Monitor,displays,2,579.00,1158.00,refunded,2026-08-12T23:26:09+00:00
ORD-091071,8,3,27in 1440p Monitor,displays,3,319.99,959.97,refunded,2026-08-12T09:07:30+00:00
ORD-091072,4,7,Standing Desk 120cm,furniture,4,449.00,1796.00,refunded,2026-08-12T19:26:28+00:00
ORD-091073,2,5,Over-ear Headphones,audio,5,199.95,999.75,cancelled,2026-08-12T00:40:36+00:00
ORD-091074,8,7,Standing Desk 120cm,furniture,2,449.00,898.00,completed,2026-08-12T21:07:46+00:00
ORD-091075,5,7,Standing Desk 120cm,furniture,2,449.00,898.00,cancelled,2026-08-12T16:45:00+00:00
ORD-091076,8,5,Over-ear Headphones,audio,1,199.95,199.95,pending,2026-08-12T01:09:48+00:00
ORD-091077,1,10,Laptop Stand Aluminium,accessories,5,27.50,137.50,completed,2026-08-12T09:04:59+00:00
ORD-091078,10,4,34in Ultrawide Monitor,displays,5,579.00,2895.00,refunded,2026-08-12T19:11:44+00:00
ORD-091079,8,3,27in 1440p Monitor,displays,1,319.99,319.99,refunded,2026-08-12T13:38:26+00:00
ORD-091080,8,9,USB-C Hub 8-in-1,accessories,3,39.99,119.97,cancelled,2026-08-12T06:43:05+00:00
ORD-091081,10,7,Standing Desk 120cm,furniture,5,449.00,2245.00,pending,2026-08-12T02:16:03+00:00
ORD-091082,1,2,Wireless Mouse,peripherals,4,49.50,198.00,cancelled,2026-08-12T21:21:00+00:00
ORD-091083,7,4,34in Ultrawide Monitor,displays,5,579.00,2895.00,completed,2026-08-12T09:36:58+00:00
ORD-091084,2,9,USB-C Hub 8-in-1,accessories,4,39.99,159.96,completed,2026-08-12T02:30:56+00:00
ORD-091085,7,3,27in 1440p Monitor,displays,3,319.99,959.97,cancelled,2026-08-12T11:42:34+00:00
ORD-091086,9,3,27in 1440p Monitor,displays,1,319.99,319.99,cancelled,2026-08-12T18:31:00+00:00
ORD-091087,10,3,27in 1440p Monitor,displays,4,319.99,1279.96,refunded,2026-08-12T05:40:56+00:00
ORD-091088,9,7,Standing Desk 120cm,furniture,2,449.00,898.00,cancelled,2026-08-12T22:17:09+00:00
ORD-091089,5,8,Ergonomic Chair,furniture,5,612.75,3063.75,refunded,2026-08-12T23:23:09+00:00
ORD-091090,4,5,Over-ear Headphones,audio,4,199.95,799.80,refunded,2026-08-12T08:37:26+00:00
ORD-091091,10,5,Over-ear Headphones,audio,1,199.95,199.95,refunded,2026-08-12T16:49:39+00:00
ORD-091092,1,9,USB-C Hub 8-in-1,accessories,3,39.99,119.97,refunded,2026-08-12T03:49:37+00:00
ORD-091093,5,7,Standing Desk 120cm,furniture,3,449.00,1347.00,completed,2026-08-12T05:04:40+00:00
ORD-091094,7,5,Over-ear Headphones,audio,4,199.95,799.80,pending,2026-08-12T16:55:56+00:00
ORD-091095,5,3,27in 1440p Monitor,displays,3,319.99,959.97,completed,2026-08-12T21:54:01+00:00
ORD-091096,10,6,Desk Speakers Pair,audio,3,89.00,267.00,refunded,2026-08-12T10:15:23+00:00
ORD-091097,9,2,Wireless Mouse,peripherals,5,49.50,247.50,refunded,2026-08-12T21:46:25+00:00
ORD-091098,1,10,Laptop Stand Aluminium,accessories,3,27.50,82.50,cancelled,2026-08-12T05:22:25+00:00
ORD-091099,10,7,Standing Desk 120cm,furniture,2,449.00,898.00,refunded,2026-08-12T13:11:47+00:00
ORD-091100,6,2,Wireless Mouse,peripherals,2,49.50,99.00,cancelled,2026-08-12T23:57:19+00:00
ORD-091101,9,2,Wireless Mouse,peripherals,3,49.50,148.50,cancelled,2026-08-12T15:25:34+00:00
ORD-091102,2,2,Wireless Mouse,peripherals,3,49.50,148.50,completed,2026-08-12T22:09:06+00:00
ORD-091103,8,5,Over-ear Headphones,audio,5,199.95,999.75,pending,2026-08-12T21:09:57+00:00
ORD-091104,5,8,Ergonomic Chair,furniture,5,612.75,3063.75,completed,2026-08-12T01:45:39+00:00
ORD-091105,9,4,34in Ultrawide Monitor,displays,4,579.00,2316.00,cancelled,2026-08-12T17:54:15+00:00
ORD-091106,9,10,Laptop Stand Aluminium,accessories,4,27.50,110.00,pending,2026-08-12T15:25:12+00:00
ORD-091107,9,5,Over-ear Headphones,audio,1,199.95,199.95,completed,2026-08-12T07:43:40+00:00
ORD-091108,4,4,34in Ultrawide Monitor,displays,5,579.00,2895.00,refunded,2026-08-12T05:59:48+00:00
ORD-091109,7,7,Standing Desk 120cm,furniture,3,449.00,1347.00,refunded,2026-08-12T22:03:30+00:00
ORD-091110,5,5,Over-ear Headphones,audio,3,199.95,599.85,pending,2026-08-12T07:39:03+00:00
ORD-091111,1,10,Laptop Stand Aluminium,accessories,3,27.50,82.50,cancelled,2026-08-12T16:47:35+00:00
ORD-091112,7,5,Over-ear Headphones,audio,3,199.95,599.85,refunded,2026-08-12T14:35:50+00:00
ORD-091113,9,6,Desk Speakers Pair,audio,2,89.00,178.00,cancelled,2026-08-12T17:02:28+00:00
ORD-091114,5,4,34in Ultrawide Monitor,displays,2,579.00,1158.00,completed,2026-08-12T10:54:16+00:00
ORD-091115,2,6,Desk Speakers Pair,audio,3,89.00,267.00,cancelled,2026-08-12T22:13:28+00:00
ORD-091116,3,5,Over-ear Headphones,audio,5,199.95,999.75,cancelled,2026-08-12T23:45:31+00:00
ORD-091117,7,6,Desk Speakers Pair,audio,3,89.00,267.00,pending,2026-08-12T00:26:30+00:00
ORD-091118,6,2,Wireless Mouse,peripherals,1,49.50,49.50,completed,2026-08-12T07:32:24+00:00
ORD-091119,6,5,Over-ear Headphones,audio,1,199.95,199.95,refunded,2026-08-12T15:09:00+00:00
ORD-091120,8,10,Laptop Stand Aluminium,accessories,1,27.50,27.50,pending,2026-08-12T17:43:05+00:00
ORD-091121,6,2,Wireless Mouse,peripherals,5,49.50,247.50,cancelled,2026-08-12T21:44:44+00:00
ORD-091122,4,7,Standing Desk 120cm,furniture,1,449.00,449.00,pending,2026-08-12T06:49:16+00:00
ORD-091123,7,9,USB-C Hub 8-in-1,accessories,4,39.99,159.96,cancelled,2026-08-12T06:33:46+00:00
ORD-091124,6,9,USB-C Hub 8-in-1,accessories,3,39.99,119.97,cancelled,2026-08-12T21:16:36+00:00
ORD-091125,1,6,Desk Speakers Pair,audio,5,89.00,445.00,cancelled,2026-08-12T05:29:55+00:00
ORD-091126,7,7,Standing Desk 120cm,furniture,5,449.00,2245.00,cancelled,2026-08-12T18:49:17+00:00
ORD-091127,5,2,Wireless Mouse,peripherals,4,49.50,198.00,completed,2026-08-12T12:11:28+00:00
ORD-091128,1,3,27in 1440p Monitor,displays,3,319.99,959.97,completed,2026-08-12T06:06:12+00:00
ORD-091129,6,10,Laptop Stand Aluminium,accessories,1,27.50,27.50,refunded,2026-08-12T11:59:48+00:00
ORD-091130,5,4,34in Ultrawide Monitor,displays,2,579.00,1158.00,cancelled,2026-08-12T07:27:38+00:00
ORD-091131,5,9,USB-C Hub 8-in-1,accessories,3,39.99,119.97,pending,2026-08-12T02:37:26+00:00
ORD-091132,3,9,USB-C Hub 8-in-1,accessories,4,39.99,159.96,refunded,2026-08-12T13:21:51+00:00
ORD-091133,3,8,Ergonomic Chair,furniture,3,612.75,1838.25,pending,2026-08-12T01:39:22+00:00
ORD-091134,3,3,27in 1440p Monitor,displays,3,319.99,959.97,completed,2026-08-12T02:46:20+00:00
ORD-091135,7,8,Ergonomic Chair,furniture,4,612.75,2451.00,refunded,2026-08-12T23:27:46+00:00
ORD-091136,4,3,27in 1440p Monitor,displays,1,319.99,319.99,refunded,2026-08-12T06:49:47+00:00
ORD-091137,7,1,Mechanical Keyboard 75%,peripherals,1,129.00,129.00,cancelled,2026-08-12T03:17:49+00:00
ORD-091138,4,2,Wireless Mouse,peripherals,2,49.50,99.00,completed,2026-08-12T14:36:32+00:00
ORD-091139,7,10,Laptop Stand Aluminium,accessories,4,27.50,110.00,cancelled,2026-08-12T08:40:30+00:00
ORD-091140,2,6,Desk Speakers Pair,audio,4,89.00,356.00,completed,2026-08-12T04:29:56+00:00
ORD-091141,6,8,Ergonomic Chair,furniture,1,612.75,612.75,cancelled,2026-08-12T06:47:40+00:00
ORD-091142,6,8,Ergonomic Chair,furniture,5,612.75,3063.75,completed,2026-08-12T22:26:55+00:00
ORD-091143,8,6,Desk Speakers Pair,audio,4,89.00,356.00,refunded,2026-08-12T17:28:56+00:00
ORD-091144,7,1,Mechanical Keyboard 75%,peripherals,4,129.00,516.00,refunded,2026-08-12T19:38:39+00:00
ORD-091145,10,2,Wireless Mouse,peripherals,1,49.50,49.50,refunded,2026-08-12T20:28:36+00:00
ORD-091146,9,5,Over-ear Headphones,audio,4,199.95,799.80,refunded,2026-08-12T01:44:44+00:00
ORD-091147,2,4,34in Ultrawide Monitor,displays,2,579.00,1158.00,cancelled,2026-08-12T11:50:32+00:00
ORD-091148,6,1,Mechanical Keyboard 75%,peripherals,3,129.00,387.00,refunded,2026-08-12T05:41:50+00:00
ORD-091149,9,4,34in Ultrawide Monitor,displays,4,579.00,2316.00,cancelled,2026-08-12T06:42:24+00:00
ORD-091150,4,5,Over-ear Headphones,audio,3,199.95,599.85,completed,2026-08-12T05:46:56+00:00
ORD-091151,7,8,Ergonomic Chair,furniture,1,612.75,612.75,pending,2026-08-12T13:46:06+00:00
ORD-091152,5,6,Desk Speakers Pair,audio,2,89.00,178.00,refunded,2026-08-12T21:31:06+00:00
ORD-091153,2,2,Wireless Mouse,peripherals,3,49.50,148.50,cancelled,2026-08-12T13:48:45+00:00
ORD-091154,5,9,USB-C Hub 8-in-1,accessories,4,39.99,159.96,refunded,2026-08-12T12:16:28+00:00
ORD-091155,2,4,34in Ultrawide Monitor,displays,1,579.00,579.00,refunded,2026-08-12T18:58:35+00:00
ORD-091156,7,9,USB-C Hub 8-in-1,accessories,1,39.99,39.99,refunded,2026-08-12T04:05:05+00:00
ORD-091157,2,5,Over-ear Headphones,audio,1,199.95,199.95,refunded,2026-08-12T06:51:08+00:00
ORD-091158,5,5,Over-ear Headphones,audio,1,199.95,199.95,pending,2026-08-12T20:30:02+00:00
ORD-091159,7,6,Desk Speakers Pair,audio,4,89.00,356.00,pending,2026-08-12T08:40:12+00:00
ORD-091160,3,2,Wireless Mouse,peripherals,3,49.50,148.50,completed,2026-08-12T02:46:40+00:00
ORD-091161,1,10,Laptop Stand Aluminium,accessories,3,27.50,82.50,completed,2026-08-12T01:33:20+00:00
ORD-091162,5,1,Mechanical Keyboard 75%,peripherals,4,129.00,516.00,pending,2026-08-12T06:11:45+00:00
ORD-091163,9,3,27in 1440p Monitor,displays,2,319.99,639.98,cancelled,2026-08-12T03:03:18+00:00
ORD-091164,4,1,Mechanical Keyboard 75%,peripherals,3,129.00,387.00,completed,2026-08-12T14:08:48+00:00
ORD-091165,8,7,Standing Desk 120cm,furniture,3,449.00,1347.00,completed,2026-08-12T05:23:52+00:00
ORD-091166,4,9,USB-C Hub 8-in-1,accessories,3,39.99,119.97,pending,2026-08-12T19:30:20+00:00
ORD-091167,3,1,Mechanical Keyboard 75%,peripherals,4,129.00,516.00,cancelled,2026-08-12T09:43:55+00:00
ORD-091168,3,6,Desk Speakers Pair,audio,3,89.00,267.00,cancelled,2026-08-12T11:40:37+00:00
ORD-091169,10,9,USB-C Hub 8-in-1,accessories,5,39.99,199.95,completed,2026-08-12T13:55:59+00:00
ORD-091170,1,2,Wireless Mouse,peripherals,2,49.50,99.00,pending,2026-08-12T01:11:56+00:00
ORD-091171,6,3,27in 1440p Monitor,displays,4,319.99,1279.96,refunded,2026-08-12T03:45:47+00:00
ORD-091172,10,1,Mechanical Keyboard 75%,peripherals,5,129.00,645.00,cancelled,2026-08-12T18:46:00+00:00
ORD-091173,5,10,Laptop Stand Aluminium,accessories,5,27.50,137.50,cancelled,2026-08-12T03:37:55+00:00
ORD-091174,8,2,Wireless Mouse,peripherals,1,49.50,49.50,pending,2026-08-12T21:45:10+00:00
ORD-091175,5,10,Laptop Stand Aluminium,accessories,2,27.50,55.00,refunded,2026-08-12T22:31:33+00:00
ORD-091176,1,8,Ergonomic Chair,furniture,5,612.75,3063.75,cancelled,2026-08-12T23:47:08+00:00
ORD-091177,6,9,USB-C Hub 8-in-1,accessories,1,39.99,39.99,refunded,2026-08-12T23:22:07+00:00
ORD-091178,8,3,27in 1440p Monitor,displays,2,319.99,639.98,pending,2026-08-12T05:05:07+00:00
ORD-091179,2,5,Over-ear Headphones,audio,5,199.95,999.75,pending,2026-08-12T21:57:10+00:00
ORD-091180,9,5,Over-ear Headphones,audio,1,199.95,199.95,cancelled,2026-08-12T09:52:02+00:00
ORD-091181,4,2,Wireless Mouse,peripherals,4,49.50,198.00,pending,2026-08-12T00:55:53+00:00
ORD-091182,5,7,Standing Desk 120cm,furniture,3,449.00,1347.00,pending,2026-08-12T22:27:25+00:00
ORD-091183,10,10,Laptop Stand Aluminium,accessories,2,27.50,55.00,refunded,2026-08-12T21:16:56+00:00
ORD-091184,1,8,Ergonomic Chair,furniture,1,612.75,612.75,completed,2026-08-12T06:49:06+00:00
ORD-091185,5,8,Ergonomic Chair,furniture,5,612.75,3063.75,cancelled,2026-08-12T12:21:50+00:00
ORD-091186,1,4,34in Ultrawide Monitor,displays,2,579.00,1158.00,pending,2026-08-12T10:20:26+00:00
ORD-091187,4,9,USB-C Hub 8-in-1,accessories,3,39.99,119.97,completed,2026-08-12T03:26:52+00:00
ORD-091188,9,2,Wireless Mouse,peripherals,3,49.50,148.50,completed,2026-08-12T01:40:13+00:00
ORD-091189,10,4,34in Ultrawide Monitor,displays,3,579.00,1737.00,pending,2026-08-12T21:31:50+00:00
ORD-091190,1,10,Laptop Stand Aluminium,accessories,2,27.50,55.00,cancelled,2026-08-12T15:12:18+00:00
ORD-091191,7,5,Over-ear Headphones,audio,1,199.95,199.95,cancelled,2026-08-12T13:08:19+00:00
ORD-091192,9,9,USB-C Hub 8-in-1,accessories,4,39.99,159.96,refunded,2026-08-12T04:52:20+00:00
ORD-091193,8,6,Desk Speakers Pair,audio,4,89.00,356.00,pending,2026-08-12T13:29:04+00:00
ORD-091194,10,5,Over-ear Headphones,audio,3,199.95,599.85,completed,2026-08-12T05:13:22+00:00
ORD-091195,5,6,Desk Speakers Pair,audio,4,89.00,356.00,refunded,2026-08-12T01:59:42+00:00
ORD-091196,4,6,Desk Speakers Pair,audio,5,89.00,445.00,cancelled,2026-08-12T19:30:24+00:00
ORD-091197,1,5,Over-ear Headphones,audio,4,199.95,799.80,pending,2026-08-12T15:02:08+00:00
ORD-091198,1,4,34in Ultrawide Monitor,displays,4,579.00,2316.00,completed,2026-08-12T02:32:28+00:00
ORD-091199,6,8,Ergonomic Chair,furniture,5,612.75,3063.75,refunded,2026-08-12T15:22:32+00:00
ORD-091200,8,5,Over-ear Headphones,audio,4,199.95,799.80,refunded,2026-08-12T00:25:13+00:00
ORD-091201,7,1,Mechanical Keyboard 75%,peripherals,1,129.00,129.00,pending,2026-08-12T22:39:21+00:00
ORD-091202,5,5,Over-ear Headphones,audio,5,199.95,999.75,completed,2026-08-12T05:34:14+00:00
ORD-091203,2,8,Ergonomic Chair,furniture,4,612.75,2451.00,cancelled,2026-08-12T19:31:24+00:00
ORD-091204,2,2,Wireless Mouse,peripherals,3,49.50,148.50,cancelled,2026-08-12T00:20:12+00:00
ORD-091205,5,5,Over-ear Headphones,audio,3,199.95,599.85,refunded,2026-08-12T04:49:44+00:00
ORD-091206,8,8,Ergonomic Chair,furniture,4,612.75,2451.00,completed,2026-08-12T20:11:31+00:00
ORD-091207,6,2,Wireless Mouse,peripherals,5,49.50,247.50,cancelled,2026-08-12T23:09:04+00:00
ORD-091208,8,8,Ergonomic Chair,furniture,3,612.75,1838.25,refunded,2026-08-12T17:43:09+00:00
ORD-091209,2,9,USB-C Hub 8-in-1,accessories,5,39.99,199.95,pending,2026-08-12T12:37:15+00:00
ORD-091210,10,1,Mechanical Keyboard 75%,peripherals,1,129.00,129.00,refunded,2026-08-12T18:47:06+00:00
ORD-091211,6,5,Over-ear Headphones,audio,5,199.95,999.75,cancelled,2026-08-12T16:34:33+00:00
ORD-091212,2,2,Wireless Mouse,peripherals,2,49.50,99.00,refunded,2026-08-12T03:58:27+00:00
ORD-091213,6,4,34in Ultrawide Monitor,displays,3,579.00,1737.00,cancelled,2026-08-12T14:52:22+00:00
ORD-091214,5,5,Over-ear Headphones,audio,3,199.95,599.85,cancelled,2026-08-12T22:25:30+00:00
ORD-091215,7,10,Laptop Stand Aluminium,accessories,4,27.50,110.00,cancelled,2026-08-12T18:12:31+00:00
ORD-091216,7,7,Standing Desk 120cm,furniture,4,449.00,1796.00,refunded,2026-08-12T01:54:03+00:00
ORD-091217,4,4,34in Ultrawide Monitor,displays,1,579.00,579.00,pending,2026-08-12T10:27:35+00:00
ORD-091218,8,2,Wireless Mouse,peripherals,1,49.50,49.50,pending,2026-08-12T08:22:48+00:00
ORD-091219,4,6,Desk Speakers Pair,audio,2,89.00,178.00,pending,2026-08-12T15:36:24+00:00
ORD-091220,7,4,34in Ultrawide Monitor,displays,5,579.00,2895.00,completed,2026-08-12T06:57:28+00:00
ORD-091221,9,5,Over-ear Headphones,audio,4,199.95,799.80,refunded,2026-08-12T14:44:49+00:00
ORD-091222,8,4,34in Ultrawide Monitor,displays,2,579.00,1158.00,refunded,2026-08-12T21:51:03+00:00
ORD-091223,4,1,Mechanical Keyboard 75%,peripherals,2,129.00,258.00,completed,2026-08-12T05:26:34+00:00
ORD-091224,6,7,Standing Desk 120cm,furniture,1,449.00,449.00,refunded,2026-08-12T07:41:10+00:00
ORD-091225,10,10,Laptop Stand Aluminium,accessories,4,27.50,110.00,completed,2026-08-12T23:18:39+00:00
ORD-091226,3,4,34in Ultrawide Monitor,displays,3,579.00,1737.00,completed,2026-08-12T05:32:47+00:00
ORD-091227,9,10,Laptop Stand Aluminium,accessories,1,27.50,27.50,cancelled,2026-08-12T22:18:39+00:00
ORD-091228,9,1,Mechanical Keyboard 75%,peripherals,4,129.00,516.00,refunded,2026-08-12T23:14:34+00:00
ORD-091229,1,1,Mechanical Keyboard 75%,peripherals,1,129.00,129.00,pending,2026-08-12T21:35:53+00:00
ORD-091230,9,2,Wireless Mouse,peripherals,4,49.50,198.00,completed,2026-08-12T10:49:16+00:00
ORD-091231,10,1,Mechanical Keyboard 75%,peripherals,1,129.00,129.00,refunded,2026-08-12T05:08:02+00:00
ORD-091232,2,4,34in Ultrawide Monitor,displays,1,579.00,579.00,completed,2026-08-12T23:44:25+00:00
ORD-091233,6,8,Ergonomic Chair,furniture,2,612.75,1225.50,cancelled,2026-08-12T16:09:28+00:00
ORD-091234,10,9,USB-C Hub 8-in-1,accessories,1,39.99,39.99,completed,2026-08-12T17:36:21+00:00
ORD-091235,5,4,34in Ultrawide Monitor,displays,4,579.00,2316.00,refunded,2026-08-12T13:12:33+00:00
ORD-091236,8,3,27in 1440p Monitor,displays,4,319.99,1279.96,refunded,2026-08-12T12:36:56+00:00
ORD-091237,8,10,Laptop Stand Aluminium,accessories,4,27.50,110.00,cancelled,2026-08-12T14:54:22+00:00
ORD-091238,8,9,USB-C Hub 8-in-1,accessories,2,39.99,79.98,completed,2026-08-12T12:26:26+00:00
ORD-091239,1,9,USB-C Hub 8-in-1,accessories,2,39.99,79.98,cancelled,2026-08-12T05:11:04+00:00
ORD-091240,5,9,USB-C Hub 8-in-1,accessories,2,39.99,79.98,completed,2026-08-12T14:21:32+00:00
ORD-091241,9,9,USB-C Hub 8-in-1,accessories,1,39.99,39.99,refunded,2026-08-12T02:27:40+00:00
ORD-091242,9,7,Standing Desk 120cm,furniture,3,449.00,1347.00,pending,2026-08-12T06:30:50+00:00
ORD-091243,2,4,34in Ultrawide Monitor,displays,2,579.00,1158.00,pending,2026-08-12T21:10:02+00:00
ORD-091244,9,4,34in Ultrawide Monitor,displays,2,579.00,1158.00,refunded,2026-08-12T17:38:09+00:00
ORD-091245,10,9,USB-C Hub 8-in-1,accessories,4,39.99,159.96,refunded,2026-08-12T21:04:58+00:00
ORD-091246,10,5,Over-ear Headphones,audio,3,199.95,599.85,completed,2026-08-12T05:45:24+00:00
ORD-091247,2,5,Over-ear Headphones,audio,2,199.95,399.90,pending,2026-08-12T12:47:26+00:00
ORD-091248,3,8,Ergonomic Chair,furniture,2,612.75,1225.50,pending,2026-08-12T16:48:06+00:00
ORD-091249,5,9,USB-C Hub 8-in-1,accessories,4,39.99,159.96,pending,2026-08-12T08:13:20+00:00
ORD-091250,8,10,Laptop Stand Aluminium,accessories,4,27.50,110.00,refunded,2026-08-12T00:30:09+00:00
ORD-091251,3,1,Mechanical Keyboard 75%,peripherals,1,129.00,129.00,cancelled,2026-08-12T22:47:53+00:00
ORD-091252,1,5,Over-ear Headphones,audio,1,199.95,199.95,refunded,2026-08-12T06:00:45+00:00
ORD-091253,2,10,Laptop Stand Aluminium,accessories,1,27.50,27.50,refunded,2026-08-12T13:26:52+00:00
ORD-091254,10,7,Standing Desk 120cm,furniture,5,449.00,2245.00,pending,2026-08-12T15:02:06+00:00
ORD-091255,10,1,Mechanical Keyboard 75%,peripherals,1,129.00,129.00,completed,2026-08-12T08:50:07+00:00
ORD-091256,6,4,34in Ultrawide Monitor,displays,2,579.00,1158.00,refunded,2026-08-12T19:50:51+00:00
ORD-091257,10,1,Mechanical Keyboard 75%,peripherals,3,129.00,387.00,completed,2026-08-12T09:58:17+00:00
ORD-091258,1,4,34in Ultrawide Monitor,displays,5,579.00,2895.00,refunded,2026-08-12T18:44:21+00:00
ORD-091259,9,10,Laptop Stand Aluminium,accessories,3,27.50,82.50,pending,2026-08-12T11:20:11+00:00
ORD-091260,3,6,Desk Speakers Pair,audio,5,89.00,445.00,completed,2026-08-12T00:11:23+00:00
ORD-091261,10,5,Over-ear Headphones,audio,1,199.95,199.95,completed,2026-08-12T06:02:08+00:00
ORD-091262,9,7,Standing Desk 120cm,furniture,1,449.00,449.00,completed,2026-08-12T15:38:39+00:00
ORD-091263,7,10,Laptop Stand Aluminium,accessories,5,27.50,137.50,completed,2026-08-12T13:07:28+00:00
ORD-091264,8,4,34in Ultrawide Monitor,displays,1,579.00,579.00,completed,2026-08-12T03:15:57+00:00
ORD-091265,8,6,Desk Speakers Pair,audio,2,89.00,178.00,completed,2026-08-12T08:51:21+00:00
ORD-091266,6,5,Over-ear Headphones,audio,2,199.95,399.90,completed,2026-08-12T08:22:36+00:00
ORD-091267,3,8,Ergonomic Chair,furniture,2,612.75,1225.50,refunded,2026-08-12T13:57:12+00:00
ORD-091268,10,4,34in Ultrawide Monitor,displays,1,579.00,579.00,pending,2026-08-12T20:29:29+00:00
ORD-091269,5,6,Desk Speakers Pair,audio,5,89.00,445.00,completed,2026-08-12T10:06:32+00:00
ORD-091270,8,4,34in Ultrawide Monitor,displays,3,579.00,1737.00,completed,2026-08-12T02:35:55+00:00
ORD-091271,3,2,Wireless Mouse,peripherals,4,49.50,198.00,pending,2026-08-12T19:47:19+00:00
ORD-091272,4,1,Mechanical Keyboard 75%,peripherals,3,129.00,387.00,pending,2026-08-12T22:58:11+00:00
ORD-091273,3,6,Desk Speakers Pair,audio,1,89.00,89.00,refunded,2026-08-12T10:44:48+00:00
ORD-091274,3,5,Over-ear Headphones,audio,5,199.95,999.75,pending,2026-08-12T03:05:31+00:00
ORD-091275,10,10,Laptop Stand Aluminium,accessories,3,27.50,82.50,refunded,2026-08-12T04:34:30+00:00
ORD-091276,9,6,Desk Speakers Pair,audio,5,89.00,445.00,pending,2026-08-12T09:51:28+00:00
ORD-091277,1,7,Standing Desk 120cm,furniture,3,449.00,1347.00,refunded,2026-08-12T23:14:45+00:00
ORD-091278,1,3,27in 1440p Monitor,displays,2,319.99,639.98,pending,2026-08-12T04:31:41+00:00
ORD-091279,3,8,Ergonomic Chair,furniture,1,612.75,612.75,pending,2026-08-12T06:20:57+00:00
ORD-091280,3,2,Wireless Mouse,peripherals,4,49.50,198.00,pending,2026-08-12T15:19:10+00:00
ORD-091281,10,3,27in 1440p Monitor,displays,1,319.99,319.99,refunded,2026-08-12T10:35:48+00:00
ORD-091282,6,6,Desk Speakers Pair,audio,1,89.00,89.00,cancelled,2026-08-12T05:33:48+00:00
ORD-091283,8,9,USB-C Hub 8-in-1,accessories,4,39.99,159.96,refunded,2026-08-12T16:05:00+00:00
ORD-091284,2,3,27in 1440p Monitor,displays,2,319.99,639.98,cancelled,2026-08-12T09:26:27+00:00
ORD-091285,8,1,Mechanical Keyboard 75%,peripherals,5,129.00,645.00,completed,2026-08-12T10:23:59+00:00
ORD-091286,10,1,Mechanical Keyboard 75%,peripherals,2,129.00,258.00,pending,2026-08-12T07:54:53+00:00
ORD-091287,2,1,Mechanical Keyboard 75%,peripherals,1,129.00,129.00,cancelled,2026-08-12T23:50:10+00:00
ORD-091288,8,4,34in Ultrawide Monitor,displays,5,579.00,2895.00,cancelled,2026-08-12T21:31:42+00:00
ORD-091289,3,6,Desk Speakers Pair,audio,5,89.00,445.00,cancelled,2026-08-12T12:20:57+00:00
ORD-091290,6,4,34in Ultrawide Monitor,displays,5,579.00,2895.00,refunded,2026-08-12T13:49:55+00:00
ORD-091291,5,5,Over-ear Headphones,audio,1,199.95,199.95,pending,2026-08-12T05:23:46+00:00
ORD-091292,7,4,34in Ultrawide Monitor,displays,1,579.00,579.00,completed,2026-08-12T23:30:32+00:00
ORD-091293,2,10,Laptop Stand Aluminium,accessories,1,27.50,27.50,refunded,2026-08-12T16:19:37+00:00
ORD-091294,4,1,Mechanical Keyboard 75%,peripherals,5,129.00,645.00,refunded,2026-08-12T17:36:10+00:00
ORD-091295,1,10,Laptop Stand Aluminium,accessories,2,27.50,55.00,refunded,2026-08-12T23:48:26+00:00
ORD-091296,5,5,Over-ear Headphones,audio,1,199.95,199.95,completed,2026-08-12T08:43:14+00:00
ORD-091297,3,3,27in 1440p Monitor,displays,3,319.99,959.97,pending,2026-08-12T00:59:26+00:00
ORD-091298,3,9,USB-C Hub 8-in-1,accessories,2,39.99,79.98,refunded,2026-08-12T09:30:43+00:00
ORD-091299,6,3,27in 1440p Monitor,displays,1,319.99,319.99,pending,2026-08-12T08:02:24+00:00
ORD-091300,4,5,Over-ear Headphones,audio,5,199.95,999.75,pending,2026-08-12T04:58:47+00:00
ORD-091301,5,10,Laptop Stand Aluminium,accessories,3,27.50,82.50,pending,2026-08-12T08:01:36+00:00
ORD-091302,2,4,34in Ultrawide Monitor,displays,1,579.00,579.00,completed,2026-08-12T14:01:18+00:00
ORD-091303,7,10,Laptop Stand Aluminium,accessories,2,27.50,55.00,refunded,2026-08-12T07:03:17+00:00
ORD-091304,6,8,Ergonomic Chair,furniture,3,612.75,1838.25,refunded,2026-08-12T20:46:07+00:00
ORD-091305,8,5,Over-ear Headphones,audio,1,199.95,199.95,refunded,2026-08-12T02:10:15+00:00
ORD-091306,3,4,34in Ultrawide Monitor,displays,4,579.00,2316.00,completed,2026-08-12T23:31:10+00:00
ORD-091307,1,2,Wireless Mouse,peripherals,2,49.50,99.00,completed,2026-08-12T21:54:32+00:00
ORD-091308,2,2,Wireless Mouse,peripherals,3,49.50,148.50,cancelled,2026-08-12T08:48:56+00:00
ORD-091309,3,3,27in 1440p Monitor,displays,4,319.99,1279.96,pending,2026-08-12T08:27:28+00:00
ORD-091310,1,8,Ergonomic Chair,furniture,3,612.75,1838.25,refunded,2026-08-12T20:43:45+00:00
ORD-091311,3,8,Ergonomic Chair,furniture,4,612.75,2451.00,pending,2026-08-12T16:15:09+00:00
ORD-091312,2,2,Wireless Mouse,peripherals,1,49.50,49.50,completed,2026-08-12T17:59:52+00:00
ORD-091313,3,1,Mechanical Keyboard 75%,peripherals,2,129.00,258.00,refunded,2026-08-12T20:11:06+00:00
ORD-091314,10,1,Mechanical Keyboard 75%,peripherals,1,129.00,129.00,completed,2026-08-12T09:36:28+00:00
ORD-091315,6,5,Over-ear Headphones,audio,2,199.95,399.90,refunded,2026-08-12T02:02:45+00:00
ORD-091316,1,3,27in 1440p Monitor,displays,2,319.99,639.98,completed,2026-08-12T05:59:29+00:00
ORD-091317,2,9,USB-C Hub 8-in-1,accessories,4,39.99,159.96,completed,2026-08-12T17:02:29+00:00
ORD-091318,9,9,USB-C Hub 8-in-1,accessories,1,39.99,39.99,cancelled,2026-08-12T21:09:42+00:00
ORD-091319,7,4,34in Ultrawide Monitor,displays,2,579.00,1158.00,refunded,2026-08-12T04:30:09+00:00
ORD-091320,4,8,Ergonomic Chair,furniture,2,612.75,1225.50,refunded,2026-08-12T21:51:22+00:00
ORD-091321,6,4,34in Ultrawide Monitor,displays,4,579.00,2316.00,cancelled,2026-08-12T05:17:28+00:00
ORD-091322,10,4,34in Ultrawide Monitor,displays,1,579.00,579.00,pending,2026-08-12T01:43:43+00:00
ORD-091323,5,4,34in Ultrawide Monitor,displays,1,579.00,579.00,pending,2026-08-12T07:03:46+00:00
ORD-091324,5,6,Desk Speakers Pair,audio,5,89.00,445.00,pending,2026-08-12T23:03:55+00:00
ORD-091325,4,7,Standing Desk 120cm,furniture,2,449.00,898.00,pending,2026-08-12T23:39:50+00:00
ORD-091326,7,4,34in Ultrawide Monitor,displays,5,579.00,2895.00,cancelled,2026-08-12T11:29:30+00:00
ORD-091327,10,3,27in 1440p Monitor,displays,3,319.99,959.97,pending,2026-08-12T17:21:01+00:00
ORD-091328,3,1,Mechanical Keyboard 75%,peripherals,1,129.00,129.00,completed,2026-08-12T20:34:39+00:00
ORD-091329,1,5,Over-ear Headphones,audio,1,199.95,199.95,cancelled,2026-08-12T04:35:42+00:00
ORD-091330,7,6,Desk Speakers Pair,audio,5,89.00,445.00,pending,2026-08-12T04:22:34+00:00
ORD-091331,3,5,Over-ear Headphones,audio,1,199.95,199.95,completed,2026-08-12T05:01:20+00:00
ORD-091332,9,1,Mechanical Keyboard 75%,peripherals,3,129.00,387.00,pending,2026-08-12T16:21:16+00:00
ORD-091333,9,4,34in Ultrawide Monitor,displays,4,579.00,2316.00,cancelled,2026-08-12T22:14:46+00:00
ORD-091334,9,2,Wireless Mouse,peripherals,2,49.50,99.00,pending,2026-08-12T19:40:12+00:00
ORD-091335,2,8,Ergonomic Chair,furniture,2,612.75,1225.50,pending,2026-08-12T06:07:41+00:00
ORD-091336,10,3,27in 1440p Monitor,displays,2,319.99,639.98,pending,2026-08-12T16:43:43+00:00
ORD-091337,3,6,Desk Speakers Pair,audio,2,89.00,178.00,pending,2026-08-12T17:11:15+00:00
ORD-091338,2,1,Mechanical Keyboard 75%,peripherals,4,129.00,516.00,cancelled,2026-08-12T18:34:37+00:00
ORD-091339,9,10,Laptop Stand Aluminium,accessories,2,27.50,55.00,pending,2026-08-12T05:47:24+00:00
ORD-091340,7,7,Standing Desk 120cm,furniture,2,449.00,898.00,completed,2026-08-12T05:02:49+00:00
ORD-091341,10,5,Over-ear Headphones,audio,5,199.95,999.75,refunded,2026-08-12T01:38:09+00:00
ORD-091342,3,6,Desk Speakers Pair,audio,5,89.00,445.00,refunded,2026-08-12T02:06:25+00:00
ORD-091343,8,3,27in 1440p Monitor,displays,1,319.99,319.99,refunded,2026-08-12T11:59:52+00:00
ORD-091344,5,7,Standing Desk 120cm,furniture,1,449.00,449.00,cancelled,2026-08-12T01:33:37+00:00
ORD-091345,4,4,34in Ultrawide Monitor,displays,5,579.00,2895.00,refunded,2026-08-12T00:07:35+00:00
ORD-091346,5,2,Wireless Mouse,peripherals,5,49.50,247.50,completed,2026-08-12T09:15:05+00:00
ORD-091347,7,3,27in 1440p Monitor,displays,2,319.99,639.98,pending,2026-08-12T10:02:04+00:00
ORD-091348,6,9,USB-C Hub 8-in-1,accessories,4,39.99,159.96,completed,2026-08-12T11:48:01+00:00
ORD-091349,8,1,Mechanical Keyboard 75%,peripherals,4,129.00,516.00,cancelled,2026-08-12T20:56:09+00:00
ORD-091350,2,3,27in 1440p Monitor,displays,1,319.99,319.99,cancelled,2026-08-12T01:34:10+00:00
ORD-091351,4,9,USB-C Hub 8-in-1,accessories,2,39.99,79.98,completed,2026-08-12T16:50:20+00:00
ORD-091352,2,3,27in 1440p Monitor,displays,5,319.99,1599.95,cancelled,2026-08-12T04:04:51+00:00
ORD-091353,1,9,USB-C Hub 8-in-1,accessories,2,39.99,79.98,cancelled,2026-08-12T08:43:05+00:00
ORD-091354,9,3,27in 1440p Monitor,displays,1,319.99,319.99,completed,2026-08-12T08:03:56+00:00
ORD-091355,9,9,USB-C Hub 8-in-1,accessories,2,39.99,79.98,pending,2026-08-12T03:54:21+00:00
ORD-091356,9,6,Desk Speakers Pair,audio,5,89.00,445.00,pending,2026-08-12T10:12:31+00:00
ORD-091357,10,9,USB-C Hub 8-in-1,accessories,4,39.99,159.96,refunded,2026-08-12T08:44:50+00:00
ORD-091358,1,1,Mechanical Keyboard 75%,peripherals,4,129.00,516.00,cancelled,2026-08-12T14:25:44+00:00
ORD-091359,8,5,Over-ear Headphones,audio,2,199.95,399.90,pending,2026-08-12T08:40:21+00:00
ORD-091360,5,8,Ergonomic Chair,furniture,3,612.75,1838.25,refunded,2026-08-12T00:02:19+00:00
ORD-091361,8,9,USB-C Hub 8-in-1,accessories,5,39.99,199.95,completed,2026-08-12T19:14:48+00:00
ORD-091362,6,5,Over-ear Headphones,audio,2,199.95,399.90,cancelled,2026-08-12T07:10:54+00:00
ORD-091363,2,8,Ergonomic Chair,furniture,4,612.75,2451.00,pending,2026-08-12T14:27:16+00:00
ORD-091364,9,4,34in Ultrawide Monitor,displays,3,579.00,1737.00,cancelled,2026-08-12T22:42:07+00:00
ORD-091365,2,2,Wireless Mouse,peripherals,1,49.50,49.50,refunded,2026-08-12T08:11:29+00:00
ORD-091366,8,9,USB-C Hub 8-in-1,accessories,4,39.99,159.96,completed,2026-08-12T05:48:10+00:00
ORD-091367,4,7,Standing Desk 120cm,furniture,4,449.00,1796.00,pending,2026-08-12T22:32:21+00:00
ORD-091368,9,9,USB-C Hub 8-in-1,accessories,5,39.99,199.95,completed,2026-08-12T17:45:43+00:00
ORD-091369,4,10,Laptop Stand Aluminium,accessories,3,27.50,82.50,refunded,2026-08-12T05:02:48+00:00
ORD-091370,10,6,Desk Speakers Pair,audio,5,89.00,445.00,completed,2026-08-12T02:48:36+00:00
ORD-091371,8,8,Ergonomic Chair,furniture,4,612.75,2451.00,refunded,2026-08-12T01:37:48+00:00
ORD-091372,7,1,Mechanical Keyboard 75%,peripherals,3,129.00,387.00,cancelled,2026-08-12T01:51:17+00:00
ORD-091373,5,9,USB-C Hub 8-in-1,accessories,1,39.99,39.99,refunded,2026-08-12T04:55:38+00:00
ORD-091374,2,2,Wireless Mouse,peripherals,5,49.50,247.50,cancelled,2026-08-12T23:47:39+00:00
ORD-091375,1,7,Standing Desk 120cm,furniture,1,449.00,449.00,cancelled,2026-08-12T00:28:02+00:00
ORD-091376,2,5,Over-ear Headphones,audio,1,199.95,199.95,completed,2026-08-12T12:43:49+00:00
ORD-091377,6,10,Laptop Stand Aluminium,accessories,1,27.50,27.50,refunded,2026-08-12T21:12:40+00:00
ORD-091378,1,9,USB-C Hub 8-in-1,accessories,4,39.99,159.96,pending,2026-08-12T06:51:14+00:00
ORD-091379,9,7,Standing Desk 120cm,furniture,4,449.00,1796.00,refunded,2026-08-12T14:45:05+00:00
ORD-091380,6,6,Desk Speakers Pair,audio,3,89.00,267.00,refunded,2026-08-12T07:02:20+00:00
ORD-091381,7,9,USB-C Hub 8-in-1,accessories,1,39.99,39.99,refunded,2026-08-12T23:14:19+00:00
ORD-091382,8,4,34in Ultrawide Monitor,displays,4,579.00,2316.00,pending,2026-08-12T01:23:03+00:00
ORD-091383,5,7,Standing Desk 120cm,furniture,2,449.00,898.00,cancelled,2026-08-12T20:07:46+00:00
ORD-091384,7,4,34in Ultrawide Monitor,displays,2,579.00,1158.00,refunded,2026-08-12T01:21:47+00:00
ORD-091385,1,2,Wireless Mouse,peripherals,4,49.50,198.00,refunded,2026-08-12T13:04:02+00:00
ORD-091386,1,4,34in Ultrawide Monitor,displays,2,579.00,1158.00,completed,2026-08-12T03:53:32+00:00
ORD-091387,10,8,Ergonomic Chair,furniture,5,612.75,3063.75,completed,2026-08-12T15:46:06+00:00
ORD-091388,7,7,Standing Desk 120cm,furniture,1,449.00,449.00,completed,2026-08-12T16:17:21+00:00
ORD-091389,8,1,Mechanical Keyboard 75%,peripherals,5,129.00,645.00,completed,2026-08-12T01:29:22+00:00
ORD-091390,6,10,Laptop Stand Aluminium,accessories,5,27.50,137.50,refunded,2026-08-12T15:35:32+00:00
ORD-091391,2,9,USB-C Hub 8-in-1,accessories,1,39.99,39.99,pending,2026-08-12T19:30:31+00:00
ORD-091392,7,3,27in 1440p Monitor,displays,3,319.99,959.97,completed,2026-08-12T21:48:37+00:00
ORD-091393,7,7,Standing Desk 120cm,furniture,1,449.00,449.00,cancelled,2026-08-12T19:42:22+00:00
ORD-091394,8,7,Standing Desk 120cm,furniture,4,449.00,1796.00,pending,2026-08-12T20:11:32+00:00
ORD-091395,1,2,Wireless Mouse,peripherals,5,49.50,247.50,pending,2026-08-12T08:29:39+00:00
ORD-091396,7,2,Wireless Mouse,peripherals,1,49.50,49.50,cancelled,2026-08-12T12:04:04+00:00
ORD-091397,10,7,Standing Desk 120cm,furniture,4,449.00,1796.00,pending,2026-08-12T08:32:58+00:00
ORD-091398,1,5,Over-ear Headphones,audio,3,199.95,599.85,completed,2026-08-12T22:02:21+00:00
ORD-091399,2,3,27in 1440p Monitor,displays,3,319.99,959.97,pending,2026-08-12T07:52:19+00:00
ORD-091400,1,3,27in 1440p Monitor,displays,5,319.99,1599.95,cancelled,2026-08-12T09:31:33+00:00
ORD-091401,1,2,Wireless Mouse,peripherals,1,49.50,49.50,cancelled,2026-08-12T19:15:03+00:00
ORD-091402,1,2,Wireless Mouse,peripherals,5,49.50,247.50,cancelled,2026-08-12T09:16:43+00:00
ORD-091403,10,9,USB-C Hub 8-in-1,accessories,2,39.99,79.98,cancelled,2026-08-12T19:06:20+00:00
ORD-091404,6,6,Desk Speakers Pair,audio,3,89.00,267.00,completed,2026-08-12T02:38:22+00:00
ORD-091405,9,4,34in Ultrawide Monitor,displays,5,579.00,2895.00,completed,2026-08-12T12:46:10+00:00
ORD-091406,2,4,34in Ultrawide Monitor,displays,1,579.00,579.00,refunded,2026-08-12T07:25:46+00:00
ORD-091407,9,2,Wireless Mouse,peripherals,4,49.50,198.00,completed,2026-08-12T03:23:28+00:00
ORD-091408,2,1,Mechanical Keyboard 75%,peripherals,1,129.00,129.00,refunded,2026-08-12T03:28:23+00:00
ORD-091409,2,2,Wireless Mouse,peripherals,4,49.50,198.00,pending,2026-08-12T21:52:37+00:00
ORD-091410,7,1,Mechanical Keyboard 75%,peripherals,2,129.00,258.00,pending,2026-08-12T10:14:30+00:00
ORD-091411,2,3,27in 1440p Monitor,displays,4,319.99,1279.96,cancelled,2026-08-12T09:19:57+00:00
ORD-091412,3,2,Wireless Mouse,peripherals,5,49.50,247.50,cancelled,2026-08-12T22:16:30+00:00
ORD-091413,2,7,Standing Desk 120cm,furniture,2,449.00,898.00,refunded,2026-08-12T02:30:01+00:00
ORD-091414,3,9,USB-C Hub 8-in-1,accessories,2,39.99,79.98,pending,2026-08-12T16:35:29+00:00
ORD-091415,8,5,Over-ear Headphones,audio,3,199.95,599.85,completed,2026-08-12T05:46:17+00:00
ORD-091416,8,7,Standing Desk 120cm,furniture,4,449.00,1796.00,completed,2026-08-12T04:21:57+00:00
ORD-091417,6,8,Ergonomic Chair,furniture,4,612.75,2451.00,completed,2026-08-12T09:25:36+00:00
ORD-091418,3,7,Standing Desk 120cm,furniture,2,449.00,898.00,cancelled,2026-08-12T14:31:02+00:00
ORD-091419,6,2,Wireless Mouse,peripherals,5,49.50,247.50,refunded,2026-08-12T14:41:07+00:00
ORD-091420,3,5,Over-ear Headphones,audio,3,199.95,599.85,pending,2026-08-12T19:46:29+00:00
ORD-091421,4,5,Over-ear Headphones,audio,3,199.95,599.85,refunded,2026-08-12T15:30:56+00:00
ORD-091422,5,4,34in Ultrawide Monitor,displays,5,579.00,2895.00,refunded,2026-08-12T07:41:20+00:00
ORD-091423,10,5,Over-ear Headphones,audio,3,199.95,599.85,completed,2026-08-12T07:59:35+00:00
ORD-091424,4,3,27in 1440p Monitor,displays,5,319.99,1599.95,refunded,2026-08-12T02:58:33+00:00
ORD-091425,6,7,Standing Desk 120cm,furniture,2,449.00,898.00,completed,2026-08-12T08:27:19+00:00
ORD-091426,8,1,Mechanical Keyboard 75%,peripherals,3,129.00,387.00,pending,2026-08-12T11:00:15+00:00
ORD-091427,8,1,Mechanical Keyboard 75%,peripherals,4,129.00,516.00,cancelled,2026-08-12T20:09:28+00:00
ORD-091428,4,1,Mechanical Keyboard 75%,peripherals,4,129.00,516.00,completed,2026-08-12T00:08:32+00:00
ORD-091429,8,10,Laptop Stand Aluminium,accessories,2,27.50,55.00,pending,2026-08-12T20:43:09+00:00
ORD-091430,2,6,Desk Speakers Pair,audio,3,89.00,267.00,pending,2026-08-12T20:35:10+00:00
ORD-091431,6,5,Over-ear Headphones,audio,2,199.95,399.90,pending,2026-08-12T22:54:26+00:00
ORD-091432,5,2,Wireless Mouse,peripherals,5,49.50,247.50,cancelled,2026-08-12T22:27:28+00:00
ORD-091433,7,4,34in Ultrawide Monitor,displays,4,579.00,2316.00,pending,2026-08-12T22:42:46+00:00
ORD-091434,3,1,Mechanical Keyboard 75%,peripherals,2,129.00,258.00,completed,2026-08-12T01:17:28+00:00
ORD-091435,4,10,Laptop Stand Aluminium,accessories,4,27.50,110.00,completed,2026-08-12T09:12:14+00:00
ORD-091436,10,8,Ergonomic Chair,furniture,4,612.75,2451.00,completed,2026-08-12T00:14:39+00:00
ORD-091437,2,6,Desk Speakers Pair,audio,3,89.00,267.00,cancelled,2026-08-12T09:17:26+00:00
ORD-091438,10,2,Wireless Mouse,peripherals,3,49.50,148.50,pending,2026-08-12T10:20:49+00:00
ORD-091439,1,5,Over-ear Headphones,audio,3,199.95,599.85,pending,2026-08-12T22:30:14+00:00
ORD-091440,1,3,27in 1440p Monitor,displays,5,319.99,1599.95,pending,2026-08-12T16:19:05+00:00
ORD-091441,4,6,Desk Speakers Pair,audio,5,89.00,445.00,cancelled,2026-08-12T18:21:16+00:00
ORD-091442,2,7,Standing Desk 120cm,furniture,4,449.00,1796.00,completed,2026-08-12T20:58:58+00:00
ORD-091443,6,7,Standing Desk 120cm,furniture,3,449.00,1347.00,pending,2026-08-12T13:54:31+00:00
ORD-091444,8,6,Desk Speakers Pair,audio,4,89.00,356.00,completed,2026-08-12T03:45:47+00:00
ORD-091445,10,4,34in Ultrawide Monitor,displays,3,579.00,1737.00,pending,2026-08-12T20:53:09+00:00
ORD-091446,9,5,Over-ear Headphones,audio,1,199.95,199.95,refunded,2026-08-12T02:01:42+00:00
ORD-091447,3,7,Standing Desk 120cm,furniture,5,449.00,2245.00,cancelled,2026-08-12T01:27:49+00:00
ORD-091448,9,10,Laptop Stand Aluminium,accessories,3,27.50,82.50,cancelled,2026-08-12T08:45:08+00:00
ORD-091449,8,5,Over-ear Headphones,audio,1,199.95,199.95,cancelled,2026-08-12T11:43:30+00:00
ORD-091450,7,4,34in Ultrawide Monitor,displays,1,579.00,579.00,pending,2026-08-12T22:21:36+00:00
ORD-091451,10,7,Standing Desk 120cm,furniture,4,449.00,1796.00,pending,2026-08-12T21:07:46+00:00
ORD-091452,1,4,34in Ultrawide Monitor,displays,5,579.00,2895.00,cancelled,2026-08-12T15:17:26+00:00
ORD-091453,9,4,34in Ultrawide Monitor,displays,3,579.00,1737.00,pending,2026-08-12T02:27:56+00:00
ORD-091454,7,9,USB-C Hub 8-in-1,accessories,4,39.99,159.96,pending,2026-08-12T01:10:11+00:00
ORD-091455,5,3,27in 1440p Monitor,displays,5,319.99,1599.95,completed,2026-08-12T20:05:34+00:00
ORD-091456,7,5,Over-ear Headphones,audio,4,199.95,799.80,pending,2026-08-12T15:59:23+00:00
ORD-091457,3,3,27in 1440p Monitor,displays,4,319.99,1279.96,pending,2026-08-12T01:15:29+00:00
ORD-091458,8,3,27in 1440p Monitor,displays,5,319.99,1599.95,refunded,2026-08-12T09:43:36+00:00
ORD-091459,4,3,27in 1440p Monitor,displays,2,319.99,639.98,cancelled,2026-08-12T02:00:04+00:00
ORD-091460,4,4,34in Ultrawide Monitor,displays,4,579.00,2316.00,refunded,2026-08-12T16:40:52+00:00
ORD-091461,4,5,Over-ear Headphones,audio,2,199.95,399.90,completed,2026-08-12T20:04:22+00:00
ORD-091462,5,1,Mechanical Keyboard 75%,peripherals,5,129.00,645.00,pending,2026-08-12T11:18:08+00:00
ORD-091463,5,1,Mechanical Keyboard 75%,peripherals,3,129.00,387.00,pending,2026-08-12T01:25:20+00:00
ORD-091464,9,1,Mechanical Keyboard 75%,peripherals,4,129.00,516.00,refunded,2026-08-12T10:14:42+00:00
ORD-091465,7,6,Desk Speakers Pair,audio,4,89.00,356.00,cancelled,2026-08-12T09:58:18+00:00
ORD-091466,10,7,Standing Desk 120cm,furniture,2,449.00,898.00,refunded,2026-08-12T15:57:02+00:00
ORD-091467,4,4,34in Ultrawide Monitor,displays,3,579.00,1737.00,refunded,2026-08-12T20:13:00+00:00
ORD-091468,10,10,Laptop Stand Aluminium,accessories,4,27.50,110.00,cancelled,2026-08-12T08:40:35+00:00
ORD-091469,1,1,Mechanical Keyboard 75%,peripherals,4,129.00,516.00,refunded,2026-08-12T04:30:15+00:00
ORD-091470,9,6,Desk Speakers Pair,audio,5,89.00,445.00,cancelled,2026-08-12T22:55:45+00:00
ORD-091471,7,8,Ergonomic Chair,furniture,5,612.75,3063.75,pending,2026-08-12T08:18:30+00:00
ORD-091472,2,1,Mechanical Keyboard 75%,peripherals,1,129.00,129.00,pending,2026-08-12T13:29:39+00:00
ORD-091473,3,6,Desk Speakers Pair,audio,1,89.00,89.00,cancelled,2026-08-12T11:37:00+00:00
ORD-091474,3,6,Desk Speakers Pair,audio,5,89.00,445.00,refunded,2026-08-12T06:22:58+00:00
ORD-091475,2,5,Over-ear Headphones,audio,4,199.95,799.80,completed,2026-08-12T00:49:02+00:00
ORD-091476,7,6,Desk Speakers Pair,audio,1,89.00,89.00,cancelled,2026-08-12T04:25:26+00:00
ORD-091477,10,2,Wireless Mouse,peripherals,4,49.50,198.00,completed,2026-08-12T23:17:02+00:00
ORD-091478,9,9,USB-C Hub 8-in-1,accessories,3,39.99,119.97,pending,2026-08-12T08:14:55+00:00
ORD-091479,9,10,Laptop Stand Aluminium,accessories,2,27.50,55.00,refunded,2026-08-12T09:36:51+00:00
ORD-091480,10,9,USB-C Hub 8-in-1,accessories,3,39.99,119.97,refunded,2026-08-12T08:23:44+00:00
ORD-091481,10,5,Over-ear Headphones,audio,1,199.95,199.95,refunded,2026-08-12T14:46:29+00:00
ORD-091482,5,2,Wireless Mouse,peripherals,2,49.50,99.00,refunded,2026-08-12T03:08:13+00:00
ORD-091483,3,8,Ergonomic Chair,furniture,3,612.75,1838.25,cancelled,2026-08-12T22:23:47+00:00
ORD-091484,1,4,34in Ultrawide Monitor,displays,1,579.00,579.00,completed,2026-08-12T12:34:20+00:00
ORD-091485,8,2,Wireless Mouse,peripherals,3,49.50,148.50,pending,2026-08-12T09:53:17+00:00
ORD-091486,4,9,USB-C Hub 8-in-1,accessories,1,39.99,39.99,cancelled,2026-08-12T08:06:27+00:00
ORD-091487,7,3,27in 1440p Monitor,displays,2,319.99,639.98,pending,2026-08-12T01:37:07+00:00
ORD-091488,8,3,27in 1440p Monitor,displays,3,319.99,959.97,cancelled,2026-08-12T15:38:39+00:00
ORD-091489,8,8,Ergonomic Chair,furniture,2,612.75,1225.50,refunded,2026-08-12T21:55:31+00:00
ORD-091490,4,2,Wireless Mouse,peripherals,5,49.50,247.50,refunded,2026-08-12T11:45:04+00:00
ORD-091491,5,3,27in 1440p Monitor,displays,5,319.99,1599.95,refunded,2026-08-12T19:15:43+00:00
ORD-091492,2,3,27in 1440p Monitor,displays,1,319.99,319.99,cancelled,2026-08-12T04:08:24+00:00
ORD-091493,9,10,Laptop Stand Aluminium,accessories,1,27.50,27.50,refunded,2026-08-12T01:08:44+00:00
ORD-091494,6,10,Laptop Stand Aluminium,accessories,4,27.50,110.00,cancelled,2026-08-12T13:58:35+00:00
ORD-091495,2,7,Standing Desk 120cm,furniture,1,449.00,449.00,completed,2026-08-12T09:40:28+00:00
ORD-091496,7,8,Ergonomic Chair,furniture,2,612.75,1225.50,refunded,2026-08-12T08:16:32+00:00
ORD-091497,9,3,27in 1440p Monitor,displays,1,319.99,319.99,completed,2026-08-12T07:17:47+00:00
ORD-091498,3,7,Standing Desk 120cm,furniture,3,449.00,1347.00,refunded,2026-08-12T08:32:58+00:00
ORD-091499,6,7,Standing Desk 120cm,furniture,4,449.00,1796.00,cancelled,2026-08-12T03:35:29+00:00
ORD-091500,8,4,34in Ultrawide Monitor,displays,5,579.00,2895.00,completed,2026-08-12T04:00:28+00:00
ORD-091501,1,7,Standing Desk 120cm,furniture,2,449.00,898.00,pending,2026-08-12T18:45:54+00:00
ORD-091502,10,3,27in 1440p Monitor,displays,4,319.99,1279.96,pending,2026-08-12T19:12:37+00:00
ORD-091503,6,3,27in 1440p Monitor,displays,3,319.99,959.97,cancelled,2026-08-12T05:59:54+00:00
ORD-091504,1,9,USB-C Hub 8-in-1,accessories,1,39.99,39.99,cancelled,2026-08-12T05:11:12+00:00
ORD-091505,8,9,USB-C Hub 8-in-1,accessories,2,39.99,79.98,completed,2026-08-12T05:26:26+00:00
ORD-091506,3,10,Laptop Stand Aluminium,accessories,4,27.50,110.00,refunded,2026-08-12T18:44:15+00:00
ORD-091507,4,6,Desk Speakers Pair,audio,4,89.00,356.00,completed,2026-08-12T03:40:02+00:00
ORD-091508,6,5,Over-ear Headphones,audio,3,199.95,599.85,completed,2026-08-12T11:03:18+00:00
ORD-091509,7,5,Over-ear Headphones,audio,4,199.95,799.80,completed,2026-08-12T15:34:26+00:00
ORD-091510,4,10,Laptop Stand Aluminium,accessories,3,27.50,82.50,completed,2026-08-12T11:58:18+00:00
ORD-091511,3,6,Desk Speakers Pair,audio,1,89.00,89.00,pending,2026-08-12T19:52:35+00:00
ORD-091512,1,3,27in 1440p Monitor,displays,1,319.99,319.99,pending,2026-08-12T04:29:45+00:00
ORD-091513,6,4,34in Ultrawide Monitor,displays,1,579.00,579.00,pending,2026-08-12T04:05:11+00:00
ORD-091514,9,6,Desk Speakers Pair,audio,4,89.00,356.00,pending,2026-08-12T02:53:20+00:00
ORD-091515,3,2,Wireless Mouse,peripherals,3,49.50,148.50,cancelled,2026-08-12T05:37:16+00:00
ORD-091516,8,10,Laptop Stand Aluminium,accessories,4,27.50,110.00,completed,2026-08-12T09:57:18+00:00
ORD-091517,10,2,Wireless Mouse,peripherals,1,49.50,49.50,refunded,2026-08-12T21:27:30+00:00
ORD-091518,8,9,USB-C Hub 8-in-1,accessories,5,39.99,199.95,pending,2026-08-12T08:36:08+00:00
ORD-091519,1,3,27in 1440p Monitor,displays,2,319.99,639.98,pending,2026-08-12T13:42:24+00:00
ORD-091520,10,5,Over-ear Headphones,audio,4,199.95,799.80,cancelled,2026-08-12T18:50:26+00:00
ORD-091521,1,2,Wireless Mouse,peripherals,5,49.50,247.50,completed,2026-08-12T21:42:23+00:00
ORD-091522,5,3,27in 1440p Monitor,displays,3,319.99,959.97,refunded,2026-08-12T16:03:29+00:00
ORD-091523,9,10,Laptop Stand Aluminium,accessories,1,27.50,27.50,cancelled,2026-08-12T12:46:27+00:00
ORD-091524,9,1,Mechanical Keyboard 75%,peripherals,2,129.00,258.00,cancelled,2026-08-12T22:54:47+00:00
ORD-091525,8,6,Desk Speakers Pair,audio,2,89.00,178.00,refunded,2026-08-12T15:05:18+00:00
ORD-091526,9,4,34in Ultrawide Monitor,displays,2,579.00,1158.00,pending,2026-08-12T16:09:46+00:00
ORD-091527,2,4,34in Ultrawide Monitor,displays,5,579.00,2895.00,refunded,2026-08-12T11:42:22+00:00
ORD-091528,2,6,Desk Speakers Pair,audio,3,89.00,267.00,cancelled,2026-08-12T17:23:07+00:00
ORD-091529,4,6,Desk Speakers Pair,audio,2,89.00,178.00,completed,2026-08-12T12:59:47+00:00
ORD-091530,7,5,Over-ear Headphones,audio,5,199.95,999.75,pending,2026-08-12T23:32:13+00:00
ORD-091531,2,9,USB-C Hub 8-in-1,accessories,5,39.99,199.95,cancelled,2026-08-12T15:34:25+00:00
ORD-091532,4,4,34in Ultrawide Monitor,displays,1,579.00,579.00,cancelled,2026-08-12T00:39:43+00:00
ORD-091533,2,6,Desk Speakers Pair,audio,3,89.00,267.00,pending,2026-08-12T10:16:04+00:00
ORD-091534,3,8,Ergonomic Chair,furniture,3,612.75,1838.25,cancelled,2026-08-12T00:28:44+00:00
ORD-091535,1,8,Ergonomic Chair,furniture,2,612.75,1225.50,pending,2026-08-12T11:37:14+00:00
ORD-091536,1,9,USB-C Hub 8-in-1,accessories,5,39.99,199.95,refunded,2026-08-12T01:01:01+00:00
ORD-091537,4,5,Over-ear Headphones,audio,5,199.95,999.75,completed,2026-08-12T22:28:18+00:00
ORD-091538,6,7,Standing Desk 120cm,furniture,2,449.00,898.00,completed,2026-08-12T14:17:24+00:00
ORD-091539,9,10,Laptop Stand Aluminium,accessories,1,27.50,27.50,completed,2026-08-12T17:10:36+00:00
ORD-091540,1,3,27in 1440p Monitor,displays,4,319.99,1279.96,cancelled,2026-08-12T00:53:54+00:00
ORD-091541,10,6,Desk Speakers Pair,audio,5,89.00,445.00,refunded,2026-08-12T08:02:40+00:00
ORD-091542,3,9,USB-C Hub 8-in-1,accessories,4,39.99,159.96,cancelled,2026-08-12T23:54:40+00:00
ORD-091543,3,9,USB-C Hub 8-in-1,accessories,2,39.99,79.98,completed,2026-08-12T13:00:48+00:00
ORD-091544,2,1,Mechanical Keyboard 75%,peripherals,3,129.00,387.00,refunded,2026-08-12T07:36:45+00:00
ORD-091545,7,2,Wireless Mouse,peripherals,1,49.50,49.50,refunded,2026-08-12T17:09:23+00:00
ORD-091546,1,4,34in Ultrawide Monitor,displays,4,579.00,2316.00,refunded,2026-08-12T16:43:29+00:00
ORD-091547,5,10,Laptop Stand Aluminium,accessories,5,27.50,137.50,completed,2026-08-12T01:32:14+00:00
ORD-091548,5,1,Mechanical Keyboard 75%,peripherals,4,129.00,516.00,cancelled,2026-08-12T03:44:39+00:00
ORD-091549,3,9,USB-C Hub 8-in-1,accessories,4,39.99,159.96,completed,2026-08-12T16:52:07+00:00
ORD-091550,4,8,Ergonomic Chair,furniture,2,612.75,1225.50,refunded,2026-08-12T01:10:46+00:00
ORD-091551,8,10,Laptop Stand Aluminium,accessories,1,27.50,27.50,cancelled,2026-08-12T22:12:37+00:00
ORD-091552,7,6,Desk Speakers Pair,audio,4,89.00,356.00,refunded,2026-08-12T21:31:01+00:00
ORD-091553,2,5,Over-ear Headphones,audio,4,199.95,799.80,cancelled,2026-08-12T08:42:37+00:00
ORD-091554,10,6,Desk Speakers Pair,audio,5,89.00,445.00,cancelled,2026-08-12T13:36:02+00:00
ORD-091555,4,10,Laptop Stand Aluminium,accessories,2,27.50,-50.00,cancelled,2026-08-12T17:45:51+00:00
ORD-091556,7,5,Over-ear Headphones,audio,5,199.95,999.75,refunded,2026-08-12T06:08:32+00:00
ORD-091557,6,3,27in 1440p Monitor,displays,2,319.99,639.98,pending,2026-08-12T13:30:37+00:00
ORD-091558,5,4,34in Ultrawide Monitor,displays,4,579.00,2316.00,refunded,2026-08-12T09:30:44+00:00
ORD-091559,3,3,27in 1440p Monitor,displays,5,319.99,1599.95,completed,2026-08-12T17:05:22+00:00
ORD-091560,2,9,USB-C Hub 8-in-1,accessories,5,39.99,199.95,refunded,2026-08-12T02:45:19+00:00
ORD-091561,10,7,Standing Desk 120cm,furniture,4,449.00,1796.00,completed,2026-08-12T04:53:50+00:00
ORD-091562,5,5,Over-ear Headphones,audio,2,199.95,399.90,cancelled,2026-08-12T22:10:27+00:00
ORD-091563,3,8,Ergonomic Chair,furniture,4,612.75,2451.00,cancelled,2026-08-12T14:29:38+00:00
ORD-091564,1,4,34in Ultrawide Monitor,displays,5,579.00,2895.00,pending,2026-08-12T18:55:21+00:00
ORD-091565,2,8,Ergonomic Chair,furniture,3,612.75,1838.25,completed,2026-08-12T03:28:06+00:00
ORD-091566,7,1,Mechanical Keyboard 75%,peripherals,2,129.00,258.00,refunded,2026-08-12T13:36:01+00:00
ORD-091567,2,5,Over-ear Headphones,audio,3,199.95,599.85,completed,2026-08-12T22:37:46+00:00
ORD-091568,8,8,Ergonomic Chair,furniture,5,612.75,3063.75,refunded,2026-08-12T01:46:51+00:00
ORD-091569,2,2,Wireless Mouse,peripherals,3,49.50,148.50,cancelled,2026-08-12T16:12:10+00:00
ORD-091570,3,8,Ergonomic Chair,furniture,1,612.75,612.75,cancelled,2026-08-12T04:37:14+00:00
ORD-091571,10,5,Over-ear Headphones,audio,4,199.95,799.80,completed,2026-08-12T20:36:25+00:00
ORD-091572,4,4,34in Ultrawide Monitor,displays,5,579.00,2895.00,cancelled,2026-08-12T22:16:38+00:00
ORD-091573,5,2,Wireless Mouse,peripherals,5,49.50,247.50,refunded,2026-08-12T11:58:57+00:00
ORD-091574,2,2,Wireless Mouse,peripherals,5,49.50,247.50,cancelled,2026-08-12T11:22:49+00:00
ORD-091575,5,5,Over-ear Headphones,audio,4,199.95,799.80,pending,2026-08-12T09:50:57+00:00
ORD-091576,8,9,USB-C Hub 8-in-1,accessories,2,39.99,79.98,completed,2026-08-12T11:45:33+00:00
ORD-091577,9,1,Mechanical Keyboard 75%,peripherals,2,129.00,258.00,completed,2026-08-12T01:19:02+00:00
ORD-091578,10,5,Over-ear Headphones,audio,1,199.95,199.95,completed,2026-08-12T14:24:28+00:00
ORD-091579,7,3,27in 1440p Monitor,displays,2,319.99,639.98,refunded,2026-08-12T22:00:15+00:00
ORD-091580,1,9,USB-C Hub 8-in-1,accessories,4,39.99,159.96,pending,2026-08-12T11:11:05+00:00
ORD-091581,2,9,USB-C Hub 8-in-1,accessories,3,39.99,119.97,refunded,2026-08-12T12:15:34+00:00
ORD-091582,10,8,Ergonomic Chair,furniture,4,612.75,2451.00,refunded,2026-08-12T06:04:07+00:00
ORD-091583,7,5,Over-ear Headphones,audio,4,199.95,799.80,pending,2026-08-12T16:28:03+00:00
ORD-091584,10,7,Standing Desk 120cm,furniture,5,449.00,2245.00,pending,2026-08-12T04:53:05+00:00
ORD-091585,10,6,Desk Speakers Pair,audio,5,89.00,445.00,pending,2026-08-12T07:58:16+00:00
ORD-091586,4,2,Wireless Mouse,peripherals,4,49.50,198.00,pending,2026-08-12T06:59:11+00:00
ORD-091587,7,5,Over-ear Headphones,audio,1,199.95,199.95,completed,2026-08-12T02:28:27+00:00
ORD-091588,7,7,Standing Desk 120cm,furniture,2,449.00,898.00,refunded,2026-08-12T00:18:18+00:00
ORD-091589,10,6,Desk Speakers Pair,audio,2,89.00,178.00,cancelled,2026-08-12T14:26:01+00:00
ORD-091590,6,7,Standing Desk 120cm,furniture,5,449.00,2245.00,completed,2026-08-12T07:39:04+00:00
ORD-091591,8,1,Mechanical Keyboard 75%,peripherals,4,129.00,516.00,cancelled,2026-08-12T08:27:43+00:00
ORD-091592,7,7,Standing Desk 120cm,furniture,5,449.00,2245.00,completed,2026-08-12T04:52:42+00:00
ORD-091593,10,8,Ergonomic Chair,furniture,2,612.75,1225.50,cancelled,2026-08-12T08:24:22+00:00
ORD-091594,2,7,Standing Desk 120cm,furniture,1,449.00,449.00,cancelled,2026-08-12T23:48:34+00:00
ORD-091595,7,5,Over-ear Headphones,audio,1,199.95,199.95,cancelled,2026-08-12T00:17:24+00:00
ORD-091596,2,4,34in Ultrawide Monitor,displays,3,579.00,1737.00,refunded,2026-08-12T04:15:53+00:00
ORD-091597,7,4,34in Ultrawide Monitor,displays,2,579.00,1158.00,cancelled,2026-08-12T16:55:35+00:00
ORD-091598,8,6,Desk Speakers Pair,audio,1,89.00,89.00,refunded,2026-08-12T07:01:32+00:00
ORD-091599,9,9,USB-C Hub 8-in-1,accessories,2,39.99,79.98,completed,2026-08-12T10:55:58+00:00
ORD-091600,8,5,Over-ear Headphones,audio,1,199.95,199.95,refunded,2026-08-12T13:51:42+00:00
ORD-091601,8,2,Wireless Mouse,peripherals,4,49.50,198.00,refunded,2026-08-12T14:32:46+00:00
ORD-091602,5,10,Laptop Stand Aluminium,accessories,2,27.50,55.00,cancelled,2026-08-12T11:57:07+00:00
ORD-091603,6,10,Laptop Stand Aluminium,accessories,1,27.50,27.50,pending,2026-08-12T13:22:00+00:00
ORD-091604,3,1,Mechanical Keyboard 75%,peripherals,3,129.00,387.00,completed,2026-08-12T19:13:42+00:00
ORD-091605,6,1,Mechanical Keyboard 75%,peripherals,5,129.00,645.00,refunded,2026-08-12T12:27:09+00:00
ORD-091606,2,7,Standing Desk 120cm,furniture,4,449.00,1796.00,completed,2026-08-12T09:33:30+00:00
ORD-091607,6,3,27in 1440p Monitor,displays,1,319.99,319.99,refunded,2026-08-12T01:35:52+00:00
ORD-091608,2,1,Mechanical Keyboard 75%,peripherals,3,129.00,387.00,cancelled,2026-08-12T13:23:38+00:00
ORD-091609,10,10,Laptop Stand Aluminium,accessories,1,27.50,27.50,cancelled,2026-08-12T11:20:43+00:00
ORD-091610,9,6,Desk Speakers Pair,audio,5,89.00,445.00,cancelled,2026-08-12T23:24:12+00:00
ORD-091611,3,6,Desk Speakers Pair,audio,3,89.00,267.00,cancelled,2026-08-12T05:08:27+00:00
ORD-091612,8,9,USB-C Hub 8-in-1,accessories,5,39.99,199.95,completed,2026-08-12T08:15:52+00:00
ORD-091613,5,10,Laptop Stand Aluminium,accessories,5,27.50,137.50,refunded,2026-08-12T08:25:16+00:00
ORD-091614,3,5,Over-ear Headphones,audio,1,199.95,199.95,completed,2026-08-12T13:17:07+00:00
ORD-091615,8,1,Mechanical Keyboard 75%,peripherals,5,129.00,645.00,completed,2026-08-12T05:32:31+00:00
ORD-091616,5,3,27in 1440p Monitor,displays,3,319.99,959.97,refunded,2026-08-12T20:21:35+00:00
ORD-091617,10,3,27in 1440p Monitor,displays,2,319.99,639.98,completed,2026-08-12T22:22:51+00:00
ORD-091618,2,8,Ergonomic Chair,furniture,2,612.75,1225.50,pending,2026-08-12T06:40:17+00:00
ORD-091619,2,4,34in Ultrawide Monitor,displays,5,579.00,2895.00,cancelled,2026-08-12T20:17:21+00:00
ORD-091620,7,1,Mechanical Keyboard 75%,peripherals,3,129.00,387.00,pending,2026-08-12T08:03:41+00:00
ORD-091621,4,4,34in Ultrawide Monitor,displays,1,579.00,579.00,pending,2026-08-12T09:54:26+00:00
ORD-091622,1,4,34in Ultrawide Monitor,displays,5,579.00,2895.00,pending,2026-08-12T01:30:13+00:00
ORD-091623,5,8,Ergonomic Chair,furniture,1,612.75,612.75,refunded,2026-08-12T08:33:29+00:00
ORD-091624,10,5,Over-ear Headphones,audio,5,199.95,999.75,completed,2026-08-12T07:59:36+00:00
ORD-091625,3,3,27in 1440p Monitor,displays,3,319.99,959.97,refunded,2026-08-12T03:50:14+00:00
ORD-091626,10,7,Standing Desk 120cm,furniture,1,449.00,449.00,pending,2026-08-12T21:34:25+00:00
ORD-091627,5,6,Desk Speakers Pair,audio,4,89.00,356.00,completed,2026-08-12T04:34:42+00:00
ORD-091628,4,8,Ergonomic Chair,furniture,1,612.75,612.75,completed,2026-08-12T02:10:17+00:00
ORD-091629,8,10,Laptop Stand Aluminium,accessories,4,27.50,110.00,cancelled,2026-08-12T06:30:14+00:00
ORD-091630,10,1,Mechanical Keyboard 75%,peripherals,2,129.00,258.00,completed,2026-08-12T03:32:11+00:00
ORD-091631,1,6,Desk Speakers Pair,audio,4,89.00,356.00,completed,2026-08-12T09:59:31+00:00
ORD-091632,4,7,Standing Desk 120cm,furniture,3,449.00,1347.00,cancelled,2026-08-12T04:23:46+00:00
ORD-091633,6,4,34in Ultrawide Monitor,displays,2,579.00,1158.00,refunded,2026-08-12T04:24:56+00:00
ORD-091634,2,10,Laptop Stand Aluminium,accessories,2,27.50,55.00,completed,2026-08-12T00:25:48+00:00
ORD-091635,7,6,Desk Speakers Pair,audio,4,89.00,356.00,completed,2026-08-12T13:13:39+00:00
ORD-091636,5,8,Ergonomic Chair,furniture,1,612.75,612.75,refunded,2026-08-12T06:07:56+00:00
ORD-091637,2,5,Over-ear Headphones,audio,1,199.95,199.95,pending,2026-08-12T20:52:58+00:00
ORD-091638,7,4,34in Ultrawide Monitor,displays,4,579.00,2316.00,pending,2026-08-12T08:40:10+00:00
ORD-091639,10,9,USB-C Hub 8-in-1,accessories,4,39.99,159.96,cancelled,2026-08-12T10:27:31+00:00
ORD-091640,1,6,Desk Speakers Pair,audio,2,89.00,178.00,cancelled,2026-08-12T08:03:34+00:00
ORD-091641,5,10,Laptop Stand Aluminium,accessories,5,27.50,137.50,refunded,2026-08-12T07:04:15+00:00
ORD-091642,9,1,Mechanical Keyboard 75%,peripherals,3,129.00,387.00,refunded,2026-08-12T23:53:58+00:00
ORD-091643,8,7,Standing Desk 120cm,furniture,5,449.00,2245.00,completed,2026-08-12T16:09:13+00:00
ORD-091644,1,8,Ergonomic Chair,furniture,3,612.75,1838.25,pending,2026-08-12T16:02:02+00:00
ORD-091645,7,7,Standing Desk 120cm,furniture,4,449.00,1796.00,cancelled,2026-08-12T16:41:22+00:00
ORD-091646,9,2,Wireless Mouse,peripherals,1,49.50,49.50,cancelled,2026-08-12T06:23:54+00:00
ORD-091647,6,9,USB-C Hub 8-in-1,accessories,1,39.99,39.99,refunded,2026-08-12T19:24:25+00:00
ORD-091648,3,8,Ergonomic Chair,furniture,2,612.75,1225.50,refunded,2026-08-12T22:03:51+00:00
ORD-091649,9,4,34in Ultrawide Monitor,displays,1,579.00,579.00,cancelled,2026-08-12T03:45:35+00:00
ORD-091650,2,4,34in Ultrawide Monitor,displays,5,579.00,2895.00,refunded,2026-08-12T03:31:49+00:00
ORD-091651,1,8,Ergonomic Chair,furniture,3,612.75,1838.25,refunded,2026-08-12T04:15:02+00:00
ORD-091652,5,2,Wireless Mouse,peripherals,1,49.50,49.50,completed,2026-08-12T00:05:03+00:00
ORD-091653,9,10,Laptop Stand Aluminium,accessories,4,27.50,110.00,cancelled,2026-08-12T18:38:17+00:00
ORD-091654,10,2,Wireless Mouse,peripherals,4,49.50,198.00,refunded,2026-08-12T17:45:34+00:00
ORD-091655,9,10,Laptop Stand Aluminium,accessories,1,27.50,27.50,pending,2026-08-12T09:02:00+00:00
ORD-091656,7,5,Over-ear Headphones,audio,1,199.95,199.95,cancelled,2026-08-12T06:30:01+00:00
ORD-091657,1,10,Laptop Stand Aluminium,accessories,3,27.50,82.50,pending,2026-08-12T04:47:53+00:00
ORD-091658,8,6,Desk Speakers Pair,audio,3,89.00,267.00,refunded,2026-08-12T11:22:48+00:00
ORD-091659,5,8,Ergonomic Chair,furniture,5,612.75,3063.75,refunded,2026-08-12T05:50:48+00:00
ORD-091660,2,6,Desk Speakers Pair,audio,2,89.00,178.00,pending,2026-08-12T16:33:40+00:00
ORD-091661,3,9,USB-C Hub 8-in-1,accessories,4,39.99,159.96,refunded,2026-08-12T16:20:29+00:00
ORD-091662,9,8,Ergonomic Chair,furniture,2,612.75,1225.50,pending,2026-08-12T09:43:51+00:00
ORD-091663,5,10,Laptop Stand Aluminium,accessories,3,27.50,82.50,refunded,2026-08-12T10:50:50+00:00
ORD-091664,6,2,Wireless Mouse,peripherals,3,49.50,148.50,pending,2026-08-12T18:48:06+00:00
ORD-091665,1,9,USB-C Hub 8-in-1,accessories,3,39.99,119.97,completed,2026-08-12T22:08:49+00:00
ORD-091666,6,6,Desk Speakers Pair,audio,4,89.00,356.00,refunded,2026-08-12T15:26:52+00:00
ORD-091667,3,3,27in 1440p Monitor,displays,2,319.99,639.98,refunded,2026-08-12T11:19:40+00:00
ORD-091668,7,6,Desk Speakers Pair,audio,5,89.00,445.00,refunded,2026-08-12T20:34:25+00:00
ORD-091669,9,1,Mechanical Keyboard 75%,peripherals,2,129.00,258.00,cancelled,2026-08-12T09:04:59+00:00
ORD-091670,6,1,Mechanical Keyboard 75%,peripherals,1,129.00,129.00,cancelled,2026-08-12T01:55:13+00:00
ORD-091671,8,4,34in Ultrawide Monitor,displays,4,579.00,2316.00,completed,2026-08-12T19:08:54+00:00
ORD-091672,3,1,Mechanical Keyboard 75%,peripherals,5,129.00,645.00,completed,2026-08-12T20:08:55+00:00
ORD-091673,5,10,Laptop Stand Aluminium,accessories,2,27.50,55.00,pending,2026-08-12T05:29:50+00:00
ORD-091674,6,1,Mechanical Keyboard 75%,peripherals,2,129.00,258.00,completed,2026-08-12T15:11:23+00:00
ORD-091675,3,6,Desk Speakers Pair,audio,1,89.00,89.00,refunded,2026-08-12T14:34:33+00:00
ORD-091676,4,5,Over-ear Headphones,audio,4,199.95,799.80,cancelled,2026-08-12T03:03:11+00:00
ORD-091677,8,5,Over-ear Headphones,audio,4,199.95,799.80,refunded,2026-08-12T18:57:22+00:00
ORD-091678,3,6,Desk Speakers Pair,audio,2,89.00,178.00,pending,2026-08-12T09:03:51+00:00
ORD-091679,10,3,27in 1440p Monitor,displays,4,319.99,1279.96,refunded,2026-08-12T05:02:30+00:00
ORD-091680,4,7,Standing Desk 120cm,furniture,4,449.00,1796.00,cancelled,2026-08-12T05:01:58+00:00
ORD-091681,1,10,Laptop Stand Aluminium,accessories,4,27.50,110.00,completed,2026-08-12T19:23:53+00:00
ORD-091682,4,5,Over-ear Headphones,audio,5,199.95,999.75,refunded,2026-08-12T16:42:23+00:00
ORD-091683,6,10,Laptop Stand Aluminium,accessories,5,27.50,137.50,completed,2026-08-12T18:31:59+00:00
ORD-091684,2,3,27in 1440p Monitor,displays,4,319.99,1279.96,completed,2026-08-12T08:08:36+00:00
ORD-091685,7,3,27in 1440p Monitor,displays,2,319.99,639.98,cancelled,2026-08-12T16:30:29+00:00
ORD-091686,6,1,Mechanical Keyboard 75%,peripherals,5,129.00,645.00,completed,2026-08-12T09:48:17+00:00
ORD-091687,3,7,Standing Desk 120cm,furniture,2,449.00,898.00,completed,2026-08-12T00:18:47+00:00
ORD-091688,4,1,Mechanical Keyboard 75%,peripherals,4,129.00,516.00,cancelled,2026-08-12T11:36:59+00:00
ORD-091689,3,9,USB-C Hub 8-in-1,accessories,1,39.99,39.99,cancelled,2026-08-12T20:46:54+00:00
ORD-091690,6,10,Laptop Stand Aluminium,accessories,2,27.50,55.00,refunded,2026-08-12T02:57:48+00:00
ORD-091691,5,2,Wireless Mouse,peripherals,4,49.50,198.00,pending,2026-08-12T10:26:24+00:00
ORD-091692,4,5,Over-ear Headphones,audio,3,199.95,599.85,completed,2026-08-12T13:52:15+00:00
ORD-091693,2,9,USB-C Hub 8-in-1,accessories,5,39.99,199.95,refunded,2026-08-12T20:32:43+00:00
ORD-091694,2,6,Desk Speakers Pair,audio,5,89.00,445.00,refunded,2026-08-12T09:25:09+00:00
ORD-091695,8,6,Desk Speakers Pair,audio,2,89.00,178.00,cancelled,2026-08-12T20:59:48+00:00
ORD-091696,3,6,Desk Speakers Pair,audio,3,89.00,267.00,cancelled,2026-08-12T07:50:27+00:00
ORD-091697,2,5,Over-ear Headphones,audio,4,199.95,799.80,pending,2026-08-12T02:32:25+00:00
ORD-091698,10,10,Laptop Stand Aluminium,accessories,3,27.50,82.50,completed,2026-08-12T17:25:43+00:00
ORD-091699,2,8,Ergonomic Chair,furniture,4,612.75,2451.00,pending,2026-08-12T22:27:40+00:00
ORD-091700,9,7,Standing Desk 120cm,furniture,4,449.00,1796.00,completed,2026-08-12T17:58:12+00:00
ORD-091701,9,8,Ergonomic Chair,furniture,2,612.75,1225.50,cancelled,2026-08-12T12:52:58+00:00
ORD-091702,3,10,Laptop Stand Aluminium,accessories,5,27.50,137.50,completed,2026-08-12T04:53:05+00:00
ORD-091703,7,3,27in 1440p Monitor,displays,5,319.99,1599.95,refunded,2026-08-12T23:10:28+00:00
ORD-091704,1,5,Over-ear Headphones,audio,4,199.95,799.80,cancelled,2026-08-12T11:24:17+00:00
ORD-091705,9,1,Mechanical Keyboard 75%,peripherals,1,129.00,129.00,refunded,2026-08-12T10:02:01+00:00
ORD-091706,4,3,27in 1440p Monitor,displays,1,319.99,319.99,pending,2026-08-12T17:06:30+00:00
ORD-091707,7,10,Laptop Stand Aluminium,accessories,3,27.50,82.50,refunded,2026-08-12T02:38:40+00:00
ORD-091708,7,10,Laptop Stand Aluminium,accessories,3,27.50,82.50,completed,2026-08-12T09:19:14+00:00
ORD-091709,7,2,Wireless Mouse,peripherals,2,49.50,99.00,pending,2026-08-12T04:14:01+00:00
ORD-091710,10,2,Wireless Mouse,peripherals,5,49.50,247.50,completed,2026-08-12T02:28:32+00:00
ORD-091711,8,8,Ergonomic Chair,furniture,1,612.75,612.75,refunded,2026-08-12T07:01:27+00:00
ORD-091712,1,9,USB-C Hub 8-in-1,accessories,5,39.99,199.95,pending,2026-08-12T13:09:52+00:00
ORD-091713,5,7,Standing Desk 120cm,furniture,5,449.00,2245.00,completed,2026-08-12T21:11:06+00:00
ORD-091714,7,3,27in 1440p Monitor,displays,2,319.99,639.98,cancelled,2026-08-12T14:50:54+00:00
ORD-091715,10,7,Standing Desk 120cm,furniture,1,449.00,449.00,refunded,2026-08-12T18:17:24+00:00
ORD-091716,3,8,Ergonomic Chair,furniture,3,612.75,1838.25,completed,2026-08-12T08:58:05+00:00
ORD-091717,4,3,27in 1440p Monitor,displays,4,319.99,1279.96,completed,2026-08-12T06:36:05+00:00
ORD-091718,8,3,27in 1440p Monitor,displays,2,319.99,639.98,pending,2026-08-12T18:05:44+00:00
ORD-091719,9,2,Wireless Mouse,peripherals,4,49.50,198.00,pending,2026-08-12T09:54:59+00:00
ORD-091720,8,6,Desk Speakers Pair,audio,5,89.00,445.00,pending,2026-08-12T20:14:18+00:00
ORD-091721,8,3,27in 1440p Monitor,displays,4,319.99,1279.96,pending,2026-08-12T09:21:38+00:00
ORD-091722,7,2,Wireless Mouse,peripherals,2,49.50,99.00,refunded,2026-08-12T02:57:09+00:00
ORD-091723,6,4,34in Ultrawide Monitor,displays,5,579.00,2895.00,cancelled,2026-08-12T16:58:02+00:00
ORD-091724,1,6,Desk Speakers Pair,audio,4,89.00,356.00,cancelled,2026-08-12T13:02:25+00:00
ORD-091725,10,6,Desk Speakers Pair,audio,1,89.00,89.00,cancelled,2026-08-12T02:56:50+00:00
ORD-091726,6,1,Mechanical Keyboard 75%,peripherals,4,129.00,516.00,cancelled,2026-08-12T22:26:18+00:00
ORD-091727,9,1,Mechanical Keyboard 75%,peripherals,2,129.00,258.00,cancelled,2026-08-12T04:24:19+00:00
ORD-091728,3,3,27in 1440p Monitor,displays,4,319.99,1279.96,completed,2026-08-12T08:58:54+00:00
ORD-091729,8,2,Wireless Mouse,peripherals,1,49.50,49.50,pending,2026-08-12T09:13:41+00:00
ORD-091730,9,1,Mechanical Keyboard 75%,peripherals,1,129.00,129.00,refunded,2026-08-12T01:11:22+00:00
ORD-091731,6,7,Standing Desk 120cm,furniture,1,449.00,449.00,completed,2026-08-12T01:05:51+00:00
ORD-091732,5,9,USB-C Hub 8-in-1,accessories,4,39.99,159.96,pending,2026-08-12T12:03:52+00:00
ORD-091733,3,7,Standing Desk 120cm,furniture,2,449.00,898.00,refunded,2026-08-12T17:42:25+00:00
ORD-091734,2,4,34in Ultrawide Monitor,displays,4,579.00,2316.00,pending,2026-08-12T14:34:43+00:00
ORD-091735,7,2,Wireless Mouse,peripherals,4,49.50,198.00,pending,2026-08-12T06:55:33+00:00
ORD-091736,5,5,Over-ear Headphones,audio,4,199.95,799.80,refunded,2026-08-12T02:31:36+00:00
ORD-091737,7,2,Wireless Mouse,peripherals,5,49.50,247.50,completed,2026-08-12T06:57:15+00:00
ORD-091738,7,3,27in 1440p Monitor,displays,5,319.99,1599.95,cancelled,2026-08-12T04:57:17+00:00
ORD-091739,10,1,Mechanical Keyboard 75%,peripherals,2,129.00,258.00,pending,2026-08-12T10:59:11+00:00
ORD-091740,3,2,Wireless Mouse,peripherals,5,49.50,247.50,completed,2026-08-12T05:30:29+00:00
ORD-091741,7,10,Laptop Stand Aluminium,accessories,4,27.50,110.00,refunded,2026-08-12T05:04:14+00:00
ORD-091742,2,8,Ergonomic Chair,furniture,1,612.75,612.75,refunded,2026-08-12T00:07:11+00:00
ORD-091743,4,1,Mechanical Keyboard 75%,peripherals,2,129.00,258.00,completed,2026-08-12T10:26:12+00:00
ORD-091744,1,3,27in 1440p Monitor,displays,4,319.99,1279.96,cancelled,2026-08-12T16:53:41+00:00
ORD-091745,2,4,34in Ultrawide Monitor,displays,1,579.00,579.00,completed,2026-08-12T17:07:53+00:00
ORD-091746,2,4,34in Ultrawide Monitor,displays,4,579.00,2316.00,refunded,2026-08-12T22:12:55+00:00
ORD-091747,5,1,Mechanical Keyboard 75%,peripherals,3,129.00,387.00,pending,2026-08-12T19:02:48+00:00
ORD-091748,7,4,34in Ultrawide Monitor,displays,5,579.00,2895.00,completed,2026-08-12T07:12:19+00:00
ORD-091749,2,8,Ergonomic Chair,furniture,3,612.75,1838.25,completed,2026-08-12T18:33:07+00:00
ORD-091750,10,6,Desk Speakers Pair,audio,2,89.00,178.00,completed,2026-08-12T14:45:21+00:00
ORD-091751,4,4,34in Ultrawide Monitor,displays,2,579.00,1158.00,pending,2026-08-12T11:07:50+00:00
ORD-091752,6,8,Ergonomic Chair,furniture,5,612.75,3063.75,cancelled,2026-08-12T19:35:51+00:00
ORD-091753,6,4,34in Ultrawide Monitor,displays,3,579.00,1737.00,refunded,2026-08-12T06:49:22+00:00
ORD-091754,6,9,USB-C Hub 8-in-1,accessories,3,39.99,119.97,completed,2026-08-12T05:57:24+00:00
ORD-091755,8,6,Desk Speakers Pair,audio,5,89.00,445.00,refunded,2026-08-12T20:13:01+00:00
ORD-091756,2,8,Ergonomic Chair,furniture,1,612.75,612.75,refunded,2026-08-12T14:22:32+00:00
ORD-091757,2,9,USB-C Hub 8-in-1,accessories,1,39.99,39.99,refunded,2026-08-12T16:48:48+00:00
ORD-091758,8,10,Laptop Stand Aluminium,accessories,5,27.50,137.50,pending,2026-08-12T00:50:23+00:00
ORD-091759,6,9,USB-C Hub 8-in-1,accessories,1,39.99,39.99,cancelled,2026-08-12T00:35:53+00:00
ORD-091760,8,3,27in 1440p Monitor,displays,3,319.99,959.97,refunded,2026-08-12T22:12:40+00:00
ORD-091761,2,3,27in 1440p Monitor,displays,1,319.99,319.99,completed,2026-08-12T00:24:45+00:00
ORD-091762,10,5,Over-ear Headphones,audio,2,199.95,399.90,cancelled,2026-08-12T06:18:30+00:00
ORD-091763,2,3,27in 1440p Monitor,displays,3,319.99,959.97,pending,2026-08-12T11:09:27+00:00
ORD-091764,6,10,Laptop Stand Aluminium,accessories,2,27.50,55.00,refunded,2026-08-12T14:51:09+00:00
ORD-091765,8,10,Laptop Stand Aluminium,accessories,5,27.50,137.50,completed,2026-08-12T17:43:06+00:00
ORD-091766,9,8,Ergonomic Chair,furniture,4,612.75,2451.00,cancelled,2026-08-12T13:11:54+00:00
ORD-091767,10,3,27in 1440p Monitor,displays,2,319.99,639.98,completed,2026-08-12T09:37:43+00:00
ORD-091768,4,7,Standing Desk 120cm,furniture,3,449.00,1347.00,pending,2026-08-12T00:40:44+00:00
ORD-091769,6,7,Standing Desk 120cm,furniture,3,449.00,1347.00,refunded,2026-08-12T05:52:15+00:00
ORD-091770,4,2,Wireless Mouse,peripherals,1,49.50,49.50,refunded,2026-08-12T22:21:18+00:00
ORD-091771,3,8,Ergonomic Chair,furniture,4,612.75,2451.00,pending,2026-08-12T08:44:25+00:00
ORD-091772,6,5,Over-ear Headphones,audio,3,199.95,599.85,refunded,2026-08-12T14:03:45+00:00
ORD-091773,1,6,Desk Speakers Pair,audio,1,89.00,89.00,refunded,2026-08-12T13:27:08+00:00
ORD-091774,5,4,34in Ultrawide Monitor,displays,1,579.00,579.00,completed,2026-08-12T14:21:29+00:00
ORD-091775,4,1,Mechanical Keyboard 75%,peripherals,1,129.00,129.00,pending,2026-08-12T11:42:21+00:00
ORD-091776,10,5,Over-ear Headphones,audio,5,199.95,999.75,completed,2026-08-12T01:07:48+00:00
ORD-091777,6,3,27in 1440p Monitor,displays,5,319.99,1599.95,cancelled,2026-08-12T09:38:26+00:00
ORD-091778,10,1,Mechanical Keyboard 75%,peripherals,4,129.00,516.00,pending,2026-08-12T07:50:58+00:00
ORD-091779,3,9,USB-C Hub 8-in-1,accessories,1,39.99,39.99,cancelled,2026-08-12T11:52:14+00:00
ORD-091780,4,10,Laptop Stand Aluminium,accessories,4,27.50,110.00,pending,2026-08-12T07:44:28+00:00
ORD-091781,3,9,USB-C Hub 8-in-1,accessories,5,39.99,199.95,pending,2026-08-12T20:27:10+00:00
ORD-091782,2,2,Wireless Mouse,peripherals,1,49.50,49.50,completed,2026-08-12T23:54:21+00:00
ORD-091783,6,2,Wireless Mouse,peripherals,2,49.50,99.00,refunded,2026-08-12T04:52:46+00:00
ORD-091784,5,2,Wireless Mouse,peripherals,5,49.50,247.50,completed,2026-08-12T17:01:13+00:00
ORD-091785,8,1,Mechanical Keyboard 75%,peripherals,4,129.00,516.00,pending,2026-08-12T21:23:38+00:00
ORD-091786,2,9,USB-C Hub 8-in-1,accessories,2,39.99,79.98,pending,2026-08-12T05:33:53+00:00
ORD-091787,2,7,Standing Desk 120cm,furniture,2,449.00,898.00,pending,2026-08-12T06:04:01+00:00
ORD-091788,4,7,Standing Desk 120cm,furniture,4,449.00,1796.00,completed,2026-08-12T18:22:07+00:00
ORD-091789,2,2,Wireless Mouse,peripherals,1,49.50,49.50,completed,2026-08-12T21:27:35+00:00
ORD-091790,3,6,Desk Speakers Pair,audio,5,89.00,445.00,completed,2026-08-12T11:24:00+00:00
ORD-091791,4,8,Ergonomic Chair,furniture,1,612.75,612.75,pending,2026-08-12T10:50:43+00:00
ORD-091792,10,8,Ergonomic Chair,furniture,2,612.75,1225.50,pending,2026-08-12T07:50:13+00:00
ORD-091793,8,1,Mechanical Keyboard 75%,peripherals,5,129.00,645.00,pending,2026-08-12T16:55:36+00:00
ORD-091794,8,3,27in 1440p Monitor,displays,4,319.99,1279.96,cancelled,2026-08-12T19:28:12+00:00
ORD-091795,1,6,Desk Speakers Pair,audio,3,89.00,267.00,pending,2026-08-12T11:45:07+00:00
ORD-091796,9,7,Standing Desk 120cm,furniture,2,449.00,898.00,cancelled,2026-08-12T22:12:52+00:00
ORD-091797,10,10,Laptop Stand Aluminium,accessories,4,27.50,110.00,completed,2026-08-12T16:15:41+00:00
ORD-091798,10,9,USB-C Hub 8-in-1,accessories,4,39.99,159.96,pending,2026-08-12T00:11:49+00:00
ORD-091799,8,7,Standing Desk 120cm,furniture,5,449.00,2245.00,completed,2026-08-12T02:30:30+00:00
ORD-091800,4,9,USB-C Hub 8-in-1,accessories,3,39.99,119.97,cancelled,2026-08-12T08:25:41+00:00
ORD-091801,4,6,Desk Speakers Pair,audio,2,89.00,178.00,cancelled,2026-08-12T17:13:29+00:00
ORD-091802,2,7,Standing Desk 120cm,furniture,5,449.00,2245.00,cancelled,2026-08-12T04:16:12+00:00
ORD-091803,8,8,Ergonomic Chair,furniture,2,612.75,1225.50,cancelled,2026-08-12T19:58:26+00:00
ORD-091804,2,10,Laptop Stand Aluminium,accessories,3,27.50,82.50,cancelled,2026-08-12T06:22:28+00:00
ORD-091805,6,3,27in 1440p Monitor,displays,2,319.99,639.98,cancelled,2026-08-12T12:14:40+00:00
ORD-091806,8,6,Desk Speakers Pair,audio,5,89.00,445.00,cancelled,2026-08-12T03:31:21+00:00
ORD-091807,4,4,34in Ultrawide Monitor,displays,5,579.00,2895.00,refunded,2026-08-12T06:49:06+00:00
ORD-091808,7,2,Wireless Mouse,peripherals,5,49.50,247.50,refunded,2026-08-12T18:48:58+00:00
ORD-091809,3,9,USB-C Hub 8-in-1,accessories,3,39.99,119.97,refunded,2026-08-12T05:04:13+00:00
ORD-091810,5,9,USB-C Hub 8-in-1,accessories,3,39.99,119.97,refunded,2026-08-12T11:04:24+00:00
ORD-091811,5,8,Ergonomic Chair,furniture,1,612.75,612.75,cancelled,2026-08-12T10:44:13+00:00
ORD-091812,4,7,Standing Desk 120cm,furniture,3,449.00,1347.00,pending,2026-08-12T09:51:21+00:00
ORD-091813,6,5,Over-ear Headphones,audio,4,199.95,799.80,cancelled,2026-08-12T06:46:30+00:00
ORD-091814,8,8,Ergonomic Chair,furniture,3,612.75,1838.25,completed,2026-08-12T19:01:52+00:00
ORD-091815,9,10,Laptop Stand Aluminium,accessories,5,27.50,137.50,cancelled,2026-08-12T08:11:43+00:00
ORD-091816,10,4,34in Ultrawide Monitor,displays,2,579.00,1158.00,cancelled,2026-08-12T16:41:07+00:00
ORD-091817,4,4,34in Ultrawide Monitor,displays,3,579.00,1737.00,refunded,2026-08-12T14:38:58+00:00
ORD-091818,10,10,Laptop Stand Aluminium,accessories,5,27.50,137.50,cancelled,2026-08-12T06:37:18+00:00
ORD-091819,3,1,Mechanical Keyboard 75%,peripherals,2,129.00,258.00,cancelled,2026-08-12T09:53:36+00:00
ORD-091820,2,10,Laptop Stand Aluminium,accessories,1,27.50,27.50,cancelled,2026-08-12T17:34:14+00:00
ORD-091821,1,1,Mechanical Keyboard 75%,peripherals,4,129.00,516.00,pending,2026-08-12T22:30:56+00:00
ORD-091822,8,9,USB-C Hub 8-in-1,accessories,5,39.99,199.95,completed,2026-08-12T10:32:20+00:00
ORD-091823,1,5,Over-ear Headphones,audio,1,199.95,199.95,pending,2026-08-12T13:38:12+00:00
ORD-091824,1,10,Laptop Stand Aluminium,accessories,1,27.50,27.50,cancelled,2026-08-12T12:28:11+00:00
ORD-091825,1,8,Ergonomic Chair,furniture,4,612.75,2451.00,refunded,2026-08-12T02:38:40+00:00
ORD-091826,9,5,Over-ear Headphones,audio,2,199.95,399.90,refunded,2026-08-12T12:32:18+00:00
ORD-091827,7,3,27in 1440p Monitor,displays,1,319.99,319.99,completed,2026-08-12T22:05:05+00:00
ORD-091828,1,2,Wireless Mouse,peripherals,5,49.50,247.50,completed,2026-08-12T19:00:05+00:00
ORD-091829,6,8,Ergonomic Chair,furniture,3,612.75,1838.25,cancelled,2026-08-12T14:22:45+00:00
ORD-091830,4,2,Wireless Mouse,peripherals,1,49.50,49.50,completed,2026-08-12T07:33:52+00:00
ORD-091831,7,1,Mechanical Keyboard 75%,peripherals,5,129.00,645.00,cancelled,2026-08-12T12:42:11+00:00
ORD-091832,9,4,34in Ultrawide Monitor,displays,4,579.00,2316.00,refunded,2026-08-12T23:17:49+00:00
ORD-091833,6,1,Mechanical Keyboard 75%,peripherals,2,129.00,258.00,refunded,2026-08-12T15:33:00+00:00
ORD-091834,7,8,Ergonomic Chair,furniture,3,612.75,1838.25,completed,2026-08-12T23:54:31+00:00
ORD-091835,1,8,Ergonomic Chair,furniture,1,612.75,612.75,completed,2026-08-12T03:11:34+00:00
ORD-091836,10,4,34in Ultrawide Monitor,displays,5,579.00,2895.00,cancelled,2026-08-12T20:58:47+00:00
ORD-091837,10,8,Ergonomic Chair,furniture,2,612.75,1225.50,refunded,2026-08-12T22:31:44+00:00
ORD-091838,8,9,USB-C Hub 8-in-1,accessories,4,39.99,159.96,completed,2026-08-12T05:59:32+00:00
ORD-091839,1,2,Wireless Mouse,peripherals,3,49.50,148.50,cancelled,2026-08-12T20:05:42+00:00
ORD-091840,2,8,Ergonomic Chair,furniture,4,612.75,2451.00,refunded,2026-08-12T04:20:52+00:00
ORD-091841,9,6,Desk Speakers Pair,audio,1,89.00,89.00,cancelled,2026-08-12T14:21:49+00:00
ORD-091842,7,9,USB-C Hub 8-in-1,accessories,5,39.99,199.95,refunded,2026-08-12T17:30:11+00:00
ORD-091843,4,10,Laptop Stand Aluminium,accessories,1,27.50,27.50,cancelled,2026-08-12T23:53:13+00:00
ORD-091844,3,5,Over-ear Headphones,audio,5,199.95,999.75,pending,2026-08-12T00:16:31+00:00
ORD-091845,1,5,Over-ear Headphones,audio,5,199.95,999.75,refunded,2026-08-12T10:24:59+00:00
ORD-091846,7,3,27in 1440p Monitor,displays,4,319.99,1279.96,refunded,2026-08-12T23:08:52+00:00
ORD-091847,10,3,27in 1440p Monitor,displays,5,319.99,1599.95,completed,2026-08-12T01:32:11+00:00
ORD-091848,1,1,Mechanical Keyboard 75%,peripherals,1,129.00,129.00,completed,2026-08-12T17:39:26+00:00
ORD-091849,9,5,Over-ear Headphones,audio,3,199.95,599.85,refunded,2026-08-12T17:40:59+00:00
ORD-091850,2,5,Over-ear Headphones,audio,3,199.95,599.85,completed,2026-08-12T23:51:04+00:00
ORD-091851,1,9,USB-C Hub 8-in-1,accessories,3,39.99,119.97,refunded,2026-08-12T15:04:23+00:00
ORD-091852,5,5,Over-ear Headphones,audio,1,199.95,199.95,pending,2026-08-12T00:11:02+00:00
ORD-091853,3,3,27in 1440p Monitor,displays,4,319.99,1279.96,completed,2026-08-12T01:03:01+00:00
ORD-091854,1,3,27in 1440p Monitor,displays,1,319.99,319.99,cancelled,2026-08-12T23:25:06+00:00
ORD-091855,4,5,Over-ear Headphones,audio,2,199.95,399.90,cancelled,2026-08-12T06:47:57+00:00
ORD-091856,4,1,Mechanical Keyboard 75%,peripherals,1,129.00,129.00,pending,2026-08-12T08:24:38+00:00
ORD-091857,5,3,27in 1440p Monitor,displays,5,319.99,1599.95,refunded,2026-08-12T12:16:01+00:00
ORD-091858,4,3,27in 1440p Monitor,displays,3,319.99,959.97,pending,2026-08-12T09:30:47+00:00
ORD-091859,6,7,Standing Desk 120cm,furniture,5,449.00,2245.00,pending,2026-08-12T12:53:59+00:00
ORD-091860,4,2,Wireless Mouse,peripherals,2,49.50,99.00,cancelled,2026-08-12T01:33:24+00:00
ORD-091861,6,5,Over-ear Headphones,audio,4,199.95,799.80,refunded,2026-08-12T06:33:17+00:00
ORD-091862,7,4,34in Ultrawide Monitor,displays,4,579.00,2316.00,pending,2026-08-12T05:37:11+00:00
ORD-091863,1,6,Desk Speakers Pair,audio,5,89.00,445.00,cancelled,2026-08-12T13:29:51+00:00
ORD-091864,7,7,Standing Desk 120cm,furniture,3,449.00,1347.00,completed,2026-08-12T21:05:21+00:00
ORD-091865,3,9,USB-C Hub 8-in-1,accessories,2,39.99,79.98,completed,2026-08-12T04:51:55+00:00
ORD-091866,3,9,USB-C Hub 8-in-1,accessories,2,39.99,79.98,pending,2026-08-12T17:43:14+00:00
ORD-091867,9,9,USB-C Hub 8-in-1,accessories,4,39.99,159.96,completed,2026-08-12T22:35:49+00:00
ORD-091868,9,4,34in Ultrawide Monitor,displays,5,579.00,2895.00,pending,2026-08-12T16:27:08+00:00
ORD-091869,2,1,Mechanical Keyboard 75%,peripherals,3,129.00,387.00,pending,2026-08-12T04:30:24+00:00
ORD-091870,4,3,27in 1440p Monitor,displays,2,319.99,639.98,completed,2026-08-12T00:56:35+00:00
ORD-091871,3,1,Mechanical Keyboard 75%,peripherals,5,129.00,645.00,cancelled,2026-08-12T02:16:37+00:00
ORD-091872,2,2,Wireless Mouse,peripherals,3,49.50,148.50,cancelled,2026-08-12T08:25:07+00:00
ORD-091873,9,8,Ergonomic Chair,furniture,1,612.75,612.75,completed,2026-08-12T05:40:56+00:00
ORD-091874,6,1,Mechanical Keyboard 75%,peripherals,4,129.00,516.00,refunded,2026-08-12T05:33:45+00:00
ORD-091875,6,10,Laptop Stand Aluminium,accessories,5,27.50,137.50,refunded,2026-08-12T08:22:03+00:00
ORD-091876,9,1,Mechanical Keyboard 75%,peripherals,3,129.00,387.00,completed,2026-08-12T21:09:04+00:00
ORD-091877,4,6,Desk Speakers Pair,audio,1,89.00,89.00,cancelled,2026-08-12T04:04:14+00:00
ORD-091878,2,3,27in 1440p Monitor,displays,1,319.99,319.99,refunded,2026-08-12T03:05:19+00:00
ORD-091879,10,1,Mechanical Keyboard 75%,peripherals,5,129.00,645.00,cancelled,2026-08-12T02:53:29+00:00
ORD-091880,1,10,Laptop Stand Aluminium,accessories,3,27.50,82.50,completed,2026-08-12T19:15:16+00:00
ORD-091881,2,5,Over-ear Headphones,audio,4,199.95,799.80,completed,2026-08-12T15:03:19+00:00
ORD-091882,3,7,Standing Desk 120cm,furniture,4,449.00,1796.00,cancelled,2026-08-12T22:32:44+00:00
ORD-091883,1,2,Wireless Mouse,peripherals,1,49.50,49.50,cancelled,2026-08-12T19:52:34+00:00
ORD-091884,5,3,27in 1440p Monitor,displays,1,319.99,319.99,completed,2026-08-12T12:49:26+00:00
ORD-091885,3,7,Standing Desk 120cm,furniture,3,449.00,1347.00,cancelled,2026-08-12T09:55:30+00:00
ORD-091886,4,8,Ergonomic Chair,furniture,5,612.75,3063.75,pending,2026-08-12T07:56:12+00:00
ORD-091887,9,1,Mechanical Keyboard 75%,peripherals,2,129.00,258.00,pending,2026-08-12T20:21:20+00:00
ORD-091888,8,5,Over-ear Headphones,audio,2,199.95,399.90,completed,2026-08-12T22:01:01+00:00
ORD-091889,9,7,Standing Desk 120cm,furniture,3,449.00,1347.00,completed,2026-08-12T17:09:40+00:00
ORD-091890,9,5,Over-ear Headphones,audio,3,199.95,599.85,pending,2026-08-12T20:45:08+00:00
ORD-091891,9,4,34in Ultrawide Monitor,displays,2,579.00,1158.00,pending,2026-08-12T11:42:06+00:00
ORD-091892,7,8,Ergonomic Chair,furniture,4,612.75,2451.00,refunded,2026-08-12T14:13:45+00:00
ORD-091893,2,2,Wireless Mouse,peripherals,1,49.50,49.50,completed,2026-08-12T03:06:55+00:00
ORD-091894,3,8,Ergonomic Chair,furniture,1,612.75,612.75,pending,2026-08-12T14:53:21+00:00
ORD-091895,1,6,Desk Speakers Pair,audio,1,89.00,89.00,refunded,2026-08-12T01:03:09+00:00
ORD-091896,7,7,Standing Desk 120cm,furniture,3,449.00,1347.00,pending,2026-08-12T13:56:08+00:00
ORD-091897,2,9,USB-C Hub 8-in-1,accessories,2,39.99,79.98,cancelled,2026-08-12T04:33:08+00:00
ORD-091898,2,2,Wireless Mouse,peripherals,3,49.50,148.50,refunded,2026-08-12T11:44:17+00:00
ORD-091899,3,4,34in Ultrawide Monitor,displays,2,579.00,1158.00,cancelled,2026-08-12T03:33:43+00:00
ORD-091900,7,2,Wireless Mouse,peripherals,1,49.50,49.50,pending,2026-08-12T13:22:03+00:00
ORD-091901,10,3,27in 1440p Monitor,displays,3,319.99,959.97,refunded,2026-08-12T11:51:20+00:00
ORD-091902,9,9,USB-C Hub 8-in-1,accessories,4,39.99,159.96,cancelled,2026-08-12T01:20:30+00:00
ORD-091903,6,6,Desk Speakers Pair,audio,5,89.00,445.00,completed,2026-08-12T19:43:47+00:00
ORD-091904,9,3,27in 1440p Monitor,displays,5,319.99,1599.95,refunded,2026-08-12T00:22:17+00:00
ORD-091905,9,5,Over-ear Headphones,audio,5,199.95,999.75,cancelled,2026-08-12T15:08:41+00:00
ORD-091906,1,3,27in 1440p Monitor,displays,1,319.99,319.99,cancelled,2026-08-12T16:13:30+00:00
ORD-091907,2,1,Mechanical Keyboard 75%,peripherals,4,129.00,516.00,completed,2026-08-12T01:43:43+00:00
ORD-091908,3,1,Mechanical Keyboard 75%,peripherals,3,129.00,387.00,cancelled,2026-08-12T19:49:39+00:00
ORD-091909,1,1,Mechanical Keyboard 75%,peripherals,5,129.00,645.00,refunded,2026-08-12T19:49:15+00:00
ORD-091910,7,8,Ergonomic Chair,furniture,2,612.75,1225.50,completed,2026-08-12T08:48:54+00:00
ORD-091911,6,8,Ergonomic Chair,furniture,2,612.75,1225.50,refunded,2026-08-12T21:00:49+00:00
ORD-091912,1,9,USB-C Hub 8-in-1,accessories,5,39.99,199.95,completed,2026-08-12T19:29:53+00:00
ORD-091913,4,5,Over-ear Headphones,audio,2,199.95,399.90,completed,2026-08-12T10:46:45+00:00
ORD-091914,10,6,Desk Speakers Pair,audio,5,89.00,445.00,refunded,2026-08-12T09:02:54+00:00
ORD-091915,2,3,27in 1440p Monitor,displays,4,319.99,1279.96,pending,2026-08-12T17:40:26+00:00
ORD-091916,2,5,Over-ear Headphones,audio,3,199.95,599.85,refunded,2026-08-12T14:53:22+00:00
ORD-091917,6,4,34in Ultrawide Monitor,displays,3,579.00,1737.00,completed,2026-08-12T13:01:08+00:00
ORD-091918,2,8,Ergonomic Chair,furniture,5,612.75,3063.75,refunded,2026-08-12T19:19:49+00:00
ORD-091919,10,8,Ergonomic Chair,furniture,3,612.75,1838.25,cancelled,2026-08-12T16:25:59+00:00
ORD-091920,8,5,Over-ear Headphones,audio,4,199.95,799.80,completed,2026-08-12T00:04:03+00:00
ORD-091921,9,4,34in Ultrawide Monitor,displays,2,579.00,1158.00,pending,2026-08-12T04:26:46+00:00
ORD-091922,3,8,Ergonomic Chair,furniture,2,612.75,1225.50,refunded,2026-08-12T08:32:45+00:00
ORD-091923,5,9,USB-C Hub 8-in-1,accessories,5,39.99,199.95,refunded,2026-08-12T09:33:12+00:00
ORD-091924,1,3,27in 1440p Monitor,displays,4,319.99,1279.96,refunded,2026-08-12T12:28:17+00:00
ORD-091925,8,10,Laptop Stand Aluminium,accessories,3,27.50,82.50,cancelled,2026-08-12T14:28:20+00:00
ORD-091926,8,9,USB-C Hub 8-in-1,accessories,5,39.99,199.95,pending,2026-08-12T19:02:43+00:00
ORD-091927,7,7,Standing Desk 120cm,furniture,4,449.00,1796.00,completed,2026-08-12T12:41:30+00:00
ORD-091928,5,4,34in Ultrawide Monitor,displays,4,579.00,2316.00,cancelled,2026-08-12T23:42:37+00:00
ORD-091929,2,6,Desk Speakers Pair,audio,4,89.00,356.00,pending,2026-08-12T19:36:29+00:00
ORD-091930,9,7,Standing Desk 120cm,furniture,1,449.00,449.00,refunded,2026-08-12T10:09:53+00:00
ORD-091931,10,6,Desk Speakers Pair,audio,1,89.00,89.00,completed,2026-08-12T01:34:38+00:00
ORD-091932,5,10,Laptop Stand Aluminium,accessories,5,27.50,137.50,pending,2026-08-12T22:32:07+00:00
ORD-091933,7,6,Desk Speakers Pair,audio,1,89.00,89.00,cancelled,2026-08-12T04:38:56+00:00
ORD-091934,1,10,Laptop Stand Aluminium,accessories,1,27.50,27.50,completed,2026-08-12T05:57:34+00:00
ORD-091935,8,8,Ergonomic Chair,furniture,4,612.75,2451.00,completed,2026-08-12T05:15:42+00:00
ORD-091936,8,6,Desk Speakers Pair,audio,4,89.00,356.00,cancelled,2026-08-12T07:43:05+00:00
ORD-091937,2,5,Over-ear Headphones,audio,1,199.95,199.95,cancelled,2026-08-12T10:53:32+00:00
ORD-091938,10,4,34in Ultrawide Monitor,displays,2,579.00,1158.00,refunded,2026-08-12T05:18:57+00:00
ORD-091939,6,6,Desk Speakers Pair,audio,5,89.00,445.00,cancelled,2026-08-12T09:18:49+00:00
ORD-091940,7,6,Desk Speakers Pair,audio,5,89.00,445.00,cancelled,2026-08-12T11:57:38+00:00
ORD-091941,2,2,Wireless Mouse,peripherals,3,49.50,148.50,completed,2026-08-12T21:17:19+00:00
ORD-091942,8,6,Desk Speakers Pair,audio,3,89.00,267.00,refunded,2026-08-12T23:40:42+00:00
ORD-091943,3,5,Over-ear Headphones,audio,3,199.95,599.85,refunded,2026-08-12T16:27:27+00:00
ORD-091944,5,10,Laptop Stand Aluminium,accessories,1,27.50,27.50,completed,2026-08-12T02:23:07+00:00
ORD-091945,7,9,USB-C Hub 8-in-1,accessories,4,39.99,159.96,pending,2026-08-12T04:54:33+00:00
ORD-091946,4,10,Laptop Stand Aluminium,accessories,4,27.50,110.00,pending,2026-08-12T15:14:42+00:00
ORD-091947,5,9,USB-C Hub 8-in-1,accessories,5,39.99,199.95,completed,2026-08-12T20:39:29+00:00
ORD-091948,2,7,Standing Desk 120cm,furniture,5,449.00,2245.00,refunded,2026-08-12T06:05:21+00:00
ORD-091949,10,5,Over-ear Headphones,audio,5,199.95,999.75,refunded,2026-08-12T09:00:22+00:00
ORD-091950,8,1,Mechanical Keyboard 75%,peripherals,1,129.00,129.00,refunded,2026-08-12T13:41:21+00:00
ORD-091951,10,9,USB-C Hub 8-in-1,accessories,4,39.99,159.96,refunded,2026-08-12T13:08:08+00:00
ORD-091952,3,4,34in Ultrawide Monitor,displays,1,579.00,579.00,completed,2026-08-12T12:48:15+00:00
ORD-091953,8,7,Standing Desk 120cm,furniture,3,449.00,1347.00,cancelled,2026-08-12T05:53:38+00:00
ORD-091954,5,1,Mechanical Keyboard 75%,peripherals,4,129.00,516.00,cancelled,2026-08-12T06:51:55+00:00
ORD-091955,4,7,Standing Desk 120cm,furniture,3,449.00,1347.00,pending,2026-08-12T18:05:21+00:00
ORD-091956,9,6,Desk Speakers Pair,audio,2,89.00,178.00,completed,2026-08-12T23:09:47+00:00
ORD-091957,9,9,USB-C Hub 8-in-1,accessories,3,39.99,119.97,refunded,2026-08-12T22:19:35+00:00
ORD-091958,1,4,34in Ultrawide Monitor,displays,5,579.00,2895.00,cancelled,2026-08-12T17:14:32+00:00
ORD-091959,4,8,Ergonomic Chair,furniture,2,612.75,1225.50,pending,2026-08-12T14:48:11+00:00
ORD-091960,3,5,Over-ear Headphones,audio,1,199.95,199.95,pending,2026-08-12T13:34:59+00:00
ORD-091961,2,10,Laptop Stand Aluminium,accessories,4,27.50,110.00,pending,2026-08-12T14:07:29+00:00
ORD-091962,4,7,Standing Desk 120cm,furniture,4,449.00,1796.00,completed,2026-08-12T15:16:37+00:00
ORD-091963,1,9,USB-C Hub 8-in-1,accessories,1,39.99,39.99,refunded,2026-08-12T04:49:49+00:00
ORD-091964,1,2,Wireless Mouse,peripherals,2,49.50,99.00,completed,2026-08-12T15:15:56+00:00
ORD-091965,2,5,Over-ear Headphones,audio,2,199.95,399.90,refunded,2026-08-12T17:22:02+00:00
ORD-091966,7,8,Ergonomic Chair,furniture,2,612.75,1225.50,pending,2026-08-12T17:48:37+00:00
ORD-091967,10,1,Mechanical Keyboard 75%,peripherals,5,129.00,645.00,cancelled,2026-08-12T20:39:17+00:00
ORD-091968,9,8,Ergonomic Chair,furniture,5,612.75,3063.75,refunded,2026-08-12T08:31:08+00:00
ORD-091969,3,5,Over-ear Headphones,audio,1,199.95,199.95,completed,2026-08-12T22:33:35+00:00
ORD-091970,7,9,USB-C Hub 8-in-1,accessories,5,39.99,199.95,refunded,2026-08-12T06:02:01+00:00
ORD-091971,3,1,Mechanical Keyboard 75%,peripherals,4,129.00,516.00,cancelled,2026-08-12T23:23:10+00:00
ORD-091972,9,1,Mechanical Keyboard 75%,peripherals,2,129.00,258.00,refunded,2026-08-12T23:38:49+00:00
ORD-091973,2,9,USB-C Hub 8-in-1,accessories,1,39.99,39.99,completed,2026-08-12T00:38:20+00:00
ORD-091974,8,4,34in Ultrawide Monitor,displays,2,579.00,1158.00,cancelled,2026-08-12T10:26:16+00:00
ORD-091975,2,2,Wireless Mouse,peripherals,2,49.50,99.00,completed,2026-08-12T04:33:13+00:00
ORD-091976,10,6,Desk Speakers Pair,audio,3,89.00,267.00,refunded,2026-08-12T22:24:18+00:00
ORD-091977,1,3,27in 1440p Monitor,displays,3,319.99,959.97,pending,2026-08-12T02:46:35+00:00
ORD-091978,7,1,Mechanical Keyboard 75%,peripherals,5,129.00,645.00,cancelled,2026-08-12T19:38:43+00:00
ORD-091979,3,9,USB-C Hub 8-in-1,accessories,4,39.99,159.96,cancelled,2026-08-12T23:55:19+00:00
ORD-091980,3,4,34in Ultrawide Monitor,displays,5,579.00,2895.00,completed,2026-08-12T23:27:12+00:00
ORD-091981,5,1,Mechanical Keyboard 75%,peripherals,3,129.00,387.00,refunded,2026-08-12T07:22:49+00:00
ORD-091982,9,2,Wireless Mouse,peripherals,2,49.50,99.00,pending,2026-08-12T17:58:36+00:00
ORD-091983,6,2,Wireless Mouse,peripherals,3,49.50,148.50,cancelled,2026-08-12T03:54:45+00:00
ORD-091984,2,3,27in 1440p Monitor,displays,2,319.99,639.98,completed,2026-08-12T03:03:20+00:00
ORD-091985,10,9,USB-C Hub 8-in-1,accessories,4,39.99,159.96,cancelled,2026-08-12T05:31:17+00:00
ORD-091986,9,10,Laptop Stand Aluminium,accessories,4,27.50,110.00,cancelled,2026-08-12T09:36:27+00:00
ORD-091987,9,9,USB-C Hub 8-in-1,accessories,5,39.99,199.95,pending,2026-08-12T09:46:52+00:00
ORD-091988,1,6,Desk Speakers Pair,audio,3,89.00,267.00,pending,2026-08-12T04:05:46+00:00
ORD-091989,8,5,Over-ear Headphones,audio,5,199.95,999.75,pending,2026-08-12T06:46:44+00:00
ORD-091990,5,7,Standing Desk 120cm,furniture,5,449.00,2245.00,pending,2026-08-12T13:47:53+00:00
ORD-091991,8,9,USB-C Hub 8-in-1,accessories,1,39.99,39.99,completed,2026-08-12T04:37:00+00:00
ORD-091992,2,5,Over-ear Headphones,audio,2,199.95,399.90,pending,2026-08-12T14:30:04+00:00
ORD-091993,5,8,Ergonomic Chair,furniture,5,612.75,3063.75,cancelled,2026-08-12T17:40:24+00:00
ORD-091994,10,9,USB-C Hub 8-in-1,accessories,2,39.99,79.98,cancelled,2026-08-12T15:40:39+00:00
ORD-091995,9,9,USB-C Hub 8-in-1,accessories,3,39.99,119.97,cancelled,2026-08-12T03:51:52+00:00
ORD-091996,6,1,Mechanical Keyboard 75%,peripherals,3,129.00,387.00,completed,2026-08-12T21:25:32+00:00
ORD-091997,1,2,Wireless Mouse,peripherals,2,49.50,99.00,completed,2026-08-12T01:07:32+00:00
ORD-091998,10,8,Ergonomic Chair,furniture,3,612.75,1838.25,completed,2026-08-12T01:22:07+00:00
ORD-091999,8,8,Ergonomic Chair,furniture,1,612.75,612.75,pending,2026-08-12T13:07:19+00:00
ORD-092000,8,6,Desk Speakers Pair,audio,3,89.00,267.00,pending,2026-08-12T00:40:57+00:00
ORD-092001,7,6,Desk Speakers Pair,audio,2,89.00,178.00,cancelled,2026-08-12T13:42:29+00:00
ORD-092002,5,7,Standing Desk 120cm,furniture,2,449.00,898.00,completed,2026-08-12T19:04:48+00:00
ORD-092003,2,7,Standing Desk 120cm,furniture,4,449.00,1796.00,pending,2026-08-12T10:01:05+00:00
ORD-092004,1,5,Over-ear Headphones,audio,4,199.95,799.80,cancelled,2026-08-12T16:05:32+00:00
ORD-092005,7,6,Desk Speakers Pair,audio,5,89.00,445.00,completed,2026-08-12T09:29:58+00:00
ORD-092006,10,10,Laptop Stand Aluminium,accessories,3,27.50,82.50,pending,2026-08-12T11:55:25+00:00
ORD-092007,8,4,34in Ultrawide Monitor,displays,3,579.00,1737.00,cancelled,2026-08-12T06:50:19+00:00
ORD-092008,10,1,Mechanical Keyboard 75%,peripherals,5,129.00,645.00,pending,2026-08-12T08:47:42+00:00
ORD-092009,6,2,Wireless Mouse,peripherals,4,49.50,198.00,pending,2026-08-12T07:37:14+00:00
ORD-092010,2,6,Desk Speakers Pair,audio,4,89.00,356.00,pending,2026-08-12T01:37:45+00:00
ORD-092011,4,10,Laptop Stand Aluminium,accessories,4,27.50,110.00,cancelled,2026-08-12T19:37:23+00:00
ORD-092012,7,10,Laptop Stand Aluminium,accessories,1,27.50,27.50,refunded,2026-08-12T13:05:37+00:00
ORD-092013,8,8,Ergonomic Chair,furniture,5,612.75,3063.75,cancelled,2026-08-12T04:29:03+00:00
ORD-092014,9,1,Mechanical Keyboard 75%,peripherals,1,129.00,129.00,completed,2026-08-12T22:06:38+00:00
ORD-092015,5,5,Over-ear Headphones,audio,5,199.95,999.75,refunded,2026-08-12T23:49:43+00:00
ORD-092016,8,3,27in 1440p Monitor,displays,1,319.99,319.99,completed,2026-08-12T04:13:18+00:00
ORD-092017,7,7,Standing Desk 120cm,furniture,3,449.00,1347.00,cancelled,2026-08-12T08:41:35+00:00
ORD-092018,9,8,Ergonomic Chair,furniture,1,612.75,612.75,pending,2026-08-12T21:08:11+00:00
ORD-092019,10,8,Ergonomic Chair,furniture,5,612.75,3063.75,refunded,2026-08-12T01:04:16+00:00
ORD-092020,10,7,Standing Desk 120cm,furniture,3,449.00,1347.00,refunded,2026-08-12T23:33:20+00:00
ORD-092021,2,8,Ergonomic Chair,furniture,1,612.75,612.75,completed,2026-08-12T15:21:40+00:00
ORD-092022,3,3,27in 1440p Monitor,displays,4,319.99,1279.96,refunded,2026-08-12T10:59:12+00:00
ORD-092023,8,4,34in Ultrawide Monitor,displays,2,579.00,1158.00,cancelled,2026-08-12T02:15:02+00:00
ORD-092024,5,8,Ergonomic Chair,furniture,1,612.75,612.75,cancelled,2026-08-12T00:17:25+00:00
ORD-092025,3,9,USB-C Hub 8-in-1,accessories,4,39.99,159.96,cancelled,2026-08-12T19:03:28+00:00
ORD-092026,4,3,27in 1440p Monitor,displays,4,319.99,1279.96,pending,2026-08-12T20:16:02+00:00
ORD-092027,8,4,34in Ultrawide Monitor,displays,1,579.00,579.00,pending,2026-08-12T02:14:47+00:00
ORD-092028,6,4,34in Ultrawide Monitor,displays,4,579.00,2316.00,completed,2026-08-12T05:44:00+00:00
ORD-092029,4,4,34in Ultrawide Monitor,displays,4,579.00,2316.00,completed,2026-08-12T20:54:12+00:00
ORD-092030,5,10,Laptop Stand Aluminium,accessories,5,27.50,137.50,pending,2026-08-12T19:05:59+00:00
ORD-092031,7,4,34in Ultrawide Monitor,displays,2,579.00,1158.00,pending,2026-08-12T09:09:06+00:00
ORD-092032,9,3,27in 1440p Monitor,displays,3,319.99,959.97,pending,2026-08-12T10:23:05+00:00
ORD-092033,3,6,Desk Speakers Pair,audio,2,89.00,178.00,cancelled,2026-08-12T05:11:19+00:00
ORD-092034,10,8,Ergonomic Chair,furniture,3,612.75,1838.25,refunded,2026-08-12T21:38:24+00:00
ORD-092035,6,4,34in Ultrawide Monitor,displays,3,579.00,1737.00,cancelled,2026-08-12T04:36:30+00:00
ORD-092036,1,6,Desk Speakers Pair,audio,1,89.00,89.00,refunded,2026-08-12T01:11:48+00:00
ORD-092037,2,4,34in Ultrawide Monitor,displays,5,579.00,2895.00,pending,2026-08-12T11:12:36+00:00
ORD-092038,4,9,USB-C Hub 8-in-1,accessories,3,39.99,119.97,pending,2026-08-12T21:40:48+00:00
ORD-092039,6,8,Ergonomic Chair,furniture,3,612.75,1838.25,completed,not-a-valid-date
ORD-092040,10,7,Standing Desk 120cm,furniture,2,449.00,898.00,pending,2026-08-12T06:57:21+00:00
ORD-092041,6,3,27in 1440p Monitor,displays,5,319.99,1599.95,completed,2026-08-12T20:16:48+00:00
ORD-092042,10,1,Mechanical Keyboard 75%,peripherals,1,129.00,129.00,completed,2026-08-12T02:33:43+00:00
ORD-092043,6,1,Mechanical Keyboard 75%,peripherals,5,129.00,645.00,cancelled,2026-08-12T02:13:06+00:00
ORD-092044,7,2,Wireless Mouse,peripherals,4,49.50,198.00,refunded,2026-08-12T23:42:29+00:00
ORD-092045,3,3,27in 1440p Monitor,displays,5,319.99,1599.95,completed,2026-08-12T23:38:13+00:00
ORD-092046,8,4,34in Ultrawide Monitor,displays,2,579.00,1158.00,completed,2026-08-12T23:40:38+00:00
ORD-092047,9,6,Desk Speakers Pair,audio,5,89.00,445.00,pending,2026-08-12T21:54:00+00:00
ORD-092048,8,3,27in 1440p Monitor,displays,1,319.99,319.99,refunded,2026-08-12T08:01:12+00:00
ORD-092049,10,3,27in 1440p Monitor,displays,2,319.99,639.98,pending,2026-08-12T16:16:44+00:00
ORD-092050,9,4,34in Ultrawide Monitor,displays,4,579.00,2316.00,cancelled,2026-08-12T18:16:35+00:00
ORD-092051,2,4,34in Ultrawide Monitor,displays,1,579.00,579.00,pending,2026-08-12T13:19:22+00:00
ORD-092052,7,4,34in Ultrawide Monitor,displays,5,579.00,2895.00,completed,2026-08-12T20:29:39+00:00
ORD-092053,6,5,Over-ear Headphones,audio,4,199.95,799.80,refunded,2026-08-12T18:53:14+00:00
ORD-092054,2,3,27in 1440p Monitor,displays,2,319.99,639.98,completed,2026-08-12T23:38:11+00:00
ORD-092055,10,8,Ergonomic Chair,furniture,4,612.75,2451.00,pending,2026-08-12T16:39:23+00:00
ORD-092056,7,4,34in Ultrawide Monitor,displays,5,579.00,2895.00,cancelled,2026-08-12T06:51:31+00:00
ORD-092057,10,6,Desk Speakers Pair,audio,4,89.00,356.00,pending,2026-08-12T06:05:44+00:00
ORD-092058,10,9,USB-C Hub 8-in-1,accessories,1,39.99,39.99,cancelled,2026-08-12T13:30:28+00:00
ORD-092059,9,6,Desk Speakers Pair,audio,5,89.00,445.00,refunded,2026-08-12T20:34:32+00:00
ORD-092060,4,4,34in Ultrawide Monitor,displays,4,579.00,2316.00,pending,2026-08-12T05:39:50+00:00
ORD-092061,2,8,Ergonomic Chair,furniture,1,612.75,612.75,completed,2026-08-12T20:14:51+00:00
ORD-092062,5,8,Ergonomic Chair,furniture,2,612.75,1225.50,cancelled,2026-08-12T16:16:12+00:00
ORD-092063,2,4,34in Ultrawide Monitor,displays,2,579.00,1158.00,pending,2026-08-12T00:14:55+00:00
ORD-092064,10,8,Ergonomic Chair,furniture,1,612.75,612.75,pending,2026-08-12T19:04:26+00:00
ORD-092065,2,5,Over-ear Headphones,audio,3,199.95,599.85,completed,2026-08-12T18:30:08+00:00
ORD-092066,8,1,Mechanical Keyboard 75%,peripherals,3,129.00,387.00,pending,2026-08-12T21:15:50+00:00
ORD-092067,10,6,Desk Speakers Pair,audio,4,89.00,356.00,completed,2026-08-12T14:13:12+00:00
ORD-092068,8,10,Laptop Stand Aluminium,accessories,4,27.50,110.00,cancelled,2026-08-12T09:18:47+00:00
ORD-092069,1,2,Wireless Mouse,peripherals,1,49.50,49.50,refunded,2026-08-12T10:31:12+00:00
ORD-092070,8,6,Desk Speakers Pair,audio,4,89.00,356.00,completed,2026-08-12T20:19:38+00:00
ORD-092071,1,2,Wireless Mouse,peripherals,1,49.50,49.50,pending,2026-08-12T03:06:11+00:00
ORD-092072,6,10,Laptop Stand Aluminium,accessories,3,27.50,82.50,cancelled,2026-08-12T06:39:12+00:00
ORD-092073,5,7,Standing Desk 120cm,furniture,3,449.00,1347.00,cancelled,2026-08-12T22:23:38+00:00
ORD-092074,3,8,Ergonomic Chair,furniture,4,612.75,2451.00,refunded,2026-08-12T18:28:05+00:00
ORD-092075,9,2,Wireless Mouse,peripherals,5,49.50,247.50,cancelled,2026-08-12T02:51:41+00:00
ORD-092076,3,8,Ergonomic Chair,furniture,5,612.75,3063.75,pending,2026-08-12T01:18:10+00:00
ORD-092077,4,10,Laptop Stand Aluminium,accessories,1,27.50,27.50,completed,2026-08-12T13:08:39+00:00
ORD-092078,7,2,Wireless Mouse,peripherals,5,49.50,247.50,pending,2026-08-12T00:36:21+00:00
ORD-092079,8,5,Over-ear Headphones,audio,1,199.95,199.95,completed,2026-08-12T20:33:37+00:00
ORD-092080,9,8,Ergonomic Chair,furniture,5,612.75,3063.75,refunded,2026-08-12T20:11:55+00:00
ORD-092081,4,8,Ergonomic Chair,furniture,5,612.75,3063.75,refunded,2026-08-12T13:09:25+00:00
ORD-092082,5,7,Standing Desk 120cm,furniture,2,449.00,898.00,refunded,2026-08-12T05:39:29+00:00
ORD-092083,7,4,34in Ultrawide Monitor,displays,1,579.00,579.00,completed,2026-08-12T05:57:52+00:00
ORD-092084,3,9,USB-C Hub 8-in-1,accessories,5,39.99,199.95,pending,2026-08-12T17:38:14+00:00
ORD-092085,7,10,Laptop Stand Aluminium,accessories,3,27.50,82.50,cancelled,2026-08-12T22:29:44+00:00
ORD-092086,6,1,Mechanical Keyboard 75%,peripherals,2,129.00,258.00,pending,2026-08-12T16:12:48+00:00
ORD-092087,10,6,Desk Speakers Pair,audio,2,89.00,178.00,pending,2026-08-12T14:28:42+00:00
ORD-092088,1,2,Wireless Mouse,peripherals,5,49.50,247.50,cancelled,2026-08-12T14:50:28+00:00
ORD-092089,7,3,27in 1440p Monitor,displays,2,319.99,639.98,refunded,2026-08-12T17:29:18+00:00
ORD-092090,10,4,34in Ultrawide Monitor,displays,1,579.00,579.00,cancelled,2026-08-12T07:45:17+00:00
ORD-092091,5,5,Over-ear Headphones,audio,3,199.95,599.85,pending,2026-08-12T03:22:28+00:00
ORD-092092,4,10,Laptop Stand Aluminium,accessories,3,27.50,82.50,completed,2026-08-12T04:16:45+00:00
ORD-092093,2,5,Over-ear Headphones,audio,5,199.95,999.75,completed,2026-08-12T04:09:19+00:00
ORD-092094,7,1,Mechanical Keyboard 75%,peripherals,3,129.00,387.00,completed,2026-08-12T21:11:40+00:00
ORD-092095,10,7,Standing Desk 120cm,furniture,3,449.00,1347.00,cancelled,2026-08-12T11:12:11+00:00
ORD-092096,2,5,Over-ear Headphones,audio,3,199.95,599.85,cancelled,2026-08-12T03:14:14+00:00
ORD-092097,5,5,Over-ear Headphones,audio,5,199.95,999.75,completed,2026-08-12T18:40:10+00:00
ORD-092098,6,5,Over-ear Headphones,audio,1,199.95,199.95,cancelled,2026-08-12T04:10:48+00:00
ORD-092099,5,10,Laptop Stand Aluminium,accessories,1,27.50,27.50,pending,2026-08-12T21:19:54+00:00
ORD-092100,3,7,Standing Desk 120cm,furniture,4,449.00,1796.00,completed,2026-08-12T08:17:34+00:00
ORD-092101,8,7,Standing Desk 120cm,furniture,5,449.00,2245.00,refunded,2026-08-12T05:22:47+00:00
ORD-092102,7,9,USB-C Hub 8-in-1,accessories,1,39.99,39.99,refunded,2026-08-12T21:12:24+00:00
ORD-092103,4,6,Desk Speakers Pair,audio,1,89.00,89.00,pending,2026-08-12T18:19:43+00:00
ORD-092104,4,10,Laptop Stand Aluminium,accessories,5,27.50,137.50,pending,2026-08-12T16:15:27+00:00
ORD-092105,8,7,Standing Desk 120cm,furniture,5,449.00,2245.00,cancelled,2026-08-12T09:49:12+00:00
ORD-092106,1,8,Ergonomic Chair,furniture,2,612.75,1225.50,cancelled,2026-08-12T15:45:56+00:00
ORD-092107,9,4,34in Ultrawide Monitor,displays,4,579.00,2316.00,refunded,2026-08-12T20:01:51+00:00
ORD-092108,3,1,Mechanical Keyboard 75%,peripherals,1,129.00,129.00,refunded,2026-08-12T12:55:43+00:00
ORD-092109,10,3,27in 1440p Monitor,displays,3,319.99,959.97,pending,2026-08-12T13:01:16+00:00
ORD-092110,8,4,34in Ultrawide Monitor,displays,1,579.00,579.00,cancelled,2026-08-12T07:32:21+00:00
ORD-092111,4,5,Over-ear Headphones,audio,1,199.95,199.95,pending,2026-08-12T08:38:03+00:00
ORD-092112,1,7,Standing Desk 120cm,furniture,1,449.00,449.00,pending,2026-08-12T04:32:57+00:00
ORD-092113,1,10,Laptop Stand Aluminium,accessories,1,27.50,27.50,pending,2026-08-12T13:13:53+00:00
ORD-092114,9,6,Desk Speakers Pair,audio,4,89.00,356.00,cancelled,2026-08-12T21:02:54+00:00
ORD-092115,5,2,Wireless Mouse,peripherals,3,49.50,148.50,completed,2026-08-12T06:46:11+00:00
ORD-092116,6,8,Ergonomic Chair,furniture,4,612.75,2451.00,cancelled,2026-08-12T11:21:07+00:00
ORD-092117,4,8,Ergonomic Chair,furniture,5,612.75,3063.75,completed,2026-08-12T10:13:37+00:00
ORD-092118,2,9,USB-C Hub 8-in-1,accessories,1,39.99,39.99,cancelled,2026-08-12T11:43:55+00:00
ORD-092119,10,7,Standing Desk 120cm,furniture,3,449.00,1347.00,refunded,2026-08-12T08:58:05+00:00
ORD-092120,3,5,Over-ear Headphones,audio,3,199.95,599.85,cancelled,2026-08-12T10:26:05+00:00
ORD-092121,1,2,Wireless Mouse,peripherals,1,49.50,49.50,cancelled,2026-08-12T17:35:05+00:00
ORD-092122,6,10,Laptop Stand Aluminium,accessories,3,27.50,82.50,completed,2026-08-12T10:05:06+00:00
