order_id,customer_id,product_id,product_name,category,quantity,unit_price,amount,status,order_date
ORD-083591,2,4,34in Ultrawide Monitor,displays,3,579.00,1737.00,completed,2026-08-09T13:29:47+00:00
ORD-083592,5,5,Over-ear Headphones,audio,1,199.95,199.95,pending,2026-08-09T12:51:38+00:00
ORD-083593,10,6,Desk Speakers Pair,audio,5,89.00,445.00,refunded,2026-08-09T18:26:39+00:00
ORD-083594,9,2,Wireless Mouse,peripherals,1,49.50,49.50,refunded,2026-08-09T17:56:19+00:00
ORD-083595,8,5,Over-ear Headphones,audio,2,199.95,399.90,pending,2026-08-09T05:15:08+00:00
ORD-083596,8,4,34in Ultrawide Monitor,displays,1,579.00,579.00,cancelled,2026-08-09T11:19:00+00:00
ORD-083597,10,10,Laptop Stand Aluminium,accessories,1,27.50,27.50,pending,2026-08-09T00:20:36+00:00
ORD-083598,2,4,34in Ultrawide Monitor,displays,5,579.00,2895.00,refunded,2026-08-09T10:45:19+00:00
ORD-083599,7,3,27in 1440p Monitor,displays,5,319.99,1599.95,refunded,2026-08-09T14:28:29+00:00
ORD-083600,1,5,Over-ear Headphones,audio,5,199.95,999.75,refunded,2026-08-09T15:58:30+00:00
ORD-083601,7,3,27in 1440p Monitor,displays,3,319.99,959.97,completed,2026-08-09T23:38:17+00:00
ORD-083602,3,3,27in 1440p Monitor,displays,1,319.99,319.99,refunded,2026-08-09T21:17:19+00:00
ORD-083603,6,2,Wireless Mouse,peripherals,4,49.50,198.00,refunded,2026-08-09T08:10:13+00:00
ORD-083604,1,8,Ergonomic Chair,furniture,4,612.75,2451.00,pending,2026-08-09T17:07:43+00:00
ORD-083605,9,7,Standing Desk 120cm,furniture,2,449.00,898.00,pending,2026-08-09T02:32:55+00:00
ORD-083606,8,8,Ergonomic Chair,furniture,2,612.75,1225.50,refunded,2026-08-09T00:51:57+00:00
ORD-083607,4,4,34in Ultrawide Monitor,displays,1,579.00,579.00,refunded,2026-08-09T15:56:17+00:00
ORD-083608,9,4,34in Ultrawide Monitor,displays,3,579.00,1737.00,completed,2026-08-09T17:17:28+00:00
ORD-083609,9,10,Laptop Stand Aluminium,accessories,3,27.50,82.50,pending,2026-08-09T17:22:40+00:00
ORD-083610,5,9,USB-C Hub 8-in-1,accessories,2,39.99,79.98,pending,2026-08-09T20:32:27+00:00
ORD-083611,4,3,27in 1440p Monitor,displays,1,319.99,319.99,refunded,2026-08-09T16:58:32+00:00
ORD-083612,8,10,Laptop Stand Aluminium,accessories,5,27.50,137.50,cancelled,2026-08-09T06:35:36+00:00
ORD-083613,3,3,27in 1440p Monitor,displays,5,319.99,1599.95,refunded,2026-08-09T03:23:15+00:00
ORD-083614,3,10,Laptop Stand Aluminium,accessories,1,27.50,27.50,pending,2026-08-09T12:38:32+00:00
ORD-083615,1,4,34in Ultrawide Monitor,displays,1,579.00,579.00,refunded,2026-08-09T06:20:29+00:00
ORD-083616,5,8,Ergonomic Chair,furniture,5,612.75,3063.75,cancelled,2026-08-09T04:32:26+00:00
ORD-083617,4,3,27in 1440p Monitor,displays,5,319.99,1599.95,completed,2026-08-09T08:12:27+00:00
ORD-083618,10,10,Laptop Stand Aluminium,accessories,1,27.50,27.50,cancelled,2026-08-09T06:44:06+00:00
ORD-083619,5,8,Ergonomic Chair,furniture,3,612.75,1838.25,refunded,2026-08-09T04:51:21+00:00
ORD-083620,3,1,Mechanical Keyboard 75%,peripherals,4,129.00,516.00,cancelled,2026-08-09T04:40:22+00:00
ORD-083621,10,7,Standing Desk 120cm,furniture,2,449.00,898.00,pending,2026-08-09T18:41:06+00:00
ORD-083622,6,8,Ergonomic Chair,furniture,5,612.75,3063.75,refunded,2026-08-09T07:45:06+00:00
ORD-083623,1,10,Laptop Stand Aluminium,accessories,5,27.50,137.50,completed,2026-08-09T18:33:57+00:00
ORD-083624,1,7,Standing Desk 120cm,furniture,4,449.00,1796.00,refunded,2026-08-09T05:30:18+00:00
ORD-083625,8,1,Mechanical Keyboard 75%,peripherals,5,129.00,645.00,completed,2026-08-09T15:15:42+00:00
ORD-083626,5,4,34in Ultrawide Monitor,displays,5,579.00,2895.00,pending,2026-08-09T20:07:24+00:00
ORD-083627,2,2,Wireless Mouse,peripherals,1,49.50,49.50,completed,2026-08-09T22:08:30+00:00
ORD-083628,8,1,Mechanical Keyboard 75%,peripherals,1,129.00,129.00,completed,2026-08-09T07:29:20+00:00
ORD-083629,3,2,Wireless Mouse,peripherals,2,49.50,99.00,refunded,2026-08-09T04:16:09+00:00
ORD-083630,2,7,Standing Desk 120cm,furniture,2,449.00,898.00,refunded,2026-08-09T06:06:27+00:00
ORD-083631,5,4,34in Ultrawide Monitor,displays,3,579.00,1737.00,pending,2026-08-09T08:23:04+00:00
ORD-083632,7,10,Laptop Stand Aluminium,accessories,5,27.50,137.50,pending,2026-08-09T08:06:02+00:00
ORD-083633,2,1,Mechanical Keyboard 75%,peripherals,4,129.00,516.00,refunded,2026-08-09T14:24:24+00:00
ORD-083634,10,2,Wireless Mouse,peripherals,3,49.50,148.50,completed,2026-08-09T22:46:09+00:00
ORD-083635,3,7,Standing Desk 120cm,furniture,4,449.00,1796.00,cancelled,2026-08-09T16:16:03+00:00
ORD-083636,3,6,Desk Speakers Pair,audio,2,89.00,178.00,completed,2026-08-09T06:37:37+00:00
ORD-083637,9,6,Desk Speakers Pair,audio,4,89.00,356.00,completed,2026-08-09T19:06:11+00:00
ORD-083638,6,10,Laptop Stand Aluminium,accessories,3,27.50,82.50,completed,2026-08-09T14:17:23+00:00
ORD-083639,7,1,Mechanical Keyboard 75%,peripherals,3,129.00,387.00,refunded,2026-08-09T14:18:28+00:00
ORD-083640,5,3,27in 1440p Monitor,displays,4,319.99,1279.96,pending,2026-08-09T18:54:58+00:00
ORD-083641,8,9,USB-C Hub 8-in-1,accessories,2,39.99,79.98,refunded,2026-08-09T21:36:36+00:00
ORD-083642,8,6,Desk Speakers Pair,audio,1,89.00,89.00,completed,2026-08-09T00:22:50+00:00
ORD-083643,8,2,Wireless Mouse,peripherals,2,49.50,99.00,pending,2026-08-09T18:15:43+00:00
ORD-083644,6,1,Mechanical Keyboard 75%,peripherals,2,129.00,258.00,refunded,2026-08-09T01:19:10+00:00
ORD-083645,8,8,Ergonomic Chair,furniture,2,612.75,1225.50,completed,2026-08-09T22:27:44+00:00
ORD-083646,4,10,Laptop Stand Aluminium,accessories,4,27.50,110.00,refunded,2026-08-09T19:17:31+00:00
ORD-083647,4,10,Laptop Stand Aluminium,accessories,4,27.50,110.00,cancelled,2026-08-09T10:24:08+00:00
ORD-083648,6,8,Ergonomic Chair,furniture,3,612.75,1838.25,refunded,2026-08-09T12:46:25+00:00
ORD-083649,6,10,Laptop Stand Aluminium,accessories,3,27.50,82.50,refunded,2026-08-09T03:50:43+00:00
ORD-083650,10,4,34in Ultrawide Monitor,displays,4,579.00,2316.00,completed,2026-08-09T15:38:51+00:00
ORD-083651,4,9,USB-C Hub 8-in-1,accessories,2,39.99,79.98,completed,2026-08-09T05:47:40+00:00
ORD-083652,5,6,Desk Speakers Pair,audio,1,89.00,89.00,pending,2026-08-09T17:39:17+00:00
ORD-083653,3,7,Standing Desk 120cm,furniture,2,449.00,898.00,pending,2026-08-09T05:18:26+00:00
ORD-083654,7,6,Desk Speakers Pair,audio,2,89.00,178.00,completed,2026-08-09T14:59:47+00:00
ORD-083655,1,1,Mechanical Keyboard 75%,peripherals,2,129.00,258.00,refunded,2026-08-09T06:55:18+00:00
ORD-083656,2,3,27in 1440p Monitor,displays,1,319.99,319.99,pending,2026-08-09T11:34:24+00:00
ORD-083657,2,6,Desk Speakers Pair,audio,3,89.00,267.00,refunded,2026-08-09T22:07:17+00:00
ORD-083658,1,8,Ergonomic Chair,furniture,4,612.75,2451.00,completed,2026-08-09T23:15:09+00:00
ORD-083659,7,9,USB-C Hub 8-in-1,accessories,3,39.99,119.97,cancelled,2026-08-09T04:52:49+00:00
ORD-083660,9,1,Mechanical Keyboard 75%,peripherals,4,129.00,516.00,pending,2026-08-09T08:42:32+00:00
ORD-083661,6,5,Over-ear Headphones,audio,2,199.95,399.90,refunded,2026-08-09T04:20:10+00:00
ORD-083662,8,4,34in Ultrawide Monitor,displays,4,579.00,2316.00,cancelled,2026-08-09T04:42:19+00:00
ORD-083663,8,10,Laptop Stand Aluminium,accessories,3,27.50,82.50,completed,2026-08-09T16:22:46+00:00
ORD-083664,9,6,Desk Speakers Pair,audio,3,89.00,267.00,completed,2026-08-09T09:19:18+00:00
ORD-083665,6,4,34in Ultrawide Monitor,displays,2,579.00,1158.00,refunded,2026-08-09T16:17:08+00:00
ORD-083666,10,9,USB-C Hub 8-in-1,accessories,3,39.99,119.97,completed,2026-08-09T11:39:05+00:00
ORD-083667,10,2,Wireless Mouse,peripherals,4,49.50,198.00,cancelled,2026-08-09T12:19:55+00:00
ORD-083668,10,9,USB-C Hub 8-in-1,accessories,3,39.99,119.97,refunded,2026-08-09T22:05:10+00:00
ORD-083669,2,2,Wireless Mouse,peripherals,3,49.50,148.50,completed,2026-08-09T09:42:33+00:00
ORD-083670,3,6,Desk Speakers Pair,audio,5,89.00,445.00,cancelled,2026-08-09T08:44:26+00:00
ORD-083671,3,9,USB-C Hub 8-in-1,accessories,5,39.99,199.95,pending,2026-08-09T16:59:42+00:00
ORD-083672,6,8,Ergonomic Chair,furniture,2,612.75,1225.50,pending,2026-08-09T23:59:40+00:00
ORD-083673,5,5,Over-ear Headphones,audio,5,199.95,999.75,cancelled,2026-08-09T20:45:01+00:00
ORD-083674,7,10,Laptop Stand Aluminium,accessories,1,27.50,27.50,refunded,2026-08-09T09:16:08+00:00
ORD-083675,3,9,USB-C Hub 8-in-1,accessories,2,39.99,79.98,completed,2026-08-09T07:26:33+00:00
ORD-083676,1,10,Laptop Stand Aluminium,accessories,1,27.50,27.50,pending,2026-08-09T00:24:47+00:00
ORD-083677,10,2,Wireless Mouse,peripherals,4,49.50,198.00,cancelled,2026-08-09T20:31:40+00:00
ORD-083678,9,5,Over-ear Headphones,audio,4,199.95,799.80,cancelled,2026-08-09T10:06:49+00:00
ORD-083679,5,4,34in Ultrawide Monitor,displays,3,579.00,1737.00,cancelled,2026-08-09T15:56:44+00:00
ORD-083680,2,8,Ergonomic Chair,furniture,4,612.75,2451.00,cancelled,2026-08-09T03:09:29+00:00
ORD-083681,5,7,Standing Desk 120cm,furniture,4,449.00,1796.00,pending,2026-08-09T18:03:15+00:00
ORD-083682,5,10,Laptop Stand Aluminium,accessories,2,27.50,55.00,cancelled,2026-08-09T12:40:15+00:00
ORD-083683,8,4,34in Ultrawide Monitor,displays,5,579.00,2895.00,refunded,2026-08-09T15:27:53+00:00
ORD-083684,6,1,Mechanical Keyboard 75%,peripherals,3,129.00,387.00,refunded,2026-08-09T12:34:43+00:00
ORD-083685,9,1,Mechanical Keyboard 75%,peripherals,2,129.00,258.00,completed,2026-08-09T03:28:28+00:00
ORD-083686,7,9,USB-C Hub 8-in-1,accessories,1,39.99,39.99,pending,2026-08-09T23:42:32+00:00
ORD-083687,2,5,Over-ear Headphones,audio,4,199.95,799.80,pending,2026-08-09T14:16:25+00:00
ORD-083688,1,7,Standing Desk 120cm,furniture,4,449.00,1796.00,completed,2026-08-09T14:37:26+00:00
ORD-083689,2,8,Ergonomic Chair,furniture,3,612.75,1838.25,cancelled,2026-08-09T00:52:34+00:00
ORD-083690,9,1,Mechanical Keyboard 75%,peripherals,1,129.00,129.00,refunded,2026-08-09T06:21:51+00:00
ORD-083691,3,1,Mechanical Keyboard 75%,peripherals,1,129.00,129.00,pending,2026-08-09T00:38:33+00:00
ORD-083692,10,7,Standing Desk 120cm,furniture,3,449.00,1347.00,refunded,2026-08-09T04:09:15+00:00
ORD-083693,3,7,Standing Desk 120cm,furniture,5,449.00,2245.00,completed,2026-08-09T07:01:49+00:00
ORD-083694,8,7,Standing Desk 120cm,furniture,4,449.00,1796.00,pending,2026-08-09T16:42:44+00:00
ORD-083695,9,5,Over-ear Headphones,audio,4,199.95,799.80,cancelled,2026-08-09T12:49:30+00:00
ORD-083696,6,10,Laptop Stand Aluminium,accessories,5,27.50,137.50,refunded,2026-08-09T17:27:21+00:00
ORD-083697,2,9,USB-C Hub 8-in-1,accessories,5,39.99,199.95,cancelled,2026-08-09T06:25:41+00:00
ORD-083698,5,4,34in Ultrawide Monitor,displays,3,579.00,1737.00,pending,2026-08-09T23:00:00+00:00
ORD-083699,2,5,Over-ear Headphones,audio,5,199.95,999.75,cancelled,2026-08-09T19:45:21+00:00
ORD-083700,9,9,USB-C Hub 8-in-1,accessories,4,39.99,159.96,pending,2026-08-09T22:14:27+00:00
ORD-083701,8,9,USB-C Hub 8-in-1,accessories,1,39.99,39.99,pending,2026-08-09T20:22:26+00:00
ORD-083702,1,8,Ergonomic Chair,furniture,4,612.75,2451.00,pending,2026-08-09T02:10:23+00:00
ORD-083703,7,5,Over-ear Headphones,audio,3,199.95,599.85,pending,2026-08-09T22:46:57+00:00
ORD-083704,2,3,27in 1440p Monitor,displays,1,319.99,319.99,completed,2026-08-09T22:26:10+00:00
ORD-083705,6,2,Wireless Mouse,peripherals,5,49.50,247.50,pending,2026-08-09T06:16:07+00:00
ORD-083706,7,10,Laptop Stand Aluminium,accessories,5,27.50,137.50,cancelled,2026-08-09T20:06:47+00:00
ORD-083707,7,4,34in Ultrawide Monitor,displays,4,579.00,2316.00,pending,2026-08-09T22:28:27+00:00
ORD-083708,5,8,Ergonomic Chair,furniture,4,612.75,2451.00,pending,2026-08-09T15:30:09+00:00
ORD-083709,2,1,Mechanical Keyboard 75%,peripherals,4,129.00,516.00,completed,2026-08-09T19:21:23+00:00
ORD-083710,8,2,Wireless Mouse,peripherals,5,49.50,247.50,completed,2026-08-09T09:38:04+00:00
ORD-083711,1,7,Standing Desk 120cm,furniture,5,449.00,2245.00,refunded,2026-08-09T13:26:39+00:00
ORD-083712,7,4,34in Ultrawide Monitor,displays,4,579.00,2316.00,cancelled,2026-08-09T03:27:25+00:00
ORD-083713,6,8,Ergonomic Chair,furniture,5,612.75,3063.75,completed,2026-08-09T08:07:45+00:00
ORD-083714,1,2,Wireless Mouse,peripherals,1,49.50,49.50,cancelled,2026-08-09T07:21:42+00:00
ORD-083715,8,5,Over-ear Headphones,audio,5,199.95,999.75,pending,2026-08-09T20:17:26+00:00
ORD-083716,4,9,USB-C Hub 8-in-1,accessories,4,39.99,159.96,cancelled,2026-08-09T17:37:11+00:00
ORD-083717,9,2,Wireless Mouse,peripherals,2,49.50,99.00,completed,2026-08-09T17:00:04+00:00
ORD-083718,1,9,USB-C Hub 8-in-1,accessories,2,39.99,79.98,completed,2026-08-09T08:50:30+00:00
ORD-083719,5,4,34in Ultrawide Monitor,displays,5,579.00,2895.00,refunded,2026-08-09T09:38:43+00:00
ORD-083720,4,9,USB-C Hub 8-in-1,accessories,5,39.99,199.95,completed,2026-08-09T08:50:11+00:00
ORD-083721,4,1,Mechanical Keyboard 75%,peripherals,5,129.00,645.00,completed,2026-08-09T05:22:54+00:00
ORD-083722,6,1,Mechanical Keyboard 75%,peripherals,4,129.00,516.00,pending,2026-08-09T02:17:21+00:00
ORD-083723,6,3,27in 1440p Monitor,displays,3,319.99,959.97,completed,2026-08-09T22:47:27+00:00
ORD-083724,3,2,Wireless Mouse,peripherals,5,49.50,247.50,refunded,2026-08-09T20:03:54+00:00
ORD-083725,4,10,Laptop Stand Aluminium,accessories,3,27.50,82.50,cancelled,2026-08-09T05:48:02+00:00
ORD-083726,6,7,Standing Desk 120cm,furniture,5,449.00,2245.00,completed,2026-08-09T00:53:48+00:00
ORD-083727,5,2,Wireless Mouse,peripherals,3,49.50,148.50,completed,2026-08-09T21:22:09+00:00
ORD-083728,3,10,Laptop Stand Aluminium,accessories,3,27.50,82.50,cancelled,2026-08-09T05:59:51+00:00
ORD-083729,6,1,Mechanical Keyboard 75%,peripherals,5,129.00,645.00,cancelled,2026-08-09T18:50:52+00:00
ORD-083730,6,10,Laptop Stand Aluminium,accessories,3,27.50,82.50,completed,2026-08-09T09:41:29+00:00
ORD-083731,9,8,Ergonomic Chair,furniture,3,612.75,1838.25,pending,2026-08-09T03:04:48+00:00
ORD-083732,2,7,Standing Desk 120cm,furniture,1,449.00,449.00,completed,2026-08-09T20:10:35+00:00
ORD-083733,1,10,Laptop Stand Aluminium,accessories,3,27.50,82.50,cancelled,2026-08-09T00:02:30+00:00
ORD-083734,4,9,USB-C Hub 8-in-1,accessories,5,39.99,199.95,pending,2026-08-09T13:11:42+00:00
ORD-083735,3,4,34in Ultrawide Monitor,displays,4,579.00,2316.00,pending,2026-08-09T18:41:19+00:00
ORD-083736,3,3,27in 1440p Monitor,displays,2,319.99,639.98,refunded,2026-08-09T23:28:03+00:00
ORD-083737,4,6,Desk Speakers Pair,audio,1,89.00,89.00,completed,2026-08-09T13:04:32+00:00
ORD-083738,1,3,27in 1440p Monitor,displays,3,319.99,959.97,cancelled,2026-08-09T16:45:39+00:00
ORD-083739,7,4,34in Ultrawide Monitor,displays,5,579.00,2895.00,cancelled,2026-08-09T08:14:08+00:00
ORD-083740,6,1,Mechanical Keyboard 75%,peripherals,3,129.00,387.00,completed,2026-08-09T01:16:57+00:00
ORD-083741,10,7,Standing Desk 120cm,furniture,2,449.00,898.00,cancelled,2026-08-09T08:30:30+00:00
ORD-083742,9,8,Ergonomic Chair,furniture,4,612.75,2451.00,cancelled,2026-08-09T01:32:10+00:00
ORD-083743,10,6,Desk Speakers Pair,audio,1,89.00,89.00,pending,2026-08-09T12:19:30+00:00
ORD-083744,8,1,Mechanical Keyboard 75%,peripherals,2,129.00,258.00,pending,2026-08-09T03:03:33+00:00
ORD-083745,9,2,Wireless Mouse,peripherals,2,49.50,99.00,cancelled,2026-08-09T11:56:27+00:00
ORD-083746,2,6,Desk Speakers Pair,audio,1,89.00,89.00,pending,2026-08-09T13:25:44+00:00
ORD-083747,4,9,USB-C Hub 8-in-1,accessories,3,39.99,119.97,refunded,2026-08-09T23:51:02+00:00
ORD-083748,7,5,Over-ear Headphones,audio,2,199.95,399.90,refunded,2026-08-09T02:32:08+00:00
ORD-083749,7,3,27in 1440p Monitor,displays,2,319.99,639.98,refunded,2026-08-09T09:48:33+00:00
ORD-083750,2,10,Laptop Stand Aluminium,accessories,2,27.50,55.00,cancelled,2026-08-09T04:57:26+00:00
ORD-083751,3,10,Laptop Stand Aluminium,accessories,3,27.50,82.50,pending,2026-08-09T19:40:46+00:00
ORD-083752,3,8,Ergonomic Chair,furniture,3,612.75,1838.25,completed,2026-08-09T03:07:12+00:00
ORD-083753,5,2,Wireless Mouse,peripherals,2,49.50,99.00,pending,2026-08-09T20:43:23+00:00
ORD-083754,6,4,34in Ultrawide Monitor,displays,4,579.00,2316.00,cancelled,2026-08-09T09:42:44+00:00
ORD-083755,2,2,Wireless Mouse,peripherals,3,49.50,148.50,pending,2026-08-09T02:18:09+00:00
ORD-083756,3,3,27in 1440p Monitor,displays,1,319.99,319.99,completed,2026-08-09T04:45:03+00:00
ORD-083757,4,4,34in Ultrawide Monitor,displays,2,579.00,1158.00,refunded,2026-08-09T11:18:45+00:00
ORD-083758,6,5,Over-ear Headphones,audio,3,199.95,599.85,completed,2026-08-09T19:02:02+00:00
ORD-083759,7,9,USB-C Hub 8-in-1,accessories,2,39.99,79.98,refunded,2026-08-09T06:17:07+00:00
ORD-083760,6,8,Ergonomic Chair,furniture,2,612.75,1225.50,pending,2026-08-09T21:43:53+00:00
ORD-083761,4,9,USB-C Hub 8-in-1,accessories,3,39.99,119.97,refunded,2026-08-09T13:07:12+00:00
ORD-083762,8,8,Ergonomic Chair,furniture,4,612.75,2451.00,pending,2026-08-09T06:49:06+00:00
ORD-083763,9,9,USB-C Hub 8-in-1,accessories,2,39.99,79.98,cancelled,2026-08-09T18:01:44+00:00
ORD-083764,3,1,Mechanical Keyboard 75%,peripherals,3,129.00,387.00,completed,2026-08-09T16:54:22+00:00
ORD-083765,1,5,Over-ear Headphones,audio,2,199.95,399.90,refunded,2026-08-09T11:37:11+00:00
ORD-083766,2,5,Over-ear Headphones,audio,2,199.95,399.90,pending,2026-08-09T03:40:11+00:00
ORD-083767,7,10,Laptop Stand Aluminium,accessories,3,27.50,82.50,cancelled,2026-08-09T11:46:00+00:00
ORD-083768,6,10,Laptop Stand Aluminium,accessories,1,27.50,27.50,pending,2026-08-09T00:55:12+00:00
ORD-083769,9,5,Over-ear Headphones,audio,1,199.95,199.95,completed,2026-08-09T12:16:30+00:00
ORD-083770,7,10,Laptop Stand Aluminium,accessories,2,27.50,55.00,completed,2026-08-09T23:02:27+00:00
ORD-083771,1,1,Mechanical Keyboard 75%,peripherals,4,129.00,516.00,pending,2026-08-09T07:38:53+00:00
ORD-083772,3,3,27in 1440p Monitor,displays,1,319.99,319.99,pending,2026-08-09T06:33:49+00:00
ORD-083773,3,4,34in Ultrawide Monitor,displays,3,579.00,1737.00,cancelled,2026-08-09T18:46:04+00:00
ORD-083774,2,8,Ergonomic Chair,furniture,2,612.75,1225.50,completed,2026-08-09T01:20:10+00:00
ORD-083775,9,2,Wireless Mouse,peripherals,4,49.50,198.00,completed,2026-08-09T20:18:01+00:00
ORD-083776,6,5,Over-ear Headphones,audio,3,199.95,599.85,refunded,2026-08-09T12:33:24+00:00
ORD-083777,7,6,Desk Speakers Pair,audio,4,89.00,356.00,completed,2026-08-09T20:14:49+00:00
ORD-083778,4,3,27in 1440p Monitor,displays,1,319.99,319.99,pending,2026-08-09T12:39:28+00:00
ORD-083779,5,5,Over-ear Headphones,audio,2,199.95,399.90,pending,2026-08-09T21:54:42+00:00
ORD-083780,5,9,USB-C Hub 8-in-1,accessories,1,39.99,39.99,refunded,2026-08-09T21:16:50+00:00
ORD-083781,1,5,Over-ear Headphones,audio,2,199.95,399.90,refunded,2026-08-09T01:32:33+00:00
ORD-083782,4,2,Wireless Mouse,peripherals,4,49.50,198.00,completed,2026-08-09T12:34:54+00:00
ORD-083783,3,7,Standing Desk 120cm,furniture,2,449.00,898.00,refunded,2026-08-09T09:38:50+00:00
ORD-083784,4,6,Desk Speakers Pair,audio,2,89.00,178.00,pending,2026-08-09T20:41:33+00:00
ORD-083785,4,5,Over-ear Headphones,audio,4,199.95,799.80,pending,2026-08-09T21:54:45+00:00
ORD-083786,2,4,34in Ultrawide Monitor,displays,3,579.00,1737.00,completed,2026-08-09T17:29:01+00:00
ORD-083787,5,7,Standing Desk 120cm,furniture,5,449.00,2245.00,completed,2026-08-09T11:55:27+00:00
ORD-083788,3,4,34in Ultrawide Monitor,displays,4,579.00,2316.00,cancelled,2026-08-09T03:27:15+00:00
ORD-083789,9,5,Over-ear Headphones,audio,1,199.95,199.95,completed,2026-08-09T18:50:57+00:00
ORD-083790,8,6,Desk Speakers Pair,audio,1,89.00,89.00,refunded,2026-08-09T22:18:35+00:00
ORD-083791,5,7,Standing Desk 120cm,furniture,5,449.00,2245.00,refunded,2026-08-09T21:52:11+00:00
ORD-083792,10,1,Mechanical Keyboard 75%,peripherals,1,129.00,129.00,pending,2026-08-09T16:54:17+00:00
ORD-083793,3,6,Desk Speakers Pair,audio,5,89.00,445.00,pending,2026-08-09T21:20:51+00:00
ORD-083794,5,10,Laptop Stand Aluminium,accessories,3,27.50,82.50,refunded,2026-08-09T20:34:23+00:00
ORD-083795,7,10,Laptop Stand Aluminium,accessories,5,27.50,137.50,cancelled,2026-08-09T17:55:04+00:00
ORD-083796,9,3,27in 1440p Monitor,displays,5,319.99,1599.95,cancelled,2026-08-09T19:48:27+00:00
ORD-083797,8,9,USB-C Hub 8-in-1,accessories,2,39.99,79.98,cancelled,2026-08-09T01:44:36+00:00
ORD-083798,9,3,27in 1440p Monitor,displays,3,319.99,959.97,completed,2026-08-09T14:20:13+00:00
ORD-083799,9,1,Mechanical Keyboard 75%,peripherals,5,129.00,645.00,cancelled,2026-08-09T03:21:22+00:00
ORD-083800,4,1,Mechanical Keyboard 75%,peripherals,5,129.00,645.00,pending,2026-08-09T15:44:38+00:00
ORD-083801,1,4,34in Ultrawide Monitor,displays,1,579.00,579.00,completed,2026-08-09T22:06:38+00:00
ORD-083802,9,8,Ergonomic Chair,furniture,3,612.75,1838.25,refunded,2026-08-09T19:11:18+00:00
ORD-083803,1,6,Desk Speakers Pair,audio,3,89.00,267.00,pending,2026-08-09T17:36:54+00:00
ORD-083804,8,4,34in Ultrawide Monitor,displays,1,579.00,579.00,cancelled,2026-08-09T02:10:39+00:00
ORD-083805,6,8,Ergonomic Chair,furniture,4,612.75,2451.00,cancelled,2026-08-09T00:11:44+00:00
ORD-083806,2,7,Standing Desk 120cm,furniture,2,449.00,898.00,completed,2026-08-09T15:23:33+00:00
ORD-083807,4,8,Ergonomic Chair,furniture,4,612.75,2451.00,cancelled,2026-08-09T09:11:21+00:00
ORD-083808,9,4,34in Ultrawide Monitor,displays,2,579.00,1158.00,refunded,2026-08-09T13:21:23+00:00
ORD-083809,10,6,Desk Speakers Pair,audio,4,89.00,356.00,refunded,2026-08-09T12:38:00+00:00
ORD-083810,8,1,Mechanical Keyboard 75%,peripherals,1,129.00,129.00,pending,2026-08-09T06:08:14+00:00
ORD-083811,7,1,Mechanical Keyboard 75%,peripherals,4,129.00,516.00,pending,2026-08-09T02:08:59+00:00
ORD-083812,5,8,Ergonomic Chair,furniture,1,612.75,612.75,pending,2026-08-09T08:08:13+00:00
ORD-083813,4,5,Over-ear Headphones,audio,4,199.95,799.80,completed,2026-08-09T16:48:24+00:00
ORD-083814,9,2,Wireless Mouse,peripherals,1,49.50,49.50,refunded,2026-08-09T21:27:32+00:00
ORD-083815,8,2,Wireless Mouse,peripherals,1,49.50,49.50,pending,2026-08-09T20:01:21+00:00
ORD-083816,6,8,Ergonomic Chair,furniture,3,612.75,1838.25,completed,2026-08-09T12:41:00+00:00
ORD-083817,7,1,Mechanical Keyboard 75%,peripherals,3,129.00,387.00,completed,2026-08-09T23:53:36+00:00
ORD-083818,3,5,Over-ear Headphones,audio,1,199.95,199.95,completed,2026-08-09T10:34:55+00:00
ORD-083819,7,5,Over-ear Headphones,audio,3,199.95,599.85,refunded,2026-08-09T11:00:42+00:00
ORD-083820,6,9,USB-C Hub 8-in-1,accessories,1,39.99,39.99,refunded,2026-08-09T16:25:55+00:00
ORD-083821,10,4,34in Ultrawide Monitor,displays,2,579.00,1158.00,pending,2026-08-09T02:53:12+00:00
ORD-083822,5,8,Ergonomic Chair,furniture,1,612.75,612.75,pending,2026-08-09T13:59:54+00:00
ORD-083823,2,8,Ergonomic Chair,furniture,2,612.75,1225.50,completed,2026-08-09T21:26:12+00:00
ORD-083824,9,3,27in 1440p Monitor,displays,5,319.99,1599.95,pending,2026-08-09T20:34:58+00:00
ORD-083825,3,7,Standing Desk 120cm,furniture,1,449.00,449.00,completed,2026-08-09T04:13:39+00:00
ORD-083826,8,3,27in 1440p Monitor,displays,2,319.99,639.98,refunded,2026-08-09T18:42:05+00:00
ORD-083827,1,6,Desk Speakers Pair,audio,3,89.00,267.00,refunded,2026-08-09T04:58:42+00:00
ORD-083828,6,8,Ergonomic Chair,furniture,3,612.75,1838.25,completed,2026-08-09T21:56:53+00:00
ORD-083829,3,8,Ergonomic Chair,furniture,3,612.75,1838.25,cancelled,2026-08-09T13:45:35+00:00
ORD-083830,2,10,Laptop Stand Aluminium,accessories,4,27.50,110.00,cancelled,2026-08-09T04:04:25+00:00
ORD-083831,2,2,Wireless Mouse,peripherals,1,49.50,49.50,cancelled,2026-08-09T15:50:27+00:00
ORD-083832,5,9,USB-C Hub 8-in-1,accessories,5,39.99,199.95,refunded,2026-08-09T12:36:26+00:00
ORD-083833,8,6,Desk Speakers Pair,audio,5,89.00,445.00,refunded,2026-08-09T15:24:04+00:00
ORD-083834,1,8,Ergonomic Chair,furniture,1,612.75,612.75,refunded,2026-08-09T18:17:08+00:00
ORD-083835,9,7,Standing Desk 120cm,furniture,2,449.00,898.00,completed,2026-08-09T08:36:42+00:00
ORD-083836,9,3,27in 1440p Monitor,displays,1,319.99,319.99,pending,2026-08-09T16:53:35+00:00
ORD-083837,3,8,Ergonomic Chair,furniture,2,612.75,1225.50,completed,2026-08-09T19:15:27+00:00
ORD-083838,3,4,34in Ultrawide Monitor,displays,3,579.00,1737.00,pending,2026-08-09T06:45:21+00:00
ORD-083839,8,4,34in Ultrawide Monitor,displays,3,579.00,1737.00,pending,2026-08-09T20:16:31+00:00
ORD-083840,7,7,Standing Desk 120cm,furniture,5,449.00,2245.00,pending,2026-08-09T08:55:39+00:00
ORD-083841,6,7,Standing Desk 120cm,furniture,1,449.00,449.00,cancelled,2026-08-09T19:03:10+00:00
ORD-083842,3,5,Over-ear Headphones,audio,1,199.95,199.95,cancelled,2026-08-09T03:04:11+00:00
ORD-083843,7,8,Ergonomic Chair,furniture,3,612.75,1838.25,cancelled,2026-08-09T13:14:40+00:00
ORD-083844,4,5,Over-ear Headphones,audio,3,199.95,599.85,pending,2026-08-09T22:42:20+00:00
ORD-083845,10,3,27in 1440p Monitor,displays,2,319.99,639.98,cancelled,2026-08-09T08:38:23+00:00
ORD-083846,5,7,Standing Desk 120cm,furniture,3,449.00,1347.00,refunded,2026-08-09T19:36:21+00:00
ORD-083847,6,1,Mechanical Keyboard 75%,peripherals,2,129.00,258.00,completed,2026-08-09T03:48:27+00:00
ORD-083848,10,4,34in Ultrawide Monitor,displays,5,579.00,2895.00,pending,2026-08-09T07:14:19+00:00
ORD-083849,7,4,34in Ultrawide Monitor,displays,5,579.00,2895.00,refunded,2026-08-09T17:01:24+00:00
ORD-083850,1,4,34in Ultrawide Monitor,displays,4,579.00,2316.00,completed,2026-08-09T11:55:59+00:00
ORD-083851,3,1,Mechanical Keyboard 75%,peripherals,5,129.00,645.00,completed,2026-08-09T13:29:19+00:00
ORD-083852,1,3,27in 1440p Monitor,displays,5,319.99,1599.95,completed,2026-08-09T18:15:22+00:00
ORD-083853,7,3,27in 1440p Monitor,displays,5,319.99,1599.95,pending,2026-08-09T06:42:35+00:00
ORD-083854,4,8,Ergonomic Chair,furniture,4,612.75,2451.00,refunded,2026-08-09T04:53:04+00:00
ORD-083855,3,1,Mechanical Keyboard 75%,peripherals,2,129.00,258.00,pending,2026-08-09T21:04:22+00:00
ORD-083856,7,10,Laptop Stand Aluminium,accessories,4,27.50,110.00,refunded,2026-08-09T01:01:42+00:00
ORD-083857,4,5,Over-ear Headphones,audio,2,199.95,399.90,cancelled,2026-08-09T04:53:41+00:00
ORD-083858,9,2,Wireless Mouse,peripherals,5,49.50,247.50,completed,2026-08-09T12:16:35+00:00
ORD-083859,1,7,Standing Desk 120cm,furniture,1,449.00,449.00,refunded,2026-08-09T00:27:46+00:00
ORD-083860,6,9,USB-C Hub 8-in-1,accessories,2,39.99,79.98,refunded,2026-08-09T10:26:03+00:00
ORD-083861,9,6,Desk Speakers Pair,audio,2,89.00,178.00,pending,2026-08-09T00:22:15+00:00
ORD-083862,2,4,34in Ultrawide Monitor,displays,2,579.00,1158.00,cancelled,2026-08-09T22:18:40+00:00
ORD-083863,5,7,Standing Desk 120cm,furniture,2,449.00,898.00,pending,2026-08-09T10:19:22+00:00
ORD-083864,1,3,27in 1440p Monitor,displays,1,319.99,319.99,refunded,2026-08-09T01:31:57+00:00
ORD-083865,6,6,Desk Speakers Pair,audio,4,89.00,356.00,refunded,2026-08-09T20:19:30+00:00
ORD-083866,8,10,Laptop Stand Aluminium,accessories,4,27.50,110.00,refunded,2026-08-09T13:44:19+00:00
ORD-083867,10,5,Over-ear Headphones,audio,5,199.95,999.75,completed,2026-08-09T19:48:01+00:00
ORD-083868,1,10,Laptop Stand Aluminium,accessories,3,27.50,82.50,cancelled,2026-08-09T14:59:37+00:00
ORD-083869,6,9,USB-C Hub 8-in-1,accessories,2,39.99,79.98,refunded,2026-08-09T19:21:20+00:00
ORD-083870,1,3,27in 1440p Monitor,displays,3,319.99,959.97,refunded,2026-08-09T12:30:08+00:00
ORD-083871,7,6,Desk Speakers Pair,audio,3,89.00,267.00,cancelled,2026-08-09T23:48:06+00:00
ORD-083872,9,10,Laptop Stand Aluminium,accessories,3,27.50,82.50,completed,2026-08-09T13:12:28+00:00
ORD-083873,4,10,Laptop Stand Aluminium,accessories,2,27.50,55.00,pending,2026-08-09T23:53:39+00:00
ORD-083874,6,1,Mechanical Keyboard 75%,peripherals,3,129.00,387.00,refunded,2026-08-09T01:42:51+00:00
ORD-083875,9,10,Laptop Stand Aluminium,accessories,3,27.50,82.50,cancelled,2026-08-09T01:42:47+00:00
ORD-083876,2,7,Standing Desk 120cm,furniture,1,449.00,449.00,cancelled,2026-08-09T05:20:33+00:00
ORD-083877,6,4,34in Ultrawide Monitor,displays,1,579.00,579.00,refunded,2026-08-09T23:55:48+00:00
ORD-083878,3,3,27in 1440p Monitor,displays,5,319.99,1599.95,cancelled,2026-08-09T23:23:01+00:00
ORD-083879,1,10,Laptop Stand Aluminium,accessories,3,27.50,82.50,refunded,2026-08-09T23:43:32+00:00
ORD-083880,4,6,Desk Speakers Pair,audio,1,89.00,89.00,completed,2026-08-09T04:47:13+00:00
ORD-083881,1,3,27in 1440p Monitor,displays,2,319.99,639.98,refunded,2026-08-09T04:38:46+00:00
ORD-083882,7,9,USB-C Hub 8-in-1,accessories,4,39.99,159.96,refunded,2026-08-09T06:56:07+00:00
ORD-083883,3,4,34in Ultrawide Monitor,displays,5,579.00,2895.00,cancelled,2026-08-09T13:21:35+00:00
ORD-083884,6,5,Over-ear Headphones,audio,4,199.95,799.80,completed,2026-08-09T14:31:39+00:00
ORD-083885,2,2,Wireless Mouse,peripherals,4,49.50,198.00,cancelled,2026-08-09T00:22:10+00:00
ORD-083886,2,7,Standing Desk 120cm,furniture,2,449.00,898.00,pending,2026-08-09T02:13:07+00:00
ORD-083887,10,5,Over-ear Headphones,audio,2,199.95,399.90,completed,2026-08-09T19:03:32+00:00
ORD-083888,3,2,Wireless Mouse,peripherals,1,49.50,49.50,cancelled,2026-08-09T21:33:59+00:00
ORD-083889,5,10,Laptop Stand Aluminium,accessories,4,27.50,110.00,cancelled,2026-08-09T21:50:34+00:00
ORD-083890,6,6,Desk Speakers Pair,audio,1,89.00,89.00,completed,2026-08-09T17:48:33+00:00
ORD-083891,2,4,34in Ultrawide Monitor,displays,4,579.00,2316.00,completed,2026-08-09T11:10:03+00:00
ORD-083892,1,2,Wireless Mouse,peripherals,3,49.50,148.50,cancelled,2026-08-09T17:22:02+00:00
ORD-083893,3,2,Wireless Mouse,peripherals,1,49.50,49.50,cancelled,2026-08-09T08:35:07+00:00
ORD-083894,7,6,Desk Speakers Pair,audio,1,89.00,89.00,refunded,2026-08-09T11:10:47+00:00
ORD-083895,9,2,Wireless Mouse,peripherals,3,49.50,148.50,pending,2026-08-09T22:20:57+00:00
ORD-083896,7,8,Ergonomic Chair,furniture,5,612.75,3063.75,pending,2026-08-09T12:53:55+00:00
ORD-083897,9,9,USB-C Hub 8-in-1,accessories,2,39.99,79.98,cancelled,2026-08-09T23:46:28+00:00
ORD-083898,4,7,Standing Desk 120cm,furniture,4,449.00,1796.00,pending,2026-08-09T08:36:55+00:00
ORD-083899,1,9,USB-C Hub 8-in-1,accessories,1,39.99,39.99,cancelled,2026-08-09T14:05:48+00:00
ORD-083900,3,8,Ergonomic Chair,furniture,3,612.75,1838.25,completed,2026-08-09T17:51:43+00:00
ORD-083901,8,10,Laptop Stand Aluminium,accessories,5,27.50,137.50,cancelled,2026-08-09T01:57:48+00:00
ORD-083902,10,2,Wireless Mouse,peripherals,2,49.50,99.00,completed,2026-08-09T04:46:26+00:00
ORD-083903,3,1,Mechanical Keyboard 75%,peripherals,3,129.00,387.00,completed,2026-08-09T09:14:36+00:00
ORD-083904,1,8,Ergonomic Chair,furniture,5,612.75,3063.75,pending,2026-08-09T06:11:23+00:00
ORD-083905,1,10,Laptop Stand Aluminium,accessories,2,27.50,55.00,cancelled,2026-08-09T10:24:33+00:00
ORD-083906,1,10,Laptop Stand Aluminium,accessories,4,27.50,110.00,refunded,2026-08-09T21:54:19+00:00
ORD-083907,3,9,USB-C Hub 8-in-1,accessories,4,39.99,159.96,refunded,2026-08-09T08:39:44+00:00
ORD-083908,10,10,Laptop Stand Aluminium,accessories,1,27.50,27.50,pending,2026-08-09T15:41:43+00:00
ORD-083909,3,2,Wireless Mouse,peripherals,4,49.50,198.00,completed,2026-08-09T15:53:37+00:00
ORD-083910,9,5,Over-ear Headphones,audio,5,199.95,999.75,cancelled,2026-08-09T08:13:55+00:00
ORD-083911,2,1,Mechanical Keyboard 75%,peripherals,4,129.00,516.00,pending,2026-08-09T03:37:54+00:00
ORD-083912,5,7,Standing Desk 120cm,furniture,3,449.00,1347.00,pending,2026-08-09T16:16:49+00:00
ORD-083913,5,4,34in Ultrawide Monitor,displays,3,579.00,1737.00,pending,2026-08-09T10:57:48+00:00
ORD-083914,1,3,27in 1440p Monitor,displays,2,319.99,639.98,refunded,2026-08-09T05:04:31+00:00
ORD-083915,6,1,Mechanical Keyboard 75%,peripherals,4,129.00,516.00,completed,2026-08-09T02:19:06+00:00
ORD-083916,7,7,Standing Desk 120cm,furniture,5,449.00,2245.00,cancelled,2026-08-09T06:44:44+00:00
ORD-083917,4,6,Desk Speakers Pair,audio,2,89.00,178.00,refunded,2026-08-09T08:33:40+00:00
ORD-083918,8,1,Mechanical Keyboard 75%,peripherals,3,129.00,387.00,pending,2026-08-09T18:58:24+00:00
ORD-083919,4,2,Wireless Mouse,peripherals,2,49.50,99.00,refunded,2026-08-09T00:36:58+00:00
ORD-083920,1,1,Mechanical Keyboard 75%,peripherals,5,129.00,645.00,completed,2026-08-09T12:42:43+00:00
ORD-083921,1,1,Mechanical Keyboard 75%,peripherals,4,129.00,516.00,completed,2026-08-09T03:07:29+00:00
ORD-083922,5,10,Laptop Stand Aluminium,accessories,1,27.50,27.50,cancelled,2026-08-09T19:38:58+00:00
ORD-083923,7,6,Desk Speakers Pair,audio,1,89.00,89.00,pending,2026-08-09T16:13:43+00:00
ORD-083924,9,2,Wireless Mouse,peripherals,3,49.50,148.50,cancelled,2026-08-09T22:28:08+00:00
ORD-083925,9,8,Ergonomic Chair,furniture,1,612.75,612.75,completed,2026-08-09T02:27:06+00:00
ORD-083926,4,4,34in Ultrawide Monitor,displays,4,579.00,2316.00,cancelled,2026-08-09T14:09:02+00:00
ORD-083927,2,4,34in Ultrawide Monitor,displays,1,579.00,579.00,cancelled,2026-08-09T13:33:22+00:00
ORD-083928,7,6,Desk Speakers Pair,audio,4,89.00,356.00,cancelled,2026-08-09T04:37:36+00:00
ORD-083929,9,2,Wireless Mouse,peripherals,4,49.50,198.00,completed,2026-08-09T17:53:57+00:00
ORD-083930,8,2,Wireless Mouse,peripherals,3,49.50,148.50,cancelled,2026-08-09T18:17:28+00:00
ORD-083931,1,4,34in Ultrawide Monitor,displays,3,579.00,1737.00,completed,2026-08-09T04:31:20+00:00
ORD-083932,6,1,Mechanical Keyboard 75%,peripherals,5,129.00,645.00,cancelled,2026-08-09T03:23:08+00:00
ORD-083933,3,10,Laptop Stand Aluminium,accessories,3,27.50,82.50,refunded,2026-08-09T05:21:27+00:00
ORD-083934,5,7,Standing Desk 120cm,furniture,1,449.00,449.00,refunded,2026-08-09T21:59:58+00:00
ORD-083935,2,1,Mechanical Keyboard 75%,peripherals,4,129.00,516.00,refunded,2026-08-09T10:44:36+00:00
ORD-083936,1,3,27in 1440p Monitor,displays,3,319.99,959.97,cancelled,2026-08-09T11:38:02+00:00
ORD-083937,1,3,27in 1440p Monitor,displays,4,319.99,1279.96,refunded,2026-08-09T06:37:00+00:00
ORD-083938,8,7,Standing Desk 120cm,furniture,5,449.00,2245.00,refunded,2026-08-09T19:58:47+00:00
ORD-083939,3,6,Desk Speakers Pair,audio,1,89.00,89.00,refunded,2026-08-09T06:59:17+00:00
ORD-083940,1,7,Standing Desk 120cm,furniture,4,449.00,1796.00,refunded,2026-08-09T12:58:34+00:00
ORD-083941,2,10,Laptop Stand Aluminium,accessories,1,27.50,27.50,pending,2026-08-09T03:38:58+00:00
ORD-083942,8,10,Laptop Stand Aluminium,accessories,3,27.50,82.50,refunded,2026-08-09T06:30:37+00:00
ORD-083943,7,5,Over-ear Headphones,audio,5,199.95,999.75,cancelled,2026-08-09T17:28:48+00:00
ORD-083944,10,9,USB-C Hub 8-in-1,accessories,4,39.99,159.96,cancelled,2026-08-09T15:39:38+00:00
ORD-083945,5,1,Mechanical Keyboard 75%,peripherals,3,129.00,387.00,cancelled,2026-08-09T07:12:26+00:00
ORD-083946,7,8,Ergonomic Chair,furniture,5,612.75,3063.75,refunded,2026-08-09T06:12:24+00:00
ORD-083947,1,5,Over-ear Headphones,audio,5,199.95,999.75,pending,2026-08-09T11:39:01+00:00
ORD-083948,4,1,Mechanical Keyboard 75%,peripherals,5,129.00,645.00,pending,2026-08-09T17:15:08+00:00
ORD-083949,8,4,34in Ultrawide Monitor,displays,5,579.00,2895.00,cancelled,2026-08-09T06:12:36+00:00
ORD-083950,9,1,Mechanical Keyboard 75%,peripherals,2,129.00,258.00,pending,2026-08-09T05:52:13+00:00
ORD-083951,2,8,Ergonomic Chair,furniture,1,612.75,612.75,cancelled,2026-08-09T03:26:14+00:00
ORD-083952,3,5,Over-ear Headphones,audio,4,199.95,799.80,completed,2026-08-09T15:09:05+00:00
ORD-083953,8,4,34in Ultrawide Monitor,displays,2,579.00,1158.00,pending,2026-08-09T20:41:52+00:00
ORD-083954,2,3,27in 1440p Monitor,displays,5,319.99,-50.00,pending,2026-08-09T00:58:09+00:00
ORD-083955,10,9,USB-C Hub 8-in-1,accessories,3,39.99,119.97,completed,2026-08-09T20:01:34+00:00
ORD-083956,3,10,Laptop Stand Aluminium,accessories,5,27.50,137.50,pending,2026-08-09T22:29:09+00:00
ORD-083957,10,9,USB-C Hub 8-in-1,accessories,1,39.99,39.99,completed,2026-08-09T12:25:44+00:00
ORD-083958,8,6,Desk Speakers Pair,audio,1,89.00,89.00,completed,2026-08-09T21:12:26+00:00
ORD-083959,5,3,27in 1440p Monitor,displays,1,319.99,319.99,cancelled,2026-08-09T09:28:49+00:00
ORD-083960,7,6,Desk Speakers Pair,audio,1,89.00,89.00,cancelled,2026-08-09T05:15:08+00:00
ORD-083961,3,1,Mechanical Keyboard 75%,peripherals,5,129.00,645.00,completed,2026-08-09T13:02:49+00:00
ORD-083962,1,8,Ergonomic Chair,furniture,5,612.75,3063.75,refunded,2026-08-09T21:59:21+00:00
ORD-083963,5,10,Laptop Stand Aluminium,accessories,2,27.50,55.00,cancelled,2026-08-09T22:52:54+00:00
ORD-083964,9,1,Mechanical Keyboard 75%,peripherals,4,129.00,516.00,pending,2026-08-09T05:19:23+00:00
ORD-083965,4,8,Ergonomic Chair,furniture,1,612.75,612.75,pending,2026-08-09T00:00:55+00:00
ORD-083966,9,6,Desk Speakers Pair,audio,3,89.00,267.00,completed,2026-08-09T11:11:34+00:00
ORD-083967,7,3,27in 1440p Monitor,displays,2,319.99,639.98,cancelled,2026-08-09T03:37:25+00:00
ORD-083968,6,6,Desk Speakers Pair,audio,1,89.00,89.00,refunded,2026-08-09T14:49:16+00:00
ORD-083969,4,7,Standing Desk 120cm,furniture,2,449.00,898.00,refunded,2026-08-09T10:18:04+00:00
ORD-083970,6,6,Desk Speakers Pair,audio,4,89.00,356.00,completed,2026-08-09T18:43:36+00:00
ORD-083971,9,1,Mechanical Keyboard 75%,peripherals,3,129.00,387.00,completed,2026-08-09T16:52:34+00:00
ORD-083972,1,1,Mechanical Keyboard 75%,peripherals,2,129.00,258.00,cancelled,2026-08-09T14:21:47+00:00
ORD-083973,1,8,Ergonomic Chair,furniture,5,612.75,3063.75,completed,2026-08-09T20:07:44+00:00
ORD-083974,10,2,Wireless Mouse,peripherals,5,49.50,247.50,completed,2026-08-09T20:40:45+00:00
ORD-083975,2,6,Desk Speakers Pair,audio,4,89.00,356.00,completed,2026-08-09T17:08:25+00:00
ORD-083976,2,1,Mechanical Keyboard 75%,peripherals,5,129.00,645.00,cancelled,2026-08-09T10:57:53+00:00
ORD-083977,2,9,USB-C Hub 8-in-1,accessories,4,39.99,159.96,pending,2026-08-09T18:27:33+00:00
ORD-083978,3,10,Laptop Stand Aluminium,accessories,2,27.50,55.00,completed,2026-08-09T21:49:40+00:00
ORD-083979,2,9,USB-C Hub 8-in-1,accessories,4,39.99,159.96,cancelled,2026-08-09T01:43:42+00:00
ORD-083980,9,7,Standing Desk 120cm,furniture,4,449.00,1796.00,cancelled,2026-08-09T16:06:01+00:00
ORD-083981,9,8,Ergonomic Chair,furniture,3,612.75,1838.25,completed,2026-08-09T00:47:43+00:00
ORD-083982,2,6,Desk Speakers Pair,audio,2,89.00,178.00,refunded,2026-08-09T09:42:45+00:00
ORD-083983,7,9,USB-C Hub 8-in-1,accessories,4,39.99,159.96,refunded,2026-08-09T12:10:48+00:00
ORD-083984,2,5,Over-ear Headphones,audio,5,199.95,999.75,cancelled,2026-08-09T21:43:32+00:00
ORD-083985,10,1,Mechanical Keyboard 75%,peripherals,4,129.00,516.00,pending,2026-08-09T14:35:19+00:00
ORD-083986,1,2,Wireless Mouse,peripherals,5,49.50,247.50,completed,2026-08-09T18:40:56+00:00
ORD-083987,5,4,34in Ultrawide Monitor,displays,1,579.00,579.00,cancelled,2026-08-09T07:17:23+00:00
ORD-083988,6,3,27in 1440p Monitor,displays,2,319.99,639.98,refunded,2026-08-09T04:55:11+00:00
ORD-083989,9,5,Over-ear Headphones,audio,3,199.95,599.85,completed,2026-08-09T19:22:21+00:00
ORD-083990,9,4,34in Ultrawide Monitor,displays,2,579.00,1158.00,refunded,2026-08-09T02:15:00+00:00
ORD-083991,9,10,Laptop Stand Aluminium,accessories,2,27.50,55.00,cancelled,2026-08-09T20:01:31+00:00
ORD-083992,1,3,27in 1440p Monitor,displays,4,319.99,1279.96,pending,2026-08-09T21:52:21+00:00
ORD-083993,3,8,Ergonomic Chair,furniture,2,612.75,1225.50,completed,2026-08-09T20:15:13+00:00
ORD-083994,1,4,34in Ultrawide Monitor,displays,1,579.00,579.00,completed,2026-08-09T19:03:38+00:00
ORD-083995,1,7,Standing Desk 120cm,furniture,3,449.00,1347.00,cancelled,2026-08-09T06:50:25+00:00
ORD-083996,5,9,USB-C Hub 8-in-1,accessories,4,39.99,159.96,completed,2026-08-09T22:48:10+00:00
ORD-083997,7,3,27in 1440p Monitor,displays,1,319.99,319.99,pending,2026-08-09T21:52:00+00:00
ORD-083998,6,5,Over-ear Headphones,audio,4,199.95,799.80,cancelled,2026-08-09T12:25:52+00:00
ORD-083999,7,10,Laptop Stand Aluminium,accessories,5,27.50,137.50,refunded,2026-08-09T04:16:04+00:00
ORD-084000,9,1,Mechanical Keyboard 75%,peripherals,1,129.00,129.00,refunded,2026-08-09T07:11:23+00:00
ORD-084001,5,7,Standing Desk 120cm,furniture,2,449.00,898.00,refunded,2026-08-09T17:18:45+00:00
ORD-084002,9,7,Standing Desk 120cm,furniture,4,449.00,1796.00,completed,2026-08-09T21:56:41+00:00
ORD-084003,10,5,Over-ear Headphones,audio,1,199.95,199.95,cancelled,2026-08-09T09:03:56+00:00
ORD-084004,4,3,27in 1440p Monitor,displays,1,319.99,319.99,cancelled,2026-08-09T14:38:16+00:00
ORD-084005,10,4,34in Ultrawide Monitor,displays,2,579.00,1158.00,pending,2026-08-09T23:25:30+00:00
ORD-084006,7,8,Ergonomic Chair,furniture,2,612.75,1225.50,completed,2026-08-09T14:24:16+00:00
ORD-084007,4,8,Ergonomic Chair,furniture,3,612.75,1838.25,pending,2026-08-09T14:33:10+00:00
ORD-084008,5,1,Mechanical Keyboard 75%,peripherals,5,129.00,645.00,completed,2026-08-09T04:11:39+00:00
ORD-084009,5,2,Wireless Mouse,peripherals,5,49.50,247.50,refunded,2026-08-09T17:46:59+00:00
ORD-084010,2,3,27in 1440p Monitor,displays,3,319.99,959.97,completed,2026-08-09T16:30:06+00:00
ORD-084011,8,3,27in 1440p Monitor,displays,5,319.99,1599.95,refunded,2026-08-09T23:40:32+00:00
ORD-084012,7,2,Wireless Mouse,peripherals,2,49.50,99.00,cancelled,2026-08-09T17:18:58+00:00
ORD-084013,5,1,Mechanical Keyboard 75%,peripherals,5,129.00,645.00,completed,2026-08-09T01:42:02+00:00
ORD-084014,8,9,USB-C Hub 8-in-1,accessories,1,39.99,39.99,completed,2026-08-09T09:45:37+00:00
ORD-084015,4,10,Laptop Stand Aluminium,accessories,5,27.50,137.50,pending,2026-08-09T14:34:51+00:00
ORD-084016,2,4,34in Ultrawide Monitor,displays,4,579.00,2316.00,cancelled,2026-08-09T21:37:23+00:00
ORD-084017,10,2,Wireless Mouse,peripherals,2,49.50,99.00,completed,2026-08-09T04:45:44+00:00
ORD-084018,10,8,Ergonomic Chair,furniture,3,612.75,1838.25,cancelled,2026-08-09T18:24:06+00:00
ORD-084019,4,6,Desk Speakers Pair,audio,1,89.00,89.00,completed,2026-08-09T08:59:35+00:00
ORD-084020,6,8,Ergonomic Chair,furniture,2,612.75,1225.50,refunded,2026-08-09T11:23:29+00:00
ORD-084021,3,9,USB-C Hub 8-in-1,accessories,5,39.99,199.95,completed,2026-08-09T21:30:12+00:00
ORD-084022,3,4,34in Ultrawide Monitor,displays,1,579.00,579.00,pending,2026-08-09T20:55:16+00:00
ORD-084023,6,7,Standing Desk 120cm,furniture,3,449.00,1347.00,pending,2026-08-09T10:38:51+00:00
ORD-084024,3,4,34in Ultrawide Monitor,displays,2,579.00,1158.00,cancelled,2026-08-09T11:43:46+00:00
ORD-084025,8,6,Desk Speakers Pair,audio,4,89.00,356.00,refunded,2026-08-09T19:28:39+00:00
ORD-084026,7,3,27in 1440p Monitor,displays,3,319.99,959.97,completed,2026-08-09T10:12:28+00:00
ORD-084027,8,2,Wireless Mouse,peripherals,2,49.50,99.00,completed,2026-08-09T06:19:13+00:00
ORD-084028,8,9,USB-C Hub 8-in-1,accessories,1,39.99,39.99,completed,2026-08-09T21:38:28+00:00
ORD-084029,3,3,27in 1440p Monitor,displays,3,319.99,959.97,completed,2026-08-09T08:03:07+00:00
ORD-084030,5,4,34in Ultrawide Monitor,displays,4,579.00,2316.00,cancelled,2026-08-09T06:18:41+00:00
ORD-084031,8,2,Wireless Mouse,peripherals,4,49.50,198.00,refunded,2026-08-09T02:17:00+00:00
ORD-084032,8,6,Desk Speakers Pair,audio,4,89.00,356.00,cancelled,2026-08-09T08:06:43+00:00
ORD-084033,5,9,USB-C Hub 8-in-1,accessories,2,39.99,79.98,refunded,2026-08-09T01:30:43+00:00
ORD-084034,8,5,Over-ear Headphones,audio,1,199.95,199.95,completed,2026-08-09T19:08:46+00:00
ORD-084035,5,8,Ergonomic Chair,furniture,4,612.75,2451.00,cancelled,2026-08-09T09:23:29+00:00
ORD-084036,10,3,27in 1440p Monitor,displays,3,319.99,959.97,cancelled,2026-08-09T07:12:15+00:00
ORD-084037,1,5,Over-ear Headphones,audio,4,199.95,799.80,refunded,2026-08-09T06:16:59+00:00
ORD-084038,8,6,Desk Speakers Pair,audio,3,89.00,267.00,cancelled,2026-08-09T00:48:54+00:00
ORD-084039,4,10,Laptop Stand Aluminium,accessories,5,27.50,137.50,refunded,2026-08-09T11:12:07+00:00
ORD-084040,4,4,34in Ultrawide Monitor,displays,1,579.00,579.00,completed,2026-08-09T02:27:17+00:00
ORD-084041,10,10,Laptop Stand Aluminium,accessories,1,27.50,27.50,refunded,2026-08-09T06:43:20+00:00
ORD-084042,8,3,27in 1440p Monitor,displays,3,319.99,959.97,completed,2026-08-09T19:28:50+00:00
ORD-084043,7,9,USB-C Hub 8-in-1,accessories,3,39.99,119.97,completed,2026-08-09T05:41:31+00:00
ORD-084044,5,3,27in 1440p Monitor,displays,4,319.99,1279.96,pending,2026-08-09T13:11:12+00:00
ORD-084045,8,9,USB-C Hub 8-in-1,accessories,5,39.99,199.95,completed,2026-08-09T08:34:39+00:00
ORD-084046,10,3,27in 1440p Monitor,displays,4,319.99,1279.96,refunded,2026-08-09T17:26:27+00:00
ORD-084047,9,3,27in 1440p Monitor,displays,1,319.99,319.99,pending,2026-08-09T22:53:14+00:00
ORD-084048,1,8,Ergonomic Chair,furniture,5,612.75,3063.75,pending,2026-08-09T10:46:04+00:00
ORD-084049,7,8,Ergonomic Chair,furniture,2,612.75,1225.50,refunded,2026-08-09T03:45:14+00:00
ORD-084050,10,7,Standing Desk 120cm,furniture,3,449.00,1347.00,cancelled,2026-08-09T06:25:30+00:00
ORD-084051,5,4,34in Ultrawide Monitor,displays,1,579.00,579.00,completed,2026-08-09T19:19:23+00:00
ORD-084052,7,9,USB-C Hub 8-in-1,accessories,4,39.99,159.96,completed,2026-08-09T00:31:17+00:00
ORD-084053,8,8,Ergonomic Chair,furniture,2,612.75,1225.50,cancelled,2026-08-09T11:54:32+00:00
ORD-084054,3,4,34in Ultrawide Monitor,displays,5,579.00,2895.00,cancelled,2026-08-09T08:16:51+00:00
ORD-084055,1,7,Standing Desk 120cm,furniture,2,449.00,898.00,refunded,2026-08-09T07:25:26+00:00
ORD-084056,10,5,Over-ear Headphones,audio,5,199.95,999.75,refunded,2026-08-09T06:32:41+00:00
ORD-084057,1,3,27in 1440p Monitor,displays,4,319.99,1279.96,cancelled,2026-08-09T04:00:38+00:00
ORD-084058,8,3,27in 1440p Monitor,displays,4,319.99,1279.96,completed,2026-08-09T14:58:48+00:00
ORD-084059,9,6,Desk Speakers Pair,audio,2,89.00,178.00,cancelled,2026-08-09T10:28:20+00:00
ORD-084060,3,1,Mechanical Keyboard 75%,peripherals,4,129.00,516.00,pending,2026-08-09T07:36:55+00:00
ORD-084061,2,3,27in 1440p Monitor,displays,5,319.99,1599.95,cancelled,2026-08-09T12:03:36+00:00
ORD-084062,3,6,Desk Speakers Pair,audio,5,89.00,445.00,refunded,2026-08-09T07:35:47+00:00
ORD-084063,1,5,Over-ear Headphones,audio,5,199.95,999.75,refunded,2026-08-09T10:12:19+00:00
ORD-084064,9,7,Standing Desk 120cm,furniture,1,449.00,449.00,pending,2026-08-09T20:35:01+00:00
ORD-084065,5,7,Standing Desk 120cm,furniture,5,449.00,2245.00,completed,2026-08-09T01:35:53+00:00
ORD-084066,8,1,Mechanical Keyboard 75%,peripherals,1,129.00,129.00,cancelled,2026-08-09T13:34:17+00:00
ORD-084067,3,6,Desk Speakers Pair,audio,4,89.00,356.00,completed,2026-08-09T03:50:42+00:00
ORD-084068,1,5,Over-ear Headphones,audio,1,199.95,199.95,pending,2026-08-09T19:30:21+00:00
ORD-084069,8,2,Wireless Mouse,peripherals,2,49.50,99.00,refunded,2026-08-09T05:53:51+00:00
ORD-084070,2,5,Over-ear Headphones,audio,4,199.95,799.80,completed,2026-08-09T17:03:05+00:00
ORD-084071,7,6,Desk Speakers Pair,audio,1,89.00,89.00,completed,2026-08-09T22:42:11+00:00
ORD-084072,3,6,Desk Speakers Pair,audio,4,89.00,356.00,refunded,2026-08-09T14:15:48+00:00
ORD-084073,7,7,Standing Desk 120cm,furniture,1,449.00,449.00,cancelled,2026-08-09T11:24:38+00:00
ORD-084074,2,1,Mechanical Keyboard 75%,peripherals,2,129.00,258.00,cancelled,2026-08-09T21:00:53+00:00
ORD-084075,5,8,Ergonomic Chair,furniture,2,612.75,1225.50,pending,2026-08-09T04:55:01+00:00
ORD-084076,6,8,Ergonomic Chair,furniture,5,612.75,3063.75,cancelled,2026-08-09T06:49:41+00:00
ORD-084077,9,7,Standing Desk 120cm,furniture,1,449.00,449.00,refunded,2026-08-09T21:04:21+00:00
ORD-084078,3,8,Ergonomic Chair,furniture,3,612.75,1838.25,refunded,2026-08-09T08:52:31+00:00
ORD-084079,7,9,USB-C Hub 8-in-1,accessories,4,39.99,159.96,refunded,2026-08-09T00:12:54+00:00
ORD-084080,7,8,Ergonomic Chair,furniture,2,612.75,1225.50,refunded,2026-08-09T05:16:08+00:00
ORD-084081,3,8,Ergonomic Chair,furniture,1,612.75,612.75,completed,2026-08-09T16:12:22+00:00
ORD-084082,1,8,Ergonomic Chair,furniture,5,612.75,3063.75,refunded,2026-08-09T21:49:21+00:00
ORD-084083,1,8,Ergonomic Chair,furniture,2,612.75,1225.50,pending,2026-08-09T15:20:35+00:00
ORD-084084,2,4,34in Ultrawide Monitor,displays,3,579.00,1737.00,pending,2026-08-09T18:09:23+00:00
ORD-084085,9,5,Over-ear Headphones,audio,2,199.95,399.90,cancelled,2026-08-09T04:21:36+00:00
ORD-084086,6,3,27in 1440p Monitor,displays,4,319.99,1279.96,pending,2026-08-09T22:38:10+00:00
ORD-084087,1,7,Standing Desk 120cm,furniture,3,449.00,1347.00,refunded,2026-08-09T08:03:20+00:00
ORD-084088,6,1,Mechanical Keyboard 75%,peripherals,4,129.00,516.00,completed,2026-08-09T17:16:02+00:00
ORD-084089,3,9,USB-C Hub 8-in-1,accessories,1,39.99,39.99,pending,2026-08-09T06:00:35+00:00
ORD-084090,3,4,34in Ultrawide Monitor,displays,4,579.00,2316.00,cancelled,2026-08-09T17:37:43+00:00
ORD-084091,7,9,USB-C Hub 8-in-1,accessories,5,39.99,199.95,refunded,2026-08-09T05:11:06+00:00
ORD-084092,5,1,Mechanical Keyboard 75%,peripherals,3,129.00,387.00,pending,2026-08-09T10:27:08+00:00
ORD-084093,1,7,Standing Desk 120cm,furniture,4,449.00,1796.00,pending,2026-08-09T07:34:36+00:00
ORD-084094,5,8,Ergonomic Chair,furniture,4,612.75,2451.00,completed,2026-08-09T07:27:14+00:00
ORD-084095,4,4,34in Ultrawide Monitor,displays,3,579.00,1737.00,refunded,2026-08-09T00:27:50+00:00
ORD-084096,8,7,Standing Desk 120cm,furniture,2,449.00,898.00,cancelled,2026-08-09T02:21:41+00:00
ORD-084097,2,10,Laptop Stand Aluminium,accessories,4,27.50,110.00,cancelled,2026-08-09T02:30:45+00:00
ORD-084098,4,3,27in 1440p Monitor,displays,2,319.99,639.98,cancelled,2026-08-09T17:57:17+00:00
ORD-084099,1,8,Ergonomic Chair,furniture,1,612.75,612.75,pending,2026-08-09T19:26:42+00:00
ORD-084100,10,1,Mechanical Keyboard 75%,peripherals,2,129.00,258.00,refunded,2026-08-09T13:13:30+00:00
ORD-084101,9,9,USB-C Hub 8-in-1,accessories,2,39.99,79.98,pending,2026-08-09T13:30:10+00:00
ORD-084102,3,4,34in Ultrawide Monitor,displays,4,579.00,2316.00,refunded,2026-08-09T05:25:56+00:00
ORD-084103,9,4,34in Ultrawide Monitor,displays,1,579.00,579.00,completed,2026-08-09T05:13:02+00:00
ORD-084104,4,5,Over-ear Headphones,audio,5,199.95,999.75,completed,2026-08-09T09:21:12+00:00
ORD-084105,6,6,Desk Speakers Pair,audio,1,89.00,89.00,pending,2026-08-09T06:34:39+00:00
ORD-084106,3,6,Desk Speakers Pair,audio,4,89.00,356.00,refunded,2026-08-09T00:00:28+00:00
ORD-084107,5,7,Standing Desk 120cm,furniture,2,449.00,898.00,refunded,2026-08-09T17:54:22+00:00
ORD-084108,2,3,27in 1440p Monitor,displays,1,319.99,319.99,completed,2026-08-09T03:48:30+00:00
ORD-084109,10,10,Laptop Stand Aluminium,accessories,1,27.50,27.50,pending,2026-08-09T02:50:58+00:00
ORD-084110,1,4,34in Ultrawide Monitor,displays,1,579.00,579.00,cancelled,2026-08-09T04:55:49+00:00
ORD-084111,3,6,Desk Speakers Pair,audio,3,89.00,267.00,cancelled,2026-08-09T13:33:22+00:00
ORD-084112,1,10,Laptop Stand Aluminium,accessories,2,27.50,55.00,refunded,2026-08-09T17:52:15+00:00
ORD-084113,6,8,Ergonomic Chair,furniture,4,612.75,2451.00,pending,2026-08-09T14:30:03+00:00
ORD-084114,8,2,Wireless Mouse,peripherals,3,49.50,148.50,refunded,2026-08-09T02:53:42+00:00
ORD-084115,1,4,34in Ultrawide Monitor,displays,5,579.00,2895.00,refunded,2026-08-09T20:41:58+00:00
ORD-084116,1,8,Ergonomic Chair,furniture,1,612.75,612.75,cancelled,2026-08-09T13:57:23+00:00
ORD-084117,6,8,Ergonomic Chair,furniture,4,612.75,2451.00,refunded,2026-08-09T15:03:14+00:00
ORD-084118,10,2,Wireless Mouse,peripherals,3,49.50,148.50,completed,2026-08-09T18:52:31+00:00
ORD-084119,7,1,Mechanical Keyboard 75%,peripherals,1,129.00,129.00,refunded,2026-08-09T18:10:28+00:00
ORD-084120,8,5,Over-ear Headphones,audio,4,199.95,799.80,cancelled,2026-08-09T19:29:31+00:00
ORD-084121,2,1,Mechanical Keyboard 75%,peripherals,2,129.00,258.00,refunded,2026-08-09T19:35:41+00:00
ORD-084122,6,3,27in 1440p Monitor,displays,3,319.99,959.97,pending,2026-08-09T08:24:48+00:00
ORD-084123,9,9,USB-C Hub 8-in-1,accessories,4,39.99,159.96,pending,2026-08-09T05:30:36+00:00
ORD-084124,4,5,Over-ear Headphones,audio,4,199.95,799.80,completed,2026-08-09T20:51:48+00:00
ORD-084125,8,4,34in Ultrawide Monitor,displays,1,579.00,579.00,cancelled,2026-08-09T23:07:50+00:00
ORD-084126,8,7,Standing Desk 120cm,furniture,3,449.00,1347.00,cancelled,2026-08-09T21:45:30+00:00
ORD-084127,3,5,Over-ear Headphones,audio,3,199.95,599.85,cancelled,2026-08-09T21:34:39+00:00
ORD-084128,5,10,Laptop Stand Aluminium,accessories,4,27.50,110.00,refunded,2026-08-09T10:04:40+00:00
ORD-084129,7,6,Desk Speakers Pair,audio,2,89.00,178.00,cancelled,2026-08-09T07:49:10+00:00
ORD-084130,5,5,Over-ear Headphones,audio,2,199.95,399.90,cancelled,2026-08-09T01:26:26+00:00
ORD-084131,4,10,Laptop Stand Aluminium,accessories,2,27.50,55.00,cancelled,2026-08-09T04:40:08+00:00
ORD-084132,7,8,Ergonomic Chair,furniture,4,612.75,2451.00,cancelled,2026-08-09T16:23:06+00:00
ORD-084133,2,1,Mechanical Keyboard 75%,peripherals,3,129.00,387.00,completed,2026-08-09T16:29:12+00:00
ORD-084134,3,6,Desk Speakers Pair,audio,4,89.00,356.00,cancelled,2026-08-09T22:19:38+00:00
ORD-084135,1,10,Laptop Stand Aluminium,accessories,3,27.50,82.50,pending,2026-08-09T04:12:14+00:00
ORD-084136,6,1,Mechanical Keyboard 75%,peripherals,5,129.00,645.00,completed,2026-08-09T01:53:50+00:00
ORD-084137,6,2,Wireless Mouse,peripherals,2,49.50,99.00,completed,2026-08-09T04:21:05+00:00
ORD-084138,7,4,34in Ultrawide Monitor,displays,1,579.00,579.00,completed,2026-08-09T00:51:44+00:00
ORD-084139,2,9,USB-C Hub 8-in-1,accessories,5,39.99,199.95,completed,2026-08-09T19:02:40+00:00
ORD-084140,6,9,USB-C Hub 8-in-1,accessories,4,39.99,159.96,refunded,2026-08-09T18:45:32+00:00
ORD-084141,6,5,Over-ear Headphones,audio,5,199.95,999.75,completed,2026-08-09T00:34:09+00:00
ORD-084142,10,3,27in 1440p Monitor,displays,1,319.99,319.99,pending,2026-08-09T11:40:59+00:00
ORD-084143,5,4,34in Ultrawide Monitor,displays,2,579.00,1158.00,refunded,2026-08-09T00:10:22+00:00
ORD-084144,2,6,Desk Speakers Pair,audio,5,89.00,445.00,completed,2026-08-09T11:50:53+00:00
ORD-084145,7,10,Laptop Stand Aluminium,accessories,5,27.50,137.50,pending,2026-08-09T10:11:01+00:00
ORD-084146,9,2,Wireless Mouse,peripherals,3,49.50,148.50,refunded,2026-08-09T06:23:48+00:00
ORD-084147,4,2,Wireless Mouse,peripherals,1,49.50,49.50,completed,2026-08-09T15:19:14+00:00
ORD-084148,5,3,27in 1440p Monitor,displays,5,319.99,1599.95,completed,2026-08-09T13:44:22+00:00
ORD-084149,10,9,USB-C Hub 8-in-1,accessories,1,39.99,39.99,completed,2026-08-09T04:40:28+00:00
ORD-084150,5,4,34in Ultrawide Monitor,displays,1,579.00,579.00,cancelled,2026-08-09T06:35:20+00:00
ORD-084151,10,10,Laptop Stand Aluminium,accessories,3,27.50,82.50,completed,2026-08-09T13:48:13+00:00
ORD-084152,8,10,Laptop Stand Aluminium,accessories,5,27.50,137.50,cancelled,2026-08-09T15:59:53+00:00
ORD-084153,5,6,Desk Speakers Pair,audio,4,89.00,356.00,refunded,2026-08-09T05:55:11+00:00
ORD-084154,10,7,Standing Desk 120cm,furniture,2,449.00,898.00,pending,2026-08-09T11:01:41+00:00
ORD-084155,5,2,Wireless Mouse,peripherals,4,49.50,198.00,refunded,2026-08-09T00:05:51+00:00
ORD-084156,9,10,Laptop Stand Aluminium,accessories,5,27.50,137.50,cancelled,2026-08-09T22:32:55+00:00
ORD-084157,5,8,Ergonomic Chair,furniture,4,612.75,2451.00,refunded,2026-08-09T05:18:32+00:00
ORD-084158,9,5,Over-ear Headphones,audio,3,199.95,599.85,completed,2026-08-09T00:16:10+00:00
ORD-084159,7,6,Desk Speakers Pair,audio,2,89.00,178.00,cancelled,2026-08-09T18:01:36+00:00
ORD-084160,5,7,Standing Desk 120cm,furniture,2,449.00,898.00,refunded,2026-08-09T10:27:06+00:00
ORD-084161,3,9,USB-C Hub 8-in-1,accessories,1,39.99,39.99,pending,2026-08-09T07:14:35+00:00
ORD-084162,5,10,Laptop Stand Aluminium,accessories,2,27.50,55.00,cancelled,2026-08-09T12:23:01+00:00
ORD-084163,2,5,Over-ear Headphones,audio,2,199.95,399.90,pending,2026-08-09T16:11:04+00:00
ORD-084164,7,10,Laptop Stand Aluminium,accessories,3,27.50,82.50,refunded,2026-08-09T22:29:28+00:00
ORD-084165,9,7,Standing Desk 120cm,furniture,1,449.00,449.00,refunded,2026-08-09T18:29:16+00:00
ORD-084166,3,7,Standing Desk 120cm,furniture,2,449.00,898.00,pending,2026-08-09T21:57:34+00:00
ORD-084167,3,5,Over-ear Headphones,audio,2,199.95,399.90,cancelled,2026-08-09T19:44:26+00:00
ORD-084168,7,3,27in 1440p Monitor,displays,3,319.99,959.97,pending,2026-08-09T03:26:15+00:00
ORD-084169,1,6,Desk Speakers Pair,audio,3,89.00,267.00,completed,2026-08-09T13:13:40+00:00
ORD-084170,10,2,Wireless Mouse,peripherals,4,49.50,198.00,cancelled,2026-08-09T06:15:31+00:00
ORD-084171,9,8,Ergonomic Chair,furniture,2,612.75,1225.50,cancelled,2026-08-09T00:38:38+00:00
ORD-084172,1,8,Ergonomic Chair,furniture,2,612.75,1225.50,cancelled,2026-08-09T20:56:35+00:00
ORD-084173,7,1,Mechanical Keyboard 75%,peripherals,1,129.00,129.00,refunded,2026-08-09T13:49:05+00:00
ORD-084174,6,6,Desk Speakers Pair,audio,4,89.00,356.00,pending,2026-08-09T05:25:52+00:00
ORD-084175,10,10,Laptop Stand Aluminium,accessories,3,27.50,82.50,cancelled,2026-08-09T00:22:38+00:00
ORD-084176,2,8,Ergonomic Chair,furniture,3,612.75,1838.25,pending,2026-08-09T09:40:06+00:00
ORD-084177,4,8,Ergonomic Chair,furniture,3,612.75,1838.25,cancelled,2026-08-09T04:55:37+00:00
ORD-084178,2,9,USB-C Hub 8-in-1,accessories,5,39.99,199.95,cancelled,2026-08-09T22:23:04+00:00
ORD-084179,3,5,Over-ear Headphones,audio,1,199.95,199.95,pending,2026-08-09T23:45:21+00:00
ORD-084180,3,5,Over-ear Headphones,audio,3,199.95,599.85,pending,2026-08-09T01:44:13+00:00
ORD-084181,1,4,34in Ultrawide Monitor,displays,2,579.00,1158.00,cancelled,2026-08-09T21:35:29+00:00
ORD-084182,7,2,Wireless Mouse,peripherals,5,49.50,247.50,pending,2026-08-09T18:04:27+00:00
ORD-084183,2,5,Over-ear Headphones,audio,5,199.95,999.75,pending,2026-08-09T14:26:50+00:00
ORD-084184,9,3,27in 1440p Monitor,displays,4,319.99,1279.96,cancelled,2026-08-09T12:43:45+00:00
ORD-084185,10,4,34in Ultrawide Monitor,displays,1,579.00,579.00,refunded,2026-08-09T09:26:24+00:00
ORD-084186,2,3,27in 1440p Monitor,displays,5,319.99,1599.95,completed,2026-08-09T12:11:24+00:00
ORD-084187,2,8,Ergonomic Chair,furniture,3,612.75,1838.25,pending,2026-08-09T11:35:37+00:00
ORD-084188,7,2,Wireless Mouse,peripherals,1,49.50,49.50,completed,2026-08-09T14:43:13+00:00
ORD-084189,2,8,Ergonomic Chair,furniture,2,612.75,1225.50,pending,2026-08-09T03:53:15+00:00
ORD-084190,1,9,USB-C Hub 8-in-1,accessories,5,39.99,199.95,completed,2026-08-09T13:03:41+00:00
ORD-084191,9,8,Ergonomic Chair,furniture,3,612.75,1838.25,pending,2026-08-09T06:47:01+00:00
ORD-084192,2,10,Laptop Stand Aluminium,accessories,3,27.50,82.50,cancelled,2026-08-09T15:57:16+00:00
ORD-084193,10,1,Mechanical Keyboard 75%,peripherals,2,129.00,258.00,completed,2026-08-09T17:22:53+00:00
ORD-084194,1,9,USB-C Hub 8-in-1,accessories,1,39.99,39.99,completed,2026-08-09T14:39:23+00:00
ORD-084195,3,10,Laptop Stand Aluminium,accessories,3,27.50,82.50,pending,2026-08-09T21:57:08+00:00
ORD-084196,1,4,34in Ultrawide Monitor,displays,3,579.00,1737.00,completed,2026-08-09T19:18:27+00:00
ORD-084197,4,3,27in 1440p Monitor,displays,1,319.99,319.99,cancelled,2026-08-09T16:27:40+00:00
ORD-084198,2,6,Desk Speakers Pair,audio,1,89.00,89.00,cancelled,2026-08-09T03:43:07+00:00
ORD-084199,8,9,USB-C Hub 8-in-1,accessories,4,39.99,159.96,cancelled,2026-08-09T09:35:46+00:00
ORD-084200,10,1,Mechanical Keyboard 75%,peripherals,4,129.00,516.00,completed,2026-08-09T08:26:01+00:00
ORD-084201,3,10,Laptop Stand Aluminium,accessories,2,27.50,55.00,pending,2026-08-09T00:00:11+00:00
ORD-084202,3,8,Ergonomic Chair,furniture,4,612.75,2451.00,refunded,2026-08-09T14:39:25+00:00
ORD-084203,2,9,USB-C Hub 8-in-1,accessories,4,39.99,159.96,cancelled,2026-08-09T01:42:09+00:00
ORD-084204,1,6,Desk Speakers Pair,audio,5,89.00,445.00,cancelled,2026-08-09T19:14:09+00:00
ORD-084205,5,10,Laptop Stand Aluminium,accessories,5,27.50,137.50,refunded,2026-08-09T00:49:09+00:00
ORD-084206,10,3,27in 1440p Monitor,displays,4,319.99,1279.96,pending,2026-08-09T04:37:36+00:00
ORD-084207,6,5,Over-ear Headphones,audio,5,199.95,999.75,completed,2026-08-09T22:24:25+00:00
ORD-084208,5,1,Mechanical Keyboard 75%,peripherals,3,129.00,387.00,refunded,2026-08-09T05:41:54+00:00
ORD-084209,5,6,Desk Speakers Pair,audio,2,89.00,178.00,cancelled,2026-08-09T21:06:17+00:00
ORD-084210,6,8,Ergonomic Chair,furniture,3,612.75,1838.25,pending,2026-08-09T00:08:35+00:00
ORD-084211,8,2,Wireless Mouse,peripherals,5,49.50,247.50,pending,2026-08-09T10:55:56+00:00
ORD-084212,9,6,Desk Speakers Pair,audio,5,89.00,445.00,cancelled,2026-08-09T08:08:12+00:00
ORD-084213,2,4,34in Ultrawide Monitor,displays,1,579.00,579.00,pending,2026-08-09T09:36:46+00:00
ORD-084214,4,7,Standing Desk 120cm,furniture,1,449.00,449.00,refunded,2026-08-09T10:31:47+00:00
ORD-084215,4,6,Desk Speakers Pair,audio,1,89.00,89.00,pending,2026-08-09T03:23:50+00:00
ORD-084216,2,7,Standing Desk 120cm,furniture,1,449.00,449.00,pending,2026-08-09T07:29:11+00:00
ORD-084217,2,10,Laptop Stand Aluminium,accessories,2,27.50,55.00,refunded,2026-08-09T13:37:36+00:00
ORD-084218,5,5,Over-ear Headphones,audio,2,199.95,399.90,completed,2026-08-09T05:01:25+00:00
ORD-084219,7,10,Laptop Stand Aluminium,accessories,5,27.50,137.50,completed,2026-08-09T15:46:03+00:00
ORD-084220,6,4,34in Ultrawide Monitor,displays,5,579.00,2895.00,cancelled,2026-08-09T15:06:01+00:00
ORD-084221,10,3,27in 1440p Monitor,displays,3,319.99,959.97,pending,2026-08-09T08:25:43+00:00
ORD-084222,2,10,Laptop Stand Aluminium,accessories,2,27.50,55.00,completed,2026-08-09T15:28:53+00:00
ORD-084223,4,7,Standing Desk 120cm,furniture,5,449.00,2245.00,cancelled,2026-08-09T19:21:06+00:00
ORD-084224,2,6,Desk Speakers Pair,audio,5,89.00,445.00,completed,2026-08-09T10:45:17+00:00
ORD-084225,1,7,Standing Desk 120cm,furniture,5,449.00,2245.00,pending,2026-08-09T13:50:13+00:00
ORD-084226,5,1,Mechanical Keyboard 75%,peripherals,3,129.00,387.00,refunded,2026-08-09T09:05:57+00:00
ORD-084227,9,6,Desk Speakers Pair,audio,1,89.00,89.00,pending,2026-08-09T03:16:28+00:00
ORD-084228,1,4,34in Ultrawide Monitor,displays,3,579.00,1737.00,pending,2026-08-09T12:44:39+00:00
ORD-084229,10,4,34in Ultrawide Monitor,displays,4,579.00,2316.00,refunded,2026-08-09T19:25:55+00:00
ORD-084230,1,10,Laptop Stand Aluminium,accessories,4,27.50,110.00,cancelled,2026-08-09T08:00:03+00:00
ORD-084231,5,4,34in Ultrawide Monitor,displays,4,579.00,2316.00,completed,2026-08-09T07:16:52+00:00
ORD-084232,1,10,Laptop Stand Aluminium,accessories,4,27.50,110.00,cancelled,2026-08-09T18:37:10+00:00
ORD-084233,5,6,Desk Speakers Pair,audio,5,89.00,445.00,pending,2026-08-09T17:22:11+00:00
ORD-084234,9,3,27in 1440p Monitor,displays,3,319.99,959.97,completed,2026-08-09T22:15:12+00:00
ORD-084235,10,2,Wireless Mouse,peripherals,4,49.50,198.00,completed,2026-08-09T08:59:02+00:00
ORD-084236,9,8,Ergonomic Chair,furniture,5,612.75,3063.75,pending,2026-08-09T04:44:47+00:00
ORD-084237,10,6,Desk Speakers Pair,audio,4,89.00,356.00,completed,2026-08-09T20:47:11+00:00
ORD-084238,4,7,Standing Desk 120cm,furniture,2,449.00,898.00,cancelled,2026-08-09T21:01:33+00:00
ORD-084239,7,8,Ergonomic Chair,furniture,2,612.75,1225.50,refunded,2026-08-09T05:33:24+00:00
ORD-084240,3,9,USB-C Hub 8-in-1,accessories,2,39.99,79.98,completed,2026-08-09T10:45:16+00:00
ORD-084241,9,3,27in 1440p Monitor,displays,4,319.99,1279.96,cancelled,2026-08-09T19:06:18+00:00
ORD-084242,9,2,Wireless Mouse,peripherals,3,49.50,148.50,cancelled,2026-08-09T23:43:05+00:00
ORD-084243,7,7,Standing Desk 120cm,furniture,1,449.00,449.00,refunded,2026-08-09T01:12:52+00:00
ORD-084244,1,10,Laptop Stand Aluminium,accessories,1,27.50,27.50,completed,2026-08-09T08:20:26+00:00
ORD-084245,5,7,Standing Desk 120cm,furniture,1,449.00,449.00,cancelled,2026-08-09T15:11:36+00:00
ORD-084246,5,5,Over-ear Headphones,audio,5,199.95,999.75,completed,2026-08-09T12:43:01+00:00
ORD-084247,10,2,Wireless Mouse,peripherals,5,49.50,247.50,pending,2026-08-09T01:34:40+00:00
ORD-084248,6,7,Standing Desk 120cm,furniture,1,449.00,449.00,refunded,2026-08-09T08:48:35+00:00
ORD-084249,10,4,34in Ultrawide Monitor,displays,5,579.00,2895.00,refunded,2026-08-09T04:59:12+00:00
ORD-084250,7,3,27in 1440p Monitor,displays,5,319.99,1599.95,pending,2026-08-09T17:45:07+00:00
ORD-084251,3,2,Wireless Mouse,peripherals,5,49.50,247.50,cancelled,2026-08-09T03:52:38+00:00
ORD-084252,8,4,34in Ultrawide Monitor,displays,5,579.00,2895.00,pending,2026-08-09T09:26:27+00:00
ORD-084253,7,9,USB-C Hub 8-in-1,accessories,2,39.99,79.98,cancelled,2026-08-09T19:14:05+00:00
ORD-084254,8,3,27in 1440p Monitor,displays,3,319.99,959.97,completed,2026-08-09T20:06:51+00:00
ORD-084255,2,10,Laptop Stand Aluminium,accessories,5,27.50,137.50,pending,2026-08-09T19:48:24+00:00
ORD-084256,9,5,Over-ear Headphones,audio,1,199.95,199.95,completed,2026-08-09T17:55:14+00:00
ORD-084257,3,3,27in 1440p Monitor,displays,5,319.99,1599.95,cancelled,2026-08-09T04:13:14+00:00
ORD-084258,1,8,Ergonomic Chair,furniture,3,612.75,1838.25,completed,2026-08-09T18:28:26+00:00
ORD-084259,3,8,Ergonomic Chair,furniture,3,612.75,1838.25,completed,2026-08-09T01:12:22+00:00
ORD-084260,5,1,Mechanical Keyboard 75%,peripherals,3,129.00,387.00,completed,2026-08-09T20:10:20+00:00
ORD-084261,3,8,Ergonomic Chair,furniture,4,612.75,2451.00,completed,2026-08-09T01:08:24+00:00
ORD-084262,6,4,34in Ultrawide Monitor,displays,4,579.00,2316.00,completed,2026-08-09T13:05:10+00:00
ORD-084263,10,7,Standing Desk 120cm,furniture,5,449.00,2245.00,refunded,2026-08-09T00:37:41+00:00
ORD-084264,9,2,Wireless Mouse,peripherals,3,49.50,148.50,completed,2026-08-09T08:12:46+00:00
ORD-084265,9,8,Ergonomic Chair,furniture,2,612.75,1225.50,pending,2026-08-09T19:20:10+00:00
ORD-084266,6,4,34in Ultrawide Monitor,displays,3,579.00,1737.00,cancelled,2026-08-09T08:57:42+00:00
ORD-084267,1,1,Mechanical Keyboard 75%,peripherals,5,129.00,645.00,pending,2026-08-09T01:52:47+00:00
ORD-084268,7,3,27in 1440p Monitor,displays,1,319.99,319.99,cancelled,2026-08-09T09:38:36+00:00
ORD-084269,9,4,34in Ultrawide Monitor,displays,2,579.00,1158.00,refunded,2026-08-09T13:10:32+00:00
ORD-084270,4,4,34in Ultrawide Monitor,displays,5,579.00,2895.00,refunded,2026-08-09T10:41:11+00:00
ORD-084271,6,6,Desk Speakers Pair,audio,1,89.00,89.00,refunded,2026-08-09T17:13:42+00:00
ORD-084272,10,7,Standing Desk 120cm,furniture,2,449.00,898.00,completed,2026-08-09T23:25:58+00:00
ORD-084273,7,3,27in 1440p Monitor,displays,5,319.99,1599.95,cancelled,2026-08-09T11:41:57+00:00
ORD-084274,8,7,Standing Desk 120cm,furniture,3,449.00,1347.00,refunded,2026-08-09T16:58:37+00:00
ORD-084275,7,2,Wireless Mouse,peripherals,5,49.50,247.50,pending,2026-08-09T00:31:46+00:00
ORD-084276,9,5,Over-ear Headphones,audio,5,199.95,999.75,refunded,2026-08-09T04:02:37+00:00
ORD-084277,8,6,Desk Speakers Pair,audio,5,89.00,445.00,cancelled,2026-08-09T03:55:18+00:00
ORD-084278,5,9,USB-C Hub 8-in-1,accessories,5,39.99,199.95,refunded,2026-08-09T01:19:28+00:00
ORD-084279,9,3,27in 1440p Monitor,displays,5,319.99,1599.95,refunded,2026-08-09T03:16:06+00:00
ORD-084280,2,6,Desk Speakers Pair,audio,1,89.00,89.00,pending,2026-08-09T23:32:18+00:00
ORD-084281,8,8,Ergonomic Chair,furniture,5,612.75,3063.75,pending,2026-08-09T10:19:45+00:00
ORD-084282,6,3,27in 1440p Monitor,displays,4,319.99,1279.96,pending,2026-08-09T01:49:18+00:00
ORD-084283,1,10,Laptop Stand Aluminium,accessories,4,27.50,110.00,cancelled,2026-08-09T22:14:59+00:00
ORD-084284,3,2,Wireless Mouse,peripherals,4,49.50,198.00,pending,2026-08-09T00:03:49+00:00
ORD-084285,1,9,USB-C Hub 8-in-1,accessories,1,39.99,39.99,completed,2026-08-09T06:41:20+00:00
ORD-084286,4,9,USB-C Hub 8-in-1,accessories,2,39.99,79.98,pending,2026-08-09T19:15:20+00:00
ORD-084287,6,3,27in 1440p Monitor,displays,2,319.99,639.98,cancelled,2026-08-09T18:31:22+00:00
ORD-084288,4,10,Laptop Stand Aluminium,accessories,2,27.50,55.00,pending,2026-08-09T08:51:19+00:00
ORD-084289,1,8,Ergonomic Chair,furniture,2,612.75,1225.50,pending,2026-08-09T17:31:45+00:00
ORD-084290,2,7,Standing Desk 120cm,furniture,4,449.00,1796.00,refunded,2026-08-09T14:36:16+00:00
ORD-084291,7,9,USB-C Hub 8-in-1,accessories,5,39.99,199.95,completed,2026-08-09T11:17:34+00:00
ORD-084292,7,4,34in Ultrawide Monitor,displays,4,579.00,2316.00,cancelled,2026-08-09T10:32:15+00:00
ORD-084293,4,3,27in 1440p Monitor,displays,2,319.99,639.98,refunded,2026-08-09T14:19:00+00:00
ORD-084294,7,2,Wireless Mouse,peripherals,1,49.50,49.50,pending,2026-08-09T09:24:45+00:00
ORD-084295,10,9,USB-C Hub 8-in-1,accessories,5,39.99,199.95,completed,2026-08-09T02:20:48+00:00
ORD-084296,6,5,Over-ear Headphones,audio,5,199.95,999.75,refunded,2026-08-09T04:13:55+00:00
ORD-084297,8,9,USB-C Hub 8-in-1,accessories,1,39.99,39.99,cancelled,2026-08-09T13:17:19+00:00
ORD-084298,1,1,Mechanical Keyboard 75%,peripherals,1,129.00,129.00,cancelled,2026-08-09T12:20:11+00:00
ORD-084299,10,9,USB-C Hub 8-in-1,accessories,4,39.99,159.96,cancelled,2026-08-09T09:56:46+00:00
ORD-084300,4,1,Mechanical Keyboard 75%,peripherals,4,129.00,516.00,cancelled,2026-08-09T06:52:40+00:00
ORD-084301,7,2,Wireless Mouse,peripherals,1,49.50,49.50,refunded,2026-08-09T21:49:31+00:00
ORD-084302,8,2,Wireless Mouse,peripherals,1,49.50,49.50,refunded,2026-08-09T22:54:13+00:00
ORD-084303,10,3,27in 1440p Monitor,displays,3,319.99,959.97,completed,2026-08-09T22:49:38+00:00
ORD-084304,7,10,Laptop Stand Aluminium,accessories,5,27.50,137.50,completed,2026-08-09T12:13:51+00:00
ORD-084305,10,3,27in 1440p Monitor,displays,5,319.99,1599.95,cancelled,2026-08-09T19:47:58+00:00
ORD-084306,5,3,27in 1440p Monitor,displays,1,319.99,319.99,pending,2026-08-09T05:44:14+00:00
ORD-084307,4,2,Wireless Mouse,peripherals,1,49.50,49.50,pending,2026-08-09T04:51:39+00:00
ORD-084308,4,3,27in 1440p Monitor,displays,1,319.99,319.99,completed,2026-08-09T14:52:36+00:00
ORD-084309,1,9,USB-C Hub 8-in-1,accessories,2,39.99,79.98,pending,2026-08-09T14:55:22+00:00
ORD-084310,2,9,USB-C Hub 8-in-1,accessories,2,39.99,79.98,refunded,2026-08-09T15:50:55+00:00
ORD-084311,6,4,34in Ultrawide Monitor,displays,5,579.00,2895.00,cancelled,2026-08-09T00:46:52+00:00
ORD-084312,6,4,34in Ultrawide Monitor,displays,5,579.00,2895.00,cancelled,2026-08-09T13:41:37+00:00
ORD-084313,6,2,Wireless Mouse,peripherals,3,49.50,148.50,refunded,2026-08-09T06:35:46+00:00
ORD-084314,10,2,Wireless Mouse,peripherals,3,49.50,148.50,refunded,2026-08-09T00:53:26+00:00
ORD-084315,9,2,Wireless Mouse,peripherals,3,49.50,148.50,completed,2026-08-09T15:17:21+00:00
ORD-084316,3,10,Laptop Stand Aluminium,accessories,4,27.50,110.00,refunded,2026-08-09T02:18:15+00:00
ORD-084317,2,6,Desk Speakers Pair,audio,3,89.00,267.00,pending,2026-08-09T17:22:59+00:00
ORD-084318,8,4,34in Ultrawide Monitor,displays,1,579.00,579.00,pending,2026-08-09T05:05:44+00:00
ORD-084319,6,5,Over-ear Headphones,audio,4,199.95,799.80,completed,2026-08-09T23:58:36+00:00
ORD-084320,3,2,Wireless Mouse,peripherals,2,49.50,99.00,completed,2026-08-09T11:03:18+00:00
ORD-084321,1,3,27in 1440p Monitor,displays,4,319.99,1279.96,cancelled,2026-08-09T18:06:35+00:00
ORD-084322,8,6,Desk Speakers Pair,audio,1,89.00,89.00,refunded,2026-08-09T17:02:00+00:00
ORD-084323,4,5,Over-ear Headphones,audio,3,199.95,599.85,pending,2026-08-09T09:01:44+00:00
ORD-084324,9,9,USB-C Hub 8-in-1,accessories,1,39.99,39.99,refunded,2026-08-09T15:54:11+00:00
ORD-084325,6,6,Desk Speakers Pair,audio,4,89.00,356.00,cancelled,2026-08-09T10:03:34+00:00
ORD-084326,2,8,Ergonomic Chair,furniture,1,612.75,612.75,cancelled,2026-08-09T08:41:04+00:00
ORD-084327,3,2,Wireless Mouse,peripherals,2,49.50,99.00,refunded,2026-08-09T07:29:22+00:00
ORD-084328,6,3,27in 1440p Monitor,displays,4,319.99,1279.96,refunded,2026-08-09T03:41:21+00:00
ORD-084329,1,2,Wireless Mouse,peripherals,5,49.50,247.50,refunded,2026-08-09T12:34:21+00:00
ORD-084330,7,2,Wireless Mouse,peripherals,5,49.50,247.50,refunded,2026-08-09T17:26:15+00:00
ORD-084331,6,9,USB-C Hub 8-in-1,accessories,1,39.99,39.99,refunded,2026-08-09T12:18:55+00:00
ORD-084332,3,2,Wireless Mouse,peripherals,5,49.50,247.50,pending,2026-08-09T20:50:44+00:00
ORD-084333,4,2,Wireless Mouse,peripherals,4,49.50,198.00,cancelled,2026-08-09T21:46:39+00:00
ORD-084334,3,4,34in Ultrawide Monitor,displays,4,579.00,2316.00,pending,2026-08-09T21:52:08+00:00
ORD-084335,6,4,34in Ultrawide Monitor,displays,1,579.00,579.00,refunded,2026-08-09T03:13:45+00:00
ORD-084336,4,2,Wireless Mouse,peripherals,4,49.50,198.00,completed,2026-08-09T13:06:40+00:00
ORD-084337,8,10,Laptop Stand Aluminium,accessories,5,27.50,137.50,refunded,2026-08-09T22:19:28+00:00
ORD-084338,5,10,Laptop Stand Aluminium,accessories,4,27.50,110.00,refunded,2026-08-09T00:40:48+00:00
ORD-084339,4,2,Wireless Mouse,peripherals,5,49.50,247.50,pending,2026-08-09T09:16:00+00:00
ORD-084340,8,1,Mechanical Keyboard 75%,peripherals,2,129.00,258.00,cancelled,2026-08-09T10:00:32+00:00
ORD-084341,3,4,34in Ultrawide Monitor,displays,3,579.00,1737.00,refunded,2026-08-09T00:19:45+00:00
ORD-084342,5,9,USB-C Hub 8-in-1,accessories,4,39.99,159.96,cancelled,2026-08-09T13:18:44+00:00
ORD-084343,10,6,Desk Speakers Pair,audio,2,89.00,178.00,completed,2026-08-09T09:25:02+00:00
ORD-084344,8,1,Mechanical Keyboard 75%,peripherals,3,129.00,387.00,refunded,2026-08-09T00:58:55+00:00
ORD-084345,8,3,27in 1440p Monitor,displays,1,319.99,319.99,cancelled,2026-08-09T14:15:13+00:00
ORD-084346,6,10,Laptop Stand Aluminium,accessories,2,27.50,55.00,pending,2026-08-09T14:27:27+00:00
ORD-084347,10,5,Over-ear Headphones,audio,5,199.95,999.75,completed,2026-08-09T23:52:35+00:00
ORD-084348,4,4,34in Ultrawide Monitor,displays,5,579.00,2895.00,pending,2026-08-09T17:37:43+00:00
ORD-084349,7,10,Laptop Stand Aluminium,accessories,4,27.50,110.00,completed,2026-08-09T21:34:59+00:00
ORD-084350,9,7,Standing Desk 120cm,furniture,1,449.00,449.00,cancelled,2026-08-09T05:56:08+00:00
ORD-084351,5,9,USB-C Hub 8-in-1,accessories,3,39.99,119.97,pending,2026-08-09T15:42:46+00:00
ORD-084352,7,5,Over-ear Headphones,audio,3,199.95,599.85,pending,2026-08-09T04:35:14+00:00
ORD-084353,8,8,Ergonomic Chair,furniture,5,612.75,3063.75,cancelled,2026-08-09T10:07:32+00:00
ORD-084354,8,8,Ergonomic Chair,furniture,4,612.75,2451.00,pending,2026-08-09T01:28:00+00:00
ORD-084355,4,4,34in Ultrawide Monitor,displays,1,579.00,579.00,pending,2026-08-09T06:02:09+00:00
ORD-084356,7,8,Ergonomic Chair,furniture,1,612.75,612.75,completed,2026-08-09T21:05:45+00:00
ORD-084357,5,6,Desk Speakers Pair,audio,3,89.00,267.00,pending,2026-08-09T10:00:14+00:00
ORD-084358,2,3,27in 1440p Monitor,displays,4,319.99,1279.96,cancelled,2026-08-09T07:45:44+00:00
ORD-084359,7,4,34in Ultrawide Monitor,displays,1,579.00,579.00,completed,2026-08-09T14:44:26+00:00
ORD-084360,8,2,Wireless Mouse,peripherals,3,49.50,148.50,refunded,2026-08-09T23:49:18+00:00
ORD-084361,7,10,Laptop Stand Aluminium,accessories,5,27.50,137.50,completed,2026-08-09T06:17:34+00:00
ORD-084362,8,6,Desk Speakers Pair,audio,4,89.00,356.00,completed,2026-08-09T16:18:04+00:00
ORD-084363,10,5,Over-ear Headphones,audio,2,199.95,399.90,cancelled,2026-08-09T23:44:44+00:00
ORD-084364,1,8,Ergonomic Chair,furniture,4,612.75,2451.00,refunded,2026-08-09T13:02:14+00:00
ORD-084365,10,6,Desk Speakers Pair,audio,1,89.00,89.00,refunded,2026-08-09T22:04:45+00:00
ORD-084366,8,9,USB-C Hub 8-in-1,accessories,1,39.99,39.99,completed,2026-08-09T12:55:07+00:00
ORD-084367,2,2,Wireless Mouse,peripherals,2,49.50,99.00,completed,2026-08-09T17:40:10+00:00
ORD-084368,1,1,Mechanical Keyboard 75%,peripherals,3,129.00,387.00,refunded,2026-08-09T23:27:08+00:00
ORD-084369,8,2,Wireless Mouse,peripherals,5,49.50,247.50,pending,2026-08-09T06:17:02+00:00
ORD-084370,8,8,Ergonomic Chair,furniture,2,612.75,1225.50,pending,2026-08-09T23:10:21+00:00
ORD-084371,3,3,27in 1440p Monitor,displays,4,319.99,1279.96,cancelled,2026-08-09T05:19:40+00:00
ORD-084372,1,8,Ergonomic Chair,furniture,5,612.75,3063.75,refunded,2026-08-09T14:37:23+00:00
ORD-084373,1,1,Mechanical Keyboard 75%,peripherals,5,129.00,645.00,pending,2026-08-09T19:44:15+00:00
ORD-084374,6,5,Over-ear Headphones,audio,1,199.95,199.95,pending,2026-08-09T16:15:06+00:00
ORD-084375,3,7,Standing Desk 120cm,furniture,2,449.00,898.00,refunded,2026-08-09T02:37:32+00:00
ORD-084376,7,3,27in 1440p Monitor,displays,3,319.99,959.97,pending,2026-08-09T07:37:26+00:00
ORD-084377,2,8,Ergonomic Chair,furniture,2,612.75,1225.50,cancelled,2026-08-09T18:56:48+00:00
ORD-084378,8,2,Wireless Mouse,peripherals,4,49.50,198.00,completed,2026-08-09T06:10:30+00:00
ORD-084379,9,5,Over-ear Headphones,audio,1,199.95,199.95,refunded,2026-08-09T13:26:32+00:00
ORD-084380,4,3,27in 1440p Monitor,displays,2,319.99,639.98,cancelled,2026-08-09T19:35:02+00:00
ORD-084381,8,9,USB-C Hub 8-in-1,accessories,2,39.99,79.98,pending,2026-08-09T15:45:35+00:00
ORD-084382,7,3,27in 1440p Monitor,displays,4,319.99,1279.96,refunded,2026-08-09T10:39:17+00:00
ORD-084383,7,8,Ergonomic Chair,furniture,4,612.75,2451.00,completed,2026-08-09T21:18:56+00:00
ORD-084384,3,6,Desk Speakers Pair,audio,3,89.00,267.00,refunded,2026-08-09T16:02:13+00:00
ORD-084385,8,1,Mechanical Keyboard 75%,peripherals,5,129.00,645.00,refunded,2026-08-09T20:42:22+00:00
ORD-084386,7,6,Desk Speakers Pair,audio,1,89.00,89.00,pending,2026-08-09T19:50:25+00:00
ORD-084387,3,1,Mechanical Keyboard 75%,peripherals,2,129.00,258.00,refunded,2026-08-09T05:01:52+00:00
ORD-084388,1,3,27in 1440p Monitor,displays,3,319.99,959.97,refunded,2026-08-09T15:27:07+00:00
ORD-084389,10,8,Ergonomic Chair,furniture,2,612.75,1225.50,completed,2026-08-09T02:58:52+00:00
ORD-084390,6,1,Mechanical Keyboard 75%,peripherals,3,129.00,387.00,completed,2026-08-09T16:53:56+00:00
ORD-084391,7,2,Wireless Mouse,peripherals,2,49.50,99.00,pending,2026-08-09T15:33:52+00:00
ORD-084392,3,3,27in 1440p Monitor,displays,5,319.99,1599.95,cancelled,2026-08-09T19:49:43+00:00
ORD-084393,1,1,Mechanical Keyboard 75%,peripherals,3,129.00,387.00,completed,2026-08-09T19:13:50+00:00
ORD-084394,6,9,USB-C Hub 8-in-1,accessories,5,39.99,199.95,completed,2026-08-09T04:49:33+00:00
ORD-084395,8,6,Desk Speakers Pair,audio,3,89.00,267.00,pending,2026-08-09T00:17:23+00:00
ORD-084396,4,8,Ergonomic Chair,furniture,1,612.75,612.75,cancelled,2026-08-09T15:52:35+00:00
ORD-084397,1,4,34in Ultrawide Monitor,displays,3,579.00,1737.00,refunded,2026-08-09T21:20:38+00:00
ORD-084398,6,2,Wireless Mouse,peripherals,5,49.50,247.50,refunded,2026-08-09T02:40:19+00:00
ORD-084399,10,10,Laptop Stand Aluminium,accessories,1,27.50,27.50,pending,2026-08-09T15:24:03+00:00
ORD-084400,10,3,27in 1440p Monitor,displays,5,319.99,1599.95,completed,2026-08-09T06:51:36+00:00
ORD-084401,4,5,Over-ear Headphones,audio,3,199.95,599.85,completed,2026-08-09T12:16:37+00:00
ORD-084402,8,2,Wireless Mouse,peripherals,4,49.50,198.00,pending,2026-08-09T18:31:47+00:00
ORD-084403,8,1,Mechanical Keyboard 75%,peripherals,3,129.00,387.00,pending,2026-08-09T14:03:39+00:00
ORD-084404,10,1,Mechanical Keyboard 75%,peripherals,2,129.00,258.00,completed,2026-08-09T16:16:51+00:00
ORD-084405,8,1,Mechanical Keyboard 75%,peripherals,3,129.00,387.00,completed,2026-08-09T06:54:56+00:00
ORD-084406,6,2,Wireless Mouse,peripherals,2,49.50,99.00,pending,2026-08-09T14:04:27+00:00
ORD-084407,1,8,Ergonomic Chair,furniture,3,612.75,1838.25,cancelled,2026-08-09T14:57:55+00:00
ORD-084408,4,8,Ergonomic Chair,furniture,5,612.75,3063.75,cancelled,2026-08-09T05:03:06+00:00
ORD-084409,8,3,27in 1440p Monitor,displays,4,319.99,1279.96,completed,2026-08-09T16:53:51+00:00
ORD-084410,1,5,Over-ear Headphones,audio,3,199.95,599.85,completed,2026-08-09T16:19:54+00:00
ORD-084411,2,5,Over-ear Headphones,audio,4,199.95,799.80,pending,2026-08-09T14:07:32+00:00
ORD-084412,1,2,Wireless Mouse,peripherals,4,49.50,198.00,refunded,2026-08-09T20:27:27+00:00
ORD-084413,3,3,27in 1440p Monitor,displays,2,319.99,639.98,completed,2026-08-09T20:18:34+00:00
ORD-084414,5,8,Ergonomic Chair,furniture,1,612.75,612.75,completed,2026-08-09T06:49:49+00:00
ORD-084415,3,4,34in Ultrawide Monitor,displays,3,579.00,1737.00,cancelled,2026-08-09T04:03:22+00:00
ORD-084416,5,2,Wireless Mouse,peripherals,4,49.50,198.00,completed,2026-08-09T04:18:49+00:00
ORD-084417,9,1,Mechanical Keyboard 75%,peripherals,2,129.00,258.00,cancelled,2026-08-09T21:14:15+00:00
ORD-084418,8,1,Mechanical Keyboard 75%,peripherals,4,129.00,516.00,refunded,2026-08-09T11:56:32+00:00
ORD-084419,2,2,Wireless Mouse,peripherals,3,49.50,148.50,refunded,2026-08-09T11:15:08+00:00
ORD-084420,9,7,Standing Desk 120cm,furniture,2,449.00,898.00,pending,2026-08-09T14:54:58+00:00
ORD-084421,10,3,27in 1440p Monitor,displays,3,319.99,959.97,pending,2026-08-09T01:29:33+00:00
ORD-084422,2,5,Over-ear Headphones,audio,4,199.95,799.80,completed,2026-08-09T23:47:34+00:00
ORD-084423,6,6,Desk Speakers Pair,audio,4,89.00,356.00,completed,2026-08-09T19:48:40+00:00
ORD-084424,5,5,Over-ear Headphones,audio,2,199.95,399.90,refunded,2026-08-09T03:27:07+00:00
ORD-084425,9,2,Wireless Mouse,peripherals,3,49.50,148.50,pending,2026-08-09T08:54:51+00:00
ORD-084426,3,3,27in 1440p Monitor,displays,5,319.99,1599.95,refunded,2026-08-09T18:16:10+00:00
ORD-084427,4,3,27in 1440p Monitor,displays,3,319.99,959.97,cancelled,2026-08-09T00:26:51+00:00
ORD-084428,9,3,27in 1440p Monitor,displays,3,319.99,959.97,pending,2026-08-09T01:05:30+00:00
ORD-084429,4,5,Over-ear Headphones,audio,2,199.95,399.90,refunded,2026-08-09T21:28:19+00:00
ORD-084430,7,10,Laptop Stand Aluminium,accessories,3,27.50,82.50,cancelled,2026-08-09T22:03:50+00:00
ORD-084431,4,9,USB-C Hub 8-in-1,accessories,3,39.99,119.97,refunded,2026-08-09T10:41:45+00:00
ORD-084432,6,4,34in Ultrawide Monitor,displays,1,579.00,579.00,cancelled,2026-08-09T18:08:03+00:00
ORD-084433,2,8,Ergonomic Chair,furniture,5,612.75,3063.75,cancelled,2026-08-09T07:21:14+00:00
ORD-084434,6,3,27in 1440p Monitor,displays,2,319.99,639.98,completed,2026-08-09T18:21:50+00:00
ORD-084435,4,6,Desk Speakers Pair,audio,3,89.00,267.00,cancelled,2026-08-09T11:38:20+00:00
ORD-084436,2,7,Standing Desk 120cm,furniture,1,449.00,449.00,completed,2026-08-09T20:49:46+00:00
ORD-084437,9,1,Mechanical Keyboard 75%,peripherals,4,129.00,516.00,cancelled,2026-08-09T02:05:29+00:00
ORD-084438,8,2,Wireless Mouse,peripherals,4,49.50,198.00,refunded,2026-08-09T05:14:17+00:00
ORD-084439,1,4,34in Ultrawide Monitor,displays,3,579.00,1737.00,refunded,2026-08-09T00:58:17+00:00
ORD-084440,6,8,Ergonomic Chair,furniture,3,612.75,1838.25,refunded,2026-08-09T00:21:44+00:00
ORD-084441,8,10,Laptop Stand Aluminium,accessories,4,27.50,110.00,completed,2026-08-09T11:22:55+00:00
ORD-084442,4,4,34in Ultrawide Monitor,displays,2,579.00,1158.00,pending,2026-08-09T02:18:17+00:00
ORD-084443,6,8,Ergonomic Chair,furniture,1,612.75,612.75,pending,2026-08-09T22:29:28+00:00
ORD-084444,9,5,Over-ear Headphones,audio,3,199.95,599.85,cancelled,2026-08-09T15:59:17+00:00
ORD-084445,5,10,Laptop Stand Aluminium,accessories,5,27.50,137.50,completed,2026-08-09T12:56:56+00:00
ORD-084446,6,1,Mechanical Keyboard 75%,peripherals,5,129.00,645.00,completed,2026-08-09T03:45:26+00:00
ORD-084447,9,9,USB-C Hub 8-in-1,accessories,5,39.99,199.95,cancelled,2026-08-09T02:11:00+00:00
ORD-084448,1,6,Desk Speakers Pair,audio,4,89.00,356.00,pending,2026-08-09T03:25:06+00:00
ORD-084449,2,5,Over-ear Headphones,audio,1,199.95,199.95,cancelled,not-a-valid-date
ORD-084450,2,5,Over-ear Headphones,audio,4,199.95,799.80,cancelled,2026-08-09T06:08:07+00:00
ORD-084451,6,2,Wireless Mouse,peripherals,1,49.50,49.50,cancelled,2026-08-09T14:20:32+00:00
ORD-084452,5,3,27in 1440p Monitor,displays,3,319.99,959.97,completed,2026-08-09T10:57:30+00:00
ORD-084453,7,6,Desk Speakers Pair,audio,3,89.00,267.00,cancelled,2026-08-09T14:47:20+00:00
ORD-084454,1,6,Desk Speakers Pair,audio,5,89.00,445.00,completed,2026-08-09T14:20:11+00:00
ORD-084455,6,2,Wireless Mouse,peripherals,1,49.50,49.50,refunded,2026-08-09T11:44:25+00:00
ORD-084456,5,3,27in 1440p Monitor,displays,5,319.99,1599.95,completed,2026-08-09T19:53:24+00:00
ORD-084457,6,3,27in 1440p Monitor,displays,5,319.99,1599.95,completed,2026-08-09T04:18:59+00:00
ORD-084458,3,10,Laptop Stand Aluminium,accessories,1,27.50,27.50,refunded,2026-08-09T11:16:20+00:00
ORD-084459,5,2,Wireless Mouse,peripherals,4,49.50,198.00,pending,2026-08-09T10:38:51+00:00
ORD-084460,8,10,Laptop Stand Aluminium,accessories,2,27.50,55.00,pending,2026-08-09T11:53:15+00:00
ORD-084461,7,6,Desk Speakers Pair,audio,4,89.00,356.00,completed,2026-08-09T20:50:44+00:00
ORD-084462,9,4,34in Ultrawide Monitor,displays,1,579.00,579.00,cancelled,2026-08-09T08:11:27+00:00
ORD-084463,6,7,Standing Desk 120cm,furniture,4,449.00,1796.00,pending,2026-08-09T15:58:43+00:00
ORD-084464,1,6,Desk Speakers Pair,audio,1,89.00,89.00,cancelled,2026-08-09T20:09:32+00:00
ORD-084465,4,2,Wireless Mouse,peripherals,4,49.50,198.00,pending,2026-08-09T22:44:20+00:00
ORD-084466,10,7,Standing Desk 120cm,furniture,4,449.00,1796.00,completed,2026-08-09T06:15:26+00:00
ORD-084467,3,4,34in Ultrawide Monitor,displays,5,579.00,2895.00,completed,2026-08-09T03:10:10+00:00
ORD-084468,4,2,Wireless Mouse,peripherals,4,49.50,198.00,cancelled,2026-08-09T14:03:23+00:00
ORD-084469,1,1,Mechanical Keyboard 75%,peripherals,2,129.00,258.00,cancelled,2026-08-09T21:20:50+00:00
ORD-084470,6,9,USB-C Hub 8-in-1,accessories,4,39.99,159.96,cancelled,2026-08-09T20:36:42+00:00
ORD-084471,4,2,Wireless Mouse,peripherals,3,49.50,148.50,refunded,2026-08-09T15:31:09+00:00
ORD-084472,10,8,Ergonomic Chair,furniture,1,612.75,612.75,pending,2026-08-09T08:53:37+00:00
ORD-084473,6,4,34in Ultrawide Monitor,displays,2,579.00,1158.00,refunded,2026-08-09T20:34:00+00:00
ORD-084474,7,8,Ergonomic Chair,furniture,5,612.75,3063.75,refunded,2026-08-09T15:01:35+00:00
ORD-084475,8,10,Laptop Stand Aluminium,accessories,5,27.50,137.50,refunded,2026-08-09T17:13:50+00:00
ORD-084476,10,7,Standing Desk 120cm,furniture,3,449.00,1347.00,pending,2026-08-09T06:54:21+00:00
ORD-084477,2,2,Wireless Mouse,peripherals,4,49.50,198.00,completed,2026-08-09T04:31:52+00:00
ORD-084478,8,10,Laptop Stand Aluminium,accessories,3,27.50,82.50,cancelled,2026-08-09T00:41:06+00:00
ORD-084479,6,10,Laptop Stand Aluminium,accessories,2,27.50,55.00,pending,2026-08-09T11:44:35+00:00
ORD-084480,3,5,Over-ear Headphones,audio,4,199.95,799.80,completed,2026-08-09T04:00:56+00:00
ORD-084481,10,4,34in Ultrawide Monitor,displays,1,579.00,579.00,refunded,2026-08-09T01:53:42+00:00
ORD-084482,6,5,Over-ear Headphones,audio,1,199.95,199.95,cancelled,2026-08-09T12:42:32+00:00
ORD-084483,5,5,Over-ear Headphones,audio,2,199.95,399.90,cancelled,2026-08-09T09:12:43+00:00
ORD-084484,3,3,27in 1440p Monitor,displays,1,319.99,319.99,cancelled,2026-08-09T09:42:19+00:00
ORD-084485,5,1,Mechanical Keyboard 75%,peripherals,1,129.00,129.00,pending,2026-08-09T21:06:35+00:00
ORD-084486,1,6,Desk Speakers Pair,audio,3,89.00,267.00,cancelled,2026-08-09T17:02:24+00:00
ORD-084487,6,1,Mechanical Keyboard 75%,peripherals,4,129.00,516.00,cancelled,2026-08-09T03:34:56+00:00
ORD-084488,4,10,Laptop Stand Aluminium,accessories,5,27.50,137.50,refunded,2026-08-09T21:30:37+00:00
ORD-084489,3,7,Standing Desk 120cm,furniture,2,449.00,898.00,completed,2026-08-09T10:50:11+00:00
ORD-084490,9,9,USB-C Hub 8-in-1,accessories,4,39.99,159.96,pending,2026-08-09T14:33:08+00:00
ORD-084491,8,8,Ergonomic Chair,furniture,2,612.75,1225.50,pending,2026-08-09T16:13:28+00:00
ORD-084492,8,2,Wireless Mouse,peripherals,4,49.50,198.00,completed,2026-08-09T00:11:52+00:00
ORD-084493,2,1,Mechanical Keyboard 75%,peripherals,2,129.00,258.00,cancelled,2026-08-09T11:23:12+00:00
ORD-084494,6,8,Ergonomic Chair,furniture,3,612.75,1838.25,refunded,2026-08-09T09:00:22+00:00
ORD-084495,7,7,Standing Desk 120cm,furniture,4,449.00,1796.00,completed,2026-08-09T15:14:49+00:00
ORD-084496,5,3,27in 1440p Monitor,displays,4,319.99,1279.96,refunded,2026-08-09T23:59:44+00:00
ORD-084497,2,9,USB-C Hub 8-in-1,accessories,3,39.99,119.97,refunded,2026-08-09T17:15:12+00:00
ORD-084498,10,10,Laptop Stand Aluminium,accessories,1,27.50,27.50,completed,2026-08-09T20:41:13+00:00
ORD-084499,8,6,Desk Speakers Pair,audio,4,89.00,356.00,pending,2026-08-09T18:39:46+00:00
ORD-084500,7,8,Ergonomic Chair,furniture,1,612.75,612.75,completed,2026-08-09T17:51:16+00:00
ORD-084501,8,9,USB-C Hub 8-in-1,accessories,3,39.99,119.97,refunded,2026-08-09T10:11:10+00:00
ORD-084502,7,8,Ergonomic Chair,furniture,4,612.75,2451.00,pending,2026-08-09T20:14:20+00:00
ORD-084503,3,8,Ergonomic Chair,furniture,5,612.75,3063.75,cancelled,2026-08-09T07:15:01+00:00
ORD-084504,1,2,Wireless Mouse,peripherals,2,49.50,99.00,pending,2026-08-09T09:50:34+00:00
ORD-084505,1,4,34in Ultrawide Monitor,displays,3,579.00,1737.00,refunded,2026-08-09T18:29:46+00:00
ORD-084506,7,4,34in Ultrawide Monitor,displays,5,579.00,2895.00,cancelled,2026-08-09T19:38:48+00:00
ORD-084507,4,9,USB-C Hub 8-in-1,accessories,3,39.99,119.97,refunded,2026-08-09T13:48:00+00:00
ORD-084508,2,10,Laptop Stand Aluminium,accessories,3,27.50,82.50,pending,2026-08-09T01:48:34+00:00
ORD-084509,8,1,Mechanical Keyboard 75%,peripherals,3,129.00,387.00,refunded,2026-08-09T10:43:30+00:00
ORD-084510,9,7,Standing Desk 120cm,furniture,2,449.00,898.00,pending,2026-08-09T13:05:47+00:00
ORD-084511,8,9,USB-C Hub 8-in-1,accessories,1,39.99,39.99,completed,2026-08-09T03:05:17+00:00
ORD-084512,7,4,34in Ultrawide Monitor,displays,5,579.00,2895.00,cancelled,2026-08-09T10:06:51+00:00
ORD-084513,2,9,USB-C Hub 8-in-1,accessories,3,39.99,119.97,cancelled,2026-08-09T02:28:45+00:00
ORD-084514,5,9,USB-C Hub 8-in-1,accessories,2,39.99,79.98,cancelled,2026-08-09T01:41:26+00:00
ORD-084515,10,4,34in Ultrawide Monitor,displays,1,579.00,579.00,completed,2026-08-09T20:34:16+00:00
ORD-084516,2,2,Wireless Mouse,peripherals,3,49.50,148.50,completed,2026-08-09T05:42:19+00:00
ORD-084517,9,5,Over-ear Headphones,audio,4,199.95,799.80,refunded,2026-08-09T11:11:47+00:00
ORD-084518,1,10,Laptop Stand Aluminium,accessories,2,27.50,55.00,completed,2026-08-09T16:16:46+00:00
ORD-084519,10,8,Ergonomic Chair,furniture,1,612.75,612.75,pending,2026-08-09T07:12:49+00:00
ORD-084520,8,9,USB-C Hub 8-in-1,accessories,1,39.99,39.99,refunded,2026-08-09T12:05:45+00:00
ORD-084521,7,7,Standing Desk 120cm,furniture,4,449.00,1796.00,pending,2026-08-09T01:32:10+00:00
ORD-084522,10,6,Desk Speakers Pair,audio,3,89.00,267.00,cancelled,2026-08-09T07:17:49+00:00
ORD-084523,2,8,Ergonomic Chair,furniture,5,612.75,3063.75,cancelled,2026-08-09T17:54:44+00:00
ORD-084524,7,6,Desk Speakers Pair,audio,1,89.00,89.00,cancelled,2026-08-09T19:05:00+00:00
ORD-084525,6,7,Standing Desk 120cm,furniture,2,449.00,898.00,completed,2026-08-09T12:55:48+00:00
ORD-084526,2,1,Mechanical Keyboard 75%,peripherals,3,129.00,387.00,refunded,2026-08-09T10:46:34+00:00
ORD-084527,9,8,Ergonomic Chair,furniture,2,612.75,1225.50,cancelled,2026-08-09T08:24:52+00:00
ORD-084528,2,9,USB-C Hub 8-in-1,accessories,5,39.99,199.95,cancelled,2026-08-09T01:25:35+00:00
ORD-084529,7,9,USB-C Hub 8-in-1,accessories,4,39.99,159.96,refunded,2026-08-09T00:00:45+00:00
ORD-084530,2,1,Mechanical Keyboard 75%,peripherals,4,129.00,516.00,completed,2026-08-09T14:07:50+00:00
ORD-084531,2,7,Standing Desk 120cm,furniture,3,449.00,1347.00,completed,2026-08-09T10:40:15+00:00
ORD-084532,5,9,USB-C Hub 8-in-1,accessories,2,39.99,79.98,refunded,2026-08-09T18:44:44+00:00
ORD-084533,7,5,Over-ear Headphones,audio,1,199.95,199.95,pending,2026-08-09T18:58:19+00:00
ORD-084534,6,4,34in Ultrawide Monitor,displays,3,579.00,1737.00,cancelled,2026-08-09T19:28:04+00:00
ORD-084535,7,4,34in Ultrawide Monitor,displays,5,579.00,2895.00,refunded,2026-08-09T05:00:02+00:00
ORD-084536,6,7,Standing Desk 120cm,furniture,3,449.00,1347.00,pending,2026-08-09T10:53:42+00:00
ORD-084537,1,3,27in 1440p Monitor,displays,4,319.99,1279.96,completed,2026-08-09T23:37:33+00:00
ORD-084538,10,6,Desk Speakers Pair,audio,2,89.00,178.00,cancelled,2026-08-09T19:07:36+00:00
ORD-084539,2,2,Wireless Mouse,peripherals,4,49.50,198.00,completed,2026-08-09T02:34:42+00:00
ORD-084540,10,4,34in Ultrawide Monitor,displays,1,579.00,579.00,cancelled,2026-08-09T17:50:14+00:00
ORD-084541,9,1,Mechanical Keyboard 75%,peripherals,2,129.00,258.00,completed,2026-08-09T03:11:17+00:00
ORD-084542,10,9,USB-C Hub 8-in-1,accessories,5,39.99,199.95,completed,2026-08-09T01:12:09+00:00
ORD-084543,4,6,Desk Speakers Pair,audio,2,89.00,178.00,pending,2026-08-09T12:19:54+00:00
ORD-084544,4,7,Standing Desk 120cm,furniture,4,449.00,1796.00,pending,2026-08-09T18:23:00+00:00
ORD-084545,5,2,Wireless Mouse,peripherals,5,49.50,247.50,cancelled,2026-08-09T03:45:15+00:00
ORD-084546,5,7,Standing Desk 120cm,furniture,3,449.00,1347.00,cancelled,2026-08-09T23:25:50+00:00
ORD-084547,8,3,27in 1440p Monitor,displays,4,319.99,1279.96,cancelled,2026-08-09T06:04:16+00:00
ORD-084548,2,2,Wireless Mouse,peripherals,1,49.50,49.50,cancelled,2026-08-09T01:59:39+00:00
ORD-084549,2,1,Mechanical Keyboard 75%,peripherals,1,129.00,129.00,cancelled,2026-08-09T07:58:40+00:00
ORD-084550,3,3,27in 1440p Monitor,displays,1,319.99,319.99,cancelled,2026-08-09T03:17:28+00:00
ORD-084551,10,8,Ergonomic Chair,furniture,2,612.75,1225.50,cancelled,2026-08-09T00:01:32+00:00
ORD-084552,9,3,27in 1440p Monitor,displays,5,319.99,1599.95,pending,2026-08-09T00:13:15+00:00
ORD-084553,9,1,Mechanical Keyboard 75%,peripherals,5,129.00,645.00,cancelled,2026-08-09T18:25:38+00:00
ORD-084554,8,8,Ergonomic Chair,furniture,2,612.75,1225.50,completed,2026-08-09T02:14:01+00:00
ORD-084555,5,5,Over-ear Headphones,audio,4,199.95,799.80,completed,2026-08-09T06:39:36+00:00
ORD-084556,4,8,Ergonomic Chair,furniture,4,612.75,2451.00,refunded,2026-08-09T13:37:13+00:00
ORD-084557,7,2,Wireless Mouse,peripherals,4,49.50,198.00,refunded,2026-08-09T16:31:47+00:00
ORD-084558,7,2,Wireless Mouse,peripherals,2,49.50,99.00,pending,2026-08-09T03:51:28+00:00
ORD-084559,3,10,Laptop Stand Aluminium,accessories,4,27.50,110.00,cancelled,2026-08-09T07:45:32+00:00
ORD-084560,2,10,Laptop Stand Aluminium,accessories,2,27.50,55.00,cancelled,2026-08-09T12:45:36+00:00
ORD-084561,4,3,27in 1440p Monitor,displays,5,319.99,1599.95,pending,2026-08-09T03:34:10+00:00
ORD-084562,2,5,Over-ear Headphones,audio,4,199.95,799.80,refunded,2026-08-09T02:42:18+00:00
ORD-084563,10,2,Wireless Mouse,peripherals,3,49.50,148.50,refunded,2026-08-09T13:56:04+00:00
ORD-084564,5,3,27in 1440p Monitor,displays,1,319.99,319.99,refunded,2026-08-09T12:09:27+00:00
ORD-084565,9,3,27in 1440p Monitor,displays,2,319.99,639.98,refunded,2026-08-09T07:11:00+00:00
ORD-084566,8,1,Mechanical Keyboard 75%,peripherals,5,129.00,645.00,completed,2026-08-09T09:10:22+00:00
ORD-084567,10,5,Over-ear Headphones,audio,3,199.95,599.85,refunded,2026-08-09T08:44:15+00:00
ORD-084568,1,4,34in Ultrawide Monitor,displays,1,579.00,579.00,refunded,2026-08-09T19:09:17+00:00
ORD-084569,1,2,Wireless Mouse,peripherals,4,49.50,198.00,completed,2026-08-09T14:24:57+00:00
ORD-084570,10,1,Mechanical Keyboard 75%,peripherals,4,129.00,516.00,cancelled,2026-08-09T20:13:04+00:00
ORD-084571,5,6,Desk Speakers Pair,audio,1,89.00,89.00,cancelled,2026-08-09T15:10:37+00:00
ORD-084572,7,4,34in Ultrawide Monitor,displays,5,579.00,2895.00,refunded,2026-08-09T12:21:49+00:00
ORD-084573,6,8,Ergonomic Chair,furniture,1,612.75,612.75,pending,2026-08-09T12:03:20+00:00
ORD-084574,1,8,Ergonomic Chair,furniture,5,612.75,3063.75,completed,2026-08-09T15:07:04+00:00
ORD-084575,5,7,Standing Desk 120cm,furniture,3,449.00,1347.00,cancelled,2026-08-09T11:52:45+00:00
ORD-084576,1,1,Mechanical Keyboard 75%,peripherals,1,129.00,129.00,cancelled,2026-08-09T12:10:19+00:00
ORD-084577,1,4,34in Ultrawide Monitor,displays,3,579.00,1737.00,completed,2026-08-09T20:25:17+00:00
ORD-084578,10,1,Mechanical Keyboard 75%,peripherals,3,129.00,387.00,pending,2026-08-09T22:39:52+00:00
ORD-084579,3,10,Laptop Stand Aluminium,accessories,3,27.50,82.50,completed,2026-08-09T16:37:38+00:00
ORD-084580,3,1,Mechanical Keyboard 75%,peripherals,5,129.00,645.00,refunded,2026-08-09T08:29:38+00:00
ORD-084581,2,6,Desk Speakers Pair,audio,4,89.00,356.00,completed,2026-08-09T13:59:36+00:00
ORD-084582,6,3,27in 1440p Monitor,displays,3,319.99,959.97,refunded,2026-08-09T06:30:52+00:00
ORD-084583,1,9,USB-C Hub 8-in-1,accessories,5,39.99,199.95,pending,2026-08-09T21:00:29+00:00
ORD-084584,4,3,27in 1440p Monitor,displays,5,319.99,1599.95,pending,2026-08-09T17:52:34+00:00
ORD-084585,6,9,USB-C Hub 8-in-1,accessories,1,39.99,39.99,completed,2026-08-09T19:16:07+00:00
ORD-084586,4,4,34in Ultrawide Monitor,displays,5,579.00,2895.00,refunded,2026-08-09T16:24:41+00:00
ORD-084587,6,1,Mechanical Keyboard 75%,peripherals,1,129.00,129.00,completed,2026-08-09T04:20:29+00:00
ORD-084588,5,5,Over-ear Headphones,audio,1,199.95,199.95,completed,2026-08-09T08:46:56+00:00
ORD-084589,4,8,Ergonomic Chair,furniture,1,612.75,612.75,cancelled,2026-08-09T16:01:49+00:00
ORD-084590,2,9,USB-C Hub 8-in-1,accessories,4,39.99,159.96,cancelled,2026-08-09T16:15:25+00:00
ORD-084591,8,1,Mechanical Keyboard 75%,peripherals,5,129.00,645.00,completed,2026-08-09T09:45:48+00:00
ORD-084592,4,2,Wireless Mouse,peripherals,2,49.50,99.00,completed,2026-08-09T22:24:27+00:00
ORD-084593,6,10,Laptop Stand Aluminium,accessories,1,27.50,27.50,pending,2026-08-09T09:54:30+00:00
ORD-084594,6,9,USB-C Hub 8-in-1,accessories,4,39.99,159.96,completed,2026-08-09T23:45:08+00:00
ORD-084595,4,5,Over-ear Headphones,audio,4,199.95,799.80,cancelled,2026-08-09T14:33:47+00:00
ORD-084596,8,10,Laptop Stand Aluminium,accessories,5,27.50,137.50,cancelled,2026-08-09T19:09:28+00:00
ORD-084597,5,3,27in 1440p Monitor,displays,5,319.99,1599.95,pending,2026-08-09T11:06:57+00:00
ORD-084598,8,9,USB-C Hub 8-in-1,accessories,4,39.99,159.96,refunded,2026-08-09T14:53:56+00:00
ORD-084599,8,2,Wireless Mouse,peripherals,5,49.50,247.50,cancelled,2026-08-09T03:41:19+00:00
ORD-084600,6,10,Laptop Stand Aluminium,accessories,3,27.50,82.50,cancelled,2026-08-09T13:50:30+00:00
ORD-084601,7,9,USB-C Hub 8-in-1,accessories,1,39.99,39.99,refunded,2026-08-09T20:32:33+00:00
ORD-084602,1,6,Desk Speakers Pair,audio,5,89.00,445.00,cancelled,2026-08-09T06:17:06+00:00
ORD-084603,2,3,27in 1440p Monitor,displays,3,319.99,959.97,refunded,2026-08-09T22:45:39+00:00
ORD-084604,6,5,Over-ear Headphones,audio,3,199.95,599.85,cancelled,2026-08-09T22:16:09+00:00
ORD-084605,4,8,Ergonomic Chair,furniture,3,612.75,1838.25,cancelled,2026-08-09T06:03:11+00:00
ORD-084606,5,7,Standing Desk 120cm,furniture,4,449.00,1796.00,pending,2026-08-09T04:03:55+00:00
ORD-084607,7,5,Over-ear Headphones,audio,3,199.95,599.85,cancelled,2026-08-09T12:21:56+00:00
ORD-084608,7,6,Desk Speakers Pair,audio,2,89.00,178.00,refunded,2026-08-09T08:35:28+00:00
ORD-084609,4,9,USB-C Hub 8-in-1,accessories,4,39.99,159.96,refunded,2026-08-09T09:51:31+00:00
ORD-084610,3,4,34in Ultrawide Monitor,displays,1,579.00,579.00,cancelled,2026-08-09T14:19:04+00:00
ORD-084611,8,7,Standing Desk 120cm,furniture,1,449.00,449.00,refunded,2026-08-09T05:10:42+00:00
ORD-084612,5,1,Mechanical Keyboard 75%,peripherals,5,129.00,645.00,completed,2026-08-09T23:05:02+00:00
ORD-084613,6,10,Laptop Stand Aluminium,accessories,1,27.50,27.50,refunded,2026-08-09T16:19:53+00:00
ORD-084614,6,2,Wireless Mouse,peripherals,2,49.50,99.00,pending,2026-08-09T17:51:40+00:00
ORD-084615,4,5,Over-ear Headphones,audio,5,199.95,999.75,refunded,2026-08-09T08:09:09+00:00
ORD-084616,2,4,34in Ultrawide Monitor,displays,5,579.00,2895.00,completed,2026-08-09T11:45:37+00:00
ORD-084617,2,1,Mechanical Keyboard 75%,peripherals,2,129.00,258.00,completed,2026-08-09T10:15:14+00:00
ORD-084618,5,8,Ergonomic Chair,furniture,1,612.75,612.75,refunded,2026-08-09T01:57:42+00:00
ORD-084619,1,8,Ergonomic Chair,furniture,4,612.75,2451.00,refunded,2026-08-09T02:05:30+00:00
ORD-084620,5,7,Standing Desk 120cm,furniture,3,449.00,1347.00,cancelled,2026-08-09T14:12:18+00:00
ORD-084621,3,9,USB-C Hub 8-in-1,accessories,1,39.99,39.99,pending,2026-08-09T15:19:41+00:00
ORD-084622,3,10,Laptop Stand Aluminium,accessories,2,27.50,55.00,completed,2026-08-09T14:52:21+00:00
ORD-084623,6,6,Desk Speakers Pair,audio,5,89.00,445.00,completed,2026-08-09T15:21:00+00:00
ORD-084624,10,5,Over-ear Headphones,audio,4,199.95,799.80,cancelled,2026-08-09T14:22:00+00:00
ORD-084625,9,6,Desk Speakers Pair,audio,2,89.00,178.00,completed,2026-08-09T04:55:17+00:00
ORD-084626,9,2,Wireless Mouse,peripherals,3,49.50,148.50,cancelled,2026-08-09T16:54:23+00:00
ORD-084627,5,7,Standing Desk 120cm,furniture,1,449.00,449.00,pending,2026-08-09T03:42:46+00:00
ORD-084628,8,1,Mechanical Keyboard 75%,peripherals,1,129.00,129.00,refunded,2026-08-09T11:23:53+00:00
ORD-084629,2,2,Wireless Mouse,peripherals,4,49.50,198.00,cancelled,2026-08-09T06:50:07+00:00
ORD-084630,8,1,Mechanical Keyboard 75%,peripherals,2,129.00,258.00,cancelled,2026-08-09T11:03:25+00:00
ORD-084631,1,2,Wireless Mouse,peripherals,2,49.50,99.00,cancelled,2026-08-09T03:14:53+00:00
ORD-084632,4,3,27in 1440p Monitor,displays,1,319.99,319.99,refunded,2026-08-09T02:07:49+00:00
ORD-084633,6,8,Ergonomic Chair,furniture,1,612.75,612.75,pending,2026-08-09T05:36:32+00:00
ORD-084634,3,9,USB-C Hub 8-in-1,accessories,3,39.99,119.97,pending,2026-08-09T19:17:37+00:00
ORD-084635,5,7,Standing Desk 120cm,furniture,3,449.00,1347.00,completed,2026-08-09T16:56:00+00:00
ORD-084636,5,6,Desk Speakers Pair,audio,4,89.00,356.00,refunded,2026-08-09T14:21:20+00:00
ORD-084637,1,6,Desk Speakers Pair,audio,1,89.00,89.00,completed,2026-08-09T18:02:26+00:00
ORD-084638,1,7,Standing Desk 120cm,furniture,3,449.00,1347.00,pending,2026-08-09T10:15:19+00:00
ORD-084639,7,7,Standing Desk 120cm,furniture,1,449.00,449.00,cancelled,2026-08-09T03:58:38+00:00
ORD-084640,8,5,Over-ear Headphones,audio,1,199.95,199.95,completed,2026-08-09T00:14:51+00:00
ORD-084641,4,1,Mechanical Keyboard 75%,peripherals,1,129.00,129.00,completed,2026-08-09T22:57:01+00:00
ORD-084642,6,4,34in Ultrawide Monitor,displays,2,579.00,1158.00,refunded,2026-08-09T05:09:02+00:00
ORD-084643,6,2,Wireless Mouse,peripherals,3,49.50,148.50,cancelled,2026-08-09T04:17:20+00:00
ORD-084644,3,1,Mechanical Keyboard 75%,peripherals,3,129.00,387.00,pending,2026-08-09T17:39:37+00:00
ORD-084645,5,3,27in 1440p Monitor,displays,1,319.99,319.99,completed,2026-08-09T21:46:19+00:00
ORD-084646,7,6,Desk Speakers Pair,audio,1,89.00,89.00,completed,2026-08-09T13:51:04+00:00
ORD-084647,9,5,Over-ear Headphones,audio,1,199.95,199.95,pending,2026-08-09T06:12:15+00:00
ORD-084648,5,9,USB-C Hub 8-in-1,accessories,4,39.99,159.96,pending,2026-08-09T09:38:14+00:00
ORD-084649,7,7,Standing Desk 120cm,furniture,3,449.00,1347.00,refunded,2026-08-09T07:16:13+00:00
ORD-084650,8,9,USB-C Hub 8-in-1,accessories,1,39.99,39.99,refunded,2026-08-09T10:55:36+00:00
ORD-084651,4,8,Ergonomic Chair,furniture,2,612.75,1225.50,cancelled,2026-08-09T06:00:20+00:00
ORD-084652,1,4,34in Ultrawide Monitor,displays,4,579.00,2316.00,cancelled,2026-08-09T07:08:34+00:00
ORD-084653,7,1,Mechanical Keyboard 75%,peripherals,2,129.00,258.00,pending,2026-08-09T06:22:27+00:00
ORD-084654,9,5,Over-ear Headphones,audio,2,199.95,399.90,completed,2026-08-09T00:33:24+00:00
ORD-084655,1,1,Mechanical Keyboard 75%,peripherals,3,129.00,387.00,refunded,2026-08-09T14:48:23+00:00
ORD-084656,2,5,Over-ear Headphones,audio,1,199.95,199.95,pending,2026-08-09T13:58:47+00:00
ORD-084657,3,1,Mechanical Keyboard 75%,peripherals,1,129.00,129.00,pending,2026-08-09T07:05:33+00:00
ORD-084658,3,5,Over-ear Headphones,audio,1,199.95,199.95,refunded,2026-08-09T06:48:01+00:00
ORD-084659,7,8,Ergonomic Chair,furniture,1,612.75,612.75,cancelled,2026-08-09T09:37:07+00:00
ORD-084660,1,7,Standing Desk 120cm,furniture,1,449.00,449.00,pending,2026-08-09T16:42:45+00:00
ORD-084661,8,6,Desk Speakers Pair,audio,3,89.00,267.00,cancelled,2026-08-09T14:14:13+00:00
ORD-084662,1,10,Laptop Stand Aluminium,accessories,5,27.50,137.50,completed,2026-08-09T00:06:39+00:00
ORD-084663,7,9,USB-C Hub 8-in-1,accessories,4,39.99,159.96,completed,2026-08-09T04:14:27+00:00
ORD-084664,5,10,Laptop Stand Aluminium,accessories,5,27.50,137.50,pending,2026-08-09T12:35:37+00:00
ORD-084665,8,4,34in Ultrawide Monitor,displays,3,579.00,1737.00,refunded,2026-08-09T17:03:21+00:00
ORD-084666,4,9,USB-C Hub 8-in-1,accessories,1,39.99,39.99,pending,2026-08-09T19:15:58+00:00
ORD-084667,6,10,Laptop Stand Aluminium,accessories,5,27.50,137.50,cancelled,2026-08-09T04:44:27+00:00
ORD-084668,8,10,Laptop Stand Aluminium,accessories,3,27.50,82.50,cancelled,2026-08-09T06:07:05+00:00
ORD-084669,3,2,Wireless Mouse,peripherals,3,49.50,148.50,refunded,2026-08-09T19:07:18+00:00
ORD-084670,2,8,Ergonomic Chair,furniture,1,612.75,612.75,cancelled,2026-08-09T06:28:35+00:00
ORD-084671,4,1,Mechanical Keyboard 75%,peripherals,1,129.00,129.00,completed,2026-08-09T14:41:12+00:00
ORD-084672,9,5,Over-ear Headphones,audio,3,199.95,599.85,completed,2026-08-09T06:00:17+00:00
ORD-084673,5,7,Standing Desk 120cm,furniture,2,449.00,898.00,refunded,2026-08-09T23:22:09+00:00
ORD-084674,2,10,Laptop Stand Aluminium,accessories,2,27.50,55.00,pending,2026-08-09T21:05:51+00:00
ORD-084675,10,9,USB-C Hub 8-in-1,accessories,5,39.99,199.95,cancelled,2026-08-09T11:38:23+00:00
ORD-084676,6,7,Standing Desk 120cm,furniture,5,449.00,2245.00,pending,2026-08-09T07:50:34+00:00
ORD-084677,5,8,Ergonomic Chair,furniture,4,612.75,2451.00,refunded,2026-08-09T01:28:18+00:00
ORD-084678,5,1,Mechanical Keyboard 75%,peripherals,3,129.00,387.00,refunded,2026-08-09T19:59:10+00:00
ORD-084679,3,3,27in 1440p Monitor,displays,5,319.99,1599.95,completed,2026-08-09T15:30:59+00:00
ORD-084680,8,1,Mechanical Keyboard 75%,peripherals,1,129.00,129.00,pending,2026-08-09T06:47:13+00:00
ORD-084681,1,6,Desk Speakers Pair,audio,4,89.00,356.00,pending,2026-08-09T01:49:18+00:00
ORD-084682,10,6,Desk Speakers Pair,audio,2,89.00,178.00,completed,2026-08-09T21:42:54+00:00
ORD-084683,1,8,Ergonomic Chair,furniture,5,612.75,3063.75,refunded,2026-08-09T16:48:09+00:00
ORD-084684,9,9,USB-C Hub 8-in-1,accessories,3,39.99,119.97,pending,2026-08-09T15:31:24+00:00
ORD-084685,1,9,USB-C Hub 8-in-1,accessories,2,39.99,79.98,pending,2026-08-09T19:58:11+00:00
ORD-084686,7,10,Laptop Stand Aluminium,accessories,5,27.50,137.50,pending,2026-08-09T00:12:03+00:00
ORD-084687,5,4,34in Ultrawide Monitor,displays,5,579.00,2895.00,completed,2026-08-09T14:27:59+00:00
ORD-084688,8,2,Wireless Mouse,peripherals,3,49.50,148.50,completed,2026-08-09T15:18:26+00:00
ORD-084689,3,10,Laptop Stand Aluminium,accessories,5,27.50,137.50,refunded,2026-08-09T07:47:05+00:00
ORD-084690,2,6,Desk Speakers Pair,audio,1,89.00,89.00,pending,2026-08-09T14:53:30+00:00
ORD-084691,5,2,Wireless Mouse,peripherals,1,49.50,49.50,refunded,2026-08-09T02:08:48+00:00
ORD-084692,2,10,Laptop Stand Aluminium,accessories,4,27.50,110.00,refunded,2026-08-09T17:00:33+00:00
ORD-084693,2,9,USB-C Hub 8-in-1,accessories,4,39.99,159.96,cancelled,2026-08-09T23:28:48+00:00
ORD-084694,6,3,27in 1440p Monitor,displays,4,319.99,1279.96,completed,2026-08-09T08:13:18+00:00
ORD-084695,8,6,Desk Speakers Pair,audio,2,89.00,178.00,refunded,2026-08-09T13:56:07+00:00
ORD-084696,6,6,Desk Speakers Pair,audio,3,89.00,267.00,cancelled,2026-08-09T16:08:20+00:00
ORD-084697,7,8,Ergonomic Chair,furniture,3,612.75,1838.25,pending,2026-08-09T07:50:14+00:00
ORD-084698,1,6,Desk Speakers Pair,audio,1,89.00,89.00,cancelled,2026-08-09T13:19:52+00:00
ORD-084699,8,3,27in 1440p Monitor,displays,5,319.99,1599.95,completed,2026-08-09T06:58:51+00:00
ORD-084700,3,1,Mechanical Keyboard 75%,peripherals,1,129.00,129.00,refunded,2026-08-09T14:27:33+00:00
ORD-084701,4,9,USB-C Hub 8-in-1,accessories,3,39.99,119.97,completed,2026-08-09T04:01:18+00:00
ORD-084702,1,7,Standing Desk 120cm,furniture,3,449.00,1347.00,pending,2026-08-09T12:18:24+00:00
ORD-084703,9,4,34in Ultrawide Monitor,displays,4,579.00,2316.00,cancelled,2026-08-09T01:41:25+00:00
ORD-084704,1,5,Over-ear Headphones,audio,3,199.95,599.85,completed,2026-08-09T13:55:16+00:00
ORD-084705,2,8,Ergonomic Chair,furniture,4,612.75,2451.00,pending,2026-08-09T09:02:55+00:00
ORD-084706,6,7,Standing Desk 120cm,furniture,3,449.00,1347.00,pending,2026-08-09T02:18:46+00:00
ORD-084707,7,3,27in 1440p Monitor,displays,1,319.99,319.99,refunded,2026-08-09T03:15:12+00:00
ORD-084708,8,8,Ergonomic Chair,furniture,3,612.75,1838.25,completed,2026-08-09T16:09:18+00:00
ORD-084709,1,1,Mechanical Keyboard 75%,peripherals,5,129.00,645.00,cancelled,2026-08-09T08:13:50+00:00
ORD-084710,3,10,Laptop Stand Aluminium,accessories,2,27.50,55.00,completed,2026-08-09T20:46:50+00:00
ORD-084711,8,2,Wireless Mouse,peripherals,4,49.50,198.00,completed,2026-08-09T03:03:26+00:00
ORD-084712,5,10,Laptop Stand Aluminium,accessories,5,27.50,137.50,refunded,2026-08-09T16:23:42+00:00
ORD-084713,10,6,Desk Speakers Pair,audio,5,89.00,445.00,pending,2026-08-09T16:24:07+00:00
ORD-084714,2,3,27in 1440p Monitor,displays,3,319.99,959.97,cancelled,2026-08-09T05:25:59+00:00
ORD-084715,10,10,Laptop Stand Aluminium,accessories,3,27.50,82.50,completed,2026-08-09T00:02:44+00:00
ORD-084716,10,1,Mechanical Keyboard 75%,peripherals,2,129.00,258.00,pending,2026-08-09T22:53:17+00:00
ORD-084717,8,10,Laptop Stand Aluminium,accessories,2,27.50,55.00,refunded,2026-08-09T01:40:36+00:00
ORD-084718,1,6,Desk Speakers Pair,audio,1,89.00,89.00,completed,2026-08-09T05:40:38+00:00
ORD-084719,4,2,Wireless Mouse,peripherals,4,49.50,198.00,completed,2026-08-09T14:19:35+00:00
ORD-084720,6,3,27in 1440p Monitor,displays,5,319.99,1599.95,completed,not-a-valid-date
ORD-084721,4,6,Desk Speakers Pair,audio,4,89.00,356.00,pending,2026-08-09T08:17:12+00:00
ORD-084722,4,10,Laptop Stand Aluminium,accessories,2,27.50,55.00,completed,2026-08-09T04:28:04+00:00
ORD-084723,4,3,27in 1440p Monitor,displays,2,319.99,639.98,refunded,2026-08-09T17:12:54+00:00
ORD-084724,5,9,USB-C Hub 8-in-1,accessories,5,39.99,199.95,cancelled,2026-08-09T16:31:53+00:00
ORD-084725,3,6,Desk Speakers Pair,audio,4,89.00,356.00,pending,2026-08-09T10:08:32+00:00
ORD-084726,9,7,Standing Desk 120cm,furniture,5,449.00,2245.00,refunded,2026-08-09T05:17:43+00:00
ORD-084727,2,2,Wireless Mouse,peripherals,3,49.50,148.50,completed,2026-08-09T19:41:24+00:00
ORD-084728,7,10,Laptop Stand Aluminium,accessories,3,27.50,82.50,refunded,2026-08-09T19:27:43+00:00
ORD-084729,5,7,Standing Desk 120cm,furniture,5,449.00,2245.00,pending,2026-08-09T19:06:45+00:00
ORD-084730,5,9,USB-C Hub 8-in-1,accessories,1,39.99,39.99,refunded,2026-08-09T20:19:48+00:00
ORD-084731,6,3,27in 1440p Monitor,displays,5,319.99,1599.95,pending,2026-08-09T17:46:36+00:00
ORD-084732,6,1,Mechanical Keyboard 75%,peripherals,1,129.00,129.00,pending,2026-08-09T23:01:18+00:00
ORD-084733,6,10,Laptop Stand Aluminium,accessories,3,27.50,82.50,pending,not-a-valid-date
ORD-084734,5,5,Over-ear Headphones,audio,5,199.95,999.75,completed,2026-08-09T15:36:29+00:00
ORD-084735,9,1,Mechanical Keyboard 75%,peripherals,1,129.00,129.00,cancelled,2026-08-09T06:29:17+00:00
ORD-084736,10,5,Over-ear Headphones,audio,2,199.95,399.90,cancelled,2026-08-09T19:02:10+00:00
ORD-084737,8,8,Ergonomic Chair,furniture,4,612.75,2451.00,cancelled,2026-08-09T02:17:38+00:00
ORD-084738,7,1,Mechanical Keyboard 75%,peripherals,3,129.00,387.00,cancelled,2026-08-09T14:05:45+00:00
ORD-084739,10,6,Desk Speakers Pair,audio,2,89.00,178.00,refunded,2026-08-09T13:31:09+00:00
ORD-084740,3,2,Wireless Mouse,peripherals,1,49.50,49.50,completed,2026-08-09T08:27:16+00:00
ORD-084741,1,9,USB-C Hub 8-in-1,accessories,4,39.99,159.96,refunded,2026-08-09T04:45:24+00:00
ORD-084742,7,10,Laptop Stand Aluminium,accessories,3,27.50,82.50,cancelled,2026-08-09T07:58:54+00:00
ORD-084743,6,8,Ergonomic Chair,furniture,1,612.75,612.75,cancelled,2026-08-09T20:51:59+00:00
ORD-084744,7,9,USB-C Hub 8-in-1,accessories,1,39.99,39.99,cancelled,2026-08-09T13:53:46+00:00
ORD-084745,2,6,Desk Speakers Pair,audio,5,89.00,445.00,pending,2026-08-09T18:54:49+00:00
ORD-084746,2,4,34in Ultrawide Monitor,displays,4,579.00,2316.00,completed,2026-08-09T05:35:02+00:00
ORD-084747,2,8,Ergonomic Chair,furniture,4,612.75,2451.00,pending,2026-08-09T08:20:44+00:00
ORD-084748,2,5,Over-ear Headphones,audio,1,199.95,199.95,refunded,2026-08-09T17:36:25+00:00
ORD-084749,6,5,Over-ear Headphones,audio,2,199.95,399.90,completed,2026-08-09T04:03:59+00:00
ORD-084750,7,10,Laptop Stand Aluminium,accessories,1,27.50,27.50,cancelled,2026-08-09T03:18:40+00:00
ORD-084751,9,4,34in Ultrawide Monitor,displays,3,579.00,1737.00,cancelled,2026-08-09T21:07:06+00:00
ORD-084752,9,1,Mechanical Keyboard 75%,peripherals,4,129.00,516.00,completed,2026-08-09T13:18:05+00:00
ORD-084753,3,4,34in Ultrawide Monitor,displays,4,579.00,2316.00,refunded,2026-08-09T09:32:46+00:00
ORD-084754,2,3,27in 1440p Monitor,displays,3,319.99,959.97,pending,2026-08-09T23:02:35+00:00
ORD-084755,4,10,Laptop Stand Aluminium,accessories,2,27.50,55.00,cancelled,2026-08-09T04:00:44+00:00
ORD-084756,4,8,Ergonomic Chair,furniture,2,612.75,1225.50,cancelled,2026-08-09T10:32:14+00:00
ORD-084757,7,5,Over-ear Headphones,audio,5,199.95,999.75,pending,2026-08-09T15:47:56+00:00
ORD-084758,7,1,Mechanical Keyboard 75%,peripherals,3,129.00,387.00,pending,2026-08-09T23:00:00+00:00
ORD-084759,7,10,Laptop Stand Aluminium,accessories,1,27.50,27.50,pending,2026-08-09T16:44:53+00:00
ORD-084760,4,5,Over-ear Headphones,audio,1,199.95,199.95,cancelled,2026-08-09T05:17:06+00:00
ORD-084761,7,1,Mechanical Keyboard 75%,peripherals,4,129.00,516.00,refunded,2026-08-09T10:54:25+00:00
ORD-084762,9,5,Over-ear Headphones,audio,4,199.95,799.80,refunded,2026-08-09T12:30:04+00:00
ORD-084763,9,9,USB-C Hub 8-in-1,accessories,1,39.99,39.99,cancelled,2026-08-09T20:42:43+00:00
ORD-084764,3,2,Wireless Mouse,peripherals,4,49.50,198.00,cancelled,2026-08-09T02:57:19+00:00
ORD-084765,4,3,27in 1440p Monitor,displays,5,319.99,1599.95,refunded,2026-08-09T06:10:17+00:00
ORD-084766,3,9,USB-C Hub 8-in-1,accessories,1,39.99,39.99,pending,2026-08-09T19:51:29+00:00
ORD-084767,7,4,34in Ultrawide Monitor,displays,4,579.00,2316.00,refunded,2026-08-09T02:02:54+00:00
ORD-084768,3,7,Standing Desk 120cm,furniture,2,449.00,898.00,completed,2026-08-09T05:12:24+00:00
ORD-084769,8,9,USB-C Hub 8-in-1,accessories,2,39.99,79.98,cancelled,2026-08-09T15:00:05+00:00
ORD-084770,9,1,Mechanical Keyboard 75%,peripherals,3,129.00,387.00,completed,2026-08-09T18:25:00+00:00
ORD-084771,2,4,34in Ultrawide Monitor,displays,3,579.00,1737.00,completed,2026-08-09T18:31:13+00:00
ORD-084772,10,6,Desk Speakers Pair,audio,1,89.00,89.00,refunded,2026-08-09T20:43:30+00:00
ORD-084773,7,5,Over-ear Headphones,audio,3,199.95,599.85,pending,2026-08-09T12:27:14+00:00
ORD-084774,2,3,27in 1440p Monitor,displays,4,319.99,1279.96,cancelled,2026-08-09T04:02:53+00:00
ORD-084775,9,7,Standing Desk 120cm,furniture,2,449.00,898.00,completed,2026-08-09T05:38:32+00:00
ORD-084776,1,2,Wireless Mouse,peripherals,3,49.50,148.50,cancelled,2026-08-09T05:01:38+00:00
ORD-084777,3,10,Laptop Stand Aluminium,accessories,4,27.50,110.00,refunded,2026-08-09T08:05:32+00:00
ORD-084778,8,1,Mechanical Keyboard 75%,peripherals,5,129.00,645.00,completed,2026-08-09T15:08:57+00:00
ORD-084779,3,10,Laptop Stand Aluminium,accessories,5,27.50,137.50,cancelled,2026-08-09T00:16:16+00:00
ORD-084780,4,7,Standing Desk 120cm,furniture,5,449.00,2245.00,completed,2026-08-09T23:58:36+00:00
ORD-084781,7,10,Laptop Stand Aluminium,accessories,3,27.50,82.50,cancelled,2026-08-09T01:23:21+00:00
ORD-084782,2,9,USB-C Hub 8-in-1,accessories,1,39.99,39.99,pending,2026-08-09T03:41:33+00:00
ORD-084783,7,8,Ergonomic Chair,furniture,1,612.75,612.75,cancelled,2026-08-09T22:09:06+00:00
ORD-084784,2,6,Desk Speakers Pair,audio,4,89.00,356.00,completed,2026-08-09T00:15:51+00:00
ORD-084785,6,4,34in Ultrawide Monitor,displays,2,579.00,1158.00,completed,2026-08-09T18:55:01+00:00
ORD-084786,9,1,Mechanical Keyboard 75%,peripherals,4,129.00,516.00,refunded,2026-08-09T01:44:54+00:00
ORD-084787,4,7,Standing Desk 120cm,furniture,5,449.00,2245.00,pending,2026-08-09T15:22:48+00:00
ORD-084788,9,1,Mechanical Keyboard 75%,peripherals,5,129.00,645.00,refunded,2026-08-09T05:56:52+00:00
ORD-084789,10,1,Mechanical Keyboard 75%,peripherals,2,129.00,258.00,pending,2026-08-09T22:29:31+00:00
ORD-084790,7,2,Wireless Mouse,peripherals,5,49.50,247.50,pending,2026-08-09T10:16:07+00:00
ORD-084791,10,6,Desk Speakers Pair,audio,5,89.00,445.00,pending,2026-08-09T06:27:05+00:00
ORD-084792,6,10,Laptop Stand Aluminium,accessories,4,27.50,110.00,cancelled,2026-08-09T18:13:54+00:00
ORD-084793,4,4,34in Ultrawide Monitor,displays,4,579.00,2316.00,cancelled,2026-08-09T22:05:59+00:00
ORD-084794,4,9,USB-C Hub 8-in-1,accessories,3,39.99,119.97,pending,2026-08-09T14:12:44+00:00
ORD-084795,9,2,Wireless Mouse,peripherals,4,49.50,198.00,completed,2026-08-09T10:30:36+00:00
ORD-084796,9,4,34in Ultrawide Monitor,displays,3,579.00,1737.00,completed,2026-08-09T13:27:40+00:00
ORD-084797,10,5,Over-ear Headphones,audio,4,199.95,799.80,refunded,2026-08-09T07:12:00+00:00
ORD-084798,7,1,Mechanical Keyboard 75%,peripherals,4,129.00,516.00,pending,2026-08-09T12:52:34+00:00
ORD-084799,8,2,Wireless Mouse,peripherals,4,49.50,198.00,cancelled,2026-08-09T08:12:00+00:00
ORD-084800,7,10,Laptop Stand Aluminium,accessories,1,27.50,27.50,cancelled,2026-08-09T11:59:06+00:00
ORD-084801,5,7,Standing Desk 120cm,furniture,3,449.00,1347.00,completed,2026-08-09T01:42:21+00:00
ORD-084802,10,1,Mechanical Keyboard 75%,peripherals,4,129.00,516.00,pending,2026-08-09T04:38:40+00:00
ORD-084803,5,10,Laptop Stand Aluminium,accessories,2,27.50,55.00,refunded,2026-08-09T11:59:58+00:00
ORD-084804,8,5,Over-ear Headphones,audio,1,199.95,199.95,cancelled,2026-08-09T15:56:09+00:00
ORD-084805,10,4,34in Ultrawide Monitor,displays,4,579.00,2316.00,cancelled,2026-08-09T05:03:30+00:00
ORD-084806,9,5,Over-ear Headphones,audio,1,199.95,199.95,pending,2026-08-09T05:57:44+00:00
ORD-084807,2,5,Over-ear Headphones,audio,4,199.95,799.80,completed,2026-08-09T17:17:34+00:00
ORD-084808,2,6,Desk Speakers Pair,audio,4,89.00,356.00,cancelled,2026-08-09T18:14:55+00:00
ORD-084809,8,2,Wireless Mouse,peripherals,5,49.50,247.50,cancelled,2026-08-09T04:13:07+00:00
ORD-084810,4,10,Laptop Stand Aluminium,accessories,1,27.50,27.50,refunded,2026-08-09T00:35:42+00:00
ORD-084811,5,5,Over-ear Headphones,audio,5,199.95,999.75,completed,2026-08-09T02:18:21+00:00
ORD-084812,9,8,Ergonomic Chair,furniture,1,612.75,612.75,refunded,2026-08-09T03:04:15+00:00
ORD-084813,6,1,Mechanical Keyboard 75%,peripherals,4,129.00,516.00,completed,2026-08-09T16:59:34+00:00
ORD-084814,3,9,USB-C Hub 8-in-1,accessories,2,39.99,79.98,refunded,2026-08-09T21:18:10+00:00
ORD-084815,5,8,Ergonomic Chair,furniture,3,612.75,1838.25,refunded,2026-08-09T12:55:29+00:00
ORD-084816,1,6,Desk Speakers Pair,audio,5,89.00,445.00,pending,2026-08-09T20:07:29+00:00
ORD-084817,6,7,Standing Desk 120cm,furniture,3,449.00,1347.00,refunded,2026-08-09T03:33:57+00:00
ORD-084818,6,9,USB-C Hub 8-in-1,accessories,5,39.99,199.95,refunded,2026-08-09T02:14:02+00:00
ORD-084819,3,4,34in Ultrawide Monitor,displays,2,579.00,1158.00,cancelled,2026-08-09T15:24:44+00:00
ORD-084820,1,5,Over-ear Headphones,audio,2,199.95,399.90,completed,2026-08-09T13:09:56+00:00
ORD-084821,5,5,Over-ear Headphones,audio,2,199.95,399.90,cancelled,2026-08-09T08:34:58+00:00
ORD-084822,4,7,Standing Desk 120cm,furniture,5,449.00,2245.00,cancelled,2026-08-09T13:55:53+00:00
ORD-084823,1,10,Laptop Stand Aluminium,accessories,1,27.50,27.50,completed,2026-08-09T09:09:00+00:00
ORD-084824,1,8,Ergonomic Chair,furniture,3,612.75,1838.25,cancelled,2026-08-09T15:22:06+00:00
ORD-084825,8,7,Standing Desk 120cm,furniture,1,449.00,449.00,completed,2026-08-09T19:50:15+00:00
ORD-084826,5,1,Mechanical Keyboard 75%,peripherals,5,129.00,645.00,cancelled,2026-08-09T15:51:44+00:00
ORD-084827,2,7,Standing Desk 120cm,furniture,5,449.00,2245.00,refunded,2026-08-09T21:13:37+00:00
ORD-084828,3,2,Wireless Mouse,peripherals,5,49.50,247.50,refunded,2026-08-09T02:49:06+00:00
ORD-084829,6,2,Wireless Mouse,peripherals,2,49.50,99.00,cancelled,2026-08-09T11:26:47+00:00
ORD-084830,5,1,Mechanical Keyboard 75%,peripherals,5,129.00,645.00,cancelled,2026-08-09T21:40:05+00:00
ORD-084831,2,9,USB-C Hub 8-in-1,accessories,5,39.99,199.95,completed,2026-08-09T02:20:48+00:00
ORD-084832,3,9,USB-C Hub 8-in-1,accessories,1,39.99,39.99,cancelled,2026-08-09T07:19:48+00:00
ORD-084833,3,4,34in Ultrawide Monitor,displays,4,579.00,2316.00,completed,2026-08-09T19:49:23+00:00
ORD-084834,8,7,Standing Desk 120cm,furniture,2,449.00,898.00,cancelled,2026-08-09T13:42:09+00:00
ORD-084835,8,1,Mechanical Keyboard 75%,peripherals,5,129.00,645.00,refunded,2026-08-09T06:51:40+00:00
ORD-084836,9,2,Wireless Mouse,peripherals,3,49.50,148.50,cancelled,2026-08-09T03:27:40+00:00
ORD-084837,7,2,Wireless Mouse,peripherals,4,49.50,198.00,cancelled,2026-08-09T09:55:14+00:00
ORD-084838,8,9,USB-C Hub 8-in-1,accessories,3,39.99,119.97,pending,2026-08-09T03:01:15+00:00
ORD-084839,7,5,Over-ear Headphones,audio,2,199.95,399.90,completed,2026-08-09T12:28:53+00:00
ORD-084840,3,5,Over-ear Headphones,audio,4,199.95,799.80,cancelled,2026-08-09T00:41:17+00:00
ORD-084841,3,5,Over-ear Headphones,audio,1,199.95,199.95,refunded,2026-08-09T10:02:50+00:00
ORD-084842,8,5,Over-ear Headphones,audio,4,199.95,799.80,cancelled,2026-08-09T02:22:53+00:00
ORD-084843,9,7,Standing Desk 120cm,furniture,2,449.00,898.00,refunded,2026-08-09T13:36:37+00:00
ORD-084844,3,8,Ergonomic Chair,furniture,1,612.75,612.75,cancelled,2026-08-09T23:43:06+00:00
ORD-084845,1,6,Desk Speakers Pair,audio,2,89.00,178.00,refunded,2026-08-09T20:43:00+00:00
ORD-084846,10,2,Wireless Mouse,peripherals,2,49.50,99.00,refunded,2026-08-09T19:12:30+00:00
ORD-084847,7,8,Ergonomic Chair,furniture,3,612.75,1838.25,refunded,2026-08-09T21:55:04+00:00
ORD-084848,5,10,Laptop Stand Aluminium,accessories,4,27.50,110.00,completed,2026-08-09T08:57:11+00:00
ORD-084849,6,1,Mechanical Keyboard 75%,peripherals,2,129.00,258.00,refunded,2026-08-09T03:11:17+00:00
ORD-084850,2,3,27in 1440p Monitor,displays,1,319.99,319.99,pending,2026-08-09T15:55:42+00:00
ORD-084851,3,4,34in Ultrawide Monitor,displays,2,579.00,1158.00,refunded,2026-08-09T10:08:46+00:00
ORD-084852,8,3,27in 1440p Monitor,displays,3,319.99,959.97,completed,2026-08-09T18:54:29+00:00
ORD-084853,6,4,34in Ultrawide Monitor,displays,5,579.00,2895.00,completed,2026-08-09T20:56:09+00:00
ORD-084854,9,1,Mechanical Keyboard 75%,peripherals,1,129.00,129.00,completed,2026-08-09T11:53:10+00:00
ORD-084855,3,7,Standing Desk 120cm,furniture,4,449.00,1796.00,refunded,2026-08-09T18:16:12+00:00
ORD-084856,4,7,Standing Desk 120cm,furniture,5,449.00,2245.00,refunded,2026-08-09T23:03:21+00:00
ORD-084857,6,7,Standing Desk 120cm,furniture,2,449.00,898.00,cancelled,2026-08-09T03:41:31+00:00
ORD-084858,2,2,Wireless Mouse,peripherals,5,49.50,247.50,completed,2026-08-09T03:37:16+00:00
ORD-084859,3,2,Wireless Mouse,peripherals,4,49.50,198.00,pending,2026-08-09T01:58:08+00:00
ORD-084860,3,10,Laptop Stand Aluminium,accessories,3,27.50,82.50,completed,2026-08-09T16:58:22+00:00
ORD-084861,6,6,Desk Speakers Pair,audio,1,89.00,89.00,completed,2026-08-09T22:04:19+00:00
ORD-084862,2,3,27in 1440p Monitor,displays,4,319.99,1279.96,pending,2026-08-09T08:47:18+00:00
ORD-084863,1,10,Laptop Stand Aluminium,accessories,2,27.50,55.00,cancelled,2026-08-09T12:21:01+00:00
ORD-084864,1,6,Desk Speakers Pair,audio,1,89.00,89.00,refunded,2026-08-09T09:15:27+00:00
ORD-084865,10,7,Standing Desk 120cm,furniture,1,449.00,449.00,refunded,2026-08-09T06:57:23+00:00
ORD-084866,2,9,USB-C Hub 8-in-1,accessories,5,39.99,199.95,refunded,2026-08-09T11:16:14+00:00
ORD-084867,2,10,Laptop Stand Aluminium,accessories,5,27.50,137.50,cancelled,2026-08-09T02:44:56+00:00
ORD-084868,5,10,Laptop Stand Aluminium,accessories,3,27.50,82.50,refunded,2026-08-09T13:07:45+00:00
ORD-084869,6,5,Over-ear Headphones,audio,3,199.95,599.85,pending,2026-08-09T13:07:27+00:00
ORD-084870,5,6,Desk Speakers Pair,audio,5,89.00,445.00,pending,2026-08-09T00:03:07+00:00
ORD-084871,1,3,27in 1440p Monitor,displays,4,319.99,1279.96,refunded,2026-08-09T09:40:03+00:00
ORD-084872,9,9,USB-C Hub 8-in-1,accessories,5,39.99,199.95,pending,2026-08-09T16:43:56+00:00
ORD-084873,10,6,Desk Speakers Pair,audio,3,89.00,267.00,pending,2026-08-09T15:01:07+00:00
ORD-084874,6,8,Ergonomic Chair,furniture,5,612.75,3063.75,cancelled,2026-08-09T00:14:34+00:00
ORD-084875,9,8,Ergonomic Chair,furniture,5,612.75,3063.75,completed,2026-08-09T17:06:19+00:00
ORD-084876,5,7,Standing Desk 120cm,furniture,5,449.00,2245.00,refunded,2026-08-09T10:48:57+00:00
ORD-084877,4,3,27in 1440p Monitor,displays,4,319.99,1279.96,refunded,2026-08-09T07:17:04+00:00
ORD-084878,1,3,27in 1440p Monitor,displays,2,319.99,639.98,refunded,2026-08-09T16:25:57+00:00
ORD-084879,8,2,Wireless Mouse,peripherals,5,49.50,247.50,completed,2026-08-09T00:37:11+00:00
ORD-084880,9,1,Mechanical Keyboard 75%,peripherals,3,129.00,387.00,refunded,2026-08-09T15:56:13+00:00
ORD-084881,9,2,Wireless Mouse,peripherals,3,49.50,148.50,refunded,2026-08-09T11:21:15+00:00
ORD-084882,8,7,Standing Desk 120cm,furniture,3,449.00,1347.00,cancelled,2026-08-09T20:40:20+00:00
ORD-084883,3,9,USB-C Hub 8-in-1,accessories,3,39.99,119.97,pending,2026-08-09T15:58:59+00:00
ORD-084884,1,5,Over-ear Headphones,audio,3,199.95,599.85,cancelled,2026-08-09T01:02:39+00:00
ORD-084885,4,1,Mechanical Keyboard 75%,peripherals,5,129.00,645.00,completed,2026-08-09T14:00:32+00:00
ORD-084886,4,6,Desk Speakers Pair,audio,1,89.00,89.00,cancelled,2026-08-09T02:23:32+00:00
ORD-084887,9,6,Desk Speakers Pair,audio,3,89.00,267.00,refunded,2026-08-09T06:31:14+00:00
ORD-084888,2,9,USB-C Hub 8-in-1,accessories,5,39.99,199.95,refunded,2026-08-09T05:47:17+00:00
ORD-084889,6,10,Laptop Stand Aluminium,accessories,4,27.50,110.00,pending,2026-08-09T07:13:54+00:00
ORD-084890,7,7,Standing Desk 120cm,furniture,5,449.00,2245.00,completed,2026-08-09T12:51:11+00:00
ORD-084891,6,4,34in Ultrawide Monitor,displays,5,579.00,2895.00,completed,2026-08-09T14:27:07+00:00
ORD-084892,9,6,Desk Speakers Pair,audio,3,89.00,267.00,refunded,2026-08-09T12:03:38+00:00
ORD-084893,5,2,Wireless Mouse,peripherals,4,49.50,198.00,completed,2026-08-09T07:13:50+00:00
ORD-084894,7,7,Standing Desk 120cm,furniture,2,449.00,898.00,pending,2026-08-09T02:07:37+00:00
ORD-084895,9,10,Laptop Stand Aluminium,accessories,3,27.50,82.50,completed,2026-08-09T20:44:16+00:00
ORD-084896,8,3,27in 1440p Monitor,displays,1,319.99,319.99,pending,2026-08-09T12:41:38+00:00
ORD-084897,2,10,Laptop Stand Aluminium,accessories,5,27.50,137.50,cancelled,2026-08-09T17:59:30+00:00
ORD-084898,10,3,27in 1440p Monitor,displays,2,319.99,639.98,cancelled,2026-08-09T04:34:52+00:00
ORD-084899,1,7,Standing Desk 120cm,furniture,5,449.00,2245.00,pending,2026-08-09T20:58:44+00:00
ORD-084900,1,3,27in 1440p Monitor,displays,2,319.99,639.98,refunded,2026-08-09T10:31:35+00:00
ORD-084901,1,9,USB-C Hub 8-in-1,accessories,5,39.99,199.95,pending,2026-08-09T17:53:20+00:00
ORD-084902,8,2,Wireless Mouse,peripherals,3,49.50,148.50,refunded,2026-08-09T00:53:02+00:00
ORD-084903,9,10,Laptop Stand Aluminium,accessories,4,27.50,110.00,pending,2026-08-09T19:07:20+00:00
ORD-084904,8,7,Standing Desk 120cm,furniture,3,449.00,1347.00,refunded,2026-08-09T20:16:01+00:00
ORD-084905,2,3,27in 1440p Monitor,displays,1,319.99,319.99,pending,2026-08-09T11:45:26+00:00
ORD-084906,10,7,Standing Desk 120cm,furniture,1,449.00,449.00,cancelled,2026-08-09T09:57:27+00:00
ORD-084907,2,5,Over-ear Headphones,audio,5,199.95,999.75,refunded,2026-08-09T14:08:30+00:00
ORD-084908,3,1,Mechanical Keyboard 75%,peripherals,2,129.00,258.00,cancelled,2026-08-09T00:48:41+00:00
ORD-084909,9,7,Standing Desk 120cm,furniture,5,449.00,2245.00,refunded,2026-08-09T23:21:44+00:00
ORD-084910,3,1,Mechanical Keyboard 75%,peripherals,5,129.00,645.00,completed,2026-08-09T20:38:10+00:00
ORD-084911,1,2,Wireless Mouse,peripherals,3,49.50,148.50,cancelled,2026-08-09T20:36:22+00:00
ORD-084912,8,9,USB-C Hub 8-in-1,accessories,3,39.99,119.97,completed,2026-08-09T04:13:35+00:00
ORD-084913,6,2,Wireless Mouse,peripherals,1,49.50,49.50,refunded,2026-08-09T01:39:54+00:00
ORD-084914,8,7,Standing Desk 120cm,furniture,3,449.00,1347.00,completed,2026-08-09T08:01:07+00:00
ORD-084915,6,4,34in Ultrawide Monitor,displays,5,579.00,2895.00,refunded,2026-08-09T08:16:22+00:00
ORD-084916,1,6,Desk Speakers Pair,audio,5,89.00,445.00,completed,2026-08-09T18:14:41+00:00
ORD-084917,1,8,Ergonomic Chair,furniture,2,612.75,1225.50,cancelled,2026-08-09T09:20:11+00:00
ORD-084918,5,7,Standing Desk 120cm,furniture,1,449.00,449.00,refunded,2026-08-09T13:17:46+00:00
ORD-084919,3,1,Mechanical Keyboard 75%,peripherals,2,129.00,258.00,refunded,2026-08-09T18:08:55+00:00
ORD-084920,5,10,Laptop Stand Aluminium,accessories,2,27.50,55.00,completed,2026-08-09T20:55:31+00:00
ORD-084921,2,8,Ergonomic Chair,furniture,4,612.75,2451.00,completed,2026-08-09T04:52:56+00:00
ORD-084922,10,10,Laptop Stand Aluminium,accessories,2,27.50,55.00,refunded,2026-08-09T23:16:49+00:00
ORD-084923,10,8,Ergonomic Chair,furniture,2,612.75,1225.50,pending,2026-08-09T11:24:18+00:00
ORD-084924,8,1,Mechanical Keyboard 75%,peripherals,5,129.00,645.00,pending,2026-08-09T16:38:32+00:00
ORD-084925,1,4,34in Ultrawide Monitor,displays,4,579.00,2316.00,refunded,2026-08-09T05:42:41+00:00
ORD-084926,7,7,Standing Desk 120cm,furniture,3,449.00,1347.00,cancelled,2026-08-09T08:12:10+00:00
ORD-084927,5,9,USB-C Hub 8-in-1,accessories,3,39.99,119.97,pending,2026-08-09T08:04:40+00:00
ORD-084928,9,1,Mechanical Keyboard 75%,peripherals,3,129.00,387.00,pending,2026-08-09T07:20:03+00:00
ORD-084929,5,8,Ergonomic Chair,furniture,3,612.75,1838.25,cancelled,2026-08-09T19:06:07+00:00
ORD-084930,1,7,Standing Desk 120cm,furniture,3,449.00,1347.00,cancelled,2026-08-09T11:10:12+00:00
ORD-084931,2,2,Wireless Mouse,peripherals,4,49.50,198.00,refunded,2026-08-09T07:06:20+00:00
ORD-084932,3,7,Standing Desk 120cm,furniture,5,449.00,2245.00,completed,2026-08-09T22:50:26+00:00
ORD-084933,1,4,34in Ultrawide Monitor,displays,1,579.00,579.00,cancelled,2026-08-09T10:03:18+00:00
ORD-084934,4,9,USB-C Hub 8-in-1,accessories,1,39.99,39.99,pending,2026-08-09T12:21:18+00:00
ORD-084935,1,8,Ergonomic Chair,furniture,1,612.75,612.75,refunded,2026-08-09T05:51:55+00:00
ORD-084936,4,5,Over-ear Headphones,audio,5,199.95,999.75,refunded,2026-08-09T09:05:00+00:00
ORD-084937,2,2,Wireless Mouse,peripherals,2,49.50,99.00,cancelled,2026-08-09T05:24:06+00:00
ORD-084938,2,9,USB-C Hub 8-in-1,accessories,4,39.99,159.96,cancelled,2026-08-09T09:24:43+00:00
ORD-084939,10,1,Mechanical Keyboard 75%,peripherals,3,129.00,387.00,cancelled,2026-08-09T17:36:45+00:00
ORD-084940,1,7,Standing Desk 120cm,furniture,2,449.00,898.00,pending,2026-08-09T22:07:36+00:00
ORD-084941,9,6,Desk Speakers Pair,audio,1,89.00,89.00,refunded,2026-08-09T10:43:26+00:00
ORD-084942,9,6,Desk Speakers Pair,audio,3,89.00,267.00,pending,2026-08-09T05:52:20+00:00
ORD-084943,3,4,34in Ultrawide Monitor,displays,5,579.00,2895.00,refunded,2026-08-09T00:24:37+00:00
ORD-084944,8,8,Ergonomic Chair,furniture,5,612.75,3063.75,pending,2026-08-09T04:14:19+00:00
ORD-084945,1,3,27in 1440p Monitor,displays,1,319.99,319.99,refunded,2026-08-09T16:46:46+00:00
ORD-084946,5,8,Ergonomic Chair,furniture,4,612.75,2451.00,completed,2026-08-09T22:46:18+00:00
ORD-084947,4,10,Laptop Stand Aluminium,accessories,4,27.50,110.00,completed,2026-08-09T07:23:15+00:00
ORD-084948,1,7,Standing Desk 120cm,furniture,2,449.00,898.00,cancelled,2026-08-09T09:23:44+00:00
ORD-084949,2,4,34in Ultrawide Monitor,displays,4,579.00,2316.00,refunded,2026-08-09T19:29:28+00:00
ORD-084950,6,5,Over-ear Headphones,audio,2,199.95,399.90,pending,2026-08-09T00:21:16+00:00
ORD-084951,2,5,Over-ear Headphones,audio,5,199.95,999.75,cancelled,2026-08-09T15:54:45+00:00
ORD-084952,4,4,34in Ultrawide Monitor,displays,5,579.00,2895.00,refunded,2026-08-09T20:05:44+00:00
ORD-084953,9,7,Standing Desk 120cm,furniture,5,449.00,2245.00,pending,2026-08-09T18:40:57+00:00
ORD-084954,5,7,Standing Desk 120cm,furniture,3,449.00,1347.00,completed,2026-08-09T22:25:02+00:00
ORD-084955,10,3,27in 1440p Monitor,displays,3,319.99,959.97,cancelled,2026-08-09T08:52:38+00:00
ORD-084956,9,7,Standing Desk 120cm,furniture,2,449.00,898.00,completed,2026-08-09T04:07:34+00:00
ORD-084957,2,9,USB-C Hub 8-in-1,accessories,2,39.99,79.98,pending,2026-08-09T19:11:25+00:00
ORD-084958,3,2,Wireless Mouse,peripherals,4,49.50,198.00,refunded,2026-08-09T16:55:49+00:00
ORD-084959,6,10,Laptop Stand Aluminium,accessories,2,27.50,55.00,pending,2026-08-09T08:01:32+00:00
ORD-084960,8,7,Standing Desk 120cm,furniture,1,449.00,449.00,cancelled,2026-08-09T01:41:20+00:00
ORD-084961,8,4,34in Ultrawide Monitor,displays,4,579.00,2316.00,completed,2026-08-09T22:08:28+00:00
ORD-084962,6,9,USB-C Hub 8-in-1,accessories,4,39.99,159.96,pending,2026-08-09T03:59:32+00:00
ORD-084963,10,4,34in Ultrawide Monitor,displays,3,579.00,1737.00,cancelled,2026-08-09T11:54:18+00:00
ORD-084964,8,3,27in 1440p Monitor,displays,5,319.99,1599.95,refunded,2026-08-09T18:22:55+00:00
ORD-084965,8,10,Laptop Stand Aluminium,accessories,5,27.50,137.50,completed,2026-08-09T12:33:44+00:00
ORD-084966,6,7,Standing Desk 120cm,furniture,1,449.00,449.00,refunded,2026-08-09T23:13:07+00:00
ORD-084967,3,8,Ergonomic Chair,furniture,2,612.75,1225.50,pending,2026-08-09T04:33:32+00:00
ORD-084968,9,10,Laptop Stand Aluminium,accessories,1,27.50,27.50,cancelled,2026-08-09T14:23:28+00:00
ORD-084969,2,10,Laptop Stand Aluminium,accessories,3,27.50,82.50,refunded,2026-08-09T12:34:42+00:00
ORD-084970,2,6,Desk Speakers Pair,audio,1,89.00,89.00,refunded,2026-08-09T12:22:57+00:00
ORD-084971,8,4,34in Ultrawide Monitor,displays,3,579.00,1737.00,refunded,2026-08-09T12:29:16+00:00
ORD-084972,5,4,34in Ultrawide Monitor,displays,5,579.00,2895.00,refunded,2026-08-09T08:28:17+00:00
ORD-084973,8,5,Over-ear Headphones,audio,2,199.95,399.90,cancelled,2026-08-09T05:07:49+00:00
ORD-084974,7,8,Ergonomic Chair,furniture,5,612.75,3063.75,cancelled,2026-08-09T22:02:15+00:00
ORD-084975,9,2,Wireless Mouse,peripherals,2,49.50,99.00,refunded,2026-08-09T06:23:19+00:00
ORD-084976,8,5,Over-ear Headphones,audio,2,199.95,399.90,completed,2026-08-09T20:34:23+00:00
ORD-084977,10,3,27in 1440p Monitor,displays,1,319.99,319.99,completed,2026-08-09T02:20:58+00:00
ORD-084978,4,2,Wireless Mouse,peripherals,5,49.50,247.50,cancelled,2026-08-09T22:11:54+00:00
ORD-084979,1,10,Laptop Stand Aluminium,accessories,3,27.50,82.50,pending,2026-08-09T09:40:03+00:00
ORD-084980,10,1,Mechanical Keyboard 75%,peripherals,1,129.00,129.00,completed,2026-08-09T10:05:26+00:00
ORD-084981,1,10,Laptop Stand Aluminium,accessories,5,27.50,137.50,completed,2026-08-09T13:20:51+00:00
ORD-084982,7,10,Laptop Stand Aluminium,accessories,5,27.50,137.50,completed,2026-08-09T16:58:10+00:00
ORD-084983,4,4,34in Ultrawide Monitor,displays,5,579.00,2895.00,pending,2026-08-09T21:13:46+00:00
ORD-084984,3,5,Over-ear Headphones,audio,4,199.95,799.80,pending,2026-08-09T06:19:18+00:00
ORD-084985,3,3,27in 1440p Monitor,displays,2,319.99,639.98,completed,2026-08-09T17:02:31+00:00
ORD-084986,8,2,Wireless Mouse,peripherals,1,49.50,49.50,refunded,2026-08-09T02:16:01+00:00
ORD-084987,4,6,Desk Speakers Pair,audio,1,89.00,89.00,pending,2026-08-09T01:44:32+00:00
ORD-084988,7,10,Laptop Stand Aluminium,accessories,1,27.50,27.50,pending,2026-08-09T16:55:03+00:00
ORD-084989,5,8,Ergonomic Chair,furniture,3,612.75,1838.25,cancelled,2026-08-09T22:08:47+00:00
ORD-084990,7,2,Wireless Mouse,peripherals,3,49.50,148.50,completed,2026-08-09T15:17:37+00:00
ORD-084991,10,10,Laptop Stand Aluminium,accessories,4,27.50,110.00,pending,2026-08-09T04:35:37+00:00
ORD-084992,1,6,Desk Speakers Pair,audio,3,89.00,267.00,refunded,2026-08-09T16:12:34+00:00
ORD-084993,7,6,Desk Speakers Pair,audio,3,89.00,267.00,cancelled,2026-08-09T14:42:33+00:00
ORD-084994,4,2,Wireless Mouse,peripherals,3,49.50,148.50,cancelled,2026-08-09T21:46:55+00:00
ORD-084995,4,2,Wireless Mouse,peripherals,2,49.50,99.00,pending,2026-08-09T17:52:51+00:00
ORD-084996,5,3,27in 1440p Monitor,displays,4,319.99,1279.96,refunded,2026-08-09T19:01:13+00:00
ORD-084997,1,4,34in Ultrawide Monitor,displays,3,579.00,1737.00,completed,2026-08-09T17:09:28+00:00
ORD-084998,9,3,27in 1440p Monitor,displays,4,319.99,1279.96,cancelled,2026-08-09T04:18:26+00:00
ORD-084999,10,2,Wireless Mouse,peripherals,5,49.50,247.50,pending,2026-08-09T21:26:39+00:00
ORD-085000,3,1,Mechanical Keyboard 75%,peripherals,4,129.00,516.00,cancelled,2026-08-09T11:15:48+00:00
ORD-085001,7,5,Over-ear Headphones,audio,5,199.95,999.75,cancelled,2026-08-09T09:25:17+00:00
ORD-085002,1,5,Over-ear Headphones,audio,1,199.95,199.95,refunded,2026-08-09T04:28:10+00:00
ORD-085003,4,5,Over-ear Headphones,audio,5,199.95,999.75,pending,2026-08-09T12:34:01+00:00
ORD-085004,3,1,Mechanical Keyboard 75%,peripherals,3,129.00,387.00,pending,2026-08-09T21:51:30+00:00
ORD-085005,8,1,Mechanical Keyboard 75%,peripherals,3,129.00,387.00,cancelled,2026-08-09T21:40:58+00:00
ORD-085006,9,4,34in Ultrawide Monitor,displays,3,579.00,1737.00,pending,2026-08-09T13:06:07+00:00
ORD-085007,7,4,34in Ultrawide Monitor,displays,2,579.00,1158.00,pending,2026-08-09T20:47:19+00:00
ORD-085008,10,4,34in Ultrawide Monitor,displays,2,579.00,1158.00,completed,2026-08-09T05:27:18+00:00
ORD-085009,6,4,34in Ultrawide Monitor,displays,3,579.00,1737.00,pending,2026-08-09T11:06:42+00:00
ORD-085010,5,2,Wireless Mouse,peripherals,4,49.50,198.00,cancelled,2026-08-09T10:52:31+00:00
ORD-085011,7,9,USB-C Hub 8-in-1,accessories,2,39.99,79.98,cancelled,2026-08-09T18:04:48+00:00
ORD-085012,4,7,Standing Desk 120cm,furniture,2,449.00,898.00,pending,2026-08-09T23:34:18+00:00
ORD-085013,8,8,Ergonomic Chair,furniture,3,612.75,1838.25,completed,2026-08-09T08:26:09+00:00
ORD-085014,6,5,Over-ear Headphones,audio,4,199.95,799.80,cancelled,2026-08-09T04:54:16+00:00
ORD-085015,5,6,Desk Speakers Pair,audio,4,89.00,356.00,cancelled,2026-08-09T09:42:03+00:00
ORD-085016,2,3,27in 1440p Monitor,displays,3,319.99,959.97,cancelled,2026-08-09T08:16:22+00:00
ORD-085017,7,8,Ergonomic Chair,furniture,3,612.75,1838.25,cancelled,2026-08-09T13:55:13+00:00
ORD-085018,7,2,Wireless Mouse,peripherals,2,49.50,99.00,completed,2026-08-09T19:04:02+00:00
ORD-085019,9,8,Ergonomic Chair,furniture,2,612.75,1225.50,completed,2026-08-09T04:20:24+00:00
ORD-085020,8,1,Mechanical Keyboard 75%,peripherals,1,129.00,129.00,completed,2026-08-09T18:37:04+00:00
ORD-085021,9,5,Over-ear Headphones,audio,3,199.95,599.85,cancelled,2026-08-09T01:50:36+00:00
ORD-085022,6,10,Laptop Stand Aluminium,accessories,3,27.50,82.50,completed,2026-08-09T03:20:14+00:00
ORD-085023,8,2,Wireless Mouse,peripherals,4,49.50,198.00,cancelled,2026-08-09T05:14:00+00:00
ORD-085024,1,3,27in 1440p Monitor,displays,3,319.99,959.97,pending,2026-08-09T23:52:23+00:00
ORD-085025,5,2,Wireless Mouse,peripherals,4,49.50,198.00,refunded,2026-08-09T09:39:46+00:00
ORD-085026,10,10,Laptop Stand Aluminium,accessories,1,27.50,27.50,completed,2026-08-09T00:58:13+00:00
ORD-085027,10,6,Desk Speakers Pair,audio,1,89.00,89.00,refunded,2026-08-09T12:11:16+00:00
ORD-085028,8,9,USB-C Hub 8-in-1,accessories,5,39.99,199.95,refunded,2026-08-09T06:32:35+00:00
ORD-085029,7,10,Laptop Stand Aluminium,accessories,4,27.50,110.00,refunded,2026-08-09T10:48:34+00:00
ORD-085030,3,10,Laptop Stand Aluminium,accessories,2,27.50,55.00,cancelled,2026-08-09T12:54:19+00:00
ORD-085031,5,5,Over-ear Headphones,audio,3,199.95,599.85,cancelled,2026-08-09T08:27:37+00:00
ORD-085032,4,1,Mechanical Keyboard 75%,peripherals,5,129.00,645.00,pending,2026-08-09T00:36:31+00:00
ORD-085033,1,2,Wireless Mouse,peripherals,3,49.50,148.50,pending,2026-08-09T14:33:37+00:00
ORD-085034,4,7,Standing Desk 120cm,furniture,1,449.00,449.00,completed,2026-08-09T04:51:14+00:00
ORD-085035,3,5,Over-ear Headphones,audio,3,199.95,599.85,pending,2026-08-09T10:40:34+00:00
ORD-085036,2,1,Mechanical Keyboard 75%,peripherals,3,129.00,387.00,pending,2026-08-09T01:06:55+00:00
ORD-085037,5,7,Standing Desk 120cm,furniture,5,449.00,2245.00,cancelled,2026-08-09T11:18:05+00:00
ORD-085038,8,10,Laptop Stand Aluminium,accessories,2,27.50,55.00,pending,2026-08-09T07:05:06+00:00
ORD-085039,7,7,Standing Desk 120cm,furniture,3,449.00,1347.00,refunded,2026-08-09T04:36:25+00:00
ORD-085040,8,10,Laptop Stand Aluminium,accessories,2,27.50,55.00,completed,2026-08-09T03:03:12+00:00
ORD-085041,2,7,Standing Desk 120cm,furniture,5,449.00,2245.00,pending,2026-08-09T05:27:16+00:00
ORD-085042,3,5,Over-ear Headphones,audio,2,199.95,399.90,cancelled,2026-08-09T19:50:59+00:00
ORD-085043,9,6,Desk Speakers Pair,audio,5,89.00,445.00,cancelled,2026-08-09T18:37:22+00:00
ORD-085044,5,4,34in Ultrawide Monitor,displays,3,579.00,1737.00,cancelled,2026-08-09T20:05:10+00:00
ORD-085045,4,6,Desk Speakers Pair,audio,1,89.00,89.00,completed,2026-08-09T05:29:34+00:00
ORD-085046,6,8,Ergonomic Chair,furniture,3,612.75,1838.25,completed,2026-08-09T14:48:26+00:00
ORD-085047,9,5,Over-ear Headphones,audio,4,199.95,799.80,cancelled,2026-08-09T07:20:05+00:00
ORD-085048,1,1,Mechanical Keyboard 75%,peripherals,4,129.00,516.00,completed,2026-08-09T14:00:45+00:00
ORD-085049,1,7,Standing Desk 120cm,furniture,2,449.00,898.00,completed,2026-08-09T20:16:41+00:00
ORD-085050,8,9,USB-C Hub 8-in-1,accessories,2,39.99,79.98,cancelled,2026-08-09T13:36:45+00:00
ORD-085051,10,8,Ergonomic Chair,furniture,4,612.75,2451.00,refunded,2026-08-09T13:40:58+00:00
ORD-085052,4,10,Laptop Stand Aluminium,accessories,2,27.50,55.00,cancelled,2026-08-09T10:43:07+00:00
ORD-085053,1,7,Standing Desk 120cm,furniture,2,449.00,898.00,refunded,2026-08-09T19:55:35+00:00
ORD-085054,1,10,Laptop Stand Aluminium,accessories,3,27.50,82.50,refunded,2026-08-09T04:48:52+00:00
ORD-085055,2,7,Standing Desk 120cm,furniture,1,449.00,449.00,refunded,2026-08-09T20:40:06+00:00
ORD-085056,10,10,Laptop Stand Aluminium,accessories,3,27.50,82.50,completed,2026-08-09T21:45:04+00:00
ORD-085057,7,6,Desk Speakers Pair,audio,2,89.00,178.00,completed,2026-08-09T11:14:59+00:00
ORD-085058,2,7,Standing Desk 120cm,furniture,1,449.00,449.00,completed,2026-08-09T07:16:24+00:00
ORD-085059,4,2,Wireless Mouse,peripherals,2,49.50,99.00,pending,2026-08-09T03:54:37+00:00
ORD-085060,1,4,34in Ultrawide Monitor,displays,5,579.00,2895.00,refunded,2026-08-09T21:49:26+00:00
ORD-085061,4,10,Laptop Stand Aluminium,accessories,3,27.50,82.50,cancelled,2026-08-09T09:00:51+00:00
ORD-085062,2,4,34in Ultrawide Monitor,displays,4,579.00,2316.00,refunded,2026-08-09T07:16:41+00:00
ORD-085063,8,9,USB-C Hub 8-in-1,accessories,2,39.99,79.98,cancelled,2026-08-09T18:36:36+00:00
ORD-085064,10,1,Mechanical Keyboard 75%,peripherals,3,129.00,387.00,cancelled,2026-08-09T07:11:31+00:00
ORD-085065,2,8,Ergonomic Chair,furniture,4,612.75,2451.00,refunded,2026-08-09T16:22:55+00:00
ORD-085066,1,6,Desk Speakers Pair,audio,4,89.00,356.00,pending,2026-08-09T12:58:38+00:00
ORD-085067,3,10,Laptop Stand Aluminium,accessories,3,27.50,82.50,cancelled,2026-08-09T03:04:05+00:00
ORD-085068,8,8,Ergonomic Chair,furniture,3,612.75,1838.25,cancelled,2026-08-09T17:42:45+00:00
ORD-085069,1,8,Ergonomic Chair,furniture,2,612.75,1225.50,refunded,2026-08-09T08:36:10+00:00
ORD-085070,9,7,Standing Desk 120cm,furniture,1,449.00,449.00,cancelled,2026-08-09T22:01:00+00:00
ORD-085071,9,3,27in 1440p Monitor,displays,3,319.99,959.97,completed,2026-08-09T10:16:34+00:00
ORD-085072,3,8,Ergonomic Chair,furniture,3,612.75,1838.25,cancelled,2026-08-09T18:47:33+00:00
ORD-085073,8,5,Over-ear Headphones,audio,3,199.95,599.85,completed,2026-08-09T10:49:51+00:00
ORD-085074,9,2,Wireless Mouse,peripherals,5,49.50,247.50,completed,2026-08-09T02:21:38+00:00
ORD-085075,7,1,Mechanical Keyboard 75%,peripherals,3,129.00,387.00,cancelled,2026-08-09T04:07:26+00:00
ORD-085076,6,10,Laptop Stand Aluminium,accessories,4,27.50,110.00,refunded,2026-08-09T03:31:13+00:00
ORD-085077,2,9,USB-C Hub 8-in-1,accessories,3,39.99,119.97,pending,2026-08-09T12:23:15+00:00
ORD-085078,3,2,Wireless Mouse,peripherals,3,49.50,148.50,cancelled,2026-08-09T04:37:06+00:00
ORD-085079,5,9,USB-C Hub 8-in-1,accessories,5,39.99,199.95,completed,2026-08-09T08:12:42+00:00
ORD-085080,2,8,Ergonomic Chair,furniture,5,612.75,3063.75,cancelled,2026-08-09T04:03:34+00:00
ORD-085081,3,8,Ergonomic Chair,furniture,1,612.75,612.75,pending,2026-08-09T11:48:52+00:00
ORD-085082,8,1,Mechanical Keyboard 75%,peripherals,3,129.00,387.00,cancelled,2026-08-09T05:54:07+00:00
ORD-085083,6,3,27in 1440p Monitor,displays,5,319.99,1599.95,refunded,2026-08-09T23:23:28+00:00
ORD-085084,7,9,USB-C Hub 8-in-1,accessories,2,39.99,79.98,refunded,2026-08-09T19:20:18+00:00
ORD-085085,4,9,USB-C Hub 8-in-1,accessories,1,39.99,39.99,refunded,2026-08-09T02:11:50+00:00
ORD-085086,3,2,Wireless Mouse,peripherals,3,49.50,148.50,completed,2026-08-09T02:18:08+00:00
ORD-085087,9,5,Over-ear Headphones,audio,3,199.95,599.85,pending,2026-08-09T18:27:11+00:00
ORD-085088,2,5,Over-ear Headphones,audio,5,199.95,999.75,cancelled,2026-08-09T10:20:32+00:00
ORD-085089,6,6,Desk Speakers Pair,audio,3,89.00,267.00,completed,2026-08-09T05:02:41+00:00
ORD-085090,1,7,Standing Desk 120cm,furniture,1,449.00,449.00,pending,2026-08-09T00:52:18+00:00
ORD-085091,2,9,USB-C Hub 8-in-1,accessories,4,39.99,159.96,pending,2026-08-09T17:56:22+00:00
ORD-085092,10,4,34in Ultrawide Monitor,displays,4,579.00,2316.00,pending,2026-08-09T16:11:04+00:00
ORD-085093,10,5,Over-ear Headphones,audio,1,199.95,199.95,cancelled,2026-08-09T10:57:55+00:00
ORD-085094,1,6,Desk Speakers Pair,audio,5,89.00,445.00,refunded,2026-08-09T05:25:24+00:00
ORD-085095,3,6,Desk Speakers Pair,audio,5,89.00,445.00,completed,2026-08-09T13:48:50+00:00
ORD-085096,8,7,Standing Desk 120cm,furniture,3,449.00,1347.00,pending,2026-08-09T18:39:22+00:00
ORD-085097,10,6,Desk Speakers Pair,audio,2,89.00,178.00,cancelled,2026-08-09T09:19:14+00:00
ORD-085098,4,1,Mechanical Keyboard 75%,peripherals,3,129.00,387.00,cancelled,2026-08-09T21:59:25+00:00
ORD-085099,5,6,Desk Speakers Pair,audio,3,89.00,267.00,refunded,2026-08-09T16:28:49+00:00
ORD-085100,9,2,Wireless Mouse,peripherals,3,49.50,148.50,cancelled,2026-08-09T09:12:32+00:00
ORD-085101,1,2,Wireless Mouse,peripherals,1,49.50,49.50,refunded,2026-08-09T10:38:28+00:00
ORD-085102,3,6,Desk Speakers Pair,audio,2,89.00,178.00,pending,2026-08-09T16:05:05+00:00
ORD-085103,3,3,27in 1440p Monitor,displays,2,319.99,639.98,pending,2026-08-09T04:35:10+00:00
ORD-085104,6,4,34in Ultrawide Monitor,displays,1,579.00,579.00,refunded,2026-08-09T04:16:06+00:00
ORD-085105,3,9,USB-C Hub 8-in-1,accessories,4,39.99,159.96,cancelled,2026-08-09T09:21:22+00:00
ORD-085106,6,7,Standing Desk 120cm,furniture,2,449.00,898.00,pending,2026-08-09T21:12:33+00:00
ORD-085107,7,5,Over-ear Headphones,audio,1,199.95,199.95,cancelled,2026-08-09T18:34:12+00:00
ORD-085108,7,2,Wireless Mouse,peripherals,3,49.50,148.50,refunded,2026-08-09T19:44:19+00:00
ORD-085109,9,9,USB-C Hub 8-in-1,accessories,4,39.99,159.96,pending,2026-08-09T00:36:32+00:00
ORD-085110,3,10,Laptop Stand Aluminium,accessories,1,27.50,27.50,refunded,2026-08-09T19:16:21+00:00
ORD-085111,5,7,Standing Desk 120cm,furniture,2,449.00,898.00,refunded,2026-08-09T22:41:43+00:00
ORD-085112,8,8,Ergonomic Chair,furniture,5,612.75,3063.75,completed,2026-08-09T03:47:29+00:00
ORD-085113,3,2,Wireless Mouse,peripherals,1,49.50,49.50,cancelled,2026-08-09T01:46:37+00:00
ORD-085114,8,9,USB-C Hub 8-in-1,accessories,4,39.99,159.96,pending,2026-08-09T10:29:54+00:00
ORD-085115,10,6,Desk Speakers Pair,audio,4,89.00,356.00,completed,2026-08-09T11:32:39+00:00
ORD-085116,9,7,Standing Desk 120cm,furniture,2,449.00,898.00,refunded,2026-08-09T18:03:24+00:00
ORD-085117,10,2,Wireless Mouse,peripherals,1,49.50,49.50,refunded,2026-08-09T03:28:47+00:00
ORD-085118,9,1,Mechanical Keyboard 75%,peripherals,3,129.00,387.00,pending,2026-08-09T21:21:27+00:00
ORD-085119,9,10,Laptop Stand Aluminium,accessories,1,27.50,27.50,refunded,2026-08-09T17:48:32+00:00
ORD-085120,5,10,Laptop Stand Aluminium,accessories,4,27.50,110.00,cancelled,2026-08-09T19:56:43+00:00
ORD-085121,5,2,Wireless Mouse,peripherals,5,49.50,247.50,cancelled,2026-08-09T19:05:13+00:00
ORD-085122,5,2,Wireless Mouse,peripherals,4,49.50,198.00,completed,2026-08-09T19:53:50+00:00
ORD-085123,3,9,USB-C Hub 8-in-1,accessories,1,39.99,39.99,pending,2026-08-09T01:15:46+00:00
ORD-085124,2,3,27in 1440p Monitor,displays,4,319.99,1279.96,pending,2026-08-09T22:37:01+00:00
ORD-085125,3,5,Over-ear Headphones,audio,3,199.95,599.85,pending,2026-08-09T05:26:03+00:00
ORD-085126,5,7,Standing Desk 120cm,furniture,3,449.00,1347.00,completed,2026-08-09T11:08:08+00:00
ORD-085127,2,2,Wireless Mouse,peripherals,2,49.50,99.00,refunded,2026-08-09T06:08:20+00:00
ORD-085128,6,3,27in 1440p Monitor,displays,1,319.99,319.99,completed,2026-08-09T00:56:17+00:00
ORD-085129,2,4,34in Ultrawide Monitor,displays,1,579.00,579.00,completed,2026-08-09T23:54:53+00:00
ORD-085130,10,3,27in 1440p Monitor,displays,1,319.99,319.99,cancelled,2026-08-09T02:46:12+00:00
ORD-085131,2,7,Standing Desk 120cm,furniture,4,449.00,1796.00,refunded,2026-08-09T17:20:59+00:00
ORD-085132,10,4,34in Ultrawide Monitor,displays,3,579.00,1737.00,pending,2026-08-09T10:06:52+00:00
ORD-085133,2,9,USB-C Hub 8-in-1,accessories,1,39.99,39.99,completed,2026-08-09T14:27:31+00:00
ORD-085134,2,8,Ergonomic Chair,furniture,2,612.75,1225.50,pending,2026-08-09T16:03:57+00:00
ORD-085135,6,9,USB-C Hub 8-in-1,accessories,3,39.99,119.97,pending,2026-08-09T01:10:37+00:00
ORD-085136,3,9,USB-C Hub 8-in-1,accessories,5,39.99,199.95,completed,2026-08-09T05:17:01+00:00
ORD-085137,6,3,27in 1440p Monitor,displays,1,319.99,319.99,cancelled,2026-08-09T15:25:48+00:00
ORD-085138,10,7,Standing Desk 120cm,furniture,5,449.00,2245.00,refunded,2026-08-09T15:41:15+00:00
ORD-085139,10,7,Standing Desk 120cm,furniture,1,449.00,449.00,refunded,2026-08-09T17:13:01+00:00
ORD-085140,2,8,Ergonomic Chair,furniture,3,612.75,1838.25,refunded,2026-08-09T07:51:23+00:00
ORD-085141,4,8,Ergonomic Chair,furniture,5,612.75,3063.75,refunded,2026-08-09T10:23:00+00:00
ORD-085142,9,7,Standing Desk 120cm,furniture,2,449.00,898.00,cancelled,2026-08-09T06:46:14+00:00
ORD-085143,1,8,Ergonomic Chair,furniture,3,612.75,1838.25,cancelled,2026-08-09T05:56:12+00:00
ORD-085144,4,9,USB-C Hub 8-in-1,accessories,3,39.99,119.97,completed,2026-08-09T05:39:44+00:00
ORD-085145,1,7,Standing Desk 120cm,furniture,5,449.00,2245.00,cancelled,2026-08-09T10:14:11+00:00
ORD-085146,2,2,Wireless Mouse,peripherals,5,49.50,247.50,cancelled,2026-08-09T09:22:42+00:00
ORD-085147,7,5,Over-ear Headphones,audio,4,199.95,799.80,completed,2026-08-09T04:33:10+00:00
ORD-085148,7,9,USB-C Hub 8-in-1,accessories,3,39.99,119.97,refunded,2026-08-09T16:02:28+00:00
ORD-085149,4,1,Mechanical Keyboard 75%,peripherals,2,129.00,258.00,refunded,2026-08-09T20:05:47+00:00
ORD-085150,8,7,Standing Desk 120cm,furniture,2,449.00,898.00,refunded,2026-08-09T03:09:05+00:00
ORD-085151,9,3,27in 1440p Monitor,displays,4,319.99,1279.96,pending,2026-08-09T15:26:19+00:00
ORD-085152,3,4,34in Ultrawide Monitor,displays,3,579.00,1737.00,cancelled,2026-08-09T15:38:52+00:00
ORD-085153,8,9,USB-C Hub 8-in-1,accessories,2,39.99,79.98,completed,2026-08-09T15:36:14+00:00
ORD-085154,8,1,Mechanical Keyboard 75%,peripherals,3,129.00,387.00,pending,2026-08-09T04:30:25+00:00
ORD-085155,10,7,Standing Desk 120cm,furniture,3,449.00,1347.00,cancelled,2026-08-09T19:11:26+00:00
ORD-085156,9,7,Standing Desk 120cm,furniture,5,449.00,2245.00,refunded,2026-08-09T11:38:43+00:00
ORD-085157,10,8,Ergonomic Chair,furniture,1,612.75,612.75,pending,2026-08-09T07:19:18+00:00
ORD-085158,3,8,Ergonomic Chair,furniture,3,612.75,1838.25,refunded,2026-08-09T20:49:06+00:00
ORD-085159,7,6,Desk Speakers Pair,audio,1,89.00,89.00,cancelled,2026-08-09T12:29:13+00:00
ORD-085160,9,5,Over-ear Headphones,audio,2,199.95,399.90,completed,2026-08-09T09:08:22+00:00
ORD-085161,3,1,Mechanical Keyboard 75%,peripherals,5,129.00,645.00,completed,2026-08-09T06:55:34+00:00
ORD-085162,7,5,Over-ear Headphones,audio,1,199.95,199.95,pending,2026-08-09T15:05:17+00:00
ORD-085163,10,5,Over-ear Headphones,audio,4,199.95,799.80,cancelled,2026-08-09T10:32:56+00:00
ORD-085164,8,7,Standing Desk 120cm,furniture,4,449.00,1796.00,cancelled,2026-08-09T20:28:07+00:00
ORD-085165,1,6,Desk Speakers Pair,audio,2,89.00,178.00,cancelled,2026-08-09T13:38:35+00:00
ORD-085166,4,2,Wireless Mouse,peripherals,5,49.50,247.50,completed,2026-08-09T05:58:53+00:00
ORD-085167,6,1,Mechanical Keyboard 75%,peripherals,4,129.00,516.00,completed,2026-08-09T05:38:04+00:00
ORD-085168,6,6,Desk Speakers Pair,audio,2,89.00,178.00,refunded,2026-08-09T23:58:47+00:00
ORD-085169,3,10,Laptop Stand Aluminium,accessories,1,27.50,27.50,refunded,2026-08-09T19:50:43+00:00
ORD-085170,9,8,Ergonomic Chair,furniture,4,612.75,2451.00,cancelled,2026-08-09T06:08:58+00:00
ORD-085171,6,9,USB-C Hub 8-in-1,accessories,5,39.99,199.95,completed,2026-08-09T04:53:36+00:00
ORD-085172,6,5,Over-ear Headphones,audio,3,199.95,599.85,pending,2026-08-09T11:21:01+00:00
ORD-085173,6,3,27in 1440p Monitor,displays,4,319.99,1279.96,cancelled,2026-08-09T07:20:17+00:00
ORD-085174,5,2,Wireless Mouse,peripherals,3,49.50,148.50,pending,2026-08-09T08:38:49+00:00
ORD-085175,4,7,Standing Desk 120cm,furniture,4,449.00,1796.00,pending,2026-08-09T11:00:34+00:00
ORD-085176,1,10,Laptop Stand Aluminium,accessories,4,27.50,110.00,cancelled,2026-08-09T14:02:57+00:00
ORD-085177,6,7,Standing Desk 120cm,furniture,1,449.00,449.00,refunded,2026-08-09T22:44:50+00:00
ORD-085178,9,2,Wireless Mouse,peripherals,4,49.50,198.00,completed,2026-08-09T00:50:25+00:00
ORD-085179,9,4,34in Ultrawide Monitor,displays,4,579.00,2316.00,pending,2026-08-09T09:11:05+00:00
ORD-085180,6,10,Laptop Stand Aluminium,accessories,1,27.50,27.50,pending,2026-08-09T06:50:17+00:00
ORD-085181,1,3,27in 1440p Monitor,displays,1,319.99,319.99,completed,2026-08-09T15:40:23+00:00
ORD-085182,10,1,Mechanical Keyboard 75%,peripherals,4,129.00,516.00,completed,2026-08-09T02:40:58+00:00
ORD-085183,6,7,Standing Desk 120cm,furniture,2,449.00,898.00,cancelled,2026-08-09T17:36:33+00:00
ORD-085184,2,8,Ergonomic Chair,furniture,4,612.75,2451.00,completed,2026-08-09T09:44:17+00:00
ORD-085185,5,5,Over-ear Headphones,audio,1,199.95,199.95,completed,2026-08-09T10:26:36+00:00
ORD-085186,4,2,Wireless Mouse,peripherals,2,49.50,99.00,pending,2026-08-09T01:59:17+00:00
ORD-085187,4,8,Ergonomic Chair,furniture,1,612.75,612.75,refunded,2026-08-09T13:01:23+00:00
ORD-085188,10,10,Laptop Stand Aluminium,accessories,2,27.50,55.00,cancelled,2026-08-09T02:31:34+00:00
ORD-085189,3,4,34in Ultrawide Monitor,displays,3,579.00,1737.00,refunded,2026-08-09T11:51:20+00:00
ORD-085190,1,5,Over-ear Headphones,audio,2,199.95,399.90,completed,2026-08-09T09:12:13+00:00
ORD-085191,4,5,Over-ear Headphones,audio,5,199.95,999.75,completed,2026-08-09T18:42:17+00:00
ORD-085192,2,10,Laptop Stand Aluminium,accessories,5,27.50,137.50,refunded,2026-08-09T01:38:58+00:00
ORD-085193,3,8,Ergonomic Chair,furniture,1,612.75,612.75,refunded,2026-08-09T12:05:41+00:00
ORD-085194,6,4,34in Ultrawide Monitor,displays,3,579.00,1737.00,pending,2026-08-09T02:59:00+00:00
ORD-085195,3,2,Wireless Mouse,peripherals,5,49.50,247.50,cancelled,2026-08-09T16:54:16+00:00
ORD-085196,8,4,34in Ultrawide Monitor,displays,5,579.00,2895.00,refunded,2026-08-09T01:39:06+00:00
ORD-085197,7,1,Mechanical Keyboard 75%,peripherals,2,129.00,258.00,refunded,2026-08-09T11:04:28+00:00
ORD-085198,3,4,34in Ultrawide Monitor,displays,2,579.00,1158.00,pending,2026-08-09T09:01:27+00:00
ORD-085199,2,7,Standing Desk 120cm,furniture,5,449.00,2245.00,completed,2026-08-09T16:25:31+00:00
ORD-085200,1,4,34in Ultrawide Monitor,displays,1,579.00,579.00,pending,2026-08-09T01:11:17+00:00
ORD-085201,5,4,34in Ultrawide Monitor,displays,4,579.00,2316.00,pending,2026-08-09T08:25:55+00:00
ORD-085202,4,2,Wireless Mouse,peripherals,4,49.50,198.00,cancelled,2026-08-09T20:09:41+00:00
ORD-085203,7,5,Over-ear Headphones,audio,4,199.95,799.80,cancelled,2026-08-09T19:52:35+00:00
ORD-085204,2,7,Standing Desk 120cm,furniture,4,449.00,1796.00,cancelled,2026-08-09T14:10:33+00:00
ORD-085205,3,9,USB-C Hub 8-in-1,accessories,4,39.99,159.96,completed,2026-08-09T05:53:05+00:00
ORD-085206,8,4,34in Ultrawide Monitor,displays,3,579.00,1737.00,pending,2026-08-09T22:53:06+00:00
ORD-085207,8,1,Mechanical Keyboard 75%,peripherals,2,129.00,258.00,refunded,2026-08-09T06:08:22+00:00
ORD-085208,2,7,Standing Desk 120cm,furniture,2,449.00,898.00,refunded,2026-08-09T22:35:14+00:00
ORD-085209,6,1,Mechanical Keyboard 75%,peripherals,5,129.00,645.00,refunded,2026-08-09T21:50:50+00:00
ORD-085210,6,3,27in 1440p Monitor,displays,4,319.99,1279.96,cancelled,2026-08-09T13:51:16+00:00
ORD-085211,8,1,Mechanical Keyboard 75%,peripherals,1,129.00,129.00,refunded,2026-08-09T05:30:45+00:00
ORD-085212,8,4,34in Ultrawide Monitor,displays,5,579.00,2895.00,pending,2026-08-09T18:50:51+00:00
ORD-085213,4,5,Over-ear Headphones,audio,2,199.95,399.90,pending,2026-08-09T10:04:58+00:00
ORD-085214,5,1,Mechanical Keyboard 75%,peripherals,2,129.00,258.00,refunded,2026-08-09T04:04:45+00:00
ORD-085215,8,8,Ergonomic Chair,furniture,3,612.75,1838.25,completed,2026-08-09T14:44:00+00:00
ORD-085216,10,6,Desk Speakers Pair,audio,4,89.00,356.00,refunded,2026-08-09T09:46:01+00:00
ORD-085217,5,4,34in Ultrawide Monitor,displays,5,579.00,2895.00,refunded,2026-08-09T01:29:22+00:00
ORD-085218,4,7,Standing Desk 120cm,furniture,3,449.00,1347.00,pending,2026-08-09T17:49:56+00:00
ORD-085219,6,3,27in 1440p Monitor,displays,5,319.99,1599.95,pending,2026-08-09T17:09:35+00:00
ORD-085220,1,5,Over-ear Headphones,audio,2,199.95,399.90,cancelled,2026-08-09T05:30:09+00:00
ORD-085221,5,1,Mechanical Keyboard 75%,peripherals,4,129.00,516.00,cancelled,2026-08-09T15:40:58+00:00
ORD-085222,7,7,Standing Desk 120cm,furniture,5,449.00,2245.00,cancelled,2026-08-09T12:14:23+00:00
ORD-085223,9,2,Wireless Mouse,peripherals,4,49.50,198.00,pending,2026-08-09T14:35:37+00:00
ORD-085224,2,5,Over-ear Headphones,audio,1,199.95,199.95,cancelled,2026-08-09T13:32:24+00:00
ORD-085225,1,5,Over-ear Headphones,audio,2,199.95,399.90,refunded,2026-08-09T19:23:33+00:00
ORD-085226,10,6,Desk Speakers Pair,audio,3,89.00,267.00,completed,2026-08-09T01:24:24+00:00
ORD-085227,2,1,Mechanical Keyboard 75%,peripherals,2,129.00,258.00,cancelled,2026-08-09T10:48:16+00:00
ORD-085228,5,9,USB-C Hub 8-in-1,accessories,4,39.99,159.96,cancelled,2026-08-09T00:47:58+00:00
ORD-085229,6,2,Wireless Mouse,peripherals,4,49.50,198.00,refunded,2026-08-09T14:53:03+00:00
ORD-085230,2,5,Over-ear Headphones,audio,2,199.95,399.90,cancelled,2026-08-09T08:35:16+00:00
ORD-085231,5,10,Laptop Stand Aluminium,accessories,5,27.50,137.50,pending,2026-08-09T03:18:54+00:00
ORD-085232,9,1,Mechanical Keyboard 75%,peripherals,4,129.00,516.00,pending,2026-08-09T18:27:15+00:00
ORD-085233,5,8,Ergonomic Chair,furniture,5,612.75,3063.75,pending,2026-08-09T08:39:49+00:00
ORD-085234,3,8,Ergonomic Chair,furniture,1,612.75,612.75,cancelled,2026-08-09T14:37:47+00:00
ORD-085235,7,5,Over-ear Headphones,audio,1,199.95,199.95,refunded,2026-08-09T23:41:10+00:00
ORD-085236,9,8,Ergonomic Chair,furniture,3,612.75,1838.25,refunded,2026-08-09T18:18:02+00:00
ORD-085237,3,9,USB-C Hub 8-in-1,accessories,3,39.99,119.97,cancelled,2026-08-09T09:09:43+00:00
ORD-085238,6,3,27in 1440p Monitor,displays,1,319.99,319.99,refunded,2026-08-09T09:20:04+00:00
ORD-085239,7,5,Over-ear Headphones,audio,1,199.95,199.95,completed,2026-08-09T02:18:03+00:00
ORD-085240,8,9,USB-C Hub 8-in-1,accessories,1,39.99,39.99,cancelled,2026-08-09T14:43:48+00:00
ORD-085241,8,9,USB-C Hub 8-in-1,accessories,2,39.99,79.98,pending,2026-08-09T12:55:20+00:00
ORD-085242,5,6,Desk Speakers Pair,audio,4,89.00,356.00,completed,2026-08-09T00:40:07+00:00
ORD-085243,3,3,27in 1440p Monitor,displays,4,319.99,1279.96,pending,2026-08-09T02:34:58+00:00
ORD-085244,4,1,Mechanical Keyboard 75%,peripherals,4,129.00,516.00,pending,2026-08-09T16:37:56+00:00
ORD-085245,3,4,34in Ultrawide Monitor,displays,3,579.00,1737.00,refunded,2026-08-09T00:46:01+00:00
ORD-085246,4,6,Desk Speakers Pair,audio,4,89.00,356.00,refunded,2026-08-09T04:28:28+00:00
ORD-085247,4,8,Ergonomic Chair,furniture,4,612.75,2451.00,refunded,2026-08-09T12:21:44+00:00
ORD-085248,2,4,34in Ultrawide Monitor,displays,4,579.00,2316.00,completed,2026-08-09T08:08:58+00:00
ORD-085249,3,9,USB-C Hub 8-in-1,accessories,5,39.99,199.95,completed,2026-08-09T14:40:09+00:00
ORD-085250,10,2,Wireless Mouse,peripherals,2,49.50,99.00,refunded,2026-08-09T18:02:08+00:00
ORD-085251,2,5,Over-ear Headphones,audio,5,199.95,999.75,cancelled,2026-08-09T10:26:22+00:00
ORD-085252,6,7,Standing Desk 120cm,furniture,3,449.00,1347.00,refunded,2026-08-09T17:45:26+00:00
ORD-085253,7,6,Desk Speakers Pair,audio,5,89.00,445.00,completed,2026-08-09T23:19:45+00:00
ORD-085254,6,10,Laptop Stand Aluminium,accessories,3,27.50,82.50,cancelled,2026-08-09T03:53:41+00:00
ORD-085255,3,1,Mechanical Keyboard 75%,peripherals,5,129.00,645.00,refunded,2026-08-09T04:39:57+00:00
ORD-085256,1,3,27in 1440p Monitor,displays,4,319.99,1279.96,pending,2026-08-09T10:35:34+00:00
ORD-085257,9,6,Desk Speakers Pair,audio,1,89.00,89.00,pending,2026-08-09T01:53:38+00:00
ORD-085258,5,8,Ergonomic Chair,furniture,2,612.75,1225.50,completed,2026-08-09T19:51:44+00:00
ORD-085259,1,7,Standing Desk 120cm,furniture,4,449.00,1796.00,cancelled,2026-08-09T04:56:30+00:00
ORD-085260,4,6,Desk Speakers Pair,audio,5,89.00,445.00,cancelled,2026-08-09T03:52:49+00:00
ORD-085261,7,7,Standing Desk 120cm,furniture,1,449.00,449.00,cancelled,2026-08-09T10:41:17+00:00
ORD-085262,4,3,27in 1440p Monitor,displays,5,319.99,1599.95,completed,2026-08-09T12:26:41+00:00
ORD-085263,9,8,Ergonomic Chair,furniture,2,612.75,1225.50,refunded,2026-08-09T23:50:38+00:00
ORD-085264,10,3,27in 1440p Monitor,displays,4,319.99,1279.96,refunded,2026-08-09T12:06:29+00:00
ORD-085265,2,9,USB-C Hub 8-in-1,accessories,4,39.99,159.96,cancelled,2026-08-09T07:07:53+00:00
ORD-085266,2,3,27in 1440p Monitor,displays,2,319.99,639.98,pending,2026-08-09T07:45:42+00:00
ORD-085267,8,5,Over-ear Headphones,audio,5,199.95,999.75,completed,2026-08-09T21:54:04+00:00
ORD-085268,4,1,Mechanical Keyboard 75%,peripherals,1,129.00,129.00,cancelled,2026-08-09T20:27:03+00:00
ORD-085269,6,3,27in 1440p Monitor,displays,5,319.99,1599.95,refunded,2026-08-09T00:19:24+00:00
ORD-085270,10,4,34in Ultrawide Monitor,displays,1,579.00,579.00,completed,2026-08-09T03:22:30+00:00
ORD-085271,4,4,34in Ultrawide Monitor,displays,3,579.00,1737.00,pending,2026-08-09T21:24:22+00:00
ORD-085272,3,5,Over-ear Headphones,audio,3,199.95,599.85,completed,2026-08-09T01:54:12+00:00
ORD-085273,3,3,27in 1440p Monitor,displays,2,319.99,639.98,refunded,2026-08-09T22:22:01+00:00
ORD-085274,10,4,34in Ultrawide Monitor,displays,5,579.00,2895.00,cancelled,2026-08-09T08:31:46+00:00
ORD-085275,5,9,USB-C Hub 8-in-1,accessories,1,39.99,39.99,refunded,2026-08-09T10:42:56+00:00
ORD-085276,9,2,Wireless Mouse,peripherals,2,49.50,99.00,pending,2026-08-09T08:14:10+00:00
ORD-085277,1,4,34in Ultrawide Monitor,displays,3,579.00,1737.00,refunded,2026-08-09T23:34:52+00:00
ORD-085278,8,10,Laptop Stand Aluminium,accessories,3,27.50,82.50,completed,2026-08-09T13:25:18+00:00
ORD-085279,6,3,27in 1440p Monitor,displays,3,319.99,959.97,completed,2026-08-09T21:44:26+00:00
ORD-085280,6,5,Over-ear Headphones,audio,1,199.95,199.95,pending,2026-08-09T05:32:40+00:00
ORD-085281,3,6,Desk Speakers Pair,audio,5,89.00,445.00,pending,2026-08-09T04:37:40+00:00
ORD-085282,2,6,Desk Speakers Pair,audio,2,89.00,178.00,completed,2026-08-09T19:16:15+00:00
ORD-085283,8,4,34in Ultrawide Monitor,displays,1,579.00,579.00,refunded,2026-08-09T03:07:46+00:00
ORD-085284,1,4,34in Ultrawide Monitor,displays,5,579.00,2895.00,refunded,2026-08-09T19:39:15+00:00
ORD-085285,8,3,27in 1440p Monitor,displays,3,319.99,959.97,completed,2026-08-09T07:09:12+00:00
ORD-085286,10,6,Desk Speakers Pair,audio,5,89.00,445.00,completed,2026-08-09T01:41:56+00:00
ORD-085287,1,2,Wireless Mouse,peripherals,1,49.50,49.50,completed,2026-08-09T05:56:10+00:00
ORD-085288,4,5,Over-ear Headphones,audio,1,199.95,199.95,refunded,2026-08-09T18:42:56+00:00
ORD-085289,4,3,27in 1440p Monitor,displays,2,319.99,639.98,cancelled,2026-08-09T20:55:20+00:00
ORD-085290,7,6,Desk Speakers Pair,audio,5,89.00,445.00,pending,2026-08-09T03:56:34+00:00
ORD-085291,9,8,Ergonomic Chair,furniture,3,612.75,1838.25,pending,2026-08-09T08:13:54+00:00
ORD-085292,10,1,Mechanical Keyboard 75%,peripherals,1,129.00,129.00,pending,2026-08-09T20:03:57+00:00
ORD-085293,7,3,27in 1440p Monitor,displays,5,319.99,1599.95,pending,2026-08-09T00:23:07+00:00
ORD-085294,4,2,Wireless Mouse,peripherals,1,49.50,49.50,pending,2026-08-09T14:07:55+00:00
ORD-085295,9,5,Over-ear Headphones,audio,3,199.95,599.85,cancelled,2026-08-09T07:54:10+00:00
ORD-085296,2,10,Laptop Stand Aluminium,accessories,5,27.50,137.50,cancelled,2026-08-09T07:15:59+00:00
ORD-085297,6,4,34in Ultrawide Monitor,displays,4,579.00,2316.00,cancelled,2026-08-09T05:50:14+00:00
ORD-085298,2,5,Over-ear Headphones,audio,3,199.95,599.85,pending,2026-08-09T14:36:37+00:00
ORD-085299,2,5,Over-ear Headphones,audio,3,199.95,599.85,completed,2026-08-09T09:50:10+00:00
ORD-085300,5,7,Standing Desk 120cm,furniture,4,449.00,1796.00,cancelled,2026-08-09T00:49:55+00:00
ORD-085301,9,8,Ergonomic Chair,furniture,1,612.75,612.75,cancelled,2026-08-09T22:19:00+00:00
ORD-085302,5,3,27in 1440p Monitor,displays,3,319.99,959.97,cancelled,2026-08-09T20:09:55+00:00
ORD-085303,6,10,Laptop Stand Aluminium,accessories,2,27.50,55.00,completed,2026-08-09T09:54:43+00:00
ORD-085304,5,10,Laptop Stand Aluminium,accessories,2,27.50,55.00,pending,2026-08-09T00:49:59+00:00
ORD-085305,3,2,Wireless Mouse,peripherals,5,49.50,247.50,pending,2026-08-09T13:44:48+00:00
ORD-085306,6,1,Mechanical Keyboard 75%,peripherals,4,129.00,516.00,completed,2026-08-09T08:29:32+00:00
ORD-085307,8,4,34in Ultrawide Monitor,displays,3,579.00,1737.00,completed,2026-08-09T14:04:32+00:00
ORD-085308,2,5,Over-ear Headphones,audio,3,199.95,599.85,cancelled,2026-08-09T17:06:23+00:00
ORD-085309,10,6,Desk Speakers Pair,audio,1,89.00,89.00,pending,2026-08-09T15:20:49+00:00
ORD-085310,5,5,Over-ear Headphones,audio,1,199.95,199.95,refunded,2026-08-09T03:09:03+00:00
ORD-085311,4,3,27in 1440p Monitor,displays,4,319.99,1279.96,pending,2026-08-09T18:28:54+00:00
ORD-085312,8,3,27in 1440p Monitor,displays,1,319.99,319.99,completed,2026-08-09T11:40:04+00:00
ORD-085313,9,10,Laptop Stand Aluminium,accessories,3,27.50,82.50,pending,2026-08-09T13:07:11+00:00
ORD-085314,2,1,Mechanical Keyboard 75%,peripherals,3,129.00,387.00,completed,2026-08-09T05:33:29+00:00
ORD-085315,4,7,Standing Desk 120cm,furniture,1,449.00,449.00,completed,2026-08-09T02:29:02+00:00
ORD-085316,7,1,Mechanical Keyboard 75%,peripherals,5,129.00,645.00,completed,2026-08-09T11:05:14+00:00
ORD-085317,8,6,Desk Speakers Pair,audio,3,89.00,267.00,cancelled,2026-08-09T04:56:16+00:00
ORD-085318,1,4,34in Ultrawide Monitor,displays,3,579.00,1737.00,refunded,2026-08-09T17:58:37+00:00
ORD-085319,10,4,34in Ultrawide Monitor,displays,4,579.00,2316.00,pending,2026-08-09T00:12:06+00:00
ORD-085320,2,7,Standing Desk 120cm,furniture,3,449.00,1347.00,refunded,2026-08-09T11:43:04+00:00
ORD-085321,9,7,Standing Desk 120cm,furniture,3,449.00,1347.00,completed,2026-08-09T09:37:30+00:00
ORD-085322,10,1,Mechanical Keyboard 75%,peripherals,4,129.00,516.00,cancelled,2026-08-09T06:52:33+00:00
ORD-085323,7,6,Desk Speakers Pair,audio,4,89.00,356.00,pending,2026-08-09T04:47:34+00:00
ORD-085324,10,1,Mechanical Keyboard 75%,peripherals,1,129.00,129.00,pending,2026-08-09T02:29:58+00:00
ORD-085325,4,7,Standing Desk 120cm,furniture,2,449.00,898.00,pending,2026-08-09T01:51:03+00:00
ORD-085326,7,3,27in 1440p Monitor,displays,1,319.99,319.99,refunded,2026-08-09T16:33:31+00:00
ORD-085327,2,10,Laptop Stand Aluminium,accessories,5,27.50,137.50,cancelled,2026-08-09T06:26:21+00:00
ORD-085328,2,9,USB-C Hub 8-in-1,accessories,3,39.99,119.97,pending,2026-08-09T14:09:23+00:00
ORD-085329,6,4,34in Ultrawide Monitor,displays,4,579.00,2316.00,cancelled,2026-08-09T06:02:51+00:00
ORD-085330,9,10,Laptop Stand Aluminium,accessories,2,27.50,55.00,refunded,2026-08-09T11:09:30+00:00
ORD-085331,4,3,27in 1440p Monitor,displays,1,319.99,319.99,refunded,2026-08-09T15:35:04+00:00
ORD-085332,7,5,Over-ear Headphones,audio,2,199.95,399.90,pending,2026-08-09T23:34:51+00:00
ORD-085333,7,6,Desk Speakers Pair,audio,2,89.00,178.00,refunded,2026-08-09T08:18:45+00:00
ORD-085334,1,6,Desk Speakers Pair,audio,5,89.00,445.00,pending,2026-08-09T00:54:36+00:00
ORD-085335,5,9,USB-C Hub 8-in-1,accessories,1,39.99,39.99,refunded,2026-08-09T10:07:06+00:00
ORD-085336,6,5,Over-ear Headphones,audio,5,199.95,999.75,pending,2026-08-09T09:38:09+00:00
ORD-085337,1,10,Laptop Stand Aluminium,accessories,5,27.50,137.50,refunded,2026-08-09T14:12:23+00:00
ORD-085338,10,8,Ergonomic Chair,furniture,1,612.75,612.75,completed,2026-08-09T04:51:54+00:00
ORD-085339,6,3,27in 1440p Monitor,displays,1,319.99,319.99,refunded,2026-08-09T00:56:53+00:00
ORD-085340,5,8,Ergonomic Chair,furniture,5,612.75,3063.75,cancelled,2026-08-09T12:25:02+00:00
ORD-085341,5,9,USB-C Hub 8-in-1,accessories,5,39.99,199.95,refunded,2026-08-09T21:10:41+00:00
ORD-085342,10,9,USB-C Hub 8-in-1,accessories,4,39.99,159.96,completed,2026-08-09T04:24:24+00:00
ORD-085343,10,5,Over-ear Headphones,audio,2,199.95,399.90,refunded,2026-08-09T05:22:32+00:00
ORD-085344,5,8,Ergonomic Chair,furniture,2,612.75,1225.50,cancelled,2026-08-09T00:38:36+00:00
ORD-085345,10,6,Desk Speakers Pair,audio,2,89.00,178.00,cancelled,2026-08-09T11:11:44+00:00
ORD-085346,4,6,Desk Speakers Pair,audio,1,89.00,89.00,completed,2026-08-09T05:36:26+00:00
ORD-085347,3,9,USB-C Hub 8-in-1,accessories,1,39.99,39.99,completed,2026-08-09T11:28:39+00:00
ORD-085348,6,3,27in 1440p Monitor,displays,5,319.99,1599.95,pending,2026-08-09T22:13:40+00:00
ORD-085349,4,9,USB-C Hub 8-in-1,accessories,1,39.99,39.99,refunded,2026-08-09T19:04:38+00:00
ORD-085350,5,5,Over-ear Headphones,audio,5,199.95,999.75,completed,2026-08-09T20:56:02+00:00
ORD-085351,9,4,34in Ultrawide Monitor,displays,1,579.00,579.00,pending,2026-08-09T09:03:47+00:00
ORD-085352,9,10,Laptop Stand Aluminium,accessories,1,27.50,27.50,refunded,2026-08-09T09:13:16+00:00
ORD-085353,9,2,Wireless Mouse,peripherals,1,49.50,49.50,completed,2026-08-09T07:55:28+00:00
ORD-085354,5,1,Mechanical Keyboard 75%,peripherals,3,129.00,387.00,cancelled,2026-08-09T17:02:33+00:00
ORD-085355,7,4,34in Ultrawide Monitor,displays,4,579.00,2316.00,completed,2026-08-09T03:40:11+00:00
ORD-085356,3,9,USB-C Hub 8-in-1,accessories,5,39.99,199.95,cancelled,2026-08-09T21:36:29+00:00
ORD-085357,8,1,Mechanical Keyboard 75%,peripherals,5,129.00,645.00,completed,2026-08-09T04:36:31+00:00
ORD-085358,4,5,Over-ear Headphones,audio,2,199.95,399.90,cancelled,2026-08-09T12:12:14+00:00
ORD-085359,9,1,Mechanical Keyboard 75%,peripherals,2,129.00,258.00,pending,2026-08-09T07:50:33+00:00
ORD-085360,1,10,Laptop Stand Aluminium,accessories,3,27.50,82.50,refunded,2026-08-09T02:42:41+00:00
ORD-085361,1,4,34in Ultrawide Monitor,displays,3,579.00,1737.00,cancelled,2026-08-09T17:23:49+00:00
ORD-085362,9,4,34in Ultrawide Monitor,displays,3,579.00,1737.00,refunded,2026-08-09T05:17:27+00:00
ORD-085363,9,1,Mechanical Keyboard 75%,peripherals,3,129.00,387.00,refunded,2026-08-09T04:55:46+00:00
ORD-085364,2,8,Ergonomic Chair,furniture,3,612.75,1838.25,refunded,2026-08-09T05:27:36+00:00
ORD-085365,3,7,Standing Desk 120cm,furniture,1,449.00,449.00,pending,2026-08-09T03:41:09+00:00
ORD-085366,4,8,Ergonomic Chair,furniture,3,612.75,1838.25,cancelled,2026-08-09T03:58:37+00:00
ORD-085367,1,1,Mechanical Keyboard 75%,peripherals,2,129.00,258.00,cancelled,2026-08-09T13:06:04+00:00
ORD-085368,7,6,Desk Speakers Pair,audio,2,89.00,178.00,refunded,2026-08-09T15:50:02+00:00
ORD-085369,2,9,USB-C Hub 8-in-1,accessories,4,39.99,159.96,refunded,2026-08-09T04:34:01+00:00
ORD-085370,4,6,Desk Speakers Pair,audio,5,89.00,445.00,completed,2026-08-09T01:20:14+00:00
ORD-085371,6,2,Wireless Mouse,peripherals,5,49.50,247.50,refunded,2026-08-09T15:42:07+00:00
ORD-085372,1,6,Desk Speakers Pair,audio,4,89.00,356.00,completed,2026-08-09T07:02:07+00:00
ORD-085373,1,10,Laptop Stand Aluminium,accessories,2,27.50,55.00,pending,2026-08-09T10:26:16+00:00
ORD-085374,1,10,Laptop Stand Aluminium,accessories,4,27.50,110.00,refunded,2026-08-09T02:11:55+00:00
ORD-085375,2,6,Desk Speakers Pair,audio,4,89.00,356.00,pending,2026-08-09T22:02:28+00:00
ORD-085376,6,8,Ergonomic Chair,furniture,4,612.75,2451.00,pending,2026-08-09T07:56:33+00:00
ORD-085377,2,1,Mechanical Keyboard 75%,peripherals,2,129.00,258.00,pending,2026-08-09T08:34:22+00:00
ORD-085378,7,4,34in Ultrawide Monitor,displays,5,579.00,2895.00,pending,2026-08-09T08:22:15+00:00
ORD-085379,2,9,USB-C Hub 8-in-1,accessories,1,39.99,39.99,completed,2026-08-09T11:13:30+00:00
ORD-085380,8,1,Mechanical Keyboard 75%,peripherals,2,129.00,258.00,completed,2026-08-09T04:32:22+00:00
ORD-085381,7,3,27in 1440p Monitor,displays,3,319.99,959.97,cancelled,2026-08-09T01:18:51+00:00
ORD-085382,4,4,34in Ultrawide Monitor,displays,4,579.00,2316.00,refunded,2026-08-09T13:02:21+00:00
ORD-085383,5,6,Desk Speakers Pair,audio,3,89.00,267.00,refunded,2026-08-09T00:40:15+00:00
ORD-085384,10,5,Over-ear Headphones,audio,2,199.95,399.90,completed,2026-08-09T15:26:28+00:00
ORD-085385,9,4,34in Ultrawide Monitor,displays,1,579.00,579.00,refunded,2026-08-09T13:05:30+00:00
ORD-085386,10,9,USB-C Hub 8-in-1,accessories,4,39.99,159.96,pending,2026-08-09T21:43:01+00:00
ORD-085387,7,5,Over-ear Headphones,audio,2,199.95,399.90,refunded,2026-08-09T03:21:14+00:00
ORD-085388,4,2,Wireless Mouse,peripherals,5,49.50,247.50,completed,2026-08-09T10:19:16+00:00
ORD-085389,9,9,USB-C Hub 8-in-1,accessories,1,39.99,39.99,completed,2026-08-09T02:32:11+00:00
ORD-085390,9,8,Ergonomic Chair,furniture,1,612.75,612.75,cancelled,2026-08-09T12:42:19+00:00
ORD-085391,10,2,Wireless Mouse,peripherals,5,49.50,247.50,refunded,2026-08-09T03:37:04+00:00
ORD-085392,6,5,Over-ear Headphones,audio,5,199.95,999.75,pending,2026-08-09T00:16:30+00:00
ORD-085393,10,6,Desk Speakers Pair,audio,2,89.00,178.00,cancelled,2026-08-09T22:44:51+00:00
ORD-085394,7,9,USB-C Hub 8-in-1,accessories,5,39.99,199.95,completed,2026-08-09T00:55:50+00:00
ORD-085395,3,3,27in 1440p Monitor,displays,3,319.99,959.97,completed,2026-08-09T12:23:45+00:00
ORD-085396,4,4,34in Ultrawide Monitor,displays,2,579.00,1158.00,refunded,2026-08-09T05:25:02+00:00
ORD-085397,10,9,USB-C Hub 8-in-1,accessories,4,39.99,159.96,completed,2026-08-09T13:13:52+00:00
ORD-085398,8,7,Standing Desk 120cm,furniture,5,449.00,2245.00,pending,2026-08-09T03:25:01+00:00
ORD-085399,1,6,Desk Speakers Pair,audio,5,89.00,445.00,pending,2026-08-09T05:04:15+00:00
ORD-085400,9,8,Ergonomic Chair,furniture,2,612.75,1225.50,completed,2026-08-09T12:22:38+00:00
ORD-085401,4,1,Mechanical Keyboard 75%,peripherals,1,129.00,129.00,pending,2026-08-09T06:16:28+00:00
ORD-085402,7,6,Desk Speakers Pair,audio,1,89.00,89.00,pending,2026-08-09T15:35:29+00:00
ORD-085403,2,4,34in Ultrawide Monitor,displays,1,579.00,579.00,refunded,2026-08-09T19:41:02+00:00
ORD-085404,2,8,Ergonomic Chair,furniture,3,612.75,1838.25,cancelled,2026-08-09T07:51:24+00:00
ORD-085405,10,8,Ergonomic Chair,furniture,5,612.75,3063.75,completed,2026-08-09T02:34:08+00:00
ORD-085406,8,10,Laptop Stand Aluminium,accessories,4,27.50,110.00,completed,2026-08-09T10:11:43+00:00
ORD-085407,8,7,Standing Desk 120cm,furniture,4,449.00,1796.00,pending,2026-08-09T15:44:08+00:00
ORD-085408,2,8,Ergonomic Chair,furniture,5,612.75,3063.75,pending,2026-08-09T07:08:17+00:00
ORD-085409,8,7,Standing Desk 120cm,furniture,1,449.00,449.00,refunded,2026-08-09T12:57:40+00:00
ORD-085410,9,9,USB-C Hub 8-in-1,accessories,4,39.99,159.96,refunded,2026-08-09T22:19:32+00:00
ORD-085411,1,4,34in Ultrawide Monitor,displays,2,579.00,1158.00,pending,2026-08-09T15:09:01+00:00
ORD-085412,6,9,USB-C Hub 8-in-1,accessories,4,39.99,159.96,cancelled,2026-08-09T13:38:15+00:00
ORD-085413,6,1,Mechanical Keyboard 75%,peripherals,2,129.00,258.00,completed,2026-08-09T07:58:38+00:00
ORD-085414,5,4,34in Ultrawide Monitor,displays,2,579.00,1158.00,cancelled,2026-08-09T16:17:47+00:00
ORD-085415,1,6,Desk Speakers Pair,audio,5,89.00,445.00,pending,2026-08-09T10:58:47+00:00
ORD-085416,2,6,Desk Speakers Pair,audio,2,89.00,178.00,cancelled,2026-08-09T15:03:09+00:00
ORD-085417,9,7,Standing Desk 120cm,furniture,4,449.00,1796.00,refunded,2026-08-09T11:04:21+00:00
ORD-085418,6,5,Over-ear Headphones,audio,3,199.95,599.85,cancelled,2026-08-09T05:10:27+00:00
ORD-085419,3,3,27in 1440p Monitor,displays,2,319.99,639.98,completed,2026-08-09T10:04:24+00:00
ORD-085420,9,2,Wireless Mouse,peripherals,4,49.50,198.00,pending,2026-08-09T17:34:39+00:00
ORD-085421,1,9,USB-C Hub 8-in-1,accessories,1,39.99,39.99,pending,2026-08-09T10:27:27+00:00
ORD-085422,9,6,Desk Speakers Pair,audio,4,89.00,356.00,pending,2026-08-09T05:01:04+00:00
ORD-085423,5,1,Mechanical Keyboard 75%,peripherals,3,129.00,387.00,completed,2026-08-09T10:10:28+00:00
ORD-085424,8,1,Mechanical Keyboard 75%,peripherals,5,129.00,645.00,pending,2026-08-09T10:04:01+00:00
ORD-085425,5,5,Over-ear Headphones,audio,5,199.95,999.75,completed,2026-08-09T04:27:22+00:00
ORD-085426,5,7,Standing Desk 120cm,furniture,3,449.00,1347.00,pending,2026-08-09T06:12:31+00:00
ORD-085427,10,8,Ergonomic Chair,furniture,5,612.75,3063.75,completed,2026-08-09T19:29:32+00:00
ORD-085428,3,4,34in Ultrawide Monitor,displays,3,579.00,1737.00,pending,2026-08-09T11:27:42+00:00
ORD-085429,7,10,Laptop Stand Aluminium,accessories,5,27.50,137.50,refunded,2026-08-09T22:06:42+00:00
ORD-085430,2,2,Wireless Mouse,peripherals,4,49.50,198.00,cancelled,2026-08-09T01:34:29+00:00
ORD-085431,3,10,Laptop Stand Aluminium,accessories,3,27.50,82.50,refunded,2026-08-09T19:53:51+00:00
ORD-085432,6,7,Standing Desk 120cm,furniture,4,449.00,1796.00,cancelled,2026-08-09T03:40:08+00:00
ORD-085433,10,1,Mechanical Keyboard 75%,peripherals,5,129.00,645.00,pending,2026-08-09T21:21:47+00:00
ORD-085434,10,7,Standing Desk 120cm,furniture,4,449.00,1796.00,refunded,2026-08-09T20:19:20+00:00
ORD-085435,1,1,Mechanical Keyboard 75%,peripherals,2,129.00,258.00,completed,2026-08-09T14:51:47+00:00
ORD-085436,2,4,34in Ultrawide Monitor,displays,3,579.00,1737.00,refunded,2026-08-09T14:28:37+00:00
ORD-085437,9,8,Ergonomic Chair,furniture,4,612.75,2451.00,cancelled,2026-08-09T10:07:42+00:00
ORD-085438,2,2,Wireless Mouse,peripherals,5,49.50,247.50,completed,2026-08-09T20:34:03+00:00
ORD-085439,4,9,USB-C Hub 8-in-1,accessories,2,39.99,79.98,refunded,2026-08-09T19:52:16+00:00
ORD-085440,2,2,Wireless Mouse,peripherals,1,49.50,49.50,pending,2026-08-09T19:51:45+00:00
ORD-085441,4,6,Desk Speakers Pair,audio,4,89.00,356.00,pending,2026-08-09T23:35:11+00:00
ORD-085442,7,3,27in 1440p Monitor,displays,5,319.99,1599.95,cancelled,2026-08-09T20:42:02+00:00
ORD-085443,10,5,Over-ear Headphones,audio,1,199.95,199.95,cancelled,2026-08-09T07:45:38+00:00
ORD-085444,10,4,34in Ultrawide Monitor,displays,4,579.00,2316.00,completed,2026-08-09T06:07:03+00:00
ORD-085445,10,10,Laptop Stand Aluminium,accessories,4,27.50,110.00,refunded,2026-08-09T01:44:52+00:00
ORD-085446,7,2,Wireless Mouse,peripherals,2,49.50,99.00,cancelled,2026-08-09T17:03:24+00:00
ORD-085447,5,5,Over-ear Headphones,audio,4,199.95,799.80,refunded,2026-08-09T05:34:42+00:00
ORD-085448,3,5,Over-ear Headphones,audio,5,199.95,999.75,completed,2026-08-09T16:19:24+00:00
ORD-085449,3,3,27in 1440p Monitor,displays,4,319.99,1279.96,pending,2026-08-09T07:51:32+00:00
ORD-085450,7,6,Desk Speakers Pair,audio,5,89.00,445.00,completed,2026-08-09T08:46:53+00:00
ORD-085451,2,1,Mechanical Keyboard 75%,peripherals,2,129.00,258.00,refunded,2026-08-09T03:24:47+00:00
ORD-085452,9,8,Ergonomic Chair,furniture,5,612.75,3063.75,completed,2026-08-09T15:43:02+00:00
ORD-085453,2,10,Laptop Stand Aluminium,accessories,5,27.50,137.50,completed,2026-08-09T00:58:49+00:00
ORD-085454,8,8,Ergonomic Chair,furniture,5,612.75,3063.75,cancelled,2026-08-09T01:34:08+00:00
ORD-085455,10,3,27in 1440p Monitor,displays,4,319.99,1279.96,refunded,2026-08-09T23:51:05+00:00
ORD-085456,2,3,27in 1440p Monitor,displays,2,319.99,639.98,cancelled,2026-08-09T04:25:01+00:00
ORD-085457,4,9,USB-C Hub 8-in-1,accessories,1,39.99,39.99,refunded,2026-08-09T00:57:37+00:00
ORD-085458,2,5,Over-ear Headphones,audio,5,199.95,999.75,refunded,2026-08-09T21:23:15+00:00
ORD-085459,6,1,Mechanical Keyboard 75%,peripherals,2,129.00,258.00,completed,2026-08-09T14:23:53+00:00
ORD-085460,10,2,Wireless Mouse,peripherals,4,49.50,198.00,completed,2026-08-09T09:55:27+00:00
ORD-085461,3,3,27in 1440p Monitor,displays,2,319.99,639.98,cancelled,2026-08-09T09:34:24+00:00
ORD-085462,5,1,Mechanical Keyboard 75%,peripherals,5,129.00,645.00,cancelled,2026-08-09T16:56:30+00:00
ORD-085463,3,2,Wireless Mouse,peripherals,1,49.50,49.50,refunded,2026-08-09T05:35:31+00:00
ORD-085464,2,1,Mechanical Keyboard 75%,peripherals,3,129.00,387.00,refunded,2026-08-09T22:33:17+00:00
ORD-085465,2,8,Ergonomic Chair,furniture,3,612.75,1838.25,refunded,2026-08-09T16:47:34+00:00
ORD-085466,1,3,27in 1440p Monitor,displays,5,319.99,1599.95,completed,2026-08-09T13:15:49+00:00
ORD-085467,10,6,Desk Speakers Pair,audio,1,89.00,89.00,completed,2026-08-09T12:38:38+00:00
ORD-085468,4,2,Wireless Mouse,peripherals,3,49.50,148.50,refunded,2026-08-09T12:13:05+00:00
ORD-085469,8,2,Wireless Mouse,peripherals,3,49.50,148.50,completed,2026-08-09T03:12:23+00:00
ORD-085470,1,4,34in Ultrawide Monitor,displays,4,579.00,2316.00,refunded,2026-08-09T21:53:58+00:00
ORD-085471,5,7,Standing Desk 120cm,furniture,3,449.00,1347.00,pending,2026-08-09T00:56:38+00:00
ORD-085472,10,2,Wireless Mouse,peripherals,5,49.50,247.50,pending,2026-08-09T16:44:07+00:00
ORD-085473,6,2,Wireless Mouse,peripherals,4,49.50,198.00,pending,2026-08-09T23:56:56+00:00
ORD-085474,8,2,Wireless Mouse,peripherals,5,49.50,247.50,refunded,2026-08-09T07:30:32+00:00
ORD-085475,1,4,34in Ultrawide Monitor,displays,3,579.00,1737.00,completed,2026-08-09T17:53:44+00:00
ORD-085476,2,9,USB-C Hub 8-in-1,accessories,1,39.99,39.99,pending,2026-08-09T01:25:47+00:00
ORD-085477,8,5,Over-ear Headphones,audio,4,199.95,799.80,cancelled,2026-08-09T07:52:18+00:00
ORD-085478,2,9,USB-C Hub 8-in-1,accessories,3,39.99,119.97,cancelled,2026-08-09T12:23:13+00:00
ORD-085479,2,10,Laptop Stand Aluminium,accessories,2,27.50,55.00,pending,2026-08-09T20:35:01+00:00
ORD-085480,10,3,27in 1440p Monitor,displays,4,319.99,1279.96,cancelled,2026-08-09T18:54:19+00:00
ORD-085481,1,4,34in Ultrawide Monitor,displays,3,579.00,1737.00,pending,2026-08-09T13:26:05+00:00
ORD-085482,6,10,Laptop Stand Aluminium,accessories,5,27.50,137.50,pending,2026-08-09T05:49:04+00:00
ORD-085483,5,5,Over-ear Headphones,audio,4,199.95,799.80,completed,2026-08-09T22:48:06+00:00
ORD-085484,9,1,Mechanical Keyboard 75%,peripherals,3,129.00,387.00,pending,2026-08-09T06:08:16+00:00
ORD-085485,8,9,USB-C Hub 8-in-1,accessories,4,39.99,159.96,refunded,2026-08-09T17:41:27+00:00
ORD-085486,2,9,USB-C Hub 8-in-1,accessories,1,39.99,39.99,refunded,2026-08-09T05:09:24+00:00
ORD-085487,6,3,27in 1440p Monitor,displays,5,319.99,1599.95,refunded,2026-08-09T14:42:36+00:00
ORD-085488,4,7,Standing Desk 120cm,furniture,1,449.00,449.00,pending,2026-08-09T00:33:28+00:00
ORD-085489,10,2,Wireless Mouse,peripherals,1,49.50,49.50,pending,2026-08-09T11:10:23+00:00
ORD-085490,1,10,Laptop Stand Aluminium,accessories,5,27.50,137.50,pending,2026-08-09T16:50:58+00:00
ORD-085491,9,10,Laptop Stand Aluminium,accessories,5,27.50,137.50,pending,2026-08-09T07:13:04+00:00
ORD-085492,3,8,Ergonomic Chair,furniture,4,612.75,2451.00,cancelled,2026-08-09T03:22:52+00:00
ORD-085493,9,8,Ergonomic Chair,furniture,1,612.75,612.75,cancelled,2026-08-09T22:16:06+00:00
ORD-085494,6,7,Standing Desk 120cm,furniture,2,449.00,898.00,pending,2026-08-09T17:59:22+00:00
ORD-085495,4,6,Desk Speakers Pair,audio,4,89.00,356.00,pending,2026-08-09T12:22:52+00:00
ORD-085496,3,7,Standing Desk 120cm,furniture,3,449.00,1347.00,cancelled,2026-08-09T15:31:08+00:00
ORD-085497,1,4,34in Ultrawide Monitor,displays,4,579.00,2316.00,refunded,2026-08-09T02:56:02+00:00
ORD-085498,1,8,Ergonomic Chair,furniture,3,612.75,1838.25,pending,2026-08-09T12:36:24+00:00
ORD-085499,10,1,Mechanical Keyboard 75%,peripherals,1,129.00,129.00,completed,2026-08-09T13:27:33+00:00
ORD-085500,5,1,Mechanical Keyboard 75%,peripherals,5,129.00,645.00,cancelled,2026-08-09T04:21:38+00:00
ORD-085501,7,3,27in 1440p Monitor,displays,1,319.99,319.99,refunded,2026-08-09T18:30:34+00:00
ORD-085502,9,1,Mechanical Keyboard 75%,peripherals,1,129.00,129.00,cancelled,2026-08-09T16:46:24+00:00
ORD-085503,9,6,Desk Speakers Pair,audio,5,89.00,445.00,completed,2026-08-09T03:47:35+00:00
ORD-085504,5,5,Over-ear Headphones,audio,3,199.95,599.85,pending,2026-08-09T04:10:52+00:00
ORD-085505,3,4,34in Ultrawide Monitor,displays,2,579.00,1158.00,pending,2026-08-09T12:59:04+00:00
ORD-085506,5,8,Ergonomic Chair,furniture,5,612.75,3063.75,pending,2026-08-09T00:47:24+00:00
ORD-085507,3,1,Mechanical Keyboard 75%,peripherals,2,129.00,258.00,cancelled,2026-08-09T23:42:00+00:00
ORD-085508,2,4,34in Ultrawide Monitor,displays,4,579.00,2316.00,pending,2026-08-09T11:07:48+00:00
ORD-085509,10,2,Wireless Mouse,peripherals,4,49.50,198.00,cancelled,2026-08-09T05:02:41+00:00
ORD-085510,6,6,Desk Speakers Pair,audio,2,89.00,178.00,refunded,2026-08-09T15:44:35+00:00
ORD-085511,10,2,Wireless Mouse,peripherals,5,49.50,247.50,refunded,2026-08-09T20:04:28+00:00
ORD-085512,2,7,Standing Desk 120cm,furniture,4,449.00,1796.00,completed,2026-08-09T12:25:01+00:00
ORD-085513,1,10,Laptop Stand Aluminium,accessories,1,27.50,27.50,completed,2026-08-09T07:30:19+00:00
ORD-085514,9,2,Wireless Mouse,peripherals,4,49.50,198.00,cancelled,2026-08-09T11:16:22+00:00
ORD-085515,10,8,Ergonomic Chair,furniture,2,612.75,1225.50,pending,2026-08-09T17:38:44+00:00
ORD-085516,4,3,27in 1440p Monitor,displays,5,319.99,1599.95,cancelled,2026-08-09T14:13:27+00:00
ORD-085517,3,4,34in Ultrawide Monitor,displays,2,579.00,1158.00,completed,2026-08-09T21:09:01+00:00
ORD-085518,3,3,27in 1440p Monitor,displays,3,319.99,959.97,pending,2026-08-09T03:21:41+00:00
ORD-085519,10,8,Ergonomic Chair,furniture,1,612.75,612.75,pending,2026-08-09T01:42:27+00:00
ORD-085520,4,3,27in 1440p Monitor,displays,5,319.99,1599.95,cancelled,2026-08-09T03:49:31+00:00
ORD-085521,6,6,Desk Speakers Pair,audio,1,89.00,89.00,pending,2026-08-09T22:12:02+00:00
ORD-085522,7,3,27in 1440p Monitor,displays,2,319.99,639.98,refunded,2026-08-09T21:31:12+00:00
ORD-085523,1,2,Wireless Mouse,peripherals,4,49.50,198.00,completed,2026-08-09T07:57:51+00:00
ORD-085524,10,8,Ergonomic Chair,furniture,5,612.75,3063.75,completed,2026-08-09T10:57:27+00:00
ORD-085525,7,3,27in 1440p Monitor,displays,1,319.99,319.99,refunded,2026-08-09T13:16:14+00:00
ORD-085526,1,10,Laptop Stand Aluminium,accessories,2,27.50,55.00,refunded,2026-08-09T02:56:27+00:00
ORD-085527,9,10,Laptop Stand Aluminium,accessories,3,27.50,82.50,cancelled,2026-08-09T21:36:37+00:00
ORD-085528,7,5,Over-ear Headphones,audio,2,199.95,399.90,refunded,2026-08-09T11:54:17+00:00
ORD-085529,4,4,34in Ultrawide Monitor,displays,2,579.00,1158.00,completed,2026-08-09T12:39:57+00:00
ORD-085530,3,7,Standing Desk 120cm,furniture,1,449.00,449.00,cancelled,2026-08-09T03:31:53+00:00
ORD-085531,4,3,27in 1440p Monitor,displays,1,319.99,319.99,pending,2026-08-09T03:41:24+00:00
ORD-085532,2,4,34in Ultrawide Monitor,displays,1,579.00,579.00,cancelled,2026-08-09T00:05:48+00:00
ORD-085533,4,2,Wireless Mouse,peripherals,3,49.50,148.50,refunded,2026-08-09T17:27:01+00:00
ORD-085534,6,1,Mechanical Keyboard 75%,peripherals,1,129.00,129.00,refunded,2026-08-09T07:52:49+00:00
ORD-085535,7,7,Standing Desk 120cm,furniture,4,449.00,1796.00,cancelled,2026-08-09T00:54:24+00:00
ORD-085536,2,5,Over-ear Headphones,audio,4,199.95,799.80,completed,2026-08-09T11:47:43+00:00
ORD-085537,10,7,Standing Desk 120cm,furniture,5,449.00,2245.00,refunded,2026-08-09T09:30:41+00:00
ORD-085538,6,3,27in 1440p Monitor,displays,2,319.99,639.98,completed,2026-08-09T19:01:25+00:00
ORD-085539,8,1,Mechanical Keyboard 75%,peripherals,1,129.00,129.00,pending,2026-08-09T19:37:51+00:00
ORD-085540,6,4,34in Ultrawide Monitor,displays,5,579.00,2895.00,pending,2026-08-09T05:06:11+00:00
ORD-085541,2,6,Desk Speakers Pair,audio,4,89.00,356.00,refunded,2026-08-09T03:12:56+00:00
ORD-085542,7,9,USB-C Hub 8-in-1,accessories,2,39.99,79.98,cancelled,2026-08-09T01:10:22+00:00
ORD-085543,9,5,Over-ear Headphones,audio,5,199.95,999.75,refunded,2026-08-09T22:22:47+00:00
ORD-085544,4,1,Mechanical Keyboard 75%,peripherals,1,129.00,129.00,cancelled,2026-08-09T14:09:38+00:00
ORD-085545,9,7,Standing Desk 120cm,furniture,4,449.00,1796.00,completed,2026-08-09T13:59:24+00:00
ORD-085546,2,10,Laptop Stand Aluminium,accessories,2,27.50,55.00,completed,2026-08-09T08:30:09+00:00
ORD-085547,1,2,Wireless Mouse,peripherals,5,49.50,247.50,pending,2026-08-09T02:09:28+00:00
ORD-085548,1,6,Desk Speakers Pair,audio,5,89.00,445.00,pending,2026-08-09T16:18:33+00:00
ORD-085549,9,5,Over-ear Headphones,audio,4,199.95,799.80,cancelled,2026-08-09T10:57:30+00:00
ORD-085550,10,1,Mechanical Keyboard 75%,peripherals,1,129.00,129.00,completed,2026-08-09T20:20:36+00:00
ORD-085551,6,3,27in 1440p Monitor,displays,1,319.99,319.99,pending,2026-08-09T03:57:24+00:00
ORD-085552,4,6,Desk Speakers Pair,audio,1,89.00,89.00,pending,2026-08-09T15:35:04+00:00
ORD-085553,9,7,Standing Desk 120cm,furniture,2,449.00,898.00,pending,2026-08-09T10:59:14+00:00
ORD-085554,8,10,Laptop Stand Aluminium,accessories,5,27.50,137.50,cancelled,2026-08-09T10:29:13+00:00
ORD-085555,7,3,27in 1440p Monitor,displays,2,319.99,639.98,completed,2026-08-09T23:43:08+00:00
ORD-085556,10,5,Over-ear Headphones,audio,1,199.95,199.95,cancelled,2026-08-09T09:29:12+00:00
ORD-085557,5,6,Desk Speakers Pair,audio,2,89.00,178.00,cancelled,2026-08-09T20:18:10+00:00
ORD-085558,2,9,USB-C Hub 8-in-1,accessories,4,39.99,159.96,cancelled,2026-08-09T17:49:27+00:00
ORD-085559,9,6,Desk Speakers Pair,audio,1,89.00,89.00,pending,2026-08-09T14:05:17+00:00
ORD-085560,6,10,Laptop Stand Aluminium,accessories,1,27.50,27.50,refunded,2026-08-09T15:24:21+00:00
ORD-085561,5,10,Laptop Stand Aluminium,accessories,2,27.50,55.00,completed,2026-08-09T05:47:01+00:00
ORD-085562,7,1,Mechanical Keyboard 75%,peripherals,5,129.00,645.00,pending,2026-08-09T21:21:47+00:00
ORD-085563,6,5,Over-ear Headphones,audio,3,199.95,599.85,pending,2026-08-09T07:09:57+00:00
ORD-085564,6,10,Laptop Stand Aluminium,accessories,3,27.50,82.50,pending,2026-08-09T03:32:58+00:00
ORD-085565,2,8,Ergonomic Chair,furniture,3,612.75,1838.25,pending,2026-08-09T12:15:08+00:00
ORD-085566,2,4,34in Ultrawide Monitor,displays,1,579.00,579.00,refunded,2026-08-09T04:10:10+00:00
ORD-085567,1,1,Mechanical Keyboard 75%,peripherals,2,129.00,258.00,completed,2026-08-09T00:10:08+00:00
ORD-085568,5,10,Laptop Stand Aluminium,accessories,2,27.50,55.00,pending,2026-08-09T21:43:37+00:00
ORD-085569,1,3,27in 1440p Monitor,displays,3,319.99,959.97,refunded,2026-08-09T20:08:50+00:00
ORD-085570,4,8,Ergonomic Chair,furniture,1,612.75,612.75,cancelled,2026-08-09T15:56:28+00:00
ORD-085571,7,10,Laptop Stand Aluminium,accessories,2,27.50,55.00,pending,2026-08-09T13:44:53+00:00
ORD-085572,8,1,Mechanical Keyboard 75%,peripherals,5,129.00,645.00,completed,2026-08-09T23:12:25+00:00
ORD-085573,8,6,Desk Speakers Pair,audio,2,89.00,178.00,completed,2026-08-09T13:09:18+00:00
ORD-085574,2,5,Over-ear Headphones,audio,4,199.95,799.80,completed,2026-08-09T18:54:30+00:00
ORD-085575,9,9,USB-C Hub 8-in-1,accessories,5,39.99,199.95,completed,2026-08-09T14:39:56+00:00
ORD-085576,8,2,Wireless Mouse,peripherals,4,49.50,198.00,pending,2026-08-09T19:44:03+00:00
ORD-085577,7,4,34in Ultrawide Monitor,displays,2,579.00,1158.00,cancelled,2026-08-09T16:27:43+00:00
ORD-085578,5,10,Laptop Stand Aluminium,accessories,4,27.50,110.00,cancelled,2026-08-09T11:38:52+00:00
ORD-085579,10,3,27in 1440p Monitor,displays,3,319.99,959.97,pending,2026-08-09T09:16:42+00:00
ORD-085580,3,10,Laptop Stand Aluminium,accessories,3,27.50,82.50,pending,2026-08-09T16:18:33+00:00
ORD-085581,1,2,Wireless Mouse,peripherals,1,49.50,49.50,refunded,2026-08-09T00:23:57+00:00
ORD-085582,1,10,Laptop Stand Aluminium,accessories,4,27.50,110.00,refunded,2026-08-09T16:40:45+00:00
ORD-085583,5,7,Standing Desk 120cm,furniture,5,449.00,2245.00,pending,2026-08-09T23:07:43+00:00
ORD-085584,1,4,34in Ultrawide Monitor,displays,2,579.00,1158.00,completed,2026-08-09T15:59:03+00:00
ORD-085585,6,9,USB-C Hub 8-in-1,accessories,5,39.99,199.95,cancelled,2026-08-09T03:48:02+00:00
ORD-085586,8,1,Mechanical Keyboard 75%,peripherals,5,129.00,645.00,cancelled,2026-08-09T08:56:55+00:00
ORD-085587,9,10,Laptop Stand Aluminium,accessories,2,27.50,55.00,cancelled,2026-08-09T12:17:01+00:00
ORD-085588,1,4,34in Ultrawide Monitor,displays,5,579.00,2895.00,pending,2026-08-09T07:18:06+00:00
ORD-085589,9,2,Wireless Mouse,peripherals,5,49.50,247.50,refunded,2026-08-09T07:11:49+00:00
ORD-085590,8,10,Laptop Stand Aluminium,accessories,4,27.50,110.00,refunded,2026-08-09T11:12:32+00:00
ORD-085591,6,3,27in 1440p Monitor,displays,1,319.99,319.99,refunded,2026-08-09T16:06:47+00:00
ORD-085592,5,3,27in 1440p Monitor,displays,5,319.99,1599.95,cancelled,2026-08-09T16:17:56+00:00
ORD-085593,1,2,Wireless Mouse,peripherals,1,49.50,49.50,cancelled,2026-08-09T17:08:00+00:00
ORD-085594,1,8,Ergonomic Chair,furniture,2,612.75,1225.50,completed,2026-08-09T02:58:11+00:00
ORD-085595,2,1,Mechanical Keyboard 75%,peripherals,1,129.00,129.00,refunded,2026-08-09T00:25:52+00:00
ORD-085596,9,5,Over-ear Headphones,audio,2,199.95,399.90,completed,2026-08-09T19:31:46+00:00
ORD-085597,4,1,Mechanical Keyboard 75%,peripherals,1,129.00,129.00,completed,2026-08-09T20:19:56+00:00
ORD-085598,6,4,34in Ultrawide Monitor,displays,5,579.00,2895.00,cancelled,2026-08-09T11:34:48+00:00
ORD-085599,4,4,34in Ultrawide Monitor,displays,5,579.00,2895.00,cancelled,2026-08-09T19:31:47+00:00
ORD-085600,7,1,Mechanical Keyboard 75%,peripherals,5,129.00,645.00,completed,2026-08-09T07:40:13+00:00
ORD-085601,9,8,Ergonomic Chair,furniture,1,612.75,612.75,completed,2026-08-09T17:54:13+00:00
ORD-085602,6,10,Laptop Stand Aluminium,accessories,5,27.50,137.50,pending,not-a-valid-date
ORD-085603,3,5,Over-ear Headphones,audio,1,199.95,199.95,completed,2026-08-09T19:50:44+00:00
ORD-085604,6,2,Wireless Mouse,peripherals,1,49.50,49.50,pending,2026-08-09T23:17:09+00:00
ORD-085605,6,3,27in 1440p Monitor,displays,5,319.99,1599.95,cancelled,2026-08-09T06:30:45+00:00
ORD-085606,10,1,Mechanical Keyboard 75%,peripherals,3,129.00,387.00,refunded,2026-08-09T23:04:30+00:00
ORD-085607,2,10,Laptop Stand Aluminium,accessories,3,27.50,82.50,completed,2026-08-09T11:58:03+00:00
ORD-085608,6,6,Desk Speakers Pair,audio,3,89.00,267.00,pending,2026-08-09T01:39:53+00:00
ORD-085609,3,2,Wireless Mouse,peripherals,2,49.50,99.00,completed,2026-08-09T06:43:51+00:00
ORD-085610,8,10,Laptop Stand Aluminium,accessories,5,27.50,137.50,pending,2026-08-09T01:31:10+00:00
ORD-085611,7,7,Standing Desk 120cm,furniture,4,449.00,1796.00,refunded,2026-08-09T23:17:33+00:00
ORD-085612,6,6,Desk Speakers Pair,audio,5,89.00,445.00,pending,2026-08-09T07:57:03+00:00
ORD-085613,3,3,27in 1440p Monitor,displays,3,319.99,959.97,completed,2026-08-09T17:36:57+00:00
ORD-085614,5,7,Standing Desk 120cm,furniture,2,449.00,898.00,cancelled,2026-08-09T18:37:52+00:00
ORD-085615,2,4,34in Ultrawide Monitor,displays,3,579.00,1737.00,refunded,2026-08-09T15:25:03+00:00
ORD-085616,1,6,Desk Speakers Pair,audio,5,89.00,445.00,refunded,2026-08-09T01:37:26+00:00
ORD-085617,7,6,Desk Speakers Pair,audio,1,89.00,89.00,pending,2026-08-09T17:45:17+00:00
ORD-085618,10,3,27in 1440p Monitor,displays,4,319.99,1279.96,pending,2026-08-09T11:34:18+00:00
ORD-085619,1,6,Desk Speakers Pair,audio,1,89.00,89.00,pending,2026-08-09T00:17:02+00:00
ORD-085620,6,3,27in 1440p Monitor,displays,3,319.99,959.97,completed,2026-08-09T07:32:08+00:00
ORD-085621,8,2,Wireless Mouse,peripherals,1,49.50,49.50,completed,2026-08-09T09:04:38+00:00
ORD-085622,3,10,Laptop Stand Aluminium,accessories,3,27.50,82.50,completed,2026-08-09T02:48:35+00:00
ORD-085623,5,5,Over-ear Headphones,audio,2,199.95,399.90,completed,2026-08-09T12:07:11+00:00
ORD-085624,5,9,USB-C Hub 8-in-1,accessories,1,39.99,39.99,pending,2026-08-09T01:31:11+00:00
ORD-085625,1,7,Standing Desk 120cm,furniture,2,449.00,898.00,refunded,2026-08-09T06:55:29+00:00
ORD-085626,6,6,Desk Speakers Pair,audio,4,89.00,356.00,refunded,2026-08-09T08:51:03+00:00
ORD-085627,2,2,Wireless Mouse,peripherals,3,49.50,148.50,cancelled,2026-08-09T10:51:01+00:00
ORD-085628,1,5,Over-ear Headphones,audio,3,199.95,599.85,completed,2026-08-09T10:09:29+00:00
ORD-085629,2,5,Over-ear Headphones,audio,3,199.95,599.85,cancelled,2026-08-09T19:21:42+00:00
ORD-085630,10,9,USB-C Hub 8-in-1,accessories,5,39.99,199.95,refunded,2026-08-09T20:13:27+00:00
ORD-085631,8,3,27in 1440p Monitor,displays,2,319.99,639.98,completed,2026-08-09T18:18:18+00:00
ORD-085632,10,9,USB-C Hub 8-in-1,accessories,4,39.99,159.96,refunded,2026-08-09T21:15:47+00:00
ORD-085633,5,2,Wireless Mouse,peripherals,4,49.50,198.00,pending,2026-08-09T09:51:19+00:00
ORD-085634,9,10,Laptop Stand Aluminium,accessories,1,27.50,27.50,refunded,2026-08-09T10:44:21+00:00
ORD-085635,9,3,27in 1440p Monitor,displays,3,319.99,959.97,pending,2026-08-09T07:10:27+00:00
ORD-085636,3,3,27in 1440p Monitor,displays,3,319.99,959.97,completed,2026-08-09T05:18:20+00:00
ORD-085637,4,4,34in Ultrawide Monitor,displays,3,579.00,1737.00,pending,2026-08-09T03:45:25+00:00
ORD-085638,3,10,Laptop Stand Aluminium,accessories,2,27.50,55.00,pending,2026-08-09T20:43:44+00:00
ORD-085639,8,2,Wireless Mouse,peripherals,5,49.50,247.50,refunded,2026-08-09T04:10:34+00:00
ORD-085640,8,7,Standing Desk 120cm,furniture,5,449.00,2245.00,completed,2026-08-09T19:21:49+00:00
ORD-085641,7,4,34in Ultrawide Monitor,displays,2,579.00,1158.00,pending,2026-08-09T05:38:04+00:00
ORD-085642,1,7,Standing Desk 120cm,furniture,2,449.00,898.00,cancelled,2026-08-09T06:37:55+00:00
ORD-085643,2,4,34in Ultrawide Monitor,displays,5,579.00,2895.00,refunded,2026-08-09T08:12:38+00:00
ORD-085644,10,5,Over-ear Headphones,audio,3,199.95,599.85,pending,2026-08-09T12:24:19+00:00
ORD-085645,2,2,Wireless Mouse,peripherals,2,49.50,99.00,cancelled,2026-08-09T16:23:20+00:00
ORD-085646,2,4,34in Ultrawide Monitor,displays,2,579.00,1158.00,pending,2026-08-09T05:42:55+00:00
ORD-085647,9,4,34in Ultrawide Monitor,displays,1,579.00,579.00,completed,2026-08-09T02:10:54+00:00
ORD-085648,9,7,Standing Desk 120cm,furniture,2,449.00,898.00,cancelled,2026-08-09T03:21:18+00:00
ORD-085649,10,7,Standing Desk 120cm,furniture,3,449.00,1347.00,cancelled,2026-08-09T16:08:55+00:00
ORD-085650,5,2,Wireless Mouse,peripherals,1,49.50,49.50,completed,2026-08-09T14:53:21+00:00
ORD-085651,10,1,Mechanical Keyboard 75%,peripherals,1,129.00,129.00,cancelled,2026-08-09T11:53:58+00:00
ORD-085652,9,4,34in Ultrawide Monitor,displays,3,579.00,1737.00,cancelled,2026-08-09T07:59:44+00:00
ORD-085653,8,8,Ergonomic Chair,furniture,4,612.75,2451.00,pending,2026-08-09T09:49:17+00:00
ORD-085654,7,3,27in 1440p Monitor,displays,4,319.99,1279.96,cancelled,2026-08-09T07:07:18+00:00
ORD-085655,6,8,Ergonomic Chair,furniture,3,612.75,1838.25,completed,2026-08-09T02:34:30+00:00
ORD-085656,9,8,Ergonomic Chair,furniture,4,612.75,2451.00,completed,2026-08-09T15:38:26+00:00
ORD-085657,7,6,Desk Speakers Pair,audio,3,89.00,267.00,pending,2026-08-09T22:49:20+00:00
ORD-085658,5,10,Laptop Stand Aluminium,accessories,5,27.50,137.50,pending,2026-08-09T00:23:28+00:00
ORD-085659,7,10,Laptop Stand Aluminium,accessories,1,27.50,27.50,cancelled,2026-08-09T22:25:10+00:00
ORD-085660,5,6,Desk Speakers Pair,audio,4,89.00,356.00,cancelled,2026-08-09T05:05:38+00:00
ORD-085661,4,2,Wireless Mouse,peripherals,4,49.50,198.00,completed,2026-08-09T13:00:22+00:00
ORD-085662,4,4,34in Ultrawide Monitor,displays,4,579.00,2316.00,completed,2026-08-09T12:30:56+00:00
ORD-085663,2,5,Over-ear Headphones,audio,4,199.95,799.80,cancelled,2026-08-09T14:49:32+00:00
ORD-085664,2,8,Ergonomic Chair,furniture,4,612.75,2451.00,refunded,2026-08-09T19:26:18+00:00
ORD-085665,8,5,Over-ear Headphones,audio,3,199.95,599.85,refunded,2026-08-09T11:04:18+00:00
ORD-085666,5,3,27in 1440p Monitor,displays,5,319.99,1599.95,refunded,2026-08-09T18:42:34+00:00
ORD-085667,1,10,Laptop Stand Aluminium,accessories,2,27.50,55.00,completed,2026-08-09T16:20:45+00:00
ORD-085668,9,7,Standing Desk 120cm,furniture,1,449.00,449.00,pending,2026-08-09T03:36:41+00:00
ORD-085669,9,6,Desk Speakers Pair,audio,2,89.00,178.00,pending,2026-08-09T22:02:35+00:00
ORD-085670,8,4,34in Ultrawide Monitor,displays,5,579.00,2895.00,refunded,2026-08-09T23:24:46+00:00
ORD-085671,4,1,Mechanical Keyboard 75%,peripherals,3,129.00,387.00,completed,2026-08-09T18:12:17+00:00
ORD-085672,9,3,27in 1440p Monitor,displays,4,319.99,1279.96,refunded,2026-08-09T23:13:56+00:00
ORD-085673,10,1,Mechanical Keyboard 75%,peripherals,1,129.00,129.00,pending,2026-08-09T06:46:28+00:00
ORD-085674,10,3,27in 1440p Monitor,displays,2,319.99,639.98,pending,2026-08-09T13:47:47+00:00
ORD-085675,4,4,34in Ultrawide Monitor,displays,2,579.00,1158.00,completed,2026-08-09T03:34:46+00:00
ORD-085676,7,4,34in Ultrawide Monitor,displays,3,579.00,1737.00,cancelled,2026-08-09T09:58:48+00:00
ORD-085677,9,10,Laptop Stand Aluminium,accessories,3,27.50,82.50,refunded,2026-08-09T09:11:24+00:00
ORD-085678,9,1,Mechanical Keyboard 75%,peripherals,4,129.00,516.00,pending,2026-08-09T22:05:22+00:00
ORD-085679,1,6,Desk Speakers Pair,audio,3,89.00,267.00,pending,2026-08-09T02:39:42+00:00
ORD-085680,3,10,Laptop Stand Aluminium,accessories,3,27.50,82.50,completed,2026-08-09T22:37:09+00:00
ORD-085681,3,6,Desk Speakers Pair,audio,2,89.00,178.00,cancelled,2026-08-09T15:12:17+00:00
ORD-085682,10,10,Laptop Stand Aluminium,accessories,5,27.50,137.50,cancelled,2026-08-09T15:49:05+00:00
ORD-085683,6,5,Over-ear Headphones,audio,4,199.95,799.80,cancelled,2026-08-09T00:57:49+00:00
ORD-085684,3,1,Mechanical Keyboard 75%,peripherals,5,129.00,645.00,completed,2026-08-09T16:27:51+00:00
ORD-085685,10,7,Standing Desk 120cm,furniture,2,449.00,898.00,cancelled,2026-08-09T09:49:00+00:00
ORD-085686,10,1,Mechanical Keyboard 75%,peripherals,2,129.00,258.00,completed,2026-08-09T09:47:27+00:00
ORD-085687,8,6,Desk Speakers Pair,audio,3,89.00,267.00,pending,2026-08-09T14:58:24+00:00
ORD-085688,7,6,Desk Speakers Pair,audio,4,89.00,356.00,pending,2026-08-09T03:03:30+00:00
ORD-085689,8,7,Standing Desk 120cm,furniture,5,449.00,2245.00,refunded,2026-08-09T02:33:11+00:00
ORD-085690,4,8,Ergonomic Chair,furniture,1,612.75,612.75,pending,2026-08-09T03:49:29+00:00
ORD-085691,7,5,Over-ear Headphones,audio,3,199.95,599.85,completed,2026-08-09T02:46:25+00:00
ORD-085692,9,8,Ergonomic Chair,furniture,3,612.75,1838.25,pending,2026-08-09T09:24:49+00:00
ORD-085693,9,3,27in 1440p Monitor,displays,3,319.99,959.97,completed,2026-08-09T21:05:19+00:00
ORD-085694,8,8,Ergonomic Chair,furniture,5,612.75,3063.75,completed,2026-08-09T07:59:01+00:00
ORD-085695,1,1,Mechanical Keyboard 75%,peripherals,1,129.00,129.00,completed,2026-08-09T07:30:30+00:00
ORD-085696,9,8,Ergonomic Chair,furniture,4,612.75,2451.00,completed,2026-08-09T12:26:28+00:00
ORD-085697,7,5,Over-ear Headphones,audio,2,199.95,399.90,pending,2026-08-09T01:15:50+00:00
ORD-085698,4,9,USB-C Hub 8-in-1,accessories,3,39.99,119.97,cancelled,2026-08-09T18:49:26+00:00
ORD-085699,10,6,Desk Speakers Pair,audio,1,89.00,89.00,refunded,2026-08-09T22:36:04+00:00
ORD-085700,10,5,Over-ear Headphones,audio,4,199.95,799.80,completed,2026-08-09T17:03:13+00:00
ORD-085701,2,9,USB-C Hub 8-in-1,accessories,2,39.99,79.98,pending,2026-08-09T22:25:42+00:00
ORD-085702,5,3,27in 1440p Monitor,displays,4,319.99,1279.96,pending,2026-08-09T15:32:57+00:00
ORD-085703,8,5,Over-ear Headphones,audio,2,199.95,399.90,pending,2026-08-09T07:14:38+00:00
ORD-085704,5,9,USB-C Hub 8-in-1,accessories,3,39.99,119.97,cancelled,2026-08-09T20:11:43+00:00
ORD-085705,10,9,USB-C Hub 8-in-1,accessories,2,39.99,79.98,cancelled,2026-08-09T08:00:11+00:00
ORD-085706,1,7,Standing Desk 120cm,furniture,1,449.00,449.00,pending,2026-08-09T23:09:32+00:00
ORD-085707,8,6,Desk Speakers Pair,audio,5,89.00,445.00,pending,2026-08-09T13:01:03+00:00
ORD-085708,4,4,34in Ultrawide Monitor,displays,2,579.00,1158.00,cancelled,2026-08-09T09:57:00+00:00
ORD-085709,2,7,Standing Desk 120cm,furniture,5,449.00,2245.00,completed,2026-08-09T16:09:57+00:00
ORD-085710,8,1,Mechanical Keyboard 75%,peripherals,3,129.00,387.00,completed,2026-08-09T05:15:04+00:00
ORD-085711,7,1,Mechanical Keyboard 75%,peripherals,5,129.00,645.00,pending,2026-08-09T10:38:10+00:00
ORD-085712,4,8,Ergonomic Chair,furniture,1,612.75,612.75,pending,2026-08-09T09:06:36+00:00
ORD-085713,5,2,Wireless Mouse,peripherals,5,49.50,247.50,cancelled,2026-08-09T03:39:10+00:00
ORD-085714,2,2,Wireless Mouse,peripherals,1,49.50,49.50,pending,2026-08-09T04:26:39+00:00
ORD-085715,1,8,Ergonomic Chair,furniture,3,612.75,1838.25,refunded,2026-08-09T20:07:46+00:00
ORD-085716,6,7,Standing Desk 120cm,furniture,3,449.00,1347.00,refunded,2026-08-09T12:49:59+00:00
ORD-085717,4,7,Standing Desk 120cm,furniture,3,449.00,1347.00,refunded,2026-08-09T22:19:53+00:00
ORD-085718,4,1,Mechanical Keyboard 75%,peripherals,3,129.00,387.00,cancelled,2026-08-09T10:32:07+00:00
ORD-085719,1,7,Standing Desk 120cm,furniture,1,449.00,449.00,pending,2026-08-09T23:18:20+00:00
ORD-085720,3,8,Ergonomic Chair,furniture,2,612.75,1225.50,completed,2026-08-09T18:43:44+00:00
ORD-085721,5,7,Standing Desk 120cm,furniture,5,449.00,2245.00,cancelled,2026-08-09T21:11:33+00:00
ORD-085722,7,6,Desk Speakers Pair,audio,1,89.00,89.00,cancelled,2026-08-09T00:01:48+00:00
ORD-085723,9,1,Mechanical Keyboard 75%,peripherals,5,129.00,645.00,cancelled,2026-08-09T17:34:18+00:00
ORD-085724,10,10,Laptop Stand Aluminium,accessories,5,27.50,137.50,refunded,2026-08-09T18:20:05+00:00
ORD-085725,3,8,Ergonomic Chair,furniture,2,612.75,1225.50,refunded,2026-08-09T04:36:03+00:00
ORD-085726,4,4,34in Ultrawide Monitor,displays,2,579.00,1158.00,pending,2026-08-09T12:44:32+00:00
ORD-085727,3,8,Ergonomic Chair,furniture,1,612.75,612.75,pending,2026-08-09T23:57:00+00:00
ORD-085728,5,5,Over-ear Headphones,audio,4,199.95,799.80,cancelled,2026-08-09T02:11:55+00:00
ORD-085729,4,9,USB-C Hub 8-in-1,accessories,2,39.99,79.98,pending,2026-08-09T12:03:30+00:00
ORD-085730,7,6,Desk Speakers Pair,audio,3,89.00,267.00,refunded,2026-08-09T03:28:28+00:00
ORD-085731,6,5,Over-ear Headphones,audio,3,199.95,599.85,completed,2026-08-09T17:01:30+00:00
ORD-085732,10,8,Ergonomic Chair,furniture,2,612.75,1225.50,completed,2026-08-09T07:15:52+00:00
ORD-085733,2,3,27in 1440p Monitor,displays,5,319.99,1599.95,pending,2026-08-09T06:19:13+00:00
ORD-085734,5,1,Mechanical Keyboard 75%,peripherals,2,129.00,258.00,cancelled,2026-08-09T16:38:43+00:00
ORD-085735,6,9,USB-C Hub 8-in-1,accessories,5,39.99,199.95,cancelled,2026-08-09T09:05:24+00:00
ORD-085736,5,10,Laptop Stand Aluminium,accessories,4,27.50,110.00,cancelled,2026-08-09T11:11:28+00:00
ORD-085737,9,10,Laptop Stand Aluminium,accessories,5,27.50,137.50,pending,2026-08-09T19:17:46+00:00
ORD-085738,10,5,Over-ear Headphones,audio,4,199.95,799.80,refunded,2026-08-09T13:40:01+00:00
ORD-085739,6,1,Mechanical Keyboard 75%,peripherals,3,129.00,387.00,refunded,2026-08-09T14:44:38+00:00
ORD-085740,5,4,34in Ultrawide Monitor,displays,4,579.00,2316.00,completed,2026-08-09T08:50:34+00:00
ORD-085741,7,3,27in 1440p Monitor,displays,2,319.99,639.98,refunded,2026-08-09T05:58:30+00:00
ORD-085742,7,2,Wireless Mouse,peripherals,4,49.50,198.00,completed,2026-08-09T04:54:08+00:00
ORD-085743,4,1,Mechanical Keyboard 75%,peripherals,2,129.00,258.00,pending,2026-08-09T03:28:14+00:00
ORD-085744,5,10,Laptop Stand Aluminium,accessories,5,27.50,137.50,cancelled,2026-08-09T14:42:53+00:00
ORD-085745,3,9,USB-C Hub 8-in-1,accessories,1,39.99,39.99,refunded,2026-08-09T07:27:32+00:00
ORD-085746,8,6,Desk Speakers Pair,audio,1,89.00,89.00,completed,2026-08-09T12:50:06+00:00
ORD-085747,5,8,Ergonomic Chair,furniture,4,612.75,2451.00,refunded,2026-08-09T08:44:43+00:00
ORD-085748,6,6,Desk Speakers Pair,audio,4,89.00,356.00,pending,2026-08-09T17:30:39+00:00
ORD-085749,5,3,27in 1440p Monitor,displays,5,319.99,1599.95,refunded,2026-08-09T05:07:58+00:00
ORD-085750,10,2,Wireless Mouse,peripherals,4,49.50,198.00,pending,2026-08-09T11:25:00+00:00
ORD-085751,4,4,34in Ultrawide Monitor,displays,5,579.00,2895.00,pending,2026-08-09T02:20:30+00:00
ORD-085752,6,3,27in 1440p Monitor,displays,4,319.99,1279.96,refunded,2026-08-09T08:26:12+00:00
ORD-085753,4,2,Wireless Mouse,peripherals,1,49.50,49.50,completed,2026-08-09T08:19:32+00:00
ORD-085754,9,4,34in Ultrawide Monitor,displays,3,579.00,1737.00,completed,2026-08-09T20:53:00+00:00
ORD-085755,1,2,Wireless Mouse,peripherals,2,49.50,99.00,cancelled,2026-08-09T00:03:47+00:00
ORD-085756,6,1,Mechanical Keyboard 75%,peripherals,1,129.00,129.00,cancelled,2026-08-09T22:16:50+00:00
ORD-085757,1,5,Over-ear Headphones,audio,1,199.95,199.95,pending,2026-08-09T11:57:51+00:00
ORD-085758,8,5,Over-ear Headphones,audio,4,199.95,799.80,pending,2026-08-09T11:28:52+00:00
ORD-085759,3,3,27in 1440p Monitor,displays,2,319.99,639.98,completed,2026-08-09T14:37:35+00:00
ORD-085760,6,9,USB-C Hub 8-in-1,accessories,1,39.99,39.99,pending,2026-08-09T06:55:10+00:00
ORD-085761,10,3,27in 1440p Monitor,displays,5,319.99,1599.95,completed,2026-08-09T07:32:31+00:00
ORD-085762,1,6,Desk Speakers Pair,audio,3,89.00,267.00,pending,2026-08-09T02:13:22+00:00
ORD-085763,7,7,Standing Desk 120cm,furniture,2,449.00,898.00,cancelled,2026-08-09T15:27:26+00:00
ORD-085764,7,1,Mechanical Keyboard 75%,peripherals,3,129.00,387.00,pending,2026-08-09T14:20:42+00:00
ORD-085765,4,9,USB-C Hub 8-in-1,accessories,3,39.99,119.97,refunded,2026-08-09T20:38:33+00:00
ORD-085766,1,10,Laptop Stand Aluminium,accessories,1,27.50,27.50,pending,2026-08-09T18:06:17+00:00
ORD-085767,7,2,Wireless Mouse,peripherals,4,49.50,198.00,completed,2026-08-09T11:41:19+00:00
ORD-085768,3,9,USB-C Hub 8-in-1,accessories,3,39.99,119.97,completed,2026-08-09T13:17:14+00:00
ORD-085769,5,9,USB-C Hub 8-in-1,accessories,1,39.99,39.99,pending,2026-08-09T08:04:31+00:00
ORD-085770,5,1,Mechanical Keyboard 75%,peripherals,5,129.00,645.00,pending,2026-08-09T22:24:07+00:00
ORD-085771,1,3,27in 1440p Monitor,displays,3,319.99,959.97,pending,2026-08-09T23:01:16+00:00
ORD-085772,7,4,34in Ultrawide Monitor,displays,4,579.00,2316.00,pending,2026-08-09T19:14:25+00:00
ORD-085773,6,10,Laptop Stand Aluminium,accessories,5,27.50,137.50,pending,2026-08-09T03:23:28+00:00
ORD-085774,3,8,Ergonomic Chair,furniture,3,612.75,1838.25,refunded,2026-08-09T15:55:17+00:00
ORD-085775,1,9,USB-C Hub 8-in-1,accessories,2,39.99,79.98,completed,2026-08-09T11:26:09+00:00
ORD-085776,8,9,USB-C Hub 8-in-1,accessories,5,39.99,199.95,completed,2026-08-09T06:45:47+00:00
ORD-085777,2,2,Wireless Mouse,peripherals,2,49.50,99.00,completed,2026-08-09T15:29:27+00:00
ORD-085778,8,1,Mechanical Keyboard 75%,peripherals,1,129.00,129.00,pending,2026-08-09T17:03:14+00:00
ORD-085779,4,2,Wireless Mouse,peripherals,5,49.50,247.50,cancelled,2026-08-09T10:32:57+00:00
ORD-085780,8,1,Mechanical Keyboard 75%,peripherals,3,129.00,387.00,pending,2026-08-09T03:58:51+00:00
ORD-085781,1,7,Standing Desk 120cm,furniture,2,449.00,898.00,pending,2026-08-09T20:07:00+00:00
ORD-085782,5,1,Mechanical Keyboard 75%,peripherals,3,129.00,387.00,completed,2026-08-09T16:23:33+00:00
ORD-085783,2,5,Over-ear Headphones,audio,4,199.95,799.80,cancelled,2026-08-09T18:47:10+00:00
ORD-085784,7,2,Wireless Mouse,peripherals,3,49.50,148.50,cancelled,2026-08-09T11:22:42+00:00
ORD-085785,3,5,Over-ear Headphones,audio,5,199.95,999.75,completed,2026-08-09T05:45:02+00:00
ORD-085786,3,10,Laptop Stand Aluminium,accessories,5,27.50,137.50,completed,2026-08-09T04:02:52+00:00
ORD-085787,10,8,Ergonomic Chair,furniture,3,612.75,1838.25,pending,2026-08-09T10:37:03+00:00
ORD-085788,1,3,27in 1440p Monitor,displays,1,319.99,319.99,cancelled,2026-08-09T00:57:55+00:00
ORD-085789,3,10,Laptop Stand Aluminium,accessories,4,27.50,110.00,refunded,2026-08-09T12:06:12+00:00
ORD-085790,3,1,Mechanical Keyboard 75%,peripherals,4,129.00,516.00,cancelled,2026-08-09T22:32:19+00:00
ORD-085791,10,10,Laptop Stand Aluminium,accessories,5,27.50,137.50,pending,2026-08-09T20:59:54+00:00
ORD-085792,3,4,34in Ultrawide Monitor,displays,3,579.00,1737.00,refunded,2026-08-09T18:35:58+00:00
ORD-085793,5,1,Mechanical Keyboard 75%,peripherals,2,129.00,258.00,refunded,2026-08-09T23:39:26+00:00
ORD-085794,8,2,Wireless Mouse,peripherals,4,49.50,198.00,pending,2026-08-09T08:23:49+00:00
ORD-085795,5,5,Over-ear Headphones,audio,3,199.95,599.85,refunded,2026-08-09T03:53:12+00:00
ORD-085796,7,9,USB-C Hub 8-in-1,accessories,3,39.99,119.97,completed,2026-08-09T07:06:45+00:00
ORD-085797,6,2,Wireless Mouse,peripherals,5,49.50,247.50,completed,2026-08-09T00:28:00+00:00
ORD-085798,1,10,Laptop Stand Aluminium,accessories,5,27.50,137.50,pending,2026-08-09T03:09:56+00:00
ORD-085799,6,4,34in Ultrawide Monitor,displays,5,579.00,2895.00,completed,2026-08-09T22:03:24+00:00
ORD-085800,4,1,Mechanical Keyboard 75%,peripherals,1,129.00,129.00,cancelled,2026-08-09T18:07:29+00:00
ORD-085801,3,6,Desk Speakers Pair,audio,3,89.00,267.00,refunded,2026-08-09T06:39:29+00:00
ORD-085802,4,10,Laptop Stand Aluminium,accessories,4,27.50,110.00,pending,2026-08-09T10:51:41+00:00
ORD-085803,4,2,Wireless Mouse,peripherals,5,49.50,247.50,completed,2026-08-09T04:43:50+00:00
ORD-085804,8,5,Over-ear Headphones,audio,2,199.95,399.90,pending,2026-08-09T21:49:59+00:00
ORD-085805,9,10,Laptop Stand Aluminium,accessories,2,27.50,55.00,pending,2026-08-09T06:09:19+00:00
ORD-085806,3,2,Wireless Mouse,peripherals,1,49.50,49.50,completed,2026-08-09T08:07:33+00:00
ORD-085807,2,6,Desk Speakers Pair,audio,5,89.00,445.00,pending,2026-08-09T12:10:11+00:00
ORD-085808,4,8,Ergonomic Chair,furniture,3,612.75,1838.25,refunded,2026-08-09T03:45:52+00:00
ORD-085809,10,10,Laptop Stand Aluminium,accessories,2,27.50,55.00,refunded,2026-08-09T07:40:39+00:00
ORD-085810,6,9,USB-C Hub 8-in-1,accessories,3,39.99,119.97,completed,2026-08-09T23:51:24+00:00
ORD-085811,1,1,Mechanical Keyboard 75%,peripherals,3,129.00,387.00,completed,2026-08-09T19:55:09+00:00
ORD-085812,8,3,27in 1440p Monitor,displays,2,319.99,639.98,cancelled,2026-08-09T15:37:40+00:00
ORD-085813,8,7,Standing Desk 120cm,furniture,4,449.00,1796.00,cancelled,2026-08-09T08:53:41+00:00
ORD-085814,1,6,Desk Speakers Pair,audio,5,89.00,445.00,cancelled,2026-08-09T06:54:54+00:00
ORD-085815,3,6,Desk Speakers Pair,audio,4,89.00,356.00,pending,2026-08-09T16:15:45+00:00
ORD-085816,8,10,Laptop Stand Aluminium,accessories,4,27.50,110.00,refunded,2026-08-09T02:52:43+00:00
ORD-085817,1,10,Laptop Stand Aluminium,accessories,4,27.50,110.00,refunded,2026-08-09T08:40:47+00:00
ORD-085818,1,7,Standing Desk 120cm,furniture,3,449.00,1347.00,completed,2026-08-09T01:15:18+00:00
ORD-085819,5,5,Over-ear Headphones,audio,5,199.95,999.75,cancelled,2026-08-09T06:33:02+00:00
ORD-085820,6,6,Desk Speakers Pair,audio,3,89.00,267.00,refunded,2026-08-09T07:41:06+00:00
ORD-085821,2,1,Mechanical Keyboard 75%,peripherals,1,129.00,129.00,refunded,2026-08-09T20:15:10+00:00
ORD-085822,2,10,Laptop Stand Aluminium,accessories,1,27.50,27.50,completed,2026-08-09T02:47:59+00:00
ORD-085823,4,6,Desk Speakers Pair,audio,2,89.00,178.00,refunded,2026-08-09T22:41:57+00:00
ORD-085824,4,5,Over-ear Headphones,audio,2,199.95,399.90,pending,2026-08-09T04:00:40+00:00
ORD-085825,7,2,Wireless Mouse,peripherals,5,49.50,247.50,cancelled,2026-08-09T07:57:01+00:00
ORD-085826,6,10,Laptop Stand Aluminium,accessories,5,27.50,137.50,cancelled,2026-08-09T01:16:09+00:00
ORD-085827,10,4,34in Ultrawide Monitor,displays,1,579.00,579.00,pending,2026-08-09T20:03:55+00:00
ORD-085828,2,8,Ergonomic Chair,furniture,5,612.75,3063.75,pending,2026-08-09T19:32:05+00:00
ORD-085829,2,7,Standing Desk 120cm,furniture,4,449.00,1796.00,completed,2026-08-09T14:32:10+00:00
ORD-085830,9,1,Mechanical Keyboard 75%,peripherals,2,129.00,258.00,refunded,2026-08-09T14:13:39+00:00
ORD-085831,10,2,Wireless Mouse,peripherals,5,49.50,247.50,cancelled,2026-08-09T06:09:06+00:00
ORD-085832,1,8,Ergonomic Chair,furniture,2,612.75,1225.50,completed,2026-08-09T20:29:28+00:00
ORD-085833,5,7,Standing Desk 120cm,furniture,5,449.00,2245.00,refunded,2026-08-09T11:22:42+00:00
ORD-085834,3,9,USB-C Hub 8-in-1,accessories,2,39.99,79.98,refunded,2026-08-09T10:25:59+00:00
ORD-085835,1,3,27in 1440p Monitor,displays,2,319.99,639.98,completed,2026-08-09T13:28:03+00:00
ORD-085836,9,10,Laptop Stand Aluminium,accessories,4,27.50,110.00,cancelled,2026-08-09T00:25:56+00:00
ORD-085837,2,7,Standing Desk 120cm,furniture,5,449.00,2245.00,cancelled,2026-08-09T13:14:28+00:00
ORD-085838,5,2,Wireless Mouse,peripherals,4,49.50,198.00,cancelled,2026-08-09T02:04:59+00:00
ORD-085839,7,8,Ergonomic Chair,furniture,1,612.75,612.75,cancelled,2026-08-09T00:07:15+00:00
ORD-085840,7,4,34in Ultrawide Monitor,displays,1,579.00,579.00,completed,2026-08-09T02:16:03+00:00
ORD-085841,3,8,Ergonomic Chair,furniture,4,612.75,2451.00,cancelled,2026-08-09T12:57:08+00:00
ORD-085842,10,5,Over-ear Headphones,audio,1,199.95,199.95,completed,2026-08-09T05:18:07+00:00
ORD-085843,10,3,27in 1440p Monitor,displays,2,319.99,639.98,pending,2026-08-09T09:09:42+00:00
ORD-085844,4,5,Over-ear Headphones,audio,2,199.95,399.90,refunded,2026-08-09T13:59:22+00:00
ORD-085845,7,7,Standing Desk 120cm,furniture,4,449.00,1796.00,pending,2026-08-09T04:00:25+00:00
ORD-085846,4,10,Laptop Stand Aluminium,accessories,2,27.50,55.00,cancelled,2026-08-09T10:34:42+00:00
ORD-085847,2,6,Desk Speakers Pair,audio,2,89.00,178.00,pending,2026-08-09T03:49:25+00:00
ORD-085848,8,5,Over-ear Headphones,audio,1,199.95,199.95,cancelled,2026-08-09T05:01:18+00:00
ORD-085849,7,4,34in Ultrawide Monitor,displays,4,579.00,2316.00,pending,2026-08-09T02:36:28+00:00
ORD-085850,2,3,27in 1440p Monitor,displays,4,319.99,1279.96,completed,2026-08-09T17:31:19+00:00
ORD-085851,1,5,Over-ear Headphones,audio,4,199.95,799.80,completed,2026-08-09T11:17:59+00:00
ORD-085852,3,9,USB-C Hub 8-in-1,accessories,1,39.99,39.99,refunded,2026-08-09T01:54:40+00:00
ORD-085853,3,8,Ergonomic Chair,furniture,2,612.75,1225.50,pending,2026-08-09T21:17:15+00:00
ORD-085854,1,2,Wireless Mouse,peripherals,2,49.50,99.00,pending,2026-08-09T08:00:03+00:00
ORD-085855,7,3,27in 1440p Monitor,displays,4,319.99,1279.96,completed,2026-08-09T20:43:53+00:00
ORD-085856,6,2,Wireless Mouse,peripherals,3,49.50,148.50,pending,2026-08-09T22:48:47+00:00
ORD-085857,3,4,34in Ultrawide Monitor,displays,2,579.00,1158.00,pending,2026-08-09T19:30:46+00:00
ORD-085858,10,5,Over-ear Headphones,audio,5,199.95,999.75,completed,2026-08-09T22:48:14+00:00
ORD-085859,4,2,Wireless Mouse,peripherals,4,49.50,198.00,refunded,2026-08-09T18:50:55+00:00
ORD-085860,7,10,Laptop Stand Aluminium,accessories,5,27.50,137.50,refunded,2026-08-09T00:00:22+00:00
ORD-085861,3,9,USB-C Hub 8-in-1,accessories,3,39.99,119.97,completed,2026-08-09T17:09:00+00:00
ORD-085862,1,10,Laptop Stand Aluminium,accessories,4,27.50,110.00,pending,2026-08-09T12:26:57+00:00
ORD-085863,9,7,Standing Desk 120cm,furniture,3,449.00,1347.00,refunded,2026-08-09T05:39:25+00:00
ORD-085864,5,3,27in 1440p Monitor,displays,2,319.99,639.98,pending,2026-08-09T04:34:43+00:00
ORD-085865,2,6,Desk Speakers Pair,audio,1,89.00,89.00,completed,2026-08-09T06:14:05+00:00
ORD-085866,3,6,Desk Speakers Pair,audio,5,89.00,445.00,refunded,2026-08-09T00:48:09+00:00
ORD-085867,5,8,Ergonomic Chair,furniture,4,612.75,2451.00,pending,2026-08-09T09:35:52+00:00
ORD-085868,5,2,Wireless Mouse,peripherals,5,49.50,247.50,pending,2026-08-09T09:13:55+00:00
ORD-085869,5,3,27in 1440p Monitor,displays,1,319.99,319.99,cancelled,2026-08-09T03:27:47+00:00
ORD-085870,4,2,Wireless Mouse,peripherals,4,49.50,198.00,cancelled,2026-08-09T01:21:04+00:00
ORD-085871,5,1,Mechanical Keyboard 75%,peripherals,2,129.00,258.00,cancelled,2026-08-09T12:36:57+00:00
ORD-085872,4,9,USB-C Hub 8-in-1,accessories,5,39.99,199.95,pending,2026-08-09T09:27:00+00:00
ORD-085873,4,5,Over-ear Headphones,audio,1,199.95,199.95,refunded,2026-08-09T23:34:09+00:00
ORD-085874,10,7,Standing Desk 120cm,furniture,5,449.00,2245.00,completed,2026-08-09T04:48:16+00:00
ORD-085875,8,8,Ergonomic Chair,furniture,1,612.75,612.75,completed,2026-08-09T23:49:12+00:00
ORD-085876,7,1,Mechanical Keyboard 75%,peripherals,4,129.00,516.00,cancelled,2026-08-09T13:41:33+00:00
ORD-085877,8,9,USB-C Hub 8-in-1,accessories,2,39.99,79.98,refunded,2026-08-09T17:13:19+00:00
ORD-085878,5,8,Ergonomic Chair,furniture,4,612.75,2451.00,cancelled,2026-08-09T07:54:40+00:00
ORD-085879,3,10,Laptop Stand Aluminium,accessories,2,27.50,55.00,cancelled,2026-08-09T08:49:49+00:00
ORD-085880,4,2,Wireless Mouse,peripherals,5,49.50,247.50,completed,2026-08-09T19:06:12+00:00
ORD-085881,10,3,27in 1440p Monitor,displays,5,319.99,1599.95,completed,2026-08-09T14:22:13+00:00
ORD-085882,7,4,34in Ultrawide Monitor,displays,2,579.00,1158.00,refunded,2026-08-09T20:23:11+00:00
ORD-085883,2,3,27in 1440p Monitor,displays,3,319.99,959.97,refunded,2026-08-09T00:44:50+00:00
ORD-085884,5,8,Ergonomic Chair,furniture,5,612.75,3063.75,refunded,2026-08-09T16:02:46+00:00
ORD-085885,9,2,Wireless Mouse,peripherals,5,49.50,247.50,refunded,2026-08-09T22:03:18+00:00
ORD-085886,4,7,Standing Desk 120cm,furniture,5,449.00,2245.00,refunded,2026-08-09T18:40:21+00:00
ORD-085887,9,8,Ergonomic Chair,furniture,4,612.75,2451.00,refunded,2026-08-09T20:50:15+00:00
ORD-085888,1,8,Ergonomic Chair,furniture,5,612.75,3063.75,refunded,2026-08-09T01:52:41+00:00
ORD-085889,4,2,Wireless Mouse,peripherals,2,49.50,99.00,cancelled,2026-08-09T23:07:52+00:00
ORD-085890,7,4,34in Ultrawide Monitor,displays,3,579.00,1737.00,cancelled,2026-08-09T19:37:31+00:00
ORD-085891,10,8,Ergonomic Chair,furniture,1,612.75,612.75,completed,2026-08-09T17:03:01+00:00
ORD-085892,5,5,Over-ear Headphones,audio,3,199.95,599.85,cancelled,2026-08-09T22:02:58+00:00
ORD-085893,9,2,Wireless Mouse,peripherals,3,49.50,148.50,completed,2026-08-09T20:10:17+00:00
ORD-085894,5,3,27in 1440p Monitor,displays,5,319.99,1599.95,refunded,2026-08-09T05:21:26+00:00
ORD-085895,1,5,Over-ear Headphones,audio,3,199.95,599.85,pending,2026-08-09T06:23:21+00:00
ORD-085896,7,9,USB-C Hub 8-in-1,accessories,3,39.99,119.97,cancelled,2026-08-09T07:52:42+00:00
ORD-085897,9,1,Mechanical Keyboard 75%,peripherals,2,129.00,258.00,cancelled,2026-08-09T04:07:01+00:00
ORD-085898,7,8,Ergonomic Chair,furniture,5,612.75,3063.75,refunded,2026-08-09T14:29:28+00:00
ORD-085899,1,10,Laptop Stand Aluminium,accessories,4,27.50,110.00,refunded,2026-08-09T09:15:09+00:00
ORD-085900,4,4,34in Ultrawide Monitor,displays,2,579.00,1158.00,pending,2026-08-09T02:15:52+00:00
ORD-085901,9,5,Over-ear Headphones,audio,5,199.95,999.75,pending,2026-08-09T16:25:04+00:00
ORD-085902,4,5,Over-ear Headphones,audio,2,199.95,399.90,cancelled,2026-08-09T23:21:10+00:00
ORD-085903,9,3,27in 1440p Monitor,displays,5,319.99,1599.95,pending,2026-08-09T03:35:29+00:00
ORD-085904,6,2,Wireless Mouse,peripherals,5,49.50,247.50,refunded,2026-08-09T07:29:02+00:00
ORD-085905,5,3,27in 1440p Monitor,displays,3,319.99,959.97,completed,2026-08-09T07:40:26+00:00
ORD-085906,5,9,USB-C Hub 8-in-1,accessories,4,39.99,159.96,cancelled,2026-08-09T21:02:28+00:00
ORD-085907,8,4,34in Ultrawide Monitor,displays,3,579.00,1737.00,pending,2026-08-09T04:14:20+00:00
ORD-085908,1,10,Laptop Stand Aluminium,accessories,5,27.50,137.50,completed,2026-08-09T07:14:57+00:00
ORD-085909,4,5,Over-ear Headphones,audio,5,199.95,999.75,completed,2026-08-09T06:06:17+00:00
ORD-085910,3,4,34in Ultrawide Monitor,displays,2,579.00,1158.00,completed,2026-08-09T16:49:42+00:00
ORD-085911,3,4,34in Ultrawide Monitor,displays,5,579.00,2895.00,cancelled,2026-08-09T18:44:19+00:00
ORD-085912,4,10,Laptop Stand Aluminium,accessories,4,27.50,110.00,completed,2026-08-09T17:15:16+00:00
ORD-085913,8,2,Wireless Mouse,peripherals,5,49.50,247.50,cancelled,2026-08-09T07:21:06+00:00
ORD-085914,3,3,27in 1440p Monitor,displays,4,319.99,1279.96,refunded,2026-08-09T00:22:36+00:00
ORD-085915,3,5,Over-ear Headphones,audio,2,199.95,399.90,pending,2026-08-09T15:02:29+00:00
ORD-085916,10,4,34in Ultrawide Monitor,displays,5,579.00,2895.00,completed,2026-08-09T00:52:37+00:00
ORD-085917,7,6,Desk Speakers Pair,audio,3,89.00,267.00,completed,2026-08-09T10:55:52+00:00
ORD-085918,5,7,Standing Desk 120cm,furniture,1,449.00,449.00,completed,2026-08-09T14:44:52+00:00
ORD-085919,2,5,Over-ear Headphones,audio,5,199.95,999.75,pending,2026-08-09T23:28:15+00:00
ORD-085920,8,3,27in 1440p Monitor,displays,3,319.99,959.97,cancelled,2026-08-09T03:55:37+00:00
ORD-085921,4,9,USB-C Hub 8-in-1,accessories,1,39.99,39.99,pending,2026-08-09T03:16:23+00:00
ORD-085922,1,10,Laptop Stand Aluminium,accessories,1,27.50,27.50,refunded,2026-08-09T00:01:44+00:00
ORD-085923,10,3,27in 1440p Monitor,displays,5,319.99,1599.95,refunded,2026-08-09T23:04:12+00:00
ORD-085924,3,1,Mechanical Keyboard 75%,peripherals,3,129.00,387.00,refunded,2026-08-09T14:19:53+00:00
ORD-085925,5,10,Laptop Stand Aluminium,accessories,3,27.50,82.50,refunded,2026-08-09T14:42:41+00:00
ORD-085926,6,4,34in Ultrawide Monitor,displays,2,579.00,1158.00,cancelled,2026-08-09T10:38:18+00:00
ORD-085927,7,1,Mechanical Keyboard 75%,peripherals,5,129.00,645.00,refunded,2026-08-09T17:40:02+00:00
ORD-085928,5,4,34in Ultrawide Monitor,displays,3,579.00,1737.00,cancelled,2026-08-09T17:28:22+00:00
ORD-085929,9,4,34in Ultrawide Monitor,displays,2,579.00,1158.00,refunded,2026-08-09T02:17:29+00:00
ORD-085930,10,2,Wireless Mouse,peripherals,2,49.50,99.00,completed,2026-08-09T05:35:04+00:00
ORD-085931,10,10,Laptop Stand Aluminium,accessories,1,27.50,27.50,pending,2026-08-09T20:10:19+00:00
ORD-085932,4,3,27in 1440p Monitor,displays,5,319.99,1599.95,completed,2026-08-09T06:59:17+00:00
ORD-085933,6,5,Over-ear Headphones,audio,2,199.95,399.90,completed,2026-08-09T00:30:12+00:00
ORD-085934,2,5,Over-ear Headphones,audio,5,199.95,999.75,pending,2026-08-09T07:28:45+00:00
ORD-085935,5,3,27in 1440p Monitor,displays,2,319.99,639.98,cancelled,2026-08-09T04:45:11+00:00
ORD-085936,2,4,34in Ultrawide Monitor,displays,1,579.00,579.00,completed,2026-08-09T12:05:16+00:00
ORD-085937,6,8,Ergonomic Chair,furniture,3,612.75,1838.25,cancelled,2026-08-09T02:10:16+00:00
ORD-085938,6,10,Laptop Stand Aluminium,accessories,4,27.50,110.00,completed,2026-08-09T11:59:41+00:00
ORD-085939,6,2,Wireless Mouse,peripherals,1,49.50,49.50,pending,2026-08-09T10:28:02+00:00
ORD-085940,9,9,USB-C Hub 8-in-1,accessories,1,39.99,39.99,pending,2026-08-09T14:11:21+00:00
ORD-085941,5,3,27in 1440p Monitor,displays,4,319.99,1279.96,completed,2026-08-09T08:56:48+00:00
ORD-085942,6,3,27in 1440p Monitor,displays,1,319.99,319.99,completed,2026-08-09T05:16:18+00:00
ORD-085943,6,1,Mechanical Keyboard 75%,peripherals,1,129.00,129.00,refunded,2026-08-09T20:21:05+00:00
ORD-085944,8,2,Wireless Mouse,peripherals,5,49.50,247.50,cancelled,2026-08-09T01:37:15+00:00
ORD-085945,6,7,Standing Desk 120cm,furniture,2,449.00,898.00,cancelled,2026-08-09T00:02:09+00:00
ORD-085946,7,2,Wireless Mouse,peripherals,3,49.50,148.50,pending,2026-08-09T15:28:00+00:00
ORD-085947,10,8,Ergonomic Chair,furniture,2,612.75,1225.50,pending,2026-08-09T01:38:06+00:00
ORD-085948,7,10,Laptop Stand Aluminium,accessories,3,27.50,82.50,completed,2026-08-09T05:28:51+00:00
ORD-085949,2,7,Standing Desk 120cm,furniture,1,449.00,449.00,cancelled,2026-08-09T13:06:01+00:00
ORD-085950,2,4,34in Ultrawide Monitor,displays,4,579.00,2316.00,refunded,2026-08-09T05:25:25+00:00
ORD-085951,5,2,Wireless Mouse,peripherals,1,49.50,49.50,refunded,2026-08-09T13:11:19+00:00
ORD-085952,3,8,Ergonomic Chair,furniture,3,612.75,1838.25,refunded,2026-08-09T10:50:06+00:00
ORD-085953,2,3,27in 1440p Monitor,displays,4,319.99,1279.96,refunded,2026-08-09T11:02:37+00:00
ORD-085954,6,5,Over-ear Headphones,audio,3,199.95,599.85,pending,2026-08-09T03:56:44+00:00
ORD-085955,5,5,Over-ear Headphones,audio,4,199.95,799.80,refunded,2026-08-09T16:35:41+00:00
ORD-085956,1,7,Standing Desk 120cm,furniture,4,449.00,1796.00,refunded,2026-08-09T22:30:00+00:00
ORD-085957,6,4,34in Ultrawide Monitor,displays,3,579.00,1737.00,refunded,2026-08-09T22:52:10+00:00
ORD-085958,8,4,34in Ultrawide Monitor,displays,2,579.00,1158.00,refunded,2026-08-09T09:22:41+00:00
ORD-085959,5,1,Mechanical Keyboard 75%,peripherals,2,129.00,258.00,refunded,2026-08-09T00:53:22+00:00
ORD-085960,6,1,Mechanical Keyboard 75%,peripherals,3,129.00,387.00,cancelled,2026-08-09T15:29:09+00:00
ORD-085961,8,2,Wireless Mouse,peripherals,1,49.50,49.50,pending,2026-08-09T03:54:57+00:00
ORD-085962,4,1,Mechanical Keyboard 75%,peripherals,4,129.00,516.00,pending,2026-08-09T22:32:43+00:00
ORD-085963,7,9,USB-C Hub 8-in-1,accessories,2,39.99,79.98,completed,2026-08-09T14:02:09+00:00
ORD-085964,10,4,34in Ultrawide Monitor,displays,4,579.00,2316.00,completed,2026-08-09T11:52:31+00:00
ORD-085965,8,6,Desk Speakers Pair,audio,1,89.00,89.00,refunded,2026-08-09T19:42:59+00:00
ORD-085966,3,2,Wireless Mouse,peripherals,4,49.50,198.00,completed,2026-08-09T18:19:08+00:00
ORD-085967,10,1,Mechanical Keyboard 75%,peripherals,1,129.00,129.00,completed,2026-08-09T01:17:17+00:00
ORD-085968,9,9,USB-C Hub 8-in-1,accessories,1,39.99,39.99,completed,2026-08-09T10:07:04+00:00
ORD-085969,1,1,Mechanical Keyboard 75%,peripherals,1,129.00,129.00,refunded,2026-08-09T16:37:22+00:00
ORD-085970,1,8,Ergonomic Chair,furniture,5,612.75,3063.75,cancelled,2026-08-09T07:10:04+00:00
ORD-085971,3,4,34in Ultrawide Monitor,displays,2,579.00,1158.00,refunded,2026-08-09T02:09:21+00:00
ORD-085972,8,10,Laptop Stand Aluminium,accessories,3,27.50,82.50,refunded,2026-08-09T11:42:11+00:00
ORD-085973,5,8,Ergonomic Chair,furniture,1,612.75,612.75,refunded,2026-08-09T16:11:34+00:00
ORD-085974,9,3,27in 1440p Monitor,displays,1,319.99,319.99,refunded,2026-08-09T20:31:40+00:00
ORD-085975,9,8,Ergonomic Chair,furniture,1,612.75,612.75,cancelled,2026-08-09T16:44:55+00:00
ORD-085976,9,10,Laptop Stand Aluminium,accessories,2,27.50,55.00,refunded,2026-08-09T16:34:31+00:00
ORD-085977,3,10,Laptop Stand Aluminium,accessories,1,27.50,27.50,refunded,2026-08-09T07:39:37+00:00
ORD-085978,2,8,Ergonomic Chair,furniture,1,612.75,612.75,cancelled,2026-08-09T02:59:46+00:00
ORD-085979,10,2,Wireless Mouse,peripherals,4,49.50,198.00,refunded,not-a-valid-date
ORD-085980,9,8,Ergonomic Chair,furniture,5,612.75,3063.75,cancelled,2026-08-09T17:25:11+00:00
ORD-085981,2,10,Laptop Stand Aluminium,accessories,4,27.50,110.00,refunded,2026-08-09T03:32:13+00:00
ORD-085982,2,6,Desk Speakers Pair,audio,2,89.00,178.00,refunded,2026-08-09T18:59:23+00:00
ORD-085983,10,10,Laptop Stand Aluminium,accessories,1,27.50,27.50,pending,2026-08-09T09:07:13+00:00
ORD-085984,5,2,Wireless Mouse,peripherals,1,49.50,49.50,refunded,2026-08-09T05:28:16+00:00
ORD-085985,5,5,Over-ear Headphones,audio,5,199.95,999.75,cancelled,2026-08-09T13:06:14+00:00
ORD-085986,1,9,USB-C Hub 8-in-1,accessories,1,39.99,39.99,pending,2026-08-09T07:09:45+00:00
ORD-085987,8,4,34in Ultrawide Monitor,displays,3,579.00,1737.00,cancelled,2026-08-09T03:33:56+00:00
ORD-085988,2,1,Mechanical Keyboard 75%,peripherals,2,129.00,258.00,pending,2026-08-09T03:58:20+00:00
ORD-085989,6,6,Desk Speakers Pair,audio,3,89.00,267.00,refunded,2026-08-09T20:00:12+00:00
ORD-085990,9,2,Wireless Mouse,peripherals,4,49.50,198.00,pending,2026-08-09T11:23:06+00:00
ORD-085991,6,2,Wireless Mouse,peripherals,4,49.50,198.00,refunded,2026-08-09T11:06:47+00:00
ORD-085992,3,1,Mechanical Keyboard 75%,peripherals,3,129.00,387.00,pending,2026-08-09T20:38:39+00:00
ORD-085993,8,4,34in Ultrawide Monitor,displays,5,579.00,2895.00,pending,2026-08-09T13:06:38+00:00
ORD-085994,10,2,Wireless Mouse,peripherals,3,49.50,148.50,pending,2026-08-09T06:55:28+00:00
ORD-085995,7,6,Desk Speakers Pair,audio,2,89.00,178.00,cancelled,2026-08-09T17:27:36+00:00
ORD-085996,1,7,Standing Desk 120cm,furniture,2,449.00,898.00,refunded,2026-08-09T01:06:42+00:00
ORD-085997,8,6,Desk Speakers Pair,audio,4,89.00,356.00,completed,2026-08-09T22:38:52+00:00
ORD-085998,3,10,Laptop Stand Aluminium,accessories,2,27.50,55.00,refunded,2026-08-09T02:00:13+00:00
ORD-085999,4,3,27in 1440p Monitor,displays,5,319.99,1599.95,completed,2026-08-09T22:51:59+00:00
ORD-086000,2,6,Desk Speakers Pair,audio,4,89.00,356.00,cancelled,2026-08-09T00:10:47+00:00
ORD-086001,5,3,27in 1440p Monitor,displays,4,319.99,1279.96,cancelled,2026-08-09T19:39:58+00:00
ORD-086002,9,4,34in Ultrawide Monitor,displays,1,579.00,579.00,refunded,2026-08-09T10:42:45+00:00
ORD-086003,6,7,Standing Desk 120cm,furniture,4,449.00,1796.00,cancelled,2026-08-09T01:56:55+00:00
ORD-086004,8,6,Desk Speakers Pair,audio,3,89.00,267.00,completed,2026-08-09T12:38:28+00:00
ORD-086005,8,3,27in 1440p Monitor,displays,4,319.99,1279.96,refunded,2026-08-09T14:04:35+00:00
ORD-086006,4,3,27in 1440p Monitor,displays,4,319.99,1279.96,refunded,2026-08-09T13:22:25+00:00
ORD-086007,9,1,Mechanical Keyboard 75%,peripherals,1,129.00,129.00,cancelled,2026-08-09T08:09:18+00:00
ORD-086008,7,9,USB-C Hub 8-in-1,accessories,5,39.99,199.95,cancelled,2026-08-09T11:46:54+00:00
ORD-086009,10,6,Desk Speakers Pair,audio,2,89.00,178.00,completed,2026-08-09T04:42:18+00:00
ORD-086010,3,10,Laptop Stand Aluminium,accessories,2,27.50,55.00,cancelled,not-a-valid-date
ORD-086011,7,4,34in Ultrawide Monitor,displays,1,579.00,579.00,refunded,2026-08-09T15:52:20+00:00
ORD-086012,9,5,Over-ear Headphones,audio,3,199.95,599.85,pending,2026-08-09T20:49:50+00:00
ORD-086013,1,2,Wireless Mouse,peripherals,5,49.50,247.50,refunded,2026-08-09T19:59:58+00:00
ORD-086014,1,9,USB-C Hub 8-in-1,accessories,1,39.99,39.99,completed,2026-08-09T03:07:22+00:00
ORD-086015,3,4,34in Ultrawide Monitor,displays,1,579.00,579.00,refunded,2026-08-09T08:42:25+00:00
ORD-086016,3,1,Mechanical Keyboard 75%,peripherals,4,129.00,516.00,pending,2026-08-09T20:58:06+00:00
ORD-086017,7,3,27in 1440p Monitor,displays,3,319.99,959.97,cancelled,2026-08-09T18:34:26+00:00
ORD-086018,9,5,Over-ear Headphones,audio,5,199.95,999.75,cancelled,2026-08-09T12:00:10+00:00
ORD-086019,10,3,27in 1440p Monitor,displays,5,319.99,1599.95,pending,2026-08-09T17:28:02+00:00
ORD-086020,8,2,Wireless Mouse,peripherals,4,49.50,198.00,cancelled,2026-08-09T08:15:35+00:00
ORD-086021,1,5,Over-ear Headphones,audio,4,199.95,799.80,refunded,2026-08-09T03:58:23+00:00
ORD-086022,4,1,Mechanical Keyboard 75%,peripherals,1,129.00,129.00,cancelled,2026-08-09T08:35:34+00:00
ORD-086023,8,1,Mechanical Keyboard 75%,peripherals,4,129.00,516.00,cancelled,2026-08-09T21:29:32+00:00
ORD-086024,7,2,Wireless Mouse,peripherals,4,49.50,198.00,completed,2026-08-09T13:53:58+00:00
ORD-086025,6,7,Standing Desk 120cm,furniture,3,449.00,1347.00,cancelled,2026-08-09T08:59:45+00:00
ORD-086026,10,10,Laptop Stand Aluminium,accessories,4,27.50,110.00,refunded,2026-08-09T01:07:35+00:00
ORD-086027,2,7,Standing Desk 120cm,furniture,2,449.00,898.00,refunded,2026-08-09T15:29:20+00:00
ORD-086028,6,5,Over-ear Headphones,audio,2,199.95,399.90,refunded,2026-08-09T03:53:02+00:00
ORD-086029,9,2,Wireless Mouse,peripherals,1,49.50,49.50,pending,2026-08-09T21:51:13+00:00
ORD-086030,3,1,Mechanical Keyboard 75%,peripherals,4,129.00,516.00,completed,2026-08-09T17:28:31+00:00
ORD-086031,9,4,34in Ultrawide Monitor,displays,5,579.00,2895.00,completed,2026-08-09T15:49:32+00:00
ORD-086032,2,5,Over-ear Headphones,audio,5,199.95,999.75,refunded,2026-08-09T17:20:07+00:00
ORD-086033,6,4,34in Ultrawide Monitor,displays,2,579.00,1158.00,cancelled,2026-08-09T23:01:03+00:00
ORD-086034,6,6,Desk Speakers Pair,audio,2,89.00,178.00,refunded,2026-08-09T23:38:53+00:00
ORD-086035,3,3,27in 1440p Monitor,displays,4,319.99,1279.96,cancelled,2026-08-09T12:37:15+00:00
ORD-086036,5,9,USB-C Hub 8-in-1,accessories,1,39.99,39.99,completed,2026-08-09T17:12:14+00:00
ORD-086037,4,1,Mechanical Keyboard 75%,peripherals,3,129.00,387.00,pending,2026-08-09T01:37:49+00:00
ORD-086038,10,2,Wireless Mouse,peripherals,5,49.50,247.50,pending,2026-08-09T01:26:09+00:00
ORD-086039,7,9,USB-C Hub 8-in-1,accessories,3,39.99,119.97,completed,2026-08-09T15:17:36+00:00
ORD-086040,8,2,Wireless Mouse,peripherals,2,49.50,99.00,completed,2026-08-09T22:14:40+00:00
ORD-086041,6,9,USB-C Hub 8-in-1,accessories,1,39.99,39.99,cancelled,2026-08-09T22:01:48+00:00
ORD-086042,7,3,27in 1440p Monitor,displays,5,319.99,1599.95,completed,2026-08-09T08:12:49+00:00
ORD-086043,9,3,27in 1440p Monitor,displays,5,319.99,1599.95,pending,2026-08-09T22:58:49+00:00
ORD-086044,7,2,Wireless Mouse,peripherals,4,49.50,198.00,cancelled,2026-08-09T10:32:37+00:00
ORD-086045,10,9,USB-C Hub 8-in-1,accessories,5,39.99,199.95,refunded,2026-08-09T12:18:59+00:00
ORD-086046,6,4,34in Ultrawide Monitor,displays,4,579.00,2316.00,completed,2026-08-09T08:15:05+00:00
ORD-086047,5,7,Standing Desk 120cm,furniture,4,449.00,1796.00,pending,2026-08-09T16:19:25+00:00
ORD-086048,4,4,34in Ultrawide Monitor,displays,4,579.00,2316.00,completed,2026-08-09T03:16:18+00:00
ORD-086049,4,3,27in 1440p Monitor,displays,4,319.99,1279.96,cancelled,2026-08-09T08:19:54+00:00
ORD-086050,1,1,Mechanical Keyboard 75%,peripherals,1,129.00,129.00,refunded,2026-08-09T15:38:59+00:00
ORD-086051,9,4,34in Ultrawide Monitor,displays,4,579.00,2316.00,pending,2026-08-09T12:26:47+00:00
ORD-086052,3,5,Over-ear Headphones,audio,4,199.95,799.80,cancelled,2026-08-09T15:04:28+00:00
ORD-086053,6,4,34in Ultrawide Monitor,displays,1,579.00,579.00,cancelled,2026-08-09T04:26:17+00:00
ORD-086054,5,10,Laptop Stand Aluminium,accessories,5,27.50,137.50,cancelled,2026-08-09T19:39:30+00:00
ORD-086055,8,4,34in Ultrawide Monitor,displays,4,579.00,2316.00,completed,2026-08-09T04:25:12+00:00
ORD-086056,2,10,Laptop Stand Aluminium,accessories,2,27.50,55.00,pending,2026-08-09T00:35:00+00:00
ORD-086057,8,4,34in Ultrawide Monitor,displays,5,579.00,2895.00,cancelled,2026-08-09T12:32:53+00:00
ORD-086058,7,1,Mechanical Keyboard 75%,peripherals,4,129.00,516.00,cancelled,2026-08-09T05:48:46+00:00
ORD-086059,2,7,Standing Desk 120cm,furniture,2,449.00,898.00,cancelled,2026-08-09T21:08:10+00:00
ORD-086060,6,6,Desk Speakers Pair,audio,2,89.00,178.00,cancelled,2026-08-09T20:00:35+00:00
ORD-086061,1,1,Mechanical Keyboard 75%,peripherals,3,129.00,387.00,cancelled,2026-08-09T00:03:02+00:00
ORD-086062,9,5,Over-ear Headphones,audio,5,199.95,999.75,completed,2026-08-09T21:50:33+00:00
ORD-086063,6,5,Over-ear Headphones,audio,3,199.95,599.85,pending,2026-08-09T01:13:56+00:00
ORD-086064,6,1,Mechanical Keyboard 75%,peripherals,2,129.00,258.00,cancelled,2026-08-09T04:42:47+00:00
ORD-086065,7,3,27in 1440p Monitor,displays,5,319.99,1599.95,cancelled,2026-08-09T18:02:23+00:00
ORD-086066,9,7,Standing Desk 120cm,furniture,3,449.00,1347.00,refunded,2026-08-09T22:19:02+00:00
ORD-086067,4,6,Desk Speakers Pair,audio,2,89.00,178.00,completed,2026-08-09T14:55:32+00:00
ORD-086068,1,3,27in 1440p Monitor,displays,5,319.99,1599.95,cancelled,2026-08-09T01:27:17+00:00
ORD-086069,10,10,Laptop Stand Aluminium,accessories,5,27.50,137.50,pending,2026-08-09T02:56:52+00:00
ORD-086070,9,3,27in 1440p Monitor,displays,5,319.99,1599.95,pending,2026-08-09T00:45:03+00:00
ORD-086071,10,7,Standing Desk 120cm,furniture,2,449.00,898.00,cancelled,2026-08-09T01:28:42+00:00
ORD-086072,8,4,34in Ultrawide Monitor,displays,4,579.00,2316.00,refunded,2026-08-09T07:29:29+00:00
ORD-086073,9,1,Mechanical Keyboard 75%,peripherals,1,129.00,129.00,pending,2026-08-09T09:48:47+00:00
ORD-086074,5,7,Standing Desk 120cm,furniture,1,449.00,449.00,completed,2026-08-09T09:35:27+00:00
ORD-086075,6,10,Laptop Stand Aluminium,accessories,3,27.50,82.50,refunded,2026-08-09T18:08:46+00:00
ORD-086076,6,7,Standing Desk 120cm,furniture,4,449.00,1796.00,cancelled,2026-08-09T19:39:38+00:00
ORD-086077,8,10,Laptop Stand Aluminium,accessories,4,27.50,110.00,cancelled,2026-08-09T03:38:58+00:00
ORD-086078,4,4,34in Ultrawide Monitor,displays,1,579.00,579.00,completed,2026-08-09T01:43:24+00:00
ORD-086079,6,10,Laptop Stand Aluminium,accessories,4,27.50,110.00,cancelled,2026-08-09T08:08:40+00:00
ORD-086080,3,10,Laptop Stand Aluminium,accessories,2,27.50,55.00,pending,2026-08-09T04:20:16+00:00
ORD-086081,3,5,Over-ear Headphones,audio,3,199.95,599.85,refunded,2026-08-09T11:22:27+00:00
ORD-086082,3,1,Mechanical Keyboard 75%,peripherals,3,129.00,387.00,pending,2026-08-09T09:21:15+00:00
ORD-086083,5,4,34in Ultrawide Monitor,displays,3,579.00,1737.00,cancelled,2026-08-09T10:17:16+00:00
ORD-086084,1,7,Standing Desk 120cm,furniture,5,449.00,2245.00,refunded,2026-08-09T11:56:05+00:00
ORD-086085,5,8,Ergonomic Chair,furniture,4,612.75,2451.00,completed,2026-08-09T13:04:53+00:00
ORD-086086,3,9,USB-C Hub 8-in-1,accessories,5,39.99,199.95,cancelled,2026-08-09T08:16:43+00:00
ORD-086087,7,3,27in 1440p Monitor,displays,3,319.99,959.97,cancelled,2026-08-09T00:08:58+00:00
ORD-086088,9,2,Wireless Mouse,peripherals,5,49.50,247.50,refunded,2026-08-09T22:27:58+00:00
ORD-086089,8,3,27in 1440p Monitor,displays,5,319.99,1599.95,pending,2026-08-09T23:35:18+00:00
ORD-086090,8,9,USB-C Hub 8-in-1,accessories,1,39.99,39.99,completed,2026-08-09T08:11:45+00:00
ORD-086091,10,10,Laptop Stand Aluminium,accessories,1,27.50,27.50,cancelled,2026-08-09T15:45:35+00:00
ORD-086092,5,2,Wireless Mouse,peripherals,2,49.50,99.00,cancelled,2026-08-09T20:14:21+00:00
ORD-086093,5,7,Standing Desk 120cm,furniture,2,449.00,898.00,completed,2026-08-09T12:13:15+00:00
ORD-086094,5,3,27in 1440p Monitor,displays,3,319.99,959.97,cancelled,2026-08-09T13:49:33+00:00
ORD-086095,1,1,Mechanical Keyboard 75%,peripherals,3,129.00,387.00,cancelled,2026-08-09T02:49:55+00:00
ORD-086096,4,1,Mechanical Keyboard 75%,peripherals,4,129.00,516.00,pending,2026-08-09T03:31:48+00:00
ORD-086097,9,7,Standing Desk 120cm,furniture,2,449.00,898.00,completed,2026-08-09T06:11:34+00:00
ORD-086098,10,4,34in Ultrawide Monitor,displays,1,579.00,579.00,completed,2026-08-09T11:55:47+00:00
ORD-086099,1,7,Standing Desk 120cm,furniture,4,449.00,1796.00,refunded,2026-08-09T20:48:41+00:00
ORD-086100,10,1,Mechanical Keyboard 75%,peripherals,4,129.00,516.00,pending,2026-08-09T09:05:21+00:00
ORD-086101,1,5,Over-ear Headphones,audio,5,199.95,999.75,refunded,2026-08-09T11:51:55+00:00
ORD-086102,9,4,34in Ultrawide Monitor,displays,4,579.00,2316.00,completed,2026-08-09T22:58:16+00:00
ORD-086103,8,3,27in 1440p Monitor,displays,2,319.99,639.98,refunded,2026-08-09T02:29:35+00:00
ORD-086104,10,9,USB-C Hub 8-in-1,accessories,5,39.99,199.95,pending,2026-08-09T03:50:47+00:00
ORD-086105,1,5,Over-ear Headphones,audio,3,199.95,599.85,refunded,2026-08-09T00:59:01+00:00
ORD-086106,1,10,Laptop Stand Aluminium,accessories,2,27.50,55.00,pending,2026-08-09T23:22:35+00:00
ORD-086107,10,1,Mechanical Keyboard 75%,peripherals,5,129.00,645.00,refunded,2026-08-09T22:45:02+00:00
ORD-086108,6,3,27in 1440p Monitor,displays,4,319.99,1279.96,pending,2026-08-09T01:59:45+00:00
ORD-086109,9,10,Laptop Stand Aluminium,accessories,4,27.50,110.00,cancelled,2026-08-09T13:29:35+00:00
ORD-086110,4,3,27in 1440p Monitor,displays,3,319.99,959.97,completed,2026-08-09T16:11:25+00:00
ORD-086111,10,2,Wireless Mouse,peripherals,5,49.50,247.50,pending,2026-08-09T01:24:24+00:00
ORD-086112,6,6,Desk Speakers Pair,audio,5,89.00,445.00,pending,2026-08-09T01:34:56+00:00
ORD-086113,6,9,USB-C Hub 8-in-1,accessories,3,39.99,119.97,cancelled,2026-08-09T03:47:54+00:00
ORD-086114,1,7,Standing Desk 120cm,furniture,5,449.00,2245.00,pending,2026-08-09T18:54:44+00:00
ORD-086115,4,2,Wireless Mouse,peripherals,3,49.50,148.50,completed,2026-08-09T03:20:50+00:00
ORD-086116,7,5,Over-ear Headphones,audio,2,199.95,399.90,pending,2026-08-09T03:02:52+00:00
ORD-086117,1,8,Ergonomic Chair,furniture,5,612.75,3063.75,cancelled,2026-08-09T14:25:40+00:00
ORD-086118,1,1,Mechanical Keyboard 75%,peripherals,1,129.00,129.00,cancelled,2026-08-09T17:50:57+00:00
ORD-086119,10,7,Standing Desk 120cm,furniture,2,449.00,898.00,refunded,2026-08-09T13:26:55+00:00
ORD-086120,6,4,34in Ultrawide Monitor,displays,4,579.00,2316.00,cancelled,2026-08-09T17:09:22+00:00
ORD-086121,4,3,27in 1440p Monitor,displays,5,319.99,1599.95,pending,2026-08-09T22:10:09+00:00
ORD-086122,2,1,Mechanical Keyboard 75%,peripherals,5,129.00,645.00,refunded,2026-08-09T00:42:25+00:00
ORD-086123,4,1,Mechanical Keyboard 75%,peripherals,4,129.00,516.00,completed,2026-08-09T09:37:36+00:00
ORD-086124,5,3,27in 1440p Monitor,displays,1,319.99,319.99,cancelled,2026-08-09T09:10:35+00:00
ORD-086125,4,8,Ergonomic Chair,furniture,3,612.75,1838.25,pending,2026-08-09T00:14:00+00:00
ORD-086126,4,8,Ergonomic Chair,furniture,2,612.75,1225.50,cancelled,2026-08-09T17:43:00+00:00
ORD-086127,3,6,Desk Speakers Pair,audio,2,89.00,178.00,completed,2026-08-09T00:18:51+00:00
ORD-086128,8,5,Over-ear Headphones,audio,4,199.95,799.80,refunded,2026-08-09T19:57:22+00:00
ORD-086129,8,2,Wireless Mouse,peripherals,3,49.50,148.50,cancelled,2026-08-09T09:08:18+00:00
ORD-086130,3,10,Laptop Stand Aluminium,accessories,4,27.50,110.00,cancelled,2026-08-09T04:48:16+00:00
ORD-086131,9,2,Wireless Mouse,peripherals,2,49.50,99.00,pending,2026-08-09T17:45:22+00:00
ORD-086132,1,10,Laptop Stand Aluminium,accessories,4,27.50,110.00,completed,2026-08-09T11:41:24+00:00
ORD-086133,7,8,Ergonomic Chair,furniture,1,612.75,612.75,refunded,2026-08-09T13:47:59+00:00
ORD-086134,9,4,34in Ultrawide Monitor,displays,2,579.00,1158.00,completed,2026-08-09T09:49:29+00:00
ORD-086135,8,1,Mechanical Keyboard 75%,peripherals,4,129.00,516.00,cancelled,2026-08-09T20:08:03+00:00
ORD-086136,9,9,USB-C Hub 8-in-1,accessories,2,39.99,79.98,refunded,2026-08-09T11:37:38+00:00
ORD-086137,9,1,Mechanical Keyboard 75%,peripherals,4,129.00,516.00,completed,2026-08-09T20:26:02+00:00
ORD-086138,7,1,Mechanical Keyboard 75%,peripherals,2,129.00,258.00,refunded,2026-08-09T12:20:18+00:00
ORD-086139,3,10,Laptop Stand Aluminium,accessories,4,27.50,110.00,cancelled,2026-08-09T20:45:11+00:00
ORD-086140,6,2,Wireless Mouse,peripherals,4,49.50,198.00,completed,2026-08-09T20:09:33+00:00
ORD-086141,5,10,Laptop Stand Aluminium,accessories,5,27.50,137.50,completed,2026-08-09T07:54:45+00:00
ORD-086142,7,6,Desk Speakers Pair,audio,2,89.00,178.00,completed,2026-08-09T09:40:13+00:00
ORD-086143,7,1,Mechanical Keyboard 75%,peripherals,4,129.00,516.00,completed,2026-08-09T12:22:08+00:00
ORD-086144,1,8,Ergonomic Chair,furniture,4,612.75,2451.00,cancelled,2026-08-09T00:33:51+00:00
ORD-086145,8,8,Ergonomic Chair,furniture,3,612.75,1838.25,completed,2026-08-09T22:57:51+00:00
ORD-086146,5,5,Over-ear Headphones,audio,5,199.95,999.75,completed,2026-08-09T10:26:49+00:00
ORD-086147,6,3,27in 1440p Monitor,displays,1,319.99,319.99,cancelled,2026-08-09T22:22:40+00:00
ORD-086148,8,10,Laptop Stand Aluminium,accessories,3,27.50,82.50,pending,2026-08-09T10:06:19+00:00
ORD-086149,5,4,34in Ultrawide Monitor,displays,5,579.00,2895.00,completed,2026-08-09T17:33:14+00:00
ORD-086150,4,8,Ergonomic Chair,furniture,4,612.75,2451.00,completed,2026-08-09T09:35:05+00:00
ORD-086151,10,8,Ergonomic Chair,furniture,1,612.75,612.75,cancelled,2026-08-09T00:38:43+00:00
ORD-086152,7,4,34in Ultrawide Monitor,displays,3,579.00,1737.00,refunded,2026-08-09T19:59:07+00:00
ORD-086153,2,1,Mechanical Keyboard 75%,peripherals,1,129.00,129.00,pending,2026-08-09T10:09:08+00:00
ORD-086154,5,10,Laptop Stand Aluminium,accessories,1,27.50,27.50,completed,2026-08-09T03:32:53+00:00
ORD-086155,9,7,Standing Desk 120cm,furniture,1,449.00,449.00,cancelled,2026-08-09T22:44:04+00:00
ORD-086156,1,7,Standing Desk 120cm,furniture,1,449.00,449.00,completed,2026-08-09T18:45:38+00:00
ORD-086157,4,7,Standing Desk 120cm,furniture,1,449.00,449.00,cancelled,2026-08-09T04:09:06+00:00
ORD-086158,7,3,27in 1440p Monitor,displays,2,319.99,639.98,refunded,2026-08-09T01:28:29+00:00
ORD-086159,9,6,Desk Speakers Pair,audio,3,89.00,267.00,refunded,2026-08-09T02:15:51+00:00
ORD-086160,9,9,USB-C Hub 8-in-1,accessories,5,39.99,199.95,pending,2026-08-09T05:41:31+00:00
ORD-086161,3,3,27in 1440p Monitor,displays,3,319.99,959.97,refunded,2026-08-09T18:10:22+00:00
ORD-086162,2,10,Laptop Stand Aluminium,accessories,3,27.50,82.50,refunded,2026-08-09T12:33:00+00:00
ORD-086163,5,4,34in Ultrawide Monitor,displays,1,579.00,579.00,refunded,2026-08-09T18:43:25+00:00
ORD-086164,5,10,Laptop Stand Aluminium,accessories,1,27.50,27.50,pending,2026-08-09T19:43:05+00:00
ORD-086165,6,4,34in Ultrawide Monitor,displays,4,579.00,2316.00,cancelled,2026-08-09T00:27:19+00:00
ORD-086166,5,2,Wireless Mouse,peripherals,5,49.50,247.50,refunded,2026-08-09T19:26:19+00:00
ORD-086167,4,1,Mechanical Keyboard 75%,peripherals,1,129.00,129.00,cancelled,2026-08-09T02:58:24+00:00
ORD-086168,6,7,Standing Desk 120cm,furniture,4,449.00,1796.00,pending,2026-08-09T14:34:06+00:00
ORD-086169,9,9,USB-C Hub 8-in-1,accessories,5,39.99,199.95,cancelled,2026-08-09T03:07:37+00:00
ORD-086170,6,6,Desk Speakers Pair,audio,1,89.00,89.00,cancelled,2026-08-09T12:54:37+00:00
ORD-086171,8,10,Laptop Stand Aluminium,accessories,3,27.50,82.50,pending,2026-08-09T20:34:09+00:00
ORD-086172,9,1,Mechanical Keyboard 75%,peripherals,2,129.00,258.00,refunded,2026-08-09T23:29:38+00:00
ORD-086173,9,7,Standing Desk 120cm,furniture,4,449.00,1796.00,completed,2026-08-09T01:11:13+00:00
ORD-086174,4,2,Wireless Mouse,peripherals,5,49.50,247.50,pending,2026-08-09T04:57:36+00:00
ORD-086175,6,9,USB-C Hub 8-in-1,accessories,1,39.99,39.99,cancelled,2026-08-09T19:37:06+00:00
ORD-086176,9,8,Ergonomic Chair,furniture,4,612.75,2451.00,cancelled,2026-08-09T08:29:27+00:00
ORD-086177,1,10,Laptop Stand Aluminium,accessories,5,27.50,137.50,refunded,2026-08-09T00:34:19+00:00
ORD-086178,8,10,Laptop Stand Aluminium,accessories,5,27.50,137.50,refunded,2026-08-09T21:24:36+00:00
ORD-086179,8,10,Laptop Stand Aluminium,accessories,2,27.50,55.00,pending,2026-08-09T09:53:18+00:00
ORD-086180,6,8,Ergonomic Chair,furniture,3,612.75,1838.25,completed,2026-08-09T23:58:51+00:00
ORD-086181,10,7,Standing Desk 120cm,furniture,5,449.00,2245.00,completed,2026-08-09T15:28:02+00:00
ORD-086182,5,5,Over-ear Headphones,audio,5,199.95,999.75,completed,2026-08-09T11:43:58+00:00
ORD-086183,2,2,Wireless Mouse,peripherals,4,49.50,198.00,completed,2026-08-09T17:57:57+00:00
ORD-086184,5,8,Ergonomic Chair,furniture,4,612.75,2451.00,pending,2026-08-09T08:06:44+00:00
ORD-086185,4,10,Laptop Stand Aluminium,accessories,5,27.50,137.50,refunded,2026-08-09T19:20:49+00:00
ORD-086186,8,5,Over-ear Headphones,audio,1,199.95,199.95,completed,2026-08-09T16:27:37+00:00
ORD-086187,8,5,Over-ear Headphones,audio,1,199.95,199.95,completed,2026-08-09T21:24:22+00:00
ORD-086188,4,2,Wireless Mouse,peripherals,3,49.50,148.50,pending,2026-08-09T01:39:21+00:00
ORD-086189,3,2,Wireless Mouse,peripherals,4,49.50,198.00,refunded,2026-08-09T07:05:37+00:00
ORD-086190,8,2,Wireless Mouse,peripherals,5,49.50,247.50,completed,2026-08-09T08:55:17+00:00
ORD-086191,4,9,USB-C Hub 8-in-1,accessories,3,39.99,119.97,pending,2026-08-09T05:41:03+00:00
ORD-086192,5,7,Standing Desk 120cm,furniture,4,449.00,1796.00,completed,2026-08-09T04:23:54+00:00
ORD-086193,2,3,27in 1440p Monitor,displays,3,319.99,959.97,completed,2026-08-09T23:20:37+00:00
ORD-086194,3,6,Desk Speakers Pair,audio,4,89.00,356.00,refunded,2026-08-09T17:15:27+00:00
ORD-086195,7,3,27in 1440p Monitor,displays,2,319.99,639.98,cancelled,2026-08-09T22:05:26+00:00
ORD-086196,4,6,Desk Speakers Pair,audio,4,89.00,356.00,completed,2026-08-09T20:37:57+00:00
ORD-086197,3,6,Desk Speakers Pair,audio,3,89.00,267.00,refunded,2026-08-09T20:02:11+00:00
ORD-086198,8,2,Wireless Mouse,peripherals,2,49.50,99.00,refunded,2026-08-09T09:45:57+00:00
ORD-086199,4,10,Laptop Stand Aluminium,accessories,1,27.50,27.50,refunded,2026-08-09T13:33:25+00:00
ORD-086200,10,2,Wireless Mouse,peripherals,5,49.50,247.50,refunded,2026-08-09T09:04:48+00:00
ORD-086201,2,1,Mechanical Keyboard 75%,peripherals,3,129.00,387.00,refunded,2026-08-09T21:53:30+00:00
ORD-086202,4,8,Ergonomic Chair,furniture,4,612.75,2451.00,pending,2026-08-09T17:16:13+00:00
ORD-086203,8,1,Mechanical Keyboard 75%,peripherals,1,129.00,129.00,cancelled,2026-08-09T00:55:13+00:00
ORD-086204,2,10,Laptop Stand Aluminium,accessories,3,27.50,82.50,refunded,2026-08-09T10:25:26+00:00
ORD-086205,4,8,Ergonomic Chair,furniture,3,612.75,1838.25,cancelled,2026-08-09T12:27:15+00:00
ORD-086206,2,5,Over-ear Headphones,audio,1,199.95,199.95,refunded,2026-08-09T18:26:45+00:00
ORD-086207,1,3,27in 1440p Monitor,displays,1,319.99,319.99,pending,2026-08-09T08:15:56+00:00
ORD-086208,4,3,27in 1440p Monitor,displays,5,319.99,1599.95,cancelled,2026-08-09T14:55:01+00:00
ORD-086209,2,8,Ergonomic Chair,furniture,1,612.75,612.75,completed,2026-08-09T07:01:32+00:00
ORD-086210,10,4,34in Ultrawide Monitor,displays,5,579.00,2895.00,refunded,2026-08-09T16:49:14+00:00
ORD-086211,1,3,27in 1440p Monitor,displays,2,319.99,639.98,completed,2026-08-09T11:28:52+00:00
ORD-086212,10,6,Desk Speakers Pair,audio,1,89.00,89.00,cancelled,2026-08-09T06:42:41+00:00
ORD-086213,3,2,Wireless Mouse,peripherals,3,49.50,148.50,refunded,2026-08-09T08:30:11+00:00
ORD-086214,4,4,34in Ultrawide Monitor,displays,1,579.00,579.00,completed,2026-08-09T01:39:16+00:00
ORD-086215,1,3,27in 1440p Monitor,displays,2,319.99,639.98,completed,2026-08-09T03:29:41+00:00
ORD-086216,5,3,27in 1440p Monitor,displays,4,319.99,1279.96,pending,2026-08-09T10:34:23+00:00
ORD-086217,3,9,USB-C Hub 8-in-1,accessories,2,39.99,79.98,refunded,2026-08-09T10:53:33+00:00
ORD-086218,7,1,Mechanical Keyboard 75%,peripherals,2,129.00,258.00,refunded,2026-08-09T13:58:39+00:00
ORD-086219,9,4,34in Ultrawide Monitor,displays,2,579.00,1158.00,completed,2026-08-09T23:24:09+00:00
ORD-086220,8,8,Ergonomic Chair,furniture,3,612.75,1838.25,completed,2026-08-09T04:57:07+00:00
ORD-086221,3,8,Ergonomic Chair,furniture,4,612.75,2451.00,pending,2026-08-09T11:22:56+00:00
ORD-086222,7,3,27in 1440p Monitor,displays,4,319.99,1279.96,refunded,2026-08-09T23:52:39+00:00
ORD-086223,7,4,34in Ultrawide Monitor,displays,1,579.00,579.00,refunded,2026-08-09T13:33:06+00:00
ORD-086224,5,3,27in 1440p Monitor,displays,5,319.99,1599.95,refunded,2026-08-09T00:28:46+00:00
ORD-086225,9,8,Ergonomic Chair,furniture,5,612.75,3063.75,pending,2026-08-09T23:55:51+00:00
ORD-086226,9,4,34in Ultrawide Monitor,displays,4,579.00,2316.00,refunded,2026-08-09T09:11:12+00:00
ORD-086227,1,1,Mechanical Keyboard 75%,peripherals,2,129.00,258.00,pending,2026-08-09T20:15:11+00:00
ORD-086228,10,1,Mechanical Keyboard 75%,peripherals,5,129.00,645.00,completed,2026-08-09T06:10:49+00:00
ORD-086229,10,9,USB-C Hub 8-in-1,accessories,3,39.99,119.97,refunded,2026-08-09T21:01:37+00:00
ORD-086230,4,3,27in 1440p Monitor,displays,3,319.99,959.97,completed,2026-08-09T09:02:52+00:00
ORD-086231,5,6,Desk Speakers Pair,audio,4,89.00,356.00,cancelled,2026-08-09T11:25:54+00:00
ORD-086232,5,1,Mechanical Keyboard 75%,peripherals,5,129.00,645.00,cancelled,2026-08-09T04:24:21+00:00
ORD-086233,3,4,34in Ultrawide Monitor,displays,3,579.00,1737.00,cancelled,2026-08-09T19:41:32+00:00
ORD-086234,4,10,Laptop Stand Aluminium,accessories,2,27.50,55.00,completed,2026-08-09T20:49:52+00:00
ORD-086235,5,1,Mechanical Keyboard 75%,peripherals,2,129.00,258.00,pending,2026-08-09T22:23:09+00:00
ORD-086236,6,5,Over-ear Headphones,audio,2,199.95,399.90,cancelled,2026-08-09T16:17:36+00:00
ORD-086237,3,5,Over-ear Headphones,audio,1,199.95,199.95,completed,2026-08-09T22:49:25+00:00
ORD-086238,8,7,Standing Desk 120cm,furniture,3,449.00,1347.00,completed,2026-08-09T05:40:38+00:00
ORD-086239,7,9,USB-C Hub 8-in-1,accessories,5,39.99,199.95,cancelled,2026-08-09T05:17:38+00:00
ORD-086240,7,6,Desk Speakers Pair,audio,4,89.00,356.00,cancelled,2026-08-09T17:56:13+00:00
ORD-086241,4,1,Mechanical Keyboard 75%,peripherals,4,129.00,516.00,pending,2026-08-09T16:05:09+00:00
ORD-086242,10,4,34in Ultrawide Monitor,displays,4,579.00,2316.00,completed,2026-08-09T08:17:09+00:00
ORD-086243,6,9,USB-C Hub 8-in-1,accessories,2,39.99,79.98,refunded,2026-08-09T10:06:30+00:00
ORD-086244,4,8,Ergonomic Chair,furniture,3,612.75,1838.25,completed,2026-08-09T02:25:10+00:00
ORD-086245,1,8,Ergonomic Chair,furniture,1,612.75,612.75,refunded,2026-08-09T22:20:03+00:00
ORD-086246,6,6,Desk Speakers Pair,audio,5,89.00,445.00,pending,2026-08-09T23:35:57+00:00
ORD-086247,5,3,27in 1440p Monitor,displays,4,319.99,1279.96,cancelled,2026-08-09T16:15:49+00:00
ORD-086248,6,10,Laptop Stand Aluminium,accessories,1,27.50,27.50,refunded,2026-08-09T02:24:07+00:00
ORD-086249,2,1,Mechanical Keyboard 75%,peripherals,4,129.00,516.00,cancelled,2026-08-09T18:10:20+00:00
ORD-086250,8,5,Over-ear Headphones,audio,5,199.95,999.75,completed,2026-08-09T21:51:30+00:00
ORD-086251,8,6,Desk Speakers Pair,audio,5,89.00,445.00,pending,2026-08-09T02:25:45+00:00
ORD-086252,9,7,Standing Desk 120cm,furniture,5,449.00,2245.00,completed,2026-08-09T09:16:45+00:00
ORD-086253,3,8,Ergonomic Chair,furniture,2,612.75,1225.50,completed,2026-08-09T05:39:43+00:00
ORD-086254,3,1,Mechanical Keyboard 75%,peripherals,1,129.00,129.00,refunded,2026-08-09T13:37:57+00:00
ORD-086255,7,9,USB-C Hub 8-in-1,accessories,2,39.99,79.98,cancelled,2026-08-09T00:34:30+00:00
ORD-086256,8,8,Ergonomic Chair,furniture,3,612.75,1838.25,pending,2026-08-09T14:14:59+00:00
ORD-086257,3,1,Mechanical Keyboard 75%,peripherals,4,129.00,516.00,refunded,2026-08-09T08:52:54+00:00
ORD-086258,4,8,Ergonomic Chair,furniture,3,612.75,1838.25,refunded,2026-08-09T09:55:30+00:00
ORD-086259,5,6,Desk Speakers Pair,audio,2,89.00,178.00,refunded,2026-08-09T12:49:19+00:00
ORD-086260,3,5,Over-ear Headphones,audio,5,199.95,999.75,cancelled,2026-08-09T03:54:30+00:00
ORD-086261,3,7,Standing Desk 120cm,furniture,5,449.00,2245.00,refunded,2026-08-09T02:52:13+00:00
ORD-086262,5,7,Standing Desk 120cm,furniture,5,449.00,2245.00,cancelled,2026-08-09T20:20:12+00:00
ORD-086263,4,9,USB-C Hub 8-in-1,accessories,4,39.99,159.96,refunded,2026-08-09T10:50:55+00:00
ORD-086264,5,9,USB-C Hub 8-in-1,accessories,2,39.99,79.98,pending,2026-08-09T21:10:33+00:00
ORD-086265,4,10,Laptop Stand Aluminium,accessories,3,27.50,82.50,refunded,2026-08-09T06:11:50+00:00
ORD-086266,4,1,Mechanical Keyboard 75%,peripherals,2,129.00,258.00,refunded,2026-08-09T03:17:17+00:00
ORD-086267,4,3,27in 1440p Monitor,displays,2,319.99,639.98,refunded,2026-08-09T07:36:48+00:00
ORD-086268,10,4,34in Ultrawide Monitor,displays,1,579.00,579.00,pending,2026-08-09T08:43:01+00:00
ORD-086269,1,5,Over-ear Headphones,audio,1,199.95,199.95,completed,2026-08-09T01:27:44+00:00
ORD-086270,7,6,Desk Speakers Pair,audio,4,89.00,356.00,refunded,2026-08-09T16:47:15+00:00
ORD-086271,10,2,Wireless Mouse,peripherals,1,49.50,49.50,pending,2026-08-09T03:29:47+00:00
ORD-086272,2,2,Wireless Mouse,peripherals,1,49.50,49.50,refunded,2026-08-09T03:16:14+00:00
ORD-086273,7,7,Standing Desk 120cm,furniture,4,449.00,1796.00,cancelled,2026-08-09T01:13:06+00:00
ORD-086274,9,7,Standing Desk 120cm,furniture,1,449.00,449.00,cancelled,2026-08-09T16:14:28+00:00
ORD-086275,4,1,Mechanical Keyboard 75%,peripherals,3,129.00,387.00,refunded,2026-08-09T19:43:22+00:00
ORD-086276,6,1,Mechanical Keyboard 75%,peripherals,1,129.00,129.00,pending,2026-08-09T11:54:18+00:00
ORD-086277,4,3,27in 1440p Monitor,displays,4,319.99,1279.96,pending,2026-08-09T11:17:22+00:00
ORD-086278,6,7,Standing Desk 120cm,furniture,5,449.00,2245.00,completed,2026-08-09T16:03:42+00:00
ORD-086279,2,2,Wireless Mouse,peripherals,1,49.50,49.50,pending,2026-08-09T09:45:19+00:00
ORD-086280,6,2,Wireless Mouse,peripherals,4,49.50,198.00,completed,2026-08-09T23:12:21+00:00
ORD-086281,1,3,27in 1440p Monitor,displays,5,319.99,1599.95,pending,2026-08-09T23:22:57+00:00
ORD-086282,9,6,Desk Speakers Pair,audio,2,89.00,178.00,completed,2026-08-09T02:14:51+00:00
ORD-086283,10,7,Standing Desk 120cm,furniture,1,449.00,449.00,cancelled,2026-08-09T08:45:08+00:00
ORD-086284,1,8,Ergonomic Chair,furniture,2,612.75,1225.50,refunded,2026-08-09T11:02:00+00:00
ORD-086285,5,7,Standing Desk 120cm,furniture,3,449.00,1347.00,pending,2026-08-09T22:19:20+00:00
ORD-086286,6,3,27in 1440p Monitor,displays,5,319.99,1599.95,refunded,2026-08-09T15:52:14+00:00
ORD-086287,6,1,Mechanical Keyboard 75%,peripherals,1,129.00,129.00,refunded,2026-08-09T19:47:27+00:00
ORD-086288,5,10,Laptop Stand Aluminium,accessories,2,27.50,55.00,cancelled,2026-08-09T22:14:19+00:00
ORD-086289,4,3,27in 1440p Monitor,displays,5,319.99,1599.95,cancelled,2026-08-09T10:42:58+00:00
ORD-086290,7,5,Over-ear Headphones,audio,3,199.95,599.85,pending,2026-08-09T07:33:20+00:00
ORD-086291,4,5,Over-ear Headphones,audio,4,199.95,799.80,refunded,2026-08-09T07:19:28+00:00
ORD-086292,4,8,Ergonomic Chair,furniture,4,612.75,2451.00,completed,2026-08-09T05:37:58+00:00
ORD-086293,4,1,Mechanical Keyboard 75%,peripherals,5,129.00,645.00,pending,2026-08-09T23:28:51+00:00
ORD-086294,2,4,34in Ultrawide Monitor,displays,2,579.00,1158.00,cancelled,2026-08-09T15:32:28+00:00
ORD-086295,6,6,Desk Speakers Pair,audio,2,89.00,178.00,refunded,2026-08-09T13:13:37+00:00
ORD-086296,6,6,Desk Speakers Pair,audio,5,89.00,445.00,pending,2026-08-09T00:41:51+00:00
ORD-086297,5,9,USB-C Hub 8-in-1,accessories,3,39.99,119.97,refunded,2026-08-09T15:02:01+00:00
ORD-086298,5,4,34in Ultrawide Monitor,displays,5,579.00,2895.00,refunded,2026-08-09T19:35:05+00:00
ORD-086299,9,6,Desk Speakers Pair,audio,5,89.00,445.00,cancelled,2026-08-09T03:50:49+00:00
ORD-086300,6,8,Ergonomic Chair,furniture,3,612.75,1838.25,completed,2026-08-09T17:46:18+00:00
ORD-086301,7,6,Desk Speakers Pair,audio,5,89.00,445.00,cancelled,2026-08-09T00:21:08+00:00
ORD-086302,5,9,USB-C Hub 8-in-1,accessories,2,39.99,79.98,refunded,2026-08-09T23:59:34+00:00
ORD-086303,2,5,Over-ear Headphones,audio,5,199.95,999.75,refunded,2026-08-09T12:02:37+00:00
ORD-086304,10,8,Ergonomic Chair,furniture,2,612.75,1225.50,completed,2026-08-09T22:39:20+00:00
ORD-086305,2,6,Desk Speakers Pair,audio,4,89.00,356.00,completed,2026-08-09T22:57:55+00:00
ORD-086306,4,6,Desk Speakers Pair,audio,3,89.00,267.00,refunded,2026-08-09T01:48:47+00:00
ORD-086307,4,7,Standing Desk 120cm,furniture,4,449.00,1796.00,cancelled,2026-08-09T10:44:10+00:00
ORD-086308,7,9,USB-C Hub 8-in-1,accessories,2,39.99,79.98,cancelled,2026-08-09T17:04:05+00:00
ORD-086309,9,8,Ergonomic Chair,furniture,2,612.75,1225.50,cancelled,2026-08-09T16:54:44+00:00
ORD-086310,3,7,Standing Desk 120cm,furniture,3,449.00,1347.00,pending,2026-08-09T07:18:41+00:00
ORD-086311,6,10,Laptop Stand Aluminium,accessories,5,27.50,137.50,refunded,2026-08-09T12:51:11+00:00
ORD-086312,5,6,Desk Speakers Pair,audio,1,89.00,89.00,refunded,2026-08-09T03:20:17+00:00
ORD-086313,5,7,Standing Desk 120cm,furniture,1,449.00,449.00,refunded,2026-08-09T16:11:41+00:00
ORD-086314,2,3,27in 1440p Monitor,displays,1,319.99,319.99,cancelled,2026-08-09T06:34:38+00:00
ORD-086315,6,9,USB-C Hub 8-in-1,accessories,3,39.99,119.97,pending,2026-08-09T12:35:16+00:00
ORD-086316,10,1,Mechanical Keyboard 75%,peripherals,4,129.00,-50.00,cancelled,2026-08-09T13:18:37+00:00
ORD-086317,7,2,Wireless Mouse,peripherals,5,49.50,247.50,pending,2026-08-09T05:35:54+00:00
ORD-086318,2,4,34in Ultrawide Monitor,displays,5,579.00,2895.00,cancelled,2026-08-09T18:17:45+00:00
ORD-086319,6,1,Mechanical Keyboard 75%,peripherals,4,129.00,516.00,refunded,2026-08-09T10:14:50+00:00
ORD-086320,10,7,Standing Desk 120cm,furniture,4,449.00,1796.00,completed,2026-08-09T21:55:45+00:00
ORD-086321,9,8,Ergonomic Chair,furniture,1,612.75,612.75,completed,2026-08-09T13:07:21+00:00
ORD-086322,6,3,27in 1440p Monitor,displays,2,319.99,639.98,completed,2026-08-09T21:31:16+00:00
ORD-086323,7,8,Ergonomic Chair,furniture,5,612.75,3063.75,pending,2026-08-09T17:11:09+00:00
ORD-086324,1,8,Ergonomic Chair,furniture,4,612.75,2451.00,cancelled,2026-08-09T20:16:31+00:00
ORD-086325,1,4,34in Ultrawide Monitor,displays,5,579.00,2895.00,completed,2026-08-09T18:00:27+00:00
ORD-086326,7,2,Wireless Mouse,peripherals,3,49.50,148.50,cancelled,2026-08-09T00:28:35+00:00
ORD-086327,9,4,34in Ultrawide Monitor,displays,2,579.00,1158.00,cancelled,2026-08-09T08:06:40+00:00
ORD-086328,2,5,Over-ear Headphones,audio,4,199.95,799.80,completed,2026-08-09T21:39:26+00:00
ORD-086329,4,10,Laptop Stand Aluminium,accessories,4,27.50,110.00,cancelled,2026-08-09T20:12:24+00:00
ORD-086330,10,5,Over-ear Headphones,audio,5,199.95,999.75,refunded,2026-08-09T11:33:38+00:00
ORD-086331,5,4,34in Ultrawide Monitor,displays,1,579.00,579.00,cancelled,2026-08-09T21:23:27+00:00
ORD-086332,8,10,Laptop Stand Aluminium,accessories,5,27.50,137.50,pending,2026-08-09T10:35:44+00:00
ORD-086333,1,2,Wireless Mouse,peripherals,3,49.50,148.50,pending,2026-08-09T10:17:44+00:00
ORD-086334,10,5,Over-ear Headphones,audio,4,199.95,799.80,pending,2026-08-09T12:30:22+00:00
ORD-086335,10,2,Wireless Mouse,peripherals,2,49.50,99.00,pending,2026-08-09T13:34:07+00:00
ORD-086336,8,4,34in Ultrawide Monitor,displays,3,579.00,1737.00,pending,2026-08-09T13:47:18+00:00
ORD-086337,4,5,Over-ear Headphones,audio,5,199.95,999.75,cancelled,2026-08-09T02:59:07+00:00
ORD-086338,1,6,Desk Speakers Pair,audio,4,89.00,356.00,cancelled,2026-08-09T06:57:36+00:00
ORD-086339,3,5,Over-ear Headphones,audio,5,199.95,999.75,completed,2026-08-09T17:27:51+00:00
ORD-086340,10,10,Laptop Stand Aluminium,accessories,5,27.50,137.50,cancelled,2026-08-09T10:51:53+00:00
ORD-086341,9,1,Mechanical Keyboard 75%,peripherals,3,129.00,387.00,refunded,2026-08-09T05:18:56+00:00
ORD-086342,5,1,Mechanical Keyboard 75%,peripherals,3,129.00,387.00,refunded,2026-08-09T18:31:05+00:00
ORD-086343,8,2,Wireless Mouse,peripherals,2,49.50,99.00,completed,2026-08-09T00:34:01+00:00
ORD-086344,3,9,USB-C Hub 8-in-1,accessories,3,39.99,119.97,pending,2026-08-09T13:19:38+00:00
ORD-086345,10,10,Laptop Stand Aluminium,accessories,4,27.50,110.00,refunded,2026-08-09T02:18:46+00:00
ORD-086346,5,2,Wireless Mouse,peripherals,4,49.50,198.00,cancelled,2026-08-09T06:09:48+00:00
ORD-086347,6,6,Desk Speakers Pair,audio,3,89.00,267.00,refunded,2026-08-09T05:08:05+00:00
ORD-086348,7,8,Ergonomic Chair,furniture,3,612.75,1838.25,cancelled,2026-08-09T13:48:06+00:00
ORD-086349,2,2,Wireless Mouse,peripherals,4,49.50,198.00,cancelled,2026-08-09T15:20:23+00:00
ORD-086350,2,8,Ergonomic Chair,furniture,4,612.75,2451.00,cancelled,2026-08-09T07:45:35+00:00
ORD-086351,3,5,Over-ear Headphones,audio,5,199.95,999.75,refunded,2026-08-09T03:33:40+00:00
ORD-086352,2,3,27in 1440p Monitor,displays,4,319.99,1279.96,completed,2026-08-09T21:07:58+00:00
ORD-086353,5,10,Laptop Stand Aluminium,accessories,3,27.50,82.50,pending,2026-08-09T21:49:47+00:00
ORD-086354,2,8,Ergonomic Chair,furniture,2,612.75,1225.50,cancelled,2026-08-09T14:02:13+00:00
ORD-086355,10,3,27in 1440p Monitor,displays,5,319.99,1599.95,refunded,2026-08-09T05:41:46+00:00
ORD-086356,1,5,Over-ear Headphones,audio,5,199.95,999.75,refunded,2026-08-09T04:25:54+00:00
ORD-086357,9,4,34in Ultrawide Monitor,displays,3,579.00,1737.00,pending,2026-08-09T07:42:13+00:00
ORD-086358,10,2,Wireless Mouse,peripherals,5,49.50,247.50,cancelled,2026-08-09T16:44:37+00:00
ORD-086359,7,2,Wireless Mouse,peripherals,3,49.50,148.50,cancelled,2026-08-09T16:49:33+00:00
ORD-086360,10,7,Standing Desk 120cm,furniture,2,449.00,898.00,refunded,2026-08-09T12:29:03+00:00
ORD-086361,7,8,Ergonomic Chair,furniture,5,612.75,3063.75,pending,2026-08-09T18:32:44+00:00
ORD-086362,8,9,USB-C Hub 8-in-1,accessories,4,39.99,159.96,cancelled,2026-08-09T03:15:43+00:00
ORD-086363,10,10,Laptop Stand Aluminium,accessories,1,27.50,27.50,refunded,2026-08-09T17:06:21+00:00
ORD-086364,5,9,USB-C Hub 8-in-1,accessories,5,39.99,199.95,refunded,2026-08-09T12:07:24+00:00
ORD-086365,6,3,27in 1440p Monitor,displays,4,319.99,1279.96,cancelled,2026-08-09T08:43:52+00:00
ORD-086366,3,10,Laptop Stand Aluminium,accessories,3,27.50,82.50,refunded,2026-08-09T00:45:30+00:00
ORD-086367,5,4,34in Ultrawide Monitor,displays,2,579.00,1158.00,cancelled,2026-08-09T10:14:37+00:00
ORD-086368,4,9,USB-C Hub 8-in-1,accessories,4,39.99,159.96,completed,2026-08-09T20:44:07+00:00
ORD-086369,10,9,USB-C Hub 8-in-1,accessories,1,39.99,39.99,cancelled,2026-08-09T09:17:39+00:00
ORD-086370,4,10,Laptop Stand Aluminium,accessories,4,27.50,110.00,refunded,2026-08-09T14:27:39+00:00
ORD-086371,7,4,34in Ultrawide Monitor,displays,4,579.00,2316.00,pending,2026-08-09T06:45:52+00:00
ORD-086372,7,8,Ergonomic Chair,furniture,1,612.75,612.75,cancelled,2026-08-09T13:25:27+00:00
