order_id,customer_id,product_id,product_name,category,quantity,unit_price,amount,status,order_date
ORD-058410,8,7,Standing Desk 120cm,furniture,1,449.00,449.00,pending,2026-07-29T07:35:38+00:00
ORD-058411,7,6,Desk Speakers Pair,audio,4,89.00,356.00,completed,2026-07-29T00:12:53+00:00
ORD-058412,4,4,34in Ultrawide Monitor,displays,2,579.00,1158.00,refunded,2026-07-29T18:21:45+00:00
ORD-058413,9,10,Laptop Stand Aluminium,accessories,5,27.50,137.50,pending,2026-07-29T04:28:24+00:00
ORD-058414,3,10,Laptop Stand Aluminium,accessories,5,27.50,137.50,completed,2026-07-29T11:48:30+00:00
ORD-058415,10,10,Laptop Stand Aluminium,accessories,2,27.50,55.00,pending,2026-07-29T23:53:58+00:00
ORD-058416,3,5,Over-ear Headphones,audio,4,199.95,799.80,cancelled,2026-07-29T09:42:00+00:00
ORD-058417,1,8,Ergonomic Chair,furniture,3,612.75,1838.25,completed,2026-07-29T05:59:34+00:00
ORD-058418,8,4,34in Ultrawide Monitor,displays,1,579.00,579.00,pending,2026-07-29T22:50:54+00:00
ORD-058419,10,9,USB-C Hub 8-in-1,accessories,5,39.99,199.95,completed,2026-07-29T18:25:04+00:00
ORD-058420,1,6,Desk Speakers Pair,audio,3,89.00,267.00,refunded,2026-07-29T06:30:08+00:00
ORD-058421,5,9,USB-C Hub 8-in-1,accessories,4,39.99,159.96,cancelled,2026-07-29T04:32:33+00:00
ORD-058422,8,4,34in Ultrawide Monitor,displays,2,579.00,1158.00,pending,2026-07-29T13:59:30+00:00
ORD-058423,7,7,Standing Desk 120cm,furniture,1,449.00,449.00,pending,2026-07-29T00:12:02+00:00
ORD-058424,1,2,Wireless Mouse,peripherals,1,49.50,49.50,refunded,2026-07-29T21:42:54+00:00
ORD-058425,3,10,Laptop Stand Aluminium,accessories,1,27.50,27.50,cancelled,2026-07-29T10:10:18+00:00
ORD-058426,5,5,Over-ear Headphones,audio,1,199.95,199.95,completed,2026-07-29T23:14:20+00:00
ORD-058427,3,5,Over-ear Headphones,audio,5,199.95,999.75,cancelled,2026-07-29T13:05:28+00:00
ORD-058428,6,8,Ergonomic Chair,furniture,1,612.75,612.75,cancelled,2026-07-29T06:55:51+00:00
ORD-058429,3,10,Laptop Stand Aluminium,accessories,2,27.50,55.00,cancelled,2026-07-29T18:00:19+00:00
ORD-058430,5,10,Laptop Stand Aluminium,accessories,1,27.50,27.50,completed,2026-07-29T18:16:34+00:00
ORD-058431,3,6,Desk Speakers Pair,audio,1,89.00,89.00,completed,2026-07-29T04:43:22+00:00
ORD-058432,7,5,Over-ear Headphones,audio,5,199.95,999.75,cancelled,2026-07-29T00:59:20+00:00
ORD-058433,2,4,34in Ultrawide Monitor,displays,4,579.00,2316.00,completed,2026-07-29T18:21:48+00:00
ORD-058434,5,5,Over-ear Headphones,audio,3,199.95,599.85,pending,2026-07-29T06:29:15+00:00
ORD-058435,3,8,Ergonomic Chair,furniture,4,612.75,2451.00,completed,2026-07-29T05:18:39+00:00
ORD-058436,1,4,34in Ultrawide Monitor,displays,5,579.00,2895.00,refunded,2026-07-29T08:41:57+00:00
ORD-058437,9,5,Over-ear Headphones,audio,3,199.95,599.85,pending,2026-07-29T05:34:50+00:00
ORD-058438,4,10,Laptop Stand Aluminium,accessories,4,27.50,110.00,completed,2026-07-29T17:29:13+00:00
ORD-058439,9,2,Wireless Mouse,peripherals,2,49.50,99.00,refunded,2026-07-29T15:48:29+00:00
ORD-058440,8,4,34in Ultrawide Monitor,displays,5,579.00,2895.00,refunded,2026-07-29T04:38:50+00:00
ORD-058441,1,4,34in Ultrawide Monitor,displays,4,579.00,2316.00,cancelled,2026-07-29T05:35:16+00:00
ORD-058442,4,6,Desk Speakers Pair,audio,1,89.00,89.00,pending,2026-07-29T21:24:38+00:00
ORD-058443,10,7,Standing Desk 120cm,furniture,5,449.00,2245.00,pending,2026-07-29T20:54:10+00:00
ORD-058444,7,3,27in 1440p Monitor,displays,2,319.99,639.98,cancelled,2026-07-29T15:16:58+00:00
ORD-058445,7,5,Over-ear Headphones,audio,3,199.95,599.85,completed,2026-07-29T19:47:15+00:00
ORD-058446,9,3,27in 1440p Monitor,displays,1,319.99,319.99,pending,2026-07-29T08:49:41+00:00
ORD-058447,10,4,34in Ultrawide Monitor,displays,2,579.00,1158.00,refunded,2026-07-29T04:31:18+00:00
ORD-058448,6,6,Desk Speakers Pair,audio,1,89.00,89.00,cancelled,2026-07-29T08:47:58+00:00
ORD-058449,3,8,Ergonomic Chair,furniture,3,612.75,1838.25,completed,2026-07-29T22:08:53+00:00
ORD-058450,2,5,Over-ear Headphones,audio,4,199.95,799.80,refunded,2026-07-29T02:24:08+00:00
ORD-058451,4,2,Wireless Mouse,peripherals,1,49.50,49.50,pending,2026-07-29T06:27:02+00:00
ORD-058452,3,6,Desk Speakers Pair,audio,3,89.00,267.00,pending,2026-07-29T08:57:36+00:00
ORD-058453,9,10,Laptop Stand Aluminium,accessories,3,27.50,82.50,pending,2026-07-29T15:05:29+00:00
ORD-058454,5,4,34in Ultrawide Monitor,displays,5,579.00,2895.00,cancelled,2026-07-29T11:06:55+00:00
ORD-058455,9,10,Laptop Stand Aluminium,accessories,5,27.50,137.50,refunded,2026-07-29T11:53:37+00:00
ORD-058456,2,5,Over-ear Headphones,audio,3,199.95,599.85,cancelled,2026-07-29T09:21:56+00:00
ORD-058457,4,9,USB-C Hub 8-in-1,accessories,1,39.99,39.99,pending,2026-07-29T13:58:57+00:00
ORD-058458,2,1,Mechanical Keyboard 75%,peripherals,2,129.00,258.00,cancelled,2026-07-29T04:31:45+00:00
ORD-058459,5,9,USB-C Hub 8-in-1,accessories,3,39.99,119.97,refunded,2026-07-29T03:01:04+00:00
ORD-058460,3,9,USB-C Hub 8-in-1,accessories,4,39.99,159.96,refunded,2026-07-29T01:37:46+00:00
ORD-058461,4,10,Laptop Stand Aluminium,accessories,2,27.50,55.00,pending,2026-07-29T00:03:52+00:00
ORD-058462,8,6,Desk Speakers Pair,audio,1,89.00,89.00,cancelled,2026-07-29T10:53:06+00:00
ORD-058463,9,10,Laptop Stand Aluminium,accessories,5,27.50,137.50,pending,2026-07-29T21:57:38+00:00
ORD-058464,8,4,34in Ultrawide Monitor,displays,5,579.00,2895.00,refunded,2026-07-29T01:28:07+00:00
ORD-058465,1,1,Mechanical Keyboard 75%,peripherals,4,129.00,516.00,pending,2026-07-29T11:29:43+00:00
ORD-058466,5,2,Wireless Mouse,peripherals,1,49.50,49.50,refunded,2026-07-29T10:39:54+00:00
ORD-058467,1,3,27in 1440p Monitor,displays,4,319.99,1279.96,cancelled,2026-07-29T09:20:47+00:00
ORD-058468,4,2,Wireless Mouse,peripherals,4,49.50,198.00,pending,2026-07-29T03:33:14+00:00
ORD-058469,1,3,27in 1440p Monitor,displays,1,319.99,319.99,refunded,2026-07-29T16:14:39+00:00
ORD-058470,8,8,Ergonomic Chair,furniture,2,612.75,1225.50,pending,2026-07-29T13:00:38+00:00
ORD-058471,7,4,34in Ultrawide Monitor,displays,2,579.00,1158.00,refunded,2026-07-29T03:29:29+00:00
ORD-058472,6,8,Ergonomic Chair,furniture,4,612.75,2451.00,pending,2026-07-29T02:54:02+00:00
ORD-058473,2,4,34in Ultrawide Monitor,displays,4,579.00,2316.00,completed,2026-07-29T04:04:11+00:00
ORD-058474,10,4,34in Ultrawide Monitor,displays,2,579.00,1158.00,completed,2026-07-29T00:34:51+00:00
ORD-058475,4,9,USB-C Hub 8-in-1,accessories,5,39.99,199.95,pending,2026-07-29T00:31:29+00:00
ORD-058476,9,9,USB-C Hub 8-in-1,accessories,3,39.99,119.97,completed,2026-07-29T21:18:05+00:00
ORD-058477,8,10,Laptop Stand Aluminium,accessories,1,27.50,27.50,cancelled,2026-07-29T00:58:48+00:00
ORD-058478,4,6,Desk Speakers Pair,audio,1,89.00,89.00,refunded,2026-07-29T05:27:09+00:00
ORD-058479,5,4,34in Ultrawide Monitor,displays,4,579.00,2316.00,refunded,2026-07-29T08:35:23+00:00
ORD-058480,4,9,USB-C Hub 8-in-1,accessories,4,39.99,159.96,completed,2026-07-29T11:29:50+00:00
ORD-058481,9,2,Wireless Mouse,peripherals,5,49.50,247.50,cancelled,2026-07-29T15:35:12+00:00
ORD-058482,4,10,Laptop Stand Aluminium,accessories,2,27.50,55.00,pending,2026-07-29T02:46:42+00:00
ORD-058483,3,10,Laptop Stand Aluminium,accessories,2,27.50,55.00,refunded,2026-07-29T17:54:02+00:00
ORD-058484,9,4,34in Ultrawide Monitor,displays,5,579.00,2895.00,refunded,2026-07-29T11:35:24+00:00
ORD-058485,10,7,Standing Desk 120cm,furniture,1,449.00,449.00,pending,2026-07-29T18:48:05+00:00
ORD-058486,8,6,Desk Speakers Pair,audio,5,89.00,445.00,cancelled,2026-07-29T00:29:49+00:00
ORD-058487,1,1,Mechanical Keyboard 75%,peripherals,3,129.00,387.00,refunded,2026-07-29T07:21:53+00:00
ORD-058488,5,4,34in Ultrawide Monitor,displays,4,579.00,2316.00,pending,2026-07-29T02:10:07+00:00
ORD-058489,1,2,Wireless Mouse,peripherals,2,49.50,99.00,completed,not-a-valid-date
ORD-058490,1,5,Over-ear Headphones,audio,2,199.95,399.90,cancelled,2026-07-29T14:11:43+00:00
ORD-058491,8,3,27in 1440p Monitor,displays,2,319.99,639.98,pending,2026-07-29T03:10:57+00:00
ORD-058492,4,2,Wireless Mouse,peripherals,4,49.50,198.00,refunded,2026-07-29T22:00:37+00:00
ORD-058493,4,6,Desk Speakers Pair,audio,1,89.00,89.00,completed,2026-07-29T23:49:41+00:00
ORD-058494,9,1,Mechanical Keyboard 75%,peripherals,3,129.00,387.00,completed,2026-07-29T21:48:58+00:00
ORD-058495,1,2,Wireless Mouse,peripherals,1,49.50,49.50,cancelled,2026-07-29T10:01:14+00:00
ORD-058496,2,9,USB-C Hub 8-in-1,accessories,5,39.99,199.95,completed,2026-07-29T11:13:52+00:00
ORD-058497,7,1,Mechanical Keyboard 75%,peripherals,5,129.00,645.00,completed,2026-07-29T17:08:57+00:00
ORD-058498,10,7,Standing Desk 120cm,furniture,1,449.00,449.00,completed,2026-07-29T17:55:52+00:00
ORD-058499,10,6,Desk Speakers Pair,audio,3,89.00,267.00,pending,2026-07-29T08:48:37+00:00
ORD-058500,6,9,USB-C Hub 8-in-1,accessories,4,39.99,159.96,cancelled,2026-07-29T00:38:07+00:00
ORD-058501,1,5,Over-ear Headphones,audio,4,199.95,799.80,completed,2026-07-29T00:45:04+00:00
ORD-058502,2,2,Wireless Mouse,peripherals,3,49.50,148.50,completed,2026-07-29T01:14:00+00:00
ORD-058503,6,6,Desk Speakers Pair,audio,2,89.00,178.00,pending,2026-07-29T12:39:31+00:00
ORD-058504,3,6,Desk Speakers Pair,audio,5,89.00,445.00,refunded,2026-07-29T19:06:40+00:00
ORD-058505,6,5,Over-ear Headphones,audio,3,199.95,599.85,refunded,2026-07-29T08:12:43+00:00
ORD-058506,9,7,Standing Desk 120cm,furniture,3,449.00,1347.00,cancelled,2026-07-29T00:20:28+00:00
ORD-058507,3,7,Standing Desk 120cm,furniture,4,449.00,1796.00,completed,2026-07-29T11:00:07+00:00
ORD-058508,10,3,27in 1440p Monitor,displays,3,319.99,959.97,completed,2026-07-29T18:31:23+00:00
ORD-058509,8,3,27in 1440p Monitor,displays,2,319.99,639.98,pending,2026-07-29T09:27:04+00:00
ORD-058510,2,3,27in 1440p Monitor,displays,3,319.99,959.97,refunded,2026-07-29T08:27:27+00:00
ORD-058511,6,5,Over-ear Headphones,audio,2,199.95,399.90,completed,2026-07-29T11:43:58+00:00
ORD-058512,10,5,Over-ear Headphones,audio,5,199.95,999.75,pending,2026-07-29T03:22:46+00:00
ORD-058513,4,2,Wireless Mouse,peripherals,5,49.50,247.50,pending,2026-07-29T08:39:31+00:00
ORD-058514,5,6,Desk Speakers Pair,audio,1,89.00,89.00,pending,2026-07-29T18:51:57+00:00
ORD-058515,9,10,Laptop Stand Aluminium,accessories,2,27.50,55.00,completed,2026-07-29T03:55:22+00:00
ORD-058516,9,2,Wireless Mouse,peripherals,2,49.50,99.00,cancelled,2026-07-29T15:32:05+00:00
ORD-058517,4,5,Over-ear Headphones,audio,4,199.95,799.80,completed,2026-07-29T06:00:45+00:00
ORD-058518,2,2,Wireless Mouse,peripherals,4,49.50,198.00,completed,2026-07-29T07:08:04+00:00
ORD-058519,5,1,Mechanical Keyboard 75%,peripherals,5,129.00,645.00,refunded,2026-07-29T11:44:12+00:00
ORD-058520,4,2,Wireless Mouse,peripherals,2,49.50,99.00,pending,2026-07-29T21:12:50+00:00
ORD-058521,9,9,USB-C Hub 8-in-1,accessories,5,39.99,199.95,refunded,2026-07-29T09:14:25+00:00
ORD-058522,10,10,Laptop Stand Aluminium,accessories,1,27.50,27.50,refunded,2026-07-29T05:49:56+00:00
ORD-058523,3,7,Standing Desk 120cm,furniture,1,449.00,449.00,refunded,2026-07-29T19:05:11+00:00
ORD-058524,6,4,34in Ultrawide Monitor,displays,3,579.00,1737.00,cancelled,2026-07-29T05:20:29+00:00
ORD-058525,6,7,Standing Desk 120cm,furniture,4,449.00,1796.00,refunded,2026-07-29T10:32:36+00:00
ORD-058526,10,5,Over-ear Headphones,audio,4,199.95,799.80,cancelled,2026-07-29T21:56:55+00:00
ORD-058527,6,7,Standing Desk 120cm,furniture,5,449.00,2245.00,cancelled,2026-07-29T11:25:12+00:00
ORD-058528,8,1,Mechanical Keyboard 75%,peripherals,4,129.00,516.00,cancelled,2026-07-29T04:56:12+00:00
ORD-058529,5,3,27in 1440p Monitor,displays,3,319.99,959.97,refunded,2026-07-29T02:28:08+00:00
ORD-058530,2,4,34in Ultrawide Monitor,displays,3,579.00,1737.00,refunded,2026-07-29T08:32:10+00:00
ORD-058531,6,4,34in Ultrawide Monitor,displays,2,579.00,1158.00,refunded,2026-07-29T14:25:50+00:00
ORD-058532,10,7,Standing Desk 120cm,furniture,1,449.00,449.00,cancelled,2026-07-29T22:22:39+00:00
ORD-058533,2,3,27in 1440p Monitor,displays,4,319.99,1279.96,completed,2026-07-29T18:14:10+00:00
ORD-058534,2,6,Desk Speakers Pair,audio,4,89.00,356.00,cancelled,2026-07-29T12:05:44+00:00
ORD-058535,5,8,Ergonomic Chair,furniture,2,612.75,1225.50,pending,2026-07-29T11:05:48+00:00
ORD-058536,5,2,Wireless Mouse,peripherals,1,49.50,49.50,cancelled,2026-07-29T22:27:43+00:00
ORD-058537,6,1,Mechanical Keyboard 75%,peripherals,5,129.00,645.00,cancelled,2026-07-29T07:51:20+00:00
ORD-058538,6,9,USB-C Hub 8-in-1,accessories,4,39.99,159.96,cancelled,2026-07-29T03:51:36+00:00
ORD-058539,8,4,34in Ultrawide Monitor,displays,1,579.00,579.00,refunded,2026-07-29T04:54:01+00:00
ORD-058540,1,10,Laptop Stand Aluminium,accessories,1,27.50,27.50,pending,2026-07-29T12:26:08+00:00
ORD-058541,5,1,Mechanical Keyboard 75%,peripherals,4,129.00,516.00,unknown_status,2026-07-29T14:01:35+00:00
ORD-058542,9,5,Over-ear Headphones,audio,2,199.95,399.90,cancelled,2026-07-29T09:46:57+00:00
ORD-058543,6,4,34in Ultrawide Monitor,displays,3,579.00,1737.00,cancelled,2026-07-29T21:21:14+00:00
ORD-058544,10,6,Desk Speakers Pair,audio,4,89.00,356.00,refunded,2026-07-29T13:28:08+00:00
ORD-058545,10,4,34in Ultrawide Monitor,displays,5,579.00,2895.00,completed,2026-07-29T07:22:34+00:00
ORD-058546,10,8,Ergonomic Chair,furniture,2,612.75,1225.50,pending,2026-07-29T14:18:15+00:00
ORD-058547,1,2,Wireless Mouse,peripherals,2,49.50,99.00,refunded,2026-07-29T12:53:39+00:00
ORD-058548,1,5,Over-ear Headphones,audio,2,199.95,399.90,cancelled,2026-07-29T16:33:48+00:00
ORD-058549,1,9,USB-C Hub 8-in-1,accessories,4,39.99,159.96,refunded,2026-07-29T20:07:04+00:00
ORD-058550,9,10,Laptop Stand Aluminium,accessories,3,27.50,82.50,completed,2026-07-29T03:47:20+00:00
ORD-058551,7,3,27in 1440p Monitor,displays,3,319.99,959.97,completed,2026-07-29T21:07:03+00:00
ORD-058552,3,7,Standing Desk 120cm,furniture,4,449.00,1796.00,refunded,2026-07-29T21:49:50+00:00
ORD-058553,6,1,Mechanical Keyboard 75%,peripherals,2,129.00,258.00,cancelled,2026-07-29T16:31:11+00:00
ORD-058554,9,1,Mechanical Keyboard 75%,peripherals,3,129.00,387.00,completed,2026-07-29T22:23:53+00:00
ORD-058555,10,2,Wireless Mouse,peripherals,2,49.50,99.00,refunded,2026-07-29T14:09:21+00:00
ORD-058556,1,8,Ergonomic Chair,furniture,1,612.75,612.75,cancelled,2026-07-29T05:20:53+00:00
ORD-058557,10,9,USB-C Hub 8-in-1,accessories,5,39.99,199.95,cancelled,2026-07-29T02:56:14+00:00
ORD-058558,6,6,Desk Speakers Pair,audio,1,89.00,89.00,completed,2026-07-29T04:09:18+00:00
ORD-058559,10,8,Ergonomic Chair,furniture,4,612.75,2451.00,pending,2026-07-29T06:48:34+00:00
ORD-058560,3,6,Desk Speakers Pair,audio,2,89.00,178.00,refunded,2026-07-29T13:48:47+00:00
ORD-058561,1,3,27in 1440p Monitor,displays,5,319.99,1599.95,pending,2026-07-29T07:39:33+00:00
ORD-058562,4,5,Over-ear Headphones,audio,3,199.95,599.85,completed,2026-07-29T19:41:22+00:00
ORD-058563,10,3,27in 1440p Monitor,displays,3,319.99,959.97,refunded,2026-07-29T03:34:49+00:00
ORD-058564,6,2,Wireless Mouse,peripherals,1,49.50,49.50,completed,2026-07-29T10:58:30+00:00
ORD-058565,1,1,Mechanical Keyboard 75%,peripherals,1,129.00,129.00,completed,2026-07-29T15:27:57+00:00
ORD-058566,3,10,Laptop Stand Aluminium,accessories,2,27.50,55.00,pending,2026-07-29T05:51:08+00:00
ORD-058567,7,6,Desk Speakers Pair,audio,2,89.00,178.00,cancelled,2026-07-29T21:58:50+00:00
ORD-058568,4,10,Laptop Stand Aluminium,accessories,5,27.50,137.50,refunded,2026-07-29T01:00:46+00:00
ORD-058569,4,1,Mechanical Keyboard 75%,peripherals,3,129.00,387.00,completed,2026-07-29T00:57:37+00:00
ORD-058570,5,1,Mechanical Keyboard 75%,peripherals,3,129.00,387.00,completed,2026-07-29T09:09:18+00:00
ORD-058571,10,6,Desk Speakers Pair,audio,1,89.00,89.00,completed,2026-07-29T23:02:09+00:00
ORD-058572,7,5,Over-ear Headphones,audio,2,199.95,399.90,completed,2026-07-29T23:11:05+00:00
ORD-058573,7,10,Laptop Stand Aluminium,accessories,3,27.50,82.50,refunded,2026-07-29T11:53:34+00:00
ORD-058574,10,5,Over-ear Headphones,audio,3,199.95,599.85,refunded,2026-07-29T16:35:28+00:00
ORD-058575,6,6,Desk Speakers Pair,audio,5,89.00,445.00,refunded,2026-07-29T16:02:24+00:00
ORD-058576,2,3,27in 1440p Monitor,displays,2,319.99,639.98,completed,2026-07-29T06:20:38+00:00
ORD-058577,4,5,Over-ear Headphones,audio,3,199.95,599.85,pending,2026-07-29T00:52:49+00:00
ORD-058578,10,7,Standing Desk 120cm,furniture,3,449.00,1347.00,pending,2026-07-29T05:57:16+00:00
ORD-058579,8,1,Mechanical Keyboard 75%,peripherals,4,129.00,516.00,completed,2026-07-29T12:01:03+00:00
ORD-058580,4,3,27in 1440p Monitor,displays,3,319.99,959.97,refunded,2026-07-29T08:35:05+00:00
ORD-058581,2,7,Standing Desk 120cm,furniture,4,449.00,1796.00,cancelled,2026-07-29T16:38:10+00:00
ORD-058582,3,6,Desk Speakers Pair,audio,2,89.00,178.00,pending,2026-07-29T03:43:35+00:00
ORD-058583,9,1,Mechanical Keyboard 75%,peripherals,5,129.00,645.00,refunded,2026-07-29T16:53:13+00:00
ORD-058584,8,8,Ergonomic Chair,furniture,4,612.75,2451.00,completed,2026-07-29T04:09:37+00:00
ORD-058585,7,2,Wireless Mouse,peripherals,2,49.50,99.00,cancelled,2026-07-29T21:56:42+00:00
ORD-058586,8,5,Over-ear Headphones,audio,5,199.95,999.75,cancelled,2026-07-29T06:29:02+00:00
ORD-058587,7,10,Laptop Stand Aluminium,accessories,2,27.50,55.00,pending,2026-07-29T09:22:05+00:00
ORD-058588,1,7,Standing Desk 120cm,furniture,5,449.00,2245.00,cancelled,2026-07-29T23:46:48+00:00
ORD-058589,10,7,Standing Desk 120cm,furniture,5,449.00,2245.00,refunded,2026-07-29T09:32:47+00:00
ORD-058590,2,9,USB-C Hub 8-in-1,accessories,4,39.99,159.96,completed,2026-07-29T01:40:28+00:00
ORD-058591,2,1,Mechanical Keyboard 75%,peripherals,5,129.00,645.00,cancelled,2026-07-29T10:27:58+00:00
ORD-058592,3,9,USB-C Hub 8-in-1,accessories,5,39.99,199.95,completed,2026-07-29T19:30:53+00:00
ORD-058593,4,5,Over-ear Headphones,audio,3,199.95,599.85,pending,2026-07-29T01:31:34+00:00
ORD-058594,3,7,Standing Desk 120cm,furniture,1,449.00,449.00,cancelled,2026-07-29T13:32:46+00:00
ORD-058595,2,1,Mechanical Keyboard 75%,peripherals,3,129.00,387.00,completed,2026-07-29T10:57:21+00:00
ORD-058596,4,1,Mechanical Keyboard 75%,peripherals,4,129.00,516.00,refunded,2026-07-29T23:52:22+00:00
ORD-058597,2,5,Over-ear Headphones,audio,5,199.95,999.75,completed,2026-07-29T03:52:46+00:00
ORD-058598,7,5,Over-ear Headphones,audio,5,199.95,999.75,cancelled,2026-07-29T09:33:24+00:00
ORD-058599,7,1,Mechanical Keyboard 75%,peripherals,2,129.00,258.00,refunded,2026-07-29T00:03:17+00:00
ORD-058600,8,1,Mechanical Keyboard 75%,peripherals,3,129.00,387.00,refunded,2026-07-29T20:23:38+00:00
ORD-058601,7,3,27in 1440p Monitor,displays,5,319.99,1599.95,completed,2026-07-29T05:02:16+00:00
ORD-058602,8,6,Desk Speakers Pair,audio,1,89.00,89.00,pending,2026-07-29T08:52:59+00:00
ORD-058603,9,3,27in 1440p Monitor,displays,4,319.99,1279.96,refunded,2026-07-29T03:04:08+00:00
ORD-058604,5,4,34in Ultrawide Monitor,displays,5,579.00,2895.00,refunded,2026-07-29T21:57:25+00:00
ORD-058605,7,3,27in 1440p Monitor,displays,1,319.99,319.99,refunded,2026-07-29T19:19:50+00:00
ORD-058606,9,2,Wireless Mouse,peripherals,1,49.50,49.50,pending,2026-07-29T00:58:32+00:00
ORD-058607,3,2,Wireless Mouse,peripherals,2,49.50,99.00,completed,2026-07-29T11:00:13+00:00
ORD-058608,3,8,Ergonomic Chair,furniture,1,612.75,612.75,pending,2026-07-29T02:22:17+00:00
ORD-058609,8,3,27in 1440p Monitor,displays,3,319.99,959.97,pending,2026-07-29T03:52:23+00:00
ORD-058610,10,8,Ergonomic Chair,furniture,3,612.75,1838.25,cancelled,2026-07-29T05:36:20+00:00
ORD-058611,3,10,Laptop Stand Aluminium,accessories,1,27.50,27.50,completed,2026-07-29T11:07:51+00:00
ORD-058612,8,7,Standing Desk 120cm,furniture,2,449.00,898.00,pending,2026-07-29T15:31:14+00:00
ORD-058613,2,8,Ergonomic Chair,furniture,5,612.75,3063.75,pending,2026-07-29T12:16:52+00:00
ORD-058614,7,6,Desk Speakers Pair,audio,2,89.00,178.00,completed,2026-07-29T15:50:09+00:00
ORD-058615,5,7,Standing Desk 120cm,furniture,3,449.00,1347.00,cancelled,2026-07-29T19:25:09+00:00
ORD-058616,3,5,Over-ear Headphones,audio,2,199.95,399.90,completed,2026-07-29T08:39:59+00:00
ORD-058617,7,7,Standing Desk 120cm,furniture,5,449.00,2245.00,pending,2026-07-29T18:50:01+00:00
ORD-058618,7,5,Over-ear Headphones,audio,5,199.95,999.75,pending,2026-07-29T01:48:26+00:00
ORD-058619,1,9,USB-C Hub 8-in-1,accessories,1,39.99,39.99,completed,2026-07-29T23:07:14+00:00
ORD-058620,4,9,USB-C Hub 8-in-1,accessories,5,39.99,199.95,refunded,2026-07-29T18:17:16+00:00
ORD-058621,10,8,Ergonomic Chair,furniture,4,612.75,2451.00,completed,2026-07-29T06:37:48+00:00
ORD-058622,3,10,Laptop Stand Aluminium,accessories,2,27.50,55.00,cancelled,2026-07-29T21:12:20+00:00
ORD-058623,5,10,Laptop Stand Aluminium,accessories,3,27.50,82.50,completed,2026-07-29T16:08:29+00:00
ORD-058624,1,1,Mechanical Keyboard 75%,peripherals,5,129.00,645.00,pending,2026-07-29T14:29:22+00:00
ORD-058625,1,7,Standing Desk 120cm,furniture,1,449.00,449.00,refunded,2026-07-29T17:45:41+00:00
ORD-058626,7,9,USB-C Hub 8-in-1,accessories,1,39.99,39.99,pending,2026-07-29T11:16:19+00:00
ORD-058627,1,4,34in Ultrawide Monitor,displays,2,579.00,1158.00,completed,2026-07-29T23:53:26+00:00
ORD-058628,3,8,Ergonomic Chair,furniture,4,612.75,2451.00,pending,2026-07-29T04:02:50+00:00
ORD-058629,1,8,Ergonomic Chair,furniture,1,612.75,612.75,refunded,2026-07-29T08:56:52+00:00
ORD-058630,8,4,34in Ultrawide Monitor,displays,2,579.00,1158.00,refunded,2026-07-29T03:15:36+00:00
ORD-058631,9,3,27in 1440p Monitor,displays,2,319.99,639.98,pending,2026-07-29T02:26:54+00:00
ORD-058632,8,8,Ergonomic Chair,furniture,2,612.75,1225.50,cancelled,2026-07-29T03:43:23+00:00
ORD-058633,9,10,Laptop Stand Aluminium,accessories,1,27.50,27.50,refunded,2026-07-29T06:09:41+00:00
ORD-058634,3,8,Ergonomic Chair,furniture,4,612.75,2451.00,cancelled,2026-07-29T01:54:01+00:00
ORD-058635,3,7,Standing Desk 120cm,furniture,3,449.00,1347.00,completed,2026-07-29T18:51:45+00:00
ORD-058636,1,10,Laptop Stand Aluminium,accessories,3,27.50,82.50,pending,2026-07-29T03:47:53+00:00
ORD-058637,7,6,Desk Speakers Pair,audio,3,89.00,267.00,refunded,2026-07-29T02:24:20+00:00
ORD-058638,3,9,USB-C Hub 8-in-1,accessories,5,39.99,199.95,pending,2026-07-29T14:24:23+00:00
ORD-058639,8,7,Standing Desk 120cm,furniture,3,449.00,1347.00,refunded,2026-07-29T09:30:21+00:00
ORD-058640,7,4,34in Ultrawide Monitor,displays,2,579.00,1158.00,cancelled,2026-07-29T04:31:47+00:00
ORD-058641,8,4,34in Ultrawide Monitor,displays,1,579.00,579.00,completed,2026-07-29T13:52:35+00:00
ORD-058642,9,8,Ergonomic Chair,furniture,2,612.75,1225.50,refunded,2026-07-29T17:02:35+00:00
ORD-058643,9,4,34in Ultrawide Monitor,displays,2,579.00,1158.00,cancelled,2026-07-29T03:32:00+00:00
ORD-058644,4,8,Ergonomic Chair,furniture,5,612.75,3063.75,cancelled,2026-07-29T15:20:47+00:00
ORD-058645,4,6,Desk Speakers Pair,audio,4,89.00,356.00,completed,2026-07-29T01:55:58+00:00
ORD-058646,5,5,Over-ear Headphones,audio,3,199.95,599.85,cancelled,2026-07-29T02:31:29+00:00
ORD-058647,6,5,Over-ear Headphones,audio,5,199.95,999.75,cancelled,2026-07-29T22:20:49+00:00
ORD-058648,7,7,Standing Desk 120cm,furniture,3,449.00,1347.00,completed,2026-07-29T23:42:44+00:00
ORD-058649,3,4,34in Ultrawide Monitor,displays,1,579.00,579.00,pending,2026-07-29T00:53:41+00:00
ORD-058650,10,5,Over-ear Headphones,audio,4,199.95,799.80,pending,2026-07-29T11:17:01+00:00
ORD-058651,5,8,Ergonomic Chair,furniture,2,612.75,1225.50,cancelled,2026-07-29T19:20:23+00:00
ORD-058652,10,9,USB-C Hub 8-in-1,accessories,5,39.99,199.95,refunded,2026-07-29T10:40:48+00:00
ORD-058653,6,6,Desk Speakers Pair,audio,4,89.00,356.00,cancelled,2026-07-29T19:00:08+00:00
ORD-058654,2,3,27in 1440p Monitor,displays,3,319.99,959.97,refunded,2026-07-29T15:47:47+00:00
ORD-058655,2,4,34in Ultrawide Monitor,displays,1,579.00,579.00,cancelled,2026-07-29T20:02:41+00:00
ORD-058656,7,1,Mechanical Keyboard 75%,peripherals,4,129.00,516.00,completed,2026-07-29T06:13:14+00:00
ORD-058657,9,6,Desk Speakers Pair,audio,2,89.00,178.00,completed,2026-07-29T19:29:04+00:00
ORD-058658,7,3,27in 1440p Monitor,displays,2,319.99,639.98,cancelled,2026-07-29T04:38:53+00:00
ORD-058659,4,10,Laptop Stand Aluminium,accessories,4,27.50,110.00,cancelled,2026-07-29T09:10:19+00:00
ORD-058660,6,6,Desk Speakers Pair,audio,2,89.00,178.00,completed,2026-07-29T16:22:21+00:00
ORD-058661,4,2,Wireless Mouse,peripherals,4,49.50,198.00,pending,2026-07-29T07:46:14+00:00
ORD-058662,3,10,Laptop Stand Aluminium,accessories,2,27.50,55.00,pending,2026-07-29T15:05:37+00:00
ORD-058663,1,8,Ergonomic Chair,furniture,2,612.75,1225.50,refunded,2026-07-29T03:01:28+00:00
ORD-058664,6,9,USB-C Hub 8-in-1,accessories,2,39.99,79.98,cancelled,2026-07-29T17:29:43+00:00
ORD-058665,3,1,Mechanical Keyboard 75%,peripherals,5,129.00,645.00,refunded,2026-07-29T03:30:58+00:00
ORD-058666,6,3,27in 1440p Monitor,displays,1,319.99,319.99,refunded,2026-07-29T13:48:17+00:00
ORD-058667,10,4,34in Ultrawide Monitor,displays,2,579.00,1158.00,refunded,2026-07-29T09:59:05+00:00
ORD-058668,4,5,Over-ear Headphones,audio,4,199.95,799.80,refunded,2026-07-29T09:23:00+00:00
ORD-058669,1,10,Laptop Stand Aluminium,accessories,2,27.50,55.00,pending,2026-07-29T15:52:17+00:00
ORD-058670,8,2,Wireless Mouse,peripherals,3,49.50,148.50,cancelled,2026-07-29T00:38:31+00:00
ORD-058671,9,4,34in Ultrawide Monitor,displays,2,579.00,1158.00,cancelled,2026-07-29T14:30:10+00:00
ORD-058672,4,6,Desk Speakers Pair,audio,4,89.00,356.00,cancelled,2026-07-29T00:24:02+00:00
ORD-058673,7,7,Standing Desk 120cm,furniture,1,449.00,449.00,cancelled,2026-07-29T06:23:02+00:00
ORD-058674,1,5,Over-ear Headphones,audio,2,199.95,399.90,cancelled,2026-07-29T22:10:16+00:00
ORD-058675,1,1,Mechanical Keyboard 75%,peripherals,2,129.00,258.00,completed,2026-07-29T17:39:39+00:00
ORD-058676,10,1,Mechanical Keyboard 75%,peripherals,1,129.00,129.00,refunded,2026-07-29T00:55:12+00:00
ORD-058677,4,6,Desk Speakers Pair,audio,5,89.00,445.00,refunded,2026-07-29T16:14:07+00:00
ORD-058678,5,8,Ergonomic Chair,furniture,3,612.75,1838.25,refunded,2026-07-29T17:59:06+00:00
ORD-058679,5,1,Mechanical Keyboard 75%,peripherals,2,129.00,258.00,completed,2026-07-29T08:29:18+00:00
ORD-058680,1,10,Laptop Stand Aluminium,accessories,2,27.50,55.00,pending,2026-07-29T17:08:23+00:00
ORD-058681,9,4,34in Ultrawide Monitor,displays,2,579.00,1158.00,cancelled,2026-07-29T13:26:51+00:00
ORD-058682,3,3,27in 1440p Monitor,displays,5,319.99,1599.95,refunded,2026-07-29T19:45:15+00:00
ORD-058683,2,3,27in 1440p Monitor,displays,1,319.99,319.99,cancelled,2026-07-29T03:42:50+00:00
ORD-058684,4,9,USB-C Hub 8-in-1,accessories,4,39.99,159.96,pending,2026-07-29T00:11:16+00:00
ORD-058685,2,9,USB-C Hub 8-in-1,accessories,2,39.99,79.98,completed,2026-07-29T13:23:21+00:00
ORD-058686,7,7,Standing Desk 120cm,furniture,2,449.00,898.00,refunded,2026-07-29T03:11:20+00:00
ORD-058687,9,9,USB-C Hub 8-in-1,accessories,5,39.99,199.95,cancelled,2026-07-29T20:18:25+00:00
ORD-058688,1,3,27in 1440p Monitor,displays,2,319.99,639.98,cancelled,2026-07-29T07:30:57+00:00
ORD-058689,1,5,Over-ear Headphones,audio,3,199.95,599.85,completed,2026-07-29T16:56:14+00:00
ORD-058690,1,1,Mechanical Keyboard 75%,peripherals,5,129.00,645.00,pending,2026-07-29T03:56:12+00:00
ORD-058691,2,8,Ergonomic Chair,furniture,2,612.75,1225.50,pending,2026-07-29T05:26:24+00:00
ORD-058692,4,3,27in 1440p Monitor,displays,3,319.99,959.97,pending,2026-07-29T20:09:25+00:00
ORD-058693,1,7,Standing Desk 120cm,furniture,4,449.00,1796.00,pending,2026-07-29T09:59:21+00:00
ORD-058694,4,10,Laptop Stand Aluminium,accessories,1,27.50,27.50,cancelled,2026-07-29T00:28:47+00:00
ORD-058695,8,2,Wireless Mouse,peripherals,5,49.50,247.50,refunded,2026-07-29T05:01:35+00:00
ORD-058696,6,10,Laptop Stand Aluminium,accessories,2,27.50,55.00,refunded,2026-07-29T11:41:16+00:00
ORD-058697,10,1,Mechanical Keyboard 75%,peripherals,5,129.00,645.00,cancelled,2026-07-29T22:27:49+00:00
ORD-058698,3,10,Laptop Stand Aluminium,accessories,5,27.50,137.50,pending,2026-07-29T00:01:42+00:00
ORD-058699,7,8,Ergonomic Chair,furniture,2,612.75,1225.50,cancelled,2026-07-29T11:31:11+00:00
ORD-058700,9,3,27in 1440p Monitor,displays,5,319.99,1599.95,cancelled,2026-07-29T07:49:53+00:00
ORD-058701,7,9,USB-C Hub 8-in-1,accessories,1,39.99,39.99,pending,2026-07-29T11:02:30+00:00
ORD-058702,6,2,Wireless Mouse,peripherals,1,49.50,49.50,refunded,2026-07-29T06:32:39+00:00
ORD-058703,8,9,USB-C Hub 8-in-1,accessories,3,39.99,119.97,cancelled,2026-07-29T20:19:36+00:00
ORD-058704,7,5,Over-ear Headphones,audio,1,199.95,199.95,completed,2026-07-29T19:15:35+00:00
ORD-058705,9,4,34in Ultrawide Monitor,displays,5,579.00,2895.00,cancelled,2026-07-29T01:17:48+00:00
ORD-058706,7,8,Ergonomic Chair,furniture,3,612.75,1838.25,pending,2026-07-29T08:44:34+00:00
ORD-058707,10,9,USB-C Hub 8-in-1,accessories,3,39.99,119.97,refunded,2026-07-29T14:22:42+00:00
ORD-058708,6,3,27in 1440p Monitor,displays,1,319.99,319.99,pending,2026-07-29T20:39:28+00:00
ORD-058709,2,10,Laptop Stand Aluminium,accessories,3,27.50,82.50,pending,2026-07-29T18:25:29+00:00
ORD-058710,5,5,Over-ear Headphones,audio,4,199.95,799.80,cancelled,2026-07-29T14:09:39+00:00
ORD-058711,6,1,Mechanical Keyboard 75%,peripherals,4,129.00,516.00,refunded,2026-07-29T22:44:23+00:00
ORD-058712,4,10,Laptop Stand Aluminium,accessories,5,27.50,137.50,cancelled,2026-07-29T04:55:07+00:00
ORD-058713,4,3,27in 1440p Monitor,displays,4,319.99,1279.96,completed,2026-07-29T22:42:27+00:00
ORD-058714,9,5,Over-ear Headphones,audio,3,199.95,599.85,completed,2026-07-29T02:46:36+00:00
ORD-058715,1,6,Desk Speakers Pair,audio,4,89.00,356.00,pending,2026-07-29T02:27:47+00:00
ORD-058716,6,9,USB-C Hub 8-in-1,accessories,1,39.99,39.99,refunded,2026-07-29T10:02:46+00:00
ORD-058717,9,7,Standing Desk 120cm,furniture,4,449.00,1796.00,pending,2026-07-29T11:29:43+00:00
ORD-058718,10,1,Mechanical Keyboard 75%,peripherals,5,129.00,645.00,pending,2026-07-29T00:27:08+00:00
ORD-058719,4,9,USB-C Hub 8-in-1,accessories,3,39.99,119.97,refunded,2026-07-29T18:26:37+00:00
ORD-058720,10,5,Over-ear Headphones,audio,5,199.95,999.75,pending,2026-07-29T04:37:21+00:00
ORD-058721,2,9,USB-C Hub 8-in-1,accessories,4,39.99,159.96,refunded,2026-07-29T13:35:19+00:00
ORD-058722,3,1,Mechanical Keyboard 75%,peripherals,2,129.00,258.00,completed,2026-07-29T22:02:20+00:00
ORD-058723,8,10,Laptop Stand Aluminium,accessories,2,27.50,55.00,cancelled,2026-07-29T17:23:40+00:00
ORD-058724,5,7,Standing Desk 120cm,furniture,2,449.00,898.00,cancelled,2026-07-29T22:15:22+00:00
ORD-058725,3,9,USB-C Hub 8-in-1,accessories,5,39.99,199.95,cancelled,2026-07-29T18:36:37+00:00
ORD-058726,10,7,Standing Desk 120cm,furniture,2,449.00,898.00,cancelled,2026-07-29T15:19:35+00:00
ORD-058727,7,7,Standing Desk 120cm,furniture,4,449.00,1796.00,pending,2026-07-29T15:14:52+00:00
ORD-058728,7,2,Wireless Mouse,peripherals,3,49.50,148.50,pending,2026-07-29T09:01:49+00:00
ORD-058729,9,10,Laptop Stand Aluminium,accessories,1,27.50,27.50,cancelled,2026-07-29T03:19:55+00:00
ORD-058730,1,8,Ergonomic Chair,furniture,1,612.75,612.75,completed,2026-07-29T03:27:16+00:00
ORD-058731,2,4,34in Ultrawide Monitor,displays,1,579.00,-50.00,refunded,2026-07-29T10:17:19+00:00
ORD-058732,2,6,Desk Speakers Pair,audio,3,89.00,267.00,cancelled,2026-07-29T09:04:37+00:00
ORD-058733,2,8,Ergonomic Chair,furniture,2,612.75,1225.50,cancelled,2026-07-29T13:08:57+00:00
ORD-058734,5,9,USB-C Hub 8-in-1,accessories,2,39.99,79.98,cancelled,2026-07-29T16:04:45+00:00
ORD-058735,8,5,Over-ear Headphones,audio,4,199.95,799.80,pending,2026-07-29T07:42:51+00:00
ORD-058736,3,10,Laptop Stand Aluminium,accessories,3,27.50,82.50,refunded,2026-07-29T23:55:03+00:00
ORD-058737,10,7,Standing Desk 120cm,furniture,1,449.00,449.00,cancelled,2026-07-29T10:21:15+00:00
ORD-058738,2,1,Mechanical Keyboard 75%,peripherals,1,129.00,129.00,cancelled,2026-07-29T12:27:18+00:00
ORD-058739,5,8,Ergonomic Chair,furniture,4,612.75,2451.00,pending,2026-07-29T20:55:29+00:00
ORD-058740,6,6,Desk Speakers Pair,audio,3,89.00,267.00,refunded,2026-07-29T17:35:20+00:00
ORD-058741,9,8,Ergonomic Chair,furniture,1,612.75,612.75,pending,2026-07-29T05:49:15+00:00
ORD-058742,6,1,Mechanical Keyboard 75%,peripherals,5,129.00,645.00,pending,2026-07-29T19:01:42+00:00
ORD-058743,4,9,USB-C Hub 8-in-1,accessories,5,39.99,199.95,completed,2026-07-29T09:38:06+00:00
ORD-058744,2,5,Over-ear Headphones,audio,1,199.95,199.95,refunded,2026-07-29T00:01:21+00:00
ORD-058745,10,1,Mechanical Keyboard 75%,peripherals,4,129.00,516.00,completed,2026-07-29T04:14:44+00:00
ORD-058746,10,9,USB-C Hub 8-in-1,accessories,5,39.99,199.95,refunded,2026-07-29T21:09:14+00:00
ORD-058747,10,8,Ergonomic Chair,furniture,2,612.75,1225.50,pending,2026-07-29T00:30:53+00:00
ORD-058748,8,6,Desk Speakers Pair,audio,1,89.00,89.00,cancelled,2026-07-29T05:41:36+00:00
ORD-058749,7,7,Standing Desk 120cm,furniture,3,449.00,1347.00,completed,2026-07-29T13:15:36+00:00
ORD-058750,3,7,Standing Desk 120cm,furniture,3,449.00,1347.00,completed,2026-07-29T12:06:55+00:00
ORD-058751,1,1,Mechanical Keyboard 75%,peripherals,3,129.00,387.00,completed,2026-07-29T08:42:35+00:00
ORD-058752,7,6,Desk Speakers Pair,audio,3,89.00,267.00,refunded,2026-07-29T23:12:11+00:00
ORD-058753,1,5,Over-ear Headphones,audio,5,199.95,999.75,pending,2026-07-29T11:16:08+00:00
ORD-058754,7,1,Mechanical Keyboard 75%,peripherals,2,129.00,258.00,cancelled,2026-07-29T05:48:39+00:00
ORD-058755,5,2,Wireless Mouse,peripherals,3,49.50,148.50,completed,2026-07-29T11:39:55+00:00
ORD-058756,10,1,Mechanical Keyboard 75%,peripherals,4,129.00,516.00,completed,2026-07-29T01:13:43+00:00
ORD-058757,8,8,Ergonomic Chair,furniture,3,612.75,1838.25,pending,2026-07-29T21:06:51+00:00
ORD-058758,7,9,USB-C Hub 8-in-1,accessories,2,39.99,79.98,pending,2026-07-29T20:00:51+00:00
ORD-058759,5,2,Wireless Mouse,peripherals,1,49.50,49.50,completed,2026-07-29T12:42:23+00:00
ORD-058760,1,5,Over-ear Headphones,audio,2,199.95,399.90,refunded,2026-07-29T13:42:11+00:00
ORD-058761,7,4,34in Ultrawide Monitor,displays,2,579.00,1158.00,cancelled,2026-07-29T00:04:53+00:00
ORD-058762,1,5,Over-ear Headphones,audio,5,199.95,999.75,completed,2026-07-29T05:47:46+00:00
ORD-058763,7,7,Standing Desk 120cm,furniture,5,449.00,2245.00,cancelled,2026-07-29T17:59:11+00:00
ORD-058764,8,9,USB-C Hub 8-in-1,accessories,4,39.99,159.96,completed,2026-07-29T22:34:57+00:00
ORD-058765,4,8,Ergonomic Chair,furniture,3,612.75,1838.25,refunded,2026-07-29T07:45:26+00:00
ORD-058766,6,10,Laptop Stand Aluminium,accessories,4,27.50,110.00,pending,2026-07-29T03:18:28+00:00
ORD-058767,7,5,Over-ear Headphones,audio,4,199.95,799.80,pending,2026-07-29T07:43:16+00:00
ORD-058768,4,7,Standing Desk 120cm,furniture,3,449.00,1347.00,completed,2026-07-29T23:36:31+00:00
ORD-058769,7,7,Standing Desk 120cm,furniture,5,449.00,2245.00,completed,2026-07-29T08:20:53+00:00
ORD-058770,2,8,Ergonomic Chair,furniture,3,612.75,1838.25,cancelled,2026-07-29T21:08:11+00:00
ORD-058771,6,3,27in 1440p Monitor,displays,2,319.99,639.98,pending,2026-07-29T19:59:09+00:00
ORD-058772,6,8,Ergonomic Chair,furniture,3,612.75,1838.25,cancelled,2026-07-29T13:57:21+00:00
ORD-058773,7,9,USB-C Hub 8-in-1,accessories,5,39.99,199.95,pending,2026-07-29T20:58:34+00:00
ORD-058774,9,5,Over-ear Headphones,audio,1,199.95,199.95,completed,2026-07-29T08:12:05+00:00
ORD-058775,7,1,Mechanical Keyboard 75%,peripherals,2,129.00,258.00,cancelled,2026-07-29T01:31:49+00:00
ORD-058776,6,3,27in 1440p Monitor,displays,2,319.99,639.98,cancelled,2026-07-29T20:32:54+00:00
ORD-058777,7,4,34in Ultrawide Monitor,displays,4,579.00,2316.00,pending,2026-07-29T15:45:01+00:00
ORD-058778,9,2,Wireless Mouse,peripherals,4,49.50,198.00,completed,2026-07-29T12:21:08+00:00
ORD-058779,1,10,Laptop Stand Aluminium,accessories,1,27.50,27.50,refunded,2026-07-29T16:39:40+00:00
ORD-058780,7,9,USB-C Hub 8-in-1,accessories,1,39.99,39.99,refunded,2026-07-29T03:03:19+00:00
ORD-058781,2,4,34in Ultrawide Monitor,displays,5,579.00,2895.00,refunded,2026-07-29T10:36:23+00:00
ORD-058782,1,4,34in Ultrawide Monitor,displays,1,579.00,579.00,completed,2026-07-29T21:46:47+00:00
ORD-058783,3,7,Standing Desk 120cm,furniture,4,449.00,1796.00,pending,2026-07-29T23:28:10+00:00
ORD-058784,4,1,Mechanical Keyboard 75%,peripherals,3,129.00,387.00,pending,2026-07-29T12:28:17+00:00
ORD-058785,7,10,Laptop Stand Aluminium,accessories,4,27.50,110.00,cancelled,2026-07-29T09:14:25+00:00
ORD-058786,1,10,Laptop Stand Aluminium,accessories,2,27.50,55.00,pending,2026-07-29T08:26:52+00:00
ORD-058787,6,1,Mechanical Keyboard 75%,peripherals,4,129.00,516.00,refunded,2026-07-29T11:11:33+00:00
ORD-058788,2,4,34in Ultrawide Monitor,displays,3,579.00,1737.00,refunded,2026-07-29T12:48:15+00:00
ORD-058789,3,3,27in 1440p Monitor,displays,4,319.99,1279.96,refunded,2026-07-29T03:38:10+00:00
ORD-058790,3,7,Standing Desk 120cm,furniture,1,449.00,449.00,pending,2026-07-29T13:51:42+00:00
ORD-058791,10,9,USB-C Hub 8-in-1,accessories,5,39.99,199.95,refunded,2026-07-29T16:00:11+00:00
ORD-058792,3,10,Laptop Stand Aluminium,accessories,4,27.50,110.00,pending,2026-07-29T16:12:51+00:00
ORD-058793,9,4,34in Ultrawide Monitor,displays,2,579.00,1158.00,cancelled,2026-07-29T07:56:07+00:00
ORD-058794,1,7,Standing Desk 120cm,furniture,3,449.00,1347.00,cancelled,2026-07-29T13:28:39+00:00
ORD-058795,3,1,Mechanical Keyboard 75%,peripherals,1,129.00,129.00,refunded,2026-07-29T00:35:45+00:00
ORD-058796,10,7,Standing Desk 120cm,furniture,1,449.00,449.00,completed,2026-07-29T03:20:09+00:00
ORD-058797,9,5,Over-ear Headphones,audio,4,199.95,799.80,refunded,2026-07-29T07:04:52+00:00
ORD-058798,5,4,34in Ultrawide Monitor,displays,4,579.00,2316.00,refunded,2026-07-29T19:09:06+00:00
ORD-058799,3,7,Standing Desk 120cm,furniture,1,449.00,449.00,cancelled,2026-07-29T10:25:39+00:00
ORD-058800,9,4,34in Ultrawide Monitor,displays,2,579.00,1158.00,completed,2026-07-29T02:39:00+00:00
ORD-058801,8,2,Wireless Mouse,peripherals,3,49.50,148.50,cancelled,2026-07-29T14:49:13+00:00
ORD-058802,3,9,USB-C Hub 8-in-1,accessories,4,39.99,159.96,cancelled,2026-07-29T02:52:33+00:00
ORD-058803,8,7,Standing Desk 120cm,furniture,2,449.00,898.00,pending,2026-07-29T22:55:14+00:00
ORD-058804,7,9,USB-C Hub 8-in-1,accessories,5,39.99,199.95,cancelled,2026-07-29T15:23:52+00:00
ORD-058805,10,7,Standing Desk 120cm,furniture,4,449.00,1796.00,pending,2026-07-29T16:14:05+00:00
ORD-058806,5,6,Desk Speakers Pair,audio,2,89.00,178.00,completed,2026-07-29T15:29:48+00:00
ORD-058807,7,7,Standing Desk 120cm,furniture,5,449.00,2245.00,pending,2026-07-29T08:19:04+00:00
ORD-058808,3,10,Laptop Stand Aluminium,accessories,2,27.50,55.00,pending,2026-07-29T23:49:30+00:00
ORD-058809,8,9,USB-C Hub 8-in-1,accessories,3,39.99,119.97,pending,2026-07-29T02:12:45+00:00
ORD-058810,1,5,Over-ear Headphones,audio,3,199.95,599.85,cancelled,2026-07-29T08:32:37+00:00
ORD-058811,8,8,Ergonomic Chair,furniture,3,612.75,1838.25,completed,2026-07-29T05:13:26+00:00
ORD-058812,8,3,27in 1440p Monitor,displays,4,319.99,1279.96,pending,2026-07-29T06:50:25+00:00
ORD-058813,4,7,Standing Desk 120cm,furniture,4,449.00,1796.00,pending,2026-07-29T10:59:34+00:00
ORD-058814,2,2,Wireless Mouse,peripherals,4,49.50,198.00,pending,2026-07-29T21:35:43+00:00
ORD-058815,5,4,34in Ultrawide Monitor,displays,4,579.00,2316.00,completed,2026-07-29T19:06:06+00:00
ORD-058816,1,2,Wireless Mouse,peripherals,2,49.50,99.00,cancelled,2026-07-29T16:51:34+00:00
ORD-058817,5,9,USB-C Hub 8-in-1,accessories,4,39.99,159.96,refunded,2026-07-29T15:10:53+00:00
ORD-058818,2,9,USB-C Hub 8-in-1,accessories,3,39.99,119.97,pending,2026-07-29T00:30:49+00:00
ORD-058819,8,3,27in 1440p Monitor,displays,5,319.99,1599.95,pending,2026-07-29T18:18:55+00:00
ORD-058820,8,10,Laptop Stand Aluminium,accessories,4,27.50,110.00,refunded,2026-07-29T10:42:07+00:00
ORD-058821,6,5,Over-ear Headphones,audio,2,199.95,399.90,completed,2026-07-29T00:04:13+00:00
ORD-058822,6,1,Mechanical Keyboard 75%,peripherals,2,129.00,258.00,cancelled,2026-07-29T11:00:07+00:00
ORD-058823,2,6,Desk Speakers Pair,audio,1,89.00,89.00,pending,2026-07-29T12:31:29+00:00
ORD-058824,4,4,34in Ultrawide Monitor,displays,4,579.00,2316.00,cancelled,2026-07-29T12:35:04+00:00
ORD-058825,8,10,Laptop Stand Aluminium,accessories,3,27.50,82.50,cancelled,2026-07-29T06:48:14+00:00
ORD-058826,3,1,Mechanical Keyboard 75%,peripherals,5,129.00,645.00,refunded,2026-07-29T21:21:10+00:00
ORD-058827,9,8,Ergonomic Chair,furniture,5,612.75,3063.75,completed,2026-07-29T16:22:01+00:00
ORD-058828,8,10,Laptop Stand Aluminium,accessories,3,27.50,82.50,pending,2026-07-29T03:33:57+00:00
ORD-058829,2,2,Wireless Mouse,peripherals,2,49.50,99.00,pending,2026-07-29T06:14:27+00:00
ORD-058830,5,9,USB-C Hub 8-in-1,accessories,2,39.99,79.98,cancelled,2026-07-29T02:49:52+00:00
ORD-058831,6,5,Over-ear Headphones,audio,5,199.95,999.75,pending,2026-07-29T09:08:17+00:00
ORD-058832,5,5,Over-ear Headphones,audio,3,199.95,599.85,completed,2026-07-29T16:01:26+00:00
ORD-058833,3,9,USB-C Hub 8-in-1,accessories,2,39.99,79.98,pending,2026-07-29T17:50:15+00:00
ORD-058834,6,1,Mechanical Keyboard 75%,peripherals,4,129.00,516.00,pending,2026-07-29T09:04:34+00:00
ORD-058835,1,4,34in Ultrawide Monitor,displays,2,579.00,1158.00,completed,2026-07-29T01:13:17+00:00
ORD-058836,1,9,USB-C Hub 8-in-1,accessories,3,39.99,119.97,pending,2026-07-29T19:05:58+00:00
ORD-058837,4,2,Wireless Mouse,peripherals,5,49.50,247.50,refunded,2026-07-29T04:33:51+00:00
ORD-058838,3,3,27in 1440p Monitor,displays,4,319.99,1279.96,refunded,2026-07-29T09:57:44+00:00
ORD-058839,2,3,27in 1440p Monitor,displays,5,319.99,1599.95,refunded,2026-07-29T18:03:34+00:00
ORD-058840,2,3,27in 1440p Monitor,displays,5,319.99,1599.95,completed,2026-07-29T14:31:33+00:00
ORD-058841,2,4,34in Ultrawide Monitor,displays,5,579.00,2895.00,cancelled,2026-07-29T14:40:33+00:00
ORD-058842,10,3,27in 1440p Monitor,displays,2,319.99,639.98,pending,2026-07-29T13:23:41+00:00
ORD-058843,2,3,27in 1440p Monitor,displays,4,319.99,1279.96,pending,2026-07-29T16:50:29+00:00
ORD-058844,9,5,Over-ear Headphones,audio,4,199.95,799.80,cancelled,2026-07-29T09:57:48+00:00
ORD-058845,9,8,Ergonomic Chair,furniture,4,612.75,2451.00,pending,2026-07-29T16:22:23+00:00
ORD-058846,7,5,Over-ear Headphones,audio,4,199.95,799.80,cancelled,2026-07-29T00:18:54+00:00
ORD-058847,2,4,34in Ultrawide Monitor,displays,3,579.00,1737.00,cancelled,2026-07-29T08:21:32+00:00
ORD-058848,10,7,Standing Desk 120cm,furniture,1,449.00,449.00,cancelled,2026-07-29T05:05:14+00:00
ORD-058849,3,9,USB-C Hub 8-in-1,accessories,1,39.99,39.99,refunded,2026-07-29T11:14:33+00:00
ORD-058850,5,9,USB-C Hub 8-in-1,accessories,2,39.99,79.98,refunded,2026-07-29T11:46:39+00:00
ORD-058851,4,9,USB-C Hub 8-in-1,accessories,1,39.99,39.99,cancelled,2026-07-29T07:10:53+00:00
ORD-058852,10,3,27in 1440p Monitor,displays,4,319.99,1279.96,completed,2026-07-29T10:12:04+00:00
ORD-058853,3,9,USB-C Hub 8-in-1,accessories,5,39.99,199.95,pending,2026-07-29T22:09:26+00:00
ORD-058854,10,10,Laptop Stand Aluminium,accessories,1,27.50,27.50,completed,2026-07-29T11:23:59+00:00
ORD-058855,8,1,Mechanical Keyboard 75%,peripherals,1,129.00,129.00,pending,2026-07-29T16:24:10+00:00
ORD-058856,10,1,Mechanical Keyboard 75%,peripherals,5,129.00,645.00,completed,2026-07-29T06:25:30+00:00
ORD-058857,9,7,Standing Desk 120cm,furniture,4,449.00,1796.00,pending,2026-07-29T06:51:18+00:00
ORD-058858,8,7,Standing Desk 120cm,furniture,1,449.00,449.00,cancelled,2026-07-29T07:17:57+00:00
ORD-058859,1,4,34in Ultrawide Monitor,displays,4,579.00,2316.00,pending,2026-07-29T19:37:48+00:00
ORD-058860,3,3,27in 1440p Monitor,displays,5,319.99,1599.95,completed,2026-07-29T15:40:42+00:00
ORD-058861,6,3,27in 1440p Monitor,displays,4,319.99,1279.96,refunded,2026-07-29T21:05:13+00:00
ORD-058862,6,3,27in 1440p Monitor,displays,3,319.99,959.97,pending,2026-07-29T08:34:11+00:00
ORD-058863,1,7,Standing Desk 120cm,furniture,3,449.00,1347.00,pending,2026-07-29T10:07:44+00:00
ORD-058864,5,2,Wireless Mouse,peripherals,1,49.50,49.50,cancelled,2026-07-29T00:11:20+00:00
ORD-058865,1,10,Laptop Stand Aluminium,accessories,2,27.50,55.00,completed,2026-07-29T18:30:49+00:00
ORD-058866,1,1,Mechanical Keyboard 75%,peripherals,3,129.00,387.00,cancelled,2026-07-29T12:30:16+00:00
ORD-058867,1,6,Desk Speakers Pair,audio,3,89.00,267.00,refunded,2026-07-29T04:40:04+00:00
ORD-058868,3,1,Mechanical Keyboard 75%,peripherals,4,129.00,516.00,refunded,2026-07-29T09:59:27+00:00
ORD-058869,1,8,Ergonomic Chair,furniture,3,612.75,1838.25,completed,2026-07-29T18:45:51+00:00
ORD-058870,7,10,Laptop Stand Aluminium,accessories,1,27.50,27.50,pending,2026-07-29T02:00:50+00:00
ORD-058871,3,1,Mechanical Keyboard 75%,peripherals,4,129.00,516.00,cancelled,2026-07-29T00:14:56+00:00
ORD-058872,7,5,Over-ear Headphones,audio,3,199.95,599.85,cancelled,2026-07-29T16:02:25+00:00
ORD-058873,1,8,Ergonomic Chair,furniture,3,612.75,1838.25,refunded,2026-07-29T07:47:29+00:00
ORD-058874,10,4,34in Ultrawide Monitor,displays,2,579.00,1158.00,completed,2026-07-29T23:51:25+00:00
ORD-058875,1,8,Ergonomic Chair,furniture,3,612.75,1838.25,cancelled,2026-07-29T00:20:14+00:00
ORD-058876,7,5,Over-ear Headphones,audio,4,199.95,799.80,completed,2026-07-29T22:07:41+00:00
ORD-058877,9,4,34in Ultrawide Monitor,displays,5,579.00,2895.00,completed,2026-07-29T09:33:10+00:00
ORD-058878,10,7,Standing Desk 120cm,furniture,5,449.00,2245.00,refunded,2026-07-29T18:21:38+00:00
ORD-058879,5,2,Wireless Mouse,peripherals,1,49.50,49.50,pending,2026-07-29T16:42:42+00:00
ORD-058880,6,3,27in 1440p Monitor,displays,4,319.99,1279.96,pending,2026-07-29T07:42:57+00:00
ORD-058881,8,9,USB-C Hub 8-in-1,accessories,3,39.99,119.97,refunded,2026-07-29T15:32:29+00:00
ORD-058882,10,6,Desk Speakers Pair,audio,3,89.00,267.00,refunded,2026-07-29T16:34:07+00:00
ORD-058883,4,5,Over-ear Headphones,audio,5,199.95,999.75,cancelled,2026-07-29T22:59:16+00:00
ORD-058884,5,7,Standing Desk 120cm,furniture,5,449.00,2245.00,cancelled,2026-07-29T17:42:50+00:00
ORD-058885,7,2,Wireless Mouse,peripherals,4,49.50,198.00,refunded,2026-07-29T04:06:59+00:00
ORD-058886,4,9,USB-C Hub 8-in-1,accessories,4,39.99,159.96,pending,2026-07-29T23:56:05+00:00
ORD-058887,1,6,Desk Speakers Pair,audio,1,89.00,89.00,cancelled,2026-07-29T20:34:52+00:00
ORD-058888,6,1,Mechanical Keyboard 75%,peripherals,1,129.00,129.00,pending,2026-07-29T00:37:18+00:00
ORD-058889,7,8,Ergonomic Chair,furniture,5,612.75,3063.75,pending,2026-07-29T14:43:35+00:00
ORD-058890,2,5,Over-ear Headphones,audio,2,199.95,399.90,cancelled,2026-07-29T20:59:04+00:00
ORD-058891,1,8,Ergonomic Chair,furniture,1,612.75,612.75,refunded,2026-07-29T10:00:53+00:00
ORD-058892,9,5,Over-ear Headphones,audio,3,199.95,599.85,cancelled,2026-07-29T16:36:06+00:00
ORD-058893,4,1,Mechanical Keyboard 75%,peripherals,4,129.00,516.00,refunded,2026-07-29T17:29:24+00:00
ORD-058894,2,3,27in 1440p Monitor,displays,2,319.99,639.98,refunded,2026-07-29T19:18:59+00:00
ORD-058895,10,2,Wireless Mouse,peripherals,4,49.50,198.00,pending,2026-07-29T05:32:11+00:00
ORD-058896,5,4,34in Ultrawide Monitor,displays,4,579.00,2316.00,pending,2026-07-29T20:31:29+00:00
ORD-058897,4,7,Standing Desk 120cm,furniture,5,449.00,2245.00,completed,2026-07-29T20:55:13+00:00
ORD-058898,10,1,Mechanical Keyboard 75%,peripherals,5,129.00,645.00,completed,2026-07-29T19:53:47+00:00
ORD-058899,1,2,Wireless Mouse,peripherals,5,49.50,247.50,pending,2026-07-29T15:24:07+00:00
ORD-058900,9,2,Wireless Mouse,peripherals,3,49.50,148.50,pending,2026-07-29T03:48:44+00:00
ORD-058901,7,5,Over-ear Headphones,audio,4,199.95,799.80,cancelled,2026-07-29T17:25:08+00:00
ORD-058902,9,2,Wireless Mouse,peripherals,3,49.50,148.50,refunded,2026-07-29T04:32:12+00:00
ORD-058903,4,7,Standing Desk 120cm,furniture,2,449.00,898.00,cancelled,2026-07-29T19:59:29+00:00
ORD-058904,5,7,Standing Desk 120cm,furniture,1,449.00,449.00,completed,2026-07-29T22:06:09+00:00
ORD-058905,6,5,Over-ear Headphones,audio,3,199.95,599.85,pending,2026-07-29T14:31:50+00:00
ORD-058906,1,2,Wireless Mouse,peripherals,3,49.50,148.50,pending,2026-07-29T17:48:21+00:00
ORD-058907,9,1,Mechanical Keyboard 75%,peripherals,2,129.00,258.00,refunded,2026-07-29T18:33:44+00:00
ORD-058908,8,9,USB-C Hub 8-in-1,accessories,1,39.99,39.99,pending,2026-07-29T23:52:12+00:00
ORD-058909,1,3,27in 1440p Monitor,displays,3,319.99,959.97,refunded,2026-07-29T03:48:26+00:00
ORD-058910,1,10,Laptop Stand Aluminium,accessories,1,27.50,27.50,refunded,2026-07-29T12:20:38+00:00
ORD-058911,2,1,Mechanical Keyboard 75%,peripherals,4,129.00,516.00,completed,2026-07-29T12:53:19+00:00
ORD-058912,10,4,34in Ultrawide Monitor,displays,5,579.00,2895.00,pending,2026-07-29T19:39:18+00:00
ORD-058913,5,9,USB-C Hub 8-in-1,accessories,2,39.99,79.98,refunded,2026-07-29T09:58:20+00:00
ORD-058914,10,8,Ergonomic Chair,furniture,3,612.75,1838.25,pending,2026-07-29T00:49:42+00:00
ORD-058915,6,6,Desk Speakers Pair,audio,2,89.00,178.00,completed,2026-07-29T01:49:00+00:00
ORD-058916,2,7,Standing Desk 120cm,furniture,2,449.00,898.00,pending,2026-07-29T01:51:30+00:00
ORD-058917,2,4,34in Ultrawide Monitor,displays,3,579.00,1737.00,cancelled,2026-07-29T23:03:54+00:00
ORD-058918,3,1,Mechanical Keyboard 75%,peripherals,2,129.00,258.00,cancelled,2026-07-29T14:42:51+00:00
ORD-058919,5,2,Wireless Mouse,peripherals,1,49.50,49.50,cancelled,2026-07-29T13:42:05+00:00
ORD-058920,4,1,Mechanical Keyboard 75%,peripherals,4,129.00,516.00,pending,2026-07-29T22:38:01+00:00
ORD-058921,4,1,Mechanical Keyboard 75%,peripherals,5,129.00,645.00,pending,2026-07-29T12:26:01+00:00
ORD-058922,9,4,34in Ultrawide Monitor,displays,3,579.00,1737.00,refunded,2026-07-29T16:57:59+00:00
ORD-058923,1,1,Mechanical Keyboard 75%,peripherals,1,129.00,129.00,cancelled,2026-07-29T15:04:33+00:00
ORD-058924,1,6,Desk Speakers Pair,audio,5,89.00,445.00,cancelled,2026-07-29T10:41:36+00:00
ORD-058925,7,8,Ergonomic Chair,furniture,1,612.75,612.75,cancelled,2026-07-29T21:50:16+00:00
ORD-058926,3,2,Wireless Mouse,peripherals,1,49.50,49.50,cancelled,2026-07-29T01:34:28+00:00
ORD-058927,8,10,Laptop Stand Aluminium,accessories,3,27.50,82.50,completed,2026-07-29T13:54:43+00:00
ORD-058928,1,7,Standing Desk 120cm,furniture,2,449.00,898.00,completed,2026-07-29T14:52:27+00:00
ORD-058929,10,4,34in Ultrawide Monitor,displays,4,579.00,2316.00,cancelled,2026-07-29T05:32:48+00:00
ORD-058930,4,10,Laptop Stand Aluminium,accessories,3,27.50,82.50,completed,2026-07-29T05:26:28+00:00
ORD-058931,6,7,Standing Desk 120cm,furniture,1,449.00,449.00,pending,2026-07-29T03:08:53+00:00
ORD-058932,4,2,Wireless Mouse,peripherals,5,49.50,247.50,completed,2026-07-29T01:15:53+00:00
ORD-058933,5,10,Laptop Stand Aluminium,accessories,4,27.50,110.00,refunded,2026-07-29T21:16:55+00:00
ORD-058934,8,2,Wireless Mouse,peripherals,4,49.50,198.00,completed,2026-07-29T21:20:58+00:00
ORD-058935,7,10,Laptop Stand Aluminium,accessories,1,27.50,27.50,pending,2026-07-29T11:13:11+00:00
ORD-058936,3,7,Standing Desk 120cm,furniture,1,449.00,449.00,refunded,2026-07-29T05:09:28+00:00
ORD-058937,10,6,Desk Speakers Pair,audio,3,89.00,267.00,cancelled,2026-07-29T23:27:16+00:00
ORD-058938,3,5,Over-ear Headphones,audio,4,199.95,799.80,refunded,2026-07-29T02:11:19+00:00
ORD-058939,2,6,Desk Speakers Pair,audio,3,89.00,267.00,pending,2026-07-29T04:11:27+00:00
ORD-058940,2,10,Laptop Stand Aluminium,accessories,4,27.50,110.00,refunded,2026-07-29T23:57:40+00:00
ORD-058941,2,3,27in 1440p Monitor,displays,5,319.99,1599.95,cancelled,2026-07-29T05:30:10+00:00
ORD-058942,7,4,34in Ultrawide Monitor,displays,5,579.00,2895.00,completed,2026-07-29T11:05:17+00:00
ORD-058943,9,2,Wireless Mouse,peripherals,1,49.50,49.50,completed,2026-07-29T19:36:47+00:00
ORD-058944,6,1,Mechanical Keyboard 75%,peripherals,4,129.00,516.00,refunded,2026-07-29T05:05:38+00:00
ORD-058945,2,6,Desk Speakers Pair,audio,1,89.00,89.00,pending,2026-07-29T13:35:48+00:00
ORD-058946,10,8,Ergonomic Chair,furniture,1,612.75,612.75,cancelled,2026-07-29T20:23:15+00:00
ORD-058947,7,2,Wireless Mouse,peripherals,1,49.50,49.50,cancelled,2026-07-29T15:01:00+00:00
ORD-058948,2,3,27in 1440p Monitor,displays,3,319.99,959.97,cancelled,2026-07-29T08:02:52+00:00
ORD-058949,8,8,Ergonomic Chair,furniture,3,612.75,1838.25,completed,2026-07-29T08:20:41+00:00
ORD-058950,8,10,Laptop Stand Aluminium,accessories,1,27.50,27.50,pending,2026-07-29T12:19:24+00:00
ORD-058951,4,2,Wireless Mouse,peripherals,3,49.50,148.50,cancelled,2026-07-29T04:11:39+00:00
ORD-058952,1,6,Desk Speakers Pair,audio,3,89.00,267.00,pending,2026-07-29T04:25:11+00:00
ORD-058953,8,6,Desk Speakers Pair,audio,2,89.00,178.00,cancelled,2026-07-29T05:26:14+00:00
ORD-058954,3,8,Ergonomic Chair,furniture,1,612.75,612.75,refunded,2026-07-29T04:05:13+00:00
ORD-058955,1,9,USB-C Hub 8-in-1,accessories,2,39.99,79.98,completed,2026-07-29T05:20:52+00:00
ORD-058956,7,10,Laptop Stand Aluminium,accessories,4,27.50,110.00,cancelled,2026-07-29T16:39:53+00:00
ORD-058957,7,5,Over-ear Headphones,audio,2,199.95,399.90,completed,2026-07-29T08:29:06+00:00
ORD-058958,8,4,34in Ultrawide Monitor,displays,1,579.00,579.00,refunded,2026-07-29T02:13:07+00:00
ORD-058959,6,6,Desk Speakers Pair,audio,2,89.00,178.00,pending,2026-07-29T01:01:33+00:00
ORD-058960,4,6,Desk Speakers Pair,audio,5,89.00,445.00,completed,2026-07-29T21:34:49+00:00
ORD-058961,6,3,27in 1440p Monitor,displays,5,319.99,1599.95,cancelled,2026-07-29T07:40:16+00:00
ORD-058962,9,9,USB-C Hub 8-in-1,accessories,3,39.99,119.97,refunded,2026-07-29T04:47:24+00:00
ORD-058963,3,2,Wireless Mouse,peripherals,1,49.50,49.50,refunded,2026-07-29T02:06:53+00:00
ORD-058964,2,7,Standing Desk 120cm,furniture,5,449.00,2245.00,refunded,2026-07-29T19:49:38+00:00
ORD-058965,1,8,Ergonomic Chair,furniture,3,612.75,1838.25,pending,2026-07-29T18:18:02+00:00
ORD-058966,2,1,Mechanical Keyboard 75%,peripherals,3,129.00,387.00,cancelled,2026-07-29T00:11:59+00:00
ORD-058967,3,1,Mechanical Keyboard 75%,peripherals,5,129.00,645.00,cancelled,2026-07-29T11:40:46+00:00
ORD-058968,10,1,Mechanical Keyboard 75%,peripherals,1,129.00,129.00,pending,2026-07-29T15:59:32+00:00
ORD-058969,5,7,Standing Desk 120cm,furniture,1,449.00,449.00,completed,2026-07-29T13:33:40+00:00
ORD-058970,10,3,27in 1440p Monitor,displays,1,319.99,319.99,cancelled,2026-07-29T22:48:23+00:00
ORD-058971,6,5,Over-ear Headphones,audio,3,199.95,599.85,cancelled,2026-07-29T05:35:11+00:00
ORD-058972,10,8,Ergonomic Chair,furniture,4,612.75,2451.00,cancelled,2026-07-29T20:33:19+00:00
ORD-058973,3,8,Ergonomic Chair,furniture,4,612.75,2451.00,cancelled,2026-07-29T10:05:01+00:00
ORD-058974,8,2,Wireless Mouse,peripherals,3,49.50,148.50,cancelled,2026-07-29T04:18:52+00:00
ORD-058975,6,6,Desk Speakers Pair,audio,1,89.00,89.00,cancelled,2026-07-29T00:46:18+00:00
ORD-058976,9,4,34in Ultrawide Monitor,displays,1,579.00,579.00,cancelled,2026-07-29T15:50:06+00:00
ORD-058977,6,9,USB-C Hub 8-in-1,accessories,3,39.99,119.97,refunded,2026-07-29T11:04:09+00:00
ORD-058978,6,2,Wireless Mouse,peripherals,5,49.50,247.50,completed,2026-07-29T23:47:03+00:00
ORD-058979,3,7,Standing Desk 120cm,furniture,4,449.00,1796.00,pending,2026-07-29T07:05:33+00:00
ORD-058980,7,10,Laptop Stand Aluminium,accessories,3,27.50,82.50,pending,2026-07-29T22:23:56+00:00
ORD-058981,10,8,Ergonomic Chair,furniture,3,612.75,1838.25,pending,2026-07-29T23:37:07+00:00
ORD-058982,1,1,Mechanical Keyboard 75%,peripherals,3,129.00,387.00,cancelled,2026-07-29T08:02:47+00:00
ORD-058983,8,9,USB-C Hub 8-in-1,accessories,1,39.99,39.99,pending,2026-07-29T09:19:44+00:00
ORD-058984,1,3,27in 1440p Monitor,displays,3,319.99,959.97,cancelled,2026-07-29T23:14:25+00:00
ORD-058985,1,10,Laptop Stand Aluminium,accessories,4,27.50,110.00,refunded,2026-07-29T16:19:05+00:00
ORD-058986,10,3,27in 1440p Monitor,displays,1,319.99,319.99,refunded,2026-07-29T08:14:35+00:00
ORD-058987,1,6,Desk Speakers Pair,audio,4,89.00,356.00,cancelled,2026-07-29T23:01:39+00:00
ORD-058988,4,6,Desk Speakers Pair,audio,4,89.00,356.00,refunded,2026-07-29T17:59:34+00:00
ORD-058989,10,7,Standing Desk 120cm,furniture,2,449.00,898.00,completed,2026-07-29T02:58:14+00:00
ORD-058990,1,7,Standing Desk 120cm,furniture,5,449.00,2245.00,completed,2026-07-29T15:28:21+00:00
ORD-058991,9,10,Laptop Stand Aluminium,accessories,2,27.50,55.00,pending,2026-07-29T03:41:49+00:00
ORD-058992,3,7,Standing Desk 120cm,furniture,2,449.00,898.00,refunded,2026-07-29T08:58:55+00:00
ORD-058993,6,4,34in Ultrawide Monitor,displays,4,579.00,2316.00,refunded,2026-07-29T09:54:53+00:00
ORD-058994,5,6,Desk Speakers Pair,audio,4,89.00,356.00,cancelled,2026-07-29T00:19:53+00:00
ORD-058995,4,2,Wireless Mouse,peripherals,4,49.50,198.00,pending,2026-07-29T02:57:05+00:00
ORD-058996,5,5,Over-ear Headphones,audio,5,199.95,999.75,pending,2026-07-29T10:52:07+00:00
ORD-058997,3,2,Wireless Mouse,peripherals,2,49.50,99.00,completed,2026-07-29T11:32:45+00:00
ORD-058998,8,2,Wireless Mouse,peripherals,5,49.50,247.50,refunded,2026-07-29T08:14:47+00:00
ORD-058999,8,2,Wireless Mouse,peripherals,2,49.50,99.00,refunded,2026-07-29T15:51:37+00:00
ORD-059000,7,1,Mechanical Keyboard 75%,peripherals,1,129.00,129.00,pending,2026-07-29T17:04:08+00:00
ORD-059001,9,1,Mechanical Keyboard 75%,peripherals,4,129.00,516.00,refunded,2026-07-29T00:46:01+00:00
ORD-059002,2,9,USB-C Hub 8-in-1,accessories,4,39.99,159.96,completed,2026-07-29T09:13:51+00:00
ORD-059003,8,3,27in 1440p Monitor,displays,3,319.99,959.97,completed,2026-07-29T18:05:01+00:00
ORD-059004,7,7,Standing Desk 120cm,furniture,2,449.00,898.00,completed,2026-07-29T01:41:08+00:00
ORD-059005,6,9,USB-C Hub 8-in-1,accessories,3,39.99,119.97,completed,2026-07-29T20:42:25+00:00
ORD-059006,5,7,Standing Desk 120cm,furniture,1,449.00,449.00,refunded,2026-07-29T23:25:09+00:00
ORD-059007,1,2,Wireless Mouse,peripherals,1,49.50,49.50,completed,2026-07-29T16:09:56+00:00
ORD-059008,5,2,Wireless Mouse,peripherals,5,49.50,247.50,cancelled,2026-07-29T09:55:13+00:00
ORD-059009,9,4,34in Ultrawide Monitor,displays,3,579.00,1737.00,cancelled,2026-07-29T07:42:30+00:00
ORD-059010,6,7,Standing Desk 120cm,furniture,2,449.00,898.00,completed,2026-07-29T19:43:45+00:00
ORD-059011,3,5,Over-ear Headphones,audio,2,199.95,399.90,completed,2026-07-29T14:59:20+00:00
ORD-059012,2,9,USB-C Hub 8-in-1,accessories,3,39.99,119.97,refunded,2026-07-29T08:46:13+00:00
ORD-059013,2,1,Mechanical Keyboard 75%,peripherals,1,129.00,129.00,cancelled,2026-07-29T04:38:38+00:00
ORD-059014,9,9,USB-C Hub 8-in-1,accessories,3,39.99,119.97,completed,2026-07-29T23:56:51+00:00
ORD-059015,2,8,Ergonomic Chair,furniture,2,612.75,1225.50,cancelled,2026-07-29T03:43:48+00:00
ORD-059016,5,7,Standing Desk 120cm,furniture,5,449.00,2245.00,refunded,2026-07-29T04:37:04+00:00
ORD-059017,8,8,Ergonomic Chair,furniture,5,612.75,3063.75,refunded,2026-07-29T15:01:57+00:00
ORD-059018,4,9,USB-C Hub 8-in-1,accessories,1,39.99,39.99,cancelled,2026-07-29T06:25:39+00:00
ORD-059019,3,10,Laptop Stand Aluminium,accessories,5,27.50,137.50,completed,2026-07-29T12:52:26+00:00
ORD-059020,9,8,Ergonomic Chair,furniture,5,612.75,3063.75,cancelled,2026-07-29T14:21:32+00:00
ORD-059021,1,5,Over-ear Headphones,audio,5,199.95,999.75,cancelled,2026-07-29T14:09:12+00:00
ORD-059022,8,8,Ergonomic Chair,furniture,2,612.75,1225.50,refunded,2026-07-29T00:44:22+00:00
ORD-059023,1,3,27in 1440p Monitor,displays,3,319.99,959.97,refunded,2026-07-29T01:48:46+00:00
ORD-059024,4,5,Over-ear Headphones,audio,1,199.95,199.95,refunded,2026-07-29T14:36:10+00:00
ORD-059025,1,10,Laptop Stand Aluminium,accessories,5,27.50,137.50,cancelled,2026-07-29T01:17:43+00:00
ORD-059026,7,7,Standing Desk 120cm,furniture,3,449.00,1347.00,refunded,2026-07-29T21:40:04+00:00
ORD-059027,3,1,Mechanical Keyboard 75%,peripherals,2,129.00,258.00,completed,2026-07-29T23:42:06+00:00
ORD-059028,7,3,27in 1440p Monitor,displays,5,319.99,1599.95,completed,2026-07-29T03:50:44+00:00
ORD-059029,3,1,Mechanical Keyboard 75%,peripherals,1,129.00,129.00,cancelled,2026-07-29T16:40:21+00:00
ORD-059030,5,5,Over-ear Headphones,audio,5,199.95,999.75,cancelled,2026-07-29T16:32:26+00:00
ORD-059031,7,9,USB-C Hub 8-in-1,accessories,4,39.99,159.96,refunded,2026-07-29T05:40:39+00:00
ORD-059032,7,10,Laptop Stand Aluminium,accessories,3,27.50,82.50,refunded,2026-07-29T05:17:48+00:00
ORD-059033,3,8,Ergonomic Chair,furniture,2,612.75,1225.50,completed,2026-07-29T12:06:45+00:00
ORD-059034,7,7,Standing Desk 120cm,furniture,5,449.00,2245.00,refunded,2026-07-29T00:04:12+00:00
ORD-059035,10,6,Desk Speakers Pair,audio,5,89.00,445.00,completed,2026-07-29T10:46:49+00:00
ORD-059036,1,10,Laptop Stand Aluminium,accessories,1,27.50,27.50,cancelled,2026-07-29T02:51:23+00:00
ORD-059037,3,5,Over-ear Headphones,audio,1,199.95,199.95,cancelled,2026-07-29T22:18:20+00:00
ORD-059038,4,1,Mechanical Keyboard 75%,peripherals,4,129.00,516.00,cancelled,2026-07-29T22:11:52+00:00
ORD-059039,2,4,34in Ultrawide Monitor,displays,3,579.00,1737.00,refunded,2026-07-29T08:35:56+00:00
ORD-059040,4,4,34in Ultrawide Monitor,displays,3,579.00,1737.00,pending,2026-07-29T19:33:06+00:00
ORD-059041,3,7,Standing Desk 120cm,furniture,4,449.00,1796.00,refunded,2026-07-29T03:28:58+00:00
ORD-059042,5,9,USB-C Hub 8-in-1,accessories,5,39.99,199.95,pending,2026-07-29T17:06:38+00:00
ORD-059043,5,10,Laptop Stand Aluminium,accessories,1,27.50,27.50,completed,2026-07-29T19:13:48+00:00
ORD-059044,9,7,Standing Desk 120cm,furniture,2,449.00,898.00,completed,2026-07-29T04:11:29+00:00
ORD-059045,2,2,Wireless Mouse,peripherals,4,49.50,198.00,pending,2026-07-29T04:37:31+00:00
ORD-059046,4,2,Wireless Mouse,peripherals,4,49.50,198.00,refunded,2026-07-29T04:01:11+00:00
ORD-059047,9,10,Laptop Stand Aluminium,accessories,3,27.50,82.50,cancelled,2026-07-29T09:01:47+00:00
ORD-059048,3,4,34in Ultrawide Monitor,displays,1,579.00,579.00,cancelled,2026-07-29T21:58:39+00:00
ORD-059049,5,10,Laptop Stand Aluminium,accessories,2,27.50,55.00,cancelled,2026-07-29T12:13:16+00:00
ORD-059050,7,4,34in Ultrawide Monitor,displays,5,579.00,2895.00,cancelled,2026-07-29T18:57:18+00:00
ORD-059051,9,2,Wireless Mouse,peripherals,3,49.50,148.50,cancelled,2026-07-29T19:30:08+00:00
ORD-059052,2,6,Desk Speakers Pair,audio,3,89.00,267.00,refunded,2026-07-29T15:37:53+00:00
ORD-059053,2,7,Standing Desk 120cm,furniture,2,449.00,898.00,cancelled,2026-07-29T07:05:50+00:00
ORD-059054,10,6,Desk Speakers Pair,audio,4,89.00,356.00,completed,2026-07-29T04:10:36+00:00
ORD-059055,10,10,Laptop Stand Aluminium,accessories,1,27.50,27.50,pending,2026-07-29T17:01:30+00:00
ORD-059056,3,1,Mechanical Keyboard 75%,peripherals,5,129.00,645.00,refunded,2026-07-29T03:01:16+00:00
ORD-059057,10,8,Ergonomic Chair,furniture,5,612.75,3063.75,pending,2026-07-29T02:07:11+00:00
ORD-059058,2,6,Desk Speakers Pair,audio,4,89.00,356.00,cancelled,2026-07-29T21:02:28+00:00
ORD-059059,7,1,Mechanical Keyboard 75%,peripherals,4,129.00,516.00,cancelled,2026-07-29T22:42:36+00:00
ORD-059060,5,6,Desk Speakers Pair,audio,1,89.00,89.00,pending,2026-07-29T19:59:45+00:00
ORD-059061,10,2,Wireless Mouse,peripherals,4,49.50,198.00,completed,2026-07-29T06:18:30+00:00
ORD-059062,1,9,USB-C Hub 8-in-1,accessories,1,39.99,39.99,refunded,2026-07-29T17:53:39+00:00
ORD-059063,9,9,USB-C Hub 8-in-1,accessories,4,39.99,159.96,refunded,2026-07-29T23:55:51+00:00
ORD-059064,3,5,Over-ear Headphones,audio,5,199.95,999.75,refunded,2026-07-29T06:23:21+00:00
ORD-059065,4,9,USB-C Hub 8-in-1,accessories,5,39.99,199.95,pending,2026-07-29T10:15:06+00:00
ORD-059066,2,1,Mechanical Keyboard 75%,peripherals,5,129.00,645.00,cancelled,2026-07-29T20:52:40+00:00
ORD-059067,8,9,USB-C Hub 8-in-1,accessories,4,39.99,159.96,cancelled,2026-07-29T03:50:39+00:00
ORD-059068,7,3,27in 1440p Monitor,displays,1,319.99,319.99,refunded,2026-07-29T19:01:25+00:00
ORD-059069,4,1,Mechanical Keyboard 75%,peripherals,3,129.00,387.00,completed,2026-07-29T18:15:37+00:00
ORD-059070,2,3,27in 1440p Monitor,displays,4,319.99,1279.96,cancelled,2026-07-29T02:15:47+00:00
ORD-059071,6,6,Desk Speakers Pair,audio,1,89.00,89.00,refunded,2026-07-29T14:16:29+00:00
ORD-059072,5,6,Desk Speakers Pair,audio,3,89.00,267.00,completed,2026-07-29T08:02:05+00:00
ORD-059073,3,9,USB-C Hub 8-in-1,accessories,5,39.99,199.95,completed,2026-07-29T10:56:35+00:00
ORD-059074,10,1,Mechanical Keyboard 75%,peripherals,2,129.00,258.00,refunded,2026-07-29T11:22:49+00:00
ORD-059075,4,2,Wireless Mouse,peripherals,3,49.50,148.50,cancelled,2026-07-29T17:50:22+00:00
ORD-059076,3,8,Ergonomic Chair,furniture,1,612.75,612.75,pending,2026-07-29T19:20:12+00:00
ORD-059077,3,10,Laptop Stand Aluminium,accessories,5,27.50,137.50,pending,2026-07-29T16:34:19+00:00
ORD-059078,3,8,Ergonomic Chair,furniture,1,612.75,612.75,pending,2026-07-29T10:32:33+00:00
ORD-059079,8,8,Ergonomic Chair,furniture,1,612.75,612.75,completed,2026-07-29T11:00:05+00:00
ORD-059080,8,6,Desk Speakers Pair,audio,4,89.00,356.00,refunded,2026-07-29T17:53:03+00:00
ORD-059081,6,7,Standing Desk 120cm,furniture,5,449.00,2245.00,refunded,2026-07-29T23:17:24+00:00
ORD-059082,4,6,Desk Speakers Pair,audio,5,89.00,445.00,completed,2026-07-29T20:25:34+00:00
ORD-059083,6,2,Wireless Mouse,peripherals,2,49.50,99.00,cancelled,2026-07-29T22:36:41+00:00
ORD-059084,3,3,27in 1440p Monitor,displays,3,319.99,959.97,completed,2026-07-29T10:23:18+00:00
ORD-059085,3,10,Laptop Stand Aluminium,accessories,5,27.50,137.50,refunded,2026-07-29T19:02:55+00:00
ORD-059086,9,7,Standing Desk 120cm,furniture,3,449.00,1347.00,pending,2026-07-29T03:01:43+00:00
ORD-059087,8,9,USB-C Hub 8-in-1,accessories,2,39.99,79.98,pending,2026-07-29T14:40:51+00:00
ORD-059088,1,9,USB-C Hub 8-in-1,accessories,1,39.99,39.99,completed,2026-07-29T11:38:50+00:00
ORD-059089,4,10,Laptop Stand Aluminium,accessories,3,27.50,82.50,completed,2026-07-29T18:59:19+00:00
ORD-059090,9,5,Over-ear Headphones,audio,3,199.95,599.85,refunded,2026-07-29T07:47:24+00:00
ORD-059091,4,6,Desk Speakers Pair,audio,4,89.00,356.00,completed,2026-07-29T19:20:26+00:00
ORD-059092,3,10,Laptop Stand Aluminium,accessories,1,27.50,27.50,completed,2026-07-29T20:06:36+00:00
ORD-059093,10,1,Mechanical Keyboard 75%,peripherals,4,129.00,516.00,pending,2026-07-29T19:22:00+00:00
ORD-059094,5,2,Wireless Mouse,peripherals,5,49.50,247.50,pending,2026-07-29T20:31:42+00:00
ORD-059095,5,2,Wireless Mouse,peripherals,5,49.50,247.50,completed,2026-07-29T06:30:59+00:00
ORD-059096,4,8,Ergonomic Chair,furniture,3,612.75,1838.25,completed,2026-07-29T03:44:47+00:00
ORD-059097,4,5,Over-ear Headphones,audio,1,199.95,199.95,refunded,2026-07-29T05:57:34+00:00
ORD-059098,10,2,Wireless Mouse,peripherals,2,49.50,99.00,pending,2026-07-29T04:42:04+00:00
ORD-059099,2,10,Laptop Stand Aluminium,accessories,4,27.50,110.00,pending,2026-07-29T23:11:29+00:00
ORD-059100,4,8,Ergonomic Chair,furniture,4,612.75,2451.00,completed,2026-07-29T05:15:19+00:00
ORD-059101,8,10,Laptop Stand Aluminium,accessories,2,27.50,55.00,pending,2026-07-29T20:15:59+00:00
ORD-059102,6,5,Over-ear Headphones,audio,1,199.95,199.95,cancelled,2026-07-29T00:13:38+00:00
ORD-059103,1,10,Laptop Stand Aluminium,accessories,3,27.50,82.50,pending,2026-07-29T21:55:52+00:00
ORD-059104,4,1,Mechanical Keyboard 75%,peripherals,5,129.00,645.00,completed,2026-07-29T11:36:14+00:00
ORD-059105,1,9,USB-C Hub 8-in-1,accessories,2,39.99,79.98,completed,2026-07-29T21:24:21+00:00
ORD-059106,5,2,Wireless Mouse,peripherals,5,49.50,247.50,cancelled,2026-07-29T07:28:28+00:00
ORD-059107,5,3,27in 1440p Monitor,displays,4,319.99,1279.96,cancelled,2026-07-29T08:51:37+00:00
ORD-059108,8,3,27in 1440p Monitor,displays,2,319.99,639.98,cancelled,2026-07-29T07:16:42+00:00
ORD-059109,4,8,Ergonomic Chair,furniture,3,612.75,1838.25,refunded,2026-07-29T02:37:37+00:00
ORD-059110,5,9,USB-C Hub 8-in-1,accessories,5,39.99,199.95,pending,2026-07-29T14:55:55+00:00
ORD-059111,4,4,34in Ultrawide Monitor,displays,5,579.00,2895.00,completed,2026-07-29T10:18:47+00:00
ORD-059112,2,4,34in Ultrawide Monitor,displays,2,579.00,1158.00,refunded,2026-07-29T15:11:43+00:00
ORD-059113,5,8,Ergonomic Chair,furniture,2,612.75,1225.50,cancelled,2026-07-29T10:48:45+00:00
ORD-059114,10,8,Ergonomic Chair,furniture,4,612.75,2451.00,refunded,2026-07-29T21:59:26+00:00
ORD-059115,4,1,Mechanical Keyboard 75%,peripherals,4,129.00,516.00,pending,2026-07-29T22:24:01+00:00
ORD-059116,1,2,Wireless Mouse,peripherals,2,49.50,99.00,cancelled,2026-07-29T18:59:56+00:00
ORD-059117,10,10,Laptop Stand Aluminium,accessories,2,27.50,55.00,refunded,2026-07-29T18:28:20+00:00
ORD-059118,6,8,Ergonomic Chair,furniture,4,612.75,2451.00,completed,2026-07-29T05:07:45+00:00
ORD-059119,4,2,Wireless Mouse,peripherals,5,49.50,247.50,completed,2026-07-29T03:48:59+00:00
ORD-059120,2,5,Over-ear Headphones,audio,3,199.95,599.85,cancelled,2026-07-29T23:15:36+00:00
ORD-059121,3,6,Desk Speakers Pair,audio,2,89.00,178.00,completed,2026-07-29T14:10:06+00:00
ORD-059122,7,9,USB-C Hub 8-in-1,accessories,2,39.99,79.98,completed,2026-07-29T19:52:19+00:00
ORD-059123,10,10,Laptop Stand Aluminium,accessories,3,27.50,82.50,pending,2026-07-29T13:44:09+00:00
ORD-059124,5,1,Mechanical Keyboard 75%,peripherals,1,129.00,129.00,refunded,2026-07-29T22:27:00+00:00
ORD-059125,6,2,Wireless Mouse,peripherals,3,49.50,148.50,cancelled,2026-07-29T22:42:48+00:00
ORD-059126,9,2,Wireless Mouse,peripherals,5,49.50,247.50,refunded,2026-07-29T12:02:04+00:00
ORD-059127,3,3,27in 1440p Monitor,displays,5,319.99,1599.95,pending,2026-07-29T07:35:12+00:00
ORD-059128,1,1,Mechanical Keyboard 75%,peripherals,4,129.00,516.00,pending,2026-07-29T19:19:57+00:00
ORD-059129,5,7,Standing Desk 120cm,furniture,3,449.00,1347.00,pending,2026-07-29T14:08:12+00:00
ORD-059130,10,7,Standing Desk 120cm,furniture,2,449.00,898.00,refunded,2026-07-29T01:03:19+00:00
ORD-059131,8,10,Laptop Stand Aluminium,accessories,3,27.50,82.50,completed,2026-07-29T05:35:05+00:00
ORD-059132,7,2,Wireless Mouse,peripherals,2,49.50,99.00,completed,2026-07-29T10:51:35+00:00
ORD-059133,6,7,Standing Desk 120cm,furniture,2,449.00,898.00,pending,2026-07-29T02:43:27+00:00
ORD-059134,10,10,Laptop Stand Aluminium,accessories,1,27.50,27.50,completed,2026-07-29T09:37:13+00:00
ORD-059135,2,4,34in Ultrawide Monitor,displays,3,579.00,1737.00,completed,2026-07-29T15:11:21+00:00
ORD-059136,2,2,Wireless Mouse,peripherals,3,49.50,148.50,completed,2026-07-29T23:05:40+00:00
ORD-059137,9,4,34in Ultrawide Monitor,displays,1,579.00,579.00,completed,2026-07-29T16:46:56+00:00
ORD-059138,2,1,Mechanical Keyboard 75%,peripherals,4,129.00,516.00,cancelled,2026-07-29T18:45:34+00:00
ORD-059139,2,10,Laptop Stand Aluminium,accessories,5,27.50,137.50,cancelled,2026-07-29T22:16:05+00:00
ORD-059140,6,5,Over-ear Headphones,audio,5,199.95,999.75,completed,2026-07-29T23:20:47+00:00
ORD-059141,4,7,Standing Desk 120cm,furniture,3,449.00,1347.00,pending,2026-07-29T01:37:00+00:00
ORD-059142,3,6,Desk Speakers Pair,audio,4,89.00,356.00,cancelled,2026-07-29T09:40:41+00:00
ORD-059143,5,1,Mechanical Keyboard 75%,peripherals,4,129.00,516.00,refunded,2026-07-29T13:13:13+00:00
ORD-059144,9,10,Laptop Stand Aluminium,accessories,2,27.50,55.00,pending,2026-07-29T17:06:37+00:00
ORD-059145,5,7,Standing Desk 120cm,furniture,2,449.00,898.00,cancelled,2026-07-29T20:38:13+00:00
ORD-059146,8,4,34in Ultrawide Monitor,displays,3,579.00,1737.00,cancelled,2026-07-29T04:02:00+00:00
ORD-059147,10,4,34in Ultrawide Monitor,displays,4,579.00,2316.00,pending,2026-07-29T20:36:38+00:00
ORD-059148,9,10,Laptop Stand Aluminium,accessories,1,27.50,27.50,cancelled,2026-07-29T07:37:23+00:00
ORD-059149,5,9,USB-C Hub 8-in-1,accessories,4,39.99,159.96,completed,2026-07-29T07:36:36+00:00
ORD-059150,1,4,34in Ultrawide Monitor,displays,3,579.00,1737.00,cancelled,2026-07-29T10:52:13+00:00
ORD-059151,9,10,Laptop Stand Aluminium,accessories,4,27.50,110.00,pending,2026-07-29T04:17:04+00:00
ORD-059152,6,10,Laptop Stand Aluminium,accessories,3,27.50,82.50,cancelled,2026-07-29T16:26:34+00:00
ORD-059153,7,3,27in 1440p Monitor,displays,4,319.99,1279.96,cancelled,2026-07-29T05:17:03+00:00
ORD-059154,6,7,Standing Desk 120cm,furniture,5,449.00,2245.00,pending,2026-07-29T05:59:32+00:00
ORD-059155,7,3,27in 1440p Monitor,displays,5,319.99,1599.95,pending,2026-07-29T04:01:55+00:00
ORD-059156,1,5,Over-ear Headphones,audio,3,199.95,599.85,refunded,2026-07-29T03:17:09+00:00
ORD-059157,7,7,Standing Desk 120cm,furniture,2,449.00,898.00,cancelled,2026-07-29T07:16:35+00:00
ORD-059158,9,7,Standing Desk 120cm,furniture,5,449.00,2245.00,completed,2026-07-29T12:14:18+00:00
ORD-059159,8,3,27in 1440p Monitor,displays,5,319.99,1599.95,cancelled,2026-07-29T15:52:55+00:00
ORD-059160,7,1,Mechanical Keyboard 75%,peripherals,5,129.00,645.00,pending,2026-07-29T23:51:42+00:00
ORD-059161,6,2,Wireless Mouse,peripherals,5,49.50,247.50,refunded,2026-07-29T00:15:58+00:00
ORD-059162,2,9,USB-C Hub 8-in-1,accessories,5,39.99,199.95,cancelled,2026-07-29T04:11:34+00:00
ORD-059163,6,7,Standing Desk 120cm,furniture,2,449.00,898.00,pending,2026-07-29T17:30:13+00:00
ORD-059164,6,4,34in Ultrawide Monitor,displays,2,579.00,1158.00,completed,2026-07-29T16:01:06+00:00
ORD-059165,5,4,34in Ultrawide Monitor,displays,5,579.00,2895.00,completed,2026-07-29T07:45:42+00:00
ORD-059166,6,9,USB-C Hub 8-in-1,accessories,3,39.99,119.97,pending,2026-07-29T07:06:12+00:00
ORD-059167,3,2,Wireless Mouse,peripherals,1,49.50,49.50,pending,2026-07-29T19:32:08+00:00
ORD-059168,7,5,Over-ear Headphones,audio,5,199.95,999.75,completed,2026-07-29T21:11:03+00:00
ORD-059169,6,6,Desk Speakers Pair,audio,4,89.00,356.00,cancelled,2026-07-29T22:57:51+00:00
ORD-059170,8,10,Laptop Stand Aluminium,accessories,4,27.50,110.00,cancelled,2026-07-29T04:19:48+00:00
ORD-059171,7,9,USB-C Hub 8-in-1,accessories,4,39.99,159.96,refunded,2026-07-29T05:25:55+00:00
ORD-059172,8,4,34in Ultrawide Monitor,displays,5,579.00,2895.00,pending,2026-07-29T18:14:31+00:00
ORD-059173,1,5,Over-ear Headphones,audio,1,199.95,199.95,refunded,2026-07-29T17:16:02+00:00
ORD-059174,5,2,Wireless Mouse,peripherals,4,49.50,198.00,refunded,2026-07-29T10:05:20+00:00
ORD-059175,4,6,Desk Speakers Pair,audio,5,89.00,445.00,pending,2026-07-29T00:58:36+00:00
ORD-059176,10,6,Desk Speakers Pair,audio,4,89.00,356.00,refunded,2026-07-29T16:42:03+00:00
ORD-059177,4,1,Mechanical Keyboard 75%,peripherals,5,129.00,645.00,cancelled,2026-07-29T15:35:10+00:00
ORD-059178,5,10,Laptop Stand Aluminium,accessories,2,27.50,55.00,pending,2026-07-29T06:16:51+00:00
ORD-059179,7,9,USB-C Hub 8-in-1,accessories,5,39.99,199.95,completed,2026-07-29T06:03:26+00:00
ORD-059180,7,6,Desk Speakers Pair,audio,5,89.00,445.00,cancelled,2026-07-29T11:53:25+00:00
ORD-059181,8,7,Standing Desk 120cm,furniture,3,449.00,1347.00,pending,2026-07-29T10:59:02+00:00
ORD-059182,7,1,Mechanical Keyboard 75%,peripherals,3,129.00,387.00,refunded,2026-07-29T00:23:34+00:00
ORD-059183,1,1,Mechanical Keyboard 75%,peripherals,3,129.00,387.00,pending,2026-07-29T14:27:29+00:00
ORD-059184,1,3,27in 1440p Monitor,displays,5,319.99,1599.95,pending,2026-07-29T14:32:14+00:00
ORD-059185,7,1,Mechanical Keyboard 75%,peripherals,4,129.00,516.00,pending,2026-07-29T03:41:58+00:00
ORD-059186,1,9,USB-C Hub 8-in-1,accessories,1,39.99,39.99,pending,2026-07-29T19:49:53+00:00
ORD-059187,1,7,Standing Desk 120cm,furniture,4,449.00,1796.00,pending,2026-07-29T01:17:29+00:00
ORD-059188,2,10,Laptop Stand Aluminium,accessories,5,27.50,137.50,refunded,2026-07-29T15:44:12+00:00
ORD-059189,8,9,USB-C Hub 8-in-1,accessories,5,39.99,199.95,cancelled,2026-07-29T03:00:55+00:00
ORD-059190,3,4,34in Ultrawide Monitor,displays,5,579.00,2895.00,pending,2026-07-29T15:55:33+00:00
ORD-059191,10,1,Mechanical Keyboard 75%,peripherals,3,129.00,387.00,cancelled,2026-07-29T07:32:25+00:00
ORD-059192,6,7,Standing Desk 120cm,furniture,2,449.00,898.00,cancelled,2026-07-29T11:30:51+00:00
ORD-059193,3,6,Desk Speakers Pair,audio,5,89.00,445.00,completed,2026-07-29T05:57:12+00:00
ORD-059194,1,3,27in 1440p Monitor,displays,5,319.99,1599.95,cancelled,2026-07-29T20:56:11+00:00
ORD-059195,9,5,Over-ear Headphones,audio,1,199.95,199.95,completed,2026-07-29T23:44:42+00:00
ORD-059196,5,1,Mechanical Keyboard 75%,peripherals,5,129.00,645.00,cancelled,2026-07-29T01:30:33+00:00
ORD-059197,2,7,Standing Desk 120cm,furniture,1,449.00,449.00,cancelled,2026-07-29T11:44:30+00:00
ORD-059198,2,2,Wireless Mouse,peripherals,2,49.50,99.00,refunded,2026-07-29T15:53:09+00:00
ORD-059199,2,1,Mechanical Keyboard 75%,peripherals,2,129.00,258.00,completed,2026-07-29T14:56:26+00:00
ORD-059200,5,10,Laptop Stand Aluminium,accessories,3,27.50,82.50,cancelled,2026-07-29T14:41:10+00:00
ORD-059201,1,9,USB-C Hub 8-in-1,accessories,3,39.99,119.97,completed,2026-07-29T06:57:15+00:00
ORD-059202,4,7,Standing Desk 120cm,furniture,4,449.00,1796.00,pending,2026-07-29T19:53:02+00:00
ORD-059203,5,9,USB-C Hub 8-in-1,accessories,1,39.99,39.99,pending,2026-07-29T13:26:55+00:00
ORD-059204,5,6,Desk Speakers Pair,audio,5,89.00,445.00,refunded,2026-07-29T16:13:48+00:00
ORD-059205,9,3,27in 1440p Monitor,displays,3,319.99,959.97,refunded,2026-07-29T21:06:46+00:00
ORD-059206,4,6,Desk Speakers Pair,audio,2,89.00,178.00,completed,2026-07-29T07:40:37+00:00
ORD-059207,3,8,Ergonomic Chair,furniture,4,612.75,2451.00,pending,2026-07-29T12:40:52+00:00
ORD-059208,9,7,Standing Desk 120cm,furniture,5,449.00,2245.00,pending,2026-07-29T17:32:50+00:00
ORD-059209,4,4,34in Ultrawide Monitor,displays,3,579.00,1737.00,completed,2026-07-29T05:46:52+00:00
ORD-059210,5,8,Ergonomic Chair,furniture,3,612.75,1838.25,pending,2026-07-29T09:25:35+00:00
ORD-059211,9,6,Desk Speakers Pair,audio,2,89.00,178.00,completed,2026-07-29T09:45:07+00:00
ORD-059212,4,9,USB-C Hub 8-in-1,accessories,1,39.99,39.99,pending,2026-07-29T22:59:34+00:00
ORD-059213,2,4,34in Ultrawide Monitor,displays,2,579.00,1158.00,pending,2026-07-29T09:54:36+00:00
ORD-059214,2,8,Ergonomic Chair,furniture,4,612.75,2451.00,cancelled,2026-07-29T22:39:59+00:00
ORD-059215,2,7,Standing Desk 120cm,furniture,5,449.00,2245.00,refunded,2026-07-29T13:05:24+00:00
ORD-059216,9,10,Laptop Stand Aluminium,accessories,4,27.50,110.00,refunded,2026-07-29T05:11:50+00:00
ORD-059217,5,1,Mechanical Keyboard 75%,peripherals,5,129.00,645.00,completed,2026-07-29T12:30:40+00:00
ORD-059218,2,5,Over-ear Headphones,audio,5,199.95,999.75,pending,2026-07-29T06:35:00+00:00
ORD-059219,8,8,Ergonomic Chair,furniture,5,612.75,3063.75,pending,2026-07-29T08:03:17+00:00
ORD-059220,10,3,27in 1440p Monitor,displays,2,319.99,639.98,refunded,2026-07-29T15:55:32+00:00
ORD-059221,10,7,Standing Desk 120cm,furniture,5,449.00,2245.00,pending,2026-07-29T10:28:23+00:00
ORD-059222,2,5,Over-ear Headphones,audio,5,199.95,999.75,refunded,2026-07-29T23:54:29+00:00
ORD-059223,6,8,Ergonomic Chair,furniture,3,612.75,1838.25,completed,2026-07-29T07:43:43+00:00
ORD-059224,2,10,Laptop Stand Aluminium,accessories,2,27.50,55.00,pending,2026-07-29T18:44:56+00:00
ORD-059225,8,2,Wireless Mouse,peripherals,5,49.50,247.50,cancelled,2026-07-29T04:53:49+00:00
ORD-059226,3,8,Ergonomic Chair,furniture,5,612.75,3063.75,refunded,2026-07-29T05:25:51+00:00
ORD-059227,10,10,Laptop Stand Aluminium,accessories,2,27.50,55.00,cancelled,2026-07-29T11:52:57+00:00
ORD-059228,5,3,27in 1440p Monitor,displays,4,319.99,1279.96,pending,2026-07-29T16:15:36+00:00
ORD-059229,9,6,Desk Speakers Pair,audio,3,89.00,267.00,pending,2026-07-29T13:46:00+00:00
ORD-059230,9,7,Standing Desk 120cm,furniture,2,449.00,898.00,pending,2026-07-29T00:20:12+00:00
ORD-059231,1,1,Mechanical Keyboard 75%,peripherals,5,129.00,645.00,refunded,2026-07-29T17:31:10+00:00
ORD-059232,6,2,Wireless Mouse,peripherals,2,49.50,99.00,cancelled,2026-07-29T15:47:28+00:00
ORD-059233,3,4,34in Ultrawide Monitor,displays,4,579.00,2316.00,pending,2026-07-29T10:42:10+00:00
ORD-059234,6,10,Laptop Stand Aluminium,accessories,2,27.50,55.00,refunded,2026-07-29T22:21:10+00:00
ORD-059235,4,6,Desk Speakers Pair,audio,2,89.00,178.00,cancelled,2026-07-29T06:55:11+00:00
ORD-059236,3,2,Wireless Mouse,peripherals,5,49.50,247.50,pending,2026-07-29T10:05:03+00:00
ORD-059237,2,5,Over-ear Headphones,audio,3,199.95,599.85,refunded,2026-07-29T04:33:29+00:00
ORD-059238,4,2,Wireless Mouse,peripherals,4,49.50,198.00,cancelled,2026-07-29T15:45:38+00:00
ORD-059239,8,7,Standing Desk 120cm,furniture,5,449.00,2245.00,completed,2026-07-29T07:50:17+00:00
ORD-059240,1,3,27in 1440p Monitor,displays,2,319.99,639.98,pending,2026-07-29T01:41:56+00:00
ORD-059241,9,8,Ergonomic Chair,furniture,5,612.75,3063.75,completed,2026-07-29T01:55:58+00:00
ORD-059242,8,5,Over-ear Headphones,audio,5,199.95,999.75,pending,2026-07-29T18:59:06+00:00
ORD-059243,4,9,USB-C Hub 8-in-1,accessories,4,39.99,159.96,completed,2026-07-29T08:59:01+00:00
ORD-059244,10,10,Laptop Stand Aluminium,accessories,5,27.50,137.50,refunded,2026-07-29T15:46:47+00:00
ORD-059245,9,4,34in Ultrawide Monitor,displays,5,579.00,2895.00,completed,2026-07-29T22:04:29+00:00
ORD-059246,3,10,Laptop Stand Aluminium,accessories,5,27.50,137.50,completed,2026-07-29T04:38:31+00:00
ORD-059247,3,8,Ergonomic Chair,furniture,3,612.75,1838.25,completed,2026-07-29T01:41:38+00:00
ORD-059248,2,8,Ergonomic Chair,furniture,3,612.75,1838.25,pending,2026-07-29T02:54:57+00:00
ORD-059249,10,4,34in Ultrawide Monitor,displays,4,579.00,2316.00,completed,2026-07-29T23:53:32+00:00
ORD-059250,2,10,Laptop Stand Aluminium,accessories,5,27.50,137.50,refunded,2026-07-29T06:55:59+00:00
ORD-059251,1,2,Wireless Mouse,peripherals,4,49.50,198.00,refunded,2026-07-29T07:40:26+00:00
ORD-059252,4,6,Desk Speakers Pair,audio,5,89.00,445.00,pending,2026-07-29T22:35:53+00:00
ORD-059253,2,2,Wireless Mouse,peripherals,3,49.50,148.50,cancelled,2026-07-29T06:47:01+00:00
ORD-059254,7,5,Over-ear Headphones,audio,4,199.95,799.80,completed,2026-07-29T03:40:18+00:00
ORD-059255,10,5,Over-ear Headphones,audio,2,199.95,399.90,pending,2026-07-29T07:50:15+00:00
ORD-059256,8,8,Ergonomic Chair,furniture,5,612.75,3063.75,refunded,2026-07-29T08:28:59+00:00
ORD-059257,3,8,Ergonomic Chair,furniture,5,612.75,3063.75,refunded,2026-07-29T10:32:26+00:00
ORD-059258,5,4,34in Ultrawide Monitor,displays,5,579.00,2895.00,pending,2026-07-29T18:02:52+00:00
ORD-059259,5,10,Laptop Stand Aluminium,accessories,1,27.50,27.50,cancelled,2026-07-29T15:20:57+00:00
ORD-059260,6,5,Over-ear Headphones,audio,4,199.95,799.80,refunded,2026-07-29T18:46:36+00:00
ORD-059261,9,3,27in 1440p Monitor,displays,2,319.99,639.98,refunded,2026-07-29T07:12:21+00:00
ORD-059262,3,5,Over-ear Headphones,audio,1,199.95,199.95,pending,2026-07-29T20:55:57+00:00
ORD-059263,1,1,Mechanical Keyboard 75%,peripherals,1,129.00,129.00,cancelled,2026-07-29T11:53:18+00:00
ORD-059264,1,7,Standing Desk 120cm,furniture,1,449.00,449.00,cancelled,2026-07-29T08:17:07+00:00
ORD-059265,5,4,34in Ultrawide Monitor,displays,1,579.00,579.00,cancelled,2026-07-29T18:06:01+00:00
ORD-059266,1,9,USB-C Hub 8-in-1,accessories,5,39.99,199.95,cancelled,2026-07-29T05:47:38+00:00
ORD-059267,8,8,Ergonomic Chair,furniture,3,612.75,1838.25,completed,2026-07-29T02:41:01+00:00
ORD-059268,5,9,USB-C Hub 8-in-1,accessories,2,39.99,79.98,completed,2026-07-29T15:49:43+00:00
ORD-059269,9,3,27in 1440p Monitor,displays,4,319.99,1279.96,refunded,2026-07-29T10:12:35+00:00
ORD-059270,4,9,USB-C Hub 8-in-1,accessories,4,39.99,159.96,cancelled,2026-07-29T03:41:32+00:00
ORD-059271,8,4,34in Ultrawide Monitor,displays,1,579.00,579.00,refunded,2026-07-29T02:32:24+00:00
ORD-059272,3,6,Desk Speakers Pair,audio,4,89.00,356.00,pending,2026-07-29T14:31:28+00:00
ORD-059273,6,10,Laptop Stand Aluminium,accessories,4,27.50,110.00,pending,2026-07-29T09:50:22+00:00
ORD-059274,2,10,Laptop Stand Aluminium,accessories,2,27.50,55.00,cancelled,2026-07-29T02:13:38+00:00
ORD-059275,7,1,Mechanical Keyboard 75%,peripherals,5,129.00,645.00,pending,2026-07-29T19:12:49+00:00
ORD-059276,4,8,Ergonomic Chair,furniture,2,612.75,1225.50,completed,2026-07-29T16:35:21+00:00
ORD-059277,9,8,Ergonomic Chair,furniture,5,612.75,3063.75,completed,2026-07-29T18:33:51+00:00
ORD-059278,1,1,Mechanical Keyboard 75%,peripherals,3,129.00,387.00,pending,2026-07-29T00:13:54+00:00
ORD-059279,6,10,Laptop Stand Aluminium,accessories,1,27.50,27.50,pending,2026-07-29T21:18:57+00:00
ORD-059280,9,9,USB-C Hub 8-in-1,accessories,1,39.99,39.99,refunded,2026-07-29T16:37:50+00:00
ORD-059281,10,10,Laptop Stand Aluminium,accessories,1,27.50,27.50,cancelled,2026-07-29T03:09:05+00:00
ORD-059282,7,9,USB-C Hub 8-in-1,accessories,2,39.99,79.98,pending,2026-07-29T10:12:18+00:00
ORD-059283,10,1,Mechanical Keyboard 75%,peripherals,3,129.00,387.00,pending,2026-07-29T23:38:32+00:00
ORD-059284,4,5,Over-ear Headphones,audio,1,199.95,199.95,pending,2026-07-29T06:12:58+00:00
ORD-059285,10,8,Ergonomic Chair,furniture,1,612.75,612.75,refunded,2026-07-29T03:12:46+00:00
ORD-059286,5,5,Over-ear Headphones,audio,5,199.95,999.75,refunded,2026-07-29T02:29:38+00:00
ORD-059287,1,6,Desk Speakers Pair,audio,1,89.00,89.00,completed,2026-07-29T18:40:04+00:00
ORD-059288,10,9,USB-C Hub 8-in-1,accessories,4,39.99,159.96,pending,2026-07-29T21:32:18+00:00
ORD-059289,1,9,USB-C Hub 8-in-1,accessories,2,39.99,79.98,refunded,2026-07-29T14:18:25+00:00
ORD-059290,4,9,USB-C Hub 8-in-1,accessories,5,39.99,199.95,refunded,2026-07-29T13:52:13+00:00
ORD-059291,9,6,Desk Speakers Pair,audio,2,89.00,178.00,refunded,2026-07-29T00:06:10+00:00
ORD-059292,3,3,27in 1440p Monitor,displays,2,319.99,639.98,completed,2026-07-29T15:02:32+00:00
ORD-059293,1,4,34in Ultrawide Monitor,displays,5,579.00,2895.00,refunded,2026-07-29T23:49:54+00:00
ORD-059294,2,6,Desk Speakers Pair,audio,2,89.00,178.00,completed,2026-07-29T02:50:09+00:00
ORD-059295,2,8,Ergonomic Chair,furniture,5,612.75,3063.75,cancelled,2026-07-29T19:13:42+00:00
ORD-059296,2,8,Ergonomic Chair,furniture,1,612.75,612.75,pending,2026-07-29T10:37:26+00:00
ORD-059297,7,7,Standing Desk 120cm,furniture,3,449.00,1347.00,refunded,2026-07-29T18:14:16+00:00
ORD-059298,5,9,USB-C Hub 8-in-1,accessories,4,39.99,159.96,pending,2026-07-29T04:43:45+00:00
ORD-059299,1,4,34in Ultrawide Monitor,displays,2,579.00,1158.00,pending,2026-07-29T00:39:13+00:00
ORD-059300,7,10,Laptop Stand Aluminium,accessories,3,27.50,82.50,refunded,2026-07-29T14:02:46+00:00
ORD-059301,3,7,Standing Desk 120cm,furniture,3,449.00,1347.00,refunded,2026-07-29T00:07:01+00:00
ORD-059302,2,3,27in 1440p Monitor,displays,5,319.99,1599.95,cancelled,2026-07-29T18:19:44+00:00
ORD-059303,5,5,Over-ear Headphones,audio,2,199.95,399.90,completed,2026-07-29T12:26:24+00:00
ORD-059304,9,7,Standing Desk 120cm,furniture,5,449.00,2245.00,completed,2026-07-29T13:09:09+00:00
ORD-059305,6,6,Desk Speakers Pair,audio,1,89.00,89.00,pending,2026-07-29T17:17:35+00:00
ORD-059306,3,4,34in Ultrawide Monitor,displays,1,579.00,579.00,refunded,2026-07-29T09:06:27+00:00
ORD-059307,9,7,Standing Desk 120cm,furniture,1,449.00,449.00,pending,2026-07-29T01:13:59+00:00
ORD-059308,3,3,27in 1440p Monitor,displays,4,319.99,1279.96,refunded,2026-07-29T02:24:09+00:00
ORD-059309,5,2,Wireless Mouse,peripherals,5,49.50,247.50,refunded,2026-07-29T21:41:54+00:00
ORD-059310,10,9,USB-C Hub 8-in-1,accessories,3,39.99,119.97,cancelled,2026-07-29T05:16:55+00:00
ORD-059311,7,10,Laptop Stand Aluminium,accessories,1,27.50,27.50,completed,2026-07-29T03:30:37+00:00
ORD-059312,4,8,Ergonomic Chair,furniture,1,612.75,612.75,refunded,2026-07-29T02:14:40+00:00
ORD-059313,7,4,34in Ultrawide Monitor,displays,1,579.00,579.00,pending,2026-07-29T14:56:10+00:00
ORD-059314,1,3,27in 1440p Monitor,displays,3,319.99,959.97,refunded,2026-07-29T05:01:56+00:00
ORD-059315,4,5,Over-ear Headphones,audio,3,199.95,599.85,cancelled,2026-07-29T13:12:11+00:00
ORD-059316,1,6,Desk Speakers Pair,audio,5,89.00,445.00,cancelled,2026-07-29T04:48:42+00:00
ORD-059317,9,7,Standing Desk 120cm,furniture,3,449.00,1347.00,refunded,2026-07-29T17:10:54+00:00
ORD-059318,5,5,Over-ear Headphones,audio,2,199.95,399.90,refunded,2026-07-29T18:52:24+00:00
ORD-059319,8,1,Mechanical Keyboard 75%,peripherals,5,129.00,645.00,pending,2026-07-29T02:52:26+00:00
ORD-059320,10,10,Laptop Stand Aluminium,accessories,4,27.50,110.00,pending,2026-07-29T07:30:14+00:00
ORD-059321,2,7,Standing Desk 120cm,furniture,5,449.00,2245.00,completed,2026-07-29T12:35:21+00:00
ORD-059322,8,2,Wireless Mouse,peripherals,1,49.50,49.50,refunded,2026-07-29T01:31:51+00:00
ORD-059323,1,9,USB-C Hub 8-in-1,accessories,5,39.99,199.95,cancelled,2026-07-29T23:09:15+00:00
ORD-059324,8,7,Standing Desk 120cm,furniture,1,449.00,449.00,cancelled,2026-07-29T12:43:12+00:00
ORD-059325,6,9,USB-C Hub 8-in-1,accessories,4,39.99,159.96,pending,2026-07-29T08:03:57+00:00
ORD-059326,4,9,USB-C Hub 8-in-1,accessories,3,39.99,119.97,completed,2026-07-29T05:29:07+00:00
ORD-059327,8,10,Laptop Stand Aluminium,accessories,3,27.50,82.50,refunded,2026-07-29T09:53:04+00:00
ORD-059328,1,1,Mechanical Keyboard 75%,peripherals,1,129.00,129.00,cancelled,2026-07-29T15:00:34+00:00
ORD-059329,5,5,Over-ear Headphones,audio,4,199.95,799.80,completed,2026-07-29T03:13:07+00:00
ORD-059330,6,5,Over-ear Headphones,audio,4,199.95,799.80,cancelled,2026-07-29T20:39:48+00:00
ORD-059331,6,3,27in 1440p Monitor,displays,3,319.99,959.97,refunded,2026-07-29T17:35:11+00:00
ORD-059332,2,3,27in 1440p Monitor,displays,2,319.99,639.98,refunded,2026-07-29T17:57:49+00:00
ORD-059333,5,2,Wireless Mouse,peripherals,4,49.50,198.00,pending,2026-07-29T04:27:25+00:00
ORD-059334,8,6,Desk Speakers Pair,audio,2,89.00,178.00,pending,2026-07-29T13:55:45+00:00
ORD-059335,2,1,Mechanical Keyboard 75%,peripherals,1,129.00,129.00,cancelled,2026-07-29T15:40:28+00:00
ORD-059336,5,6,Desk Speakers Pair,audio,3,89.00,267.00,completed,2026-07-29T15:37:17+00:00
ORD-059337,9,1,Mechanical Keyboard 75%,peripherals,2,129.00,258.00,refunded,2026-07-29T05:05:50+00:00
ORD-059338,10,4,34in Ultrawide Monitor,displays,3,579.00,1737.00,pending,2026-07-29T15:08:28+00:00
ORD-059339,2,2,Wireless Mouse,peripherals,1,49.50,49.50,completed,2026-07-29T10:49:40+00:00
ORD-059340,10,1,Mechanical Keyboard 75%,peripherals,1,129.00,129.00,completed,2026-07-29T03:17:13+00:00
ORD-059341,9,7,Standing Desk 120cm,furniture,4,449.00,1796.00,completed,2026-07-29T19:19:06+00:00
ORD-059342,3,3,27in 1440p Monitor,displays,3,319.99,959.97,cancelled,2026-07-29T08:36:56+00:00
ORD-059343,4,3,27in 1440p Monitor,displays,3,319.99,959.97,cancelled,2026-07-29T13:41:43+00:00
ORD-059344,2,6,Desk Speakers Pair,audio,1,89.00,89.00,cancelled,2026-07-29T23:14:40+00:00
ORD-059345,3,4,34in Ultrawide Monitor,displays,3,579.00,1737.00,cancelled,2026-07-29T03:59:42+00:00
ORD-059346,2,5,Over-ear Headphones,audio,1,199.95,199.95,pending,2026-07-29T13:05:16+00:00
ORD-059347,9,9,USB-C Hub 8-in-1,accessories,2,39.99,79.98,pending,2026-07-29T05:01:42+00:00
ORD-059348,6,3,27in 1440p Monitor,displays,3,319.99,959.97,cancelled,2026-07-29T07:04:18+00:00
ORD-059349,10,2,Wireless Mouse,peripherals,1,49.50,49.50,cancelled,2026-07-29T07:41:28+00:00
ORD-059350,9,9,USB-C Hub 8-in-1,accessories,3,39.99,119.97,pending,2026-07-29T23:40:05+00:00
ORD-059351,4,9,USB-C Hub 8-in-1,accessories,3,39.99,119.97,pending,2026-07-29T17:15:14+00:00
ORD-059352,6,2,Wireless Mouse,peripherals,5,49.50,247.50,cancelled,2026-07-29T01:13:41+00:00
ORD-059353,6,4,34in Ultrawide Monitor,displays,3,579.00,1737.00,refunded,2026-07-29T17:25:59+00:00
ORD-059354,4,4,34in Ultrawide Monitor,displays,2,579.00,1158.00,cancelled,2026-07-29T08:26:56+00:00
ORD-059355,6,3,27in 1440p Monitor,displays,2,319.99,639.98,cancelled,2026-07-29T08:29:25+00:00
ORD-059356,1,7,Standing Desk 120cm,furniture,1,449.00,449.00,pending,2026-07-29T00:05:46+00:00
ORD-059357,3,9,USB-C Hub 8-in-1,accessories,5,39.99,199.95,pending,2026-07-29T23:28:10+00:00
ORD-059358,5,3,27in 1440p Monitor,displays,1,319.99,319.99,completed,2026-07-29T02:55:35+00:00
ORD-059359,6,2,Wireless Mouse,peripherals,3,49.50,148.50,pending,2026-07-29T19:51:44+00:00
ORD-059360,2,9,USB-C Hub 8-in-1,accessories,3,39.99,119.97,cancelled,2026-07-29T02:11:38+00:00
ORD-059361,7,5,Over-ear Headphones,audio,4,199.95,799.80,pending,2026-07-29T18:05:00+00:00
ORD-059362,8,9,USB-C Hub 8-in-1,accessories,1,39.99,39.99,completed,2026-07-29T00:24:38+00:00
ORD-059363,10,8,Ergonomic Chair,furniture,5,612.75,3063.75,refunded,2026-07-29T01:16:54+00:00
ORD-059364,5,10,Laptop Stand Aluminium,accessories,3,27.50,82.50,pending,2026-07-29T19:18:30+00:00
ORD-059365,3,4,34in Ultrawide Monitor,displays,4,579.00,2316.00,cancelled,2026-07-29T14:20:51+00:00
ORD-059366,5,1,Mechanical Keyboard 75%,peripherals,4,129.00,516.00,cancelled,2026-07-29T22:46:50+00:00
ORD-059367,4,10,Laptop Stand Aluminium,accessories,4,27.50,110.00,completed,2026-07-29T11:33:52+00:00
ORD-059368,8,1,Mechanical Keyboard 75%,peripherals,1,129.00,129.00,pending,2026-07-29T15:55:15+00:00
ORD-059369,7,3,27in 1440p Monitor,displays,2,319.99,639.98,refunded,2026-07-29T20:00:11+00:00
ORD-059370,9,3,27in 1440p Monitor,displays,4,319.99,1279.96,pending,2026-07-29T01:23:42+00:00
ORD-059371,8,5,Over-ear Headphones,audio,2,199.95,399.90,completed,2026-07-29T20:53:41+00:00
ORD-059372,2,10,Laptop Stand Aluminium,accessories,5,27.50,137.50,refunded,2026-07-29T16:37:36+00:00
ORD-059373,7,6,Desk Speakers Pair,audio,4,89.00,356.00,cancelled,2026-07-29T07:41:19+00:00
ORD-059374,1,1,Mechanical Keyboard 75%,peripherals,2,129.00,258.00,completed,2026-07-29T07:37:08+00:00
ORD-059375,4,6,Desk Speakers Pair,audio,4,89.00,356.00,cancelled,2026-07-29T05:21:39+00:00
ORD-059376,2,6,Desk Speakers Pair,audio,3,89.00,267.00,pending,2026-07-29T11:04:10+00:00
ORD-059377,1,10,Laptop Stand Aluminium,accessories,2,27.50,55.00,pending,2026-07-29T13:40:11+00:00
ORD-059378,8,1,Mechanical Keyboard 75%,peripherals,4,129.00,516.00,refunded,2026-07-29T19:21:54+00:00
ORD-059379,1,10,Laptop Stand Aluminium,accessories,2,27.50,55.00,cancelled,2026-07-29T16:50:44+00:00
ORD-059380,10,2,Wireless Mouse,peripherals,1,49.50,49.50,refunded,2026-07-29T20:08:39+00:00
ORD-059381,4,6,Desk Speakers Pair,audio,1,89.00,89.00,cancelled,2026-07-29T06:12:55+00:00
ORD-059382,8,8,Ergonomic Chair,furniture,1,612.75,612.75,refunded,2026-07-29T19:31:57+00:00
ORD-059383,7,10,Laptop Stand Aluminium,accessories,2,27.50,55.00,pending,2026-07-29T09:20:30+00:00
ORD-059384,8,7,Standing Desk 120cm,furniture,5,449.00,2245.00,refunded,2026-07-29T13:06:05+00:00
ORD-059385,6,6,Desk Speakers Pair,audio,1,89.00,89.00,cancelled,2026-07-29T04:07:16+00:00
ORD-059386,5,6,Desk Speakers Pair,audio,3,89.00,267.00,completed,2026-07-29T19:01:54+00:00
ORD-059387,7,8,Ergonomic Chair,furniture,4,612.75,2451.00,cancelled,2026-07-29T15:00:08+00:00
ORD-059388,8,7,Standing Desk 120cm,furniture,1,449.00,449.00,pending,2026-07-29T17:27:57+00:00
ORD-059389,9,10,Laptop Stand Aluminium,accessories,1,27.50,27.50,cancelled,2026-07-29T17:49:28+00:00
ORD-059390,9,10,Laptop Stand Aluminium,accessories,1,27.50,27.50,pending,2026-07-29T06:00:05+00:00
ORD-059391,5,1,Mechanical Keyboard 75%,peripherals,5,129.00,645.00,cancelled,2026-07-29T02:19:30+00:00
ORD-059392,2,10,Laptop Stand Aluminium,accessories,1,27.50,27.50,completed,2026-07-29T17:33:21+00:00
ORD-059393,5,8,Ergonomic Chair,furniture,5,612.75,3063.75,pending,2026-07-29T06:29:18+00:00
ORD-059394,9,9,USB-C Hub 8-in-1,accessories,2,39.99,79.98,cancelled,2026-07-29T09:39:57+00:00
ORD-059395,5,3,27in 1440p Monitor,displays,4,319.99,1279.96,refunded,2026-07-29T05:22:40+00:00
ORD-059396,1,6,Desk Speakers Pair,audio,2,89.00,178.00,completed,2026-07-29T05:28:58+00:00
ORD-059397,9,9,USB-C Hub 8-in-1,accessories,1,39.99,39.99,refunded,2026-07-29T16:35:42+00:00
ORD-059398,9,4,34in Ultrawide Monitor,displays,5,579.00,2895.00,pending,2026-07-29T05:33:03+00:00
ORD-059399,8,7,Standing Desk 120cm,furniture,3,449.00,1347.00,pending,2026-07-29T19:23:03+00:00
ORD-059400,9,7,Standing Desk 120cm,furniture,3,449.00,1347.00,completed,2026-07-29T11:48:46+00:00
ORD-059401,3,9,USB-C Hub 8-in-1,accessories,2,39.99,79.98,cancelled,2026-07-29T13:43:01+00:00
ORD-059402,8,8,Ergonomic Chair,furniture,1,612.75,612.75,refunded,2026-07-29T11:03:56+00:00
ORD-059403,3,4,34in Ultrawide Monitor,displays,5,579.00,2895.00,pending,2026-07-29T08:38:48+00:00
ORD-059404,3,6,Desk Speakers Pair,audio,2,89.00,178.00,completed,not-a-valid-date
ORD-059405,9,7,Standing Desk 120cm,furniture,2,449.00,898.00,completed,2026-07-29T02:59:47+00:00
ORD-059406,10,2,Wireless Mouse,peripherals,5,49.50,247.50,cancelled,2026-07-29T02:47:32+00:00
ORD-059407,3,1,Mechanical Keyboard 75%,peripherals,4,129.00,516.00,refunded,2026-07-29T16:18:47+00:00
ORD-059408,9,5,Over-ear Headphones,audio,1,199.95,199.95,completed,2026-07-29T17:47:48+00:00
ORD-059409,9,6,Desk Speakers Pair,audio,5,89.00,445.00,completed,2026-07-29T08:34:37+00:00
ORD-059410,2,6,Desk Speakers Pair,audio,3,89.00,267.00,completed,2026-07-29T15:10:13+00:00
ORD-059411,10,10,Laptop Stand Aluminium,accessories,1,27.50,27.50,pending,2026-07-29T13:00:18+00:00
ORD-059412,2,4,34in Ultrawide Monitor,displays,2,579.00,1158.00,pending,2026-07-29T18:11:03+00:00
ORD-059413,8,3,27in 1440p Monitor,displays,2,319.99,639.98,cancelled,2026-07-29T07:54:14+00:00
ORD-059414,2,10,Laptop Stand Aluminium,accessories,5,27.50,137.50,refunded,2026-07-29T15:39:08+00:00
ORD-059415,4,7,Standing Desk 120cm,furniture,5,449.00,2245.00,pending,2026-07-29T08:43:31+00:00
ORD-059416,6,10,Laptop Stand Aluminium,accessories,3,27.50,82.50,pending,2026-07-29T10:45:17+00:00
ORD-059417,8,5,Over-ear Headphones,audio,1,199.95,199.95,cancelled,2026-07-29T00:01:34+00:00
ORD-059418,6,5,Over-ear Headphones,audio,5,199.95,999.75,cancelled,2026-07-29T08:00:28+00:00
ORD-059419,1,4,34in Ultrawide Monitor,displays,3,579.00,1737.00,refunded,2026-07-29T10:14:35+00:00
ORD-059420,2,8,Ergonomic Chair,furniture,4,612.75,2451.00,cancelled,2026-07-29T08:49:39+00:00
ORD-059421,9,6,Desk Speakers Pair,audio,3,89.00,267.00,cancelled,2026-07-29T05:09:41+00:00
ORD-059422,9,7,Standing Desk 120cm,furniture,4,449.00,1796.00,completed,2026-07-29T01:25:37+00:00
ORD-059423,1,6,Desk Speakers Pair,audio,5,89.00,445.00,cancelled,2026-07-29T22:24:10+00:00
ORD-059424,1,3,27in 1440p Monitor,displays,3,319.99,959.97,cancelled,2026-07-29T17:29:31+00:00
ORD-059425,4,10,Laptop Stand Aluminium,accessories,3,27.50,82.50,cancelled,2026-07-29T04:54:34+00:00
ORD-059426,1,2,Wireless Mouse,peripherals,5,49.50,247.50,refunded,2026-07-29T03:03:09+00:00
ORD-059427,4,1,Mechanical Keyboard 75%,peripherals,5,129.00,645.00,cancelled,2026-07-29T14:59:45+00:00
ORD-059428,4,10,Laptop Stand Aluminium,accessories,5,27.50,137.50,pending,2026-07-29T20:08:40+00:00
ORD-059429,7,8,Ergonomic Chair,furniture,1,612.75,612.75,cancelled,2026-07-29T23:12:48+00:00
ORD-059430,3,1,Mechanical Keyboard 75%,peripherals,5,129.00,645.00,refunded,2026-07-29T18:40:53+00:00
ORD-059431,2,1,Mechanical Keyboard 75%,peripherals,4,129.00,516.00,cancelled,2026-07-29T11:35:03+00:00
ORD-059432,7,4,34in Ultrawide Monitor,displays,4,579.00,2316.00,cancelled,2026-07-29T07:01:01+00:00
ORD-059433,9,4,34in Ultrawide Monitor,displays,4,579.00,2316.00,refunded,2026-07-29T16:33:55+00:00
ORD-059434,8,3,27in 1440p Monitor,displays,5,319.99,1599.95,refunded,2026-07-29T16:25:56+00:00
ORD-059435,6,6,Desk Speakers Pair,audio,5,89.00,445.00,completed,2026-07-29T15:06:45+00:00
ORD-059436,10,6,Desk Speakers Pair,audio,4,89.00,356.00,completed,2026-07-29T13:57:45+00:00
ORD-059437,8,4,34in Ultrawide Monitor,displays,5,579.00,2895.00,pending,2026-07-29T13:44:49+00:00
ORD-059438,5,8,Ergonomic Chair,furniture,3,612.75,1838.25,cancelled,2026-07-29T13:51:44+00:00
ORD-059439,6,4,34in Ultrawide Monitor,displays,3,579.00,1737.00,cancelled,2026-07-29T21:44:52+00:00
ORD-059440,8,2,Wireless Mouse,peripherals,1,49.50,49.50,cancelled,2026-07-29T14:07:34+00:00
ORD-059441,6,2,Wireless Mouse,peripherals,1,49.50,49.50,cancelled,2026-07-29T02:03:25+00:00
ORD-059442,6,2,Wireless Mouse,peripherals,3,49.50,148.50,pending,2026-07-29T15:53:06+00:00
ORD-059443,1,3,27in 1440p Monitor,displays,5,319.99,1599.95,pending,2026-07-29T21:42:16+00:00
ORD-059444,3,4,34in Ultrawide Monitor,displays,4,579.00,2316.00,refunded,2026-07-29T05:50:34+00:00
ORD-059445,1,9,USB-C Hub 8-in-1,accessories,5,39.99,199.95,pending,2026-07-29T13:53:46+00:00
ORD-059446,9,8,Ergonomic Chair,furniture,1,612.75,612.75,refunded,2026-07-29T08:26:13+00:00
ORD-059447,1,10,Laptop Stand Aluminium,accessories,3,27.50,82.50,cancelled,2026-07-29T07:55:35+00:00
ORD-059448,6,9,USB-C Hub 8-in-1,accessories,2,39.99,79.98,completed,2026-07-29T12:33:19+00:00
ORD-059449,1,6,Desk Speakers Pair,audio,5,89.00,445.00,pending,2026-07-29T14:26:14+00:00
ORD-059450,2,6,Desk Speakers Pair,audio,2,89.00,178.00,cancelled,2026-07-29T19:59:52+00:00
ORD-059451,1,10,Laptop Stand Aluminium,accessories,1,27.50,27.50,completed,2026-07-29T05:37:17+00:00
ORD-059452,3,1,Mechanical Keyboard 75%,peripherals,3,129.00,387.00,refunded,2026-07-29T10:59:13+00:00
ORD-059453,4,10,Laptop Stand Aluminium,accessories,5,27.50,137.50,cancelled,2026-07-29T22:27:19+00:00
ORD-059454,10,4,34in Ultrawide Monitor,displays,5,579.00,2895.00,pending,not-a-valid-date
ORD-059455,9,8,Ergonomic Chair,furniture,2,612.75,1225.50,pending,2026-07-29T13:30:03+00:00
ORD-059456,4,3,27in 1440p Monitor,displays,5,319.99,1599.95,completed,2026-07-29T12:53:17+00:00
ORD-059457,9,10,Laptop Stand Aluminium,accessories,2,27.50,55.00,cancelled,2026-07-29T20:16:02+00:00
ORD-059458,6,8,Ergonomic Chair,furniture,4,612.75,2451.00,refunded,2026-07-29T23:31:47+00:00
ORD-059459,8,8,Ergonomic Chair,furniture,3,612.75,1838.25,pending,2026-07-29T08:47:04+00:00
ORD-059460,10,9,USB-C Hub 8-in-1,accessories,4,39.99,159.96,pending,2026-07-29T19:05:09+00:00
ORD-059461,8,9,USB-C Hub 8-in-1,accessories,5,39.99,199.95,cancelled,2026-07-29T07:17:49+00:00
ORD-059462,2,6,Desk Speakers Pair,audio,3,89.00,267.00,completed,2026-07-29T13:25:31+00:00
ORD-059463,9,3,27in 1440p Monitor,displays,5,319.99,1599.95,refunded,2026-07-29T13:35:18+00:00
ORD-059464,7,3,27in 1440p Monitor,displays,4,319.99,1279.96,cancelled,2026-07-29T02:02:42+00:00
ORD-059465,9,10,Laptop Stand Aluminium,accessories,4,27.50,110.00,pending,2026-07-29T06:24:42+00:00
ORD-059466,7,9,USB-C Hub 8-in-1,accessories,5,39.99,199.95,refunded,2026-07-29T20:46:39+00:00
ORD-059467,9,3,27in 1440p Monitor,displays,5,319.99,1599.95,cancelled,2026-07-29T23:05:29+00:00
ORD-059468,8,9,USB-C Hub 8-in-1,accessories,3,39.99,119.97,completed,2026-07-29T01:09:38+00:00
ORD-059469,6,2,Wireless Mouse,peripherals,5,49.50,247.50,cancelled,2026-07-29T01:55:34+00:00
ORD-059470,7,6,Desk Speakers Pair,audio,1,89.00,89.00,refunded,2026-07-29T18:12:39+00:00
ORD-059471,4,7,Standing Desk 120cm,furniture,1,449.00,449.00,pending,2026-07-29T20:55:00+00:00
ORD-059472,8,1,Mechanical Keyboard 75%,peripherals,4,129.00,516.00,pending,2026-07-29T10:59:19+00:00
ORD-059473,7,9,USB-C Hub 8-in-1,accessories,5,39.99,199.95,cancelled,2026-07-29T05:57:45+00:00
ORD-059474,7,8,Ergonomic Chair,furniture,4,612.75,2451.00,completed,2026-07-29T07:01:05+00:00
ORD-059475,7,5,Over-ear Headphones,audio,1,199.95,199.95,cancelled,2026-07-29T02:04:45+00:00
ORD-059476,10,2,Wireless Mouse,peripherals,4,49.50,198.00,cancelled,2026-07-29T22:57:22+00:00
ORD-059477,5,2,Wireless Mouse,peripherals,4,49.50,198.00,completed,2026-07-29T02:18:37+00:00
ORD-059478,7,2,Wireless Mouse,peripherals,2,49.50,99.00,cancelled,2026-07-29T08:08:40+00:00
ORD-059479,6,1,Mechanical Keyboard 75%,peripherals,3,129.00,387.00,cancelled,2026-07-29T08:36:01+00:00
ORD-059480,4,7,Standing Desk 120cm,furniture,2,449.00,898.00,cancelled,2026-07-29T04:59:17+00:00
ORD-059481,10,1,Mechanical Keyboard 75%,peripherals,3,129.00,387.00,refunded,2026-07-29T08:38:10+00:00
ORD-059482,9,2,Wireless Mouse,peripherals,2,49.50,99.00,cancelled,2026-07-29T17:50:56+00:00
ORD-059483,6,3,27in 1440p Monitor,displays,1,319.99,319.99,completed,2026-07-29T05:04:32+00:00
ORD-059484,2,9,USB-C Hub 8-in-1,accessories,4,39.99,159.96,cancelled,2026-07-29T10:28:39+00:00
ORD-059485,2,10,Laptop Stand Aluminium,accessories,4,27.50,110.00,completed,2026-07-29T06:47:54+00:00
ORD-059486,6,10,Laptop Stand Aluminium,accessories,1,27.50,27.50,cancelled,2026-07-29T16:46:12+00:00
ORD-059487,2,5,Over-ear Headphones,audio,1,199.95,199.95,pending,2026-07-29T09:21:13+00:00
ORD-059488,7,2,Wireless Mouse,peripherals,5,49.50,247.50,refunded,2026-07-29T16:40:02+00:00
ORD-059489,10,8,Ergonomic Chair,furniture,3,612.75,1838.25,cancelled,2026-07-29T22:46:05+00:00
ORD-059490,7,7,Standing Desk 120cm,furniture,5,449.00,2245.00,completed,2026-07-29T18:58:26+00:00
ORD-059491,8,7,Standing Desk 120cm,furniture,5,449.00,2245.00,pending,2026-07-29T16:50:16+00:00
ORD-059492,6,4,34in Ultrawide Monitor,displays,3,579.00,1737.00,refunded,2026-07-29T23:07:30+00:00
ORD-059493,5,9,USB-C Hub 8-in-1,accessories,1,39.99,39.99,cancelled,2026-07-29T23:12:16+00:00
ORD-059494,7,2,Wireless Mouse,peripherals,5,49.50,247.50,cancelled,2026-07-29T16:33:20+00:00
ORD-059495,10,9,USB-C Hub 8-in-1,accessories,1,39.99,39.99,cancelled,2026-07-29T16:51:10+00:00
ORD-059496,8,5,Over-ear Headphones,audio,3,199.95,599.85,refunded,2026-07-29T17:20:18+00:00
ORD-059497,5,7,Standing Desk 120cm,furniture,1,449.00,449.00,pending,2026-07-29T17:57:24+00:00
ORD-059498,1,7,Standing Desk 120cm,furniture,4,449.00,1796.00,cancelled,2026-07-29T23:50:31+00:00
ORD-059499,5,6,Desk Speakers Pair,audio,3,89.00,267.00,completed,2026-07-29T04:05:12+00:00
ORD-059500,8,6,Desk Speakers Pair,audio,1,89.00,89.00,pending,2026-07-29T15:08:14+00:00
ORD-059501,5,1,Mechanical Keyboard 75%,peripherals,1,129.00,129.00,pending,2026-07-29T02:31:14+00:00
ORD-059502,8,4,34in Ultrawide Monitor,displays,2,579.00,1158.00,completed,2026-07-29T12:29:03+00:00
ORD-059503,2,2,Wireless Mouse,peripherals,2,49.50,99.00,refunded,2026-07-29T12:43:42+00:00
ORD-059504,9,10,Laptop Stand Aluminium,accessories,1,27.50,27.50,completed,2026-07-29T08:37:32+00:00
ORD-059505,9,7,Standing Desk 120cm,furniture,1,449.00,449.00,refunded,2026-07-29T09:20:49+00:00
ORD-059506,7,4,34in Ultrawide Monitor,displays,4,579.00,2316.00,pending,2026-07-29T07:53:57+00:00
ORD-059507,3,5,Over-ear Headphones,audio,4,199.95,799.80,completed,2026-07-29T23:32:31+00:00
ORD-059508,5,4,34in Ultrawide Monitor,displays,1,579.00,579.00,cancelled,2026-07-29T13:56:31+00:00
ORD-059509,2,3,27in 1440p Monitor,displays,3,319.99,959.97,pending,2026-07-29T03:09:27+00:00
ORD-059510,3,4,34in Ultrawide Monitor,displays,1,579.00,579.00,refunded,2026-07-29T15:12:47+00:00
ORD-059511,10,4,34in Ultrawide Monitor,displays,2,579.00,1158.00,completed,2026-07-29T17:47:50+00:00
ORD-059512,5,4,34in Ultrawide Monitor,displays,2,579.00,1158.00,completed,2026-07-29T00:06:32+00:00
ORD-059513,5,1,Mechanical Keyboard 75%,peripherals,4,129.00,516.00,completed,2026-07-29T13:07:03+00:00
ORD-059514,7,9,USB-C Hub 8-in-1,accessories,1,39.99,39.99,cancelled,2026-07-29T22:53:57+00:00
ORD-059515,9,4,34in Ultrawide Monitor,displays,4,579.00,2316.00,refunded,2026-07-29T20:41:24+00:00
ORD-059516,7,8,Ergonomic Chair,furniture,1,612.75,612.75,completed,2026-07-29T22:13:35+00:00
ORD-059517,4,1,Mechanical Keyboard 75%,peripherals,4,129.00,516.00,cancelled,2026-07-29T13:39:46+00:00
ORD-059518,10,4,34in Ultrawide Monitor,displays,3,579.00,1737.00,refunded,2026-07-29T16:40:50+00:00
ORD-059519,10,4,34in Ultrawide Monitor,displays,5,579.00,2895.00,completed,2026-07-29T02:16:26+00:00
ORD-059520,1,5,Over-ear Headphones,audio,1,199.95,199.95,refunded,2026-07-29T01:33:25+00:00
ORD-059521,3,3,27in 1440p Monitor,displays,4,319.99,1279.96,cancelled,2026-07-29T17:58:46+00:00
ORD-059522,6,7,Standing Desk 120cm,furniture,5,449.00,2245.00,cancelled,2026-07-29T02:04:12+00:00
ORD-059523,7,5,Over-ear Headphones,audio,1,199.95,199.95,refunded,2026-07-29T22:36:39+00:00
ORD-059524,10,8,Ergonomic Chair,furniture,1,612.75,612.75,cancelled,2026-07-29T07:55:57+00:00
ORD-059525,3,7,Standing Desk 120cm,furniture,4,449.00,1796.00,cancelled,2026-07-29T04:31:33+00:00
ORD-059526,1,7,Standing Desk 120cm,furniture,5,449.00,2245.00,cancelled,2026-07-29T08:10:59+00:00
ORD-059527,10,3,27in 1440p Monitor,displays,2,319.99,639.98,completed,2026-07-29T13:37:18+00:00
ORD-059528,1,3,27in 1440p Monitor,displays,1,319.99,319.99,cancelled,2026-07-29T23:49:05+00:00
ORD-059529,4,9,USB-C Hub 8-in-1,accessories,2,39.99,79.98,completed,2026-07-29T04:56:59+00:00
ORD-059530,3,8,Ergonomic Chair,furniture,2,612.75,1225.50,pending,2026-07-29T18:52:37+00:00
ORD-059531,1,7,Standing Desk 120cm,furniture,4,449.00,1796.00,cancelled,2026-07-29T16:26:46+00:00
ORD-059532,2,2,Wireless Mouse,peripherals,3,49.50,148.50,refunded,2026-07-29T05:48:28+00:00
ORD-059533,1,9,USB-C Hub 8-in-1,accessories,5,39.99,199.95,cancelled,2026-07-29T20:01:23+00:00
ORD-059534,5,5,Over-ear Headphones,audio,5,199.95,999.75,completed,2026-07-29T12:11:44+00:00
ORD-059535,1,9,USB-C Hub 8-in-1,accessories,1,39.99,39.99,refunded,2026-07-29T06:44:27+00:00
ORD-059536,7,4,34in Ultrawide Monitor,displays,3,579.00,1737.00,refunded,2026-07-29T21:32:35+00:00
ORD-059537,2,10,Laptop Stand Aluminium,accessories,5,27.50,137.50,completed,2026-07-29T10:18:44+00:00
ORD-059538,1,6,Desk Speakers Pair,audio,3,89.00,267.00,pending,2026-07-29T09:43:00+00:00
ORD-059539,9,8,Ergonomic Chair,furniture,1,612.75,612.75,cancelled,2026-07-29T03:14:21+00:00
ORD-059540,2,9,USB-C Hub 8-in-1,accessories,4,39.99,159.96,cancelled,2026-07-29T22:09:52+00:00
ORD-059541,2,9,USB-C Hub 8-in-1,accessories,3,39.99,119.97,cancelled,2026-07-29T13:47:01+00:00
ORD-059542,10,7,Standing Desk 120cm,furniture,3,449.00,1347.00,cancelled,2026-07-29T13:35:04+00:00
ORD-059543,1,7,Standing Desk 120cm,furniture,5,449.00,2245.00,cancelled,2026-07-29T22:22:58+00:00
ORD-059544,4,2,Wireless Mouse,peripherals,1,49.50,49.50,completed,2026-07-29T05:02:08+00:00
ORD-059545,5,10,Laptop Stand Aluminium,accessories,1,27.50,27.50,completed,2026-07-29T01:03:14+00:00
ORD-059546,3,7,Standing Desk 120cm,furniture,1,449.00,449.00,cancelled,2026-07-29T03:51:05+00:00
ORD-059547,1,8,Ergonomic Chair,furniture,4,612.75,2451.00,pending,2026-07-29T08:11:06+00:00
ORD-059548,5,3,27in 1440p Monitor,displays,5,319.99,1599.95,cancelled,2026-07-29T00:41:13+00:00
ORD-059549,8,7,Standing Desk 120cm,furniture,1,449.00,449.00,completed,2026-07-29T12:13:00+00:00
ORD-059550,5,10,Laptop Stand Aluminium,accessories,1,27.50,27.50,cancelled,2026-07-29T00:17:05+00:00
ORD-059551,8,4,34in Ultrawide Monitor,displays,3,579.00,1737.00,pending,2026-07-29T08:27:51+00:00
ORD-059552,9,9,USB-C Hub 8-in-1,accessories,1,39.99,39.99,completed,2026-07-29T13:16:03+00:00
ORD-059553,2,2,Wireless Mouse,peripherals,1,49.50,49.50,completed,2026-07-29T11:54:27+00:00
ORD-059554,9,10,Laptop Stand Aluminium,accessories,3,27.50,82.50,pending,2026-07-29T20:56:16+00:00
ORD-059555,1,1,Mechanical Keyboard 75%,peripherals,4,129.00,516.00,completed,2026-07-29T20:46:20+00:00
ORD-059556,5,4,34in Ultrawide Monitor,displays,5,579.00,2895.00,refunded,2026-07-29T11:30:48+00:00
ORD-059557,10,10,Laptop Stand Aluminium,accessories,3,27.50,82.50,cancelled,2026-07-29T22:24:03+00:00
ORD-059558,6,10,Laptop Stand Aluminium,accessories,4,27.50,110.00,cancelled,2026-07-29T07:07:33+00:00
ORD-059559,10,9,USB-C Hub 8-in-1,accessories,2,39.99,79.98,completed,2026-07-29T09:12:44+00:00
ORD-059560,10,7,Standing Desk 120cm,furniture,5,449.00,2245.00,refunded,2026-07-29T10:06:43+00:00
ORD-059561,2,7,Standing Desk 120cm,furniture,3,449.00,1347.00,refunded,2026-07-29T14:56:50+00:00
ORD-059562,9,3,27in 1440p Monitor,displays,1,319.99,319.99,refunded,2026-07-29T16:56:16+00:00
ORD-059563,8,3,27in 1440p Monitor,displays,5,319.99,1599.95,refunded,2026-07-29T17:01:25+00:00
ORD-059564,2,6,Desk Speakers Pair,audio,3,89.00,267.00,refunded,2026-07-29T17:52:30+00:00
ORD-059565,8,2,Wireless Mouse,peripherals,5,49.50,247.50,cancelled,2026-07-29T08:32:56+00:00
ORD-059566,9,3,27in 1440p Monitor,displays,3,319.99,959.97,cancelled,2026-07-29T01:33:58+00:00
ORD-059567,8,2,Wireless Mouse,peripherals,2,49.50,99.00,pending,2026-07-29T02:46:39+00:00
ORD-059568,7,1,Mechanical Keyboard 75%,peripherals,2,129.00,258.00,cancelled,2026-07-29T03:59:08+00:00
ORD-059569,4,10,Laptop Stand Aluminium,accessories,5,27.50,137.50,pending,2026-07-29T23:20:28+00:00
ORD-059570,1,10,Laptop Stand Aluminium,accessories,5,27.50,137.50,refunded,2026-07-29T01:55:43+00:00
ORD-059571,2,8,Ergonomic Chair,furniture,1,612.75,612.75,refunded,2026-07-29T15:58:53+00:00
ORD-059572,9,6,Desk Speakers Pair,audio,3,89.00,267.00,completed,2026-07-29T14:48:41+00:00
ORD-059573,7,10,Laptop Stand Aluminium,accessories,3,27.50,82.50,pending,2026-07-29T14:23:37+00:00
ORD-059574,7,4,34in Ultrawide Monitor,displays,1,579.00,579.00,refunded,2026-07-29T11:38:02+00:00
ORD-059575,7,1,Mechanical Keyboard 75%,peripherals,1,129.00,129.00,completed,2026-07-29T14:43:27+00:00
ORD-059576,5,3,27in 1440p Monitor,displays,4,319.99,1279.96,cancelled,2026-07-29T08:21:23+00:00
ORD-059577,6,10,Laptop Stand Aluminium,accessories,1,27.50,27.50,cancelled,2026-07-29T22:24:42+00:00
ORD-059578,6,8,Ergonomic Chair,furniture,5,612.75,3063.75,cancelled,2026-07-29T13:17:04+00:00
ORD-059579,7,3,27in 1440p Monitor,displays,2,319.99,639.98,pending,2026-07-29T14:32:41+00:00
ORD-059580,4,7,Standing Desk 120cm,furniture,1,449.00,449.00,completed,2026-07-29T12:34:39+00:00
ORD-059581,10,8,Ergonomic Chair,furniture,5,612.75,3063.75,completed,2026-07-29T17:06:53+00:00
ORD-059582,5,4,34in Ultrawide Monitor,displays,4,579.00,2316.00,cancelled,2026-07-29T03:58:17+00:00
ORD-059583,3,6,Desk Speakers Pair,audio,4,89.00,356.00,completed,2026-07-29T13:32:37+00:00
ORD-059584,7,10,Laptop Stand Aluminium,accessories,1,27.50,27.50,refunded,2026-07-29T07:21:55+00:00
ORD-059585,2,9,USB-C Hub 8-in-1,accessories,2,39.99,79.98,pending,2026-07-29T06:15:02+00:00
ORD-059586,9,10,Laptop Stand Aluminium,accessories,3,27.50,82.50,cancelled,2026-07-29T07:54:32+00:00
ORD-059587,9,6,Desk Speakers Pair,audio,5,89.00,445.00,pending,2026-07-29T01:44:14+00:00
ORD-059588,10,7,Standing Desk 120cm,furniture,3,449.00,1347.00,pending,2026-07-29T06:08:27+00:00
ORD-059589,9,5,Over-ear Headphones,audio,4,199.95,799.80,completed,2026-07-29T17:16:51+00:00
ORD-059590,10,2,Wireless Mouse,peripherals,5,49.50,247.50,cancelled,2026-07-29T05:21:08+00:00
ORD-059591,4,6,Desk Speakers Pair,audio,5,89.00,445.00,refunded,2026-07-29T13:57:28+00:00
ORD-059592,6,2,Wireless Mouse,peripherals,1,49.50,49.50,cancelled,2026-07-29T13:35:34+00:00
ORD-059593,6,7,Standing Desk 120cm,furniture,2,449.00,898.00,pending,2026-07-29T08:50:23+00:00
ORD-059594,5,6,Desk Speakers Pair,audio,4,89.00,356.00,pending,2026-07-29T15:56:36+00:00
ORD-059595,4,8,Ergonomic Chair,furniture,1,612.75,612.75,refunded,2026-07-29T09:34:12+00:00
ORD-059596,3,10,Laptop Stand Aluminium,accessories,5,27.50,137.50,cancelled,2026-07-29T18:57:04+00:00
ORD-059597,2,4,34in Ultrawide Monitor,displays,5,579.00,2895.00,cancelled,2026-07-29T08:32:54+00:00
ORD-059598,7,6,Desk Speakers Pair,audio,2,89.00,178.00,completed,2026-07-29T16:26:17+00:00
ORD-059599,6,9,USB-C Hub 8-in-1,accessories,3,39.99,119.97,completed,2026-07-29T19:28:30+00:00
ORD-059600,9,10,Laptop Stand Aluminium,accessories,3,27.50,82.50,completed,2026-07-29T13:32:47+00:00
ORD-059601,1,7,Standing Desk 120cm,furniture,3,449.00,1347.00,cancelled,2026-07-29T19:08:52+00:00
ORD-059602,10,7,Standing Desk 120cm,furniture,1,449.00,449.00,cancelled,2026-07-29T03:23:20+00:00
ORD-059603,8,3,27in 1440p Monitor,displays,5,319.99,1599.95,pending,2026-07-29T02:54:42+00:00
ORD-059604,1,3,27in 1440p Monitor,displays,4,319.99,1279.96,refunded,2026-07-29T16:46:50+00:00
ORD-059605,7,4,34in Ultrawide Monitor,displays,5,579.00,2895.00,cancelled,2026-07-29T10:45:45+00:00
ORD-059606,3,9,USB-C Hub 8-in-1,accessories,1,39.99,39.99,cancelled,2026-07-29T18:01:20+00:00
ORD-059607,9,3,27in 1440p Monitor,displays,3,319.99,959.97,completed,2026-07-29T21:12:15+00:00
ORD-059608,8,2,Wireless Mouse,peripherals,3,49.50,148.50,pending,2026-07-29T08:04:50+00:00
ORD-059609,8,9,USB-C Hub 8-in-1,accessories,5,39.99,199.95,pending,2026-07-29T11:57:38+00:00
ORD-059610,8,3,27in 1440p Monitor,displays,4,319.99,1279.96,refunded,2026-07-29T10:19:52+00:00
ORD-059611,1,10,Laptop Stand Aluminium,accessories,3,27.50,82.50,completed,2026-07-29T00:58:06+00:00
ORD-059612,5,3,27in 1440p Monitor,displays,5,319.99,1599.95,refunded,2026-07-29T15:18:03+00:00
ORD-059613,2,8,Ergonomic Chair,furniture,5,612.75,3063.75,refunded,2026-07-29T09:38:45+00:00
ORD-059614,7,1,Mechanical Keyboard 75%,peripherals,2,129.00,258.00,refunded,2026-07-29T16:59:06+00:00
ORD-059615,1,6,Desk Speakers Pair,audio,4,89.00,356.00,refunded,2026-07-29T02:06:27+00:00
ORD-059616,7,3,27in 1440p Monitor,displays,2,319.99,639.98,pending,2026-07-29T05:02:44+00:00
ORD-059617,1,4,34in Ultrawide Monitor,displays,2,579.00,1158.00,refunded,2026-07-29T17:27:03+00:00
ORD-059618,6,8,Ergonomic Chair,furniture,3,612.75,1838.25,refunded,2026-07-29T13:42:27+00:00
ORD-059619,9,1,Mechanical Keyboard 75%,peripherals,1,129.00,129.00,refunded,2026-07-29T21:31:38+00:00
ORD-059620,9,6,Desk Speakers Pair,audio,4,89.00,356.00,completed,2026-07-29T08:16:51+00:00
ORD-059621,4,4,34in Ultrawide Monitor,displays,1,579.00,579.00,refunded,2026-07-29T05:39:11+00:00
ORD-059622,10,1,Mechanical Keyboard 75%,peripherals,4,129.00,516.00,cancelled,2026-07-29T13:56:24+00:00
ORD-059623,8,2,Wireless Mouse,peripherals,4,49.50,198.00,cancelled,2026-07-29T03:31:26+00:00
ORD-059624,9,6,Desk Speakers Pair,audio,4,89.00,356.00,pending,2026-07-29T12:14:07+00:00
ORD-059625,8,2,Wireless Mouse,peripherals,5,49.50,247.50,completed,2026-07-29T16:29:54+00:00
ORD-059626,3,7,Standing Desk 120cm,furniture,3,449.00,1347.00,refunded,2026-07-29T16:02:07+00:00
ORD-059627,6,3,27in 1440p Monitor,displays,3,319.99,959.97,cancelled,2026-07-29T04:59:34+00:00
ORD-059628,9,4,34in Ultrawide Monitor,displays,1,579.00,579.00,completed,2026-07-29T20:53:59+00:00
ORD-059629,6,6,Desk Speakers Pair,audio,1,89.00,89.00,cancelled,2026-07-29T09:27:03+00:00
ORD-059630,9,2,Wireless Mouse,peripherals,4,49.50,198.00,pending,2026-07-29T04:24:15+00:00
ORD-059631,4,6,Desk Speakers Pair,audio,5,89.00,445.00,completed,2026-07-29T20:06:54+00:00
ORD-059632,8,3,27in 1440p Monitor,displays,3,319.99,959.97,refunded,2026-07-29T17:43:39+00:00
ORD-059633,7,9,USB-C Hub 8-in-1,accessories,5,39.99,199.95,pending,2026-07-29T20:48:40+00:00
ORD-059634,10,8,Ergonomic Chair,furniture,2,612.75,1225.50,refunded,2026-07-29T14:54:27+00:00
ORD-059635,9,4,34in Ultrawide Monitor,displays,4,579.00,2316.00,refunded,2026-07-29T03:48:59+00:00
ORD-059636,7,4,34in Ultrawide Monitor,displays,3,579.00,1737.00,refunded,2026-07-29T21:29:38+00:00
ORD-059637,3,3,27in 1440p Monitor,displays,4,319.99,1279.96,completed,2026-07-29T01:19:34+00:00
ORD-059638,3,9,USB-C Hub 8-in-1,accessories,1,39.99,39.99,refunded,2026-07-29T08:19:39+00:00
ORD-059639,7,7,Standing Desk 120cm,furniture,4,449.00,1796.00,pending,2026-07-29T16:53:54+00:00
ORD-059640,3,6,Desk Speakers Pair,audio,5,89.00,445.00,refunded,2026-07-29T06:23:33+00:00
ORD-059641,3,5,Over-ear Headphones,audio,5,199.95,999.75,completed,2026-07-29T05:52:59+00:00
ORD-059642,2,9,USB-C Hub 8-in-1,accessories,1,39.99,39.99,completed,2026-07-29T19:29:22+00:00
ORD-059643,6,7,Standing Desk 120cm,furniture,3,449.00,1347.00,cancelled,2026-07-29T13:44:47+00:00
ORD-059644,3,9,USB-C Hub 8-in-1,accessories,1,39.99,39.99,completed,2026-07-29T15:16:42+00:00
ORD-059645,10,4,34in Ultrawide Monitor,displays,3,579.00,1737.00,refunded,2026-07-29T08:22:01+00:00
ORD-059646,5,7,Standing Desk 120cm,furniture,5,449.00,2245.00,cancelled,2026-07-29T23:32:52+00:00
ORD-059647,6,8,Ergonomic Chair,furniture,4,612.75,2451.00,pending,2026-07-29T16:39:18+00:00
ORD-059648,10,3,27in 1440p Monitor,displays,2,319.99,639.98,completed,2026-07-29T18:20:38+00:00
ORD-059649,6,3,27in 1440p Monitor,displays,2,319.99,639.98,pending,2026-07-29T08:11:08+00:00
ORD-059650,1,8,Ergonomic Chair,furniture,2,612.75,1225.50,cancelled,2026-07-29T10:52:39+00:00
ORD-059651,9,8,Ergonomic Chair,furniture,2,612.75,1225.50,completed,2026-07-29T18:14:07+00:00
ORD-059652,3,6,Desk Speakers Pair,audio,4,89.00,356.00,refunded,2026-07-29T02:46:40+00:00
ORD-059653,1,7,Standing Desk 120cm,furniture,5,449.00,2245.00,refunded,2026-07-29T16:20:55+00:00
ORD-059654,4,1,Mechanical Keyboard 75%,peripherals,4,129.00,516.00,completed,2026-07-29T12:00:18+00:00
ORD-059655,6,9,USB-C Hub 8-in-1,accessories,5,39.99,199.95,completed,2026-07-29T10:02:22+00:00
ORD-059656,10,9,USB-C Hub 8-in-1,accessories,5,39.99,199.95,cancelled,2026-07-29T03:26:00+00:00
ORD-059657,4,6,Desk Speakers Pair,audio,1,89.00,89.00,pending,2026-07-29T04:17:37+00:00
ORD-059658,9,9,USB-C Hub 8-in-1,accessories,3,39.99,119.97,cancelled,2026-07-29T13:44:37+00:00
ORD-059659,10,8,Ergonomic Chair,furniture,1,612.75,612.75,completed,2026-07-29T14:41:35+00:00
ORD-059660,10,3,27in 1440p Monitor,displays,2,319.99,639.98,completed,2026-07-29T12:40:05+00:00
ORD-059661,1,10,Laptop Stand Aluminium,accessories,4,27.50,110.00,completed,2026-07-29T17:14:57+00:00
ORD-059662,6,6,Desk Speakers Pair,audio,3,89.00,267.00,refunded,2026-07-29T08:51:41+00:00
ORD-059663,9,7,Standing Desk 120cm,furniture,5,449.00,2245.00,completed,2026-07-29T00:57:14+00:00
ORD-059664,10,5,Over-ear Headphones,audio,3,199.95,599.85,refunded,2026-07-29T16:45:28+00:00
ORD-059665,9,8,Ergonomic Chair,furniture,1,612.75,612.75,refunded,2026-07-29T02:26:19+00:00
ORD-059666,2,6,Desk Speakers Pair,audio,1,89.00,89.00,refunded,2026-07-29T10:27:13+00:00
ORD-059667,2,5,Over-ear Headphones,audio,1,199.95,199.95,refunded,2026-07-29T10:11:14+00:00
ORD-059668,8,9,USB-C Hub 8-in-1,accessories,5,39.99,199.95,pending,2026-07-29T18:51:24+00:00
ORD-059669,4,10,Laptop Stand Aluminium,accessories,5,27.50,137.50,refunded,2026-07-29T07:36:21+00:00
ORD-059670,9,7,Standing Desk 120cm,furniture,3,449.00,1347.00,completed,2026-07-29T07:55:07+00:00
ORD-059671,10,6,Desk Speakers Pair,audio,4,89.00,356.00,completed,2026-07-29T14:20:22+00:00
ORD-059672,5,10,Laptop Stand Aluminium,accessories,5,27.50,137.50,cancelled,2026-07-29T19:05:23+00:00
ORD-059673,8,1,Mechanical Keyboard 75%,peripherals,4,129.00,516.00,pending,2026-07-29T07:51:10+00:00
ORD-059674,6,3,27in 1440p Monitor,displays,4,319.99,1279.96,cancelled,2026-07-29T14:46:10+00:00
ORD-059675,3,8,Ergonomic Chair,furniture,1,612.75,612.75,completed,2026-07-29T16:05:54+00:00
ORD-059676,3,9,USB-C Hub 8-in-1,accessories,2,39.99,79.98,cancelled,2026-07-29T10:27:06+00:00
ORD-059677,1,2,Wireless Mouse,peripherals,2,49.50,99.00,pending,2026-07-29T22:30:07+00:00
ORD-059678,1,7,Standing Desk 120cm,furniture,5,449.00,2245.00,refunded,2026-07-29T13:19:56+00:00
ORD-059679,3,10,Laptop Stand Aluminium,accessories,1,27.50,27.50,cancelled,2026-07-29T07:51:10+00:00
ORD-059680,7,7,Standing Desk 120cm,furniture,4,449.00,1796.00,refunded,2026-07-29T12:41:50+00:00
ORD-059681,4,5,Over-ear Headphones,audio,3,199.95,599.85,refunded,2026-07-29T00:01:50+00:00
ORD-059682,3,7,Standing Desk 120cm,furniture,4,449.00,1796.00,cancelled,2026-07-29T01:24:03+00:00
ORD-059683,3,9,USB-C Hub 8-in-1,accessories,3,39.99,119.97,cancelled,2026-07-29T03:44:26+00:00
ORD-059684,7,9,USB-C Hub 8-in-1,accessories,2,39.99,79.98,refunded,2026-07-29T01:16:22+00:00
ORD-059685,6,1,Mechanical Keyboard 75%,peripherals,5,129.00,645.00,cancelled,2026-07-29T09:29:14+00:00
ORD-059686,3,4,34in Ultrawide Monitor,displays,3,579.00,1737.00,pending,2026-07-29T23:59:05+00:00
ORD-059687,10,3,27in 1440p Monitor,displays,1,319.99,319.99,refunded,2026-07-29T17:54:01+00:00
ORD-059688,2,3,27in 1440p Monitor,displays,1,319.99,319.99,pending,2026-07-29T07:47:20+00:00
ORD-059689,10,9,USB-C Hub 8-in-1,accessories,3,39.99,119.97,refunded,2026-07-29T00:21:01+00:00
ORD-059690,1,8,Ergonomic Chair,furniture,5,612.75,3063.75,pending,2026-07-29T10:30:22+00:00
ORD-059691,2,3,27in 1440p Monitor,displays,4,319.99,1279.96,cancelled,2026-07-29T12:26:56+00:00
ORD-059692,6,10,Laptop Stand Aluminium,accessories,5,27.50,137.50,pending,2026-07-29T14:34:58+00:00
ORD-059693,5,7,Standing Desk 120cm,furniture,5,449.00,2245.00,completed,2026-07-29T22:40:41+00:00
ORD-059694,7,6,Desk Speakers Pair,audio,5,89.00,445.00,refunded,2026-07-29T06:29:41+00:00
ORD-059695,2,2,Wireless Mouse,peripherals,4,49.50,198.00,cancelled,2026-07-29T04:20:08+00:00
ORD-059696,8,1,Mechanical Keyboard 75%,peripherals,5,129.00,645.00,completed,2026-07-29T09:15:13+00:00
ORD-059697,9,8,Ergonomic Chair,furniture,2,612.75,1225.50,refunded,2026-07-29T11:48:31+00:00
ORD-059698,2,3,27in 1440p Monitor,displays,5,319.99,1599.95,pending,2026-07-29T21:20:56+00:00
ORD-059699,3,2,Wireless Mouse,peripherals,2,49.50,99.00,refunded,2026-07-29T08:51:40+00:00
ORD-059700,4,6,Desk Speakers Pair,audio,2,89.00,178.00,cancelled,2026-07-29T06:59:09+00:00
ORD-059701,10,3,27in 1440p Monitor,displays,2,319.99,639.98,cancelled,2026-07-29T15:23:49+00:00
ORD-059702,4,9,USB-C Hub 8-in-1,accessories,4,39.99,159.96,refunded,2026-07-29T05:25:10+00:00
ORD-059703,6,9,USB-C Hub 8-in-1,accessories,5,39.99,199.95,completed,2026-07-29T06:15:02+00:00
ORD-059704,2,7,Standing Desk 120cm,furniture,3,449.00,1347.00,pending,2026-07-29T11:36:21+00:00
ORD-059705,9,5,Over-ear Headphones,audio,5,199.95,999.75,pending,2026-07-29T07:48:30+00:00
ORD-059706,10,4,34in Ultrawide Monitor,displays,2,579.00,1158.00,refunded,2026-07-29T04:34:40+00:00
ORD-059707,5,6,Desk Speakers Pair,audio,4,89.00,356.00,pending,2026-07-29T07:47:50+00:00
ORD-059708,3,3,27in 1440p Monitor,displays,5,319.99,1599.95,pending,2026-07-29T20:46:54+00:00
ORD-059709,5,7,Standing Desk 120cm,furniture,4,449.00,1796.00,refunded,2026-07-29T14:36:56+00:00
ORD-059710,10,10,Laptop Stand Aluminium,accessories,4,27.50,110.00,cancelled,2026-07-29T23:55:08+00:00
ORD-059711,9,5,Over-ear Headphones,audio,1,199.95,199.95,refunded,2026-07-29T23:15:12+00:00
ORD-059712,6,2,Wireless Mouse,peripherals,1,49.50,49.50,cancelled,2026-07-29T12:24:29+00:00
ORD-059713,6,8,Ergonomic Chair,furniture,2,612.75,1225.50,refunded,2026-07-29T16:16:19+00:00
ORD-059714,8,10,Laptop Stand Aluminium,accessories,4,27.50,110.00,pending,2026-07-29T00:43:36+00:00
ORD-059715,5,1,Mechanical Keyboard 75%,peripherals,4,129.00,516.00,refunded,2026-07-29T06:06:09+00:00
ORD-059716,8,6,Desk Speakers Pair,audio,3,89.00,267.00,pending,2026-07-29T01:25:04+00:00
ORD-059717,9,8,Ergonomic Chair,furniture,1,612.75,612.75,pending,2026-07-29T07:37:19+00:00
ORD-059718,8,6,Desk Speakers Pair,audio,1,89.00,89.00,cancelled,2026-07-29T12:53:14+00:00
ORD-059719,3,7,Standing Desk 120cm,furniture,4,449.00,1796.00,completed,2026-07-29T05:49:37+00:00
ORD-059720,3,2,Wireless Mouse,peripherals,5,49.50,247.50,cancelled,2026-07-29T11:52:56+00:00
ORD-059721,8,1,Mechanical Keyboard 75%,peripherals,2,129.00,258.00,completed,2026-07-29T16:07:37+00:00
ORD-059722,5,8,Ergonomic Chair,furniture,4,612.75,2451.00,pending,2026-07-29T13:18:56+00:00
ORD-059723,8,2,Wireless Mouse,peripherals,1,49.50,49.50,cancelled,2026-07-29T09:47:06+00:00
ORD-059724,2,8,Ergonomic Chair,furniture,1,612.75,612.75,pending,2026-07-29T03:27:05+00:00
ORD-059725,1,7,Standing Desk 120cm,furniture,5,449.00,2245.00,pending,2026-07-29T05:49:19+00:00
ORD-059726,9,3,27in 1440p Monitor,displays,5,319.99,1599.95,completed,2026-07-29T04:58:50+00:00
ORD-059727,10,2,Wireless Mouse,peripherals,2,49.50,99.00,refunded,2026-07-29T17:56:23+00:00
ORD-059728,6,8,Ergonomic Chair,furniture,3,612.75,1838.25,pending,2026-07-29T12:20:11+00:00
ORD-059729,4,3,27in 1440p Monitor,displays,1,319.99,319.99,refunded,2026-07-29T07:39:31+00:00
ORD-059730,3,4,34in Ultrawide Monitor,displays,4,579.00,2316.00,refunded,2026-07-29T06:18:13+00:00
ORD-059731,6,7,Standing Desk 120cm,furniture,2,449.00,898.00,pending,2026-07-29T01:41:49+00:00
ORD-059732,2,10,Laptop Stand Aluminium,accessories,5,27.50,137.50,refunded,2026-07-29T11:01:13+00:00
ORD-059733,10,5,Over-ear Headphones,audio,2,199.95,399.90,pending,2026-07-29T18:24:37+00:00
ORD-059734,6,2,Wireless Mouse,peripherals,2,49.50,99.00,completed,2026-07-29T14:37:36+00:00
ORD-059735,8,4,34in Ultrawide Monitor,displays,2,579.00,1158.00,completed,2026-07-29T01:02:47+00:00
ORD-059736,2,2,Wireless Mouse,peripherals,5,49.50,247.50,refunded,2026-07-29T16:49:31+00:00
ORD-059737,7,2,Wireless Mouse,peripherals,4,49.50,198.00,pending,2026-07-29T10:53:20+00:00
ORD-059738,3,4,34in Ultrawide Monitor,displays,4,579.00,2316.00,refunded,2026-07-29T14:39:48+00:00
ORD-059739,8,8,Ergonomic Chair,furniture,4,612.75,2451.00,refunded,2026-07-29T12:09:38+00:00
ORD-059740,6,5,Over-ear Headphones,audio,3,199.95,599.85,completed,2026-07-29T04:04:28+00:00
ORD-059741,1,10,Laptop Stand Aluminium,accessories,4,27.50,110.00,completed,2026-07-29T01:59:21+00:00
ORD-059742,1,2,Wireless Mouse,peripherals,3,49.50,148.50,refunded,2026-07-29T11:08:42+00:00
ORD-059743,5,9,USB-C Hub 8-in-1,accessories,5,39.99,199.95,refunded,2026-07-29T10:08:00+00:00
ORD-059744,9,4,34in Ultrawide Monitor,displays,4,579.00,2316.00,cancelled,2026-07-29T03:04:41+00:00
ORD-059745,4,8,Ergonomic Chair,furniture,5,612.75,3063.75,cancelled,2026-07-29T03:07:34+00:00
ORD-059746,4,7,Standing Desk 120cm,furniture,1,449.00,449.00,completed,2026-07-29T21:07:19+00:00
ORD-059747,2,1,Mechanical Keyboard 75%,peripherals,3,129.00,387.00,cancelled,2026-07-29T14:35:25+00:00
ORD-059748,10,10,Laptop Stand Aluminium,accessories,3,27.50,82.50,cancelled,2026-07-29T08:41:43+00:00
ORD-059749,10,8,Ergonomic Chair,furniture,3,612.75,1838.25,refunded,2026-07-29T04:39:24+00:00
ORD-059750,3,4,34in Ultrawide Monitor,displays,4,579.00,2316.00,pending,2026-07-29T00:16:38+00:00
ORD-059751,5,1,Mechanical Keyboard 75%,peripherals,1,129.00,129.00,completed,2026-07-29T19:56:54+00:00
ORD-059752,10,7,Standing Desk 120cm,furniture,1,449.00,449.00,refunded,2026-07-29T07:02:53+00:00
ORD-059753,9,8,Ergonomic Chair,furniture,4,612.75,2451.00,cancelled,2026-07-29T10:03:39+00:00
ORD-059754,2,6,Desk Speakers Pair,audio,4,89.00,356.00,cancelled,2026-07-29T03:55:36+00:00
ORD-059755,6,6,Desk Speakers Pair,audio,2,89.00,178.00,completed,2026-07-29T00:02:30+00:00
ORD-059756,5,5,Over-ear Headphones,audio,5,199.95,999.75,cancelled,2026-07-29T04:46:36+00:00
ORD-059757,5,4,34in Ultrawide Monitor,displays,4,579.00,2316.00,cancelled,2026-07-29T10:37:17+00:00
ORD-059758,8,7,Standing Desk 120cm,furniture,3,449.00,1347.00,refunded,2026-07-29T00:23:48+00:00
ORD-059759,4,7,Standing Desk 120cm,furniture,3,449.00,1347.00,completed,2026-07-29T10:48:11+00:00
ORD-059760,10,7,Standing Desk 120cm,furniture,3,449.00,1347.00,pending,2026-07-29T17:58:13+00:00
ORD-059761,5,2,Wireless Mouse,peripherals,5,49.50,247.50,pending,2026-07-29T15:37:30+00:00
ORD-059762,7,10,Laptop Stand Aluminium,accessories,2,27.50,55.00,pending,2026-07-29T14:21:37+00:00
ORD-059763,7,8,Ergonomic Chair,furniture,1,612.75,612.75,completed,2026-07-29T20:14:47+00:00
ORD-059764,5,5,Over-ear Headphones,audio,5,199.95,999.75,pending,2026-07-29T09:01:55+00:00
ORD-059765,1,3,27in 1440p Monitor,displays,2,319.99,639.98,completed,2026-07-29T20:07:49+00:00
ORD-059766,3,5,Over-ear Headphones,audio,4,199.95,799.80,refunded,2026-07-29T21:01:19+00:00
ORD-059767,5,5,Over-ear Headphones,audio,2,199.95,399.90,cancelled,2026-07-29T14:49:53+00:00
ORD-059768,6,6,Desk Speakers Pair,audio,2,89.00,178.00,pending,2026-07-29T23:10:04+00:00
ORD-059769,8,5,Over-ear Headphones,audio,2,199.95,399.90,pending,2026-07-29T22:53:01+00:00
ORD-059770,8,9,USB-C Hub 8-in-1,accessories,1,39.99,39.99,cancelled,2026-07-29T07:43:58+00:00
ORD-059771,1,1,Mechanical Keyboard 75%,peripherals,4,129.00,516.00,cancelled,2026-07-29T22:03:08+00:00
ORD-059772,7,4,34in Ultrawide Monitor,displays,2,579.00,1158.00,pending,2026-07-29T17:41:06+00:00
ORD-059773,7,10,Laptop Stand Aluminium,accessories,5,27.50,137.50,cancelled,2026-07-29T16:30:56+00:00
ORD-059774,8,8,Ergonomic Chair,furniture,2,612.75,1225.50,completed,2026-07-29T15:22:17+00:00
ORD-059775,8,4,34in Ultrawide Monitor,displays,1,579.00,579.00,refunded,2026-07-29T16:04:11+00:00
ORD-059776,3,1,Mechanical Keyboard 75%,peripherals,2,129.00,258.00,pending,2026-07-29T22:19:56+00:00
ORD-059777,4,6,Desk Speakers Pair,audio,1,89.00,89.00,cancelled,2026-07-29T11:20:01+00:00
ORD-059778,3,2,Wireless Mouse,peripherals,5,49.50,247.50,cancelled,2026-07-29T13:12:04+00:00
ORD-059779,6,2,Wireless Mouse,peripherals,3,49.50,148.50,refunded,2026-07-29T22:15:59+00:00
ORD-059780,8,6,Desk Speakers Pair,audio,4,89.00,356.00,refunded,2026-07-29T23:11:36+00:00
ORD-059781,4,3,27in 1440p Monitor,displays,1,319.99,319.99,refunded,2026-07-29T13:52:08+00:00
ORD-059782,7,8,Ergonomic Chair,furniture,5,612.75,3063.75,completed,2026-07-29T16:00:59+00:00
ORD-059783,10,1,Mechanical Keyboard 75%,peripherals,5,129.00,645.00,completed,2026-07-29T22:09:15+00:00
ORD-059784,6,8,Ergonomic Chair,furniture,3,612.75,1838.25,pending,2026-07-29T12:06:51+00:00
ORD-059785,10,5,Over-ear Headphones,audio,4,199.95,799.80,cancelled,2026-07-29T04:52:33+00:00
ORD-059786,9,2,Wireless Mouse,peripherals,5,49.50,247.50,refunded,2026-07-29T18:53:11+00:00
ORD-059787,2,2,Wireless Mouse,peripherals,2,49.50,99.00,refunded,2026-07-29T21:47:23+00:00
ORD-059788,2,5,Over-ear Headphones,audio,2,199.95,399.90,cancelled,2026-07-29T11:50:15+00:00
ORD-059789,5,5,Over-ear Headphones,audio,4,199.95,799.80,refunded,2026-07-29T02:30:11+00:00
ORD-059790,4,6,Desk Speakers Pair,audio,4,89.00,356.00,refunded,2026-07-29T23:04:03+00:00
ORD-059791,6,7,Standing Desk 120cm,furniture,2,449.00,898.00,refunded,2026-07-29T11:13:59+00:00
ORD-059792,8,6,Desk Speakers Pair,audio,3,89.00,267.00,cancelled,2026-07-29T22:28:41+00:00
ORD-059793,2,8,Ergonomic Chair,furniture,1,612.75,612.75,cancelled,2026-07-29T20:38:07+00:00
ORD-059794,5,3,27in 1440p Monitor,displays,1,319.99,319.99,refunded,2026-07-29T01:33:34+00:00
ORD-059795,2,6,Desk Speakers Pair,audio,2,89.00,178.00,pending,2026-07-29T23:39:26+00:00
ORD-059796,7,6,Desk Speakers Pair,audio,1,89.00,89.00,completed,2026-07-29T15:38:39+00:00
ORD-059797,5,6,Desk Speakers Pair,audio,1,89.00,89.00,pending,2026-07-29T04:47:21+00:00
ORD-059798,10,4,34in Ultrawide Monitor,displays,3,579.00,1737.00,pending,2026-07-29T17:37:07+00:00
ORD-059799,6,1,Mechanical Keyboard 75%,peripherals,1,129.00,129.00,pending,2026-07-29T09:28:19+00:00
ORD-059800,8,10,Laptop Stand Aluminium,accessories,2,27.50,55.00,cancelled,2026-07-29T02:36:51+00:00
ORD-059801,9,2,Wireless Mouse,peripherals,2,49.50,99.00,cancelled,2026-07-29T21:55:07+00:00
ORD-059802,9,5,Over-ear Headphones,audio,1,199.95,199.95,cancelled,2026-07-29T20:01:06+00:00
ORD-059803,1,1,Mechanical Keyboard 75%,peripherals,4,129.00,516.00,completed,2026-07-29T06:32:45+00:00
ORD-059804,10,5,Over-ear Headphones,audio,4,199.95,799.80,completed,2026-07-29T09:09:06+00:00
ORD-059805,4,2,Wireless Mouse,peripherals,5,49.50,247.50,cancelled,2026-07-29T14:23:47+00:00
ORD-059806,6,4,34in Ultrawide Monitor,displays,4,579.00,2316.00,pending,2026-07-29T17:46:29+00:00
ORD-059807,4,4,34in Ultrawide Monitor,displays,5,579.00,2895.00,refunded,2026-07-29T04:45:09+00:00
ORD-059808,2,10,Laptop Stand Aluminium,accessories,2,27.50,55.00,refunded,2026-07-29T18:24:26+00:00
ORD-059809,4,6,Desk Speakers Pair,audio,5,89.00,445.00,refunded,2026-07-29T05:57:34+00:00
ORD-059810,4,1,Mechanical Keyboard 75%,peripherals,5,129.00,645.00,refunded,2026-07-29T16:38:07+00:00
ORD-059811,2,4,34in Ultrawide Monitor,displays,4,579.00,2316.00,completed,2026-07-29T17:12:58+00:00
ORD-059812,2,6,Desk Speakers Pair,audio,4,89.00,356.00,completed,2026-07-29T06:24:27+00:00
ORD-059813,7,2,Wireless Mouse,peripherals,1,49.50,49.50,cancelled,2026-07-29T18:39:55+00:00
ORD-059814,7,6,Desk Speakers Pair,audio,2,89.00,178.00,cancelled,2026-07-29T17:12:01+00:00
ORD-059815,9,6,Desk Speakers Pair,audio,4,89.00,356.00,pending,2026-07-29T14:36:17+00:00
ORD-059816,1,10,Laptop Stand Aluminium,accessories,1,27.50,27.50,refunded,2026-07-29T18:27:29+00:00
ORD-059817,3,10,Laptop Stand Aluminium,accessories,1,27.50,27.50,cancelled,2026-07-29T15:17:42+00:00
ORD-059818,3,6,Desk Speakers Pair,audio,2,89.00,178.00,pending,2026-07-29T13:13:55+00:00
ORD-059819,3,10,Laptop Stand Aluminium,accessories,3,27.50,82.50,completed,2026-07-29T09:30:14+00:00
ORD-059820,2,1,Mechanical Keyboard 75%,peripherals,5,129.00,645.00,completed,2026-07-29T21:34:16+00:00
ORD-059821,8,1,Mechanical Keyboard 75%,peripherals,2,129.00,258.00,completed,2026-07-29T14:38:28+00:00
ORD-059822,3,5,Over-ear Headphones,audio,1,199.95,199.95,completed,2026-07-29T09:03:29+00:00
ORD-059823,10,5,Over-ear Headphones,audio,1,199.95,199.95,pending,2026-07-29T04:12:09+00:00
ORD-059824,5,10,Laptop Stand Aluminium,accessories,2,27.50,55.00,refunded,2026-07-29T02:44:13+00:00
ORD-059825,4,1,Mechanical Keyboard 75%,peripherals,5,129.00,645.00,pending,2026-07-29T03:57:54+00:00
ORD-059826,2,1,Mechanical Keyboard 75%,peripherals,2,129.00,258.00,pending,2026-07-29T08:55:20+00:00
ORD-059827,3,7,Standing Desk 120cm,furniture,5,449.00,2245.00,cancelled,2026-07-29T19:14:55+00:00
ORD-059828,6,1,Mechanical Keyboard 75%,peripherals,2,129.00,258.00,refunded,2026-07-29T21:13:49+00:00
ORD-059829,6,3,27in 1440p Monitor,displays,1,319.99,319.99,refunded,2026-07-29T22:54:33+00:00
ORD-059830,5,3,27in 1440p Monitor,displays,5,319.99,1599.95,pending,2026-07-29T10:42:42+00:00
ORD-059831,9,4,34in Ultrawide Monitor,displays,4,579.00,2316.00,cancelled,2026-07-29T02:05:26+00:00
ORD-059832,5,2,Wireless Mouse,peripherals,5,49.50,247.50,completed,2026-07-29T14:29:11+00:00
ORD-059833,7,5,Over-ear Headphones,audio,3,199.95,599.85,completed,2026-07-29T19:57:35+00:00
ORD-059834,10,6,Desk Speakers Pair,audio,4,89.00,356.00,cancelled,2026-07-29T20:30:10+00:00
ORD-059835,7,10,Laptop Stand Aluminium,accessories,3,27.50,82.50,cancelled,2026-07-29T10:48:36+00:00
ORD-059836,7,4,34in Ultrawide Monitor,displays,2,579.00,1158.00,refunded,2026-07-29T23:14:26+00:00
ORD-059837,10,7,Standing Desk 120cm,furniture,3,449.00,1347.00,completed,2026-07-29T06:22:04+00:00
ORD-059838,10,10,Laptop Stand Aluminium,accessories,1,27.50,27.50,refunded,2026-07-29T20:39:19+00:00
ORD-059839,1,2,Wireless Mouse,peripherals,1,49.50,49.50,cancelled,2026-07-29T01:17:59+00:00
ORD-059840,7,10,Laptop Stand Aluminium,accessories,4,27.50,110.00,refunded,2026-07-29T06:02:20+00:00
ORD-059841,6,4,34in Ultrawide Monitor,displays,1,579.00,579.00,refunded,2026-07-29T11:23:19+00:00
ORD-059842,10,7,Standing Desk 120cm,furniture,1,449.00,449.00,refunded,2026-07-29T00:33:06+00:00
ORD-059843,6,4,34in Ultrawide Monitor,displays,4,579.00,2316.00,refunded,2026-07-29T02:17:52+00:00
ORD-059844,7,5,Over-ear Headphones,audio,5,199.95,999.75,pending,2026-07-29T03:34:18+00:00
ORD-059845,4,6,Desk Speakers Pair,audio,4,89.00,356.00,refunded,2026-07-29T06:19:00+00:00
ORD-059846,9,3,27in 1440p Monitor,displays,3,319.99,959.97,refunded,2026-07-29T16:15:02+00:00
ORD-059847,4,6,Desk Speakers Pair,audio,5,89.00,445.00,pending,2026-07-29T17:55:52+00:00
ORD-059848,3,10,Laptop Stand Aluminium,accessories,4,27.50,110.00,refunded,2026-07-29T21:55:42+00:00
ORD-059849,3,2,Wireless Mouse,peripherals,5,49.50,247.50,pending,2026-07-29T18:31:48+00:00
ORD-059850,2,3,27in 1440p Monitor,displays,4,319.99,1279.96,pending,2026-07-29T13:59:41+00:00
ORD-059851,4,6,Desk Speakers Pair,audio,4,89.00,356.00,cancelled,2026-07-29T23:20:54+00:00
ORD-059852,2,9,USB-C Hub 8-in-1,accessories,4,39.99,159.96,pending,2026-07-29T13:27:58+00:00
ORD-059853,8,2,Wireless Mouse,peripherals,3,49.50,148.50,refunded,2026-07-29T10:12:23+00:00
ORD-059854,2,6,Desk Speakers Pair,audio,1,89.00,89.00,completed,2026-07-29T22:30:43+00:00
ORD-059855,2,10,Laptop Stand Aluminium,accessories,1,27.50,27.50,completed,2026-07-29T12:39:28+00:00
ORD-059856,8,5,Over-ear Headphones,audio,1,199.95,199.95,pending,2026-07-29T07:29:26+00:00
ORD-059857,7,7,Standing Desk 120cm,furniture,4,449.00,1796.00,refunded,2026-07-29T10:36:24+00:00
ORD-059858,10,3,27in 1440p Monitor,displays,1,319.99,319.99,refunded,2026-07-29T06:31:17+00:00
ORD-059859,7,5,Over-ear Headphones,audio,4,199.95,799.80,cancelled,2026-07-29T16:11:57+00:00
ORD-059860,5,2,Wireless Mouse,peripherals,2,49.50,99.00,pending,2026-07-29T05:54:37+00:00
ORD-059861,3,6,Desk Speakers Pair,audio,1,89.00,89.00,completed,2026-07-29T12:49:29+00:00
ORD-059862,5,4,34in Ultrawide Monitor,displays,5,579.00,2895.00,refunded,2026-07-29T08:04:09+00:00
ORD-059863,3,3,27in 1440p Monitor,displays,4,319.99,1279.96,cancelled,2026-07-29T03:14:37+00:00
ORD-059864,10,7,Standing Desk 120cm,furniture,1,449.00,449.00,cancelled,2026-07-29T09:58:22+00:00
ORD-059865,10,4,34in Ultrawide Monitor,displays,4,579.00,2316.00,refunded,2026-07-29T23:42:22+00:00
ORD-059866,6,6,Desk Speakers Pair,audio,5,89.00,445.00,refunded,2026-07-29T22:02:49+00:00
ORD-059867,4,2,Wireless Mouse,peripherals,3,49.50,148.50,cancelled,2026-07-29T01:14:57+00:00
ORD-059868,8,10,Laptop Stand Aluminium,accessories,5,27.50,137.50,pending,2026-07-29T11:36:40+00:00
ORD-059869,2,2,Wireless Mouse,peripherals,5,49.50,247.50,pending,2026-07-29T13:40:04+00:00
ORD-059870,1,5,Over-ear Headphones,audio,4,199.95,799.80,refunded,2026-07-29T09:59:02+00:00
ORD-059871,1,1,Mechanical Keyboard 75%,peripherals,1,129.00,129.00,completed,2026-07-29T00:00:22+00:00
ORD-059872,4,1,Mechanical Keyboard 75%,peripherals,3,129.00,387.00,refunded,2026-07-29T21:04:57+00:00
ORD-059873,4,9,USB-C Hub 8-in-1,accessories,1,39.99,39.99,cancelled,2026-07-29T22:09:30+00:00
ORD-059874,4,6,Desk Speakers Pair,audio,4,89.00,356.00,pending,2026-07-29T05:39:33+00:00
ORD-059875,3,2,Wireless Mouse,peripherals,5,49.50,247.50,cancelled,2026-07-29T16:27:13+00:00
ORD-059876,1,5,Over-ear Headphones,audio,1,199.95,199.95,cancelled,2026-07-29T03:45:25+00:00
ORD-059877,8,5,Over-ear Headphones,audio,4,199.95,799.80,pending,2026-07-29T05:59:40+00:00
ORD-059878,10,6,Desk Speakers Pair,audio,4,89.00,356.00,pending,2026-07-29T19:08:15+00:00
ORD-059879,2,5,Over-ear Headphones,audio,4,199.95,799.80,cancelled,2026-07-29T09:31:34+00:00
ORD-059880,5,9,USB-C Hub 8-in-1,accessories,3,39.99,119.97,cancelled,2026-07-29T05:29:15+00:00
ORD-059881,10,7,Standing Desk 120cm,furniture,4,449.00,1796.00,completed,2026-07-29T02:46:12+00:00
ORD-059882,1,8,Ergonomic Chair,furniture,1,612.75,612.75,completed,2026-07-29T15:26:28+00:00
ORD-059883,1,2,Wireless Mouse,peripherals,4,49.50,198.00,pending,2026-07-29T16:10:16+00:00
ORD-059884,8,6,Desk Speakers Pair,audio,2,89.00,178.00,cancelled,2026-07-29T14:07:02+00:00
ORD-059885,3,8,Ergonomic Chair,furniture,4,612.75,2451.00,cancelled,2026-07-29T00:38:17+00:00
ORD-059886,9,3,27in 1440p Monitor,displays,2,319.99,639.98,completed,2026-07-29T02:26:21+00:00
ORD-059887,6,1,Mechanical Keyboard 75%,peripherals,4,129.00,516.00,cancelled,2026-07-29T01:31:43+00:00
ORD-059888,9,10,Laptop Stand Aluminium,accessories,2,27.50,55.00,cancelled,2026-07-29T12:51:57+00:00
ORD-059889,4,8,Ergonomic Chair,furniture,2,612.75,1225.50,refunded,2026-07-29T15:41:38+00:00
ORD-059890,7,10,Laptop Stand Aluminium,accessories,3,27.50,82.50,refunded,2026-07-29T14:16:13+00:00
ORD-059891,5,9,USB-C Hub 8-in-1,accessories,1,39.99,39.99,refunded,2026-07-29T02:29:46+00:00
ORD-059892,4,10,Laptop Stand Aluminium,accessories,3,27.50,82.50,pending,2026-07-29T19:48:42+00:00
ORD-059893,10,5,Over-ear Headphones,audio,3,199.95,599.85,pending,2026-07-29T23:01:31+00:00
ORD-059894,7,5,Over-ear Headphones,audio,2,199.95,399.90,cancelled,2026-07-29T19:19:21+00:00
ORD-059895,2,8,Ergonomic Chair,furniture,1,612.75,612.75,pending,2026-07-29T21:51:23+00:00
ORD-059896,10,5,Over-ear Headphones,audio,5,199.95,999.75,completed,2026-07-29T23:16:10+00:00
ORD-059897,4,3,27in 1440p Monitor,displays,3,319.99,959.97,completed,2026-07-29T06:17:14+00:00
ORD-059898,1,1,Mechanical Keyboard 75%,peripherals,4,129.00,516.00,refunded,2026-07-29T14:26:44+00:00
ORD-059899,1,4,34in Ultrawide Monitor,displays,3,579.00,1737.00,pending,2026-07-29T07:32:49+00:00
ORD-059900,1,5,Over-ear Headphones,audio,1,199.95,199.95,refunded,2026-07-29T16:45:29+00:00
ORD-059901,9,2,Wireless Mouse,peripherals,2,49.50,99.00,completed,2026-07-29T17:17:00+00:00
ORD-059902,9,6,Desk Speakers Pair,audio,4,89.00,356.00,cancelled,2026-07-29T06:58:19+00:00
ORD-059903,5,10,Laptop Stand Aluminium,accessories,4,27.50,110.00,cancelled,2026-07-29T13:44:03+00:00
ORD-059904,5,2,Wireless Mouse,peripherals,4,49.50,198.00,refunded,2026-07-29T09:10:16+00:00
ORD-059905,5,8,Ergonomic Chair,furniture,4,612.75,2451.00,completed,2026-07-29T00:38:35+00:00
ORD-059906,2,9,USB-C Hub 8-in-1,accessories,1,39.99,39.99,completed,2026-07-29T21:54:53+00:00
ORD-059907,8,1,Mechanical Keyboard 75%,peripherals,4,129.00,516.00,completed,2026-07-29T09:38:41+00:00
ORD-059908,4,10,Laptop Stand Aluminium,accessories,1,27.50,27.50,cancelled,2026-07-29T02:05:28+00:00
ORD-059909,7,2,Wireless Mouse,peripherals,4,49.50,198.00,pending,2026-07-29T16:09:37+00:00
ORD-059910,4,5,Over-ear Headphones,audio,4,199.95,799.80,cancelled,2026-07-29T01:46:53+00:00
ORD-059911,3,7,Standing Desk 120cm,furniture,2,449.00,898.00,cancelled,2026-07-29T06:41:33+00:00
ORD-059912,8,3,27in 1440p Monitor,displays,5,319.99,1599.95,cancelled,2026-07-29T07:45:53+00:00
ORD-059913,6,2,Wireless Mouse,peripherals,2,49.50,99.00,cancelled,2026-07-29T12:33:45+00:00
ORD-059914,5,3,27in 1440p Monitor,displays,2,319.99,639.98,refunded,2026-07-29T15:14:36+00:00
ORD-059915,5,7,Standing Desk 120cm,furniture,1,449.00,449.00,pending,2026-07-29T10:22:47+00:00
ORD-059916,10,5,Over-ear Headphones,audio,2,199.95,399.90,pending,2026-07-29T00:11:02+00:00
ORD-059917,5,7,Standing Desk 120cm,furniture,2,449.00,898.00,refunded,2026-07-29T20:26:04+00:00
ORD-059918,1,1,Mechanical Keyboard 75%,peripherals,5,129.00,645.00,cancelled,2026-07-29T12:00:12+00:00
ORD-059919,4,2,Wireless Mouse,peripherals,2,49.50,99.00,cancelled,2026-07-29T19:32:27+00:00
ORD-059920,3,6,Desk Speakers Pair,audio,2,89.00,178.00,pending,2026-07-29T14:33:24+00:00
ORD-059921,3,9,USB-C Hub 8-in-1,accessories,4,39.99,159.96,refunded,2026-07-29T04:00:04+00:00
ORD-059922,9,9,USB-C Hub 8-in-1,accessories,1,39.99,39.99,cancelled,2026-07-29T02:37:44+00:00
ORD-059923,7,3,27in 1440p Monitor,displays,3,319.99,959.97,cancelled,2026-07-29T16:41:29+00:00
ORD-059924,8,4,34in Ultrawide Monitor,displays,5,579.00,2895.00,completed,2026-07-29T06:12:00+00:00
ORD-059925,6,8,Ergonomic Chair,furniture,3,612.75,1838.25,cancelled,2026-07-29T04:40:05+00:00
ORD-059926,1,5,Over-ear Headphones,audio,2,199.95,399.90,refunded,2026-07-29T17:19:24+00:00
ORD-059927,8,2,Wireless Mouse,peripherals,3,49.50,148.50,cancelled,2026-07-29T07:16:49+00:00
ORD-059928,3,3,27in 1440p Monitor,displays,4,319.99,1279.96,pending,2026-07-29T05:45:10+00:00
ORD-059929,10,7,Standing Desk 120cm,furniture,3,449.00,1347.00,completed,2026-07-29T07:36:07+00:00
ORD-059930,6,5,Over-ear Headphones,audio,3,199.95,599.85,refunded,2026-07-29T05:33:19+00:00
ORD-059931,3,9,USB-C Hub 8-in-1,accessories,2,39.99,79.98,cancelled,2026-07-29T07:09:22+00:00
ORD-059932,6,2,Wireless Mouse,peripherals,4,49.50,198.00,cancelled,2026-07-29T11:28:41+00:00
ORD-059933,10,2,Wireless Mouse,peripherals,3,49.50,148.50,completed,2026-07-29T20:12:24+00:00
ORD-059934,7,10,Laptop Stand Aluminium,accessories,1,27.50,27.50,completed,2026-07-29T01:40:05+00:00
ORD-059935,3,6,Desk Speakers Pair,audio,2,89.00,178.00,completed,2026-07-29T00:50:37+00:00
ORD-059936,9,2,Wireless Mouse,peripherals,4,49.50,198.00,refunded,2026-07-29T23:12:13+00:00
ORD-059937,1,1,Mechanical Keyboard 75%,peripherals,3,129.00,387.00,pending,2026-07-29T07:47:28+00:00
ORD-059938,9,10,Laptop Stand Aluminium,accessories,5,27.50,137.50,completed,2026-07-29T16:57:08+00:00
ORD-059939,9,3,27in 1440p Monitor,displays,1,319.99,319.99,completed,2026-07-29T19:03:28+00:00
ORD-059940,9,10,Laptop Stand Aluminium,accessories,3,27.50,82.50,completed,2026-07-29T10:38:01+00:00
ORD-059941,7,3,27in 1440p Monitor,displays,4,319.99,1279.96,cancelled,2026-07-29T02:11:22+00:00
ORD-059942,1,3,27in 1440p Monitor,displays,3,319.99,959.97,pending,2026-07-29T01:38:21+00:00
ORD-059943,6,7,Standing Desk 120cm,furniture,2,449.00,898.00,cancelled,2026-07-29T12:43:33+00:00
ORD-059944,9,9,USB-C Hub 8-in-1,accessories,1,39.99,39.99,completed,2026-07-29T02:43:08+00:00
ORD-059945,9,4,34in Ultrawide Monitor,displays,1,579.00,579.00,pending,2026-07-29T19:37:29+00:00
ORD-059946,1,5,Over-ear Headphones,audio,5,199.95,999.75,refunded,2026-07-29T22:59:28+00:00
ORD-059947,6,1,Mechanical Keyboard 75%,peripherals,4,129.00,516.00,pending,2026-07-29T14:45:13+00:00
ORD-059948,5,2,Wireless Mouse,peripherals,1,49.50,49.50,completed,2026-07-29T01:45:46+00:00
ORD-059949,7,8,Ergonomic Chair,furniture,3,612.75,1838.25,cancelled,2026-07-29T03:27:11+00:00
ORD-059950,2,3,27in 1440p Monitor,displays,3,319.99,959.97,pending,2026-07-29T09:35:33+00:00
ORD-059951,8,2,Wireless Mouse,peripherals,4,49.50,198.00,pending,2026-07-29T03:12:10+00:00
ORD-059952,6,8,Ergonomic Chair,furniture,1,612.75,612.75,cancelled,2026-07-29T10:59:53+00:00
ORD-059953,3,10,Laptop Stand Aluminium,accessories,5,27.50,137.50,cancelled,2026-07-29T15:45:51+00:00
ORD-059954,3,7,Standing Desk 120cm,furniture,1,449.00,449.00,pending,2026-07-29T17:44:41+00:00
ORD-059955,9,8,Ergonomic Chair,furniture,1,612.75,612.75,cancelled,2026-07-29T01:32:54+00:00
ORD-059956,3,10,Laptop Stand Aluminium,accessories,5,27.50,137.50,cancelled,2026-07-29T11:52:34+00:00
ORD-059957,2,10,Laptop Stand Aluminium,accessories,3,27.50,82.50,cancelled,2026-07-29T04:26:23+00:00
ORD-059958,9,5,Over-ear Headphones,audio,2,199.95,399.90,completed,2026-07-29T23:46:54+00:00
ORD-059959,5,1,Mechanical Keyboard 75%,peripherals,3,129.00,387.00,refunded,2026-07-29T03:55:08+00:00
ORD-059960,3,10,Laptop Stand Aluminium,accessories,4,27.50,110.00,pending,2026-07-29T09:20:05+00:00
ORD-059961,7,8,Ergonomic Chair,furniture,1,612.75,612.75,cancelled,2026-07-29T20:54:14+00:00
ORD-059962,8,6,Desk Speakers Pair,audio,3,89.00,267.00,pending,2026-07-29T20:03:30+00:00
ORD-059963,5,10,Laptop Stand Aluminium,accessories,3,27.50,82.50,refunded,2026-07-29T03:31:45+00:00
ORD-059964,6,8,Ergonomic Chair,furniture,4,612.75,2451.00,cancelled,2026-07-29T21:43:59+00:00
ORD-059965,9,2,Wireless Mouse,peripherals,2,49.50,99.00,cancelled,2026-07-29T08:40:37+00:00
ORD-059966,7,4,34in Ultrawide Monitor,displays,4,579.00,2316.00,refunded,2026-07-29T03:41:21+00:00
ORD-059967,2,7,Standing Desk 120cm,furniture,3,449.00,1347.00,refunded,2026-07-29T06:55:06+00:00
ORD-059968,5,5,Over-ear Headphones,audio,1,199.95,199.95,refunded,2026-07-29T23:28:25+00:00
ORD-059969,10,3,27in 1440p Monitor,displays,5,319.99,1599.95,cancelled,2026-07-29T01:17:01+00:00
ORD-059970,3,3,27in 1440p Monitor,displays,5,319.99,1599.95,cancelled,2026-07-29T00:08:43+00:00
ORD-059971,6,10,Laptop Stand Aluminium,accessories,5,27.50,137.50,cancelled,2026-07-29T10:16:47+00:00
ORD-059972,5,6,Desk Speakers Pair,audio,2,89.00,178.00,refunded,2026-07-29T02:36:39+00:00
ORD-059973,10,9,USB-C Hub 8-in-1,accessories,2,39.99,79.98,refunded,2026-07-29T02:34:51+00:00
ORD-059974,6,9,USB-C Hub 8-in-1,accessories,2,39.99,79.98,refunded,2026-07-29T23:14:56+00:00
ORD-059975,10,8,Ergonomic Chair,furniture,2,612.75,1225.50,cancelled,2026-07-29T04:22:40+00:00
ORD-059976,8,4,34in Ultrawide Monitor,displays,1,579.00,579.00,cancelled,2026-07-29T19:02:34+00:00
ORD-059977,3,7,Standing Desk 120cm,furniture,2,449.00,898.00,cancelled,2026-07-29T12:48:05+00:00
ORD-059978,5,9,USB-C Hub 8-in-1,accessories,2,39.99,79.98,pending,2026-07-29T22:34:27+00:00
ORD-059979,2,2,Wireless Mouse,peripherals,4,49.50,198.00,completed,2026-07-29T12:51:53+00:00
ORD-059980,2,5,Over-ear Headphones,audio,2,199.95,399.90,pending,2026-07-29T04:57:35+00:00
ORD-059981,9,7,Standing Desk 120cm,furniture,3,449.00,1347.00,refunded,2026-07-29T09:04:02+00:00
ORD-059982,3,6,Desk Speakers Pair,audio,5,89.00,445.00,completed,2026-07-29T20:40:31+00:00
ORD-059983,9,6,Desk Speakers Pair,audio,5,89.00,445.00,cancelled,2026-07-29T13:35:57+00:00
ORD-059984,7,9,USB-C Hub 8-in-1,accessories,5,39.99,199.95,completed,2026-07-29T18:03:44+00:00
ORD-059985,1,5,Over-ear Headphones,audio,1,199.95,199.95,pending,2026-07-29T20:33:04+00:00
ORD-059986,8,5,Over-ear Headphones,audio,3,199.95,599.85,pending,2026-07-29T19:51:12+00:00
ORD-059987,5,4,34in Ultrawide Monitor,displays,4,579.00,2316.00,cancelled,2026-07-29T04:05:40+00:00
ORD-059988,4,8,Ergonomic Chair,furniture,1,612.75,612.75,completed,2026-07-29T10:46:17+00:00
ORD-059989,4,10,Laptop Stand Aluminium,accessories,2,27.50,55.00,completed,2026-07-29T15:47:09+00:00
ORD-059990,9,8,Ergonomic Chair,furniture,1,612.75,612.75,cancelled,2026-07-29T15:06:26+00:00
ORD-059991,7,7,Standing Desk 120cm,furniture,1,449.00,449.00,refunded,2026-07-29T23:37:00+00:00
ORD-059992,7,2,Wireless Mouse,peripherals,2,49.50,99.00,refunded,2026-07-29T04:28:39+00:00
ORD-059993,2,4,34in Ultrawide Monitor,displays,4,579.00,2316.00,cancelled,2026-07-29T01:02:26+00:00
ORD-059994,1,5,Over-ear Headphones,audio,5,199.95,999.75,pending,2026-07-29T15:33:42+00:00
ORD-059995,7,2,Wireless Mouse,peripherals,2,49.50,99.00,refunded,2026-07-29T11:44:53+00:00
ORD-059996,8,4,34in Ultrawide Monitor,displays,5,579.00,2895.00,completed,2026-07-29T21:51:30+00:00
ORD-059997,7,9,USB-C Hub 8-in-1,accessories,2,39.99,79.98,pending,2026-07-29T13:21:07+00:00
ORD-059998,5,8,Ergonomic Chair,furniture,3,612.75,1838.25,pending,2026-07-29T04:11:41+00:00
ORD-059999,1,5,Over-ear Headphones,audio,3,199.95,599.85,pending,2026-07-29T19:50:05+00:00
ORD-060000,3,2,Wireless Mouse,peripherals,5,49.50,247.50,pending,2026-07-29T13:38:06+00:00
ORD-060001,3,1,Mechanical Keyboard 75%,peripherals,1,129.00,129.00,pending,2026-07-29T03:59:16+00:00
ORD-060002,3,9,USB-C Hub 8-in-1,accessories,3,39.99,119.97,cancelled,2026-07-29T04:13:59+00:00
ORD-060003,5,7,Standing Desk 120cm,furniture,3,449.00,1347.00,refunded,2026-07-29T14:54:08+00:00
ORD-060004,10,7,Standing Desk 120cm,furniture,2,449.00,898.00,pending,2026-07-29T11:58:16+00:00
ORD-060005,5,1,Mechanical Keyboard 75%,peripherals,5,129.00,645.00,pending,2026-07-29T08:09:52+00:00
ORD-060006,5,9,USB-C Hub 8-in-1,accessories,4,39.99,159.96,pending,2026-07-29T14:12:47+00:00
ORD-060007,4,6,Desk Speakers Pair,audio,3,89.00,267.00,completed,2026-07-29T04:34:22+00:00
ORD-060008,9,9,USB-C Hub 8-in-1,accessories,5,39.99,199.95,pending,2026-07-29T02:34:19+00:00
ORD-060009,4,7,Standing Desk 120cm,furniture,3,449.00,1347.00,completed,2026-07-29T15:42:46+00:00
ORD-060010,2,6,Desk Speakers Pair,audio,3,89.00,267.00,pending,2026-07-29T07:45:39+00:00
ORD-060011,9,8,Ergonomic Chair,furniture,3,612.75,1838.25,refunded,2026-07-29T16:33:39+00:00
ORD-060012,10,8,Ergonomic Chair,furniture,1,612.75,612.75,completed,2026-07-29T14:47:46+00:00
ORD-060013,5,4,34in Ultrawide Monitor,displays,1,579.00,579.00,completed,2026-07-29T02:52:57+00:00
ORD-060014,2,1,Mechanical Keyboard 75%,peripherals,4,129.00,516.00,completed,2026-07-29T00:16:40+00:00
ORD-060015,4,8,Ergonomic Chair,furniture,5,612.75,3063.75,pending,2026-07-29T01:11:31+00:00
ORD-060016,7,5,Over-ear Headphones,audio,3,199.95,599.85,cancelled,2026-07-29T22:45:26+00:00
ORD-060017,6,1,Mechanical Keyboard 75%,peripherals,3,129.00,387.00,refunded,2026-07-29T07:46:09+00:00
ORD-060018,9,5,Over-ear Headphones,audio,5,199.95,999.75,pending,2026-07-29T05:45:16+00:00
ORD-060019,10,5,Over-ear Headphones,audio,4,199.95,799.80,refunded,2026-07-29T10:39:52+00:00
ORD-060020,4,3,27in 1440p Monitor,displays,2,319.99,639.98,pending,2026-07-29T23:41:39+00:00
ORD-060021,10,8,Ergonomic Chair,furniture,5,612.75,3063.75,refunded,2026-07-29T11:09:08+00:00
ORD-060022,5,10,Laptop Stand Aluminium,accessories,4,27.50,110.00,cancelled,2026-07-29T17:24:33+00:00
ORD-060023,5,9,USB-C Hub 8-in-1,accessories,4,39.99,159.96,cancelled,2026-07-29T05:06:30+00:00
ORD-060024,8,1,Mechanical Keyboard 75%,peripherals,1,129.00,129.00,pending,2026-07-29T23:05:34+00:00
ORD-060025,8,8,Ergonomic Chair,furniture,3,612.75,1838.25,pending,2026-07-29T21:52:11+00:00
ORD-060026,7,2,Wireless Mouse,peripherals,2,49.50,99.00,cancelled,2026-07-29T07:20:46+00:00
ORD-060027,3,7,Standing Desk 120cm,furniture,1,449.00,449.00,pending,2026-07-29T11:12:41+00:00
ORD-060028,6,2,Wireless Mouse,peripherals,5,49.50,247.50,cancelled,2026-07-29T11:33:59+00:00
ORD-060029,9,5,Over-ear Headphones,audio,5,199.95,999.75,refunded,2026-07-29T21:18:24+00:00
ORD-060030,8,9,USB-C Hub 8-in-1,accessories,4,39.99,159.96,cancelled,2026-07-29T00:59:17+00:00
ORD-060031,3,6,Desk Speakers Pair,audio,4,89.00,356.00,cancelled,2026-07-29T19:24:39+00:00
ORD-060032,8,9,USB-C Hub 8-in-1,accessories,2,39.99,79.98,pending,2026-07-29T17:21:17+00:00
ORD-060033,8,2,Wireless Mouse,peripherals,2,49.50,99.00,completed,2026-07-29T07:49:02+00:00
ORD-060034,7,8,Ergonomic Chair,furniture,1,612.75,612.75,completed,2026-07-29T10:46:47+00:00
ORD-060035,5,6,Desk Speakers Pair,audio,2,89.00,178.00,cancelled,2026-07-29T23:19:33+00:00
ORD-060036,1,7,Standing Desk 120cm,furniture,4,449.00,1796.00,pending,2026-07-29T13:43:04+00:00
ORD-060037,7,8,Ergonomic Chair,furniture,1,612.75,612.75,cancelled,2026-07-29T19:10:10+00:00
ORD-060038,1,2,Wireless Mouse,peripherals,4,49.50,198.00,completed,2026-07-29T12:24:44+00:00
ORD-060039,2,10,Laptop Stand Aluminium,accessories,2,27.50,55.00,cancelled,2026-07-29T14:22:09+00:00
ORD-060040,9,2,Wireless Mouse,peripherals,5,49.50,247.50,completed,2026-07-29T23:49:40+00:00
ORD-060041,8,8,Ergonomic Chair,furniture,5,612.75,3063.75,cancelled,2026-07-29T20:08:41+00:00
ORD-060042,9,1,Mechanical Keyboard 75%,peripherals,4,129.00,516.00,completed,2026-07-29T22:20:35+00:00
ORD-060043,2,9,USB-C Hub 8-in-1,accessories,4,39.99,159.96,cancelled,2026-07-29T08:28:26+00:00
ORD-060044,10,8,Ergonomic Chair,furniture,1,612.75,612.75,completed,2026-07-29T12:42:34+00:00
ORD-060045,9,1,Mechanical Keyboard 75%,peripherals,4,129.00,516.00,completed,2026-07-29T03:30:13+00:00
ORD-060046,10,9,USB-C Hub 8-in-1,accessories,2,39.99,79.98,pending,2026-07-29T11:05:40+00:00
ORD-060047,5,8,Ergonomic Chair,furniture,5,612.75,3063.75,cancelled,2026-07-29T07:34:07+00:00
ORD-060048,2,8,Ergonomic Chair,furniture,2,612.75,1225.50,completed,2026-07-29T20:07:22+00:00
ORD-060049,2,3,27in 1440p Monitor,displays,3,319.99,959.97,completed,2026-07-29T08:07:38+00:00
ORD-060050,5,9,USB-C Hub 8-in-1,accessories,4,39.99,159.96,completed,2026-07-29T18:36:19+00:00
ORD-060051,2,5,Over-ear Headphones,audio,3,199.95,599.85,refunded,2026-07-29T21:56:30+00:00
ORD-060052,2,4,34in Ultrawide Monitor,displays,3,579.00,1737.00,pending,2026-07-29T08:14:40+00:00
ORD-060053,1,6,Desk Speakers Pair,audio,5,89.00,445.00,cancelled,2026-07-29T00:34:02+00:00
ORD-060054,10,4,34in Ultrawide Monitor,displays,4,579.00,2316.00,completed,2026-07-29T20:10:08+00:00
ORD-060055,5,3,27in 1440p Monitor,displays,2,319.99,639.98,cancelled,2026-07-29T20:12:46+00:00
ORD-060056,3,6,Desk Speakers Pair,audio,5,89.00,445.00,completed,2026-07-29T11:42:18+00:00
ORD-060057,10,4,34in Ultrawide Monitor,displays,4,579.00,2316.00,pending,2026-07-29T01:32:11+00:00
ORD-060058,6,6,Desk Speakers Pair,audio,1,89.00,89.00,pending,2026-07-29T17:53:06+00:00
ORD-060059,2,7,Standing Desk 120cm,furniture,3,449.00,1347.00,refunded,2026-07-29T10:59:41+00:00
ORD-060060,7,9,USB-C Hub 8-in-1,accessories,4,39.99,159.96,refunded,2026-07-29T18:12:52+00:00
ORD-060061,7,7,Standing Desk 120cm,furniture,1,449.00,449.00,refunded,2026-07-29T06:20:50+00:00
ORD-060062,9,4,34in Ultrawide Monitor,displays,3,579.00,1737.00,pending,2026-07-29T05:07:55+00:00
ORD-060063,1,10,Laptop Stand Aluminium,accessories,5,27.50,137.50,pending,2026-07-29T09:27:01+00:00
ORD-060064,8,10,Laptop Stand Aluminium,accessories,3,27.50,82.50,completed,2026-07-29T11:45:55+00:00
ORD-060065,1,8,Ergonomic Chair,furniture,1,612.75,612.75,pending,2026-07-29T09:27:01+00:00
ORD-060066,9,9,USB-C Hub 8-in-1,accessories,4,39.99,159.96,refunded,2026-07-29T18:34:00+00:00
ORD-060067,10,4,34in Ultrawide Monitor,displays,4,579.00,2316.00,completed,2026-07-29T06:07:03+00:00
ORD-060068,3,3,27in 1440p Monitor,displays,3,319.99,959.97,cancelled,2026-07-29T09:26:25+00:00
ORD-060069,7,2,Wireless Mouse,peripherals,5,49.50,247.50,refunded,2026-07-29T16:59:55+00:00
ORD-060070,4,2,Wireless Mouse,peripherals,5,49.50,247.50,refunded,2026-07-29T11:04:54+00:00
ORD-060071,1,8,Ergonomic Chair,furniture,2,612.75,1225.50,pending,2026-07-29T09:20:58+00:00
ORD-060072,7,1,Mechanical Keyboard 75%,peripherals,3,129.00,387.00,cancelled,2026-07-29T01:32:29+00:00
ORD-060073,5,8,Ergonomic Chair,furniture,2,612.75,1225.50,completed,2026-07-29T18:19:08+00:00
ORD-060074,5,5,Over-ear Headphones,audio,1,199.95,199.95,refunded,2026-07-29T16:07:33+00:00
ORD-060075,8,5,Over-ear Headphones,audio,5,199.95,999.75,completed,2026-07-29T10:50:38+00:00
ORD-060076,4,8,Ergonomic Chair,furniture,5,612.75,3063.75,cancelled,2026-07-29T00:42:42+00:00
ORD-060077,1,4,34in Ultrawide Monitor,displays,2,579.00,1158.00,refunded,2026-07-29T07:44:14+00:00
ORD-060078,7,10,Laptop Stand Aluminium,accessories,3,27.50,82.50,cancelled,2026-07-29T20:22:46+00:00
ORD-060079,9,8,Ergonomic Chair,furniture,5,612.75,3063.75,pending,2026-07-29T17:10:47+00:00
ORD-060080,3,4,34in Ultrawide Monitor,displays,5,579.00,2895.00,refunded,2026-07-29T01:50:54+00:00
ORD-060081,4,1,Mechanical Keyboard 75%,peripherals,1,129.00,129.00,cancelled,2026-07-29T23:41:02+00:00
ORD-060082,10,2,Wireless Mouse,peripherals,2,49.50,99.00,refunded,2026-07-29T13:25:41+00:00
ORD-060083,1,3,27in 1440p Monitor,displays,1,319.99,319.99,pending,2026-07-29T09:46:16+00:00
ORD-060084,4,8,Ergonomic Chair,furniture,1,612.75,612.75,cancelled,2026-07-29T08:48:51+00:00
ORD-060085,1,1,Mechanical Keyboard 75%,peripherals,5,129.00,645.00,refunded,2026-07-29T17:19:34+00:00
ORD-060086,3,1,Mechanical Keyboard 75%,peripherals,2,129.00,258.00,completed,2026-07-29T20:23:35+00:00
ORD-060087,3,6,Desk Speakers Pair,audio,3,89.00,267.00,refunded,2026-07-29T04:13:56+00:00
ORD-060088,7,7,Standing Desk 120cm,furniture,3,449.00,1347.00,refunded,2026-07-29T17:40:16+00:00
ORD-060089,7,1,Mechanical Keyboard 75%,peripherals,4,129.00,516.00,pending,2026-07-29T06:26:56+00:00
ORD-060090,10,1,Mechanical Keyboard 75%,peripherals,4,129.00,516.00,pending,2026-07-29T01:55:51+00:00
ORD-060091,5,6,Desk Speakers Pair,audio,1,89.00,89.00,refunded,2026-07-29T06:37:09+00:00
ORD-060092,5,1,Mechanical Keyboard 75%,peripherals,1,129.00,129.00,refunded,2026-07-29T15:05:12+00:00
ORD-060093,6,4,34in Ultrawide Monitor,displays,2,579.00,1158.00,cancelled,2026-07-29T04:36:06+00:00
ORD-060094,8,3,27in 1440p Monitor,displays,2,319.99,639.98,pending,2026-07-29T08:05:18+00:00
ORD-060095,8,10,Laptop Stand Aluminium,accessories,1,27.50,27.50,cancelled,2026-07-29T09:31:39+00:00
ORD-060096,5,6,Desk Speakers Pair,audio,3,89.00,267.00,refunded,2026-07-29T00:00:06+00:00
ORD-060097,9,8,Ergonomic Chair,furniture,1,612.75,612.75,completed,2026-07-29T10:40:36+00:00
ORD-060098,7,1,Mechanical Keyboard 75%,peripherals,2,129.00,258.00,completed,2026-07-29T22:40:09+00:00
ORD-060099,2,4,34in Ultrawide Monitor,displays,4,579.00,2316.00,completed,2026-07-29T03:09:28+00:00
ORD-060100,7,10,Laptop Stand Aluminium,accessories,2,27.50,55.00,pending,2026-07-29T20:38:19+00:00
ORD-060101,3,4,34in Ultrawide Monitor,displays,4,579.00,2316.00,completed,2026-07-29T12:00:56+00:00
ORD-060102,4,1,Mechanical Keyboard 75%,peripherals,1,129.00,129.00,cancelled,2026-07-29T12:33:54+00:00
ORD-060103,3,2,Wireless Mouse,peripherals,5,49.50,247.50,pending,2026-07-29T17:18:09+00:00
ORD-060104,5,8,Ergonomic Chair,furniture,5,612.75,3063.75,cancelled,not-a-valid-date
ORD-060105,1,1,Mechanical Keyboard 75%,peripherals,3,129.00,387.00,cancelled,2026-07-29T13:57:51+00:00
ORD-060106,9,3,27in 1440p Monitor,displays,4,319.99,1279.96,refunded,2026-07-29T14:53:11+00:00
ORD-060107,2,3,27in 1440p Monitor,displays,3,319.99,959.97,completed,2026-07-29T03:57:48+00:00
ORD-060108,10,6,Desk Speakers Pair,audio,3,89.00,267.00,refunded,2026-07-29T05:30:53+00:00
ORD-060109,10,10,Laptop Stand Aluminium,accessories,2,27.50,55.00,pending,2026-07-29T06:42:48+00:00
ORD-060110,3,1,Mechanical Keyboard 75%,peripherals,3,129.00,387.00,pending,2026-07-29T06:01:49+00:00
ORD-060111,7,1,Mechanical Keyboard 75%,peripherals,4,129.00,516.00,refunded,2026-07-29T15:36:04+00:00
ORD-060112,3,1,Mechanical Keyboard 75%,peripherals,3,129.00,387.00,refunded,2026-07-29T02:54:49+00:00
ORD-060113,8,5,Over-ear Headphones,audio,2,199.95,399.90,refunded,2026-07-29T06:57:37+00:00
ORD-060114,5,3,27in 1440p Monitor,displays,4,319.99,1279.96,cancelled,2026-07-29T05:31:43+00:00
ORD-060115,9,9,USB-C Hub 8-in-1,accessories,4,39.99,159.96,completed,2026-07-29T01:43:06+00:00
ORD-060116,9,5,Over-ear Headphones,audio,5,199.95,999.75,completed,2026-07-29T13:45:17+00:00
ORD-060117,2,1,Mechanical Keyboard 75%,peripherals,3,129.00,387.00,refunded,2026-07-29T10:05:20+00:00
ORD-060118,5,4,34in Ultrawide Monitor,displays,4,579.00,2316.00,pending,2026-07-29T12:27:33+00:00
ORD-060119,2,9,USB-C Hub 8-in-1,accessories,1,39.99,39.99,completed,2026-07-29T07:02:14+00:00
ORD-060120,4,8,Ergonomic Chair,furniture,4,612.75,2451.00,refunded,2026-07-29T13:35:55+00:00
ORD-060121,8,6,Desk Speakers Pair,audio,3,89.00,267.00,refunded,2026-07-29T02:59:36+00:00
ORD-060122,8,7,Standing Desk 120cm,furniture,5,449.00,2245.00,refunded,2026-07-29T19:56:29+00:00
ORD-060123,5,4,34in Ultrawide Monitor,displays,5,579.00,2895.00,refunded,2026-07-29T07:47:24+00:00
ORD-060124,8,6,Desk Speakers Pair,audio,3,89.00,267.00,pending,2026-07-29T12:18:52+00:00
ORD-060125,4,9,USB-C Hub 8-in-1,accessories,3,39.99,119.97,completed,2026-07-29T21:55:53+00:00
ORD-060126,2,2,Wireless Mouse,peripherals,1,49.50,49.50,refunded,2026-07-29T00:00:47+00:00
ORD-060127,10,3,27in 1440p Monitor,displays,5,319.99,1599.95,completed,2026-07-29T22:58:45+00:00
ORD-060128,5,8,Ergonomic Chair,furniture,2,612.75,1225.50,pending,2026-07-29T11:49:02+00:00
ORD-060129,2,6,Desk Speakers Pair,audio,2,89.00,178.00,cancelled,2026-07-29T08:27:35+00:00
ORD-060130,10,1,Mechanical Keyboard 75%,peripherals,4,129.00,516.00,pending,2026-07-29T02:15:13+00:00
ORD-060131,8,4,34in Ultrawide Monitor,displays,3,579.00,1737.00,refunded,2026-07-29T00:15:33+00:00
ORD-060132,5,2,Wireless Mouse,peripherals,5,49.50,247.50,completed,2026-07-29T07:23:02+00:00
ORD-060133,3,2,Wireless Mouse,peripherals,1,49.50,49.50,cancelled,2026-07-29T06:23:51+00:00
ORD-060134,10,1,Mechanical Keyboard 75%,peripherals,2,129.00,258.00,cancelled,2026-07-29T12:54:14+00:00
ORD-060135,6,6,Desk Speakers Pair,audio,5,89.00,445.00,completed,2026-07-29T01:31:59+00:00
ORD-060136,10,5,Over-ear Headphones,audio,3,199.95,599.85,refunded,2026-07-29T16:27:20+00:00
ORD-060137,9,9,USB-C Hub 8-in-1,accessories,3,39.99,119.97,completed,2026-07-29T13:36:28+00:00
ORD-060138,3,9,USB-C Hub 8-in-1,accessories,5,39.99,199.95,pending,2026-07-29T12:26:01+00:00
ORD-060139,2,2,Wireless Mouse,peripherals,4,49.50,198.00,refunded,2026-07-29T02:31:55+00:00
ORD-060140,7,1,Mechanical Keyboard 75%,peripherals,4,129.00,516.00,pending,2026-07-29T18:37:12+00:00
ORD-060141,8,3,27in 1440p Monitor,displays,4,319.99,1279.96,pending,2026-07-29T00:42:35+00:00
ORD-060142,10,8,Ergonomic Chair,furniture,5,612.75,3063.75,completed,2026-07-29T09:41:40+00:00
ORD-060143,9,2,Wireless Mouse,peripherals,1,49.50,49.50,pending,2026-07-29T08:10:40+00:00
ORD-060144,4,7,Standing Desk 120cm,furniture,3,449.00,1347.00,pending,2026-07-29T17:12:40+00:00
ORD-060145,1,6,Desk Speakers Pair,audio,4,89.00,356.00,refunded,2026-07-29T02:42:55+00:00
ORD-060146,5,10,Laptop Stand Aluminium,accessories,5,27.50,137.50,pending,2026-07-29T16:02:53+00:00
ORD-060147,10,8,Ergonomic Chair,furniture,3,612.75,1838.25,completed,2026-07-29T07:21:53+00:00
ORD-060148,9,9,USB-C Hub 8-in-1,accessories,4,39.99,159.96,pending,2026-07-29T09:06:57+00:00
ORD-060149,10,9,USB-C Hub 8-in-1,accessories,3,39.99,119.97,completed,2026-07-29T22:46:14+00:00
ORD-060150,7,2,Wireless Mouse,peripherals,3,49.50,148.50,completed,2026-07-29T08:39:36+00:00
ORD-060151,3,3,27in 1440p Monitor,displays,2,319.99,639.98,cancelled,2026-07-29T19:54:32+00:00
ORD-060152,1,3,27in 1440p Monitor,displays,1,319.99,319.99,completed,2026-07-29T16:50:20+00:00
ORD-060153,7,6,Desk Speakers Pair,audio,3,89.00,267.00,completed,2026-07-29T19:27:33+00:00
ORD-060154,8,2,Wireless Mouse,peripherals,4,49.50,198.00,completed,2026-07-29T15:09:51+00:00
ORD-060155,9,5,Over-ear Headphones,audio,1,199.95,199.95,refunded,2026-07-29T23:13:43+00:00
ORD-060156,3,8,Ergonomic Chair,furniture,5,612.75,3063.75,completed,2026-07-29T22:57:44+00:00
ORD-060157,8,1,Mechanical Keyboard 75%,peripherals,1,129.00,129.00,refunded,2026-07-29T13:09:50+00:00
ORD-060158,10,3,27in 1440p Monitor,displays,4,319.99,1279.96,completed,2026-07-29T11:16:27+00:00
ORD-060159,3,7,Standing Desk 120cm,furniture,3,449.00,1347.00,pending,2026-07-29T18:28:47+00:00
ORD-060160,9,5,Over-ear Headphones,audio,1,199.95,199.95,cancelled,2026-07-29T18:45:40+00:00
ORD-060161,4,2,Wireless Mouse,peripherals,1,49.50,49.50,completed,2026-07-29T14:09:12+00:00
ORD-060162,5,1,Mechanical Keyboard 75%,peripherals,4,129.00,516.00,refunded,2026-07-29T08:54:10+00:00
ORD-060163,3,1,Mechanical Keyboard 75%,peripherals,1,129.00,129.00,pending,2026-07-29T16:24:26+00:00
ORD-060164,1,4,34in Ultrawide Monitor,displays,1,579.00,579.00,cancelled,2026-07-29T06:43:43+00:00
ORD-060165,2,5,Over-ear Headphones,audio,3,199.95,599.85,pending,2026-07-29T13:03:40+00:00
ORD-060166,9,1,Mechanical Keyboard 75%,peripherals,1,129.00,129.00,refunded,2026-07-29T23:51:34+00:00
ORD-060167,10,3,27in 1440p Monitor,displays,3,319.99,959.97,refunded,2026-07-29T20:48:58+00:00
ORD-060168,10,4,34in Ultrawide Monitor,displays,1,579.00,579.00,completed,2026-07-29T10:32:54+00:00
ORD-060169,3,3,27in 1440p Monitor,displays,2,319.99,639.98,pending,2026-07-29T20:03:00+00:00
ORD-060170,5,10,Laptop Stand Aluminium,accessories,5,27.50,137.50,cancelled,2026-07-29T18:19:47+00:00
ORD-060171,10,3,27in 1440p Monitor,displays,4,319.99,1279.96,completed,2026-07-29T14:14:36+00:00
ORD-060172,8,4,34in Ultrawide Monitor,displays,5,579.00,2895.00,completed,2026-07-29T04:18:56+00:00
ORD-060173,2,10,Laptop Stand Aluminium,accessories,4,27.50,110.00,refunded,2026-07-29T13:13:36+00:00
ORD-060174,1,9,USB-C Hub 8-in-1,accessories,2,39.99,79.98,pending,2026-07-29T01:32:17+00:00
ORD-060175,2,4,34in Ultrawide Monitor,displays,3,579.00,1737.00,completed,2026-07-29T02:07:45+00:00
ORD-060176,4,1,Mechanical Keyboard 75%,peripherals,2,129.00,258.00,cancelled,2026-07-29T19:58:03+00:00
ORD-060177,5,5,Over-ear Headphones,audio,4,199.95,799.80,cancelled,2026-07-29T12:50:39+00:00
ORD-060178,2,9,USB-C Hub 8-in-1,accessories,4,39.99,159.96,completed,2026-07-29T14:40:14+00:00
ORD-060179,8,8,Ergonomic Chair,furniture,5,612.75,3063.75,refunded,2026-07-29T09:23:04+00:00
ORD-060180,10,5,Over-ear Headphones,audio,2,199.95,399.90,refunded,2026-07-29T20:23:28+00:00
ORD-060181,2,3,27in 1440p Monitor,displays,4,319.99,1279.96,refunded,2026-07-29T00:55:08+00:00
ORD-060182,1,2,Wireless Mouse,peripherals,2,49.50,99.00,refunded,2026-07-29T06:13:47+00:00
ORD-060183,2,2,Wireless Mouse,peripherals,3,49.50,148.50,refunded,2026-07-29T02:29:22+00:00
ORD-060184,4,4,34in Ultrawide Monitor,displays,2,579.00,1158.00,completed,2026-07-29T15:02:44+00:00
ORD-060185,10,8,Ergonomic Chair,furniture,4,612.75,2451.00,cancelled,2026-07-29T08:48:37+00:00
ORD-060186,10,9,USB-C Hub 8-in-1,accessories,5,39.99,199.95,completed,2026-07-29T23:15:42+00:00
ORD-060187,3,7,Standing Desk 120cm,furniture,5,449.00,2245.00,refunded,2026-07-29T14:12:49+00:00
ORD-060188,1,3,27in 1440p Monitor,displays,1,319.99,319.99,cancelled,2026-07-29T22:21:03+00:00
ORD-060189,1,2,Wireless Mouse,peripherals,1,49.50,49.50,pending,2026-07-29T22:54:27+00:00
ORD-060190,10,3,27in 1440p Monitor,displays,1,319.99,319.99,cancelled,2026-07-29T05:28:32+00:00
ORD-060191,7,1,Mechanical Keyboard 75%,peripherals,4,129.00,516.00,refunded,2026-07-29T18:53:02+00:00
ORD-060192,2,9,USB-C Hub 8-in-1,accessories,4,39.99,159.96,cancelled,2026-07-29T03:38:12+00:00
ORD-060193,7,3,27in 1440p Monitor,displays,3,319.99,959.97,refunded,2026-07-29T23:10:48+00:00
ORD-060194,2,2,Wireless Mouse,peripherals,1,49.50,49.50,cancelled,2026-07-29T19:22:11+00:00
ORD-060195,4,5,Over-ear Headphones,audio,4,199.95,799.80,pending,2026-07-29T21:03:05+00:00
ORD-060196,3,2,Wireless Mouse,peripherals,4,49.50,198.00,refunded,2026-07-29T13:18:34+00:00
ORD-060197,5,1,Mechanical Keyboard 75%,peripherals,4,129.00,516.00,cancelled,2026-07-29T10:46:12+00:00
ORD-060198,9,5,Over-ear Headphones,audio,3,199.95,599.85,pending,2026-07-29T23:09:09+00:00
ORD-060199,6,4,34in Ultrawide Monitor,displays,4,579.00,2316.00,completed,2026-07-29T23:37:40+00:00
ORD-060200,8,2,Wireless Mouse,peripherals,5,49.50,247.50,pending,2026-07-29T00:13:36+00:00
ORD-060201,1,1,Mechanical Keyboard 75%,peripherals,1,129.00,129.00,pending,2026-07-29T18:19:58+00:00
ORD-060202,5,5,Over-ear Headphones,audio,1,199.95,199.95,refunded,2026-07-29T14:12:37+00:00
ORD-060203,10,4,34in Ultrawide Monitor,displays,4,579.00,2316.00,cancelled,2026-07-29T10:49:28+00:00
ORD-060204,4,1,Mechanical Keyboard 75%,peripherals,3,129.00,387.00,cancelled,2026-07-29T14:01:29+00:00
ORD-060205,2,8,Ergonomic Chair,furniture,5,612.75,3063.75,refunded,2026-07-29T15:16:40+00:00
ORD-060206,7,1,Mechanical Keyboard 75%,peripherals,3,129.00,387.00,refunded,2026-07-29T22:10:45+00:00
ORD-060207,7,7,Standing Desk 120cm,furniture,5,449.00,2245.00,cancelled,2026-07-29T07:22:27+00:00
ORD-060208,1,6,Desk Speakers Pair,audio,1,89.00,89.00,refunded,2026-07-29T05:06:30+00:00
ORD-060209,1,8,Ergonomic Chair,furniture,1,612.75,612.75,cancelled,2026-07-29T13:10:41+00:00
ORD-060210,2,2,Wireless Mouse,peripherals,1,49.50,49.50,cancelled,2026-07-29T04:13:21+00:00
ORD-060211,4,6,Desk Speakers Pair,audio,1,89.00,89.00,cancelled,2026-07-29T02:18:32+00:00
ORD-060212,10,4,34in Ultrawide Monitor,displays,1,579.00,579.00,refunded,2026-07-29T18:56:14+00:00
ORD-060213,7,1,Mechanical Keyboard 75%,peripherals,5,129.00,645.00,pending,2026-07-29T00:27:05+00:00
ORD-060214,7,6,Desk Speakers Pair,audio,4,89.00,356.00,refunded,2026-07-29T14:35:19+00:00
ORD-060215,1,10,Laptop Stand Aluminium,accessories,2,27.50,55.00,cancelled,2026-07-29T20:43:51+00:00
ORD-060216,8,5,Over-ear Headphones,audio,2,199.95,399.90,cancelled,2026-07-29T08:06:02+00:00
ORD-060217,3,6,Desk Speakers Pair,audio,5,89.00,445.00,refunded,2026-07-29T10:42:23+00:00
ORD-060218,1,9,USB-C Hub 8-in-1,accessories,3,39.99,119.97,pending,2026-07-29T19:26:19+00:00
ORD-060219,9,3,27in 1440p Monitor,displays,2,319.99,639.98,completed,2026-07-29T04:07:54+00:00
ORD-060220,9,5,Over-ear Headphones,audio,4,199.95,799.80,completed,2026-07-29T20:03:06+00:00
ORD-060221,5,5,Over-ear Headphones,audio,4,199.95,799.80,refunded,2026-07-29T08:57:50+00:00
ORD-060222,10,10,Laptop Stand Aluminium,accessories,3,27.50,82.50,pending,2026-07-29T18:21:38+00:00
ORD-060223,6,4,34in Ultrawide Monitor,displays,5,579.00,2895.00,refunded,2026-07-29T09:11:16+00:00
ORD-060224,1,6,Desk Speakers Pair,audio,1,89.00,89.00,refunded,2026-07-29T15:10:58+00:00
ORD-060225,5,7,Standing Desk 120cm,furniture,1,449.00,449.00,pending,2026-07-29T06:45:24+00:00
ORD-060226,1,1,Mechanical Keyboard 75%,peripherals,5,129.00,645.00,pending,2026-07-29T05:16:04+00:00
ORD-060227,7,9,USB-C Hub 8-in-1,accessories,2,39.99,79.98,refunded,2026-07-29T18:06:47+00:00
ORD-060228,10,9,USB-C Hub 8-in-1,accessories,5,39.99,199.95,refunded,2026-07-29T13:02:45+00:00
ORD-060229,8,2,Wireless Mouse,peripherals,1,49.50,49.50,pending,2026-07-29T06:03:12+00:00
ORD-060230,3,9,USB-C Hub 8-in-1,accessories,1,39.99,39.99,cancelled,2026-07-29T21:18:49+00:00
ORD-060231,3,10,Laptop Stand Aluminium,accessories,3,27.50,82.50,cancelled,2026-07-29T21:43:26+00:00
ORD-060232,9,1,Mechanical Keyboard 75%,peripherals,3,129.00,387.00,cancelled,2026-07-29T03:58:49+00:00
ORD-060233,5,5,Over-ear Headphones,audio,5,199.95,999.75,refunded,2026-07-29T17:55:57+00:00
ORD-060234,10,7,Standing Desk 120cm,furniture,2,449.00,898.00,refunded,2026-07-29T03:03:20+00:00
ORD-060235,4,1,Mechanical Keyboard 75%,peripherals,2,129.00,258.00,completed,2026-07-29T01:08:19+00:00
ORD-060236,3,2,Wireless Mouse,peripherals,3,49.50,148.50,completed,2026-07-29T11:53:39+00:00
ORD-060237,10,9,USB-C Hub 8-in-1,accessories,2,39.99,79.98,pending,2026-07-29T23:47:38+00:00
ORD-060238,7,4,34in Ultrawide Monitor,displays,4,579.00,2316.00,completed,2026-07-29T16:58:31+00:00
ORD-060239,6,2,Wireless Mouse,peripherals,3,49.50,148.50,refunded,2026-07-29T23:13:12+00:00
ORD-060240,3,9,USB-C Hub 8-in-1,accessories,4,39.99,159.96,pending,2026-07-29T05:38:11+00:00
ORD-060241,8,5,Over-ear Headphones,audio,3,199.95,599.85,cancelled,2026-07-29T04:45:49+00:00
ORD-060242,7,5,Over-ear Headphones,audio,2,199.95,399.90,completed,2026-07-29T19:12:36+00:00
ORD-060243,3,9,USB-C Hub 8-in-1,accessories,4,39.99,159.96,cancelled,2026-07-29T03:56:15+00:00
ORD-060244,2,4,34in Ultrawide Monitor,displays,5,579.00,2895.00,pending,2026-07-29T18:39:27+00:00
ORD-060245,10,6,Desk Speakers Pair,audio,1,89.00,89.00,completed,2026-07-29T01:43:06+00:00
ORD-060246,1,3,27in 1440p Monitor,displays,5,319.99,1599.95,pending,2026-07-29T12:20:41+00:00
ORD-060247,2,5,Over-ear Headphones,audio,2,199.95,399.90,completed,2026-07-29T07:37:50+00:00
ORD-060248,10,1,Mechanical Keyboard 75%,peripherals,4,129.00,516.00,completed,2026-07-29T16:30:25+00:00
ORD-060249,5,8,Ergonomic Chair,furniture,4,612.75,2451.00,refunded,2026-07-29T11:18:12+00:00
ORD-060250,3,3,27in 1440p Monitor,displays,3,319.99,959.97,pending,2026-07-29T16:21:56+00:00
ORD-060251,7,5,Over-ear Headphones,audio,3,199.95,599.85,completed,2026-07-29T12:26:24+00:00
ORD-060252,6,4,34in Ultrawide Monitor,displays,4,579.00,2316.00,pending,2026-07-29T03:23:15+00:00
ORD-060253,8,10,Laptop Stand Aluminium,accessories,1,27.50,27.50,completed,2026-07-29T21:58:30+00:00
ORD-060254,3,8,Ergonomic Chair,furniture,1,612.75,612.75,cancelled,2026-07-29T19:19:27+00:00
ORD-060255,2,3,27in 1440p Monitor,displays,4,319.99,1279.96,refunded,2026-07-29T22:29:20+00:00
ORD-060256,10,3,27in 1440p Monitor,displays,1,319.99,319.99,refunded,2026-07-29T21:01:44+00:00
ORD-060257,6,10,Laptop Stand Aluminium,accessories,4,27.50,110.00,refunded,2026-07-29T17:21:42+00:00
ORD-060258,1,2,Wireless Mouse,peripherals,2,49.50,99.00,refunded,2026-07-29T13:55:38+00:00
ORD-060259,10,1,Mechanical Keyboard 75%,peripherals,2,129.00,258.00,pending,2026-07-29T00:50:36+00:00
ORD-060260,1,9,USB-C Hub 8-in-1,accessories,5,39.99,199.95,cancelled,2026-07-29T07:10:18+00:00
ORD-060261,3,8,Ergonomic Chair,furniture,1,612.75,612.75,refunded,2026-07-29T14:22:50+00:00
ORD-060262,5,9,USB-C Hub 8-in-1,accessories,1,39.99,39.99,pending,2026-07-29T06:56:34+00:00
ORD-060263,2,9,USB-C Hub 8-in-1,accessories,4,39.99,159.96,pending,2026-07-29T13:56:19+00:00
ORD-060264,6,9,USB-C Hub 8-in-1,accessories,3,39.99,119.97,cancelled,2026-07-29T14:34:11+00:00
ORD-060265,3,7,Standing Desk 120cm,furniture,4,449.00,1796.00,completed,2026-07-29T21:38:02+00:00
ORD-060266,7,5,Over-ear Headphones,audio,3,199.95,599.85,pending,2026-07-29T23:02:49+00:00
ORD-060267,1,1,Mechanical Keyboard 75%,peripherals,2,129.00,258.00,refunded,2026-07-29T10:47:02+00:00
ORD-060268,4,7,Standing Desk 120cm,furniture,5,449.00,2245.00,pending,2026-07-29T12:19:01+00:00
ORD-060269,7,2,Wireless Mouse,peripherals,4,49.50,198.00,refunded,2026-07-29T09:26:35+00:00
ORD-060270,6,1,Mechanical Keyboard 75%,peripherals,3,129.00,387.00,refunded,2026-07-29T19:23:17+00:00
ORD-060271,1,2,Wireless Mouse,peripherals,2,49.50,99.00,cancelled,2026-07-29T11:33:45+00:00
ORD-060272,1,7,Standing Desk 120cm,furniture,3,449.00,1347.00,completed,2026-07-29T21:40:37+00:00
ORD-060273,8,9,USB-C Hub 8-in-1,accessories,1,39.99,39.99,pending,2026-07-29T12:15:04+00:00
ORD-060274,3,9,USB-C Hub 8-in-1,accessories,5,39.99,199.95,cancelled,2026-07-29T16:20:08+00:00
ORD-060275,2,10,Laptop Stand Aluminium,accessories,3,27.50,82.50,completed,2026-07-29T04:24:51+00:00
ORD-060276,10,9,USB-C Hub 8-in-1,accessories,4,39.99,159.96,pending,2026-07-29T10:59:58+00:00
ORD-060277,2,5,Over-ear Headphones,audio,5,199.95,999.75,pending,2026-07-29T13:40:41+00:00
ORD-060278,9,2,Wireless Mouse,peripherals,5,49.50,247.50,refunded,2026-07-29T00:14:56+00:00
ORD-060279,3,3,27in 1440p Monitor,displays,3,319.99,959.97,refunded,2026-07-29T22:31:49+00:00
ORD-060280,9,6,Desk Speakers Pair,audio,5,89.00,445.00,pending,2026-07-29T01:18:08+00:00
ORD-060281,7,7,Standing Desk 120cm,furniture,4,449.00,1796.00,completed,2026-07-29T09:38:13+00:00
ORD-060282,5,6,Desk Speakers Pair,audio,2,89.00,178.00,completed,2026-07-29T16:13:44+00:00
ORD-060283,9,7,Standing Desk 120cm,furniture,5,449.00,2245.00,pending,2026-07-29T06:33:23+00:00
ORD-060284,8,4,34in Ultrawide Monitor,displays,1,579.00,579.00,pending,2026-07-29T00:33:07+00:00
ORD-060285,5,10,Laptop Stand Aluminium,accessories,3,27.50,82.50,completed,2026-07-29T02:53:29+00:00
ORD-060286,6,4,34in Ultrawide Monitor,displays,3,579.00,1737.00,cancelled,2026-07-29T17:13:00+00:00
ORD-060287,9,7,Standing Desk 120cm,furniture,1,449.00,449.00,refunded,2026-07-29T05:52:42+00:00
ORD-060288,1,10,Laptop Stand Aluminium,accessories,4,27.50,110.00,pending,2026-07-29T06:34:33+00:00
ORD-060289,5,4,34in Ultrawide Monitor,displays,4,579.00,2316.00,completed,2026-07-29T02:45:30+00:00
ORD-060290,7,9,USB-C Hub 8-in-1,accessories,5,39.99,199.95,refunded,2026-07-29T19:12:07+00:00
ORD-060291,6,4,34in Ultrawide Monitor,displays,5,579.00,2895.00,refunded,2026-07-29T02:29:08+00:00
ORD-060292,10,7,Standing Desk 120cm,furniture,1,449.00,449.00,completed,2026-07-29T21:36:01+00:00
ORD-060293,6,5,Over-ear Headphones,audio,3,199.95,599.85,completed,2026-07-29T07:26:54+00:00
ORD-060294,4,3,27in 1440p Monitor,displays,4,319.99,1279.96,cancelled,2026-07-29T15:57:35+00:00
ORD-060295,7,5,Over-ear Headphones,audio,5,199.95,999.75,refunded,2026-07-29T15:09:11+00:00
ORD-060296,10,10,Laptop Stand Aluminium,accessories,3,27.50,82.50,pending,2026-07-29T01:58:44+00:00
ORD-060297,7,7,Standing Desk 120cm,furniture,3,449.00,1347.00,pending,2026-07-29T15:05:27+00:00
ORD-060298,4,7,Standing Desk 120cm,furniture,3,449.00,1347.00,refunded,2026-07-29T13:52:30+00:00
ORD-060299,6,1,Mechanical Keyboard 75%,peripherals,3,129.00,387.00,pending,2026-07-29T05:56:50+00:00
ORD-060300,4,10,Laptop Stand Aluminium,accessories,1,27.50,27.50,cancelled,2026-07-29T17:35:31+00:00
ORD-060301,7,10,Laptop Stand Aluminium,accessories,3,27.50,82.50,pending,2026-07-29T22:10:17+00:00
ORD-060302,3,7,Standing Desk 120cm,furniture,5,449.00,2245.00,refunded,2026-07-29T21:35:32+00:00
ORD-060303,10,2,Wireless Mouse,peripherals,1,49.50,49.50,refunded,2026-07-29T07:03:44+00:00
ORD-060304,2,7,Standing Desk 120cm,furniture,3,449.00,1347.00,completed,2026-07-29T06:07:26+00:00
ORD-060305,5,9,USB-C Hub 8-in-1,accessories,3,39.99,119.97,completed,2026-07-29T21:11:21+00:00
ORD-060306,3,4,34in Ultrawide Monitor,displays,1,579.00,579.00,refunded,2026-07-29T05:53:11+00:00
ORD-060307,8,7,Standing Desk 120cm,furniture,3,449.00,1347.00,cancelled,2026-07-29T16:18:40+00:00
ORD-060308,5,5,Over-ear Headphones,audio,3,199.95,599.85,refunded,2026-07-29T03:08:02+00:00
ORD-060309,1,9,USB-C Hub 8-in-1,accessories,5,39.99,199.95,pending,2026-07-29T16:10:27+00:00
ORD-060310,3,4,34in Ultrawide Monitor,displays,4,579.00,2316.00,completed,2026-07-29T12:52:11+00:00
ORD-060311,3,5,Over-ear Headphones,audio,3,199.95,599.85,completed,2026-07-29T23:32:37+00:00
ORD-060312,3,7,Standing Desk 120cm,furniture,3,449.00,1347.00,cancelled,2026-07-29T15:52:02+00:00
ORD-060313,4,5,Over-ear Headphones,audio,1,199.95,199.95,pending,2026-07-29T10:22:14+00:00
ORD-060314,4,1,Mechanical Keyboard 75%,peripherals,1,129.00,129.00,pending,2026-07-29T02:27:03+00:00
ORD-060315,8,1,Mechanical Keyboard 75%,peripherals,5,129.00,645.00,completed,2026-07-29T08:36:55+00:00
ORD-060316,10,6,Desk Speakers Pair,audio,3,89.00,267.00,refunded,2026-07-29T07:13:20+00:00
ORD-060317,1,8,Ergonomic Chair,furniture,4,612.75,2451.00,completed,2026-07-29T06:31:35+00:00
ORD-060318,10,4,34in Ultrawide Monitor,displays,1,579.00,579.00,completed,2026-07-29T03:13:53+00:00
ORD-060319,4,3,27in 1440p Monitor,displays,1,319.99,319.99,completed,2026-07-29T06:02:58+00:00
ORD-060320,9,8,Ergonomic Chair,furniture,3,612.75,1838.25,completed,2026-07-29T03:33:04+00:00
ORD-060321,2,2,Wireless Mouse,peripherals,3,49.50,148.50,completed,2026-07-29T16:48:55+00:00
ORD-060322,5,8,Ergonomic Chair,furniture,1,612.75,612.75,cancelled,2026-07-29T21:06:51+00:00
ORD-060323,6,9,USB-C Hub 8-in-1,accessories,5,39.99,199.95,cancelled,2026-07-29T08:47:06+00:00
ORD-060324,5,9,USB-C Hub 8-in-1,accessories,2,39.99,79.98,pending,2026-07-29T18:16:00+00:00
ORD-060325,9,8,Ergonomic Chair,furniture,2,612.75,1225.50,refunded,2026-07-29T17:05:39+00:00
ORD-060326,10,4,34in Ultrawide Monitor,displays,4,579.00,2316.00,completed,2026-07-29T09:19:37+00:00
ORD-060327,3,10,Laptop Stand Aluminium,accessories,1,27.50,27.50,cancelled,2026-07-29T09:30:23+00:00
ORD-060328,8,5,Over-ear Headphones,audio,4,199.95,799.80,refunded,2026-07-29T05:51:54+00:00
ORD-060329,1,5,Over-ear Headphones,audio,2,199.95,399.90,completed,2026-07-29T12:19:12+00:00
ORD-060330,1,5,Over-ear Headphones,audio,4,199.95,799.80,cancelled,2026-07-29T22:58:46+00:00
ORD-060331,5,9,USB-C Hub 8-in-1,accessories,3,39.99,119.97,completed,2026-07-29T23:52:11+00:00
ORD-060332,7,8,Ergonomic Chair,furniture,2,612.75,1225.50,completed,2026-07-29T00:59:02+00:00
ORD-060333,8,4,34in Ultrawide Monitor,displays,4,579.00,2316.00,completed,2026-07-29T22:19:34+00:00
ORD-060334,4,7,Standing Desk 120cm,furniture,4,449.00,1796.00,completed,2026-07-29T11:09:31+00:00
ORD-060335,9,3,27in 1440p Monitor,displays,4,319.99,1279.96,cancelled,2026-07-29T11:02:30+00:00
ORD-060336,5,8,Ergonomic Chair,furniture,3,612.75,1838.25,refunded,2026-07-29T00:29:00+00:00
ORD-060337,4,9,USB-C Hub 8-in-1,accessories,4,39.99,159.96,cancelled,2026-07-29T05:34:49+00:00
ORD-060338,2,6,Desk Speakers Pair,audio,1,89.00,89.00,refunded,2026-07-29T07:42:15+00:00
ORD-060339,6,5,Over-ear Headphones,audio,1,199.95,199.95,cancelled,2026-07-29T16:33:02+00:00
ORD-060340,3,7,Standing Desk 120cm,furniture,4,449.00,1796.00,refunded,2026-07-29T10:42:15+00:00
ORD-060341,4,10,Laptop Stand Aluminium,accessories,3,27.50,82.50,cancelled,2026-07-29T10:42:04+00:00
ORD-060342,1,8,Ergonomic Chair,furniture,1,612.75,612.75,refunded,2026-07-29T23:43:35+00:00
ORD-060343,1,1,Mechanical Keyboard 75%,peripherals,1,129.00,129.00,refunded,2026-07-29T14:57:11+00:00
ORD-060344,5,6,Desk Speakers Pair,audio,2,89.00,178.00,refunded,2026-07-29T12:05:09+00:00
ORD-060345,1,9,USB-C Hub 8-in-1,accessories,4,39.99,159.96,refunded,2026-07-29T14:03:47+00:00
ORD-060346,2,10,Laptop Stand Aluminium,accessories,2,27.50,55.00,refunded,2026-07-29T02:03:02+00:00
ORD-060347,6,10,Laptop Stand Aluminium,accessories,2,27.50,55.00,completed,2026-07-29T09:42:37+00:00
ORD-060348,1,5,Over-ear Headphones,audio,5,199.95,999.75,cancelled,2026-07-29T11:27:59+00:00
ORD-060349,10,7,Standing Desk 120cm,furniture,2,449.00,898.00,refunded,2026-07-29T23:42:08+00:00
ORD-060350,6,3,27in 1440p Monitor,displays,3,319.99,959.97,refunded,2026-07-29T13:37:49+00:00
ORD-060351,6,2,Wireless Mouse,peripherals,4,49.50,198.00,completed,2026-07-29T09:13:09+00:00
ORD-060352,1,2,Wireless Mouse,peripherals,1,49.50,49.50,pending,2026-07-29T23:18:10+00:00
ORD-060353,5,8,Ergonomic Chair,furniture,2,612.75,1225.50,completed,2026-07-29T11:54:09+00:00
ORD-060354,2,10,Laptop Stand Aluminium,accessories,2,27.50,55.00,cancelled,2026-07-29T22:14:35+00:00
ORD-060355,6,4,34in Ultrawide Monitor,displays,5,579.00,2895.00,cancelled,2026-07-29T06:43:59+00:00
ORD-060356,4,8,Ergonomic Chair,furniture,4,612.75,2451.00,completed,2026-07-29T15:27:04+00:00
ORD-060357,5,9,USB-C Hub 8-in-1,accessories,4,39.99,159.96,refunded,2026-07-29T01:54:03+00:00
ORD-060358,10,1,Mechanical Keyboard 75%,peripherals,1,129.00,129.00,pending,2026-07-29T05:49:54+00:00
ORD-060359,9,6,Desk Speakers Pair,audio,4,89.00,356.00,cancelled,2026-07-29T15:27:53+00:00
ORD-060360,6,5,Over-ear Headphones,audio,3,199.95,599.85,completed,2026-07-29T19:27:55+00:00
ORD-060361,1,3,27in 1440p Monitor,displays,5,319.99,1599.95,refunded,2026-07-29T04:21:35+00:00
ORD-060362,3,4,34in Ultrawide Monitor,displays,2,579.00,1158.00,refunded,2026-07-29T16:15:21+00:00
ORD-060363,9,4,34in Ultrawide Monitor,displays,5,579.00,2895.00,refunded,2026-07-29T17:58:46+00:00
ORD-060364,9,8,Ergonomic Chair,furniture,1,612.75,612.75,completed,2026-07-29T08:40:31+00:00
ORD-060365,10,2,Wireless Mouse,peripherals,4,49.50,198.00,completed,2026-07-29T11:45:19+00:00
ORD-060366,8,9,USB-C Hub 8-in-1,accessories,5,39.99,199.95,completed,2026-07-29T10:18:39+00:00
ORD-060367,1,4,34in Ultrawide Monitor,displays,4,579.00,2316.00,cancelled,2026-07-29T17:31:00+00:00
ORD-060368,2,7,Standing Desk 120cm,furniture,1,449.00,449.00,completed,2026-07-29T20:36:59+00:00
ORD-060369,6,10,Laptop Stand Aluminium,accessories,3,27.50,82.50,completed,2026-07-29T10:42:46+00:00
ORD-060370,10,7,Standing Desk 120cm,furniture,2,449.00,898.00,refunded,2026-07-29T10:50:41+00:00
ORD-060371,8,1,Mechanical Keyboard 75%,peripherals,2,129.00,258.00,cancelled,2026-07-29T07:29:14+00:00
ORD-060372,9,5,Over-ear Headphones,audio,5,199.95,999.75,completed,2026-07-29T04:12:19+00:00
ORD-060373,5,5,Over-ear Headphones,audio,5,199.95,999.75,cancelled,2026-07-29T13:41:34+00:00
ORD-060374,4,10,Laptop Stand Aluminium,accessories,5,27.50,137.50,refunded,2026-07-29T06:07:52+00:00
ORD-060375,4,3,27in 1440p Monitor,displays,2,319.99,639.98,completed,2026-07-29T17:42:10+00:00
ORD-060376,7,1,Mechanical Keyboard 75%,peripherals,2,129.00,258.00,refunded,2026-07-29T08:05:20+00:00
ORD-060377,2,3,27in 1440p Monitor,displays,4,319.99,1279.96,refunded,2026-07-29T23:15:09+00:00
ORD-060378,6,8,Ergonomic Chair,furniture,4,612.75,2451.00,refunded,2026-07-29T15:40:45+00:00
ORD-060379,5,3,27in 1440p Monitor,displays,3,319.99,959.97,cancelled,2026-07-29T20:23:18+00:00
ORD-060380,7,6,Desk Speakers Pair,audio,5,89.00,445.00,completed,2026-07-29T13:02:54+00:00
ORD-060381,4,7,Standing Desk 120cm,furniture,4,449.00,1796.00,cancelled,2026-07-29T20:13:45+00:00
ORD-060382,3,3,27in 1440p Monitor,displays,5,319.99,1599.95,pending,2026-07-29T23:25:34+00:00
ORD-060383,9,3,27in 1440p Monitor,displays,3,319.99,959.97,pending,2026-07-29T11:25:12+00:00
ORD-060384,8,10,Laptop Stand Aluminium,accessories,2,27.50,55.00,refunded,2026-07-29T15:53:02+00:00
ORD-060385,8,9,USB-C Hub 8-in-1,accessories,3,39.99,119.97,refunded,2026-07-29T14:52:51+00:00
ORD-060386,1,5,Over-ear Headphones,audio,2,199.95,399.90,cancelled,2026-07-29T06:11:47+00:00
ORD-060387,7,6,Desk Speakers Pair,audio,5,89.00,445.00,cancelled,2026-07-29T14:25:14+00:00
ORD-060388,10,10,Laptop Stand Aluminium,accessories,3,27.50,82.50,completed,2026-07-29T23:55:24+00:00
ORD-060389,7,10,Laptop Stand Aluminium,accessories,3,27.50,82.50,cancelled,2026-07-29T03:18:57+00:00
ORD-060390,8,10,Laptop Stand Aluminium,accessories,5,27.50,137.50,completed,2026-07-29T16:16:55+00:00
ORD-060391,10,1,Mechanical Keyboard 75%,peripherals,5,129.00,645.00,refunded,2026-07-29T18:12:51+00:00
ORD-060392,8,6,Desk Speakers Pair,audio,1,89.00,89.00,completed,2026-07-29T14:33:18+00:00
ORD-060393,2,6,Desk Speakers Pair,audio,1,89.00,89.00,refunded,2026-07-29T17:44:56+00:00
ORD-060394,8,2,Wireless Mouse,peripherals,4,49.50,198.00,refunded,2026-07-29T20:46:11+00:00
ORD-060395,8,7,Standing Desk 120cm,furniture,5,449.00,2245.00,pending,2026-07-29T18:21:50+00:00
ORD-060396,7,8,Ergonomic Chair,furniture,4,612.75,2451.00,completed,2026-07-29T09:15:01+00:00
ORD-060397,4,1,Mechanical Keyboard 75%,peripherals,5,129.00,645.00,refunded,2026-07-29T03:25:01+00:00
ORD-060398,3,8,Ergonomic Chair,furniture,1,612.75,612.75,refunded,2026-07-29T10:11:20+00:00
ORD-060399,6,6,Desk Speakers Pair,audio,5,89.00,445.00,cancelled,2026-07-29T07:34:42+00:00
ORD-060400,4,7,Standing Desk 120cm,furniture,1,449.00,449.00,pending,2026-07-29T05:59:42+00:00
ORD-060401,8,5,Over-ear Headphones,audio,2,199.95,399.90,cancelled,2026-07-29T09:42:24+00:00
ORD-060402,3,8,Ergonomic Chair,furniture,4,612.75,2451.00,pending,2026-07-29T04:45:24+00:00
ORD-060403,6,1,Mechanical Keyboard 75%,peripherals,2,129.00,258.00,completed,2026-07-29T03:52:11+00:00
ORD-060404,6,3,27in 1440p Monitor,displays,4,319.99,1279.96,pending,2026-07-29T10:06:53+00:00
ORD-060405,6,5,Over-ear Headphones,audio,3,199.95,599.85,refunded,2026-07-29T09:14:22+00:00
ORD-060406,9,6,Desk Speakers Pair,audio,1,89.00,89.00,pending,2026-07-29T23:41:48+00:00
ORD-060407,7,5,Over-ear Headphones,audio,2,199.95,399.90,completed,2026-07-29T02:00:03+00:00
ORD-060408,9,7,Standing Desk 120cm,furniture,4,449.00,1796.00,completed,2026-07-29T20:34:37+00:00
ORD-060409,2,3,27in 1440p Monitor,displays,4,319.99,1279.96,pending,2026-07-29T11:30:25+00:00
ORD-060410,8,6,Desk Speakers Pair,audio,2,89.00,178.00,completed,2026-07-29T11:46:28+00:00
ORD-060411,6,2,Wireless Mouse,peripherals,3,49.50,148.50,refunded,2026-07-29T19:45:50+00:00
ORD-060412,2,5,Over-ear Headphones,audio,5,199.95,999.75,cancelled,2026-07-29T20:12:02+00:00
ORD-060413,2,8,Ergonomic Chair,furniture,3,612.75,1838.25,completed,2026-07-29T21:38:43+00:00
ORD-060414,8,9,USB-C Hub 8-in-1,accessories,4,39.99,159.96,cancelled,2026-07-29T03:26:28+00:00
ORD-060415,7,1,Mechanical Keyboard 75%,peripherals,5,129.00,645.00,cancelled,2026-07-29T23:14:29+00:00
ORD-060416,8,3,27in 1440p Monitor,displays,1,319.99,319.99,cancelled,2026-07-29T00:36:38+00:00
ORD-060417,1,7,Standing Desk 120cm,furniture,2,449.00,898.00,refunded,2026-07-29T03:43:12+00:00
ORD-060418,2,9,USB-C Hub 8-in-1,accessories,3,39.99,119.97,completed,2026-07-29T18:19:43+00:00
ORD-060419,5,9,USB-C Hub 8-in-1,accessories,2,39.99,79.98,cancelled,2026-07-29T08:38:07+00:00
ORD-060420,9,1,Mechanical Keyboard 75%,peripherals,4,129.00,516.00,pending,2026-07-29T21:08:02+00:00
ORD-060421,6,9,USB-C Hub 8-in-1,accessories,4,39.99,159.96,pending,2026-07-29T01:56:39+00:00
ORD-060422,6,6,Desk Speakers Pair,audio,5,89.00,445.00,pending,2026-07-29T23:34:00+00:00
ORD-060423,6,2,Wireless Mouse,peripherals,5,49.50,247.50,pending,2026-07-29T03:24:45+00:00
ORD-060424,2,6,Desk Speakers Pair,audio,5,89.00,445.00,cancelled,2026-07-29T02:53:31+00:00
ORD-060425,6,9,USB-C Hub 8-in-1,accessories,1,39.99,39.99,refunded,2026-07-29T04:46:43+00:00
ORD-060426,8,4,34in Ultrawide Monitor,displays,3,579.00,1737.00,cancelled,2026-07-29T21:33:42+00:00
ORD-060427,1,10,Laptop Stand Aluminium,accessories,4,27.50,110.00,refunded,2026-07-29T01:29:31+00:00
ORD-060428,9,2,Wireless Mouse,peripherals,5,49.50,247.50,pending,2026-07-29T06:46:46+00:00
ORD-060429,4,6,Desk Speakers Pair,audio,2,89.00,178.00,cancelled,2026-07-29T13:24:57+00:00
ORD-060430,9,5,Over-ear Headphones,audio,5,199.95,999.75,refunded,2026-07-29T04:42:37+00:00
ORD-060431,7,2,Wireless Mouse,peripherals,3,49.50,148.50,pending,2026-07-29T20:04:01+00:00
ORD-060432,7,8,Ergonomic Chair,furniture,3,612.75,1838.25,pending,2026-07-29T03:18:30+00:00
ORD-060433,2,4,34in Ultrawide Monitor,displays,4,579.00,2316.00,cancelled,2026-07-29T02:27:52+00:00
ORD-060434,10,8,Ergonomic Chair,furniture,1,612.75,612.75,refunded,2026-07-29T13:55:30+00:00
ORD-060435,6,3,27in 1440p Monitor,displays,1,319.99,319.99,completed,2026-07-29T16:59:19+00:00
ORD-060436,7,3,27in 1440p Monitor,displays,4,319.99,1279.96,pending,2026-07-29T17:49:17+00:00
ORD-060437,3,3,27in 1440p Monitor,displays,3,319.99,959.97,cancelled,2026-07-29T20:41:32+00:00
ORD-060438,9,9,USB-C Hub 8-in-1,accessories,2,39.99,79.98,pending,2026-07-29T13:06:35+00:00
ORD-060439,3,8,Ergonomic Chair,furniture,5,612.75,3063.75,refunded,2026-07-29T06:21:35+00:00
ORD-060440,3,5,Over-ear Headphones,audio,2,199.95,399.90,refunded,2026-07-29T18:24:27+00:00
ORD-060441,6,6,Desk Speakers Pair,audio,5,89.00,445.00,completed,2026-07-29T05:15:09+00:00
ORD-060442,5,2,Wireless Mouse,peripherals,4,49.50,198.00,cancelled,2026-07-29T19:07:33+00:00
ORD-060443,7,8,Ergonomic Chair,furniture,1,612.75,612.75,pending,2026-07-29T08:20:11+00:00
ORD-060444,10,9,USB-C Hub 8-in-1,accessories,3,39.99,119.97,completed,2026-07-29T12:41:07+00:00
ORD-060445,1,7,Standing Desk 120cm,furniture,5,449.00,2245.00,completed,2026-07-29T10:21:25+00:00
ORD-060446,9,1,Mechanical Keyboard 75%,peripherals,1,129.00,129.00,completed,2026-07-29T09:35:07+00:00
ORD-060447,9,3,27in 1440p Monitor,displays,3,319.99,959.97,pending,2026-07-29T07:05:55+00:00
ORD-060448,3,1,Mechanical Keyboard 75%,peripherals,3,129.00,387.00,cancelled,2026-07-29T08:25:02+00:00
