order_id,customer_id,product_id,product_name,category,quantity,unit_price,amount,status,order_date
ORD-041504,2,6,Desk Speakers Pair,audio,3,89.00,267.00,cancelled,2026-07-21T21:49:19+00:00
ORD-041505,9,9,USB-C Hub 8-in-1,accessories,2,39.99,79.98,cancelled,2026-07-21T09:15:34+00:00
ORD-041506,2,3,27in 1440p Monitor,displays,5,319.99,1599.95,completed,2026-07-21T00:32:15+00:00
ORD-041507,1,6,Desk Speakers Pair,audio,5,89.00,445.00,cancelled,2026-07-21T11:20:47+00:00
ORD-041508,2,1,Mechanical Keyboard 75%,peripherals,3,129.00,387.00,refunded,2026-07-21T05:19:54+00:00
ORD-041509,2,2,Wireless Mouse,peripherals,1,49.50,49.50,refunded,2026-07-21T18:34:42+00:00
ORD-041510,9,3,27in 1440p Monitor,displays,1,319.99,319.99,refunded,2026-07-21T11:41:10+00:00
ORD-041511,5,5,Over-ear Headphones,audio,4,199.95,799.80,pending,2026-07-21T04:53:52+00:00
ORD-041512,10,2,Wireless Mouse,peripherals,1,49.50,49.50,completed,2026-07-21T14:28:47+00:00
ORD-041513,5,9,USB-C Hub 8-in-1,accessories,4,39.99,159.96,refunded,2026-07-21T01:35:01+00:00
ORD-041514,6,4,34in Ultrawide Monitor,displays,1,579.00,579.00,cancelled,2026-07-21T13:29:17+00:00
ORD-041515,7,8,Ergonomic Chair,furniture,3,612.75,1838.25,cancelled,2026-07-21T17:27:15+00:00
ORD-041516,4,1,Mechanical Keyboard 75%,peripherals,3,129.00,387.00,cancelled,2026-07-21T04:27:19+00:00
ORD-041517,4,10,Laptop Stand Aluminium,accessories,2,27.50,55.00,cancelled,2026-07-21T14:29:18+00:00
ORD-041518,1,5,Over-ear Headphones,audio,3,199.95,599.85,pending,2026-07-21T23:52:49+00:00
ORD-041519,1,4,34in Ultrawide Monitor,displays,1,579.00,579.00,refunded,2026-07-21T15:22:32+00:00
ORD-041520,5,8,Ergonomic Chair,furniture,3,612.75,1838.25,cancelled,2026-07-21T07:56:20+00:00
ORD-041521,7,7,Standing Desk 120cm,furniture,1,449.00,449.00,pending,2026-07-21T08:58:14+00:00
ORD-041522,5,10,Laptop Stand Aluminium,accessories,2,27.50,55.00,cancelled,2026-07-21T08:13:19+00:00
ORD-041523,4,8,Ergonomic Chair,furniture,1,612.75,612.75,refunded,2026-07-21T04:56:51+00:00
ORD-041524,1,1,Mechanical Keyboard 75%,peripherals,2,129.00,258.00,pending,2026-07-21T19:28:33+00:00
ORD-041525,10,1,Mechanical Keyboard 75%,peripherals,3,129.00,387.00,refunded,2026-07-21T10:36:30+00:00
ORD-041526,5,5,Over-ear Headphones,audio,1,199.95,199.95,completed,2026-07-21T12:38:57+00:00
ORD-041527,6,1,Mechanical Keyboard 75%,peripherals,1,129.00,129.00,pending,2026-07-21T21:44:14+00:00
ORD-041528,10,10,Laptop Stand Aluminium,accessories,2,27.50,55.00,cancelled,2026-07-21T10:52:36+00:00
ORD-041529,8,7,Standing Desk 120cm,furniture,3,449.00,1347.00,refunded,2026-07-21T02:44:55+00:00
ORD-041530,8,10,Laptop Stand Aluminium,accessories,1,27.50,27.50,completed,2026-07-21T00:18:54+00:00
ORD-041531,4,6,Desk Speakers Pair,audio,2,89.00,178.00,cancelled,2026-07-21T13:38:10+00:00
ORD-041532,2,10,Laptop Stand Aluminium,accessories,4,27.50,110.00,pending,2026-07-21T18:18:06+00:00
ORD-041533,8,7,Standing Desk 120cm,furniture,4,449.00,1796.00,refunded,2026-07-21T15:02:52+00:00
ORD-041534,9,7,Standing Desk 120cm,furniture,3,449.00,1347.00,refunded,2026-07-21T11:11:33+00:00
ORD-041535,9,3,27in 1440p Monitor,displays,5,319.99,1599.95,completed,2026-07-21T19:53:27+00:00
ORD-041536,9,8,Ergonomic Chair,furniture,5,612.75,3063.75,cancelled,2026-07-21T12:36:48+00:00
ORD-041537,8,3,27in 1440p Monitor,displays,2,319.99,639.98,cancelled,2026-07-21T23:21:11+00:00
ORD-041538,4,3,27in 1440p Monitor,displays,2,319.99,639.98,cancelled,2026-07-21T08:49:17+00:00
ORD-041539,1,5,Over-ear Headphones,audio,3,199.95,599.85,pending,2026-07-21T08:00:04+00:00
ORD-041540,7,8,Ergonomic Chair,furniture,3,612.75,1838.25,cancelled,2026-07-21T20:55:19+00:00
ORD-041541,1,5,Over-ear Headphones,audio,1,199.95,199.95,pending,2026-07-21T12:15:04+00:00
ORD-041542,3,7,Standing Desk 120cm,furniture,4,449.00,1796.00,refunded,2026-07-21T14:00:24+00:00
ORD-041543,2,4,34in Ultrawide Monitor,displays,2,579.00,1158.00,pending,2026-07-21T04:04:54+00:00
ORD-041544,9,5,Over-ear Headphones,audio,5,199.95,999.75,refunded,2026-07-21T02:25:48+00:00
ORD-041545,9,4,34in Ultrawide Monitor,displays,4,579.00,2316.00,cancelled,2026-07-21T08:22:01+00:00
ORD-041546,4,5,Over-ear Headphones,audio,5,199.95,999.75,cancelled,2026-07-21T04:42:03+00:00
ORD-041547,4,3,27in 1440p Monitor,displays,4,319.99,1279.96,cancelled,2026-07-21T03:18:41+00:00
ORD-041548,10,6,Desk Speakers Pair,audio,2,89.00,178.00,pending,2026-07-21T21:45:02+00:00
ORD-041549,3,3,27in 1440p Monitor,displays,4,319.99,1279.96,refunded,2026-07-21T20:48:21+00:00
ORD-041550,3,5,Over-ear Headphones,audio,2,199.95,399.90,refunded,2026-07-21T12:07:40+00:00
ORD-041551,1,4,34in Ultrawide Monitor,displays,1,579.00,579.00,refunded,2026-07-21T07:00:43+00:00
ORD-041552,1,7,Standing Desk 120cm,furniture,5,449.00,2245.00,completed,2026-07-21T13:28:29+00:00
ORD-041553,5,7,Standing Desk 120cm,furniture,4,449.00,1796.00,refunded,2026-07-21T10:04:33+00:00
ORD-041554,7,8,Ergonomic Chair,furniture,4,612.75,2451.00,cancelled,2026-07-21T00:01:22+00:00
ORD-041555,7,8,Ergonomic Chair,furniture,5,612.75,3063.75,completed,2026-07-21T04:27:52+00:00
ORD-041556,5,10,Laptop Stand Aluminium,accessories,3,27.50,82.50,completed,2026-07-21T15:55:41+00:00
ORD-041557,2,5,Over-ear Headphones,audio,3,199.95,599.85,refunded,2026-07-21T01:19:32+00:00
ORD-041558,2,1,Mechanical Keyboard 75%,peripherals,5,129.00,645.00,pending,2026-07-21T19:58:06+00:00
ORD-041559,10,9,USB-C Hub 8-in-1,accessories,4,39.99,159.96,refunded,2026-07-21T05:32:46+00:00
ORD-041560,8,5,Over-ear Headphones,audio,5,199.95,999.75,completed,2026-07-21T18:46:17+00:00
ORD-041561,4,5,Over-ear Headphones,audio,1,199.95,199.95,pending,2026-07-21T07:09:36+00:00
ORD-041562,7,9,USB-C Hub 8-in-1,accessories,5,39.99,199.95,completed,2026-07-21T17:00:58+00:00
ORD-041563,3,3,27in 1440p Monitor,displays,5,319.99,1599.95,pending,2026-07-21T21:59:31+00:00
ORD-041564,8,4,34in Ultrawide Monitor,displays,5,579.00,2895.00,pending,2026-07-21T23:08:12+00:00
ORD-041565,4,5,Over-ear Headphones,audio,2,199.95,399.90,pending,2026-07-21T11:01:11+00:00
ORD-041566,3,6,Desk Speakers Pair,audio,1,89.00,89.00,pending,2026-07-21T06:40:14+00:00
ORD-041567,10,10,Laptop Stand Aluminium,accessories,5,27.50,137.50,cancelled,2026-07-21T04:53:43+00:00
ORD-041568,8,9,USB-C Hub 8-in-1,accessories,1,39.99,39.99,cancelled,2026-07-21T03:59:34+00:00
ORD-041569,1,7,Standing Desk 120cm,furniture,3,449.00,1347.00,pending,2026-07-21T00:10:32+00:00
ORD-041570,10,10,Laptop Stand Aluminium,accessories,2,27.50,55.00,completed,2026-07-21T04:12:25+00:00
ORD-041571,1,3,27in 1440p Monitor,displays,5,319.99,1599.95,completed,2026-07-21T02:20:31+00:00
ORD-041572,6,7,Standing Desk 120cm,furniture,3,449.00,1347.00,completed,2026-07-21T19:02:23+00:00
ORD-041573,5,6,Desk Speakers Pair,audio,2,89.00,178.00,refunded,2026-07-21T23:55:22+00:00
ORD-041574,6,2,Wireless Mouse,peripherals,4,49.50,198.00,completed,2026-07-21T03:52:54+00:00
ORD-041575,10,6,Desk Speakers Pair,audio,4,89.00,356.00,cancelled,2026-07-21T00:10:49+00:00
ORD-041576,6,2,Wireless Mouse,peripherals,1,49.50,49.50,cancelled,2026-07-21T20:29:49+00:00
ORD-041577,9,3,27in 1440p Monitor,displays,3,319.99,959.97,completed,2026-07-21T04:47:34+00:00
ORD-041578,2,2,Wireless Mouse,peripherals,2,49.50,99.00,pending,2026-07-21T20:08:27+00:00
ORD-041579,7,2,Wireless Mouse,peripherals,5,49.50,247.50,refunded,2026-07-21T09:18:09+00:00
ORD-041580,1,6,Desk Speakers Pair,audio,2,89.00,178.00,cancelled,2026-07-21T20:57:37+00:00
ORD-041581,4,6,Desk Speakers Pair,audio,4,89.00,356.00,pending,2026-07-21T08:44:59+00:00
ORD-041582,2,9,USB-C Hub 8-in-1,accessories,2,39.99,79.98,cancelled,2026-07-21T02:20:12+00:00
ORD-041583,9,9,USB-C Hub 8-in-1,accessories,3,39.99,119.97,refunded,2026-07-21T02:00:02+00:00
ORD-041584,5,10,Laptop Stand Aluminium,accessories,4,27.50,110.00,pending,2026-07-21T03:47:02+00:00
ORD-041585,6,8,Ergonomic Chair,furniture,5,612.75,3063.75,refunded,2026-07-21T11:59:14+00:00
ORD-041586,5,2,Wireless Mouse,peripherals,1,49.50,49.50,pending,2026-07-21T03:48:37+00:00
ORD-041587,9,1,Mechanical Keyboard 75%,peripherals,5,129.00,645.00,refunded,2026-07-21T07:42:51+00:00
ORD-041588,8,8,Ergonomic Chair,furniture,1,612.75,612.75,refunded,2026-07-21T10:45:53+00:00
ORD-041589,10,1,Mechanical Keyboard 75%,peripherals,1,129.00,129.00,refunded,2026-07-21T17:16:31+00:00
ORD-041590,10,3,27in 1440p Monitor,displays,4,319.99,1279.96,cancelled,2026-07-21T08:41:41+00:00
ORD-041591,10,1,Mechanical Keyboard 75%,peripherals,4,129.00,516.00,cancelled,2026-07-21T08:13:03+00:00
ORD-041592,6,4,34in Ultrawide Monitor,displays,5,579.00,2895.00,completed,2026-07-21T05:18:15+00:00
ORD-041593,1,3,27in 1440p Monitor,displays,3,319.99,959.97,cancelled,2026-07-21T16:55:08+00:00
ORD-041594,5,8,Ergonomic Chair,furniture,2,612.75,1225.50,pending,2026-07-21T04:17:04+00:00
ORD-041595,8,9,USB-C Hub 8-in-1,accessories,2,39.99,79.98,cancelled,2026-07-21T14:39:58+00:00
ORD-041596,3,2,Wireless Mouse,peripherals,1,49.50,49.50,refunded,2026-07-21T20:34:01+00:00
ORD-041597,9,3,27in 1440p Monitor,displays,2,319.99,639.98,pending,2026-07-21T19:27:23+00:00
ORD-041598,3,6,Desk Speakers Pair,audio,4,89.00,356.00,refunded,2026-07-21T08:12:58+00:00
ORD-041599,5,5,Over-ear Headphones,audio,3,199.95,599.85,cancelled,2026-07-21T18:12:19+00:00
ORD-041600,7,3,27in 1440p Monitor,displays,2,319.99,639.98,pending,2026-07-21T02:27:29+00:00
ORD-041601,9,2,Wireless Mouse,peripherals,5,49.50,247.50,pending,2026-07-21T21:03:23+00:00
ORD-041602,6,1,Mechanical Keyboard 75%,peripherals,3,129.00,387.00,refunded,2026-07-21T01:30:35+00:00
ORD-041603,1,3,27in 1440p Monitor,displays,4,319.99,1279.96,pending,2026-07-21T12:03:59+00:00
ORD-041604,1,2,Wireless Mouse,peripherals,1,49.50,49.50,cancelled,2026-07-21T23:03:20+00:00
ORD-041605,6,5,Over-ear Headphones,audio,5,199.95,999.75,refunded,2026-07-21T06:15:43+00:00
ORD-041606,7,8,Ergonomic Chair,furniture,4,612.75,2451.00,completed,2026-07-21T09:32:10+00:00
ORD-041607,8,6,Desk Speakers Pair,audio,3,89.00,267.00,cancelled,2026-07-21T16:50:06+00:00
ORD-041608,6,5,Over-ear Headphones,audio,3,199.95,599.85,completed,2026-07-21T21:28:09+00:00
ORD-041609,7,6,Desk Speakers Pair,audio,1,89.00,89.00,refunded,2026-07-21T04:31:26+00:00
ORD-041610,2,10,Laptop Stand Aluminium,accessories,5,27.50,137.50,cancelled,2026-07-21T20:13:42+00:00
ORD-041611,8,5,Over-ear Headphones,audio,3,199.95,599.85,refunded,2026-07-21T07:33:00+00:00
ORD-041612,1,1,Mechanical Keyboard 75%,peripherals,3,129.00,387.00,refunded,2026-07-21T02:11:23+00:00
ORD-041613,2,8,Ergonomic Chair,furniture,1,612.75,612.75,completed,2026-07-21T15:19:44+00:00
ORD-041614,7,3,27in 1440p Monitor,displays,5,319.99,1599.95,refunded,2026-07-21T10:17:15+00:00
ORD-041615,10,9,USB-C Hub 8-in-1,accessories,5,39.99,199.95,cancelled,2026-07-21T12:41:56+00:00
ORD-041616,4,9,USB-C Hub 8-in-1,accessories,1,39.99,39.99,refunded,2026-07-21T20:49:49+00:00
ORD-041617,8,10,Laptop Stand Aluminium,accessories,1,27.50,27.50,completed,2026-07-21T02:53:46+00:00
ORD-041618,6,6,Desk Speakers Pair,audio,5,89.00,445.00,completed,2026-07-21T09:55:16+00:00
ORD-041619,8,2,Wireless Mouse,peripherals,4,49.50,198.00,pending,2026-07-21T07:55:50+00:00
ORD-041620,7,7,Standing Desk 120cm,furniture,4,449.00,1796.00,completed,2026-07-21T03:37:23+00:00
ORD-041621,1,5,Over-ear Headphones,audio,1,199.95,199.95,completed,2026-07-21T00:06:44+00:00
ORD-041622,10,2,Wireless Mouse,peripherals,1,49.50,49.50,refunded,2026-07-21T05:21:52+00:00
ORD-041623,10,6,Desk Speakers Pair,audio,4,89.00,356.00,completed,2026-07-21T11:31:05+00:00
ORD-041624,3,4,34in Ultrawide Monitor,displays,5,579.00,2895.00,cancelled,2026-07-21T22:05:13+00:00
ORD-041625,10,5,Over-ear Headphones,audio,2,199.95,399.90,completed,2026-07-21T00:57:49+00:00
ORD-041626,6,3,27in 1440p Monitor,displays,2,319.99,639.98,completed,2026-07-21T09:27:30+00:00
ORD-041627,3,4,34in Ultrawide Monitor,displays,2,579.00,1158.00,completed,2026-07-21T21:18:43+00:00
ORD-041628,2,7,Standing Desk 120cm,furniture,4,449.00,1796.00,pending,2026-07-21T02:08:20+00:00
ORD-041629,3,1,Mechanical Keyboard 75%,peripherals,2,129.00,258.00,cancelled,2026-07-21T01:04:23+00:00
ORD-041630,3,10,Laptop Stand Aluminium,accessories,3,27.50,82.50,completed,2026-07-21T08:13:42+00:00
ORD-041631,5,8,Ergonomic Chair,furniture,5,612.75,3063.75,cancelled,2026-07-21T01:38:02+00:00
ORD-041632,9,6,Desk Speakers Pair,audio,2,89.00,178.00,refunded,2026-07-21T12:33:56+00:00
ORD-041633,7,3,27in 1440p Monitor,displays,4,319.99,1279.96,refunded,2026-07-21T07:50:30+00:00
ORD-041634,2,7,Standing Desk 120cm,furniture,5,449.00,2245.00,completed,2026-07-21T11:39:41+00:00
ORD-041635,9,3,27in 1440p Monitor,displays,1,319.99,319.99,completed,2026-07-21T11:50:44+00:00
ORD-041636,4,10,Laptop Stand Aluminium,accessories,1,27.50,27.50,refunded,2026-07-21T03:55:46+00:00
ORD-041637,8,10,Laptop Stand Aluminium,accessories,1,27.50,27.50,refunded,2026-07-21T10:56:55+00:00
ORD-041638,4,5,Over-ear Headphones,audio,4,199.95,799.80,refunded,2026-07-21T21:04:04+00:00
ORD-041639,3,2,Wireless Mouse,peripherals,2,49.50,99.00,completed,2026-07-21T16:34:08+00:00
ORD-041640,10,4,34in Ultrawide Monitor,displays,2,579.00,1158.00,refunded,2026-07-21T04:57:44+00:00
ORD-041641,4,3,27in 1440p Monitor,displays,1,319.99,319.99,completed,2026-07-21T21:37:24+00:00
ORD-041642,2,8,Ergonomic Chair,furniture,3,612.75,1838.25,refunded,2026-07-21T11:19:56+00:00
ORD-041643,5,9,USB-C Hub 8-in-1,accessories,4,39.99,159.96,pending,2026-07-21T13:10:53+00:00
ORD-041644,1,8,Ergonomic Chair,furniture,3,612.75,1838.25,refunded,2026-07-21T09:24:23+00:00
ORD-041645,9,5,Over-ear Headphones,audio,3,199.95,599.85,pending,2026-07-21T23:20:12+00:00
ORD-041646,6,7,Standing Desk 120cm,furniture,3,449.00,1347.00,pending,2026-07-21T20:25:52+00:00
ORD-041647,7,5,Over-ear Headphones,audio,1,199.95,199.95,cancelled,2026-07-21T11:23:25+00:00
ORD-041648,4,1,Mechanical Keyboard 75%,peripherals,1,129.00,129.00,refunded,2026-07-21T09:47:58+00:00
ORD-041649,2,2,Wireless Mouse,peripherals,1,49.50,49.50,refunded,2026-07-21T08:29:17+00:00
ORD-041650,9,9,USB-C Hub 8-in-1,accessories,5,39.99,199.95,cancelled,2026-07-21T12:56:36+00:00
ORD-041651,7,1,Mechanical Keyboard 75%,peripherals,3,129.00,387.00,completed,2026-07-21T15:37:41+00:00
ORD-041652,10,4,34in Ultrawide Monitor,displays,1,579.00,579.00,completed,2026-07-21T21:39:03+00:00
ORD-041653,7,2,Wireless Mouse,peripherals,3,49.50,148.50,completed,2026-07-21T00:24:14+00:00
ORD-041654,8,9,USB-C Hub 8-in-1,accessories,2,39.99,79.98,pending,2026-07-21T14:25:36+00:00
ORD-041655,6,9,USB-C Hub 8-in-1,accessories,4,39.99,159.96,cancelled,2026-07-21T09:20:08+00:00
ORD-041656,4,8,Ergonomic Chair,furniture,1,612.75,612.75,cancelled,2026-07-21T21:26:58+00:00
ORD-041657,3,5,Over-ear Headphones,audio,1,199.95,199.95,completed,2026-07-21T22:13:52+00:00
ORD-041658,3,8,Ergonomic Chair,furniture,5,612.75,3063.75,refunded,2026-07-21T20:23:05+00:00
ORD-041659,10,6,Desk Speakers Pair,audio,3,89.00,267.00,refunded,2026-07-21T07:45:37+00:00
ORD-041660,8,10,Laptop Stand Aluminium,accessories,1,27.50,27.50,cancelled,2026-07-21T19:08:20+00:00
ORD-041661,3,10,Laptop Stand Aluminium,accessories,2,27.50,55.00,pending,2026-07-21T10:00:57+00:00
ORD-041662,3,9,USB-C Hub 8-in-1,accessories,5,39.99,199.95,refunded,2026-07-21T17:47:57+00:00
ORD-041663,9,10,Laptop Stand Aluminium,accessories,1,27.50,27.50,completed,2026-07-21T20:30:48+00:00
ORD-041664,7,1,Mechanical Keyboard 75%,peripherals,3,129.00,387.00,cancelled,2026-07-21T22:23:44+00:00
ORD-041665,3,7,Standing Desk 120cm,furniture,5,449.00,2245.00,refunded,2026-07-21T20:25:02+00:00
ORD-041666,2,5,Over-ear Headphones,audio,1,199.95,199.95,refunded,2026-07-21T08:49:09+00:00
ORD-041667,3,4,34in Ultrawide Monitor,displays,5,579.00,2895.00,completed,2026-07-21T18:23:23+00:00
ORD-041668,1,3,27in 1440p Monitor,displays,1,319.99,319.99,refunded,2026-07-21T00:10:23+00:00
ORD-041669,7,1,Mechanical Keyboard 75%,peripherals,2,129.00,258.00,cancelled,2026-07-21T15:23:18+00:00
ORD-041670,10,8,Ergonomic Chair,furniture,4,612.75,2451.00,pending,2026-07-21T15:58:56+00:00
ORD-041671,9,7,Standing Desk 120cm,furniture,5,449.00,2245.00,pending,2026-07-21T10:52:36+00:00
ORD-041672,10,7,Standing Desk 120cm,furniture,2,449.00,898.00,cancelled,2026-07-21T12:41:27+00:00
ORD-041673,7,3,27in 1440p Monitor,displays,4,319.99,1279.96,pending,2026-07-21T20:13:56+00:00
ORD-041674,7,6,Desk Speakers Pair,audio,1,89.00,89.00,cancelled,2026-07-21T23:22:58+00:00
ORD-041675,2,9,USB-C Hub 8-in-1,accessories,2,39.99,79.98,pending,2026-07-21T23:40:56+00:00
ORD-041676,8,5,Over-ear Headphones,audio,3,199.95,599.85,cancelled,2026-07-21T19:43:06+00:00
ORD-041677,9,1,Mechanical Keyboard 75%,peripherals,1,129.00,129.00,pending,2026-07-21T23:07:40+00:00
ORD-041678,8,8,Ergonomic Chair,furniture,3,612.75,1838.25,completed,2026-07-21T20:33:59+00:00
ORD-041679,9,8,Ergonomic Chair,furniture,5,612.75,3063.75,pending,2026-07-21T22:44:17+00:00
ORD-041680,9,5,Over-ear Headphones,audio,1,199.95,199.95,completed,2026-07-21T12:51:16+00:00
ORD-041681,4,9,USB-C Hub 8-in-1,accessories,4,39.99,159.96,completed,2026-07-21T09:59:36+00:00
ORD-041682,8,3,27in 1440p Monitor,displays,3,319.99,959.97,pending,2026-07-21T18:12:18+00:00
ORD-041683,8,5,Over-ear Headphones,audio,1,199.95,199.95,completed,2026-07-21T00:46:11+00:00
ORD-041684,2,7,Standing Desk 120cm,furniture,4,449.00,1796.00,completed,2026-07-21T08:04:52+00:00
ORD-041685,2,10,Laptop Stand Aluminium,accessories,4,27.50,110.00,refunded,2026-07-21T11:13:20+00:00
ORD-041686,2,8,Ergonomic Chair,furniture,5,612.75,3063.75,cancelled,2026-07-21T09:30:09+00:00
ORD-041687,3,6,Desk Speakers Pair,audio,4,89.00,356.00,pending,2026-07-21T20:17:15+00:00
ORD-041688,5,3,27in 1440p Monitor,displays,3,319.99,959.97,refunded,2026-07-21T16:20:40+00:00
ORD-041689,4,1,Mechanical Keyboard 75%,peripherals,1,129.00,129.00,refunded,2026-07-21T19:57:20+00:00
ORD-041690,5,1,Mechanical Keyboard 75%,peripherals,5,129.00,645.00,completed,2026-07-21T15:39:00+00:00
ORD-041691,9,7,Standing Desk 120cm,furniture,3,449.00,1347.00,completed,2026-07-21T23:08:30+00:00
ORD-041692,4,1,Mechanical Keyboard 75%,peripherals,3,129.00,387.00,pending,2026-07-21T22:27:14+00:00
ORD-041693,2,7,Standing Desk 120cm,furniture,2,449.00,898.00,cancelled,2026-07-21T09:39:22+00:00
ORD-041694,2,10,Laptop Stand Aluminium,accessories,5,27.50,137.50,cancelled,2026-07-21T11:07:54+00:00
ORD-041695,5,3,27in 1440p Monitor,displays,3,319.99,959.97,cancelled,2026-07-21T14:43:48+00:00
ORD-041696,1,3,27in 1440p Monitor,displays,2,319.99,639.98,refunded,2026-07-21T22:52:36+00:00
ORD-041697,6,2,Wireless Mouse,peripherals,4,49.50,198.00,cancelled,2026-07-21T07:08:17+00:00
ORD-041698,8,8,Ergonomic Chair,furniture,4,612.75,2451.00,cancelled,2026-07-21T19:36:17+00:00
ORD-041699,3,5,Over-ear Headphones,audio,2,199.95,399.90,refunded,2026-07-21T16:39:08+00:00
ORD-041700,1,6,Desk Speakers Pair,audio,3,89.00,267.00,cancelled,2026-07-21T17:27:34+00:00
ORD-041701,2,5,Over-ear Headphones,audio,2,199.95,399.90,pending,2026-07-21T16:03:00+00:00
ORD-041702,4,10,Laptop Stand Aluminium,accessories,3,27.50,82.50,pending,2026-07-21T17:33:13+00:00
ORD-041703,1,3,27in 1440p Monitor,displays,5,319.99,1599.95,completed,2026-07-21T09:11:18+00:00
ORD-041704,8,5,Over-ear Headphones,audio,1,199.95,199.95,completed,2026-07-21T21:17:49+00:00
ORD-041705,1,2,Wireless Mouse,peripherals,2,49.50,99.00,completed,2026-07-21T09:41:32+00:00
ORD-041706,6,3,27in 1440p Monitor,displays,4,319.99,1279.96,completed,2026-07-21T02:38:39+00:00
ORD-041707,8,10,Laptop Stand Aluminium,accessories,3,27.50,82.50,pending,2026-07-21T13:56:09+00:00
ORD-041708,4,1,Mechanical Keyboard 75%,peripherals,2,129.00,258.00,pending,2026-07-21T11:56:19+00:00
ORD-041709,4,10,Laptop Stand Aluminium,accessories,2,27.50,55.00,refunded,2026-07-21T04:43:00+00:00
ORD-041710,2,9,USB-C Hub 8-in-1,accessories,5,39.99,199.95,cancelled,2026-07-21T00:00:41+00:00
ORD-041711,2,8,Ergonomic Chair,furniture,1,612.75,612.75,refunded,2026-07-21T15:48:14+00:00
ORD-041712,5,7,Standing Desk 120cm,furniture,1,449.00,449.00,cancelled,2026-07-21T00:28:12+00:00
ORD-041713,7,6,Desk Speakers Pair,audio,4,89.00,356.00,refunded,2026-07-21T16:19:45+00:00
ORD-041714,2,5,Over-ear Headphones,audio,2,199.95,399.90,pending,2026-07-21T02:59:03+00:00
ORD-041715,3,4,34in Ultrawide Monitor,displays,1,579.00,579.00,cancelled,2026-07-21T18:26:06+00:00
ORD-041716,1,7,Standing Desk 120cm,furniture,5,449.00,2245.00,refunded,2026-07-21T06:09:04+00:00
ORD-041717,1,8,Ergonomic Chair,furniture,4,612.75,2451.00,cancelled,2026-07-21T23:59:23+00:00
ORD-041718,7,2,Wireless Mouse,peripherals,2,49.50,99.00,refunded,2026-07-21T13:52:13+00:00
ORD-041719,6,7,Standing Desk 120cm,furniture,3,449.00,1347.00,refunded,2026-07-21T18:32:28+00:00
ORD-041720,6,4,34in Ultrawide Monitor,displays,2,579.00,1158.00,pending,2026-07-21T19:32:33+00:00
ORD-041721,3,6,Desk Speakers Pair,audio,3,89.00,267.00,refunded,2026-07-21T22:40:11+00:00
ORD-041722,3,7,Standing Desk 120cm,furniture,4,449.00,1796.00,pending,2026-07-21T09:04:14+00:00
ORD-041723,3,10,Laptop Stand Aluminium,accessories,3,27.50,82.50,pending,2026-07-21T17:01:09+00:00
ORD-041724,7,5,Over-ear Headphones,audio,2,199.95,399.90,completed,2026-07-21T19:52:43+00:00
ORD-041725,6,3,27in 1440p Monitor,displays,5,319.99,1599.95,pending,2026-07-21T17:31:23+00:00
ORD-041726,4,10,Laptop Stand Aluminium,accessories,4,27.50,110.00,pending,2026-07-21T04:20:46+00:00
ORD-041727,7,3,27in 1440p Monitor,displays,3,319.99,959.97,completed,2026-07-21T14:56:09+00:00
ORD-041728,6,3,27in 1440p Monitor,displays,3,319.99,959.97,refunded,2026-07-21T16:52:51+00:00
ORD-041729,3,10,Laptop Stand Aluminium,accessories,2,27.50,55.00,completed,2026-07-21T02:20:48+00:00
ORD-041730,10,9,USB-C Hub 8-in-1,accessories,4,39.99,159.96,cancelled,2026-07-21T02:17:22+00:00
ORD-041731,9,3,27in 1440p Monitor,displays,4,319.99,1279.96,completed,2026-07-21T03:56:53+00:00
ORD-041732,10,4,34in Ultrawide Monitor,displays,4,579.00,2316.00,completed,2026-07-21T13:09:33+00:00
ORD-041733,4,10,Laptop Stand Aluminium,accessories,5,27.50,137.50,refunded,2026-07-21T07:16:22+00:00
ORD-041734,5,4,34in Ultrawide Monitor,displays,3,579.00,1737.00,cancelled,2026-07-21T07:33:43+00:00
ORD-041735,10,6,Desk Speakers Pair,audio,2,89.00,178.00,completed,2026-07-21T19:10:52+00:00
ORD-041736,1,1,Mechanical Keyboard 75%,peripherals,4,129.00,516.00,completed,2026-07-21T19:10:14+00:00
ORD-041737,6,7,Standing Desk 120cm,furniture,2,449.00,898.00,completed,2026-07-21T22:38:47+00:00
ORD-041738,7,4,34in Ultrawide Monitor,displays,1,579.00,579.00,cancelled,2026-07-21T01:41:02+00:00
ORD-041739,1,1,Mechanical Keyboard 75%,peripherals,5,129.00,645.00,refunded,2026-07-21T21:35:12+00:00
ORD-041740,10,9,USB-C Hub 8-in-1,accessories,3,39.99,119.97,cancelled,2026-07-21T04:40:16+00:00
ORD-041741,1,5,Over-ear Headphones,audio,5,199.95,999.75,completed,2026-07-21T18:10:13+00:00
ORD-041742,2,3,27in 1440p Monitor,displays,5,319.99,1599.95,cancelled,2026-07-21T00:30:43+00:00
ORD-041743,10,3,27in 1440p Monitor,displays,2,319.99,639.98,completed,2026-07-21T21:45:19+00:00
ORD-041744,7,2,Wireless Mouse,peripherals,5,49.50,247.50,cancelled,2026-07-21T15:02:59+00:00
ORD-041745,8,9,USB-C Hub 8-in-1,accessories,3,39.99,119.97,completed,2026-07-21T10:51:50+00:00
ORD-041746,2,4,34in Ultrawide Monitor,displays,2,579.00,1158.00,cancelled,2026-07-21T16:33:06+00:00
ORD-041747,3,6,Desk Speakers Pair,audio,2,89.00,178.00,pending,2026-07-21T02:36:22+00:00
ORD-041748,7,9,USB-C Hub 8-in-1,accessories,2,39.99,79.98,refunded,2026-07-21T08:32:58+00:00
ORD-041749,7,8,Ergonomic Chair,furniture,1,612.75,612.75,cancelled,2026-07-21T17:57:18+00:00
ORD-041750,10,10,Laptop Stand Aluminium,accessories,5,27.50,137.50,pending,2026-07-21T08:53:09+00:00
ORD-041751,3,3,27in 1440p Monitor,displays,4,319.99,1279.96,pending,2026-07-21T07:02:27+00:00
ORD-041752,3,6,Desk Speakers Pair,audio,1,89.00,89.00,refunded,2026-07-21T18:48:04+00:00
ORD-041753,6,4,34in Ultrawide Monitor,displays,4,579.00,2316.00,pending,2026-07-21T00:44:16+00:00
ORD-041754,10,9,USB-C Hub 8-in-1,accessories,4,39.99,159.96,refunded,2026-07-21T09:26:47+00:00
ORD-041755,7,8,Ergonomic Chair,furniture,5,612.75,3063.75,refunded,2026-07-21T18:17:55+00:00
ORD-041756,5,6,Desk Speakers Pair,audio,5,89.00,445.00,refunded,2026-07-21T07:18:21+00:00
ORD-041757,3,4,34in Ultrawide Monitor,displays,1,579.00,579.00,refunded,2026-07-21T20:37:30+00:00
ORD-041758,1,8,Ergonomic Chair,furniture,2,612.75,1225.50,pending,2026-07-21T18:17:06+00:00
ORD-041759,6,2,Wireless Mouse,peripherals,2,49.50,99.00,pending,2026-07-21T15:11:16+00:00
ORD-041760,2,2,Wireless Mouse,peripherals,1,49.50,49.50,refunded,2026-07-21T05:49:28+00:00
ORD-041761,6,3,27in 1440p Monitor,displays,4,319.99,1279.96,pending,2026-07-21T09:01:18+00:00
ORD-041762,7,6,Desk Speakers Pair,audio,1,89.00,89.00,cancelled,2026-07-21T03:37:55+00:00
ORD-041763,2,5,Over-ear Headphones,audio,4,199.95,799.80,pending,2026-07-21T01:48:16+00:00
ORD-041764,7,1,Mechanical Keyboard 75%,peripherals,1,129.00,129.00,pending,2026-07-21T00:33:02+00:00
ORD-041765,6,1,Mechanical Keyboard 75%,peripherals,4,129.00,516.00,pending,2026-07-21T19:13:53+00:00
ORD-041766,2,9,USB-C Hub 8-in-1,accessories,3,39.99,119.97,completed,2026-07-21T10:16:35+00:00
ORD-041767,2,4,34in Ultrawide Monitor,displays,3,579.00,1737.00,completed,2026-07-21T18:09:55+00:00
ORD-041768,6,2,Wireless Mouse,peripherals,4,49.50,198.00,pending,2026-07-21T06:59:32+00:00
ORD-041769,8,4,34in Ultrawide Monitor,displays,4,579.00,2316.00,completed,2026-07-21T07:35:08+00:00
ORD-041770,4,3,27in 1440p Monitor,displays,5,319.99,1599.95,completed,2026-07-21T16:47:32+00:00
ORD-041771,4,3,27in 1440p Monitor,displays,1,319.99,319.99,cancelled,2026-07-21T17:33:28+00:00
ORD-041772,5,8,Ergonomic Chair,furniture,2,612.75,1225.50,refunded,2026-07-21T00:05:50+00:00
ORD-041773,5,6,Desk Speakers Pair,audio,5,89.00,445.00,completed,2026-07-21T00:23:41+00:00
ORD-041774,8,10,Laptop Stand Aluminium,accessories,2,27.50,55.00,refunded,2026-07-21T20:58:41+00:00
ORD-041775,2,1,Mechanical Keyboard 75%,peripherals,5,129.00,645.00,refunded,2026-07-21T00:05:12+00:00
ORD-041776,5,7,Standing Desk 120cm,furniture,3,449.00,1347.00,cancelled,2026-07-21T00:26:25+00:00
ORD-041777,4,4,34in Ultrawide Monitor,displays,5,579.00,2895.00,pending,2026-07-21T07:19:52+00:00
ORD-041778,10,1,Mechanical Keyboard 75%,peripherals,5,129.00,645.00,completed,2026-07-21T20:36:25+00:00
ORD-041779,7,8,Ergonomic Chair,furniture,3,612.75,1838.25,refunded,2026-07-21T14:17:53+00:00
ORD-041780,10,10,Laptop Stand Aluminium,accessories,1,27.50,27.50,pending,2026-07-21T21:54:07+00:00
ORD-041781,10,7,Standing Desk 120cm,furniture,2,449.00,898.00,completed,2026-07-21T17:23:00+00:00
ORD-041782,6,4,34in Ultrawide Monitor,displays,3,579.00,1737.00,cancelled,2026-07-21T13:53:50+00:00
ORD-041783,4,9,USB-C Hub 8-in-1,accessories,3,39.99,119.97,completed,2026-07-21T21:43:14+00:00
ORD-041784,2,7,Standing Desk 120cm,furniture,4,449.00,1796.00,completed,2026-07-21T07:30:32+00:00
ORD-041785,2,1,Mechanical Keyboard 75%,peripherals,4,129.00,516.00,refunded,2026-07-21T17:43:15+00:00
ORD-041786,10,4,34in Ultrawide Monitor,displays,1,579.00,579.00,completed,2026-07-21T04:13:52+00:00
ORD-041787,4,10,Laptop Stand Aluminium,accessories,1,27.50,27.50,completed,2026-07-21T16:18:12+00:00
ORD-041788,6,1,Mechanical Keyboard 75%,peripherals,3,129.00,387.00,cancelled,2026-07-21T18:46:04+00:00
ORD-041789,6,9,USB-C Hub 8-in-1,accessories,3,39.99,119.97,pending,2026-07-21T02:05:36+00:00
ORD-041790,1,8,Ergonomic Chair,furniture,1,612.75,612.75,completed,2026-07-21T18:31:23+00:00
ORD-041791,5,6,Desk Speakers Pair,audio,5,89.00,445.00,completed,2026-07-21T02:32:42+00:00
ORD-041792,10,2,Wireless Mouse,peripherals,5,49.50,247.50,completed,2026-07-21T01:21:49+00:00
ORD-041793,5,9,USB-C Hub 8-in-1,accessories,5,39.99,199.95,completed,2026-07-21T09:12:59+00:00
ORD-041794,2,5,Over-ear Headphones,audio,5,199.95,999.75,cancelled,2026-07-21T22:38:00+00:00
ORD-041795,9,9,USB-C Hub 8-in-1,accessories,5,39.99,199.95,cancelled,2026-07-21T22:27:39+00:00
ORD-041796,7,5,Over-ear Headphones,audio,4,199.95,799.80,pending,2026-07-21T06:50:41+00:00
ORD-041797,9,10,Laptop Stand Aluminium,accessories,3,27.50,82.50,completed,2026-07-21T18:42:12+00:00
ORD-041798,10,4,34in Ultrawide Monitor,displays,5,579.00,2895.00,refunded,2026-07-21T16:27:12+00:00
ORD-041799,3,7,Standing Desk 120cm,furniture,1,449.00,449.00,completed,2026-07-21T08:56:50+00:00
ORD-041800,8,6,Desk Speakers Pair,audio,2,89.00,178.00,cancelled,2026-07-21T12:52:41+00:00
ORD-041801,8,3,27in 1440p Monitor,displays,4,319.99,1279.96,refunded,2026-07-21T19:22:55+00:00
ORD-041802,5,9,USB-C Hub 8-in-1,accessories,3,39.99,119.97,refunded,2026-07-21T01:12:22+00:00
ORD-041803,5,9,USB-C Hub 8-in-1,accessories,1,39.99,39.99,refunded,2026-07-21T06:53:28+00:00
ORD-041804,3,4,34in Ultrawide Monitor,displays,2,579.00,1158.00,refunded,2026-07-21T23:03:11+00:00
ORD-041805,10,8,Ergonomic Chair,furniture,1,612.75,612.75,cancelled,2026-07-21T19:32:27+00:00
ORD-041806,4,6,Desk Speakers Pair,audio,2,89.00,178.00,refunded,2026-07-21T02:09:14+00:00
ORD-041807,6,7,Standing Desk 120cm,furniture,3,449.00,1347.00,cancelled,2026-07-21T19:52:42+00:00
ORD-041808,8,8,Ergonomic Chair,furniture,4,612.75,2451.00,refunded,2026-07-21T05:07:05+00:00
ORD-041809,2,10,Laptop Stand Aluminium,accessories,1,27.50,27.50,pending,2026-07-21T16:08:33+00:00
ORD-041810,4,9,USB-C Hub 8-in-1,accessories,4,39.99,159.96,completed,2026-07-21T01:58:18+00:00
ORD-041811,9,6,Desk Speakers Pair,audio,2,89.00,178.00,cancelled,2026-07-21T14:56:05+00:00
ORD-041812,8,4,34in Ultrawide Monitor,displays,3,579.00,1737.00,pending,2026-07-21T22:16:30+00:00
ORD-041813,5,6,Desk Speakers Pair,audio,3,89.00,267.00,cancelled,2026-07-21T00:43:00+00:00
ORD-041814,5,10,Laptop Stand Aluminium,accessories,5,27.50,137.50,completed,2026-07-21T19:13:39+00:00
ORD-041815,6,2,Wireless Mouse,peripherals,4,49.50,198.00,completed,2026-07-21T00:25:38+00:00
ORD-041816,1,7,Standing Desk 120cm,furniture,3,449.00,1347.00,completed,2026-07-21T08:40:15+00:00
ORD-041817,8,8,Ergonomic Chair,furniture,3,612.75,1838.25,refunded,2026-07-21T06:42:33+00:00
ORD-041818,5,4,34in Ultrawide Monitor,displays,4,579.00,2316.00,refunded,2026-07-21T21:26:17+00:00
ORD-041819,8,8,Ergonomic Chair,furniture,5,612.75,3063.75,completed,2026-07-21T11:44:51+00:00
ORD-041820,3,9,USB-C Hub 8-in-1,accessories,2,39.99,79.98,cancelled,2026-07-21T09:03:08+00:00
ORD-041821,1,2,Wireless Mouse,peripherals,4,49.50,198.00,refunded,2026-07-21T01:18:14+00:00
ORD-041822,4,8,Ergonomic Chair,furniture,3,612.75,1838.25,refunded,2026-07-21T08:52:59+00:00
ORD-041823,8,5,Over-ear Headphones,audio,5,199.95,999.75,completed,2026-07-21T13:20:42+00:00
ORD-041824,4,8,Ergonomic Chair,furniture,1,612.75,612.75,pending,2026-07-21T15:50:03+00:00
ORD-041825,7,2,Wireless Mouse,peripherals,2,49.50,99.00,completed,2026-07-21T04:05:10+00:00
ORD-041826,6,9,USB-C Hub 8-in-1,accessories,5,39.99,199.95,cancelled,2026-07-21T21:40:59+00:00
ORD-041827,4,5,Over-ear Headphones,audio,3,199.95,599.85,refunded,2026-07-21T06:08:50+00:00
ORD-041828,3,9,USB-C Hub 8-in-1,accessories,5,39.99,199.95,refunded,2026-07-21T15:33:08+00:00
ORD-041829,1,8,Ergonomic Chair,furniture,1,612.75,612.75,cancelled,2026-07-21T06:05:24+00:00
ORD-041830,2,3,27in 1440p Monitor,displays,4,319.99,1279.96,cancelled,2026-07-21T02:29:35+00:00
ORD-041831,9,2,Wireless Mouse,peripherals,1,49.50,49.50,cancelled,2026-07-21T02:00:30+00:00
ORD-041832,10,5,Over-ear Headphones,audio,1,199.95,199.95,completed,2026-07-21T10:12:30+00:00
ORD-041833,3,7,Standing Desk 120cm,furniture,1,449.00,449.00,completed,2026-07-21T22:19:20+00:00
ORD-041834,4,2,Wireless Mouse,peripherals,2,49.50,99.00,pending,2026-07-21T13:17:50+00:00
ORD-041835,9,7,Standing Desk 120cm,furniture,1,449.00,449.00,refunded,2026-07-21T00:15:08+00:00
ORD-041836,1,10,Laptop Stand Aluminium,accessories,2,27.50,55.00,cancelled,2026-07-21T00:41:07+00:00
ORD-041837,10,7,Standing Desk 120cm,furniture,1,449.00,449.00,completed,2026-07-21T15:35:41+00:00
ORD-041838,4,9,USB-C Hub 8-in-1,accessories,1,39.99,39.99,unknown_status,2026-07-21T21:01:51+00:00
ORD-041839,10,4,34in Ultrawide Monitor,displays,1,579.00,579.00,pending,2026-07-21T15:53:11+00:00
ORD-041840,6,8,Ergonomic Chair,furniture,1,612.75,612.75,cancelled,2026-07-21T13:15:06+00:00
ORD-041841,9,9,USB-C Hub 8-in-1,accessories,3,39.99,119.97,completed,2026-07-21T23:47:40+00:00
ORD-041842,1,4,34in Ultrawide Monitor,displays,3,579.00,1737.00,pending,2026-07-21T15:13:38+00:00
ORD-041843,10,1,Mechanical Keyboard 75%,peripherals,3,129.00,387.00,pending,2026-07-21T00:28:13+00:00
ORD-041844,1,1,Mechanical Keyboard 75%,peripherals,5,129.00,645.00,pending,2026-07-21T02:54:15+00:00
ORD-041845,4,4,34in Ultrawide Monitor,displays,3,579.00,1737.00,refunded,2026-07-21T15:01:59+00:00
ORD-041846,5,9,USB-C Hub 8-in-1,accessories,5,39.99,199.95,refunded,2026-07-21T02:02:09+00:00
ORD-041847,2,10,Laptop Stand Aluminium,accessories,5,27.50,137.50,pending,2026-07-21T05:11:58+00:00
ORD-041848,3,5,Over-ear Headphones,audio,2,199.95,399.90,completed,2026-07-21T21:38:16+00:00
ORD-041849,4,5,Over-ear Headphones,audio,4,199.95,799.80,cancelled,2026-07-21T11:31:58+00:00
ORD-041850,8,6,Desk Speakers Pair,audio,3,89.00,267.00,pending,2026-07-21T04:05:26+00:00
ORD-041851,1,5,Over-ear Headphones,audio,5,199.95,999.75,refunded,2026-07-21T06:41:29+00:00
ORD-041852,1,3,27in 1440p Monitor,displays,5,319.99,1599.95,refunded,2026-07-21T05:41:17+00:00
ORD-041853,8,3,27in 1440p Monitor,displays,5,319.99,1599.95,refunded,2026-07-21T07:43:35+00:00
ORD-041854,3,3,27in 1440p Monitor,displays,3,319.99,959.97,completed,2026-07-21T13:23:14+00:00
ORD-041855,7,2,Wireless Mouse,peripherals,2,49.50,99.00,pending,2026-07-21T23:22:36+00:00
ORD-041856,6,3,27in 1440p Monitor,displays,1,319.99,319.99,cancelled,2026-07-21T06:42:41+00:00
ORD-041857,8,7,Standing Desk 120cm,furniture,1,449.00,449.00,refunded,2026-07-21T06:21:49+00:00
ORD-041858,9,6,Desk Speakers Pair,audio,3,89.00,267.00,pending,2026-07-21T15:49:22+00:00
ORD-041859,1,6,Desk Speakers Pair,audio,4,89.00,356.00,completed,2026-07-21T02:14:54+00:00
ORD-041860,5,9,USB-C Hub 8-in-1,accessories,5,39.99,199.95,refunded,2026-07-21T02:04:05+00:00
ORD-041861,8,6,Desk Speakers Pair,audio,5,89.00,445.00,refunded,2026-07-21T02:24:11+00:00
ORD-041862,6,7,Standing Desk 120cm,furniture,4,449.00,1796.00,refunded,2026-07-21T22:19:27+00:00
ORD-041863,5,9,USB-C Hub 8-in-1,accessories,5,39.99,199.95,pending,2026-07-21T21:35:19+00:00
ORD-041864,6,5,Over-ear Headphones,audio,2,199.95,399.90,pending,2026-07-21T01:06:43+00:00
ORD-041865,4,5,Over-ear Headphones,audio,5,199.95,999.75,refunded,2026-07-21T12:37:36+00:00
ORD-041866,9,4,34in Ultrawide Monitor,displays,2,579.00,1158.00,pending,2026-07-21T19:23:58+00:00
ORD-041867,7,7,Standing Desk 120cm,furniture,2,449.00,898.00,completed,2026-07-21T11:29:38+00:00
ORD-041868,7,1,Mechanical Keyboard 75%,peripherals,3,129.00,387.00,completed,2026-07-21T06:43:24+00:00
ORD-041869,1,4,34in Ultrawide Monitor,displays,5,579.00,2895.00,completed,2026-07-21T21:55:25+00:00
ORD-041870,2,2,Wireless Mouse,peripherals,4,49.50,198.00,refunded,2026-07-21T22:28:43+00:00
ORD-041871,9,10,Laptop Stand Aluminium,accessories,4,27.50,110.00,pending,2026-07-21T09:28:47+00:00
ORD-041872,10,1,Mechanical Keyboard 75%,peripherals,2,129.00,258.00,cancelled,2026-07-21T03:08:00+00:00
ORD-041873,2,2,Wireless Mouse,peripherals,2,49.50,99.00,completed,2026-07-21T19:55:31+00:00
ORD-041874,7,6,Desk Speakers Pair,audio,3,89.00,267.00,pending,2026-07-21T06:03:34+00:00
ORD-041875,6,8,Ergonomic Chair,furniture,5,612.75,3063.75,pending,2026-07-21T14:01:13+00:00
ORD-041876,5,8,Ergonomic Chair,furniture,1,612.75,612.75,refunded,2026-07-21T16:28:00+00:00
ORD-041877,10,9,USB-C Hub 8-in-1,accessories,3,39.99,119.97,pending,2026-07-21T23:42:11+00:00
ORD-041878,6,2,Wireless Mouse,peripherals,3,49.50,148.50,refunded,2026-07-21T19:36:10+00:00
ORD-041879,4,2,Wireless Mouse,peripherals,2,49.50,99.00,cancelled,2026-07-21T16:29:47+00:00
ORD-041880,2,1,Mechanical Keyboard 75%,peripherals,5,129.00,645.00,cancelled,2026-07-21T12:09:39+00:00
ORD-041881,10,5,Over-ear Headphones,audio,4,199.95,799.80,completed,2026-07-21T19:37:29+00:00
ORD-041882,5,7,Standing Desk 120cm,furniture,3,449.00,1347.00,refunded,2026-07-21T00:21:25+00:00
ORD-041883,6,5,Over-ear Headphones,audio,4,199.95,799.80,completed,2026-07-21T15:26:22+00:00
ORD-041884,9,7,Standing Desk 120cm,furniture,5,449.00,2245.00,pending,2026-07-21T09:45:34+00:00
ORD-041885,2,6,Desk Speakers Pair,audio,1,89.00,89.00,cancelled,2026-07-21T01:04:58+00:00
ORD-041886,3,9,USB-C Hub 8-in-1,accessories,1,39.99,39.99,cancelled,2026-07-21T03:32:59+00:00
ORD-041887,8,9,USB-C Hub 8-in-1,accessories,1,39.99,39.99,refunded,2026-07-21T16:06:43+00:00
ORD-041888,5,10,Laptop Stand Aluminium,accessories,2,27.50,55.00,completed,2026-07-21T17:50:33+00:00
ORD-041889,3,8,Ergonomic Chair,furniture,3,612.75,1838.25,pending,2026-07-21T19:32:18+00:00
ORD-041890,8,9,USB-C Hub 8-in-1,accessories,4,39.99,159.96,refunded,2026-07-21T10:01:14+00:00
ORD-041891,3,8,Ergonomic Chair,furniture,5,612.75,3063.75,refunded,2026-07-21T19:48:30+00:00
ORD-041892,4,10,Laptop Stand Aluminium,accessories,4,27.50,110.00,pending,2026-07-21T11:57:01+00:00
ORD-041893,1,3,27in 1440p Monitor,displays,4,319.99,1279.96,cancelled,2026-07-21T13:55:41+00:00
ORD-041894,6,1,Mechanical Keyboard 75%,peripherals,5,129.00,645.00,refunded,2026-07-21T01:47:29+00:00
ORD-041895,10,7,Standing Desk 120cm,furniture,1,449.00,449.00,refunded,2026-07-21T15:35:59+00:00
ORD-041896,7,8,Ergonomic Chair,furniture,4,612.75,2451.00,pending,2026-07-21T05:10:56+00:00
ORD-041897,3,6,Desk Speakers Pair,audio,2,89.00,178.00,refunded,2026-07-21T20:54:01+00:00
ORD-041898,5,2,Wireless Mouse,peripherals,3,49.50,148.50,cancelled,2026-07-21T08:19:26+00:00
ORD-041899,3,7,Standing Desk 120cm,furniture,5,449.00,2245.00,refunded,2026-07-21T17:04:08+00:00
ORD-041900,1,2,Wireless Mouse,peripherals,5,49.50,247.50,refunded,2026-07-21T17:11:41+00:00
ORD-041901,4,1,Mechanical Keyboard 75%,peripherals,1,129.00,129.00,cancelled,2026-07-21T00:07:08+00:00
ORD-041902,8,10,Laptop Stand Aluminium,accessories,2,27.50,55.00,cancelled,2026-07-21T03:46:04+00:00
ORD-041903,2,4,34in Ultrawide Monitor,displays,2,579.00,1158.00,cancelled,2026-07-21T14:30:41+00:00
ORD-041904,5,9,USB-C Hub 8-in-1,accessories,3,39.99,119.97,pending,2026-07-21T07:44:06+00:00
ORD-041905,7,4,34in Ultrawide Monitor,displays,2,579.00,1158.00,refunded,2026-07-21T03:01:20+00:00
ORD-041906,1,9,USB-C Hub 8-in-1,accessories,2,39.99,79.98,completed,2026-07-21T06:27:15+00:00
ORD-041907,6,8,Ergonomic Chair,furniture,5,612.75,3063.75,pending,2026-07-21T13:43:32+00:00
ORD-041908,4,8,Ergonomic Chair,furniture,1,612.75,612.75,pending,2026-07-21T15:34:34+00:00
ORD-041909,2,1,Mechanical Keyboard 75%,peripherals,4,129.00,516.00,completed,2026-07-21T23:54:08+00:00
ORD-041910,5,7,Standing Desk 120cm,furniture,2,449.00,898.00,pending,2026-07-21T17:07:11+00:00
ORD-041911,9,6,Desk Speakers Pair,audio,2,89.00,178.00,cancelled,2026-07-21T17:47:47+00:00
ORD-041912,3,2,Wireless Mouse,peripherals,5,49.50,247.50,refunded,2026-07-21T05:45:50+00:00
ORD-041913,9,9,USB-C Hub 8-in-1,accessories,2,39.99,79.98,refunded,2026-07-21T09:41:41+00:00
ORD-041914,8,2,Wireless Mouse,peripherals,2,49.50,99.00,refunded,2026-07-21T22:20:50+00:00
ORD-041915,9,5,Over-ear Headphones,audio,5,199.95,999.75,refunded,2026-07-21T01:36:49+00:00
ORD-041916,4,8,Ergonomic Chair,furniture,3,612.75,1838.25,pending,2026-07-21T02:33:02+00:00
ORD-041917,3,3,27in 1440p Monitor,displays,4,319.99,1279.96,refunded,2026-07-21T12:48:02+00:00
ORD-041918,3,3,27in 1440p Monitor,displays,2,319.99,639.98,refunded,2026-07-21T09:00:09+00:00
ORD-041919,9,9,USB-C Hub 8-in-1,accessories,3,39.99,119.97,cancelled,2026-07-21T09:22:05+00:00
ORD-041920,6,10,Laptop Stand Aluminium,accessories,2,27.50,55.00,pending,2026-07-21T09:51:00+00:00
ORD-041921,5,1,Mechanical Keyboard 75%,peripherals,4,129.00,516.00,refunded,2026-07-21T02:28:54+00:00
ORD-041922,2,2,Wireless Mouse,peripherals,4,49.50,198.00,cancelled,2026-07-21T21:41:00+00:00
ORD-041923,2,5,Over-ear Headphones,audio,4,199.95,799.80,cancelled,2026-07-21T20:36:44+00:00
ORD-041924,5,8,Ergonomic Chair,furniture,3,612.75,1838.25,pending,2026-07-21T16:59:09+00:00
ORD-041925,2,8,Ergonomic Chair,furniture,2,612.75,1225.50,refunded,2026-07-21T07:59:28+00:00
ORD-041926,4,9,USB-C Hub 8-in-1,accessories,3,39.99,119.97,pending,2026-07-21T08:27:54+00:00
ORD-041927,10,7,Standing Desk 120cm,furniture,4,449.00,1796.00,refunded,2026-07-21T20:11:04+00:00
ORD-041928,5,6,Desk Speakers Pair,audio,4,89.00,356.00,completed,2026-07-21T21:53:42+00:00
ORD-041929,10,2,Wireless Mouse,peripherals,3,49.50,148.50,refunded,2026-07-21T10:38:59+00:00
ORD-041930,2,5,Over-ear Headphones,audio,5,199.95,999.75,pending,2026-07-21T03:01:29+00:00
ORD-041931,10,5,Over-ear Headphones,audio,5,199.95,999.75,cancelled,2026-07-21T00:53:42+00:00
ORD-041932,1,10,Laptop Stand Aluminium,accessories,5,27.50,137.50,cancelled,2026-07-21T22:50:50+00:00
ORD-041933,3,1,Mechanical Keyboard 75%,peripherals,5,129.00,645.00,cancelled,2026-07-21T13:13:37+00:00
ORD-041934,8,2,Wireless Mouse,peripherals,3,49.50,148.50,refunded,2026-07-21T08:37:25+00:00
ORD-041935,10,6,Desk Speakers Pair,audio,4,89.00,356.00,cancelled,2026-07-21T18:28:54+00:00
ORD-041936,2,2,Wireless Mouse,peripherals,4,49.50,198.00,refunded,2026-07-21T22:23:54+00:00
ORD-041937,7,7,Standing Desk 120cm,furniture,2,449.00,898.00,pending,2026-07-21T02:36:05+00:00
ORD-041938,7,7,Standing Desk 120cm,furniture,4,449.00,1796.00,cancelled,2026-07-21T13:17:23+00:00
ORD-041939,4,2,Wireless Mouse,peripherals,1,49.50,49.50,completed,2026-07-21T14:21:50+00:00
ORD-041940,4,7,Standing Desk 120cm,furniture,1,449.00,449.00,refunded,2026-07-21T09:57:02+00:00
ORD-041941,8,5,Over-ear Headphones,audio,2,199.95,399.90,refunded,2026-07-21T02:01:49+00:00
ORD-041942,2,3,27in 1440p Monitor,displays,3,319.99,959.97,refunded,2026-07-21T06:00:49+00:00
ORD-041943,2,3,27in 1440p Monitor,displays,2,319.99,639.98,refunded,2026-07-21T16:25:38+00:00
ORD-041944,9,9,USB-C Hub 8-in-1,accessories,2,39.99,79.98,pending,2026-07-21T23:13:03+00:00
ORD-041945,9,7,Standing Desk 120cm,furniture,5,449.00,2245.00,completed,2026-07-21T18:50:18+00:00
ORD-041946,1,3,27in 1440p Monitor,displays,4,319.99,1279.96,completed,2026-07-21T03:36:58+00:00
ORD-041947,3,2,Wireless Mouse,peripherals,2,49.50,99.00,completed,2026-07-21T09:26:29+00:00
ORD-041948,4,6,Desk Speakers Pair,audio,1,89.00,89.00,cancelled,2026-07-21T01:31:44+00:00
ORD-041949,6,7,Standing Desk 120cm,furniture,5,449.00,2245.00,completed,2026-07-21T10:29:32+00:00
ORD-041950,6,7,Standing Desk 120cm,furniture,4,449.00,1796.00,pending,2026-07-21T03:02:02+00:00
ORD-041951,4,7,Standing Desk 120cm,furniture,5,449.00,2245.00,cancelled,2026-07-21T13:59:19+00:00
ORD-041952,9,1,Mechanical Keyboard 75%,peripherals,3,129.00,387.00,cancelled,2026-07-21T23:04:48+00:00
ORD-041953,7,1,Mechanical Keyboard 75%,peripherals,4,129.00,516.00,cancelled,2026-07-21T17:39:08+00:00
ORD-041954,6,7,Standing Desk 120cm,furniture,4,449.00,1796.00,cancelled,2026-07-21T16:55:36+00:00
ORD-041955,2,7,Standing Desk 120cm,furniture,5,449.00,2245.00,completed,2026-07-21T20:00:32+00:00
ORD-041956,8,10,Laptop Stand Aluminium,accessories,4,27.50,110.00,refunded,2026-07-21T23:26:02+00:00
ORD-041957,3,8,Ergonomic Chair,furniture,3,612.75,1838.25,completed,2026-07-21T09:06:24+00:00
ORD-041958,5,9,USB-C Hub 8-in-1,accessories,3,39.99,119.97,cancelled,2026-07-21T02:11:43+00:00
ORD-041959,7,6,Desk Speakers Pair,audio,1,89.00,89.00,refunded,2026-07-21T15:57:43+00:00
ORD-041960,4,1,Mechanical Keyboard 75%,peripherals,5,129.00,645.00,completed,2026-07-21T17:14:44+00:00
ORD-041961,7,1,Mechanical Keyboard 75%,peripherals,4,129.00,516.00,refunded,2026-07-21T21:07:26+00:00
ORD-041962,2,3,27in 1440p Monitor,displays,2,319.99,639.98,refunded,2026-07-21T00:10:54+00:00
ORD-041963,1,10,Laptop Stand Aluminium,accessories,1,27.50,27.50,completed,2026-07-21T15:18:20+00:00
ORD-041964,1,5,Over-ear Headphones,audio,1,199.95,199.95,pending,2026-07-21T11:03:57+00:00
ORD-041965,1,9,USB-C Hub 8-in-1,accessories,2,39.99,79.98,cancelled,2026-07-21T13:36:16+00:00
ORD-041966,7,4,34in Ultrawide Monitor,displays,5,579.00,2895.00,refunded,2026-07-21T05:24:29+00:00
ORD-041967,2,6,Desk Speakers Pair,audio,3,89.00,267.00,refunded,2026-07-21T01:49:07+00:00
ORD-041968,5,8,Ergonomic Chair,furniture,4,612.75,2451.00,pending,2026-07-21T07:01:25+00:00
ORD-041969,6,9,USB-C Hub 8-in-1,accessories,1,39.99,39.99,completed,2026-07-21T11:30:45+00:00
ORD-041970,5,1,Mechanical Keyboard 75%,peripherals,1,129.00,129.00,pending,2026-07-21T19:32:27+00:00
ORD-041971,3,6,Desk Speakers Pair,audio,2,89.00,178.00,pending,2026-07-21T15:43:07+00:00
ORD-041972,6,7,Standing Desk 120cm,furniture,5,449.00,2245.00,refunded,2026-07-21T05:04:47+00:00
ORD-041973,1,8,Ergonomic Chair,furniture,2,612.75,1225.50,cancelled,2026-07-21T14:00:03+00:00
ORD-041974,1,2,Wireless Mouse,peripherals,2,49.50,99.00,pending,2026-07-21T22:48:51+00:00
ORD-041975,5,3,27in 1440p Monitor,displays,2,319.99,639.98,pending,2026-07-21T05:10:10+00:00
ORD-041976,9,8,Ergonomic Chair,furniture,1,612.75,612.75,refunded,2026-07-21T16:45:05+00:00
ORD-041977,4,10,Laptop Stand Aluminium,accessories,1,27.50,27.50,cancelled,2026-07-21T11:10:26+00:00
ORD-041978,10,5,Over-ear Headphones,audio,4,199.95,799.80,refunded,2026-07-21T01:49:07+00:00
ORD-041979,10,6,Desk Speakers Pair,audio,5,89.00,445.00,cancelled,2026-07-21T20:09:01+00:00
ORD-041980,10,1,Mechanical Keyboard 75%,peripherals,5,129.00,645.00,pending,2026-07-21T00:46:49+00:00
ORD-041981,2,10,Laptop Stand Aluminium,accessories,4,27.50,110.00,refunded,2026-07-21T19:58:34+00:00
ORD-041982,7,5,Over-ear Headphones,audio,5,199.95,999.75,pending,2026-07-21T18:10:57+00:00
ORD-041983,2,9,USB-C Hub 8-in-1,accessories,3,39.99,119.97,refunded,2026-07-21T17:45:59+00:00
ORD-041984,6,9,USB-C Hub 8-in-1,accessories,1,39.99,39.99,completed,2026-07-21T10:51:51+00:00
ORD-041985,1,3,27in 1440p Monitor,displays,1,319.99,319.99,cancelled,2026-07-21T10:37:42+00:00
ORD-041986,6,3,27in 1440p Monitor,displays,5,319.99,1599.95,pending,2026-07-21T06:25:50+00:00
ORD-041987,7,8,Ergonomic Chair,furniture,4,612.75,2451.00,refunded,2026-07-21T23:43:06+00:00
ORD-041988,8,7,Standing Desk 120cm,furniture,3,449.00,1347.00,pending,2026-07-21T06:23:09+00:00
ORD-041989,8,2,Wireless Mouse,peripherals,1,49.50,49.50,completed,2026-07-21T19:58:26+00:00
ORD-041990,2,9,USB-C Hub 8-in-1,accessories,3,39.99,119.97,cancelled,2026-07-21T16:39:06+00:00
ORD-041991,3,5,Over-ear Headphones,audio,5,199.95,999.75,refunded,2026-07-21T01:40:50+00:00
ORD-041992,6,8,Ergonomic Chair,furniture,5,612.75,3063.75,pending,2026-07-21T07:47:57+00:00
ORD-041993,2,3,27in 1440p Monitor,displays,1,319.99,319.99,pending,2026-07-21T18:13:27+00:00
ORD-041994,5,8,Ergonomic Chair,furniture,2,612.75,1225.50,refunded,2026-07-21T23:14:37+00:00
ORD-041995,8,4,34in Ultrawide Monitor,displays,4,579.00,2316.00,completed,2026-07-21T04:23:04+00:00
ORD-041996,9,9,USB-C Hub 8-in-1,accessories,2,39.99,79.98,refunded,2026-07-21T19:10:24+00:00
ORD-041997,8,8,Ergonomic Chair,furniture,2,612.75,1225.50,pending,2026-07-21T04:51:49+00:00
ORD-041998,7,3,27in 1440p Monitor,displays,1,319.99,319.99,completed,2026-07-21T00:55:06+00:00
ORD-041999,1,10,Laptop Stand Aluminium,accessories,1,27.50,27.50,cancelled,2026-07-21T03:28:52+00:00
ORD-042000,3,5,Over-ear Headphones,audio,3,199.95,599.85,cancelled,2026-07-21T04:05:37+00:00
ORD-042001,2,7,Standing Desk 120cm,furniture,2,449.00,898.00,completed,2026-07-21T21:24:42+00:00
ORD-042002,7,5,Over-ear Headphones,audio,4,199.95,799.80,completed,2026-07-21T04:18:35+00:00
ORD-042003,4,8,Ergonomic Chair,furniture,5,612.75,3063.75,cancelled,2026-07-21T09:36:13+00:00
ORD-042004,7,8,Ergonomic Chair,furniture,2,612.75,1225.50,pending,2026-07-21T17:37:45+00:00
ORD-042005,10,3,27in 1440p Monitor,displays,2,319.99,639.98,pending,2026-07-21T21:45:50+00:00
ORD-042006,10,3,27in 1440p Monitor,displays,4,319.99,1279.96,refunded,2026-07-21T21:59:21+00:00
ORD-042007,5,5,Over-ear Headphones,audio,5,199.95,999.75,completed,2026-07-21T08:49:08+00:00
ORD-042008,2,5,Over-ear Headphones,audio,5,199.95,999.75,refunded,2026-07-21T11:56:46+00:00
ORD-042009,2,5,Over-ear Headphones,audio,5,199.95,999.75,pending,2026-07-21T11:12:32+00:00
ORD-042010,10,6,Desk Speakers Pair,audio,1,89.00,89.00,completed,2026-07-21T23:34:43+00:00
ORD-042011,8,9,USB-C Hub 8-in-1,accessories,2,39.99,79.98,completed,2026-07-21T00:14:30+00:00
ORD-042012,4,8,Ergonomic Chair,furniture,5,612.75,3063.75,completed,2026-07-21T13:52:56+00:00
ORD-042013,1,2,Wireless Mouse,peripherals,3,49.50,148.50,pending,2026-07-21T16:58:19+00:00
ORD-042014,10,5,Over-ear Headphones,audio,2,199.95,399.90,cancelled,2026-07-21T09:35:51+00:00
ORD-042015,1,1,Mechanical Keyboard 75%,peripherals,1,129.00,129.00,refunded,2026-07-21T01:08:36+00:00
ORD-042016,2,6,Desk Speakers Pair,audio,3,89.00,267.00,refunded,2026-07-21T21:38:06+00:00
ORD-042017,7,6,Desk Speakers Pair,audio,2,89.00,178.00,completed,2026-07-21T02:49:56+00:00
ORD-042018,4,5,Over-ear Headphones,audio,3,199.95,599.85,completed,2026-07-21T01:59:14+00:00
ORD-042019,5,4,34in Ultrawide Monitor,displays,1,579.00,579.00,completed,2026-07-21T15:02:33+00:00
ORD-042020,9,9,USB-C Hub 8-in-1,accessories,1,39.99,39.99,refunded,2026-07-21T21:24:43+00:00
ORD-042021,8,8,Ergonomic Chair,furniture,5,612.75,3063.75,completed,2026-07-21T16:54:21+00:00
ORD-042022,1,9,USB-C Hub 8-in-1,accessories,1,39.99,39.99,cancelled,2026-07-21T17:43:39+00:00
ORD-042023,6,7,Standing Desk 120cm,furniture,5,449.00,2245.00,pending,2026-07-21T07:47:09+00:00
ORD-042024,4,7,Standing Desk 120cm,furniture,3,449.00,1347.00,cancelled,2026-07-21T02:49:44+00:00
ORD-042025,9,10,Laptop Stand Aluminium,accessories,1,27.50,27.50,completed,2026-07-21T00:07:07+00:00
ORD-042026,4,10,Laptop Stand Aluminium,accessories,4,27.50,110.00,pending,2026-07-21T04:16:17+00:00
ORD-042027,2,6,Desk Speakers Pair,audio,3,89.00,267.00,refunded,2026-07-21T02:32:27+00:00
ORD-042028,4,4,34in Ultrawide Monitor,displays,5,579.00,2895.00,refunded,2026-07-21T22:22:06+00:00
ORD-042029,1,10,Laptop Stand Aluminium,accessories,4,27.50,110.00,refunded,2026-07-21T03:43:34+00:00
ORD-042030,2,7,Standing Desk 120cm,furniture,2,449.00,898.00,completed,2026-07-21T08:19:39+00:00
ORD-042031,3,10,Laptop Stand Aluminium,accessories,2,27.50,55.00,cancelled,2026-07-21T18:33:14+00:00
ORD-042032,5,9,USB-C Hub 8-in-1,accessories,3,39.99,119.97,refunded,2026-07-21T23:09:49+00:00
ORD-042033,1,2,Wireless Mouse,peripherals,4,49.50,198.00,cancelled,2026-07-21T04:16:18+00:00
ORD-042034,3,3,27in 1440p Monitor,displays,1,319.99,319.99,pending,2026-07-21T17:55:59+00:00
ORD-042035,6,4,34in Ultrawide Monitor,displays,1,579.00,579.00,cancelled,2026-07-21T14:13:53+00:00
ORD-042036,10,5,Over-ear Headphones,audio,2,199.95,399.90,refunded,2026-07-21T13:37:13+00:00
ORD-042037,2,1,Mechanical Keyboard 75%,peripherals,1,129.00,129.00,completed,2026-07-21T12:40:17+00:00
ORD-042038,8,4,34in Ultrawide Monitor,displays,5,579.00,2895.00,cancelled,2026-07-21T18:23:57+00:00
ORD-042039,10,8,Ergonomic Chair,furniture,4,612.75,2451.00,completed,2026-07-21T00:06:53+00:00
ORD-042040,6,5,Over-ear Headphones,audio,2,199.95,399.90,cancelled,2026-07-21T02:45:52+00:00
ORD-042041,3,10,Laptop Stand Aluminium,accessories,3,27.50,82.50,cancelled,2026-07-21T04:32:01+00:00
ORD-042042,4,3,27in 1440p Monitor,displays,5,319.99,1599.95,pending,2026-07-21T00:22:18+00:00
ORD-042043,3,1,Mechanical Keyboard 75%,peripherals,1,129.00,129.00,cancelled,2026-07-21T12:53:08+00:00
ORD-042044,2,4,34in Ultrawide Monitor,displays,1,579.00,579.00,pending,2026-07-21T16:10:18+00:00
ORD-042045,2,3,27in 1440p Monitor,displays,1,319.99,319.99,pending,2026-07-21T19:31:58+00:00
ORD-042046,4,2,Wireless Mouse,peripherals,2,49.50,99.00,pending,2026-07-21T13:12:06+00:00
ORD-042047,2,3,27in 1440p Monitor,displays,2,319.99,639.98,pending,2026-07-21T13:25:01+00:00
ORD-042048,4,10,Laptop Stand Aluminium,accessories,3,27.50,82.50,refunded,2026-07-21T09:59:24+00:00
ORD-042049,10,6,Desk Speakers Pair,audio,4,89.00,356.00,pending,2026-07-21T06:04:49+00:00
ORD-042050,1,5,Over-ear Headphones,audio,3,199.95,599.85,refunded,2026-07-21T17:20:38+00:00
ORD-042051,1,1,Mechanical Keyboard 75%,peripherals,5,129.00,645.00,cancelled,2026-07-21T00:08:07+00:00
ORD-042052,1,10,Laptop Stand Aluminium,accessories,3,27.50,82.50,refunded,2026-07-21T13:46:48+00:00
ORD-042053,9,8,Ergonomic Chair,furniture,4,612.75,2451.00,completed,2026-07-21T06:51:25+00:00
ORD-042054,5,3,27in 1440p Monitor,displays,4,319.99,1279.96,refunded,2026-07-21T06:20:55+00:00
ORD-042055,9,4,34in Ultrawide Monitor,displays,1,579.00,579.00,completed,2026-07-21T04:13:16+00:00
ORD-042056,3,9,USB-C Hub 8-in-1,accessories,3,39.99,119.97,cancelled,2026-07-21T12:53:27+00:00
ORD-042057,3,4,34in Ultrawide Monitor,displays,2,579.00,1158.00,cancelled,2026-07-21T06:30:43+00:00
ORD-042058,8,8,Ergonomic Chair,furniture,5,612.75,3063.75,pending,2026-07-21T20:05:53+00:00
ORD-042059,3,1,Mechanical Keyboard 75%,peripherals,4,129.00,516.00,cancelled,2026-07-21T14:28:30+00:00
ORD-042060,2,3,27in 1440p Monitor,displays,5,319.99,1599.95,pending,2026-07-21T12:25:46+00:00
ORD-042061,2,6,Desk Speakers Pair,audio,3,89.00,267.00,refunded,2026-07-21T00:16:57+00:00
ORD-042062,9,8,Ergonomic Chair,furniture,3,612.75,1838.25,refunded,2026-07-21T03:28:39+00:00
ORD-042063,4,7,Standing Desk 120cm,furniture,4,449.00,1796.00,refunded,2026-07-21T02:19:30+00:00
ORD-042064,7,5,Over-ear Headphones,audio,1,199.95,199.95,pending,2026-07-21T05:46:39+00:00
ORD-042065,10,8,Ergonomic Chair,furniture,4,612.75,2451.00,completed,2026-07-21T12:45:00+00:00
ORD-042066,9,1,Mechanical Keyboard 75%,peripherals,5,129.00,645.00,cancelled,2026-07-21T22:17:18+00:00
ORD-042067,6,7,Standing Desk 120cm,furniture,2,449.00,898.00,completed,2026-07-21T19:06:21+00:00
ORD-042068,8,10,Laptop Stand Aluminium,accessories,5,27.50,137.50,pending,2026-07-21T19:40:22+00:00
ORD-042069,1,8,Ergonomic Chair,furniture,3,612.75,1838.25,completed,2026-07-21T02:21:21+00:00
ORD-042070,5,9,USB-C Hub 8-in-1,accessories,1,39.99,39.99,cancelled,2026-07-21T18:23:08+00:00
ORD-042071,10,10,Laptop Stand Aluminium,accessories,2,27.50,55.00,refunded,2026-07-21T22:23:22+00:00
ORD-042072,5,5,Over-ear Headphones,audio,1,199.95,199.95,completed,2026-07-21T08:14:16+00:00
ORD-042073,6,4,34in Ultrawide Monitor,displays,1,579.00,579.00,refunded,2026-07-21T04:48:21+00:00
ORD-042074,5,4,34in Ultrawide Monitor,displays,2,579.00,1158.00,pending,2026-07-21T16:47:53+00:00
ORD-042075,6,2,Wireless Mouse,peripherals,4,49.50,198.00,completed,2026-07-21T17:38:53+00:00
ORD-042076,2,9,USB-C Hub 8-in-1,accessories,4,39.99,159.96,cancelled,2026-07-21T21:36:41+00:00
ORD-042077,8,2,Wireless Mouse,peripherals,5,49.50,247.50,refunded,2026-07-21T09:51:56+00:00
ORD-042078,2,5,Over-ear Headphones,audio,3,199.95,599.85,pending,2026-07-21T22:53:42+00:00
ORD-042079,6,7,Standing Desk 120cm,furniture,5,449.00,2245.00,refunded,2026-07-21T16:39:59+00:00
ORD-042080,3,9,USB-C Hub 8-in-1,accessories,2,39.99,79.98,pending,2026-07-21T03:49:25+00:00
ORD-042081,3,8,Ergonomic Chair,furniture,5,612.75,3063.75,refunded,2026-07-21T07:26:24+00:00
ORD-042082,5,5,Over-ear Headphones,audio,1,199.95,199.95,refunded,2026-07-21T00:18:06+00:00
ORD-042083,1,4,34in Ultrawide Monitor,displays,1,579.00,579.00,pending,2026-07-21T12:32:03+00:00
ORD-042084,7,5,Over-ear Headphones,audio,4,199.95,799.80,cancelled,2026-07-21T07:24:00+00:00
ORD-042085,5,1,Mechanical Keyboard 75%,peripherals,5,129.00,645.00,cancelled,2026-07-21T14:28:51+00:00
ORD-042086,8,9,USB-C Hub 8-in-1,accessories,4,39.99,159.96,refunded,2026-07-21T12:41:02+00:00
ORD-042087,2,4,34in Ultrawide Monitor,displays,1,579.00,579.00,pending,2026-07-21T06:54:46+00:00
ORD-042088,10,1,Mechanical Keyboard 75%,peripherals,2,129.00,258.00,cancelled,2026-07-21T15:05:36+00:00
ORD-042089,7,1,Mechanical Keyboard 75%,peripherals,4,129.00,516.00,completed,2026-07-21T16:48:26+00:00
ORD-042090,8,9,USB-C Hub 8-in-1,accessories,3,39.99,119.97,pending,2026-07-21T09:20:45+00:00
ORD-042091,6,6,Desk Speakers Pair,audio,1,89.00,89.00,refunded,2026-07-21T07:08:24+00:00
ORD-042092,1,8,Ergonomic Chair,furniture,5,612.75,3063.75,pending,2026-07-21T10:29:00+00:00
ORD-042093,4,5,Over-ear Headphones,audio,2,199.95,399.90,refunded,2026-07-21T21:21:26+00:00
ORD-042094,7,4,34in Ultrawide Monitor,displays,1,579.00,579.00,cancelled,2026-07-21T07:01:46+00:00
ORD-042095,4,9,USB-C Hub 8-in-1,accessories,1,39.99,39.99,completed,2026-07-21T16:49:37+00:00
ORD-042096,7,10,Laptop Stand Aluminium,accessories,3,27.50,82.50,pending,2026-07-21T07:15:15+00:00
ORD-042097,10,10,Laptop Stand Aluminium,accessories,1,27.50,27.50,completed,2026-07-21T08:35:22+00:00
ORD-042098,4,3,27in 1440p Monitor,displays,5,319.99,1599.95,completed,2026-07-21T20:15:46+00:00
ORD-042099,6,10,Laptop Stand Aluminium,accessories,4,27.50,110.00,refunded,2026-07-21T20:00:49+00:00
ORD-042100,10,2,Wireless Mouse,peripherals,5,49.50,247.50,refunded,2026-07-21T14:46:06+00:00
ORD-042101,3,6,Desk Speakers Pair,audio,3,89.00,267.00,completed,2026-07-21T23:21:10+00:00
ORD-042102,10,1,Mechanical Keyboard 75%,peripherals,2,129.00,258.00,cancelled,2026-07-21T17:23:53+00:00
ORD-042103,6,9,USB-C Hub 8-in-1,accessories,2,39.99,79.98,completed,2026-07-21T12:28:52+00:00
ORD-042104,2,1,Mechanical Keyboard 75%,peripherals,3,129.00,387.00,completed,2026-07-21T00:38:01+00:00
ORD-042105,9,6,Desk Speakers Pair,audio,1,89.00,89.00,refunded,2026-07-21T02:05:55+00:00
ORD-042106,3,8,Ergonomic Chair,furniture,2,612.75,1225.50,cancelled,2026-07-21T01:04:40+00:00
ORD-042107,4,8,Ergonomic Chair,furniture,3,612.75,1838.25,refunded,2026-07-21T10:15:23+00:00
ORD-042108,6,8,Ergonomic Chair,furniture,4,612.75,2451.00,refunded,2026-07-21T18:07:18+00:00
ORD-042109,6,1,Mechanical Keyboard 75%,peripherals,5,129.00,645.00,pending,2026-07-21T20:49:51+00:00
ORD-042110,10,9,USB-C Hub 8-in-1,accessories,5,39.99,199.95,cancelled,2026-07-21T13:17:29+00:00
ORD-042111,8,9,USB-C Hub 8-in-1,accessories,5,39.99,199.95,completed,2026-07-21T15:02:30+00:00
ORD-042112,6,9,USB-C Hub 8-in-1,accessories,3,39.99,119.97,pending,2026-07-21T10:10:03+00:00
ORD-042113,9,3,27in 1440p Monitor,displays,5,319.99,1599.95,cancelled,2026-07-21T21:54:39+00:00
ORD-042114,5,9,USB-C Hub 8-in-1,accessories,4,39.99,159.96,refunded,2026-07-21T05:01:23+00:00
ORD-042115,1,5,Over-ear Headphones,audio,4,199.95,799.80,refunded,2026-07-21T09:50:46+00:00
ORD-042116,7,1,Mechanical Keyboard 75%,peripherals,4,129.00,516.00,pending,2026-07-21T23:49:44+00:00
ORD-042117,9,5,Over-ear Headphones,audio,5,199.95,999.75,pending,2026-07-21T20:42:26+00:00
ORD-042118,2,5,Over-ear Headphones,audio,3,199.95,599.85,cancelled,2026-07-21T16:30:59+00:00
ORD-042119,4,10,Laptop Stand Aluminium,accessories,3,27.50,82.50,refunded,2026-07-21T10:58:03+00:00
ORD-042120,1,8,Ergonomic Chair,furniture,5,612.75,3063.75,cancelled,2026-07-21T20:46:21+00:00
ORD-042121,6,6,Desk Speakers Pair,audio,5,89.00,445.00,pending,2026-07-21T14:33:41+00:00
ORD-042122,10,6,Desk Speakers Pair,audio,3,89.00,267.00,completed,2026-07-21T23:46:28+00:00
ORD-042123,9,8,Ergonomic Chair,furniture,2,612.75,1225.50,completed,2026-07-21T06:51:50+00:00
ORD-042124,10,4,34in Ultrawide Monitor,displays,3,579.00,1737.00,completed,2026-07-21T02:08:14+00:00
ORD-042125,3,10,Laptop Stand Aluminium,accessories,5,27.50,137.50,refunded,2026-07-21T22:57:10+00:00
ORD-042126,1,5,Over-ear Headphones,audio,1,199.95,199.95,refunded,2026-07-21T07:01:50+00:00
ORD-042127,5,5,Over-ear Headphones,audio,2,199.95,399.90,completed,2026-07-21T03:05:12+00:00
ORD-042128,4,2,Wireless Mouse,peripherals,3,49.50,148.50,completed,2026-07-21T22:21:20+00:00
ORD-042129,1,8,Ergonomic Chair,furniture,1,612.75,612.75,refunded,2026-07-21T02:22:50+00:00
ORD-042130,2,8,Ergonomic Chair,furniture,4,612.75,2451.00,refunded,2026-07-21T14:56:23+00:00
ORD-042131,10,7,Standing Desk 120cm,furniture,4,449.00,1796.00,refunded,2026-07-21T03:41:43+00:00
ORD-042132,2,4,34in Ultrawide Monitor,displays,1,579.00,579.00,completed,2026-07-21T05:08:20+00:00
ORD-042133,10,1,Mechanical Keyboard 75%,peripherals,2,129.00,258.00,refunded,2026-07-21T08:46:24+00:00
ORD-042134,3,5,Over-ear Headphones,audio,4,199.95,799.80,refunded,2026-07-21T20:03:23+00:00
ORD-042135,9,10,Laptop Stand Aluminium,accessories,4,27.50,110.00,completed,2026-07-21T08:56:58+00:00
ORD-042136,7,7,Standing Desk 120cm,furniture,5,449.00,2245.00,refunded,2026-07-21T22:40:23+00:00
ORD-042137,1,8,Ergonomic Chair,furniture,3,612.75,1838.25,refunded,2026-07-21T04:19:17+00:00
ORD-042138,9,3,27in 1440p Monitor,displays,1,319.99,319.99,cancelled,2026-07-21T13:15:59+00:00
ORD-042139,3,8,Ergonomic Chair,furniture,1,612.75,612.75,cancelled,2026-07-21T06:36:09+00:00
ORD-042140,1,8,Ergonomic Chair,furniture,3,612.75,1838.25,completed,2026-07-21T19:51:49+00:00
ORD-042141,4,3,27in 1440p Monitor,displays,5,319.99,1599.95,cancelled,2026-07-21T01:43:16+00:00
ORD-042142,5,8,Ergonomic Chair,furniture,4,612.75,2451.00,refunded,2026-07-21T15:25:33+00:00
ORD-042143,7,3,27in 1440p Monitor,displays,4,319.99,1279.96,pending,2026-07-21T18:10:29+00:00
ORD-042144,9,8,Ergonomic Chair,furniture,4,612.75,2451.00,cancelled,2026-07-21T19:41:20+00:00
ORD-042145,9,7,Standing Desk 120cm,furniture,3,449.00,1347.00,refunded,2026-07-21T02:58:56+00:00
ORD-042146,7,1,Mechanical Keyboard 75%,peripherals,1,129.00,129.00,cancelled,2026-07-21T08:13:38+00:00
ORD-042147,4,10,Laptop Stand Aluminium,accessories,3,27.50,82.50,cancelled,2026-07-21T15:01:14+00:00
ORD-042148,5,6,Desk Speakers Pair,audio,2,89.00,178.00,completed,2026-07-21T04:08:57+00:00
ORD-042149,6,9,USB-C Hub 8-in-1,accessories,2,39.99,79.98,cancelled,2026-07-21T11:50:19+00:00
ORD-042150,7,6,Desk Speakers Pair,audio,5,89.00,445.00,pending,2026-07-21T10:27:02+00:00
ORD-042151,2,3,27in 1440p Monitor,displays,4,319.99,1279.96,completed,2026-07-21T20:43:44+00:00
ORD-042152,9,4,34in Ultrawide Monitor,displays,4,579.00,2316.00,refunded,2026-07-21T10:13:41+00:00
ORD-042153,5,8,Ergonomic Chair,furniture,1,612.75,612.75,refunded,2026-07-21T00:17:29+00:00
ORD-042154,5,1,Mechanical Keyboard 75%,peripherals,2,129.00,258.00,pending,2026-07-21T20:26:08+00:00
ORD-042155,3,6,Desk Speakers Pair,audio,5,89.00,445.00,cancelled,2026-07-21T03:44:41+00:00
ORD-042156,2,6,Desk Speakers Pair,audio,5,89.00,445.00,completed,2026-07-21T03:21:23+00:00
ORD-042157,1,2,Wireless Mouse,peripherals,2,49.50,99.00,cancelled,2026-07-21T15:16:54+00:00
ORD-042158,10,6,Desk Speakers Pair,audio,1,89.00,89.00,completed,2026-07-21T16:26:25+00:00
ORD-042159,8,2,Wireless Mouse,peripherals,3,49.50,148.50,cancelled,2026-07-21T03:20:12+00:00
ORD-042160,5,9,USB-C Hub 8-in-1,accessories,4,39.99,159.96,refunded,2026-07-21T08:00:26+00:00
ORD-042161,3,5,Over-ear Headphones,audio,4,199.95,799.80,refunded,2026-07-21T23:52:44+00:00
ORD-042162,4,3,27in 1440p Monitor,displays,3,319.99,959.97,refunded,2026-07-21T18:06:40+00:00
ORD-042163,2,5,Over-ear Headphones,audio,5,199.95,999.75,pending,2026-07-21T08:02:20+00:00
ORD-042164,3,1,Mechanical Keyboard 75%,peripherals,5,129.00,645.00,completed,2026-07-21T01:25:59+00:00
ORD-042165,9,9,USB-C Hub 8-in-1,accessories,1,39.99,39.99,cancelled,2026-07-21T20:38:19+00:00
ORD-042166,9,3,27in 1440p Monitor,displays,2,319.99,639.98,cancelled,2026-07-21T23:38:44+00:00
ORD-042167,4,8,Ergonomic Chair,furniture,2,612.75,1225.50,cancelled,2026-07-21T02:18:34+00:00
ORD-042168,8,2,Wireless Mouse,peripherals,5,49.50,247.50,pending,2026-07-21T14:29:04+00:00
ORD-042169,7,6,Desk Speakers Pair,audio,3,89.00,267.00,completed,2026-07-21T02:31:01+00:00
ORD-042170,1,9,USB-C Hub 8-in-1,accessories,2,39.99,79.98,completed,2026-07-21T13:43:35+00:00
ORD-042171,3,8,Ergonomic Chair,furniture,4,612.75,2451.00,pending,2026-07-21T05:02:26+00:00
ORD-042172,9,3,27in 1440p Monitor,displays,4,319.99,1279.96,pending,2026-07-21T15:31:33+00:00
ORD-042173,7,7,Standing Desk 120cm,furniture,1,449.00,449.00,refunded,2026-07-21T22:18:36+00:00
ORD-042174,2,7,Standing Desk 120cm,furniture,2,449.00,898.00,completed,2026-07-21T10:44:46+00:00
ORD-042175,4,3,27in 1440p Monitor,displays,5,319.99,1599.95,cancelled,2026-07-21T00:31:14+00:00
ORD-042176,3,2,Wireless Mouse,peripherals,5,49.50,247.50,cancelled,2026-07-21T01:38:38+00:00
ORD-042177,8,9,USB-C Hub 8-in-1,accessories,1,39.99,39.99,cancelled,2026-07-21T20:02:19+00:00
ORD-042178,2,5,Over-ear Headphones,audio,4,199.95,799.80,cancelled,2026-07-21T05:56:33+00:00
ORD-042179,4,7,Standing Desk 120cm,furniture,4,449.00,1796.00,cancelled,2026-07-21T08:33:46+00:00
ORD-042180,9,7,Standing Desk 120cm,furniture,2,449.00,898.00,pending,2026-07-21T02:11:14+00:00
ORD-042181,2,4,34in Ultrawide Monitor,displays,5,579.00,2895.00,completed,2026-07-21T02:04:35+00:00
ORD-042182,4,2,Wireless Mouse,peripherals,5,49.50,247.50,completed,2026-07-21T06:44:03+00:00
ORD-042183,7,10,Laptop Stand Aluminium,accessories,4,27.50,110.00,completed,2026-07-21T05:07:30+00:00
ORD-042184,3,6,Desk Speakers Pair,audio,4,89.00,356.00,cancelled,2026-07-21T02:06:12+00:00
ORD-042185,7,4,34in Ultrawide Monitor,displays,4,579.00,2316.00,cancelled,2026-07-21T00:46:33+00:00
ORD-042186,1,6,Desk Speakers Pair,audio,4,89.00,356.00,refunded,2026-07-21T02:19:00+00:00
ORD-042187,7,8,Ergonomic Chair,furniture,1,612.75,612.75,completed,2026-07-21T07:48:30+00:00
ORD-042188,10,8,Ergonomic Chair,furniture,1,612.75,612.75,pending,2026-07-21T07:27:27+00:00
ORD-042189,8,9,USB-C Hub 8-in-1,accessories,2,39.99,79.98,cancelled,2026-07-21T23:27:36+00:00
ORD-042190,9,10,Laptop Stand Aluminium,accessories,5,27.50,137.50,refunded,2026-07-21T10:58:33+00:00
ORD-042191,10,9,USB-C Hub 8-in-1,accessories,4,39.99,159.96,pending,2026-07-21T02:05:13+00:00
ORD-042192,3,2,Wireless Mouse,peripherals,2,49.50,99.00,completed,2026-07-21T16:48:40+00:00
ORD-042193,4,3,27in 1440p Monitor,displays,5,319.99,1599.95,cancelled,2026-07-21T01:15:52+00:00
ORD-042194,7,2,Wireless Mouse,peripherals,5,49.50,247.50,refunded,2026-07-21T09:50:57+00:00
ORD-042195,4,6,Desk Speakers Pair,audio,1,89.00,89.00,pending,2026-07-21T23:50:32+00:00
ORD-042196,4,9,USB-C Hub 8-in-1,accessories,4,39.99,159.96,pending,2026-07-21T19:20:42+00:00
ORD-042197,4,5,Over-ear Headphones,audio,3,199.95,599.85,cancelled,2026-07-21T12:17:13+00:00
ORD-042198,3,8,Ergonomic Chair,furniture,1,612.75,612.75,completed,2026-07-21T02:52:06+00:00
ORD-042199,3,8,Ergonomic Chair,furniture,5,612.75,3063.75,cancelled,2026-07-21T05:49:00+00:00
ORD-042200,5,9,USB-C Hub 8-in-1,accessories,1,39.99,39.99,cancelled,2026-07-21T13:43:13+00:00
ORD-042201,5,10,Laptop Stand Aluminium,accessories,1,27.50,27.50,pending,2026-07-21T05:34:31+00:00
ORD-042202,3,6,Desk Speakers Pair,audio,3,89.00,267.00,refunded,2026-07-21T11:42:58+00:00
ORD-042203,6,9,USB-C Hub 8-in-1,accessories,2,39.99,79.98,pending,2026-07-21T20:58:52+00:00
ORD-042204,4,9,USB-C Hub 8-in-1,accessories,3,39.99,119.97,cancelled,2026-07-21T14:17:35+00:00
ORD-042205,7,6,Desk Speakers Pair,audio,2,89.00,178.00,refunded,2026-07-21T00:38:03+00:00
ORD-042206,3,6,Desk Speakers Pair,audio,5,89.00,445.00,refunded,2026-07-21T13:00:40+00:00
ORD-042207,5,7,Standing Desk 120cm,furniture,4,449.00,1796.00,completed,2026-07-21T13:17:21+00:00
ORD-042208,9,6,Desk Speakers Pair,audio,4,89.00,356.00,completed,2026-07-21T16:06:00+00:00
ORD-042209,7,8,Ergonomic Chair,furniture,1,612.75,612.75,completed,2026-07-21T13:48:03+00:00
ORD-042210,3,4,34in Ultrawide Monitor,displays,1,579.00,579.00,pending,2026-07-21T07:50:26+00:00
ORD-042211,6,8,Ergonomic Chair,furniture,2,612.75,1225.50,completed,2026-07-21T11:02:37+00:00
ORD-042212,8,5,Over-ear Headphones,audio,5,199.95,999.75,pending,2026-07-21T14:20:29+00:00
ORD-042213,10,4,34in Ultrawide Monitor,displays,1,579.00,579.00,cancelled,2026-07-21T22:06:36+00:00
ORD-042214,9,5,Over-ear Headphones,audio,3,199.95,599.85,refunded,2026-07-21T00:03:26+00:00
ORD-042215,6,5,Over-ear Headphones,audio,2,199.95,399.90,refunded,2026-07-21T01:28:32+00:00
ORD-042216,10,4,34in Ultrawide Monitor,displays,5,579.00,2895.00,refunded,2026-07-21T19:52:35+00:00
ORD-042217,4,6,Desk Speakers Pair,audio,2,89.00,178.00,pending,2026-07-21T01:00:23+00:00
ORD-042218,9,9,USB-C Hub 8-in-1,accessories,2,39.99,79.98,refunded,2026-07-21T20:16:35+00:00
ORD-042219,3,7,Standing Desk 120cm,furniture,1,449.00,449.00,cancelled,2026-07-21T22:14:35+00:00
ORD-042220,7,5,Over-ear Headphones,audio,5,199.95,999.75,cancelled,2026-07-21T06:15:43+00:00
ORD-042221,4,8,Ergonomic Chair,furniture,2,612.75,1225.50,refunded,2026-07-21T01:56:25+00:00
ORD-042222,6,10,Laptop Stand Aluminium,accessories,2,27.50,55.00,completed,2026-07-21T18:23:42+00:00
ORD-042223,4,5,Over-ear Headphones,audio,1,199.95,199.95,pending,2026-07-21T18:21:37+00:00
ORD-042224,10,6,Desk Speakers Pair,audio,2,89.00,178.00,pending,2026-07-21T10:03:37+00:00
ORD-042225,2,3,27in 1440p Monitor,displays,2,319.99,639.98,completed,2026-07-21T13:58:35+00:00
ORD-042226,7,6,Desk Speakers Pair,audio,5,89.00,445.00,cancelled,2026-07-21T02:59:25+00:00
ORD-042227,10,10,Laptop Stand Aluminium,accessories,5,27.50,137.50,completed,2026-07-21T14:27:41+00:00
ORD-042228,8,3,27in 1440p Monitor,displays,3,319.99,959.97,refunded,2026-07-21T21:32:05+00:00
ORD-042229,9,7,Standing Desk 120cm,furniture,2,449.00,898.00,refunded,2026-07-21T23:05:57+00:00
ORD-042230,8,2,Wireless Mouse,peripherals,1,49.50,49.50,cancelled,2026-07-21T00:33:41+00:00
ORD-042231,8,4,34in Ultrawide Monitor,displays,2,579.00,1158.00,completed,2026-07-21T12:53:56+00:00
ORD-042232,5,1,Mechanical Keyboard 75%,peripherals,1,129.00,129.00,cancelled,2026-07-21T21:30:34+00:00
ORD-042233,7,8,Ergonomic Chair,furniture,2,612.75,1225.50,completed,2026-07-21T01:11:26+00:00
ORD-042234,6,8,Ergonomic Chair,furniture,3,612.75,1838.25,completed,2026-07-21T07:31:53+00:00
ORD-042235,10,9,USB-C Hub 8-in-1,accessories,4,39.99,159.96,pending,2026-07-21T17:37:59+00:00
ORD-042236,8,4,34in Ultrawide Monitor,displays,4,579.00,2316.00,pending,2026-07-21T07:54:57+00:00
ORD-042237,9,10,Laptop Stand Aluminium,accessories,4,27.50,110.00,refunded,2026-07-21T06:29:17+00:00
ORD-042238,9,2,Wireless Mouse,peripherals,3,49.50,148.50,refunded,2026-07-21T04:22:58+00:00
ORD-042239,3,9,USB-C Hub 8-in-1,accessories,4,39.99,159.96,refunded,2026-07-21T12:03:31+00:00
ORD-042240,8,9,USB-C Hub 8-in-1,accessories,4,39.99,159.96,completed,2026-07-21T02:34:32+00:00
ORD-042241,7,1,Mechanical Keyboard 75%,peripherals,3,129.00,387.00,pending,2026-07-21T22:21:32+00:00
ORD-042242,2,9,USB-C Hub 8-in-1,accessories,1,39.99,39.99,completed,2026-07-21T16:25:17+00:00
ORD-042243,3,9,USB-C Hub 8-in-1,accessories,2,39.99,79.98,pending,2026-07-21T05:12:44+00:00
ORD-042244,1,9,USB-C Hub 8-in-1,accessories,2,39.99,79.98,pending,2026-07-21T14:44:08+00:00
ORD-042245,9,6,Desk Speakers Pair,audio,4,89.00,356.00,cancelled,2026-07-21T15:02:11+00:00
ORD-042246,9,2,Wireless Mouse,peripherals,2,49.50,99.00,completed,2026-07-21T00:15:16+00:00
ORD-042247,8,4,34in Ultrawide Monitor,displays,4,579.00,2316.00,cancelled,2026-07-21T12:31:40+00:00
ORD-042248,6,10,Laptop Stand Aluminium,accessories,5,27.50,137.50,completed,2026-07-21T06:18:35+00:00
ORD-042249,1,3,27in 1440p Monitor,displays,1,319.99,319.99,cancelled,2026-07-21T08:06:19+00:00
ORD-042250,3,9,USB-C Hub 8-in-1,accessories,1,39.99,39.99,refunded,2026-07-21T20:39:14+00:00
ORD-042251,9,4,34in Ultrawide Monitor,displays,4,579.00,2316.00,completed,2026-07-21T15:53:50+00:00
ORD-042252,2,10,Laptop Stand Aluminium,accessories,2,27.50,55.00,cancelled,2026-07-21T13:57:13+00:00
ORD-042253,7,1,Mechanical Keyboard 75%,peripherals,2,129.00,258.00,refunded,2026-07-21T07:09:24+00:00
ORD-042254,5,7,Standing Desk 120cm,furniture,3,449.00,1347.00,pending,2026-07-21T14:47:12+00:00
ORD-042255,9,1,Mechanical Keyboard 75%,peripherals,4,129.00,516.00,completed,2026-07-21T05:21:38+00:00
ORD-042256,8,5,Over-ear Headphones,audio,1,199.95,199.95,cancelled,2026-07-21T12:15:21+00:00
ORD-042257,2,9,USB-C Hub 8-in-1,accessories,3,39.99,119.97,completed,2026-07-21T15:04:20+00:00
ORD-042258,7,5,Over-ear Headphones,audio,1,199.95,199.95,cancelled,2026-07-21T19:12:04+00:00
ORD-042259,7,2,Wireless Mouse,peripherals,3,49.50,148.50,completed,2026-07-21T00:38:43+00:00
ORD-042260,4,9,USB-C Hub 8-in-1,accessories,1,39.99,39.99,pending,2026-07-21T19:30:34+00:00
ORD-042261,5,4,34in Ultrawide Monitor,displays,3,579.00,1737.00,refunded,2026-07-21T02:10:19+00:00
ORD-042262,3,10,Laptop Stand Aluminium,accessories,1,27.50,27.50,cancelled,2026-07-21T03:00:15+00:00
ORD-042263,5,10,Laptop Stand Aluminium,accessories,2,27.50,55.00,pending,2026-07-21T21:34:08+00:00
ORD-042264,7,7,Standing Desk 120cm,furniture,2,449.00,898.00,cancelled,2026-07-21T06:35:34+00:00
ORD-042265,6,9,USB-C Hub 8-in-1,accessories,5,39.99,199.95,refunded,2026-07-21T10:11:36+00:00
ORD-042266,1,8,Ergonomic Chair,furniture,2,612.75,1225.50,cancelled,2026-07-21T10:28:29+00:00
ORD-042267,6,10,Laptop Stand Aluminium,accessories,5,27.50,137.50,pending,2026-07-21T22:34:36+00:00
ORD-042268,9,1,Mechanical Keyboard 75%,peripherals,3,129.00,387.00,cancelled,2026-07-21T22:21:13+00:00
ORD-042269,2,2,Wireless Mouse,peripherals,3,49.50,148.50,completed,2026-07-21T05:56:37+00:00
ORD-042270,3,5,Over-ear Headphones,audio,5,199.95,999.75,refunded,2026-07-21T20:10:46+00:00
ORD-042271,9,9,USB-C Hub 8-in-1,accessories,5,39.99,199.95,pending,2026-07-21T09:26:48+00:00
ORD-042272,9,2,Wireless Mouse,peripherals,5,49.50,247.50,refunded,2026-07-21T16:23:51+00:00
ORD-042273,1,5,Over-ear Headphones,audio,2,199.95,399.90,completed,2026-07-21T14:00:01+00:00
ORD-042274,8,4,34in Ultrawide Monitor,displays,3,579.00,1737.00,refunded,2026-07-21T19:17:43+00:00
ORD-042275,8,10,Laptop Stand Aluminium,accessories,3,27.50,82.50,pending,2026-07-21T06:15:08+00:00
ORD-042276,5,5,Over-ear Headphones,audio,4,199.95,799.80,refunded,2026-07-21T05:45:28+00:00
ORD-042277,10,6,Desk Speakers Pair,audio,3,89.00,267.00,pending,2026-07-21T11:12:43+00:00
ORD-042278,6,1,Mechanical Keyboard 75%,peripherals,4,129.00,516.00,completed,2026-07-21T11:07:23+00:00
ORD-042279,4,5,Over-ear Headphones,audio,3,199.95,599.85,cancelled,2026-07-21T00:00:25+00:00
ORD-042280,8,8,Ergonomic Chair,furniture,3,612.75,1838.25,completed,2026-07-21T20:27:00+00:00
ORD-042281,3,3,27in 1440p Monitor,displays,4,319.99,1279.96,completed,2026-07-21T22:11:56+00:00
ORD-042282,4,4,34in Ultrawide Monitor,displays,5,579.00,2895.00,pending,2026-07-21T03:28:53+00:00
ORD-042283,4,8,Ergonomic Chair,furniture,2,612.75,1225.50,refunded,2026-07-21T00:13:18+00:00
ORD-042284,3,4,34in Ultrawide Monitor,displays,1,579.00,579.00,completed,2026-07-21T13:15:06+00:00
ORD-042285,5,10,Laptop Stand Aluminium,accessories,4,27.50,110.00,completed,2026-07-21T16:29:25+00:00
ORD-042286,3,10,Laptop Stand Aluminium,accessories,5,27.50,137.50,pending,2026-07-21T02:41:27+00:00
ORD-042287,10,6,Desk Speakers Pair,audio,2,89.00,178.00,refunded,2026-07-21T16:23:34+00:00
ORD-042288,8,2,Wireless Mouse,peripherals,2,49.50,99.00,refunded,2026-07-21T17:37:03+00:00
ORD-042289,5,9,USB-C Hub 8-in-1,accessories,3,39.99,119.97,pending,2026-07-21T03:09:53+00:00
ORD-042290,5,1,Mechanical Keyboard 75%,peripherals,2,129.00,258.00,completed,2026-07-21T08:47:03+00:00
ORD-042291,6,10,Laptop Stand Aluminium,accessories,1,27.50,27.50,completed,2026-07-21T10:26:40+00:00
ORD-042292,10,4,34in Ultrawide Monitor,displays,1,579.00,579.00,completed,2026-07-21T00:12:05+00:00
ORD-042293,9,3,27in 1440p Monitor,displays,5,319.99,1599.95,pending,2026-07-21T03:29:03+00:00
ORD-042294,2,9,USB-C Hub 8-in-1,accessories,1,39.99,39.99,completed,2026-07-21T15:43:19+00:00
ORD-042295,3,10,Laptop Stand Aluminium,accessories,4,27.50,110.00,cancelled,2026-07-21T04:15:56+00:00
ORD-042296,9,7,Standing Desk 120cm,furniture,3,449.00,1347.00,pending,2026-07-21T18:04:42+00:00
ORD-042297,10,2,Wireless Mouse,peripherals,3,49.50,148.50,completed,2026-07-21T14:40:26+00:00
ORD-042298,1,3,27in 1440p Monitor,displays,1,319.99,319.99,pending,2026-07-21T20:10:41+00:00
ORD-042299,5,8,Ergonomic Chair,furniture,2,612.75,1225.50,cancelled,2026-07-21T19:41:00+00:00
ORD-042300,7,4,34in Ultrawide Monitor,displays,1,579.00,579.00,pending,2026-07-21T06:54:12+00:00
ORD-042301,1,6,Desk Speakers Pair,audio,1,89.00,89.00,refunded,2026-07-21T19:06:28+00:00
ORD-042302,1,2,Wireless Mouse,peripherals,3,49.50,148.50,cancelled,2026-07-21T03:23:30+00:00
ORD-042303,1,7,Standing Desk 120cm,furniture,2,449.00,898.00,pending,2026-07-21T23:03:20+00:00
ORD-042304,9,3,27in 1440p Monitor,displays,2,319.99,639.98,refunded,2026-07-21T14:37:32+00:00
ORD-042305,7,6,Desk Speakers Pair,audio,1,89.00,89.00,pending,2026-07-21T13:45:47+00:00
ORD-042306,10,3,27in 1440p Monitor,displays,4,319.99,1279.96,pending,2026-07-21T19:40:49+00:00
ORD-042307,10,1,Mechanical Keyboard 75%,peripherals,5,129.00,645.00,refunded,2026-07-21T20:24:37+00:00
ORD-042308,9,4,34in Ultrawide Monitor,displays,4,579.00,2316.00,refunded,2026-07-21T17:39:33+00:00
ORD-042309,8,9,USB-C Hub 8-in-1,accessories,3,39.99,119.97,refunded,2026-07-21T00:35:12+00:00
ORD-042310,4,1,Mechanical Keyboard 75%,peripherals,5,129.00,645.00,cancelled,2026-07-21T12:04:14+00:00
ORD-042311,3,1,Mechanical Keyboard 75%,peripherals,5,129.00,645.00,cancelled,2026-07-21T12:50:08+00:00
ORD-042312,2,1,Mechanical Keyboard 75%,peripherals,5,129.00,645.00,cancelled,2026-07-21T16:15:18+00:00
ORD-042313,8,5,Over-ear Headphones,audio,5,199.95,999.75,pending,2026-07-21T22:00:13+00:00
ORD-042314,1,9,USB-C Hub 8-in-1,accessories,3,39.99,119.97,pending,2026-07-21T00:38:24+00:00
ORD-042315,3,9,USB-C Hub 8-in-1,accessories,5,39.99,199.95,refunded,2026-07-21T22:14:41+00:00
ORD-042316,3,5,Over-ear Headphones,audio,1,199.95,199.95,cancelled,2026-07-21T19:41:27+00:00
ORD-042317,1,6,Desk Speakers Pair,audio,5,89.00,445.00,pending,2026-07-21T03:45:16+00:00
ORD-042318,1,2,Wireless Mouse,peripherals,3,49.50,148.50,completed,2026-07-21T10:39:57+00:00
ORD-042319,9,7,Standing Desk 120cm,furniture,4,449.00,1796.00,refunded,2026-07-21T06:55:06+00:00
ORD-042320,2,9,USB-C Hub 8-in-1,accessories,1,39.99,39.99,completed,2026-07-21T13:19:30+00:00
ORD-042321,3,9,USB-C Hub 8-in-1,accessories,2,39.99,79.98,completed,2026-07-21T01:42:04+00:00
ORD-042322,1,10,Laptop Stand Aluminium,accessories,4,27.50,110.00,pending,2026-07-21T22:30:29+00:00
ORD-042323,5,4,34in Ultrawide Monitor,displays,3,579.00,1737.00,cancelled,2026-07-21T23:26:44+00:00
ORD-042324,7,2,Wireless Mouse,peripherals,5,49.50,247.50,cancelled,2026-07-21T13:26:08+00:00
ORD-042325,9,9,USB-C Hub 8-in-1,accessories,5,39.99,199.95,pending,2026-07-21T23:02:30+00:00
ORD-042326,8,7,Standing Desk 120cm,furniture,4,449.00,1796.00,refunded,2026-07-21T10:28:54+00:00
ORD-042327,6,10,Laptop Stand Aluminium,accessories,1,27.50,27.50,cancelled,2026-07-21T18:16:57+00:00
ORD-042328,9,1,Mechanical Keyboard 75%,peripherals,2,129.00,258.00,cancelled,2026-07-21T02:45:46+00:00
ORD-042329,2,5,Over-ear Headphones,audio,3,199.95,599.85,pending,2026-07-21T08:24:20+00:00
ORD-042330,7,10,Laptop Stand Aluminium,accessories,1,27.50,27.50,completed,2026-07-21T16:21:51+00:00
ORD-042331,4,7,Standing Desk 120cm,furniture,5,449.00,2245.00,pending,2026-07-21T19:12:05+00:00
ORD-042332,1,6,Desk Speakers Pair,audio,5,89.00,445.00,cancelled,2026-07-21T18:07:41+00:00
ORD-042333,10,6,Desk Speakers Pair,audio,1,89.00,89.00,completed,2026-07-21T08:02:22+00:00
ORD-042334,3,7,Standing Desk 120cm,furniture,4,449.00,1796.00,completed,2026-07-21T00:57:57+00:00
ORD-042335,8,10,Laptop Stand Aluminium,accessories,5,27.50,137.50,pending,2026-07-21T05:48:02+00:00
ORD-042336,5,3,27in 1440p Monitor,displays,1,319.99,319.99,refunded,2026-07-21T21:24:17+00:00
ORD-042337,4,7,Standing Desk 120cm,furniture,1,449.00,449.00,completed,2026-07-21T18:37:31+00:00
ORD-042338,1,9,USB-C Hub 8-in-1,accessories,5,39.99,199.95,refunded,2026-07-21T18:29:40+00:00
ORD-042339,7,5,Over-ear Headphones,audio,5,199.95,999.75,refunded,2026-07-21T04:30:49+00:00
ORD-042340,2,6,Desk Speakers Pair,audio,2,89.00,178.00,pending,2026-07-21T13:09:51+00:00
ORD-042341,9,3,27in 1440p Monitor,displays,1,319.99,319.99,refunded,2026-07-21T07:28:23+00:00
ORD-042342,9,4,34in Ultrawide Monitor,displays,2,579.00,1158.00,refunded,2026-07-21T21:14:50+00:00
ORD-042343,8,7,Standing Desk 120cm,furniture,5,449.00,2245.00,refunded,2026-07-21T10:44:39+00:00
ORD-042344,10,8,Ergonomic Chair,furniture,5,612.75,3063.75,cancelled,2026-07-21T14:20:26+00:00
ORD-042345,10,7,Standing Desk 120cm,furniture,1,449.00,449.00,pending,2026-07-21T18:47:38+00:00
ORD-042346,2,4,34in Ultrawide Monitor,displays,2,579.00,1158.00,completed,2026-07-21T22:33:25+00:00
ORD-042347,10,6,Desk Speakers Pair,audio,4,89.00,356.00,pending,2026-07-21T14:16:56+00:00
ORD-042348,2,8,Ergonomic Chair,furniture,2,612.75,1225.50,refunded,2026-07-21T14:39:35+00:00
ORD-042349,10,5,Over-ear Headphones,audio,4,199.95,799.80,cancelled,2026-07-21T05:26:12+00:00
ORD-042350,8,10,Laptop Stand Aluminium,accessories,5,27.50,137.50,refunded,2026-07-21T03:19:28+00:00
ORD-042351,8,1,Mechanical Keyboard 75%,peripherals,4,129.00,516.00,completed,2026-07-21T16:49:22+00:00
ORD-042352,10,7,Standing Desk 120cm,furniture,2,449.00,898.00,pending,2026-07-21T09:22:20+00:00
ORD-042353,4,1,Mechanical Keyboard 75%,peripherals,1,129.00,129.00,pending,2026-07-21T16:24:51+00:00
ORD-042354,7,3,27in 1440p Monitor,displays,4,319.99,1279.96,pending,2026-07-21T16:09:33+00:00
ORD-042355,6,8,Ergonomic Chair,furniture,4,612.75,2451.00,cancelled,2026-07-21T14:06:38+00:00
ORD-042356,3,8,Ergonomic Chair,furniture,4,612.75,2451.00,cancelled,2026-07-21T02:02:11+00:00
ORD-042357,1,10,Laptop Stand Aluminium,accessories,5,27.50,137.50,pending,2026-07-21T04:35:34+00:00
ORD-042358,5,7,Standing Desk 120cm,furniture,1,449.00,449.00,cancelled,2026-07-21T23:02:29+00:00
ORD-042359,7,1,Mechanical Keyboard 75%,peripherals,4,129.00,516.00,pending,2026-07-21T07:25:14+00:00
ORD-042360,7,10,Laptop Stand Aluminium,accessories,4,27.50,110.00,cancelled,2026-07-21T04:15:23+00:00
ORD-042361,3,7,Standing Desk 120cm,furniture,4,449.00,1796.00,cancelled,2026-07-21T10:27:14+00:00
ORD-042362,1,8,Ergonomic Chair,furniture,4,612.75,2451.00,refunded,2026-07-21T11:13:09+00:00
ORD-042363,6,9,USB-C Hub 8-in-1,accessories,5,39.99,199.95,pending,2026-07-21T13:59:39+00:00
ORD-042364,5,2,Wireless Mouse,peripherals,2,49.50,99.00,completed,2026-07-21T20:23:49+00:00
ORD-042365,5,1,Mechanical Keyboard 75%,peripherals,5,129.00,645.00,cancelled,2026-07-21T09:25:19+00:00
ORD-042366,10,9,USB-C Hub 8-in-1,accessories,3,39.99,119.97,completed,2026-07-21T04:20:11+00:00
ORD-042367,8,6,Desk Speakers Pair,audio,1,89.00,89.00,completed,2026-07-21T10:49:40+00:00
ORD-042368,5,9,USB-C Hub 8-in-1,accessories,3,39.99,119.97,pending,2026-07-21T05:14:04+00:00
ORD-042369,1,4,34in Ultrawide Monitor,displays,5,579.00,2895.00,pending,2026-07-21T20:34:45+00:00
ORD-042370,1,7,Standing Desk 120cm,furniture,3,449.00,1347.00,completed,2026-07-21T23:06:57+00:00
ORD-042371,7,9,USB-C Hub 8-in-1,accessories,5,39.99,199.95,refunded,2026-07-21T09:40:50+00:00
ORD-042372,1,3,27in 1440p Monitor,displays,3,319.99,959.97,refunded,2026-07-21T10:59:58+00:00
ORD-042373,10,8,Ergonomic Chair,furniture,1,612.75,612.75,cancelled,2026-07-21T05:21:27+00:00
ORD-042374,5,1,Mechanical Keyboard 75%,peripherals,1,129.00,129.00,refunded,2026-07-21T23:14:47+00:00
ORD-042375,8,9,USB-C Hub 8-in-1,accessories,3,39.99,119.97,pending,2026-07-21T04:03:48+00:00
ORD-042376,8,2,Wireless Mouse,peripherals,3,49.50,148.50,cancelled,2026-07-21T04:00:51+00:00
ORD-042377,7,2,Wireless Mouse,peripherals,4,49.50,198.00,pending,2026-07-21T01:20:42+00:00
ORD-042378,5,2,Wireless Mouse,peripherals,3,49.50,148.50,completed,2026-07-21T04:33:04+00:00
ORD-042379,8,3,27in 1440p Monitor,displays,5,319.99,1599.95,cancelled,2026-07-21T14:58:30+00:00
ORD-042380,6,6,Desk Speakers Pair,audio,2,89.00,178.00,cancelled,2026-07-21T16:23:33+00:00
ORD-042381,10,5,Over-ear Headphones,audio,4,199.95,799.80,cancelled,2026-07-21T00:33:48+00:00
ORD-042382,6,5,Over-ear Headphones,audio,4,199.95,799.80,refunded,2026-07-21T22:20:13+00:00
ORD-042383,10,1,Mechanical Keyboard 75%,peripherals,5,129.00,645.00,pending,2026-07-21T01:01:06+00:00
ORD-042384,4,6,Desk Speakers Pair,audio,3,89.00,267.00,pending,2026-07-21T17:54:45+00:00
ORD-042385,6,10,Laptop Stand Aluminium,accessories,4,27.50,110.00,completed,2026-07-21T16:16:15+00:00
ORD-042386,5,5,Over-ear Headphones,audio,3,199.95,599.85,refunded,2026-07-21T23:48:09+00:00
ORD-042387,8,9,USB-C Hub 8-in-1,accessories,2,39.99,79.98,cancelled,2026-07-21T09:50:45+00:00
ORD-042388,6,3,27in 1440p Monitor,displays,5,319.99,1599.95,cancelled,2026-07-21T10:45:17+00:00
ORD-042389,3,4,34in Ultrawide Monitor,displays,3,579.00,1737.00,cancelled,2026-07-21T19:46:59+00:00
ORD-042390,10,6,Desk Speakers Pair,audio,3,89.00,267.00,refunded,2026-07-21T12:09:36+00:00
ORD-042391,2,1,Mechanical Keyboard 75%,peripherals,2,129.00,258.00,completed,2026-07-21T03:12:14+00:00
ORD-042392,3,10,Laptop Stand Aluminium,accessories,4,27.50,110.00,pending,2026-07-21T12:17:14+00:00
ORD-042393,6,2,Wireless Mouse,peripherals,3,49.50,148.50,cancelled,2026-07-21T07:02:01+00:00
ORD-042394,10,1,Mechanical Keyboard 75%,peripherals,5,129.00,645.00,cancelled,2026-07-21T22:35:18+00:00
ORD-042395,10,1,Mechanical Keyboard 75%,peripherals,3,129.00,387.00,cancelled,2026-07-21T16:59:30+00:00
ORD-042396,5,5,Over-ear Headphones,audio,5,199.95,999.75,cancelled,2026-07-21T14:38:08+00:00
ORD-042397,10,6,Desk Speakers Pair,audio,1,89.00,89.00,pending,2026-07-21T23:26:45+00:00
ORD-042398,5,4,34in Ultrawide Monitor,displays,5,579.00,2895.00,cancelled,2026-07-21T04:41:17+00:00
ORD-042399,10,8,Ergonomic Chair,furniture,5,612.75,3063.75,completed,2026-07-21T11:35:09+00:00
ORD-042400,6,4,34in Ultrawide Monitor,displays,5,579.00,2895.00,completed,2026-07-21T23:35:49+00:00
ORD-042401,8,2,Wireless Mouse,peripherals,1,49.50,49.50,cancelled,2026-07-21T18:44:23+00:00
ORD-042402,10,2,Wireless Mouse,peripherals,5,49.50,247.50,cancelled,2026-07-21T23:42:53+00:00
ORD-042403,5,3,27in 1440p Monitor,displays,4,319.99,1279.96,completed,2026-07-21T21:42:06+00:00
ORD-042404,6,10,Laptop Stand Aluminium,accessories,2,27.50,55.00,cancelled,2026-07-21T19:43:57+00:00
ORD-042405,9,5,Over-ear Headphones,audio,3,199.95,599.85,refunded,2026-07-21T19:26:52+00:00
ORD-042406,3,4,34in Ultrawide Monitor,displays,3,579.00,1737.00,refunded,2026-07-21T12:56:08+00:00
ORD-042407,5,6,Desk Speakers Pair,audio,5,89.00,445.00,completed,2026-07-21T02:44:00+00:00
ORD-042408,3,10,Laptop Stand Aluminium,accessories,5,27.50,137.50,completed,2026-07-21T18:28:19+00:00
ORD-042409,6,8,Ergonomic Chair,furniture,3,612.75,1838.25,refunded,2026-07-21T04:28:15+00:00
ORD-042410,6,4,34in Ultrawide Monitor,displays,3,579.00,1737.00,pending,2026-07-21T02:18:32+00:00
ORD-042411,6,2,Wireless Mouse,peripherals,1,49.50,49.50,cancelled,2026-07-21T12:19:51+00:00
ORD-042412,2,3,27in 1440p Monitor,displays,5,319.99,1599.95,cancelled,2026-07-21T04:26:30+00:00
ORD-042413,9,10,Laptop Stand Aluminium,accessories,3,27.50,82.50,refunded,2026-07-21T05:16:28+00:00
ORD-042414,5,9,USB-C Hub 8-in-1,accessories,5,39.99,199.95,cancelled,2026-07-21T00:36:39+00:00
ORD-042415,8,10,Laptop Stand Aluminium,accessories,2,27.50,55.00,refunded,2026-07-21T12:24:45+00:00
ORD-042416,3,3,27in 1440p Monitor,displays,3,319.99,959.97,pending,2026-07-21T19:06:04+00:00
ORD-042417,3,3,27in 1440p Monitor,displays,3,319.99,959.97,completed,2026-07-21T22:38:13+00:00
ORD-042418,9,1,Mechanical Keyboard 75%,peripherals,3,129.00,387.00,completed,2026-07-21T04:10:45+00:00
ORD-042419,7,9,USB-C Hub 8-in-1,accessories,5,39.99,199.95,refunded,2026-07-21T18:31:32+00:00
ORD-042420,5,2,Wireless Mouse,peripherals,2,49.50,99.00,completed,2026-07-21T05:26:49+00:00
ORD-042421,7,10,Laptop Stand Aluminium,accessories,2,27.50,55.00,refunded,2026-07-21T22:13:48+00:00
ORD-042422,6,5,Over-ear Headphones,audio,4,199.95,799.80,pending,2026-07-21T06:50:18+00:00
ORD-042423,6,3,27in 1440p Monitor,displays,5,319.99,1599.95,cancelled,2026-07-21T12:52:59+00:00
ORD-042424,3,6,Desk Speakers Pair,audio,3,89.00,267.00,cancelled,2026-07-21T13:29:12+00:00
ORD-042425,2,3,27in 1440p Monitor,displays,2,319.99,639.98,completed,2026-07-21T12:25:49+00:00
ORD-042426,7,1,Mechanical Keyboard 75%,peripherals,1,129.00,129.00,cancelled,2026-07-21T01:43:11+00:00
ORD-042427,3,8,Ergonomic Chair,furniture,2,612.75,1225.50,completed,2026-07-21T05:36:21+00:00
ORD-042428,4,9,USB-C Hub 8-in-1,accessories,4,39.99,159.96,pending,2026-07-21T19:39:33+00:00
ORD-042429,7,5,Over-ear Headphones,audio,4,199.95,799.80,cancelled,2026-07-21T16:07:14+00:00
ORD-042430,10,8,Ergonomic Chair,furniture,4,612.75,2451.00,completed,2026-07-21T07:56:02+00:00
ORD-042431,6,2,Wireless Mouse,peripherals,4,49.50,198.00,refunded,2026-07-21T18:07:02+00:00
ORD-042432,9,8,Ergonomic Chair,furniture,3,612.75,1838.25,cancelled,2026-07-21T11:51:43+00:00
ORD-042433,3,7,Standing Desk 120cm,furniture,4,449.00,1796.00,completed,2026-07-21T22:10:09+00:00
ORD-042434,9,1,Mechanical Keyboard 75%,peripherals,3,129.00,387.00,completed,2026-07-21T20:40:55+00:00
ORD-042435,5,7,Standing Desk 120cm,furniture,3,449.00,1347.00,pending,2026-07-21T08:38:25+00:00
ORD-042436,3,6,Desk Speakers Pair,audio,2,89.00,178.00,completed,2026-07-21T06:33:17+00:00
ORD-042437,9,4,34in Ultrawide Monitor,displays,4,579.00,2316.00,completed,2026-07-21T06:58:08+00:00
ORD-042438,9,10,Laptop Stand Aluminium,accessories,2,27.50,55.00,completed,2026-07-21T10:44:29+00:00
ORD-042439,9,5,Over-ear Headphones,audio,3,199.95,599.85,refunded,2026-07-21T18:37:18+00:00
ORD-042440,5,3,27in 1440p Monitor,displays,1,319.99,319.99,cancelled,2026-07-21T03:39:01+00:00
ORD-042441,6,2,Wireless Mouse,peripherals,1,49.50,49.50,pending,2026-07-21T02:19:43+00:00
ORD-042442,5,9,USB-C Hub 8-in-1,accessories,1,39.99,39.99,cancelled,2026-07-21T08:05:10+00:00
ORD-042443,1,4,34in Ultrawide Monitor,displays,1,579.00,579.00,cancelled,2026-07-21T17:36:59+00:00
ORD-042444,8,4,34in Ultrawide Monitor,displays,1,579.00,579.00,cancelled,2026-07-21T10:23:24+00:00
ORD-042445,3,9,USB-C Hub 8-in-1,accessories,5,39.99,199.95,completed,2026-07-21T09:33:13+00:00
ORD-042446,6,4,34in Ultrawide Monitor,displays,4,579.00,2316.00,pending,2026-07-21T05:20:08+00:00
ORD-042447,7,8,Ergonomic Chair,furniture,5,612.75,3063.75,cancelled,2026-07-21T21:39:25+00:00
ORD-042448,5,8,Ergonomic Chair,furniture,3,612.75,1838.25,completed,2026-07-21T07:09:20+00:00
ORD-042449,9,5,Over-ear Headphones,audio,3,199.95,599.85,refunded,2026-07-21T04:33:27+00:00
ORD-042450,8,10,Laptop Stand Aluminium,accessories,2,27.50,55.00,refunded,2026-07-21T13:10:42+00:00
ORD-042451,8,7,Standing Desk 120cm,furniture,5,449.00,2245.00,refunded,2026-07-21T14:18:11+00:00
ORD-042452,9,8,Ergonomic Chair,furniture,2,612.75,1225.50,completed,2026-07-21T05:14:08+00:00
ORD-042453,7,3,27in 1440p Monitor,displays,5,319.99,1599.95,refunded,2026-07-21T13:46:40+00:00
ORD-042454,1,1,Mechanical Keyboard 75%,peripherals,4,129.00,516.00,pending,2026-07-21T01:53:59+00:00
ORD-042455,5,1,Mechanical Keyboard 75%,peripherals,2,129.00,258.00,pending,2026-07-21T11:27:27+00:00
ORD-042456,1,8,Ergonomic Chair,furniture,5,612.75,3063.75,pending,2026-07-21T18:33:31+00:00
ORD-042457,3,4,34in Ultrawide Monitor,displays,4,579.00,2316.00,refunded,2026-07-21T19:22:21+00:00
ORD-042458,10,4,34in Ultrawide Monitor,displays,5,579.00,2895.00,pending,2026-07-21T22:46:39+00:00
ORD-042459,7,9,USB-C Hub 8-in-1,accessories,1,39.99,39.99,cancelled,2026-07-21T04:59:47+00:00
ORD-042460,2,3,27in 1440p Monitor,displays,4,319.99,1279.96,pending,2026-07-21T13:29:00+00:00
ORD-042461,10,5,Over-ear Headphones,audio,2,199.95,399.90,completed,2026-07-21T00:43:24+00:00
ORD-042462,5,5,Over-ear Headphones,audio,2,199.95,399.90,pending,2026-07-21T19:38:35+00:00
ORD-042463,7,8,Ergonomic Chair,furniture,3,612.75,1838.25,cancelled,2026-07-21T09:30:02+00:00
ORD-042464,4,6,Desk Speakers Pair,audio,2,89.00,178.00,pending,2026-07-21T23:47:57+00:00
ORD-042465,6,5,Over-ear Headphones,audio,5,199.95,999.75,completed,2026-07-21T18:28:26+00:00
ORD-042466,2,1,Mechanical Keyboard 75%,peripherals,2,129.00,258.00,pending,2026-07-21T03:45:46+00:00
ORD-042467,10,1,Mechanical Keyboard 75%,peripherals,2,129.00,258.00,completed,2026-07-21T16:27:43+00:00
ORD-042468,6,3,27in 1440p Monitor,displays,3,319.99,959.97,cancelled,2026-07-21T23:06:19+00:00
ORD-042469,5,2,Wireless Mouse,peripherals,1,49.50,49.50,cancelled,2026-07-21T12:05:45+00:00
ORD-042470,1,5,Over-ear Headphones,audio,3,199.95,599.85,cancelled,2026-07-21T03:47:01+00:00
ORD-042471,5,6,Desk Speakers Pair,audio,3,89.00,267.00,pending,2026-07-21T08:36:44+00:00
ORD-042472,8,6,Desk Speakers Pair,audio,4,89.00,356.00,completed,2026-07-21T00:46:57+00:00
ORD-042473,9,5,Over-ear Headphones,audio,2,199.95,399.90,pending,2026-07-21T00:52:07+00:00
ORD-042474,1,10,Laptop Stand Aluminium,accessories,1,27.50,27.50,refunded,2026-07-21T21:06:07+00:00
ORD-042475,6,5,Over-ear Headphones,audio,4,199.95,799.80,pending,2026-07-21T17:36:39+00:00
ORD-042476,6,9,USB-C Hub 8-in-1,accessories,1,39.99,39.99,refunded,not-a-valid-date
ORD-042477,8,1,Mechanical Keyboard 75%,peripherals,2,129.00,258.00,pending,2026-07-21T21:13:01+00:00
ORD-042478,4,4,34in Ultrawide Monitor,displays,3,579.00,1737.00,pending,2026-07-21T22:51:22+00:00
ORD-042479,5,7,Standing Desk 120cm,furniture,1,449.00,449.00,cancelled,2026-07-21T01:03:03+00:00
ORD-042480,6,4,34in Ultrawide Monitor,displays,4,579.00,2316.00,completed,2026-07-21T04:37:11+00:00
ORD-042481,8,1,Mechanical Keyboard 75%,peripherals,1,129.00,129.00,cancelled,2026-07-21T06:33:42+00:00
ORD-042482,3,8,Ergonomic Chair,furniture,2,612.75,1225.50,cancelled,2026-07-21T23:49:40+00:00
ORD-042483,8,9,USB-C Hub 8-in-1,accessories,4,39.99,159.96,completed,2026-07-21T05:32:54+00:00
ORD-042484,8,10,Laptop Stand Aluminium,accessories,3,27.50,82.50,refunded,2026-07-21T18:37:11+00:00
ORD-042485,4,2,Wireless Mouse,peripherals,5,49.50,247.50,pending,2026-07-21T15:59:51+00:00
ORD-042486,6,3,27in 1440p Monitor,displays,4,319.99,1279.96,refunded,2026-07-21T13:31:13+00:00
ORD-042487,4,5,Over-ear Headphones,audio,3,199.95,599.85,refunded,2026-07-21T14:20:59+00:00
ORD-042488,2,10,Laptop Stand Aluminium,accessories,3,27.50,82.50,pending,2026-07-21T09:18:28+00:00
ORD-042489,5,8,Ergonomic Chair,furniture,4,612.75,2451.00,cancelled,2026-07-21T07:32:04+00:00
ORD-042490,7,2,Wireless Mouse,peripherals,1,49.50,49.50,cancelled,2026-07-21T23:48:40+00:00
ORD-042491,1,5,Over-ear Headphones,audio,5,199.95,999.75,refunded,2026-07-21T03:44:50+00:00
ORD-042492,4,3,27in 1440p Monitor,displays,5,319.99,1599.95,pending,2026-07-21T10:52:52+00:00
ORD-042493,2,6,Desk Speakers Pair,audio,3,89.00,267.00,pending,2026-07-21T01:31:38+00:00
ORD-042494,7,5,Over-ear Headphones,audio,2,199.95,399.90,cancelled,2026-07-21T10:57:45+00:00
ORD-042495,3,3,27in 1440p Monitor,displays,3,319.99,959.97,cancelled,2026-07-21T00:50:46+00:00
ORD-042496,8,3,27in 1440p Monitor,displays,4,319.99,1279.96,refunded,2026-07-21T23:39:38+00:00
ORD-042497,7,7,Standing Desk 120cm,furniture,4,449.00,1796.00,refunded,2026-07-21T22:08:14+00:00
ORD-042498,10,5,Over-ear Headphones,audio,4,199.95,799.80,completed,2026-07-21T15:27:25+00:00
ORD-042499,8,7,Standing Desk 120cm,furniture,1,449.00,449.00,completed,2026-07-21T05:46:55+00:00
ORD-042500,10,5,Over-ear Headphones,audio,3,199.95,599.85,cancelled,2026-07-21T01:08:55+00:00
ORD-042501,4,6,Desk Speakers Pair,audio,5,89.00,445.00,completed,2026-07-21T15:20:54+00:00
ORD-042502,3,9,USB-C Hub 8-in-1,accessories,4,39.99,159.96,pending,2026-07-21T05:41:32+00:00
ORD-042503,3,4,34in Ultrawide Monitor,displays,5,579.00,2895.00,refunded,2026-07-21T17:58:29+00:00
ORD-042504,4,7,Standing Desk 120cm,furniture,5,449.00,2245.00,cancelled,2026-07-21T22:06:52+00:00
ORD-042505,6,5,Over-ear Headphones,audio,4,199.95,799.80,refunded,2026-07-21T13:17:14+00:00
ORD-042506,6,6,Desk Speakers Pair,audio,4,89.00,356.00,refunded,2026-07-21T16:50:56+00:00
ORD-042507,7,7,Standing Desk 120cm,furniture,3,449.00,1347.00,pending,2026-07-21T00:05:18+00:00
ORD-042508,2,1,Mechanical Keyboard 75%,peripherals,4,129.00,516.00,completed,2026-07-21T21:24:07+00:00
ORD-042509,5,2,Wireless Mouse,peripherals,2,49.50,99.00,completed,2026-07-21T21:19:46+00:00
ORD-042510,2,4,34in Ultrawide Monitor,displays,5,579.00,2895.00,completed,2026-07-21T21:25:29+00:00
ORD-042511,3,5,Over-ear Headphones,audio,5,199.95,999.75,completed,2026-07-21T19:34:03+00:00
ORD-042512,9,7,Standing Desk 120cm,furniture,2,449.00,898.00,pending,2026-07-21T10:07:50+00:00
ORD-042513,6,6,Desk Speakers Pair,audio,3,89.00,267.00,cancelled,2026-07-21T06:10:04+00:00
ORD-042514,7,1,Mechanical Keyboard 75%,peripherals,5,129.00,645.00,refunded,2026-07-21T23:54:36+00:00
ORD-042515,7,8,Ergonomic Chair,furniture,3,612.75,1838.25,refunded,2026-07-21T15:03:36+00:00
ORD-042516,10,1,Mechanical Keyboard 75%,peripherals,4,129.00,516.00,pending,2026-07-21T07:22:04+00:00
ORD-042517,3,2,Wireless Mouse,peripherals,3,49.50,148.50,cancelled,2026-07-21T21:54:32+00:00
ORD-042518,8,2,Wireless Mouse,peripherals,5,49.50,247.50,completed,2026-07-21T07:13:21+00:00
ORD-042519,4,10,Laptop Stand Aluminium,accessories,5,27.50,137.50,pending,2026-07-21T22:21:01+00:00
ORD-042520,7,5,Over-ear Headphones,audio,5,199.95,999.75,cancelled,2026-07-21T12:41:21+00:00
ORD-042521,8,2,Wireless Mouse,peripherals,1,49.50,49.50,pending,2026-07-21T07:40:31+00:00
ORD-042522,10,2,Wireless Mouse,peripherals,3,49.50,148.50,cancelled,2026-07-21T08:47:25+00:00
ORD-042523,5,4,34in Ultrawide Monitor,displays,3,579.00,1737.00,refunded,2026-07-21T15:40:37+00:00
ORD-042524,6,8,Ergonomic Chair,furniture,2,612.75,1225.50,refunded,2026-07-21T11:36:22+00:00
ORD-042525,6,2,Wireless Mouse,peripherals,2,49.50,99.00,pending,2026-07-21T03:43:04+00:00
ORD-042526,1,4,34in Ultrawide Monitor,displays,1,579.00,579.00,refunded,2026-07-21T14:43:36+00:00
ORD-042527,8,1,Mechanical Keyboard 75%,peripherals,3,129.00,387.00,completed,2026-07-21T17:36:37+00:00
ORD-042528,1,8,Ergonomic Chair,furniture,2,612.75,1225.50,cancelled,2026-07-21T14:08:20+00:00
ORD-042529,6,3,27in 1440p Monitor,displays,2,319.99,639.98,pending,2026-07-21T08:42:17+00:00
ORD-042530,2,6,Desk Speakers Pair,audio,4,89.00,356.00,pending,2026-07-21T16:11:28+00:00
ORD-042531,8,5,Over-ear Headphones,audio,5,199.95,999.75,cancelled,2026-07-21T14:57:15+00:00
ORD-042532,8,6,Desk Speakers Pair,audio,2,89.00,178.00,pending,2026-07-21T15:15:26+00:00
ORD-042533,9,10,Laptop Stand Aluminium,accessories,3,27.50,82.50,refunded,2026-07-21T20:39:30+00:00
ORD-042534,4,9,USB-C Hub 8-in-1,accessories,4,39.99,159.96,cancelled,2026-07-21T19:43:19+00:00
ORD-042535,1,5,Over-ear Headphones,audio,3,199.95,599.85,completed,2026-07-21T17:30:06+00:00
ORD-042536,4,10,Laptop Stand Aluminium,accessories,3,27.50,82.50,pending,2026-07-21T23:43:15+00:00
ORD-042537,2,7,Standing Desk 120cm,furniture,1,449.00,449.00,pending,2026-07-21T20:42:21+00:00
ORD-042538,6,9,USB-C Hub 8-in-1,accessories,3,39.99,119.97,completed,2026-07-21T12:57:42+00:00
ORD-042539,7,6,Desk Speakers Pair,audio,2,89.00,178.00,pending,2026-07-21T10:04:52+00:00
ORD-042540,6,9,USB-C Hub 8-in-1,accessories,4,39.99,159.96,completed,2026-07-21T17:58:02+00:00
ORD-042541,9,8,Ergonomic Chair,furniture,1,612.75,612.75,refunded,2026-07-21T22:48:31+00:00
ORD-042542,8,9,USB-C Hub 8-in-1,accessories,5,39.99,199.95,cancelled,2026-07-21T06:12:44+00:00
ORD-042543,7,2,Wireless Mouse,peripherals,4,49.50,198.00,refunded,2026-07-21T00:39:23+00:00
ORD-042544,9,1,Mechanical Keyboard 75%,peripherals,5,129.00,645.00,pending,2026-07-21T15:15:56+00:00
ORD-042545,1,3,27in 1440p Monitor,displays,3,319.99,959.97,completed,2026-07-21T17:35:13+00:00
ORD-042546,7,6,Desk Speakers Pair,audio,2,89.00,178.00,refunded,2026-07-21T09:51:23+00:00
ORD-042547,2,1,Mechanical Keyboard 75%,peripherals,2,129.00,258.00,cancelled,2026-07-21T15:45:38+00:00
ORD-042548,1,7,Standing Desk 120cm,furniture,2,449.00,898.00,cancelled,2026-07-21T08:30:55+00:00
ORD-042549,2,7,Standing Desk 120cm,furniture,5,449.00,2245.00,refunded,2026-07-21T01:20:19+00:00
ORD-042550,9,10,Laptop Stand Aluminium,accessories,4,27.50,110.00,pending,2026-07-21T21:18:36+00:00
ORD-042551,10,2,Wireless Mouse,peripherals,5,49.50,247.50,completed,2026-07-21T18:09:53+00:00
ORD-042552,9,3,27in 1440p Monitor,displays,5,319.99,1599.95,completed,2026-07-21T15:35:05+00:00
ORD-042553,1,2,Wireless Mouse,peripherals,5,49.50,247.50,refunded,2026-07-21T17:17:00+00:00
ORD-042554,5,4,34in Ultrawide Monitor,displays,3,579.00,1737.00,pending,2026-07-21T15:48:05+00:00
ORD-042555,9,7,Standing Desk 120cm,furniture,1,449.00,449.00,refunded,2026-07-21T10:07:07+00:00
ORD-042556,10,1,Mechanical Keyboard 75%,peripherals,5,129.00,645.00,refunded,2026-07-21T08:33:39+00:00
ORD-042557,1,4,34in Ultrawide Monitor,displays,3,579.00,1737.00,completed,2026-07-21T06:36:31+00:00
ORD-042558,3,8,Ergonomic Chair,furniture,2,612.75,1225.50,pending,2026-07-21T18:59:16+00:00
ORD-042559,2,8,Ergonomic Chair,furniture,1,612.75,612.75,completed,2026-07-21T13:49:48+00:00
ORD-042560,8,8,Ergonomic Chair,furniture,3,612.75,1838.25,pending,2026-07-21T21:07:30+00:00
ORD-042561,5,5,Over-ear Headphones,audio,3,199.95,599.85,cancelled,2026-07-21T02:13:17+00:00
ORD-042562,7,4,34in Ultrawide Monitor,displays,1,579.00,579.00,cancelled,2026-07-21T04:22:57+00:00
ORD-042563,4,7,Standing Desk 120cm,furniture,4,449.00,1796.00,completed,2026-07-21T22:51:01+00:00
ORD-042564,1,8,Ergonomic Chair,furniture,4,612.75,2451.00,refunded,2026-07-21T05:34:11+00:00
ORD-042565,7,4,34in Ultrawide Monitor,displays,3,579.00,1737.00,pending,2026-07-21T11:09:24+00:00
ORD-042566,4,7,Standing Desk 120cm,furniture,2,449.00,898.00,cancelled,2026-07-21T11:09:31+00:00
ORD-042567,5,5,Over-ear Headphones,audio,2,199.95,399.90,pending,2026-07-21T23:11:53+00:00
ORD-042568,8,10,Laptop Stand Aluminium,accessories,1,27.50,27.50,cancelled,2026-07-21T16:31:58+00:00
ORD-042569,8,1,Mechanical Keyboard 75%,peripherals,2,129.00,258.00,cancelled,2026-07-21T17:29:33+00:00
ORD-042570,7,9,USB-C Hub 8-in-1,accessories,1,39.99,39.99,completed,2026-07-21T13:57:55+00:00
ORD-042571,10,5,Over-ear Headphones,audio,2,199.95,399.90,refunded,2026-07-21T17:20:37+00:00
ORD-042572,10,1,Mechanical Keyboard 75%,peripherals,2,129.00,258.00,completed,2026-07-21T05:28:21+00:00
ORD-042573,8,2,Wireless Mouse,peripherals,1,49.50,49.50,completed,2026-07-21T22:28:58+00:00
ORD-042574,6,4,34in Ultrawide Monitor,displays,2,579.00,1158.00,completed,2026-07-21T04:30:05+00:00
ORD-042575,9,5,Over-ear Headphones,audio,3,199.95,599.85,cancelled,2026-07-21T03:00:55+00:00
ORD-042576,3,2,Wireless Mouse,peripherals,1,49.50,49.50,refunded,2026-07-21T13:35:45+00:00
ORD-042577,5,8,Ergonomic Chair,furniture,5,612.75,3063.75,cancelled,2026-07-21T09:04:26+00:00
ORD-042578,5,5,Over-ear Headphones,audio,4,199.95,799.80,completed,2026-07-21T01:21:34+00:00
ORD-042579,3,7,Standing Desk 120cm,furniture,3,449.00,1347.00,pending,2026-07-21T06:02:26+00:00
ORD-042580,9,3,27in 1440p Monitor,displays,4,319.99,1279.96,cancelled,2026-07-21T01:03:03+00:00
ORD-042581,7,10,Laptop Stand Aluminium,accessories,3,27.50,82.50,pending,2026-07-21T12:59:54+00:00
ORD-042582,6,4,34in Ultrawide Monitor,displays,3,579.00,-50.00,cancelled,2026-07-21T16:49:54+00:00
ORD-042583,2,10,Laptop Stand Aluminium,accessories,1,27.50,27.50,completed,2026-07-21T01:52:57+00:00
ORD-042584,1,6,Desk Speakers Pair,audio,4,89.00,356.00,completed,2026-07-21T20:12:11+00:00
ORD-042585,5,1,Mechanical Keyboard 75%,peripherals,2,129.00,258.00,pending,2026-07-21T20:08:18+00:00
ORD-042586,8,10,Laptop Stand Aluminium,accessories,3,27.50,82.50,completed,2026-07-21T01:34:51+00:00
ORD-042587,4,4,34in Ultrawide Monitor,displays,2,579.00,1158.00,refunded,2026-07-21T20:09:11+00:00
ORD-042588,6,5,Over-ear Headphones,audio,2,199.95,399.90,cancelled,2026-07-21T20:27:12+00:00
ORD-042589,1,10,Laptop Stand Aluminium,accessories,5,27.50,137.50,completed,2026-07-21T17:01:35+00:00
ORD-042590,1,1,Mechanical Keyboard 75%,peripherals,4,129.00,516.00,completed,2026-07-21T06:29:02+00:00
ORD-042591,1,6,Desk Speakers Pair,audio,5,89.00,445.00,refunded,2026-07-21T04:21:49+00:00
ORD-042592,10,1,Mechanical Keyboard 75%,peripherals,5,129.00,645.00,pending,2026-07-21T15:09:53+00:00
ORD-042593,9,1,Mechanical Keyboard 75%,peripherals,1,129.00,129.00,pending,2026-07-21T01:12:05+00:00
ORD-042594,10,9,USB-C Hub 8-in-1,accessories,3,39.99,119.97,completed,2026-07-21T03:59:56+00:00
ORD-042595,5,10,Laptop Stand Aluminium,accessories,1,27.50,27.50,cancelled,2026-07-21T01:15:52+00:00
ORD-042596,4,5,Over-ear Headphones,audio,5,199.95,999.75,pending,2026-07-21T21:20:37+00:00
ORD-042597,10,1,Mechanical Keyboard 75%,peripherals,2,129.00,258.00,refunded,2026-07-21T10:56:26+00:00
ORD-042598,1,3,27in 1440p Monitor,displays,2,319.99,639.98,pending,2026-07-21T01:48:34+00:00
ORD-042599,5,9,USB-C Hub 8-in-1,accessories,2,39.99,79.98,refunded,2026-07-21T04:18:43+00:00
ORD-042600,3,7,Standing Desk 120cm,furniture,4,449.00,1796.00,pending,2026-07-21T18:59:59+00:00
ORD-042601,9,1,Mechanical Keyboard 75%,peripherals,2,129.00,258.00,refunded,2026-07-21T16:45:43+00:00
ORD-042602,4,3,27in 1440p Monitor,displays,3,319.99,959.97,cancelled,2026-07-21T14:34:42+00:00
ORD-042603,3,10,Laptop Stand Aluminium,accessories,3,27.50,82.50,cancelled,2026-07-21T16:56:34+00:00
ORD-042604,6,1,Mechanical Keyboard 75%,peripherals,3,129.00,387.00,cancelled,2026-07-21T12:37:14+00:00
ORD-042605,4,8,Ergonomic Chair,furniture,1,612.75,612.75,refunded,2026-07-21T10:18:07+00:00
ORD-042606,9,9,USB-C Hub 8-in-1,accessories,3,39.99,119.97,completed,2026-07-21T12:14:04+00:00
ORD-042607,9,8,Ergonomic Chair,furniture,1,612.75,612.75,pending,2026-07-21T14:13:25+00:00
ORD-042608,5,1,Mechanical Keyboard 75%,peripherals,4,129.00,516.00,pending,2026-07-21T12:18:24+00:00
ORD-042609,1,3,27in 1440p Monitor,displays,2,319.99,639.98,refunded,2026-07-21T07:01:43+00:00
ORD-042610,6,7,Standing Desk 120cm,furniture,1,449.00,449.00,pending,2026-07-21T22:11:19+00:00
ORD-042611,4,4,34in Ultrawide Monitor,displays,2,579.00,1158.00,pending,2026-07-21T09:29:13+00:00
ORD-042612,7,1,Mechanical Keyboard 75%,peripherals,3,129.00,387.00,pending,2026-07-21T02:46:43+00:00
ORD-042613,1,3,27in 1440p Monitor,displays,2,319.99,639.98,pending,2026-07-21T13:37:07+00:00
ORD-042614,1,9,USB-C Hub 8-in-1,accessories,4,39.99,159.96,pending,2026-07-21T23:45:43+00:00
ORD-042615,2,8,Ergonomic Chair,furniture,1,612.75,612.75,pending,2026-07-21T11:36:32+00:00
ORD-042616,10,7,Standing Desk 120cm,furniture,4,449.00,1796.00,pending,2026-07-21T17:26:43+00:00
ORD-042617,4,4,34in Ultrawide Monitor,displays,2,579.00,1158.00,completed,2026-07-21T15:34:32+00:00
ORD-042618,7,10,Laptop Stand Aluminium,accessories,2,27.50,55.00,refunded,2026-07-21T03:51:47+00:00
ORD-042619,7,8,Ergonomic Chair,furniture,3,612.75,1838.25,refunded,2026-07-21T17:44:12+00:00
ORD-042620,8,7,Standing Desk 120cm,furniture,2,449.00,898.00,refunded,2026-07-21T23:07:24+00:00
ORD-042621,4,6,Desk Speakers Pair,audio,5,89.00,445.00,completed,2026-07-21T18:42:50+00:00
ORD-042622,10,8,Ergonomic Chair,furniture,1,612.75,612.75,pending,2026-07-21T00:21:15+00:00
ORD-042623,3,4,34in Ultrawide Monitor,displays,1,579.00,579.00,completed,2026-07-21T09:50:40+00:00
ORD-042624,7,6,Desk Speakers Pair,audio,3,89.00,267.00,refunded,2026-07-21T13:21:21+00:00
ORD-042625,5,8,Ergonomic Chair,furniture,4,612.75,2451.00,cancelled,2026-07-21T10:20:16+00:00
ORD-042626,6,5,Over-ear Headphones,audio,4,199.95,799.80,cancelled,2026-07-21T04:29:16+00:00
ORD-042627,8,6,Desk Speakers Pair,audio,2,89.00,178.00,refunded,2026-07-21T04:40:08+00:00
ORD-042628,4,5,Over-ear Headphones,audio,4,199.95,799.80,refunded,2026-07-21T16:35:40+00:00
ORD-042629,4,8,Ergonomic Chair,furniture,1,612.75,612.75,cancelled,2026-07-21T12:17:44+00:00
ORD-042630,5,4,34in Ultrawide Monitor,displays,5,579.00,2895.00,cancelled,2026-07-21T17:30:30+00:00
ORD-042631,8,6,Desk Speakers Pair,audio,5,89.00,445.00,pending,2026-07-21T00:30:40+00:00
ORD-042632,5,6,Desk Speakers Pair,audio,1,89.00,89.00,pending,2026-07-21T03:31:57+00:00
ORD-042633,8,7,Standing Desk 120cm,furniture,1,449.00,449.00,completed,2026-07-21T15:00:03+00:00
ORD-042634,9,7,Standing Desk 120cm,furniture,1,449.00,449.00,pending,2026-07-21T10:17:30+00:00
ORD-042635,4,3,27in 1440p Monitor,displays,5,319.99,1599.95,pending,2026-07-21T23:42:37+00:00
ORD-042636,1,7,Standing Desk 120cm,furniture,1,449.00,449.00,cancelled,2026-07-21T04:06:40+00:00
ORD-042637,9,2,Wireless Mouse,peripherals,5,49.50,247.50,refunded,2026-07-21T18:18:23+00:00
ORD-042638,2,4,34in Ultrawide Monitor,displays,2,579.00,1158.00,pending,2026-07-21T01:50:03+00:00
ORD-042639,4,2,Wireless Mouse,peripherals,4,49.50,198.00,cancelled,2026-07-21T09:36:13+00:00
ORD-042640,6,10,Laptop Stand Aluminium,accessories,3,27.50,82.50,pending,2026-07-21T03:26:17+00:00
ORD-042641,3,7,Standing Desk 120cm,furniture,3,449.00,1347.00,pending,2026-07-21T04:05:32+00:00
ORD-042642,7,8,Ergonomic Chair,furniture,4,612.75,2451.00,completed,2026-07-21T16:53:25+00:00
ORD-042643,7,4,34in Ultrawide Monitor,displays,2,579.00,1158.00,refunded,2026-07-21T04:30:02+00:00
ORD-042644,6,3,27in 1440p Monitor,displays,3,319.99,959.97,cancelled,2026-07-21T13:00:03+00:00
ORD-042645,2,7,Standing Desk 120cm,furniture,1,449.00,449.00,pending,2026-07-21T13:51:54+00:00
ORD-042646,9,7,Standing Desk 120cm,furniture,3,449.00,1347.00,completed,2026-07-21T17:47:21+00:00
ORD-042647,3,3,27in 1440p Monitor,displays,2,319.99,639.98,cancelled,2026-07-21T14:16:45+00:00
ORD-042648,1,5,Over-ear Headphones,audio,2,199.95,399.90,refunded,2026-07-21T11:57:04+00:00
ORD-042649,1,1,Mechanical Keyboard 75%,peripherals,2,129.00,258.00,completed,2026-07-21T19:48:34+00:00
ORD-042650,8,7,Standing Desk 120cm,furniture,4,449.00,1796.00,completed,2026-07-21T13:37:02+00:00
ORD-042651,4,7,Standing Desk 120cm,furniture,5,449.00,2245.00,refunded,2026-07-21T12:46:09+00:00
ORD-042652,7,2,Wireless Mouse,peripherals,3,49.50,148.50,completed,2026-07-21T00:04:23+00:00
ORD-042653,6,5,Over-ear Headphones,audio,3,199.95,599.85,refunded,2026-07-21T12:44:26+00:00
ORD-042654,10,9,USB-C Hub 8-in-1,accessories,5,39.99,199.95,refunded,2026-07-21T07:42:29+00:00
ORD-042655,4,7,Standing Desk 120cm,furniture,1,449.00,449.00,pending,2026-07-21T14:08:48+00:00
ORD-042656,1,7,Standing Desk 120cm,furniture,1,449.00,449.00,cancelled,2026-07-21T21:39:20+00:00
ORD-042657,9,1,Mechanical Keyboard 75%,peripherals,2,129.00,258.00,completed,2026-07-21T06:56:28+00:00
ORD-042658,7,9,USB-C Hub 8-in-1,accessories,3,39.99,119.97,pending,2026-07-21T02:46:38+00:00
ORD-042659,9,2,Wireless Mouse,peripherals,4,49.50,198.00,completed,2026-07-21T09:16:48+00:00
ORD-042660,9,9,USB-C Hub 8-in-1,accessories,2,39.99,79.98,pending,2026-07-21T10:05:29+00:00
ORD-042661,1,9,USB-C Hub 8-in-1,accessories,4,39.99,159.96,cancelled,2026-07-21T22:24:16+00:00
ORD-042662,7,9,USB-C Hub 8-in-1,accessories,5,39.99,199.95,cancelled,2026-07-21T06:13:53+00:00
ORD-042663,5,2,Wireless Mouse,peripherals,1,49.50,49.50,refunded,2026-07-21T18:39:31+00:00
ORD-042664,9,4,34in Ultrawide Monitor,displays,2,579.00,1158.00,completed,2026-07-21T12:35:34+00:00
ORD-042665,7,9,USB-C Hub 8-in-1,accessories,4,39.99,159.96,refunded,2026-07-21T21:29:12+00:00
ORD-042666,4,9,USB-C Hub 8-in-1,accessories,5,39.99,199.95,completed,2026-07-21T04:29:58+00:00
ORD-042667,5,7,Standing Desk 120cm,furniture,4,449.00,1796.00,completed,2026-07-21T13:03:50+00:00
ORD-042668,6,9,USB-C Hub 8-in-1,accessories,5,39.99,199.95,cancelled,2026-07-21T16:43:26+00:00
ORD-042669,1,6,Desk Speakers Pair,audio,4,89.00,356.00,cancelled,2026-07-21T19:15:38+00:00
ORD-042670,8,3,27in 1440p Monitor,displays,2,319.99,639.98,pending,2026-07-21T22:06:07+00:00
ORD-042671,10,9,USB-C Hub 8-in-1,accessories,1,39.99,39.99,refunded,2026-07-21T13:35:49+00:00
ORD-042672,5,8,Ergonomic Chair,furniture,2,612.75,1225.50,refunded,2026-07-21T02:05:39+00:00
ORD-042673,2,10,Laptop Stand Aluminium,accessories,2,27.50,55.00,completed,2026-07-21T01:48:19+00:00
ORD-042674,2,1,Mechanical Keyboard 75%,peripherals,5,129.00,645.00,refunded,2026-07-21T00:22:37+00:00
ORD-042675,9,10,Laptop Stand Aluminium,accessories,1,27.50,27.50,pending,2026-07-21T09:42:28+00:00
ORD-042676,7,6,Desk Speakers Pair,audio,2,89.00,178.00,pending,2026-07-21T14:27:38+00:00
ORD-042677,6,3,27in 1440p Monitor,displays,5,319.99,1599.95,cancelled,2026-07-21T01:02:21+00:00
ORD-042678,2,6,Desk Speakers Pair,audio,3,89.00,267.00,refunded,2026-07-21T17:54:31+00:00
ORD-042679,3,1,Mechanical Keyboard 75%,peripherals,2,129.00,258.00,completed,2026-07-21T20:50:11+00:00
ORD-042680,4,8,Ergonomic Chair,furniture,3,612.75,1838.25,pending,2026-07-21T13:28:07+00:00
ORD-042681,6,1,Mechanical Keyboard 75%,peripherals,5,129.00,645.00,cancelled,2026-07-21T10:48:52+00:00
ORD-042682,5,9,USB-C Hub 8-in-1,accessories,2,39.99,79.98,cancelled,2026-07-21T17:53:04+00:00
ORD-042683,1,8,Ergonomic Chair,furniture,2,612.75,1225.50,refunded,2026-07-21T23:36:00+00:00
ORD-042684,10,9,USB-C Hub 8-in-1,accessories,2,39.99,79.98,refunded,2026-07-21T05:30:55+00:00
ORD-042685,3,9,USB-C Hub 8-in-1,accessories,1,39.99,39.99,refunded,2026-07-21T04:07:13+00:00
ORD-042686,9,6,Desk Speakers Pair,audio,5,89.00,445.00,pending,2026-07-21T15:56:53+00:00
ORD-042687,10,2,Wireless Mouse,peripherals,2,49.50,99.00,cancelled,2026-07-21T01:18:57+00:00
ORD-042688,5,3,27in 1440p Monitor,displays,1,319.99,319.99,refunded,2026-07-21T22:56:42+00:00
ORD-042689,7,7,Standing Desk 120cm,furniture,2,449.00,898.00,pending,2026-07-21T02:36:40+00:00
ORD-042690,9,7,Standing Desk 120cm,furniture,2,449.00,898.00,pending,2026-07-21T05:05:06+00:00
ORD-042691,1,3,27in 1440p Monitor,displays,2,319.99,639.98,completed,2026-07-21T08:18:05+00:00
ORD-042692,3,8,Ergonomic Chair,furniture,3,612.75,1838.25,refunded,2026-07-21T10:14:05+00:00
ORD-042693,8,5,Over-ear Headphones,audio,5,199.95,999.75,completed,2026-07-21T06:32:38+00:00
ORD-042694,3,3,27in 1440p Monitor,displays,2,319.99,639.98,completed,2026-07-21T09:42:53+00:00
ORD-042695,2,3,27in 1440p Monitor,displays,1,319.99,319.99,completed,2026-07-21T20:31:58+00:00
ORD-042696,4,10,Laptop Stand Aluminium,accessories,1,27.50,27.50,cancelled,2026-07-21T23:21:46+00:00
ORD-042697,9,3,27in 1440p Monitor,displays,5,319.99,1599.95,pending,2026-07-21T12:19:05+00:00
ORD-042698,2,3,27in 1440p Monitor,displays,2,319.99,639.98,cancelled,2026-07-21T12:44:22+00:00
ORD-042699,7,3,27in 1440p Monitor,displays,3,319.99,959.97,completed,2026-07-21T17:26:09+00:00
ORD-042700,10,6,Desk Speakers Pair,audio,3,89.00,267.00,pending,2026-07-21T00:38:25+00:00
ORD-042701,8,7,Standing Desk 120cm,furniture,3,449.00,1347.00,cancelled,2026-07-21T15:16:31+00:00
ORD-042702,10,2,Wireless Mouse,peripherals,2,49.50,99.00,refunded,2026-07-21T19:10:28+00:00
ORD-042703,10,3,27in 1440p Monitor,displays,2,319.99,639.98,pending,2026-07-21T05:04:07+00:00
ORD-042704,9,10,Laptop Stand Aluminium,accessories,5,27.50,137.50,refunded,2026-07-21T20:31:05+00:00
ORD-042705,9,4,34in Ultrawide Monitor,displays,2,579.00,1158.00,completed,2026-07-21T22:29:43+00:00
ORD-042706,7,7,Standing Desk 120cm,furniture,3,449.00,1347.00,cancelled,2026-07-21T04:01:05+00:00
ORD-042707,5,3,27in 1440p Monitor,displays,3,319.99,959.97,cancelled,2026-07-21T02:08:53+00:00
ORD-042708,10,10,Laptop Stand Aluminium,accessories,2,27.50,55.00,pending,2026-07-21T08:20:42+00:00
ORD-042709,2,5,Over-ear Headphones,audio,5,199.95,999.75,cancelled,2026-07-21T17:48:33+00:00
ORD-042710,7,3,27in 1440p Monitor,displays,1,319.99,319.99,cancelled,2026-07-21T06:49:42+00:00
ORD-042711,10,4,34in Ultrawide Monitor,displays,1,579.00,579.00,cancelled,2026-07-21T09:08:21+00:00
ORD-042712,3,1,Mechanical Keyboard 75%,peripherals,1,129.00,129.00,pending,2026-07-21T22:56:08+00:00
ORD-042713,6,7,Standing Desk 120cm,furniture,4,449.00,1796.00,cancelled,2026-07-21T04:49:51+00:00
ORD-042714,9,7,Standing Desk 120cm,furniture,4,449.00,1796.00,cancelled,2026-07-21T03:52:42+00:00
ORD-042715,6,6,Desk Speakers Pair,audio,2,89.00,178.00,pending,2026-07-21T10:40:00+00:00
ORD-042716,3,8,Ergonomic Chair,furniture,2,612.75,1225.50,pending,2026-07-21T10:06:22+00:00
ORD-042717,2,3,27in 1440p Monitor,displays,5,319.99,1599.95,cancelled,2026-07-21T03:29:00+00:00
ORD-042718,3,9,USB-C Hub 8-in-1,accessories,4,39.99,159.96,pending,2026-07-21T03:41:57+00:00
ORD-042719,8,4,34in Ultrawide Monitor,displays,1,579.00,579.00,cancelled,2026-07-21T15:12:03+00:00
ORD-042720,4,7,Standing Desk 120cm,furniture,3,449.00,1347.00,refunded,2026-07-21T17:55:45+00:00
ORD-042721,8,5,Over-ear Headphones,audio,5,199.95,999.75,refunded,2026-07-21T06:25:58+00:00
ORD-042722,6,2,Wireless Mouse,peripherals,5,49.50,247.50,refunded,2026-07-21T22:28:53+00:00
ORD-042723,8,9,USB-C Hub 8-in-1,accessories,3,39.99,119.97,cancelled,2026-07-21T23:31:59+00:00
ORD-042724,4,7,Standing Desk 120cm,furniture,3,449.00,1347.00,pending,2026-07-21T09:49:39+00:00
ORD-042725,7,8,Ergonomic Chair,furniture,1,612.75,612.75,refunded,2026-07-21T06:39:41+00:00
ORD-042726,2,9,USB-C Hub 8-in-1,accessories,4,39.99,159.96,completed,2026-07-21T14:13:15+00:00
ORD-042727,4,3,27in 1440p Monitor,displays,1,319.99,319.99,refunded,2026-07-21T09:09:59+00:00
ORD-042728,7,8,Ergonomic Chair,furniture,5,612.75,3063.75,refunded,2026-07-21T15:57:35+00:00
ORD-042729,8,10,Laptop Stand Aluminium,accessories,1,27.50,27.50,refunded,2026-07-21T18:15:58+00:00
ORD-042730,8,4,34in Ultrawide Monitor,displays,3,579.00,1737.00,completed,2026-07-21T07:47:27+00:00
ORD-042731,8,1,Mechanical Keyboard 75%,peripherals,2,129.00,258.00,cancelled,2026-07-21T14:30:36+00:00
ORD-042732,1,4,34in Ultrawide Monitor,displays,5,579.00,2895.00,refunded,2026-07-21T02:19:55+00:00
ORD-042733,1,1,Mechanical Keyboard 75%,peripherals,3,129.00,387.00,refunded,2026-07-21T16:34:53+00:00
ORD-042734,5,8,Ergonomic Chair,furniture,4,612.75,2451.00,refunded,2026-07-21T08:57:41+00:00
ORD-042735,1,8,Ergonomic Chair,furniture,2,612.75,1225.50,cancelled,2026-07-21T21:35:29+00:00
ORD-042736,9,5,Over-ear Headphones,audio,1,199.95,199.95,refunded,2026-07-21T20:11:20+00:00
ORD-042737,9,5,Over-ear Headphones,audio,1,199.95,199.95,pending,2026-07-21T20:55:56+00:00
ORD-042738,8,10,Laptop Stand Aluminium,accessories,5,27.50,137.50,completed,2026-07-21T06:06:28+00:00
ORD-042739,9,9,USB-C Hub 8-in-1,accessories,4,39.99,159.96,completed,2026-07-21T13:55:05+00:00
ORD-042740,10,2,Wireless Mouse,peripherals,1,49.50,49.50,completed,2026-07-21T07:31:03+00:00
ORD-042741,5,10,Laptop Stand Aluminium,accessories,5,27.50,137.50,completed,2026-07-21T20:10:59+00:00
ORD-042742,5,10,Laptop Stand Aluminium,accessories,3,27.50,82.50,pending,2026-07-21T14:20:38+00:00
ORD-042743,5,7,Standing Desk 120cm,furniture,1,449.00,449.00,cancelled,2026-07-21T09:16:19+00:00
ORD-042744,9,10,Laptop Stand Aluminium,accessories,5,27.50,137.50,completed,2026-07-21T15:41:09+00:00
ORD-042745,3,9,USB-C Hub 8-in-1,accessories,5,39.99,199.95,pending,2026-07-21T05:47:01+00:00
ORD-042746,5,10,Laptop Stand Aluminium,accessories,2,27.50,55.00,pending,2026-07-21T23:00:29+00:00
ORD-042747,10,2,Wireless Mouse,peripherals,1,49.50,49.50,cancelled,2026-07-21T09:23:24+00:00
ORD-042748,3,5,Over-ear Headphones,audio,2,199.95,399.90,refunded,2026-07-21T07:44:21+00:00
ORD-042749,8,2,Wireless Mouse,peripherals,2,49.50,99.00,pending,2026-07-21T07:06:55+00:00
ORD-042750,4,7,Standing Desk 120cm,furniture,3,449.00,1347.00,pending,2026-07-21T11:29:37+00:00
ORD-042751,2,8,Ergonomic Chair,furniture,2,612.75,1225.50,completed,2026-07-21T01:52:26+00:00
ORD-042752,6,10,Laptop Stand Aluminium,accessories,1,27.50,27.50,pending,2026-07-21T09:51:13+00:00
ORD-042753,3,5,Over-ear Headphones,audio,4,199.95,799.80,pending,2026-07-21T18:28:02+00:00
ORD-042754,1,7,Standing Desk 120cm,furniture,4,449.00,1796.00,pending,2026-07-21T02:41:37+00:00
ORD-042755,4,1,Mechanical Keyboard 75%,peripherals,1,129.00,129.00,cancelled,2026-07-21T06:34:37+00:00
ORD-042756,1,4,34in Ultrawide Monitor,displays,4,579.00,2316.00,refunded,2026-07-21T14:05:24+00:00
ORD-042757,10,8,Ergonomic Chair,furniture,3,612.75,1838.25,refunded,2026-07-21T02:08:15+00:00
ORD-042758,2,5,Over-ear Headphones,audio,2,199.95,399.90,pending,2026-07-21T03:57:28+00:00
ORD-042759,7,6,Desk Speakers Pair,audio,1,89.00,89.00,pending,2026-07-21T09:10:14+00:00
ORD-042760,5,2,Wireless Mouse,peripherals,1,49.50,49.50,refunded,2026-07-21T07:01:45+00:00
ORD-042761,6,7,Standing Desk 120cm,furniture,2,449.00,898.00,completed,2026-07-21T14:47:43+00:00
ORD-042762,10,5,Over-ear Headphones,audio,2,199.95,399.90,cancelled,2026-07-21T05:53:33+00:00
ORD-042763,9,5,Over-ear Headphones,audio,4,199.95,799.80,pending,2026-07-21T22:41:29+00:00
ORD-042764,5,2,Wireless Mouse,peripherals,5,49.50,247.50,cancelled,2026-07-21T00:43:41+00:00
ORD-042765,7,5,Over-ear Headphones,audio,3,199.95,599.85,cancelled,2026-07-21T10:05:01+00:00
ORD-042766,4,1,Mechanical Keyboard 75%,peripherals,5,129.00,645.00,cancelled,2026-07-21T10:21:16+00:00
ORD-042767,7,4,34in Ultrawide Monitor,displays,3,579.00,1737.00,pending,2026-07-21T10:11:23+00:00
ORD-042768,10,9,USB-C Hub 8-in-1,accessories,3,39.99,119.97,cancelled,2026-07-21T04:37:41+00:00
ORD-042769,5,5,Over-ear Headphones,audio,5,199.95,999.75,cancelled,2026-07-21T11:31:00+00:00
ORD-042770,8,1,Mechanical Keyboard 75%,peripherals,1,129.00,129.00,pending,2026-07-21T04:05:26+00:00
ORD-042771,9,7,Standing Desk 120cm,furniture,3,449.00,1347.00,cancelled,2026-07-21T13:38:41+00:00
ORD-042772,3,10,Laptop Stand Aluminium,accessories,4,27.50,-50.00,completed,2026-07-21T05:39:21+00:00
ORD-042773,2,10,Laptop Stand Aluminium,accessories,1,27.50,27.50,pending,2026-07-21T01:10:18+00:00
ORD-042774,5,2,Wireless Mouse,peripherals,3,49.50,148.50,pending,2026-07-21T16:37:18+00:00
ORD-042775,1,2,Wireless Mouse,peripherals,4,49.50,198.00,cancelled,2026-07-21T04:21:17+00:00
ORD-042776,8,5,Over-ear Headphones,audio,4,199.95,799.80,pending,2026-07-21T19:46:56+00:00
ORD-042777,2,6,Desk Speakers Pair,audio,2,89.00,178.00,completed,2026-07-21T20:11:43+00:00
ORD-042778,3,8,Ergonomic Chair,furniture,1,612.75,612.75,cancelled,2026-07-21T12:48:31+00:00
ORD-042779,4,10,Laptop Stand Aluminium,accessories,4,27.50,110.00,completed,2026-07-21T21:04:43+00:00
ORD-042780,7,6,Desk Speakers Pair,audio,4,89.00,356.00,cancelled,2026-07-21T04:20:23+00:00
ORD-042781,9,7,Standing Desk 120cm,furniture,5,449.00,2245.00,refunded,2026-07-21T04:29:14+00:00
ORD-042782,4,6,Desk Speakers Pair,audio,2,89.00,178.00,refunded,2026-07-21T02:15:43+00:00
ORD-042783,5,10,Laptop Stand Aluminium,accessories,2,27.50,55.00,cancelled,2026-07-21T04:25:22+00:00
ORD-042784,9,5,Over-ear Headphones,audio,3,199.95,599.85,cancelled,2026-07-21T06:06:04+00:00
ORD-042785,9,5,Over-ear Headphones,audio,2,199.95,399.90,refunded,2026-07-21T23:31:19+00:00
ORD-042786,3,3,27in 1440p Monitor,displays,5,319.99,1599.95,pending,2026-07-21T03:48:19+00:00
ORD-042787,8,1,Mechanical Keyboard 75%,peripherals,2,129.00,258.00,pending,2026-07-21T10:28:40+00:00
ORD-042788,9,6,Desk Speakers Pair,audio,3,89.00,267.00,cancelled,2026-07-21T12:36:33+00:00
ORD-042789,10,1,Mechanical Keyboard 75%,peripherals,1,129.00,129.00,pending,2026-07-21T13:58:23+00:00
ORD-042790,7,4,34in Ultrawide Monitor,displays,4,579.00,2316.00,cancelled,2026-07-21T18:44:54+00:00
ORD-042791,7,2,Wireless Mouse,peripherals,2,49.50,99.00,refunded,2026-07-21T12:31:37+00:00
ORD-042792,5,10,Laptop Stand Aluminium,accessories,4,27.50,110.00,refunded,2026-07-21T11:18:11+00:00
ORD-042793,2,3,27in 1440p Monitor,displays,2,319.99,639.98,cancelled,2026-07-21T20:01:30+00:00
ORD-042794,3,2,Wireless Mouse,peripherals,1,49.50,49.50,pending,2026-07-21T09:18:25+00:00
ORD-042795,4,5,Over-ear Headphones,audio,1,199.95,199.95,pending,2026-07-21T11:07:49+00:00
ORD-042796,7,2,Wireless Mouse,peripherals,2,49.50,99.00,cancelled,2026-07-21T10:49:39+00:00
ORD-042797,4,3,27in 1440p Monitor,displays,2,319.99,639.98,pending,2026-07-21T02:52:37+00:00
ORD-042798,2,1,Mechanical Keyboard 75%,peripherals,3,129.00,387.00,completed,2026-07-21T04:16:58+00:00
ORD-042799,7,2,Wireless Mouse,peripherals,2,49.50,99.00,refunded,2026-07-21T21:05:03+00:00
ORD-042800,1,9,USB-C Hub 8-in-1,accessories,3,39.99,119.97,completed,2026-07-21T11:27:46+00:00
ORD-042801,3,8,Ergonomic Chair,furniture,5,612.75,3063.75,cancelled,2026-07-21T10:34:17+00:00
ORD-042802,10,9,USB-C Hub 8-in-1,accessories,4,39.99,159.96,cancelled,2026-07-21T11:39:33+00:00
ORD-042803,4,1,Mechanical Keyboard 75%,peripherals,2,129.00,258.00,cancelled,2026-07-21T01:41:21+00:00
ORD-042804,9,8,Ergonomic Chair,furniture,1,612.75,612.75,cancelled,2026-07-21T23:22:58+00:00
ORD-042805,6,7,Standing Desk 120cm,furniture,3,449.00,1347.00,refunded,2026-07-21T03:22:02+00:00
ORD-042806,5,7,Standing Desk 120cm,furniture,5,449.00,2245.00,refunded,2026-07-21T23:30:21+00:00
ORD-042807,6,1,Mechanical Keyboard 75%,peripherals,4,129.00,516.00,cancelled,2026-07-21T23:52:11+00:00
ORD-042808,3,9,USB-C Hub 8-in-1,accessories,5,39.99,199.95,completed,2026-07-21T10:17:01+00:00
ORD-042809,6,3,27in 1440p Monitor,displays,4,319.99,1279.96,cancelled,2026-07-21T01:38:32+00:00
ORD-042810,6,5,Over-ear Headphones,audio,1,199.95,199.95,refunded,2026-07-21T14:39:31+00:00
ORD-042811,1,4,34in Ultrawide Monitor,displays,1,579.00,579.00,cancelled,2026-07-21T06:14:01+00:00
ORD-042812,1,3,27in 1440p Monitor,displays,5,319.99,1599.95,completed,2026-07-21T23:35:43+00:00
ORD-042813,10,10,Laptop Stand Aluminium,accessories,5,27.50,137.50,completed,2026-07-21T18:05:26+00:00
ORD-042814,2,4,34in Ultrawide Monitor,displays,2,579.00,1158.00,refunded,2026-07-21T01:41:04+00:00
ORD-042815,3,6,Desk Speakers Pair,audio,4,89.00,356.00,refunded,2026-07-21T12:28:29+00:00
ORD-042816,5,8,Ergonomic Chair,furniture,4,612.75,2451.00,pending,2026-07-21T22:40:56+00:00
ORD-042817,9,7,Standing Desk 120cm,furniture,3,449.00,1347.00,pending,2026-07-21T01:21:06+00:00
ORD-042818,8,5,Over-ear Headphones,audio,2,199.95,399.90,completed,2026-07-21T11:48:31+00:00
ORD-042819,4,5,Over-ear Headphones,audio,2,199.95,399.90,refunded,2026-07-21T01:33:00+00:00
ORD-042820,2,1,Mechanical Keyboard 75%,peripherals,1,129.00,129.00,completed,2026-07-21T06:53:52+00:00
ORD-042821,3,6,Desk Speakers Pair,audio,4,89.00,356.00,cancelled,2026-07-21T11:44:08+00:00
ORD-042822,5,10,Laptop Stand Aluminium,accessories,1,27.50,27.50,pending,2026-07-21T03:18:38+00:00
ORD-042823,6,2,Wireless Mouse,peripherals,1,49.50,49.50,pending,2026-07-21T20:56:47+00:00
ORD-042824,10,4,34in Ultrawide Monitor,displays,1,579.00,579.00,completed,2026-07-21T03:00:16+00:00
ORD-042825,2,2,Wireless Mouse,peripherals,4,49.50,198.00,refunded,2026-07-21T13:41:57+00:00
ORD-042826,8,2,Wireless Mouse,peripherals,3,49.50,148.50,pending,2026-07-21T20:26:11+00:00
ORD-042827,4,2,Wireless Mouse,peripherals,1,49.50,49.50,cancelled,2026-07-21T04:48:10+00:00
ORD-042828,9,6,Desk Speakers Pair,audio,1,89.00,89.00,cancelled,2026-07-21T19:15:26+00:00
ORD-042829,8,2,Wireless Mouse,peripherals,5,49.50,247.50,cancelled,2026-07-21T04:59:08+00:00
ORD-042830,6,7,Standing Desk 120cm,furniture,2,449.00,898.00,pending,2026-07-21T10:10:00+00:00
ORD-042831,9,3,27in 1440p Monitor,displays,1,319.99,319.99,completed,2026-07-21T15:13:23+00:00
ORD-042832,7,6,Desk Speakers Pair,audio,5,89.00,445.00,pending,2026-07-21T10:48:50+00:00
ORD-042833,4,2,Wireless Mouse,peripherals,3,49.50,148.50,cancelled,2026-07-21T11:57:42+00:00
ORD-042834,2,3,27in 1440p Monitor,displays,5,319.99,1599.95,completed,2026-07-21T15:18:51+00:00
ORD-042835,6,8,Ergonomic Chair,furniture,3,612.75,1838.25,completed,2026-07-21T02:58:04+00:00
ORD-042836,8,6,Desk Speakers Pair,audio,1,89.00,89.00,refunded,2026-07-21T00:41:57+00:00
ORD-042837,10,8,Ergonomic Chair,furniture,3,612.75,1838.25,pending,2026-07-21T08:59:19+00:00
ORD-042838,4,4,34in Ultrawide Monitor,displays,1,579.00,579.00,cancelled,2026-07-21T19:17:21+00:00
ORD-042839,4,9,USB-C Hub 8-in-1,accessories,5,39.99,199.95,pending,2026-07-21T01:57:57+00:00
ORD-042840,10,3,27in 1440p Monitor,displays,2,319.99,639.98,cancelled,2026-07-21T00:17:56+00:00
ORD-042841,1,3,27in 1440p Monitor,displays,1,319.99,319.99,completed,2026-07-21T21:42:38+00:00
ORD-042842,7,8,Ergonomic Chair,furniture,2,612.75,1225.50,completed,2026-07-21T11:51:23+00:00
ORD-042843,1,8,Ergonomic Chair,furniture,1,612.75,612.75,cancelled,2026-07-21T09:38:30+00:00
ORD-042844,10,6,Desk Speakers Pair,audio,3,89.00,267.00,pending,2026-07-21T02:04:28+00:00
ORD-042845,5,9,USB-C Hub 8-in-1,accessories,3,39.99,119.97,pending,2026-07-21T13:28:22+00:00
ORD-042846,3,9,USB-C Hub 8-in-1,accessories,3,39.99,119.97,pending,2026-07-21T13:05:53+00:00
ORD-042847,3,8,Ergonomic Chair,furniture,1,612.75,612.75,pending,2026-07-21T01:14:10+00:00
ORD-042848,5,10,Laptop Stand Aluminium,accessories,1,27.50,27.50,completed,2026-07-21T21:42:37+00:00
ORD-042849,9,5,Over-ear Headphones,audio,3,199.95,599.85,cancelled,2026-07-21T05:47:55+00:00
ORD-042850,7,5,Over-ear Headphones,audio,5,199.95,999.75,pending,2026-07-21T20:35:15+00:00
ORD-042851,6,8,Ergonomic Chair,furniture,4,612.75,2451.00,pending,2026-07-21T22:01:26+00:00
ORD-042852,3,9,USB-C Hub 8-in-1,accessories,2,39.99,79.98,cancelled,2026-07-21T18:58:45+00:00
ORD-042853,7,5,Over-ear Headphones,audio,5,199.95,999.75,completed,2026-07-21T05:25:33+00:00
ORD-042854,7,4,34in Ultrawide Monitor,displays,1,579.00,579.00,refunded,2026-07-21T12:03:55+00:00
ORD-042855,6,7,Standing Desk 120cm,furniture,1,449.00,449.00,pending,2026-07-21T09:23:56+00:00
ORD-042856,1,8,Ergonomic Chair,furniture,3,612.75,1838.25,pending,not-a-valid-date
ORD-042857,3,8,Ergonomic Chair,furniture,3,612.75,1838.25,refunded,2026-07-21T15:30:20+00:00
ORD-042858,1,6,Desk Speakers Pair,audio,1,89.00,89.00,completed,2026-07-21T22:23:07+00:00
ORD-042859,10,9,USB-C Hub 8-in-1,accessories,4,39.99,159.96,refunded,2026-07-21T18:26:22+00:00
ORD-042860,5,4,34in Ultrawide Monitor,displays,4,579.00,2316.00,pending,2026-07-21T13:35:24+00:00
ORD-042861,3,2,Wireless Mouse,peripherals,2,49.50,99.00,pending,2026-07-21T18:34:01+00:00
ORD-042862,4,3,27in 1440p Monitor,displays,1,319.99,319.99,pending,2026-07-21T18:04:35+00:00
ORD-042863,6,8,Ergonomic Chair,furniture,4,612.75,2451.00,refunded,2026-07-21T23:17:07+00:00
ORD-042864,4,5,Over-ear Headphones,audio,1,199.95,199.95,pending,2026-07-21T12:38:54+00:00
ORD-042865,8,7,Standing Desk 120cm,furniture,2,449.00,898.00,refunded,2026-07-21T20:09:39+00:00
ORD-042866,5,9,USB-C Hub 8-in-1,accessories,5,39.99,199.95,cancelled,2026-07-21T17:24:30+00:00
ORD-042867,6,7,Standing Desk 120cm,furniture,5,449.00,2245.00,cancelled,2026-07-21T02:21:22+00:00
ORD-042868,8,9,USB-C Hub 8-in-1,accessories,4,39.99,159.96,cancelled,2026-07-21T13:30:05+00:00
ORD-042869,8,5,Over-ear Headphones,audio,2,199.95,399.90,cancelled,2026-07-21T19:57:06+00:00
ORD-042870,1,4,34in Ultrawide Monitor,displays,5,579.00,2895.00,refunded,2026-07-21T11:17:58+00:00
ORD-042871,7,4,34in Ultrawide Monitor,displays,1,579.00,579.00,pending,2026-07-21T03:16:38+00:00
ORD-042872,6,6,Desk Speakers Pair,audio,2,89.00,178.00,cancelled,2026-07-21T11:54:07+00:00
ORD-042873,10,1,Mechanical Keyboard 75%,peripherals,3,129.00,387.00,pending,2026-07-21T10:50:52+00:00
ORD-042874,7,1,Mechanical Keyboard 75%,peripherals,4,129.00,516.00,pending,2026-07-21T16:11:01+00:00
ORD-042875,5,9,USB-C Hub 8-in-1,accessories,5,39.99,199.95,refunded,2026-07-21T15:08:46+00:00
ORD-042876,3,9,USB-C Hub 8-in-1,accessories,1,39.99,39.99,pending,2026-07-21T13:17:17+00:00
ORD-042877,7,1,Mechanical Keyboard 75%,peripherals,1,129.00,129.00,refunded,2026-07-21T21:58:50+00:00
ORD-042878,10,7,Standing Desk 120cm,furniture,5,449.00,2245.00,cancelled,2026-07-21T08:26:46+00:00
ORD-042879,10,7,Standing Desk 120cm,furniture,2,449.00,898.00,completed,2026-07-21T22:05:41+00:00
ORD-042880,1,6,Desk Speakers Pair,audio,1,89.00,89.00,pending,2026-07-21T06:27:38+00:00
ORD-042881,6,4,34in Ultrawide Monitor,displays,1,579.00,579.00,cancelled,2026-07-21T03:43:40+00:00
ORD-042882,6,10,Laptop Stand Aluminium,accessories,2,27.50,55.00,completed,2026-07-21T10:57:52+00:00
ORD-042883,5,5,Over-ear Headphones,audio,5,199.95,999.75,pending,2026-07-21T23:57:11+00:00
ORD-042884,7,3,27in 1440p Monitor,displays,5,319.99,1599.95,refunded,2026-07-21T05:18:41+00:00
ORD-042885,7,6,Desk Speakers Pair,audio,2,89.00,178.00,refunded,2026-07-21T11:10:13+00:00
ORD-042886,10,8,Ergonomic Chair,furniture,4,612.75,2451.00,pending,2026-07-21T05:34:29+00:00
ORD-042887,7,8,Ergonomic Chair,furniture,3,612.75,1838.25,cancelled,2026-07-21T16:39:16+00:00
ORD-042888,10,3,27in 1440p Monitor,displays,5,319.99,1599.95,pending,2026-07-21T12:02:44+00:00
ORD-042889,8,2,Wireless Mouse,peripherals,1,49.50,49.50,refunded,2026-07-21T22:53:08+00:00
ORD-042890,4,8,Ergonomic Chair,furniture,2,612.75,1225.50,pending,2026-07-21T16:08:29+00:00
ORD-042891,5,8,Ergonomic Chair,furniture,4,612.75,2451.00,refunded,2026-07-21T13:11:26+00:00
ORD-042892,10,2,Wireless Mouse,peripherals,2,49.50,99.00,cancelled,2026-07-21T20:31:42+00:00
ORD-042893,9,5,Over-ear Headphones,audio,3,199.95,599.85,cancelled,2026-07-21T21:48:10+00:00
ORD-042894,6,5,Over-ear Headphones,audio,3,199.95,599.85,completed,2026-07-21T02:24:59+00:00
ORD-042895,3,3,27in 1440p Monitor,displays,3,319.99,959.97,cancelled,2026-07-21T00:51:19+00:00
ORD-042896,8,5,Over-ear Headphones,audio,5,199.95,999.75,completed,2026-07-21T20:45:20+00:00
ORD-042897,10,4,34in Ultrawide Monitor,displays,1,579.00,579.00,completed,2026-07-21T02:59:29+00:00
ORD-042898,5,9,USB-C Hub 8-in-1,accessories,4,39.99,159.96,refunded,2026-07-21T04:00:23+00:00
ORD-042899,2,8,Ergonomic Chair,furniture,5,612.75,3063.75,pending,2026-07-21T14:57:14+00:00
ORD-042900,7,6,Desk Speakers Pair,audio,2,89.00,178.00,cancelled,2026-07-21T21:08:54+00:00
ORD-042901,6,5,Over-ear Headphones,audio,5,199.95,999.75,refunded,2026-07-21T08:02:17+00:00
ORD-042902,5,5,Over-ear Headphones,audio,3,199.95,599.85,cancelled,2026-07-21T02:23:23+00:00
ORD-042903,9,3,27in 1440p Monitor,displays,3,319.99,959.97,pending,2026-07-21T16:12:47+00:00
ORD-042904,5,3,27in 1440p Monitor,displays,5,319.99,1599.95,completed,2026-07-21T02:50:48+00:00
ORD-042905,2,10,Laptop Stand Aluminium,accessories,1,27.50,27.50,pending,2026-07-21T13:08:34+00:00
ORD-042906,9,8,Ergonomic Chair,furniture,1,612.75,612.75,cancelled,2026-07-21T00:25:57+00:00
ORD-042907,5,7,Standing Desk 120cm,furniture,4,449.00,1796.00,pending,2026-07-21T22:48:06+00:00
ORD-042908,4,7,Standing Desk 120cm,furniture,3,449.00,1347.00,pending,2026-07-21T22:45:27+00:00
ORD-042909,7,2,Wireless Mouse,peripherals,1,49.50,49.50,refunded,2026-07-21T22:43:56+00:00
ORD-042910,6,4,34in Ultrawide Monitor,displays,3,579.00,1737.00,pending,2026-07-21T00:32:42+00:00
ORD-042911,2,4,34in Ultrawide Monitor,displays,2,579.00,1158.00,cancelled,2026-07-21T08:36:08+00:00
ORD-042912,9,9,USB-C Hub 8-in-1,accessories,3,39.99,119.97,cancelled,2026-07-21T21:45:00+00:00
ORD-042913,4,7,Standing Desk 120cm,furniture,4,449.00,1796.00,completed,2026-07-21T23:10:55+00:00
ORD-042914,4,1,Mechanical Keyboard 75%,peripherals,3,129.00,387.00,completed,2026-07-21T19:48:33+00:00
ORD-042915,9,8,Ergonomic Chair,furniture,1,612.75,612.75,pending,2026-07-21T12:54:40+00:00
ORD-042916,2,4,34in Ultrawide Monitor,displays,4,579.00,2316.00,completed,2026-07-21T15:36:29+00:00
ORD-042917,3,4,34in Ultrawide Monitor,displays,4,579.00,2316.00,completed,2026-07-21T07:57:29+00:00
ORD-042918,3,9,USB-C Hub 8-in-1,accessories,5,39.99,199.95,refunded,2026-07-21T03:03:44+00:00
ORD-042919,1,7,Standing Desk 120cm,furniture,3,449.00,1347.00,refunded,2026-07-21T20:02:28+00:00
ORD-042920,4,10,Laptop Stand Aluminium,accessories,2,27.50,55.00,cancelled,2026-07-21T07:00:41+00:00
ORD-042921,3,2,Wireless Mouse,peripherals,2,49.50,99.00,pending,2026-07-21T08:06:14+00:00
ORD-042922,7,6,Desk Speakers Pair,audio,1,89.00,89.00,cancelled,2026-07-21T19:03:47+00:00
ORD-042923,4,6,Desk Speakers Pair,audio,4,89.00,356.00,pending,2026-07-21T15:08:26+00:00
ORD-042924,10,10,Laptop Stand Aluminium,accessories,1,27.50,27.50,cancelled,2026-07-21T18:51:50+00:00
ORD-042925,9,5,Over-ear Headphones,audio,5,199.95,999.75,pending,2026-07-21T08:13:29+00:00
ORD-042926,3,2,Wireless Mouse,peripherals,4,49.50,198.00,refunded,2026-07-21T02:56:18+00:00
ORD-042927,8,6,Desk Speakers Pair,audio,1,89.00,89.00,refunded,2026-07-21T16:52:11+00:00
ORD-042928,8,8,Ergonomic Chair,furniture,4,612.75,2451.00,completed,2026-07-21T09:18:07+00:00
ORD-042929,1,3,27in 1440p Monitor,displays,2,319.99,639.98,cancelled,2026-07-21T08:39:24+00:00
ORD-042930,2,7,Standing Desk 120cm,furniture,5,449.00,2245.00,pending,2026-07-21T17:04:12+00:00
ORD-042931,3,1,Mechanical Keyboard 75%,peripherals,5,129.00,645.00,completed,2026-07-21T23:50:10+00:00
ORD-042932,2,9,USB-C Hub 8-in-1,accessories,5,39.99,199.95,refunded,2026-07-21T04:35:54+00:00
ORD-042933,7,9,USB-C Hub 8-in-1,accessories,4,39.99,159.96,refunded,2026-07-21T12:13:55+00:00
ORD-042934,6,3,27in 1440p Monitor,displays,3,319.99,959.97,completed,2026-07-21T11:37:47+00:00
ORD-042935,6,4,34in Ultrawide Monitor,displays,4,579.00,2316.00,pending,2026-07-21T12:00:03+00:00
ORD-042936,7,1,Mechanical Keyboard 75%,peripherals,3,129.00,387.00,completed,2026-07-21T07:56:02+00:00
ORD-042937,2,8,Ergonomic Chair,furniture,2,612.75,1225.50,cancelled,2026-07-21T04:38:18+00:00
ORD-042938,2,7,Standing Desk 120cm,furniture,3,449.00,1347.00,cancelled,2026-07-21T20:51:47+00:00
ORD-042939,1,1,Mechanical Keyboard 75%,peripherals,2,129.00,258.00,cancelled,2026-07-21T21:27:47+00:00
ORD-042940,8,7,Standing Desk 120cm,furniture,2,449.00,898.00,completed,2026-07-21T00:29:20+00:00
ORD-042941,5,10,Laptop Stand Aluminium,accessories,1,27.50,27.50,refunded,2026-07-21T06:15:25+00:00
ORD-042942,2,4,34in Ultrawide Monitor,displays,4,579.00,2316.00,cancelled,2026-07-21T03:10:18+00:00
ORD-042943,5,10,Laptop Stand Aluminium,accessories,1,27.50,27.50,completed,2026-07-21T11:09:58+00:00
ORD-042944,3,3,27in 1440p Monitor,displays,3,319.99,959.97,refunded,2026-07-21T14:40:27+00:00
ORD-042945,5,10,Laptop Stand Aluminium,accessories,3,27.50,82.50,pending,2026-07-21T04:44:51+00:00
ORD-042946,8,10,Laptop Stand Aluminium,accessories,4,27.50,110.00,pending,2026-07-21T03:31:11+00:00
ORD-042947,1,7,Standing Desk 120cm,furniture,1,449.00,449.00,refunded,2026-07-21T05:04:24+00:00
ORD-042948,10,10,Laptop Stand Aluminium,accessories,2,27.50,55.00,completed,2026-07-21T12:05:27+00:00
ORD-042949,2,4,34in Ultrawide Monitor,displays,2,579.00,1158.00,pending,2026-07-21T21:33:06+00:00
ORD-042950,10,7,Standing Desk 120cm,furniture,2,449.00,898.00,cancelled,2026-07-21T13:06:16+00:00
ORD-042951,9,3,27in 1440p Monitor,displays,5,319.99,1599.95,completed,2026-07-21T05:09:41+00:00
ORD-042952,1,4,34in Ultrawide Monitor,displays,4,579.00,2316.00,completed,2026-07-21T06:18:20+00:00
ORD-042953,4,2,Wireless Mouse,peripherals,5,49.50,247.50,pending,2026-07-21T21:54:33+00:00
ORD-042954,7,8,Ergonomic Chair,furniture,1,612.75,612.75,cancelled,2026-07-21T02:56:04+00:00
ORD-042955,2,1,Mechanical Keyboard 75%,peripherals,4,129.00,516.00,refunded,2026-07-21T05:46:46+00:00
ORD-042956,1,8,Ergonomic Chair,furniture,1,612.75,612.75,completed,2026-07-21T05:29:40+00:00
ORD-042957,3,9,USB-C Hub 8-in-1,accessories,3,39.99,119.97,refunded,2026-07-21T21:18:56+00:00
ORD-042958,5,5,Over-ear Headphones,audio,3,199.95,599.85,completed,2026-07-21T19:42:05+00:00
ORD-042959,8,4,34in Ultrawide Monitor,displays,5,579.00,2895.00,pending,2026-07-21T03:53:47+00:00
ORD-042960,2,6,Desk Speakers Pair,audio,1,89.00,89.00,completed,2026-07-21T18:00:57+00:00
ORD-042961,5,7,Standing Desk 120cm,furniture,1,449.00,449.00,refunded,2026-07-21T10:28:35+00:00
ORD-042962,8,3,27in 1440p Monitor,displays,2,319.99,639.98,completed,2026-07-21T21:21:56+00:00
ORD-042963,6,10,Laptop Stand Aluminium,accessories,4,27.50,110.00,refunded,2026-07-21T19:54:38+00:00
ORD-042964,10,9,USB-C Hub 8-in-1,accessories,2,39.99,79.98,completed,2026-07-21T23:17:15+00:00
ORD-042965,10,2,Wireless Mouse,peripherals,4,49.50,198.00,pending,2026-07-21T09:16:30+00:00
ORD-042966,7,2,Wireless Mouse,peripherals,1,49.50,49.50,refunded,2026-07-21T20:26:13+00:00
ORD-042967,9,5,Over-ear Headphones,audio,5,199.95,999.75,pending,2026-07-21T03:44:24+00:00
ORD-042968,9,10,Laptop Stand Aluminium,accessories,4,27.50,110.00,pending,2026-07-21T02:27:30+00:00
ORD-042969,1,6,Desk Speakers Pair,audio,1,89.00,89.00,refunded,2026-07-21T07:28:35+00:00
ORD-042970,1,1,Mechanical Keyboard 75%,peripherals,4,129.00,516.00,cancelled,2026-07-21T04:42:47+00:00
ORD-042971,8,3,27in 1440p Monitor,displays,1,319.99,319.99,pending,2026-07-21T15:27:02+00:00
ORD-042972,1,7,Standing Desk 120cm,furniture,1,449.00,449.00,pending,2026-07-21T03:38:29+00:00
ORD-042973,8,7,Standing Desk 120cm,furniture,1,449.00,449.00,cancelled,2026-07-21T20:06:48+00:00
ORD-042974,9,2,Wireless Mouse,peripherals,4,49.50,198.00,completed,2026-07-21T03:07:48+00:00
ORD-042975,7,1,Mechanical Keyboard 75%,peripherals,2,129.00,258.00,cancelled,2026-07-21T23:56:56+00:00
ORD-042976,8,9,USB-C Hub 8-in-1,accessories,4,39.99,159.96,cancelled,2026-07-21T23:12:16+00:00
ORD-042977,3,1,Mechanical Keyboard 75%,peripherals,2,129.00,258.00,pending,2026-07-21T20:12:15+00:00
ORD-042978,5,10,Laptop Stand Aluminium,accessories,4,27.50,110.00,completed,2026-07-21T16:58:44+00:00
ORD-042979,1,5,Over-ear Headphones,audio,3,199.95,599.85,refunded,2026-07-21T14:50:03+00:00
ORD-042980,8,10,Laptop Stand Aluminium,accessories,3,27.50,82.50,cancelled,2026-07-21T18:53:21+00:00
ORD-042981,5,8,Ergonomic Chair,furniture,4,612.75,2451.00,completed,2026-07-21T09:53:54+00:00
ORD-042982,3,8,Ergonomic Chair,furniture,4,612.75,2451.00,refunded,2026-07-21T02:22:43+00:00
ORD-042983,2,4,34in Ultrawide Monitor,displays,5,579.00,2895.00,refunded,2026-07-21T17:09:22+00:00
ORD-042984,10,7,Standing Desk 120cm,furniture,1,449.00,449.00,cancelled,2026-07-21T22:25:17+00:00
ORD-042985,1,10,Laptop Stand Aluminium,accessories,5,27.50,137.50,refunded,2026-07-21T21:03:11+00:00
ORD-042986,7,9,USB-C Hub 8-in-1,accessories,5,39.99,199.95,pending,2026-07-21T03:43:44+00:00
ORD-042987,10,10,Laptop Stand Aluminium,accessories,3,27.50,82.50,pending,2026-07-21T18:17:35+00:00
ORD-042988,3,1,Mechanical Keyboard 75%,peripherals,1,129.00,129.00,cancelled,2026-07-21T00:22:23+00:00
ORD-042989,1,7,Standing Desk 120cm,furniture,5,449.00,2245.00,cancelled,2026-07-21T08:37:11+00:00
ORD-042990,9,4,34in Ultrawide Monitor,displays,5,579.00,2895.00,pending,2026-07-21T00:25:14+00:00
ORD-042991,10,5,Over-ear Headphones,audio,2,199.95,399.90,refunded,2026-07-21T20:48:10+00:00
ORD-042992,2,9,USB-C Hub 8-in-1,accessories,3,39.99,119.97,completed,2026-07-21T01:10:57+00:00
ORD-042993,6,5,Over-ear Headphones,audio,3,199.95,599.85,completed,2026-07-21T03:23:10+00:00
ORD-042994,10,2,Wireless Mouse,peripherals,4,49.50,198.00,refunded,2026-07-21T10:24:31+00:00
ORD-042995,8,7,Standing Desk 120cm,furniture,3,449.00,1347.00,cancelled,2026-07-21T15:44:53+00:00
ORD-042996,8,10,Laptop Stand Aluminium,accessories,4,27.50,110.00,refunded,2026-07-21T03:39:45+00:00
ORD-042997,3,7,Standing Desk 120cm,furniture,1,449.00,449.00,refunded,2026-07-21T12:11:49+00:00
ORD-042998,10,8,Ergonomic Chair,furniture,4,612.75,2451.00,pending,2026-07-21T22:20:23+00:00
ORD-042999,2,4,34in Ultrawide Monitor,displays,5,579.00,2895.00,pending,2026-07-21T15:01:39+00:00
ORD-043000,1,5,Over-ear Headphones,audio,2,199.95,399.90,pending,2026-07-21T20:46:48+00:00
ORD-043001,1,1,Mechanical Keyboard 75%,peripherals,5,129.00,645.00,refunded,2026-07-21T07:04:03+00:00
ORD-043002,2,5,Over-ear Headphones,audio,1,199.95,199.95,completed,2026-07-21T12:10:41+00:00
ORD-043003,10,4,34in Ultrawide Monitor,displays,4,579.00,2316.00,pending,2026-07-21T07:55:33+00:00
ORD-043004,8,9,USB-C Hub 8-in-1,accessories,3,39.99,119.97,completed,2026-07-21T16:48:11+00:00
ORD-043005,1,8,Ergonomic Chair,furniture,5,612.75,3063.75,cancelled,2026-07-21T18:12:29+00:00
ORD-043006,1,7,Standing Desk 120cm,furniture,1,449.00,449.00,cancelled,2026-07-21T06:10:06+00:00
ORD-043007,3,4,34in Ultrawide Monitor,displays,4,579.00,2316.00,refunded,2026-07-21T03:27:25+00:00
ORD-043008,2,5,Over-ear Headphones,audio,4,199.95,799.80,cancelled,2026-07-21T14:46:42+00:00
ORD-043009,4,9,USB-C Hub 8-in-1,accessories,3,39.99,119.97,cancelled,2026-07-21T08:54:49+00:00
ORD-043010,5,1,Mechanical Keyboard 75%,peripherals,3,129.00,387.00,refunded,2026-07-21T19:57:19+00:00
ORD-043011,10,4,34in Ultrawide Monitor,displays,4,579.00,2316.00,refunded,2026-07-21T08:43:15+00:00
ORD-043012,4,7,Standing Desk 120cm,furniture,2,449.00,898.00,cancelled,2026-07-21T19:51:16+00:00
ORD-043013,1,7,Standing Desk 120cm,furniture,4,449.00,1796.00,completed,2026-07-21T18:34:08+00:00
ORD-043014,2,5,Over-ear Headphones,audio,1,199.95,199.95,refunded,2026-07-21T01:27:33+00:00
ORD-043015,5,9,USB-C Hub 8-in-1,accessories,1,39.99,39.99,refunded,2026-07-21T12:04:04+00:00
ORD-043016,4,1,Mechanical Keyboard 75%,peripherals,2,129.00,258.00,completed,2026-07-21T02:37:20+00:00
ORD-043017,5,7,Standing Desk 120cm,furniture,4,449.00,1796.00,completed,2026-07-21T14:08:55+00:00
ORD-043018,3,10,Laptop Stand Aluminium,accessories,5,27.50,137.50,pending,2026-07-21T12:37:10+00:00
ORD-043019,2,10,Laptop Stand Aluminium,accessories,2,27.50,55.00,completed,2026-07-21T02:35:57+00:00
ORD-043020,6,9,USB-C Hub 8-in-1,accessories,3,39.99,119.97,pending,2026-07-21T23:51:50+00:00
ORD-043021,4,4,34in Ultrawide Monitor,displays,5,579.00,2895.00,pending,2026-07-21T08:03:09+00:00
ORD-043022,10,3,27in 1440p Monitor,displays,4,319.99,1279.96,pending,2026-07-21T09:10:22+00:00
ORD-043023,7,7,Standing Desk 120cm,furniture,3,449.00,1347.00,completed,2026-07-21T03:02:38+00:00
ORD-043024,5,8,Ergonomic Chair,furniture,3,612.75,1838.25,refunded,2026-07-21T13:05:08+00:00
ORD-043025,6,9,USB-C Hub 8-in-1,accessories,2,39.99,79.98,cancelled,2026-07-21T18:46:53+00:00
ORD-043026,6,3,27in 1440p Monitor,displays,5,319.99,1599.95,pending,2026-07-21T18:05:39+00:00
ORD-043027,4,8,Ergonomic Chair,furniture,2,612.75,1225.50,completed,2026-07-21T23:30:33+00:00
ORD-043028,10,4,34in Ultrawide Monitor,displays,2,579.00,1158.00,completed,2026-07-21T17:22:50+00:00
ORD-043029,2,10,Laptop Stand Aluminium,accessories,2,27.50,55.00,cancelled,2026-07-21T06:12:48+00:00
ORD-043030,5,6,Desk Speakers Pair,audio,1,89.00,89.00,refunded,2026-07-21T18:27:38+00:00
ORD-043031,7,1,Mechanical Keyboard 75%,peripherals,3,129.00,387.00,cancelled,2026-07-21T13:50:29+00:00
ORD-043032,10,10,Laptop Stand Aluminium,accessories,3,27.50,82.50,cancelled,2026-07-21T21:05:25+00:00
ORD-043033,2,10,Laptop Stand Aluminium,accessories,4,27.50,110.00,completed,2026-07-21T18:44:29+00:00
ORD-043034,5,10,Laptop Stand Aluminium,accessories,5,27.50,137.50,completed,2026-07-21T04:42:31+00:00
ORD-043035,10,1,Mechanical Keyboard 75%,peripherals,4,129.00,516.00,cancelled,2026-07-21T06:28:55+00:00
ORD-043036,7,4,34in Ultrawide Monitor,displays,1,579.00,579.00,completed,2026-07-21T13:04:30+00:00
ORD-043037,8,3,27in 1440p Monitor,displays,5,319.99,1599.95,refunded,2026-07-21T03:23:39+00:00
ORD-043038,7,9,USB-C Hub 8-in-1,accessories,1,39.99,39.99,completed,2026-07-21T01:09:59+00:00
ORD-043039,3,10,Laptop Stand Aluminium,accessories,1,27.50,27.50,pending,2026-07-21T08:50:09+00:00
ORD-043040,10,7,Standing Desk 120cm,furniture,4,449.00,1796.00,cancelled,2026-07-21T02:54:13+00:00
ORD-043041,8,9,USB-C Hub 8-in-1,accessories,1,39.99,39.99,cancelled,2026-07-21T14:03:55+00:00
ORD-043042,5,7,Standing Desk 120cm,furniture,2,449.00,898.00,refunded,2026-07-21T08:17:35+00:00
ORD-043043,2,7,Standing Desk 120cm,furniture,2,449.00,898.00,cancelled,2026-07-21T06:16:30+00:00
ORD-043044,4,3,27in 1440p Monitor,displays,2,319.99,639.98,refunded,2026-07-21T21:09:42+00:00
ORD-043045,2,4,34in Ultrawide Monitor,displays,4,579.00,2316.00,cancelled,2026-07-21T15:55:11+00:00
ORD-043046,8,2,Wireless Mouse,peripherals,3,49.50,148.50,cancelled,2026-07-21T03:11:36+00:00
ORD-043047,4,9,USB-C Hub 8-in-1,accessories,3,39.99,119.97,refunded,2026-07-21T07:47:01+00:00
ORD-043048,6,5,Over-ear Headphones,audio,1,199.95,199.95,completed,2026-07-21T19:44:28+00:00
ORD-043049,9,7,Standing Desk 120cm,furniture,1,449.00,449.00,cancelled,2026-07-21T07:35:26+00:00
ORD-043050,6,5,Over-ear Headphones,audio,1,199.95,199.95,cancelled,2026-07-21T04:12:50+00:00
ORD-043051,1,7,Standing Desk 120cm,furniture,5,449.00,2245.00,completed,2026-07-21T11:46:57+00:00
ORD-043052,10,10,Laptop Stand Aluminium,accessories,2,27.50,55.00,cancelled,2026-07-21T01:41:28+00:00
ORD-043053,1,5,Over-ear Headphones,audio,1,199.95,199.95,refunded,2026-07-21T10:07:05+00:00
ORD-043054,3,9,USB-C Hub 8-in-1,accessories,3,39.99,119.97,completed,2026-07-21T07:19:00+00:00
ORD-043055,1,5,Over-ear Headphones,audio,2,199.95,399.90,pending,2026-07-21T19:23:44+00:00
ORD-043056,1,4,34in Ultrawide Monitor,displays,5,579.00,2895.00,cancelled,2026-07-21T06:53:30+00:00
ORD-043057,2,1,Mechanical Keyboard 75%,peripherals,2,129.00,258.00,cancelled,2026-07-21T10:46:55+00:00
ORD-043058,8,5,Over-ear Headphones,audio,4,199.95,799.80,completed,2026-07-21T00:37:58+00:00
ORD-043059,6,1,Mechanical Keyboard 75%,peripherals,4,129.00,516.00,completed,2026-07-21T15:08:14+00:00
ORD-043060,3,9,USB-C Hub 8-in-1,accessories,1,39.99,39.99,completed,2026-07-21T20:20:00+00:00
ORD-043061,3,4,34in Ultrawide Monitor,displays,3,579.00,1737.00,pending,2026-07-21T21:00:53+00:00
ORD-043062,10,3,27in 1440p Monitor,displays,1,319.99,319.99,pending,2026-07-21T19:49:06+00:00
ORD-043063,10,7,Standing Desk 120cm,furniture,3,449.00,1347.00,pending,2026-07-21T11:34:40+00:00
ORD-043064,8,9,USB-C Hub 8-in-1,accessories,3,39.99,119.97,completed,2026-07-21T11:20:40+00:00
ORD-043065,8,4,34in Ultrawide Monitor,displays,2,579.00,1158.00,refunded,2026-07-21T08:25:09+00:00
ORD-043066,7,7,Standing Desk 120cm,furniture,2,449.00,898.00,pending,2026-07-21T06:27:43+00:00
ORD-043067,8,6,Desk Speakers Pair,audio,3,89.00,267.00,refunded,2026-07-21T10:39:20+00:00
ORD-043068,1,3,27in 1440p Monitor,displays,1,319.99,319.99,refunded,2026-07-21T22:51:19+00:00
ORD-043069,3,7,Standing Desk 120cm,furniture,1,449.00,449.00,cancelled,2026-07-21T18:43:11+00:00
ORD-043070,10,7,Standing Desk 120cm,furniture,5,449.00,2245.00,refunded,2026-07-21T01:18:26+00:00
ORD-043071,8,5,Over-ear Headphones,audio,3,199.95,599.85,refunded,2026-07-21T13:33:05+00:00
ORD-043072,2,7,Standing Desk 120cm,furniture,2,449.00,898.00,cancelled,2026-07-21T22:06:48+00:00
ORD-043073,3,2,Wireless Mouse,peripherals,4,49.50,198.00,pending,2026-07-21T10:29:00+00:00
ORD-043074,1,10,Laptop Stand Aluminium,accessories,3,27.50,82.50,refunded,2026-07-21T00:15:04+00:00
ORD-043075,3,3,27in 1440p Monitor,displays,2,319.99,639.98,cancelled,2026-07-21T16:41:17+00:00
ORD-043076,2,2,Wireless Mouse,peripherals,1,49.50,49.50,cancelled,2026-07-21T12:33:41+00:00
ORD-043077,8,4,34in Ultrawide Monitor,displays,4,579.00,2316.00,refunded,2026-07-21T09:43:13+00:00
ORD-043078,6,4,34in Ultrawide Monitor,displays,1,579.00,579.00,completed,2026-07-21T08:37:10+00:00
ORD-043079,1,4,34in Ultrawide Monitor,displays,2,579.00,1158.00,refunded,2026-07-21T15:23:47+00:00
ORD-043080,6,10,Laptop Stand Aluminium,accessories,2,27.50,55.00,pending,2026-07-21T04:43:27+00:00
ORD-043081,7,5,Over-ear Headphones,audio,4,199.95,799.80,pending,2026-07-21T11:25:17+00:00
ORD-043082,9,10,Laptop Stand Aluminium,accessories,4,27.50,110.00,completed,2026-07-21T13:19:45+00:00
ORD-043083,9,6,Desk Speakers Pair,audio,3,89.00,267.00,pending,2026-07-21T22:23:03+00:00
ORD-043084,2,1,Mechanical Keyboard 75%,peripherals,5,129.00,645.00,completed,2026-07-21T19:57:07+00:00
ORD-043085,6,9,USB-C Hub 8-in-1,accessories,3,39.99,119.97,pending,2026-07-21T20:03:56+00:00
ORD-043086,4,2,Wireless Mouse,peripherals,1,49.50,49.50,cancelled,2026-07-21T17:52:31+00:00
ORD-043087,6,6,Desk Speakers Pair,audio,1,89.00,89.00,cancelled,2026-07-21T06:50:02+00:00
ORD-043088,4,6,Desk Speakers Pair,audio,5,89.00,445.00,refunded,2026-07-21T03:04:10+00:00
ORD-043089,4,10,Laptop Stand Aluminium,accessories,5,27.50,137.50,pending,2026-07-21T03:11:16+00:00
ORD-043090,5,1,Mechanical Keyboard 75%,peripherals,2,129.00,258.00,cancelled,2026-07-21T13:32:25+00:00
ORD-043091,10,7,Standing Desk 120cm,furniture,3,449.00,1347.00,cancelled,2026-07-21T14:41:37+00:00
ORD-043092,1,5,Over-ear Headphones,audio,3,199.95,599.85,refunded,2026-07-21T07:53:37+00:00
ORD-043093,2,7,Standing Desk 120cm,furniture,3,449.00,1347.00,pending,2026-07-21T03:09:50+00:00
ORD-043094,4,1,Mechanical Keyboard 75%,peripherals,3,129.00,387.00,refunded,2026-07-21T18:59:35+00:00
ORD-043095,2,10,Laptop Stand Aluminium,accessories,2,27.50,55.00,completed,2026-07-21T08:08:32+00:00
ORD-043096,9,10,Laptop Stand Aluminium,accessories,3,27.50,82.50,completed,2026-07-21T15:33:46+00:00
ORD-043097,5,8,Ergonomic Chair,furniture,2,612.75,1225.50,refunded,2026-07-21T03:53:28+00:00
ORD-043098,10,1,Mechanical Keyboard 75%,peripherals,4,129.00,516.00,completed,2026-07-21T18:48:46+00:00
ORD-043099,5,3,27in 1440p Monitor,displays,1,319.99,319.99,refunded,2026-07-21T12:45:02+00:00
ORD-043100,10,9,USB-C Hub 8-in-1,accessories,3,39.99,119.97,pending,2026-07-21T02:08:36+00:00
ORD-043101,1,3,27in 1440p Monitor,displays,1,319.99,319.99,refunded,2026-07-21T01:16:42+00:00
ORD-043102,5,1,Mechanical Keyboard 75%,peripherals,4,129.00,516.00,completed,2026-07-21T09:18:07+00:00
ORD-043103,6,7,Standing Desk 120cm,furniture,1,449.00,449.00,pending,2026-07-21T05:24:57+00:00
ORD-043104,4,6,Desk Speakers Pair,audio,1,89.00,89.00,cancelled,2026-07-21T11:57:28+00:00
ORD-043105,4,1,Mechanical Keyboard 75%,peripherals,3,129.00,387.00,pending,2026-07-21T08:05:52+00:00
ORD-043106,1,6,Desk Speakers Pair,audio,4,89.00,356.00,completed,2026-07-21T00:05:20+00:00
ORD-043107,10,4,34in Ultrawide Monitor,displays,2,579.00,1158.00,pending,2026-07-21T18:22:12+00:00
ORD-043108,4,4,34in Ultrawide Monitor,displays,4,579.00,2316.00,pending,2026-07-21T07:18:09+00:00
ORD-043109,9,7,Standing Desk 120cm,furniture,4,449.00,1796.00,cancelled,2026-07-21T10:12:17+00:00
ORD-043110,6,8,Ergonomic Chair,furniture,4,612.75,2451.00,refunded,2026-07-21T07:30:32+00:00
ORD-043111,6,7,Standing Desk 120cm,furniture,5,449.00,2245.00,cancelled,2026-07-21T11:52:43+00:00
ORD-043112,2,2,Wireless Mouse,peripherals,4,49.50,198.00,completed,2026-07-21T14:42:46+00:00
ORD-043113,8,4,34in Ultrawide Monitor,displays,4,579.00,2316.00,pending,2026-07-21T10:17:42+00:00
ORD-043114,10,2,Wireless Mouse,peripherals,5,49.50,247.50,cancelled,2026-07-21T10:27:34+00:00
ORD-043115,7,7,Standing Desk 120cm,furniture,1,449.00,449.00,refunded,2026-07-21T11:03:16+00:00
ORD-043116,2,10,Laptop Stand Aluminium,accessories,3,27.50,82.50,refunded,2026-07-21T16:21:40+00:00
ORD-043117,9,10,Laptop Stand Aluminium,accessories,2,27.50,55.00,cancelled,2026-07-21T06:07:08+00:00
ORD-043118,2,6,Desk Speakers Pair,audio,5,89.00,445.00,pending,2026-07-21T18:15:53+00:00
ORD-043119,7,5,Over-ear Headphones,audio,1,199.95,199.95,cancelled,2026-07-21T03:59:02+00:00
ORD-043120,3,6,Desk Speakers Pair,audio,3,89.00,267.00,cancelled,2026-07-21T14:32:53+00:00
ORD-043121,3,10,Laptop Stand Aluminium,accessories,2,27.50,55.00,refunded,2026-07-21T10:16:54+00:00
ORD-043122,5,6,Desk Speakers Pair,audio,3,89.00,267.00,cancelled,2026-07-21T21:30:53+00:00
ORD-043123,5,4,34in Ultrawide Monitor,displays,2,579.00,1158.00,completed,2026-07-21T22:18:17+00:00
ORD-043124,1,9,USB-C Hub 8-in-1,accessories,4,39.99,159.96,cancelled,2026-07-21T09:39:25+00:00
ORD-043125,1,6,Desk Speakers Pair,audio,2,89.00,178.00,completed,2026-07-21T10:27:43+00:00
ORD-043126,9,4,34in Ultrawide Monitor,displays,1,579.00,579.00,completed,2026-07-21T19:05:12+00:00
ORD-043127,3,2,Wireless Mouse,peripherals,2,49.50,99.00,pending,2026-07-21T13:45:25+00:00
ORD-043128,5,3,27in 1440p Monitor,displays,3,319.99,959.97,cancelled,2026-07-21T15:09:42+00:00
ORD-043129,7,9,USB-C Hub 8-in-1,accessories,3,39.99,119.97,completed,2026-07-21T03:44:45+00:00
ORD-043130,5,6,Desk Speakers Pair,audio,3,89.00,267.00,refunded,2026-07-21T05:16:06+00:00
ORD-043131,3,5,Over-ear Headphones,audio,5,199.95,999.75,refunded,2026-07-21T17:36:29+00:00
ORD-043132,9,2,Wireless Mouse,peripherals,4,49.50,198.00,refunded,2026-07-21T03:17:20+00:00
ORD-043133,8,6,Desk Speakers Pair,audio,3,89.00,267.00,pending,2026-07-21T00:40:57+00:00
ORD-043134,9,4,34in Ultrawide Monitor,displays,3,579.00,1737.00,cancelled,2026-07-21T05:04:35+00:00
ORD-043135,1,9,USB-C Hub 8-in-1,accessories,1,39.99,39.99,completed,2026-07-21T13:59:16+00:00
ORD-043136,1,5,Over-ear Headphones,audio,3,199.95,599.85,cancelled,2026-07-21T15:31:39+00:00
ORD-043137,1,6,Desk Speakers Pair,audio,3,89.00,267.00,cancelled,2026-07-21T14:51:03+00:00
ORD-043138,10,4,34in Ultrawide Monitor,displays,5,579.00,2895.00,pending,2026-07-21T00:50:16+00:00
ORD-043139,6,9,USB-C Hub 8-in-1,accessories,4,39.99,159.96,refunded,2026-07-21T22:23:13+00:00
ORD-043140,1,2,Wireless Mouse,peripherals,1,49.50,49.50,refunded,2026-07-21T08:14:22+00:00
ORD-043141,9,2,Wireless Mouse,peripherals,1,49.50,49.50,refunded,2026-07-21T15:29:34+00:00
ORD-043142,4,8,Ergonomic Chair,furniture,4,612.75,2451.00,refunded,2026-07-21T16:16:59+00:00
ORD-043143,10,9,USB-C Hub 8-in-1,accessories,3,39.99,119.97,refunded,2026-07-21T22:57:21+00:00
ORD-043144,6,6,Desk Speakers Pair,audio,3,89.00,267.00,completed,2026-07-21T22:55:47+00:00
ORD-043145,6,8,Ergonomic Chair,furniture,1,612.75,612.75,refunded,2026-07-21T08:19:42+00:00
ORD-043146,2,3,27in 1440p Monitor,displays,3,319.99,959.97,pending,2026-07-21T05:59:29+00:00
ORD-043147,8,3,27in 1440p Monitor,displays,2,319.99,639.98,completed,2026-07-21T02:28:31+00:00
ORD-043148,6,4,34in Ultrawide Monitor,displays,3,579.00,1737.00,completed,2026-07-21T13:21:21+00:00
ORD-043149,5,6,Desk Speakers Pair,audio,3,89.00,267.00,completed,2026-07-21T08:11:47+00:00
ORD-043150,8,2,Wireless Mouse,peripherals,1,49.50,49.50,refunded,2026-07-21T03:58:08+00:00
ORD-043151,10,3,27in 1440p Monitor,displays,2,319.99,639.98,cancelled,2026-07-21T23:56:46+00:00
ORD-043152,5,3,27in 1440p Monitor,displays,5,319.99,1599.95,completed,2026-07-21T12:51:28+00:00
ORD-043153,9,10,Laptop Stand Aluminium,accessories,4,27.50,110.00,completed,2026-07-21T10:26:14+00:00
ORD-043154,10,2,Wireless Mouse,peripherals,4,49.50,198.00,pending,2026-07-21T08:07:27+00:00
ORD-043155,10,5,Over-ear Headphones,audio,4,199.95,799.80,pending,2026-07-21T07:01:34+00:00
ORD-043156,9,3,27in 1440p Monitor,displays,1,319.99,319.99,completed,2026-07-21T02:35:55+00:00
ORD-043157,10,1,Mechanical Keyboard 75%,peripherals,5,129.00,645.00,refunded,2026-07-21T15:04:29+00:00
ORD-043158,9,7,Standing Desk 120cm,furniture,2,449.00,898.00,cancelled,2026-07-21T15:32:12+00:00
ORD-043159,4,9,USB-C Hub 8-in-1,accessories,3,39.99,119.97,cancelled,2026-07-21T02:07:14+00:00
ORD-043160,6,8,Ergonomic Chair,furniture,4,612.75,2451.00,pending,2026-07-21T02:44:13+00:00
ORD-043161,3,2,Wireless Mouse,peripherals,4,49.50,198.00,completed,2026-07-21T10:26:49+00:00
ORD-043162,2,6,Desk Speakers Pair,audio,2,89.00,178.00,cancelled,2026-07-21T18:00:22+00:00
ORD-043163,6,2,Wireless Mouse,peripherals,4,49.50,198.00,pending,2026-07-21T23:27:40+00:00
ORD-043164,7,1,Mechanical Keyboard 75%,peripherals,1,129.00,129.00,cancelled,2026-07-21T12:57:51+00:00
ORD-043165,1,3,27in 1440p Monitor,displays,5,319.99,1599.95,pending,2026-07-21T02:33:01+00:00
ORD-043166,3,1,Mechanical Keyboard 75%,peripherals,4,129.00,516.00,pending,2026-07-21T14:22:50+00:00
ORD-043167,7,5,Over-ear Headphones,audio,3,199.95,599.85,completed,2026-07-21T09:49:21+00:00
ORD-043168,4,4,34in Ultrawide Monitor,displays,5,579.00,2895.00,completed,2026-07-21T12:19:02+00:00
ORD-043169,2,2,Wireless Mouse,peripherals,5,49.50,247.50,refunded,2026-07-21T21:23:32+00:00
ORD-043170,8,5,Over-ear Headphones,audio,3,199.95,599.85,cancelled,2026-07-21T00:09:46+00:00
ORD-043171,2,7,Standing Desk 120cm,furniture,5,449.00,2245.00,pending,2026-07-21T21:24:20+00:00
ORD-043172,5,7,Standing Desk 120cm,furniture,5,449.00,2245.00,pending,2026-07-21T00:51:13+00:00
ORD-043173,2,8,Ergonomic Chair,furniture,2,612.75,1225.50,pending,2026-07-21T10:35:36+00:00
ORD-043174,5,6,Desk Speakers Pair,audio,1,89.00,89.00,pending,2026-07-21T20:08:40+00:00
ORD-043175,3,8,Ergonomic Chair,furniture,3,612.75,1838.25,refunded,2026-07-21T22:22:32+00:00
ORD-043176,6,3,27in 1440p Monitor,displays,5,319.99,1599.95,refunded,2026-07-21T18:51:57+00:00
ORD-043177,9,3,27in 1440p Monitor,displays,2,319.99,639.98,pending,2026-07-21T19:05:10+00:00
ORD-043178,6,10,Laptop Stand Aluminium,accessories,4,27.50,110.00,completed,2026-07-21T11:02:33+00:00
ORD-043179,3,7,Standing Desk 120cm,furniture,1,449.00,449.00,refunded,2026-07-21T22:37:54+00:00
ORD-043180,1,2,Wireless Mouse,peripherals,4,49.50,198.00,completed,2026-07-21T17:42:19+00:00
ORD-043181,7,5,Over-ear Headphones,audio,4,199.95,799.80,pending,2026-07-21T11:43:59+00:00
ORD-043182,1,3,27in 1440p Monitor,displays,4,319.99,1279.96,pending,2026-07-21T06:25:18+00:00
ORD-043183,1,2,Wireless Mouse,peripherals,5,49.50,247.50,completed,2026-07-21T22:11:44+00:00
ORD-043184,6,8,Ergonomic Chair,furniture,1,612.75,612.75,completed,2026-07-21T05:56:33+00:00
ORD-043185,7,1,Mechanical Keyboard 75%,peripherals,1,129.00,129.00,pending,2026-07-21T16:05:35+00:00
ORD-043186,4,4,34in Ultrawide Monitor,displays,3,579.00,1737.00,refunded,2026-07-21T20:46:38+00:00
ORD-043187,8,3,27in 1440p Monitor,displays,4,319.99,1279.96,pending,2026-07-21T05:15:20+00:00
ORD-043188,6,9,USB-C Hub 8-in-1,accessories,4,39.99,159.96,completed,2026-07-21T16:17:03+00:00
ORD-043189,8,2,Wireless Mouse,peripherals,4,49.50,198.00,cancelled,2026-07-21T03:25:43+00:00
ORD-043190,9,7,Standing Desk 120cm,furniture,1,449.00,449.00,refunded,2026-07-21T18:18:16+00:00
ORD-043191,8,1,Mechanical Keyboard 75%,peripherals,4,129.00,516.00,cancelled,2026-07-21T02:56:14+00:00
ORD-043192,6,2,Wireless Mouse,peripherals,5,49.50,247.50,cancelled,2026-07-21T21:54:27+00:00
ORD-043193,10,1,Mechanical Keyboard 75%,peripherals,2,129.00,258.00,cancelled,2026-07-21T16:35:48+00:00
ORD-043194,8,1,Mechanical Keyboard 75%,peripherals,3,129.00,387.00,cancelled,2026-07-21T06:35:13+00:00
ORD-043195,7,9,USB-C Hub 8-in-1,accessories,4,39.99,159.96,cancelled,2026-07-21T14:27:28+00:00
ORD-043196,6,1,Mechanical Keyboard 75%,peripherals,2,129.00,258.00,refunded,2026-07-21T15:38:59+00:00
ORD-043197,9,6,Desk Speakers Pair,audio,5,89.00,445.00,pending,2026-07-21T15:55:36+00:00
ORD-043198,1,10,Laptop Stand Aluminium,accessories,4,27.50,110.00,pending,2026-07-21T17:21:24+00:00
ORD-043199,7,10,Laptop Stand Aluminium,accessories,2,27.50,55.00,cancelled,2026-07-21T05:19:00+00:00
ORD-043200,10,8,Ergonomic Chair,furniture,3,612.75,1838.25,pending,2026-07-21T01:15:39+00:00
ORD-043201,10,1,Mechanical Keyboard 75%,peripherals,1,129.00,129.00,completed,2026-07-21T10:47:59+00:00
ORD-043202,2,2,Wireless Mouse,peripherals,1,49.50,49.50,pending,2026-07-21T21:57:33+00:00
ORD-043203,3,9,USB-C Hub 8-in-1,accessories,2,39.99,79.98,pending,2026-07-21T23:24:28+00:00
ORD-043204,10,6,Desk Speakers Pair,audio,3,89.00,267.00,pending,2026-07-21T21:00:51+00:00
ORD-043205,9,8,Ergonomic Chair,furniture,5,612.75,3063.75,cancelled,2026-07-21T18:38:50+00:00
ORD-043206,6,1,Mechanical Keyboard 75%,peripherals,4,129.00,516.00,pending,2026-07-21T01:53:43+00:00
ORD-043207,1,1,Mechanical Keyboard 75%,peripherals,1,129.00,129.00,cancelled,2026-07-21T11:00:41+00:00
ORD-043208,9,2,Wireless Mouse,peripherals,5,49.50,247.50,refunded,2026-07-21T11:11:45+00:00
ORD-043209,3,8,Ergonomic Chair,furniture,5,612.75,3063.75,completed,2026-07-21T00:05:41+00:00
ORD-043210,8,5,Over-ear Headphones,audio,2,199.95,399.90,completed,2026-07-21T00:30:56+00:00
ORD-043211,6,10,Laptop Stand Aluminium,accessories,5,27.50,137.50,cancelled,2026-07-21T00:27:37+00:00
ORD-043212,4,1,Mechanical Keyboard 75%,peripherals,3,129.00,387.00,pending,2026-07-21T11:29:08+00:00
ORD-043213,6,10,Laptop Stand Aluminium,accessories,4,27.50,110.00,cancelled,2026-07-21T04:34:46+00:00
ORD-043214,10,7,Standing Desk 120cm,furniture,4,449.00,1796.00,refunded,2026-07-21T09:40:22+00:00
ORD-043215,1,4,34in Ultrawide Monitor,displays,3,579.00,1737.00,refunded,2026-07-21T11:13:23+00:00
ORD-043216,4,8,Ergonomic Chair,furniture,3,612.75,1838.25,refunded,2026-07-21T17:19:10+00:00
ORD-043217,8,4,34in Ultrawide Monitor,displays,4,579.00,2316.00,cancelled,2026-07-21T15:21:48+00:00
ORD-043218,6,5,Over-ear Headphones,audio,2,199.95,399.90,cancelled,2026-07-21T22:06:25+00:00
ORD-043219,4,4,34in Ultrawide Monitor,displays,4,579.00,2316.00,cancelled,2026-07-21T15:01:22+00:00
ORD-043220,10,5,Over-ear Headphones,audio,4,199.95,799.80,completed,2026-07-21T15:59:49+00:00
ORD-043221,1,6,Desk Speakers Pair,audio,1,89.00,89.00,completed,2026-07-21T05:37:37+00:00
ORD-043222,7,1,Mechanical Keyboard 75%,peripherals,4,129.00,516.00,refunded,2026-07-21T18:47:50+00:00
ORD-043223,10,8,Ergonomic Chair,furniture,3,612.75,1838.25,refunded,2026-07-21T15:20:29+00:00
ORD-043224,10,3,27in 1440p Monitor,displays,4,319.99,1279.96,cancelled,2026-07-21T12:53:31+00:00
ORD-043225,1,5,Over-ear Headphones,audio,5,199.95,999.75,completed,2026-07-21T23:26:01+00:00
ORD-043226,8,7,Standing Desk 120cm,furniture,3,449.00,1347.00,refunded,2026-07-21T09:36:52+00:00
ORD-043227,4,7,Standing Desk 120cm,furniture,2,449.00,898.00,refunded,2026-07-21T08:56:01+00:00
ORD-043228,1,1,Mechanical Keyboard 75%,peripherals,3,129.00,387.00,cancelled,2026-07-21T01:36:06+00:00
ORD-043229,9,7,Standing Desk 120cm,furniture,4,449.00,1796.00,refunded,2026-07-21T08:39:47+00:00
ORD-043230,10,2,Wireless Mouse,peripherals,1,49.50,49.50,completed,2026-07-21T18:03:56+00:00
ORD-043231,3,7,Standing Desk 120cm,furniture,2,449.00,898.00,refunded,2026-07-21T21:00:03+00:00
ORD-043232,10,10,Laptop Stand Aluminium,accessories,1,27.50,27.50,completed,2026-07-21T00:59:32+00:00
ORD-043233,9,5,Over-ear Headphones,audio,2,199.95,399.90,refunded,2026-07-21T08:59:44+00:00
ORD-043234,6,6,Desk Speakers Pair,audio,1,89.00,89.00,cancelled,2026-07-21T19:26:43+00:00
ORD-043235,3,2,Wireless Mouse,peripherals,5,49.50,247.50,completed,2026-07-21T13:25:55+00:00
ORD-043236,5,1,Mechanical Keyboard 75%,peripherals,5,129.00,645.00,refunded,2026-07-21T11:58:41+00:00
ORD-043237,8,5,Over-ear Headphones,audio,1,199.95,199.95,completed,2026-07-21T18:32:09+00:00
ORD-043238,1,8,Ergonomic Chair,furniture,3,612.75,1838.25,cancelled,2026-07-21T21:19:04+00:00
ORD-043239,4,7,Standing Desk 120cm,furniture,3,449.00,1347.00,completed,2026-07-21T20:29:33+00:00
ORD-043240,1,6,Desk Speakers Pair,audio,2,89.00,178.00,pending,2026-07-21T20:08:19+00:00
ORD-043241,8,10,Laptop Stand Aluminium,accessories,1,27.50,27.50,refunded,2026-07-21T08:16:52+00:00
ORD-043242,8,4,34in Ultrawide Monitor,displays,5,579.00,2895.00,completed,2026-07-21T16:59:25+00:00
ORD-043243,9,5,Over-ear Headphones,audio,2,199.95,399.90,pending,2026-07-21T01:05:47+00:00
ORD-043244,7,10,Laptop Stand Aluminium,accessories,1,27.50,27.50,cancelled,2026-07-21T01:33:18+00:00
ORD-043245,6,6,Desk Speakers Pair,audio,2,89.00,178.00,cancelled,2026-07-21T16:12:53+00:00
ORD-043246,8,10,Laptop Stand Aluminium,accessories,1,27.50,27.50,cancelled,2026-07-21T12:44:53+00:00
ORD-043247,8,1,Mechanical Keyboard 75%,peripherals,1,129.00,129.00,cancelled,2026-07-21T20:10:13+00:00
ORD-043248,9,3,27in 1440p Monitor,displays,4,319.99,1279.96,completed,2026-07-21T02:27:34+00:00
ORD-043249,7,3,27in 1440p Monitor,displays,1,319.99,319.99,refunded,2026-07-21T12:53:44+00:00
ORD-043250,7,3,27in 1440p Monitor,displays,5,319.99,1599.95,completed,2026-07-21T01:12:22+00:00
ORD-043251,5,7,Standing Desk 120cm,furniture,1,449.00,449.00,pending,2026-07-21T11:21:04+00:00
ORD-043252,9,4,34in Ultrawide Monitor,displays,3,579.00,1737.00,cancelled,2026-07-21T08:42:40+00:00
ORD-043253,8,1,Mechanical Keyboard 75%,peripherals,5,129.00,645.00,cancelled,2026-07-21T02:53:49+00:00
ORD-043254,3,10,Laptop Stand Aluminium,accessories,3,27.50,82.50,refunded,2026-07-21T21:37:29+00:00
ORD-043255,1,7,Standing Desk 120cm,furniture,5,449.00,2245.00,refunded,2026-07-21T22:24:10+00:00
ORD-043256,1,1,Mechanical Keyboard 75%,peripherals,5,129.00,645.00,cancelled,2026-07-21T03:30:06+00:00
ORD-043257,3,10,Laptop Stand Aluminium,accessories,4,27.50,110.00,completed,2026-07-21T01:04:58+00:00
ORD-043258,7,6,Desk Speakers Pair,audio,3,89.00,267.00,cancelled,2026-07-21T20:30:50+00:00
ORD-043259,2,1,Mechanical Keyboard 75%,peripherals,3,129.00,387.00,refunded,2026-07-21T11:22:47+00:00
ORD-043260,6,8,Ergonomic Chair,furniture,5,612.75,3063.75,pending,2026-07-21T18:57:47+00:00
ORD-043261,7,9,USB-C Hub 8-in-1,accessories,2,39.99,79.98,refunded,2026-07-21T19:49:05+00:00
ORD-043262,8,6,Desk Speakers Pair,audio,5,89.00,445.00,pending,2026-07-21T07:15:49+00:00
ORD-043263,9,3,27in 1440p Monitor,displays,3,319.99,959.97,pending,2026-07-21T06:46:41+00:00
ORD-043264,2,3,27in 1440p Monitor,displays,5,319.99,1599.95,cancelled,2026-07-21T09:25:00+00:00
ORD-043265,9,9,USB-C Hub 8-in-1,accessories,3,39.99,119.97,refunded,2026-07-21T14:52:11+00:00
ORD-043266,9,9,USB-C Hub 8-in-1,accessories,4,39.99,159.96,completed,2026-07-21T22:41:26+00:00
ORD-043267,4,8,Ergonomic Chair,furniture,5,612.75,3063.75,refunded,2026-07-21T01:11:39+00:00
ORD-043268,8,8,Ergonomic Chair,furniture,4,612.75,2451.00,cancelled,2026-07-21T13:47:46+00:00
ORD-043269,2,1,Mechanical Keyboard 75%,peripherals,2,129.00,258.00,completed,2026-07-21T20:44:30+00:00
ORD-043270,1,5,Over-ear Headphones,audio,1,199.95,199.95,refunded,2026-07-21T16:01:54+00:00
ORD-043271,10,10,Laptop Stand Aluminium,accessories,2,27.50,55.00,refunded,2026-07-21T21:58:00+00:00
ORD-043272,1,8,Ergonomic Chair,furniture,3,612.75,1838.25,completed,2026-07-21T18:08:06+00:00
ORD-043273,5,10,Laptop Stand Aluminium,accessories,4,27.50,110.00,pending,2026-07-21T03:17:22+00:00
ORD-043274,5,4,34in Ultrawide Monitor,displays,5,579.00,2895.00,pending,2026-07-21T15:59:14+00:00
ORD-043275,4,4,34in Ultrawide Monitor,displays,2,579.00,1158.00,completed,2026-07-21T21:44:50+00:00
ORD-043276,9,7,Standing Desk 120cm,furniture,4,449.00,1796.00,refunded,2026-07-21T01:19:22+00:00
ORD-043277,1,2,Wireless Mouse,peripherals,2,49.50,99.00,refunded,2026-07-21T09:59:47+00:00
ORD-043278,4,9,USB-C Hub 8-in-1,accessories,4,39.99,159.96,cancelled,2026-07-21T09:30:22+00:00
ORD-043279,5,6,Desk Speakers Pair,audio,2,89.00,178.00,cancelled,2026-07-21T12:43:39+00:00
ORD-043280,9,4,34in Ultrawide Monitor,displays,4,579.00,2316.00,completed,2026-07-21T21:52:06+00:00
ORD-043281,4,8,Ergonomic Chair,furniture,3,612.75,1838.25,cancelled,2026-07-21T09:10:48+00:00
ORD-043282,3,10,Laptop Stand Aluminium,accessories,3,27.50,82.50,cancelled,2026-07-21T04:02:59+00:00
ORD-043283,3,3,27in 1440p Monitor,displays,2,319.99,639.98,pending,2026-07-21T21:26:33+00:00
ORD-043284,1,9,USB-C Hub 8-in-1,accessories,3,39.99,119.97,refunded,2026-07-21T05:21:29+00:00
ORD-043285,3,4,34in Ultrawide Monitor,displays,2,579.00,1158.00,pending,2026-07-21T21:24:20+00:00
ORD-043286,6,9,USB-C Hub 8-in-1,accessories,1,39.99,39.99,pending,2026-07-21T23:06:50+00:00
ORD-043287,4,10,Laptop Stand Aluminium,accessories,5,27.50,137.50,pending,2026-07-21T03:43:43+00:00
ORD-043288,3,7,Standing Desk 120cm,furniture,5,449.00,2245.00,cancelled,2026-07-21T22:03:59+00:00
ORD-043289,6,5,Over-ear Headphones,audio,3,199.95,599.85,completed,2026-07-21T23:42:18+00:00
ORD-043290,7,8,Ergonomic Chair,furniture,2,612.75,1225.50,completed,2026-07-21T00:01:55+00:00
ORD-043291,1,5,Over-ear Headphones,audio,5,199.95,999.75,cancelled,2026-07-21T10:54:42+00:00
ORD-043292,1,10,Laptop Stand Aluminium,accessories,4,27.50,110.00,completed,2026-07-21T05:00:25+00:00
ORD-043293,10,1,Mechanical Keyboard 75%,peripherals,5,129.00,645.00,completed,2026-07-21T22:10:05+00:00
ORD-043294,1,3,27in 1440p Monitor,displays,5,319.99,1599.95,completed,2026-07-21T12:31:50+00:00
ORD-043295,3,8,Ergonomic Chair,furniture,3,612.75,1838.25,completed,2026-07-21T08:41:38+00:00
ORD-043296,3,3,27in 1440p Monitor,displays,1,319.99,319.99,cancelled,2026-07-21T14:53:15+00:00
ORD-043297,2,9,USB-C Hub 8-in-1,accessories,2,39.99,79.98,refunded,2026-07-21T08:59:55+00:00
ORD-043298,2,6,Desk Speakers Pair,audio,5,89.00,445.00,pending,2026-07-21T19:41:44+00:00
ORD-043299,8,9,USB-C Hub 8-in-1,accessories,3,39.99,119.97,completed,2026-07-21T16:30:07+00:00
ORD-043300,8,8,Ergonomic Chair,furniture,1,612.75,612.75,completed,2026-07-21T16:40:07+00:00
ORD-043301,5,7,Standing Desk 120cm,furniture,3,449.00,1347.00,completed,2026-07-21T13:35:00+00:00
ORD-043302,4,6,Desk Speakers Pair,audio,1,89.00,89.00,completed,2026-07-21T14:04:15+00:00
ORD-043303,2,4,34in Ultrawide Monitor,displays,3,579.00,1737.00,completed,2026-07-21T05:50:08+00:00
ORD-043304,2,10,Laptop Stand Aluminium,accessories,2,27.50,55.00,cancelled,2026-07-21T18:24:35+00:00
ORD-043305,4,8,Ergonomic Chair,furniture,4,612.75,2451.00,completed,2026-07-21T15:02:55+00:00
ORD-043306,2,8,Ergonomic Chair,furniture,2,612.75,1225.50,completed,2026-07-21T12:27:27+00:00
ORD-043307,8,3,27in 1440p Monitor,displays,4,319.99,1279.96,pending,2026-07-21T12:33:26+00:00
ORD-043308,10,4,34in Ultrawide Monitor,displays,2,579.00,1158.00,pending,2026-07-21T09:47:27+00:00
ORD-043309,1,10,Laptop Stand Aluminium,accessories,1,27.50,27.50,refunded,2026-07-21T12:37:20+00:00
ORD-043310,5,1,Mechanical Keyboard 75%,peripherals,5,129.00,645.00,refunded,2026-07-21T22:16:53+00:00
ORD-043311,2,2,Wireless Mouse,peripherals,4,49.50,198.00,pending,2026-07-21T21:26:58+00:00
ORD-043312,7,7,Standing Desk 120cm,furniture,1,449.00,449.00,pending,2026-07-21T23:50:24+00:00
ORD-043313,2,2,Wireless Mouse,peripherals,2,49.50,99.00,pending,2026-07-21T07:57:08+00:00
ORD-043314,4,5,Over-ear Headphones,audio,3,199.95,599.85,refunded,2026-07-21T04:06:31+00:00
ORD-043315,10,6,Desk Speakers Pair,audio,1,89.00,89.00,refunded,2026-07-21T07:00:29+00:00
ORD-043316,2,7,Standing Desk 120cm,furniture,5,449.00,2245.00,completed,2026-07-21T23:50:26+00:00
ORD-043317,9,6,Desk Speakers Pair,audio,1,89.00,89.00,cancelled,2026-07-21T16:58:53+00:00
ORD-043318,5,8,Ergonomic Chair,furniture,2,612.75,1225.50,refunded,2026-07-21T16:46:38+00:00
ORD-043319,1,8,Ergonomic Chair,furniture,1,612.75,612.75,cancelled,2026-07-21T18:11:26+00:00
ORD-043320,7,4,34in Ultrawide Monitor,displays,5,579.00,2895.00,completed,2026-07-21T00:32:14+00:00
ORD-043321,10,8,Ergonomic Chair,furniture,3,612.75,1838.25,pending,2026-07-21T00:21:33+00:00
ORD-043322,1,5,Over-ear Headphones,audio,5,199.95,999.75,completed,2026-07-21T10:23:32+00:00
ORD-043323,1,1,Mechanical Keyboard 75%,peripherals,5,129.00,645.00,cancelled,2026-07-21T18:59:54+00:00
ORD-043324,9,8,Ergonomic Chair,furniture,1,612.75,612.75,refunded,2026-07-21T07:20:59+00:00
ORD-043325,8,8,Ergonomic Chair,furniture,1,612.75,612.75,completed,2026-07-21T14:39:38+00:00
ORD-043326,10,5,Over-ear Headphones,audio,1,199.95,199.95,pending,2026-07-21T05:08:34+00:00
ORD-043327,9,5,Over-ear Headphones,audio,5,199.95,999.75,pending,2026-07-21T19:31:34+00:00
ORD-043328,7,2,Wireless Mouse,peripherals,2,49.50,99.00,refunded,2026-07-21T21:07:16+00:00
ORD-043329,4,10,Laptop Stand Aluminium,accessories,4,27.50,110.00,cancelled,2026-07-21T09:41:41+00:00
ORD-043330,7,6,Desk Speakers Pair,audio,1,89.00,89.00,refunded,2026-07-21T11:07:24+00:00
ORD-043331,4,5,Over-ear Headphones,audio,5,199.95,999.75,cancelled,2026-07-21T02:59:00+00:00
ORD-043332,8,3,27in 1440p Monitor,displays,3,319.99,959.97,refunded,2026-07-21T12:31:37+00:00
ORD-043333,7,8,Ergonomic Chair,furniture,2,612.75,1225.50,completed,2026-07-21T08:38:28+00:00
ORD-043334,1,10,Laptop Stand Aluminium,accessories,3,27.50,82.50,completed,2026-07-21T16:38:08+00:00
ORD-043335,2,5,Over-ear Headphones,audio,3,199.95,599.85,pending,2026-07-21T10:08:27+00:00
ORD-043336,4,3,27in 1440p Monitor,displays,1,319.99,319.99,cancelled,2026-07-21T05:07:01+00:00
ORD-043337,6,7,Standing Desk 120cm,furniture,1,449.00,449.00,refunded,2026-07-21T02:08:56+00:00
ORD-043338,4,8,Ergonomic Chair,furniture,3,612.75,1838.25,pending,2026-07-21T12:30:27+00:00
ORD-043339,3,6,Desk Speakers Pair,audio,1,89.00,89.00,pending,2026-07-21T20:32:28+00:00
ORD-043340,7,7,Standing Desk 120cm,furniture,5,449.00,2245.00,completed,2026-07-21T00:30:20+00:00
ORD-043341,3,6,Desk Speakers Pair,audio,4,89.00,356.00,completed,2026-07-21T14:44:31+00:00
ORD-043342,6,5,Over-ear Headphones,audio,5,199.95,999.75,refunded,2026-07-21T05:48:08+00:00
ORD-043343,10,4,34in Ultrawide Monitor,displays,4,579.00,2316.00,cancelled,2026-07-21T15:19:52+00:00
ORD-043344,8,3,27in 1440p Monitor,displays,1,319.99,319.99,cancelled,2026-07-21T13:43:51+00:00
ORD-043345,8,2,Wireless Mouse,peripherals,4,49.50,198.00,completed,2026-07-21T18:59:53+00:00
ORD-043346,1,2,Wireless Mouse,peripherals,2,49.50,99.00,refunded,2026-07-21T02:18:00+00:00
ORD-043347,9,1,Mechanical Keyboard 75%,peripherals,5,129.00,645.00,refunded,2026-07-21T15:43:59+00:00
ORD-043348,4,7,Standing Desk 120cm,furniture,5,449.00,2245.00,cancelled,2026-07-21T21:49:38+00:00
ORD-043349,3,5,Over-ear Headphones,audio,1,199.95,199.95,completed,2026-07-21T04:37:00+00:00
ORD-043350,3,7,Standing Desk 120cm,furniture,2,449.00,898.00,cancelled,2026-07-21T20:27:42+00:00
ORD-043351,6,8,Ergonomic Chair,furniture,4,612.75,2451.00,refunded,2026-07-21T05:40:16+00:00
ORD-043352,10,3,27in 1440p Monitor,displays,2,319.99,639.98,refunded,2026-07-21T22:32:10+00:00
ORD-043353,7,5,Over-ear Headphones,audio,4,199.95,799.80,refunded,2026-07-21T16:56:45+00:00
ORD-043354,3,5,Over-ear Headphones,audio,1,199.95,199.95,completed,2026-07-21T15:17:22+00:00
ORD-043355,4,8,Ergonomic Chair,furniture,1,612.75,612.75,completed,2026-07-21T18:47:39+00:00
ORD-043356,8,2,Wireless Mouse,peripherals,4,49.50,198.00,cancelled,2026-07-21T11:50:52+00:00
ORD-043357,8,9,USB-C Hub 8-in-1,accessories,1,39.99,39.99,cancelled,2026-07-21T12:51:24+00:00
ORD-043358,4,4,34in Ultrawide Monitor,displays,1,579.00,579.00,completed,2026-07-21T06:49:21+00:00
ORD-043359,7,9,USB-C Hub 8-in-1,accessories,2,39.99,79.98,refunded,2026-07-21T13:28:08+00:00
ORD-043360,7,1,Mechanical Keyboard 75%,peripherals,3,129.00,387.00,refunded,2026-07-21T12:43:28+00:00
ORD-043361,2,2,Wireless Mouse,peripherals,2,49.50,99.00,cancelled,2026-07-21T17:24:17+00:00
ORD-043362,9,3,27in 1440p Monitor,displays,5,319.99,1599.95,refunded,2026-07-21T00:13:08+00:00
ORD-043363,3,5,Over-ear Headphones,audio,3,199.95,599.85,cancelled,2026-07-21T03:37:07+00:00
ORD-043364,1,8,Ergonomic Chair,furniture,3,612.75,1838.25,completed,2026-07-21T08:26:58+00:00
ORD-043365,2,1,Mechanical Keyboard 75%,peripherals,1,129.00,129.00,cancelled,2026-07-21T00:15:05+00:00
ORD-043366,10,3,27in 1440p Monitor,displays,3,319.99,959.97,pending,2026-07-21T09:15:28+00:00
ORD-043367,9,7,Standing Desk 120cm,furniture,5,449.00,2245.00,cancelled,2026-07-21T08:49:41+00:00
ORD-043368,2,1,Mechanical Keyboard 75%,peripherals,5,129.00,645.00,refunded,2026-07-21T09:21:20+00:00
ORD-043369,6,3,27in 1440p Monitor,displays,3,319.99,959.97,pending,2026-07-21T18:13:18+00:00
ORD-043370,2,7,Standing Desk 120cm,furniture,3,449.00,1347.00,completed,2026-07-21T06:47:00+00:00
ORD-043371,4,6,Desk Speakers Pair,audio,1,89.00,89.00,refunded,2026-07-21T10:45:32+00:00
ORD-043372,2,3,27in 1440p Monitor,displays,4,319.99,1279.96,refunded,2026-07-21T00:19:19+00:00
ORD-043373,10,10,Laptop Stand Aluminium,accessories,2,27.50,55.00,cancelled,2026-07-21T03:37:19+00:00
ORD-043374,5,1,Mechanical Keyboard 75%,peripherals,3,129.00,387.00,completed,2026-07-21T11:13:00+00:00
ORD-043375,3,2,Wireless Mouse,peripherals,1,49.50,49.50,pending,2026-07-21T08:23:19+00:00
ORD-043376,9,1,Mechanical Keyboard 75%,peripherals,4,129.00,516.00,refunded,2026-07-21T03:24:17+00:00
ORD-043377,1,5,Over-ear Headphones,audio,3,199.95,599.85,pending,2026-07-21T12:13:40+00:00
ORD-043378,10,9,USB-C Hub 8-in-1,accessories,5,39.99,199.95,cancelled,2026-07-21T21:27:07+00:00
ORD-043379,7,2,Wireless Mouse,peripherals,3,49.50,148.50,refunded,2026-07-21T05:38:06+00:00
ORD-043380,10,1,Mechanical Keyboard 75%,peripherals,4,129.00,516.00,cancelled,2026-07-21T09:10:08+00:00
ORD-043381,5,5,Over-ear Headphones,audio,5,199.95,999.75,refunded,2026-07-21T23:51:27+00:00
ORD-043382,9,3,27in 1440p Monitor,displays,5,319.99,1599.95,completed,2026-07-21T12:13:11+00:00
ORD-043383,9,5,Over-ear Headphones,audio,5,199.95,999.75,refunded,2026-07-21T01:54:41+00:00
ORD-043384,10,6,Desk Speakers Pair,audio,4,89.00,356.00,completed,2026-07-21T14:35:53+00:00
ORD-043385,9,5,Over-ear Headphones,audio,2,199.95,399.90,cancelled,2026-07-21T19:35:23+00:00
ORD-043386,4,10,Laptop Stand Aluminium,accessories,4,27.50,110.00,pending,2026-07-21T21:10:28+00:00
ORD-043387,7,1,Mechanical Keyboard 75%,peripherals,1,129.00,129.00,pending,2026-07-21T02:29:38+00:00
ORD-043388,4,10,Laptop Stand Aluminium,accessories,2,27.50,55.00,pending,2026-07-21T16:52:24+00:00
ORD-043389,3,4,34in Ultrawide Monitor,displays,5,579.00,2895.00,completed,2026-07-21T20:11:26+00:00
ORD-043390,6,3,27in 1440p Monitor,displays,1,319.99,319.99,refunded,2026-07-21T19:25:47+00:00
ORD-043391,2,4,34in Ultrawide Monitor,displays,5,579.00,2895.00,completed,2026-07-21T08:23:13+00:00
ORD-043392,2,4,34in Ultrawide Monitor,displays,4,579.00,2316.00,pending,2026-07-21T08:26:50+00:00
ORD-043393,10,5,Over-ear Headphones,audio,3,199.95,599.85,cancelled,2026-07-21T11:22:12+00:00
ORD-043394,9,1,Mechanical Keyboard 75%,peripherals,2,129.00,258.00,refunded,2026-07-21T05:08:50+00:00
ORD-043395,6,10,Laptop Stand Aluminium,accessories,5,27.50,137.50,completed,2026-07-21T01:52:53+00:00
ORD-043396,7,4,34in Ultrawide Monitor,displays,3,579.00,1737.00,pending,2026-07-21T06:13:32+00:00
ORD-043397,7,10,Laptop Stand Aluminium,accessories,3,27.50,82.50,refunded,2026-07-21T22:11:42+00:00
ORD-043398,4,9,USB-C Hub 8-in-1,accessories,5,39.99,199.95,completed,2026-07-21T03:13:27+00:00
ORD-043399,1,5,Over-ear Headphones,audio,3,199.95,599.85,cancelled,2026-07-21T18:08:37+00:00
ORD-043400,1,5,Over-ear Headphones,audio,2,199.95,399.90,cancelled,2026-07-21T21:09:54+00:00
ORD-043401,3,10,Laptop Stand Aluminium,accessories,5,27.50,137.50,pending,2026-07-21T20:14:56+00:00
ORD-043402,1,9,USB-C Hub 8-in-1,accessories,3,39.99,119.97,pending,2026-07-21T09:28:50+00:00
ORD-043403,8,5,Over-ear Headphones,audio,1,199.95,199.95,refunded,2026-07-21T18:34:01+00:00
ORD-043404,2,8,Ergonomic Chair,furniture,3,612.75,1838.25,refunded,2026-07-21T09:20:31+00:00
ORD-043405,6,4,34in Ultrawide Monitor,displays,5,579.00,2895.00,cancelled,2026-07-21T02:51:48+00:00
ORD-043406,8,4,34in Ultrawide Monitor,displays,2,579.00,1158.00,refunded,2026-07-21T02:09:06+00:00
ORD-043407,3,5,Over-ear Headphones,audio,1,199.95,199.95,completed,2026-07-21T06:53:24+00:00
ORD-043408,2,5,Over-ear Headphones,audio,1,199.95,199.95,completed,2026-07-21T15:51:15+00:00
ORD-043409,1,9,USB-C Hub 8-in-1,accessories,4,39.99,159.96,pending,2026-07-21T13:23:26+00:00
ORD-043410,3,4,34in Ultrawide Monitor,displays,3,579.00,1737.00,completed,2026-07-21T14:10:17+00:00
