order_id,customer_id,product_id,product_name,category,quantity,unit_price,amount,status,order_date
ORD-120327,1,6,Desk Speakers Pair,audio,5,89.00,445.00,pending,2026-08-24T17:57:50+00:00
ORD-120328,9,4,34in Ultrawide Monitor,displays,3,579.00,1737.00,refunded,2026-08-24T04:31:56+00:00
ORD-120329,7,10,Laptop Stand Aluminium,accessories,2,27.50,55.00,cancelled,2026-08-24T14:41:15+00:00
ORD-120330,2,5,Over-ear Headphones,audio,5,199.95,999.75,refunded,2026-08-24T08:54:56+00:00
ORD-120331,8,1,Mechanical Keyboard 75%,peripherals,1,129.00,129.00,pending,2026-08-24T23:17:40+00:00
ORD-120332,7,1,Mechanical Keyboard 75%,peripherals,5,129.00,645.00,pending,2026-08-24T23:37:50+00:00
ORD-120333,8,5,Over-ear Headphones,audio,3,199.95,599.85,pending,2026-08-24T03:27:57+00:00
ORD-120334,4,2,Wireless Mouse,peripherals,3,49.50,148.50,completed,2026-08-24T01:29:18+00:00
ORD-120335,1,10,Laptop Stand Aluminium,accessories,1,27.50,27.50,refunded,2026-08-24T01:09:01+00:00
ORD-120336,7,9,USB-C Hub 8-in-1,accessories,4,39.99,159.96,cancelled,2026-08-24T14:11:45+00:00
ORD-120337,9,5,Over-ear Headphones,audio,2,199.95,399.90,cancelled,2026-08-24T16:40:49+00:00
ORD-120338,3,3,27in 1440p Monitor,displays,5,319.99,1599.95,pending,2026-08-24T03:16:21+00:00
ORD-120339,9,5,Over-ear Headphones,audio,4,199.95,799.80,refunded,2026-08-24T01:35:35+00:00
ORD-120340,10,9,USB-C Hub 8-in-1,accessories,4,39.99,159.96,refunded,2026-08-24T10:24:12+00:00
ORD-120341,3,4,34in Ultrawide Monitor,displays,2,579.00,1158.00,cancelled,2026-08-24T14:15:39+00:00
ORD-120342,6,10,Laptop Stand Aluminium,accessories,5,27.50,137.50,pending,2026-08-24T01:11:06+00:00
ORD-120343,3,5,Over-ear Headphones,audio,2,199.95,399.90,pending,2026-08-24T02:38:14+00:00
ORD-120344,1,10,Laptop Stand Aluminium,accessories,4,27.50,110.00,completed,2026-08-24T08:36:21+00:00
ORD-120345,4,8,Ergonomic Chair,furniture,1,612.75,612.75,pending,2026-08-24T08:09:49+00:00
ORD-120346,8,6,Desk Speakers Pair,audio,5,89.00,445.00,pending,2026-08-24T21:25:12+00:00
ORD-120347,2,1,Mechanical Keyboard 75%,peripherals,3,129.00,387.00,refunded,2026-08-24T23:15:01+00:00
ORD-120348,7,4,34in Ultrawide Monitor,displays,3,579.00,1737.00,completed,2026-08-24T15:28:35+00:00
ORD-120349,1,9,USB-C Hub 8-in-1,accessories,5,39.99,199.95,refunded,2026-08-24T01:16:58+00:00
ORD-120350,5,8,Ergonomic Chair,furniture,1,612.75,612.75,cancelled,2026-08-24T15:20:33+00:00
ORD-120351,1,6,Desk Speakers Pair,audio,5,89.00,445.00,refunded,2026-08-24T20:57:53+00:00
ORD-120352,2,4,34in Ultrawide Monitor,displays,3,579.00,1737.00,refunded,2026-08-24T00:55:14+00:00
ORD-120353,3,5,Over-ear Headphones,audio,1,199.95,199.95,refunded,2026-08-24T15:35:17+00:00
ORD-120354,10,6,Desk Speakers Pair,audio,2,89.00,178.00,cancelled,2026-08-24T05:37:11+00:00
ORD-120355,8,2,Wireless Mouse,peripherals,3,49.50,148.50,completed,2026-08-24T09:12:35+00:00
ORD-120356,3,2,Wireless Mouse,peripherals,4,49.50,198.00,completed,2026-08-24T23:02:18+00:00
ORD-120357,6,4,34in Ultrawide Monitor,displays,3,579.00,1737.00,refunded,2026-08-24T09:49:34+00:00
ORD-120358,8,5,Over-ear Headphones,audio,2,199.95,399.90,completed,2026-08-24T07:36:20+00:00
ORD-120359,9,6,Desk Speakers Pair,audio,4,89.00,356.00,completed,2026-08-24T01:30:47+00:00
ORD-120360,1,6,Desk Speakers Pair,audio,2,89.00,178.00,pending,2026-08-24T01:30:28+00:00
ORD-120361,9,2,Wireless Mouse,peripherals,4,49.50,198.00,cancelled,2026-08-24T00:09:15+00:00
ORD-120362,1,6,Desk Speakers Pair,audio,5,89.00,445.00,refunded,2026-08-24T22:09:03+00:00
ORD-120363,5,8,Ergonomic Chair,furniture,2,612.75,1225.50,cancelled,2026-08-24T11:29:25+00:00
ORD-120364,1,5,Over-ear Headphones,audio,2,199.95,399.90,cancelled,2026-08-24T10:11:41+00:00
ORD-120365,3,10,Laptop Stand Aluminium,accessories,3,27.50,82.50,completed,2026-08-24T16:11:08+00:00
ORD-120366,9,4,34in Ultrawide Monitor,displays,4,579.00,2316.00,pending,2026-08-24T21:53:14+00:00
ORD-120367,1,8,Ergonomic Chair,furniture,4,612.75,2451.00,pending,2026-08-24T10:55:58+00:00
ORD-120368,8,4,34in Ultrawide Monitor,displays,5,579.00,2895.00,refunded,2026-08-24T10:15:22+00:00
ORD-120369,1,7,Standing Desk 120cm,furniture,5,449.00,2245.00,cancelled,2026-08-24T04:38:50+00:00
ORD-120370,7,5,Over-ear Headphones,audio,4,199.95,799.80,completed,2026-08-24T19:21:18+00:00
ORD-120371,2,3,27in 1440p Monitor,displays,1,319.99,319.99,cancelled,2026-08-24T03:05:38+00:00
ORD-120372,4,4,34in Ultrawide Monitor,displays,2,579.00,1158.00,completed,2026-08-24T07:13:58+00:00
ORD-120373,9,6,Desk Speakers Pair,audio,4,89.00,356.00,completed,2026-08-24T19:20:20+00:00
ORD-120374,5,10,Laptop Stand Aluminium,accessories,1,27.50,27.50,completed,2026-08-24T04:55:07+00:00
ORD-120375,10,6,Desk Speakers Pair,audio,2,89.00,178.00,cancelled,2026-08-24T16:48:08+00:00
ORD-120376,4,4,34in Ultrawide Monitor,displays,2,579.00,1158.00,completed,2026-08-24T08:28:24+00:00
ORD-120377,10,7,Standing Desk 120cm,furniture,4,449.00,1796.00,refunded,2026-08-24T04:38:40+00:00
ORD-120378,3,5,Over-ear Headphones,audio,4,199.95,799.80,refunded,2026-08-24T15:46:47+00:00
ORD-120379,5,8,Ergonomic Chair,furniture,1,612.75,612.75,completed,2026-08-24T22:35:49+00:00
ORD-120380,4,10,Laptop Stand Aluminium,accessories,2,27.50,55.00,completed,2026-08-24T22:48:38+00:00
ORD-120381,1,6,Desk Speakers Pair,audio,5,89.00,445.00,refunded,2026-08-24T07:42:14+00:00
ORD-120382,5,8,Ergonomic Chair,furniture,4,612.75,2451.00,completed,2026-08-24T21:44:09+00:00
ORD-120383,7,9,USB-C Hub 8-in-1,accessories,5,39.99,199.95,refunded,2026-08-24T05:09:50+00:00
ORD-120384,6,8,Ergonomic Chair,furniture,2,612.75,1225.50,completed,2026-08-24T06:38:12+00:00
ORD-120385,7,9,USB-C Hub 8-in-1,accessories,1,39.99,39.99,pending,2026-08-24T07:14:15+00:00
ORD-120386,1,5,Over-ear Headphones,audio,1,199.95,199.95,pending,2026-08-24T13:06:17+00:00
ORD-120387,8,1,Mechanical Keyboard 75%,peripherals,2,129.00,258.00,refunded,2026-08-24T08:26:38+00:00
ORD-120388,5,4,34in Ultrawide Monitor,displays,1,579.00,579.00,cancelled,2026-08-24T12:12:02+00:00
ORD-120389,8,3,27in 1440p Monitor,displays,1,319.99,319.99,completed,2026-08-24T13:05:29+00:00
ORD-120390,2,2,Wireless Mouse,peripherals,4,49.50,198.00,refunded,2026-08-24T16:13:02+00:00
ORD-120391,2,1,Mechanical Keyboard 75%,peripherals,4,129.00,516.00,refunded,2026-08-24T03:59:31+00:00
ORD-120392,2,4,34in Ultrawide Monitor,displays,1,579.00,579.00,cancelled,2026-08-24T17:00:33+00:00
ORD-120393,8,1,Mechanical Keyboard 75%,peripherals,4,129.00,516.00,completed,2026-08-24T18:58:10+00:00
ORD-120394,5,8,Ergonomic Chair,furniture,3,612.75,1838.25,completed,2026-08-24T20:25:29+00:00
ORD-120395,2,7,Standing Desk 120cm,furniture,4,449.00,1796.00,cancelled,2026-08-24T15:10:05+00:00
ORD-120396,5,1,Mechanical Keyboard 75%,peripherals,3,129.00,387.00,cancelled,2026-08-24T00:33:22+00:00
ORD-120397,5,2,Wireless Mouse,peripherals,2,49.50,99.00,cancelled,2026-08-24T00:43:30+00:00
ORD-120398,3,10,Laptop Stand Aluminium,accessories,3,27.50,82.50,completed,2026-08-24T23:08:18+00:00
ORD-120399,9,9,USB-C Hub 8-in-1,accessories,3,39.99,119.97,completed,2026-08-24T04:54:14+00:00
ORD-120400,6,7,Standing Desk 120cm,furniture,2,449.00,898.00,cancelled,2026-08-24T16:47:51+00:00
ORD-120401,4,1,Mechanical Keyboard 75%,peripherals,3,129.00,387.00,pending,2026-08-24T10:21:15+00:00
ORD-120402,10,9,USB-C Hub 8-in-1,accessories,5,39.99,199.95,refunded,2026-08-24T11:16:49+00:00
ORD-120403,3,8,Ergonomic Chair,furniture,4,612.75,2451.00,cancelled,2026-08-24T01:30:32+00:00
ORD-120404,3,8,Ergonomic Chair,furniture,2,612.75,1225.50,pending,2026-08-24T22:12:40+00:00
ORD-120405,1,5,Over-ear Headphones,audio,4,199.95,799.80,cancelled,2026-08-24T21:04:13+00:00
ORD-120406,5,1,Mechanical Keyboard 75%,peripherals,4,129.00,516.00,pending,2026-08-24T19:16:52+00:00
ORD-120407,2,3,27in 1440p Monitor,displays,2,319.99,639.98,pending,2026-08-24T19:38:05+00:00
ORD-120408,5,3,27in 1440p Monitor,displays,2,319.99,639.98,cancelled,2026-08-24T15:35:07+00:00
ORD-120409,5,2,Wireless Mouse,peripherals,4,49.50,198.00,refunded,2026-08-24T15:54:00+00:00
ORD-120410,2,9,USB-C Hub 8-in-1,accessories,2,39.99,79.98,completed,2026-08-24T01:47:13+00:00
ORD-120411,7,4,34in Ultrawide Monitor,displays,4,579.00,2316.00,cancelled,2026-08-24T04:31:39+00:00
ORD-120412,6,8,Ergonomic Chair,furniture,4,612.75,2451.00,pending,2026-08-24T02:40:46+00:00
ORD-120413,8,2,Wireless Mouse,peripherals,4,49.50,198.00,pending,2026-08-24T18:33:44+00:00
ORD-120414,8,4,34in Ultrawide Monitor,displays,4,579.00,2316.00,pending,2026-08-24T21:26:17+00:00
ORD-120415,4,10,Laptop Stand Aluminium,accessories,1,27.50,27.50,pending,2026-08-24T11:27:06+00:00
ORD-120416,3,6,Desk Speakers Pair,audio,1,89.00,89.00,refunded,2026-08-24T18:53:13+00:00
ORD-120417,10,7,Standing Desk 120cm,furniture,1,449.00,449.00,cancelled,2026-08-24T20:33:59+00:00
ORD-120418,1,7,Standing Desk 120cm,furniture,5,449.00,2245.00,pending,2026-08-24T19:50:44+00:00
ORD-120419,9,4,34in Ultrawide Monitor,displays,5,579.00,2895.00,completed,2026-08-24T07:49:58+00:00
ORD-120420,9,4,34in Ultrawide Monitor,displays,5,579.00,2895.00,refunded,2026-08-24T02:39:17+00:00
ORD-120421,8,5,Over-ear Headphones,audio,4,199.95,799.80,completed,2026-08-24T14:05:44+00:00
ORD-120422,6,1,Mechanical Keyboard 75%,peripherals,1,129.00,129.00,refunded,2026-08-24T02:55:46+00:00
ORD-120423,10,10,Laptop Stand Aluminium,accessories,3,27.50,82.50,cancelled,2026-08-24T19:03:57+00:00
ORD-120424,5,10,Laptop Stand Aluminium,accessories,2,27.50,55.00,refunded,2026-08-24T03:04:03+00:00
ORD-120425,7,3,27in 1440p Monitor,displays,2,319.99,639.98,pending,2026-08-24T03:32:58+00:00
ORD-120426,8,1,Mechanical Keyboard 75%,peripherals,5,129.00,645.00,cancelled,2026-08-24T13:06:39+00:00
ORD-120427,2,2,Wireless Mouse,peripherals,3,49.50,148.50,completed,2026-08-24T10:15:38+00:00
ORD-120428,8,1,Mechanical Keyboard 75%,peripherals,5,129.00,645.00,completed,2026-08-24T02:46:57+00:00
ORD-120429,4,8,Ergonomic Chair,furniture,3,612.75,1838.25,pending,2026-08-24T09:48:32+00:00
ORD-120430,10,6,Desk Speakers Pair,audio,2,89.00,178.00,cancelled,2026-08-24T20:42:42+00:00
ORD-120431,2,6,Desk Speakers Pair,audio,2,89.00,178.00,completed,2026-08-24T14:25:12+00:00
ORD-120432,3,10,Laptop Stand Aluminium,accessories,3,27.50,82.50,refunded,2026-08-24T15:26:43+00:00
ORD-120433,9,7,Standing Desk 120cm,furniture,1,449.00,449.00,cancelled,2026-08-24T03:40:33+00:00
ORD-120434,10,3,27in 1440p Monitor,displays,2,319.99,639.98,pending,2026-08-24T12:25:14+00:00
ORD-120435,3,1,Mechanical Keyboard 75%,peripherals,5,129.00,645.00,pending,2026-08-24T13:12:53+00:00
ORD-120436,1,5,Over-ear Headphones,audio,5,199.95,999.75,pending,2026-08-24T13:45:31+00:00
ORD-120437,3,5,Over-ear Headphones,audio,4,199.95,799.80,completed,2026-08-24T18:47:23+00:00
ORD-120438,1,4,34in Ultrawide Monitor,displays,4,579.00,2316.00,completed,2026-08-24T10:35:19+00:00
ORD-120439,4,9,USB-C Hub 8-in-1,accessories,1,39.99,39.99,pending,2026-08-24T23:51:36+00:00
ORD-120440,2,6,Desk Speakers Pair,audio,2,89.00,178.00,completed,2026-08-24T16:05:00+00:00
ORD-120441,6,1,Mechanical Keyboard 75%,peripherals,1,129.00,129.00,pending,2026-08-24T02:35:39+00:00
ORD-120442,6,1,Mechanical Keyboard 75%,peripherals,5,129.00,645.00,refunded,2026-08-24T19:34:45+00:00
ORD-120443,8,2,Wireless Mouse,peripherals,3,49.50,148.50,pending,2026-08-24T04:45:46+00:00
ORD-120444,1,10,Laptop Stand Aluminium,accessories,1,27.50,27.50,cancelled,2026-08-24T17:02:28+00:00
ORD-120445,6,3,27in 1440p Monitor,displays,4,319.99,1279.96,refunded,2026-08-24T10:03:25+00:00
ORD-120446,6,4,34in Ultrawide Monitor,displays,1,579.00,579.00,completed,2026-08-24T00:58:03+00:00
ORD-120447,1,7,Standing Desk 120cm,furniture,2,449.00,898.00,pending,2026-08-24T07:14:57+00:00
ORD-120448,5,6,Desk Speakers Pair,audio,4,89.00,356.00,refunded,2026-08-24T11:12:18+00:00
ORD-120449,7,6,Desk Speakers Pair,audio,1,89.00,89.00,refunded,2026-08-24T10:41:55+00:00
ORD-120450,8,1,Mechanical Keyboard 75%,peripherals,4,129.00,516.00,completed,2026-08-24T02:04:56+00:00
ORD-120451,7,8,Ergonomic Chair,furniture,4,612.75,2451.00,cancelled,2026-08-24T01:43:26+00:00
ORD-120452,7,10,Laptop Stand Aluminium,accessories,4,27.50,110.00,cancelled,2026-08-24T12:38:17+00:00
ORD-120453,5,2,Wireless Mouse,peripherals,1,49.50,49.50,cancelled,2026-08-24T03:57:03+00:00
ORD-120454,2,4,34in Ultrawide Monitor,displays,1,579.00,579.00,completed,2026-08-24T23:45:59+00:00
ORD-120455,7,5,Over-ear Headphones,audio,4,199.95,799.80,refunded,2026-08-24T08:15:29+00:00
ORD-120456,10,7,Standing Desk 120cm,furniture,5,449.00,2245.00,completed,2026-08-24T04:53:56+00:00
ORD-120457,1,8,Ergonomic Chair,furniture,2,612.75,1225.50,cancelled,2026-08-24T19:04:13+00:00
ORD-120458,4,2,Wireless Mouse,peripherals,3,49.50,148.50,refunded,2026-08-24T00:52:44+00:00
ORD-120459,7,8,Ergonomic Chair,furniture,2,612.75,1225.50,pending,2026-08-24T22:05:53+00:00
ORD-120460,6,5,Over-ear Headphones,audio,3,199.95,599.85,refunded,2026-08-24T20:05:06+00:00
ORD-120461,5,9,USB-C Hub 8-in-1,accessories,5,39.99,199.95,cancelled,2026-08-24T14:45:26+00:00
ORD-120462,6,4,34in Ultrawide Monitor,displays,2,579.00,1158.00,completed,2026-08-24T19:28:20+00:00
ORD-120463,10,9,USB-C Hub 8-in-1,accessories,2,39.99,79.98,refunded,2026-08-24T00:54:13+00:00
ORD-120464,10,3,27in 1440p Monitor,displays,4,319.99,1279.96,refunded,2026-08-24T01:13:09+00:00
ORD-120465,10,9,USB-C Hub 8-in-1,accessories,3,39.99,119.97,completed,2026-08-24T19:37:10+00:00
ORD-120466,5,6,Desk Speakers Pair,audio,2,89.00,178.00,refunded,2026-08-24T19:22:05+00:00
ORD-120467,8,3,27in 1440p Monitor,displays,1,319.99,319.99,cancelled,2026-08-24T05:44:00+00:00
ORD-120468,9,9,USB-C Hub 8-in-1,accessories,5,39.99,199.95,pending,2026-08-24T15:25:41+00:00
ORD-120469,6,5,Over-ear Headphones,audio,1,199.95,199.95,refunded,2026-08-24T16:59:13+00:00
ORD-120470,5,9,USB-C Hub 8-in-1,accessories,4,39.99,159.96,pending,2026-08-24T15:10:02+00:00
ORD-120471,2,9,USB-C Hub 8-in-1,accessories,3,39.99,119.97,completed,2026-08-24T18:43:59+00:00
ORD-120472,1,2,Wireless Mouse,peripherals,2,49.50,99.00,refunded,2026-08-24T16:15:14+00:00
ORD-120473,5,7,Standing Desk 120cm,furniture,5,449.00,2245.00,cancelled,2026-08-24T22:59:08+00:00
ORD-120474,1,5,Over-ear Headphones,audio,5,199.95,999.75,cancelled,2026-08-24T22:42:09+00:00
ORD-120475,3,5,Over-ear Headphones,audio,2,199.95,399.90,completed,2026-08-24T02:18:39+00:00
ORD-120476,1,1,Mechanical Keyboard 75%,peripherals,3,129.00,387.00,pending,2026-08-24T21:39:00+00:00
ORD-120477,9,2,Wireless Mouse,peripherals,1,49.50,49.50,cancelled,2026-08-24T14:29:35+00:00
ORD-120478,2,5,Over-ear Headphones,audio,5,199.95,999.75,pending,2026-08-24T04:44:35+00:00
ORD-120479,2,5,Over-ear Headphones,audio,1,199.95,199.95,completed,2026-08-24T19:00:50+00:00
ORD-120480,2,8,Ergonomic Chair,furniture,1,612.75,612.75,pending,2026-08-24T19:28:41+00:00
ORD-120481,10,3,27in 1440p Monitor,displays,1,319.99,319.99,completed,2026-08-24T13:00:43+00:00
ORD-120482,7,3,27in 1440p Monitor,displays,2,319.99,639.98,completed,2026-08-24T15:38:56+00:00
ORD-120483,5,2,Wireless Mouse,peripherals,4,49.50,198.00,refunded,2026-08-24T18:19:52+00:00
ORD-120484,2,9,USB-C Hub 8-in-1,accessories,2,39.99,79.98,refunded,2026-08-24T10:21:02+00:00
ORD-120485,4,6,Desk Speakers Pair,audio,4,89.00,356.00,cancelled,2026-08-24T10:16:22+00:00
ORD-120486,1,6,Desk Speakers Pair,audio,3,89.00,267.00,completed,2026-08-24T05:17:47+00:00
ORD-120487,1,4,34in Ultrawide Monitor,displays,5,579.00,2895.00,refunded,2026-08-24T06:28:57+00:00
ORD-120488,4,6,Desk Speakers Pair,audio,4,89.00,356.00,completed,2026-08-24T23:34:00+00:00
ORD-120489,5,7,Standing Desk 120cm,furniture,1,449.00,449.00,completed,2026-08-24T18:13:09+00:00
ORD-120490,10,1,Mechanical Keyboard 75%,peripherals,4,129.00,516.00,cancelled,2026-08-24T17:01:36+00:00
ORD-120491,4,2,Wireless Mouse,peripherals,2,49.50,99.00,cancelled,2026-08-24T21:15:35+00:00
ORD-120492,4,2,Wireless Mouse,peripherals,2,49.50,99.00,cancelled,2026-08-24T08:24:32+00:00
ORD-120493,4,1,Mechanical Keyboard 75%,peripherals,5,129.00,645.00,refunded,2026-08-24T04:22:09+00:00
ORD-120494,3,4,34in Ultrawide Monitor,displays,4,579.00,2316.00,completed,2026-08-24T21:26:20+00:00
ORD-120495,4,3,27in 1440p Monitor,displays,3,319.99,959.97,pending,2026-08-24T09:11:56+00:00
ORD-120496,3,2,Wireless Mouse,peripherals,4,49.50,198.00,refunded,2026-08-24T03:08:19+00:00
ORD-120497,2,3,27in 1440p Monitor,displays,5,319.99,1599.95,pending,2026-08-24T18:01:16+00:00
ORD-120498,6,9,USB-C Hub 8-in-1,accessories,2,39.99,79.98,cancelled,2026-08-24T01:52:56+00:00
ORD-120499,2,6,Desk Speakers Pair,audio,2,89.00,178.00,cancelled,2026-08-24T04:25:20+00:00
ORD-120500,8,7,Standing Desk 120cm,furniture,5,449.00,2245.00,pending,2026-08-24T06:08:05+00:00
ORD-120501,3,1,Mechanical Keyboard 75%,peripherals,4,129.00,516.00,cancelled,2026-08-24T04:20:55+00:00
ORD-120502,5,2,Wireless Mouse,peripherals,4,49.50,198.00,cancelled,2026-08-24T21:12:25+00:00
ORD-120503,10,8,Ergonomic Chair,furniture,3,612.75,1838.25,cancelled,2026-08-24T03:24:37+00:00
ORD-120504,7,5,Over-ear Headphones,audio,1,199.95,199.95,refunded,2026-08-24T03:07:29+00:00
ORD-120505,9,4,34in Ultrawide Monitor,displays,2,579.00,1158.00,pending,2026-08-24T04:52:53+00:00
ORD-120506,8,8,Ergonomic Chair,furniture,4,612.75,2451.00,completed,2026-08-24T15:24:49+00:00
ORD-120507,10,5,Over-ear Headphones,audio,5,199.95,999.75,cancelled,2026-08-24T23:10:35+00:00
ORD-120508,1,5,Over-ear Headphones,audio,1,199.95,199.95,completed,2026-08-24T01:20:43+00:00
ORD-120509,8,6,Desk Speakers Pair,audio,4,89.00,356.00,cancelled,2026-08-24T01:07:24+00:00
ORD-120510,7,5,Over-ear Headphones,audio,3,199.95,599.85,completed,2026-08-24T10:24:24+00:00
ORD-120511,6,10,Laptop Stand Aluminium,accessories,2,27.50,55.00,cancelled,2026-08-24T09:41:21+00:00
ORD-120512,2,4,34in Ultrawide Monitor,displays,4,579.00,2316.00,pending,2026-08-24T06:36:52+00:00
ORD-120513,9,2,Wireless Mouse,peripherals,3,49.50,148.50,completed,2026-08-24T00:26:13+00:00
ORD-120514,1,6,Desk Speakers Pair,audio,3,89.00,267.00,cancelled,2026-08-24T07:13:02+00:00
ORD-120515,2,9,USB-C Hub 8-in-1,accessories,4,39.99,159.96,cancelled,2026-08-24T22:57:38+00:00
ORD-120516,5,6,Desk Speakers Pair,audio,2,89.00,178.00,cancelled,2026-08-24T13:05:18+00:00
ORD-120517,10,2,Wireless Mouse,peripherals,1,49.50,49.50,cancelled,2026-08-24T21:47:56+00:00
ORD-120518,9,10,Laptop Stand Aluminium,accessories,2,27.50,55.00,pending,2026-08-24T16:27:32+00:00
ORD-120519,3,8,Ergonomic Chair,furniture,3,612.75,1838.25,cancelled,2026-08-24T08:29:45+00:00
ORD-120520,4,7,Standing Desk 120cm,furniture,4,449.00,1796.00,cancelled,2026-08-24T03:42:01+00:00
ORD-120521,3,6,Desk Speakers Pair,audio,5,89.00,445.00,cancelled,2026-08-24T08:09:32+00:00
ORD-120522,2,10,Laptop Stand Aluminium,accessories,1,27.50,27.50,completed,2026-08-24T13:17:51+00:00
ORD-120523,8,8,Ergonomic Chair,furniture,1,612.75,612.75,completed,2026-08-24T19:54:23+00:00
ORD-120524,4,9,USB-C Hub 8-in-1,accessories,4,39.99,159.96,completed,2026-08-24T07:14:02+00:00
ORD-120525,5,9,USB-C Hub 8-in-1,accessories,2,39.99,79.98,cancelled,2026-08-24T04:14:21+00:00
ORD-120526,2,1,Mechanical Keyboard 75%,peripherals,4,129.00,516.00,refunded,2026-08-24T15:03:03+00:00
ORD-120527,2,2,Wireless Mouse,peripherals,3,49.50,148.50,completed,2026-08-24T22:38:49+00:00
ORD-120528,1,2,Wireless Mouse,peripherals,5,49.50,247.50,pending,2026-08-24T03:40:24+00:00
ORD-120529,5,2,Wireless Mouse,peripherals,4,49.50,198.00,completed,2026-08-24T05:31:52+00:00
ORD-120530,3,8,Ergonomic Chair,furniture,4,612.75,2451.00,cancelled,2026-08-24T07:41:40+00:00
ORD-120531,6,7,Standing Desk 120cm,furniture,5,449.00,2245.00,cancelled,2026-08-24T18:39:13+00:00
ORD-120532,3,1,Mechanical Keyboard 75%,peripherals,3,129.00,387.00,refunded,2026-08-24T10:29:58+00:00
ORD-120533,6,10,Laptop Stand Aluminium,accessories,3,27.50,82.50,cancelled,2026-08-24T03:30:29+00:00
ORD-120534,2,1,Mechanical Keyboard 75%,peripherals,2,129.00,258.00,refunded,2026-08-24T12:31:05+00:00
ORD-120535,5,4,34in Ultrawide Monitor,displays,2,579.00,1158.00,completed,2026-08-24T08:31:39+00:00
ORD-120536,9,9,USB-C Hub 8-in-1,accessories,3,39.99,119.97,refunded,2026-08-24T08:26:24+00:00
ORD-120537,1,5,Over-ear Headphones,audio,2,199.95,399.90,cancelled,2026-08-24T16:39:54+00:00
ORD-120538,9,4,34in Ultrawide Monitor,displays,2,579.00,1158.00,cancelled,2026-08-24T05:13:03+00:00
ORD-120539,8,8,Ergonomic Chair,furniture,1,612.75,612.75,refunded,2026-08-24T07:05:27+00:00
ORD-120540,5,1,Mechanical Keyboard 75%,peripherals,2,129.00,258.00,cancelled,2026-08-24T15:26:26+00:00
ORD-120541,2,10,Laptop Stand Aluminium,accessories,1,27.50,27.50,cancelled,2026-08-24T16:34:53+00:00
ORD-120542,6,1,Mechanical Keyboard 75%,peripherals,4,129.00,516.00,pending,2026-08-24T13:27:49+00:00
ORD-120543,9,10,Laptop Stand Aluminium,accessories,4,27.50,110.00,refunded,2026-08-24T17:39:51+00:00
ORD-120544,10,2,Wireless Mouse,peripherals,1,49.50,49.50,refunded,2026-08-24T23:26:23+00:00
ORD-120545,3,2,Wireless Mouse,peripherals,3,49.50,148.50,pending,2026-08-24T03:14:47+00:00
ORD-120546,6,10,Laptop Stand Aluminium,accessories,4,27.50,110.00,cancelled,2026-08-24T07:28:49+00:00
ORD-120547,4,9,USB-C Hub 8-in-1,accessories,4,39.99,159.96,completed,2026-08-24T17:28:08+00:00
ORD-120548,8,4,34in Ultrawide Monitor,displays,3,579.00,1737.00,completed,2026-08-24T05:02:50+00:00
ORD-120549,2,9,USB-C Hub 8-in-1,accessories,1,39.99,39.99,pending,2026-08-24T11:31:47+00:00
ORD-120550,5,4,34in Ultrawide Monitor,displays,3,579.00,1737.00,pending,2026-08-24T01:54:06+00:00
ORD-120551,9,1,Mechanical Keyboard 75%,peripherals,4,129.00,516.00,cancelled,2026-08-24T09:38:11+00:00
ORD-120552,10,1,Mechanical Keyboard 75%,peripherals,2,129.00,258.00,cancelled,2026-08-24T13:31:00+00:00
ORD-120553,6,1,Mechanical Keyboard 75%,peripherals,1,129.00,129.00,pending,2026-08-24T14:24:37+00:00
ORD-120554,10,8,Ergonomic Chair,furniture,3,612.75,1838.25,pending,2026-08-24T04:27:28+00:00
ORD-120555,5,3,27in 1440p Monitor,displays,3,319.99,959.97,pending,2026-08-24T18:51:05+00:00
ORD-120556,4,8,Ergonomic Chair,furniture,1,612.75,612.75,cancelled,2026-08-24T06:27:50+00:00
ORD-120557,9,2,Wireless Mouse,peripherals,3,49.50,148.50,completed,2026-08-24T02:42:19+00:00
ORD-120558,4,2,Wireless Mouse,peripherals,2,49.50,99.00,cancelled,2026-08-24T02:27:07+00:00
ORD-120559,10,10,Laptop Stand Aluminium,accessories,5,27.50,137.50,cancelled,2026-08-24T18:52:41+00:00
ORD-120560,7,7,Standing Desk 120cm,furniture,1,449.00,449.00,completed,2026-08-24T04:02:07+00:00
ORD-120561,1,2,Wireless Mouse,peripherals,4,49.50,198.00,completed,2026-08-24T19:59:44+00:00
ORD-120562,10,10,Laptop Stand Aluminium,accessories,1,27.50,27.50,refunded,2026-08-24T02:40:35+00:00
ORD-120563,2,2,Wireless Mouse,peripherals,2,49.50,99.00,cancelled,2026-08-24T22:27:25+00:00
ORD-120564,9,1,Mechanical Keyboard 75%,peripherals,3,129.00,387.00,completed,2026-08-24T09:34:50+00:00
ORD-120565,8,3,27in 1440p Monitor,displays,1,319.99,319.99,cancelled,2026-08-24T14:16:00+00:00
ORD-120566,6,4,34in Ultrawide Monitor,displays,4,579.00,2316.00,completed,2026-08-24T03:03:54+00:00
ORD-120567,5,8,Ergonomic Chair,furniture,3,612.75,1838.25,cancelled,2026-08-24T23:07:55+00:00
ORD-120568,10,1,Mechanical Keyboard 75%,peripherals,1,129.00,129.00,cancelled,2026-08-24T22:06:27+00:00
ORD-120569,6,5,Over-ear Headphones,audio,1,199.95,199.95,completed,2026-08-24T23:02:35+00:00
ORD-120570,5,3,27in 1440p Monitor,displays,1,319.99,319.99,pending,2026-08-24T18:19:50+00:00
ORD-120571,10,3,27in 1440p Monitor,displays,5,319.99,1599.95,pending,2026-08-24T03:37:27+00:00
ORD-120572,10,4,34in Ultrawide Monitor,displays,1,579.00,579.00,cancelled,2026-08-24T14:09:59+00:00
ORD-120573,8,5,Over-ear Headphones,audio,3,199.95,599.85,cancelled,2026-08-24T11:01:20+00:00
ORD-120574,8,5,Over-ear Headphones,audio,5,199.95,999.75,cancelled,2026-08-24T22:29:29+00:00
ORD-120575,6,4,34in Ultrawide Monitor,displays,1,579.00,579.00,completed,2026-08-24T04:55:41+00:00
ORD-120576,9,9,USB-C Hub 8-in-1,accessories,1,39.99,39.99,pending,2026-08-24T04:02:06+00:00
ORD-120577,8,1,Mechanical Keyboard 75%,peripherals,3,129.00,387.00,cancelled,2026-08-24T19:42:38+00:00
ORD-120578,7,1,Mechanical Keyboard 75%,peripherals,1,129.00,129.00,cancelled,2026-08-24T22:28:50+00:00
ORD-120579,4,4,34in Ultrawide Monitor,displays,2,579.00,1158.00,refunded,2026-08-24T02:27:09+00:00
ORD-120580,9,10,Laptop Stand Aluminium,accessories,4,27.50,110.00,pending,2026-08-24T11:11:37+00:00
ORD-120581,4,5,Over-ear Headphones,audio,3,199.95,599.85,pending,2026-08-24T16:44:24+00:00
ORD-120582,2,9,USB-C Hub 8-in-1,accessories,5,39.99,199.95,pending,2026-08-24T18:46:11+00:00
ORD-120583,1,7,Standing Desk 120cm,furniture,1,449.00,449.00,cancelled,2026-08-24T15:20:40+00:00
ORD-120584,5,3,27in 1440p Monitor,displays,2,319.99,639.98,refunded,2026-08-24T18:02:01+00:00
ORD-120585,4,6,Desk Speakers Pair,audio,4,89.00,356.00,refunded,2026-08-24T09:04:30+00:00
ORD-120586,5,2,Wireless Mouse,peripherals,5,49.50,247.50,refunded,2026-08-24T00:01:24+00:00
ORD-120587,8,8,Ergonomic Chair,furniture,5,612.75,3063.75,completed,2026-08-24T11:00:21+00:00
ORD-120588,7,8,Ergonomic Chair,furniture,2,612.75,1225.50,refunded,2026-08-24T05:21:32+00:00
ORD-120589,4,10,Laptop Stand Aluminium,accessories,3,27.50,82.50,refunded,2026-08-24T17:00:13+00:00
ORD-120590,5,6,Desk Speakers Pair,audio,1,89.00,89.00,cancelled,2026-08-24T00:52:31+00:00
ORD-120591,9,3,27in 1440p Monitor,displays,5,319.99,1599.95,cancelled,2026-08-24T00:16:03+00:00
ORD-120592,8,9,USB-C Hub 8-in-1,accessories,1,39.99,39.99,cancelled,2026-08-24T04:26:32+00:00
ORD-120593,1,10,Laptop Stand Aluminium,accessories,5,27.50,137.50,completed,2026-08-24T20:02:53+00:00
ORD-120594,8,9,USB-C Hub 8-in-1,accessories,3,39.99,119.97,pending,2026-08-24T09:52:45+00:00
ORD-120595,2,4,34in Ultrawide Monitor,displays,2,579.00,1158.00,cancelled,2026-08-24T08:53:09+00:00
ORD-120596,3,6,Desk Speakers Pair,audio,3,89.00,267.00,refunded,2026-08-24T08:37:55+00:00
ORD-120597,7,10,Laptop Stand Aluminium,accessories,2,27.50,55.00,pending,2026-08-24T18:24:13+00:00
ORD-120598,4,3,27in 1440p Monitor,displays,4,319.99,1279.96,completed,2026-08-24T16:02:56+00:00
ORD-120599,7,2,Wireless Mouse,peripherals,5,49.50,247.50,cancelled,2026-08-24T21:57:03+00:00
ORD-120600,7,7,Standing Desk 120cm,furniture,4,449.00,1796.00,pending,2026-08-24T10:18:29+00:00
ORD-120601,6,1,Mechanical Keyboard 75%,peripherals,5,129.00,645.00,cancelled,2026-08-24T07:21:27+00:00
ORD-120602,1,9,USB-C Hub 8-in-1,accessories,3,39.99,119.97,pending,2026-08-24T00:34:10+00:00
ORD-120603,10,3,27in 1440p Monitor,displays,5,319.99,1599.95,cancelled,2026-08-24T16:14:54+00:00
ORD-120604,8,5,Over-ear Headphones,audio,1,199.95,199.95,refunded,2026-08-24T03:36:24+00:00
ORD-120605,1,6,Desk Speakers Pair,audio,2,89.00,178.00,pending,2026-08-24T12:55:19+00:00
ORD-120606,4,7,Standing Desk 120cm,furniture,4,449.00,1796.00,pending,2026-08-24T20:35:47+00:00
ORD-120607,7,5,Over-ear Headphones,audio,2,199.95,399.90,completed,2026-08-24T06:00:50+00:00
ORD-120608,9,8,Ergonomic Chair,furniture,4,612.75,2451.00,completed,2026-08-24T12:19:11+00:00
ORD-120609,2,5,Over-ear Headphones,audio,2,199.95,399.90,refunded,2026-08-24T14:59:07+00:00
ORD-120610,3,5,Over-ear Headphones,audio,1,199.95,199.95,completed,2026-08-24T15:58:33+00:00
ORD-120611,2,1,Mechanical Keyboard 75%,peripherals,5,129.00,645.00,cancelled,2026-08-24T05:24:47+00:00
ORD-120612,9,2,Wireless Mouse,peripherals,1,49.50,49.50,completed,2026-08-24T18:24:26+00:00
ORD-120613,9,6,Desk Speakers Pair,audio,4,89.00,356.00,pending,2026-08-24T05:14:20+00:00
ORD-120614,6,2,Wireless Mouse,peripherals,1,49.50,49.50,pending,2026-08-24T03:14:42+00:00
ORD-120615,1,2,Wireless Mouse,peripherals,3,49.50,148.50,completed,2026-08-24T10:18:02+00:00
ORD-120616,10,7,Standing Desk 120cm,furniture,3,449.00,1347.00,refunded,2026-08-24T02:04:25+00:00
ORD-120617,4,7,Standing Desk 120cm,furniture,2,449.00,898.00,pending,2026-08-24T18:01:01+00:00
ORD-120618,2,10,Laptop Stand Aluminium,accessories,3,27.50,82.50,refunded,2026-08-24T12:12:26+00:00
ORD-120619,8,1,Mechanical Keyboard 75%,peripherals,2,129.00,258.00,pending,2026-08-24T22:34:32+00:00
ORD-120620,7,5,Over-ear Headphones,audio,5,199.95,999.75,pending,2026-08-24T05:55:06+00:00
ORD-120621,3,7,Standing Desk 120cm,furniture,5,449.00,2245.00,completed,2026-08-24T18:15:18+00:00
ORD-120622,5,10,Laptop Stand Aluminium,accessories,3,27.50,82.50,refunded,2026-08-24T19:09:35+00:00
ORD-120623,2,4,34in Ultrawide Monitor,displays,2,579.00,1158.00,completed,2026-08-24T21:06:40+00:00
ORD-120624,7,2,Wireless Mouse,peripherals,4,49.50,198.00,completed,2026-08-24T16:52:39+00:00
ORD-120625,2,7,Standing Desk 120cm,furniture,3,449.00,1347.00,pending,2026-08-24T04:27:39+00:00
ORD-120626,6,9,USB-C Hub 8-in-1,accessories,3,39.99,119.97,cancelled,2026-08-24T23:23:56+00:00
ORD-120627,7,6,Desk Speakers Pair,audio,4,89.00,356.00,completed,2026-08-24T01:56:43+00:00
ORD-120628,5,4,34in Ultrawide Monitor,displays,4,579.00,2316.00,completed,2026-08-24T15:19:34+00:00
ORD-120629,9,10,Laptop Stand Aluminium,accessories,2,27.50,55.00,cancelled,2026-08-24T04:55:59+00:00
ORD-120630,9,2,Wireless Mouse,peripherals,5,49.50,247.50,refunded,2026-08-24T11:01:42+00:00
ORD-120631,7,5,Over-ear Headphones,audio,4,199.95,799.80,refunded,2026-08-24T11:12:48+00:00
ORD-120632,7,3,27in 1440p Monitor,displays,5,319.99,1599.95,refunded,2026-08-24T11:42:52+00:00
ORD-120633,1,5,Over-ear Headphones,audio,1,199.95,199.95,cancelled,2026-08-24T11:31:57+00:00
ORD-120634,1,1,Mechanical Keyboard 75%,peripherals,4,129.00,516.00,pending,2026-08-24T01:58:17+00:00
ORD-120635,8,9,USB-C Hub 8-in-1,accessories,4,39.99,159.96,pending,2026-08-24T13:41:14+00:00
ORD-120636,7,9,USB-C Hub 8-in-1,accessories,3,39.99,119.97,completed,2026-08-24T22:07:52+00:00
ORD-120637,10,10,Laptop Stand Aluminium,accessories,5,27.50,137.50,cancelled,2026-08-24T15:55:20+00:00
ORD-120638,7,2,Wireless Mouse,peripherals,5,49.50,247.50,pending,2026-08-24T17:30:50+00:00
ORD-120639,5,3,27in 1440p Monitor,displays,3,319.99,959.97,completed,2026-08-24T15:50:19+00:00
ORD-120640,3,3,27in 1440p Monitor,displays,1,319.99,319.99,completed,2026-08-24T20:27:54+00:00
ORD-120641,5,3,27in 1440p Monitor,displays,1,319.99,319.99,refunded,2026-08-24T06:34:15+00:00
ORD-120642,4,2,Wireless Mouse,peripherals,2,49.50,99.00,completed,2026-08-24T21:25:36+00:00
ORD-120643,10,9,USB-C Hub 8-in-1,accessories,3,39.99,119.97,refunded,2026-08-24T00:50:06+00:00
ORD-120644,9,8,Ergonomic Chair,furniture,5,612.75,3063.75,cancelled,2026-08-24T02:45:41+00:00
ORD-120645,7,6,Desk Speakers Pair,audio,1,89.00,89.00,refunded,2026-08-24T07:39:22+00:00
ORD-120646,5,5,Over-ear Headphones,audio,1,199.95,199.95,pending,2026-08-24T13:22:53+00:00
ORD-120647,1,4,34in Ultrawide Monitor,displays,3,579.00,1737.00,completed,2026-08-24T13:32:11+00:00
ORD-120648,5,4,34in Ultrawide Monitor,displays,1,579.00,579.00,refunded,2026-08-24T09:03:25+00:00
ORD-120649,9,7,Standing Desk 120cm,furniture,4,449.00,1796.00,completed,2026-08-24T05:22:45+00:00
ORD-120650,3,7,Standing Desk 120cm,furniture,3,449.00,1347.00,completed,2026-08-24T15:55:05+00:00
ORD-120651,4,7,Standing Desk 120cm,furniture,4,449.00,1796.00,refunded,2026-08-24T01:38:41+00:00
ORD-120652,5,8,Ergonomic Chair,furniture,1,612.75,612.75,cancelled,2026-08-24T02:21:05+00:00
ORD-120653,8,6,Desk Speakers Pair,audio,3,89.00,267.00,refunded,2026-08-24T16:01:49+00:00
ORD-120654,5,10,Laptop Stand Aluminium,accessories,2,27.50,55.00,cancelled,2026-08-24T06:59:50+00:00
ORD-120655,3,1,Mechanical Keyboard 75%,peripherals,2,129.00,258.00,refunded,2026-08-24T08:04:47+00:00
ORD-120656,6,10,Laptop Stand Aluminium,accessories,5,27.50,137.50,pending,2026-08-24T13:29:57+00:00
ORD-120657,8,6,Desk Speakers Pair,audio,4,89.00,356.00,cancelled,2026-08-24T13:27:59+00:00
ORD-120658,1,10,Laptop Stand Aluminium,accessories,5,27.50,137.50,cancelled,2026-08-24T10:50:06+00:00
ORD-120659,7,4,34in Ultrawide Monitor,displays,5,579.00,2895.00,completed,2026-08-24T17:41:39+00:00
ORD-120660,4,8,Ergonomic Chair,furniture,4,612.75,2451.00,refunded,2026-08-24T01:44:53+00:00
ORD-120661,7,7,Standing Desk 120cm,furniture,5,449.00,2245.00,completed,2026-08-24T15:18:53+00:00
ORD-120662,6,3,27in 1440p Monitor,displays,2,319.99,639.98,pending,2026-08-24T14:03:30+00:00
ORD-120663,6,4,34in Ultrawide Monitor,displays,5,579.00,2895.00,cancelled,2026-08-24T14:56:43+00:00
ORD-120664,8,10,Laptop Stand Aluminium,accessories,3,27.50,82.50,completed,2026-08-24T20:47:35+00:00
ORD-120665,10,1,Mechanical Keyboard 75%,peripherals,3,129.00,387.00,completed,2026-08-24T03:10:17+00:00
ORD-120666,10,1,Mechanical Keyboard 75%,peripherals,1,129.00,129.00,pending,2026-08-24T23:48:37+00:00
ORD-120667,7,9,USB-C Hub 8-in-1,accessories,1,39.99,39.99,pending,2026-08-24T01:57:11+00:00
ORD-120668,5,4,34in Ultrawide Monitor,displays,2,579.00,1158.00,pending,2026-08-24T09:16:34+00:00
ORD-120669,1,8,Ergonomic Chair,furniture,5,612.75,3063.75,completed,2026-08-24T10:48:32+00:00
ORD-120670,7,6,Desk Speakers Pair,audio,2,89.00,178.00,completed,2026-08-24T21:11:23+00:00
ORD-120671,1,8,Ergonomic Chair,furniture,5,612.75,3063.75,refunded,2026-08-24T02:54:25+00:00
ORD-120672,6,3,27in 1440p Monitor,displays,2,319.99,639.98,pending,2026-08-24T21:09:33+00:00
ORD-120673,5,5,Over-ear Headphones,audio,3,199.95,599.85,pending,2026-08-24T03:48:43+00:00
ORD-120674,7,2,Wireless Mouse,peripherals,5,49.50,247.50,refunded,2026-08-24T17:48:30+00:00
ORD-120675,1,7,Standing Desk 120cm,furniture,5,449.00,2245.00,pending,2026-08-24T19:43:27+00:00
ORD-120676,8,6,Desk Speakers Pair,audio,3,89.00,267.00,completed,2026-08-24T09:31:53+00:00
ORD-120677,5,9,USB-C Hub 8-in-1,accessories,1,39.99,39.99,refunded,2026-08-24T23:25:17+00:00
ORD-120678,1,1,Mechanical Keyboard 75%,peripherals,5,129.00,645.00,refunded,2026-08-24T23:19:08+00:00
ORD-120679,2,10,Laptop Stand Aluminium,accessories,1,27.50,27.50,pending,2026-08-24T06:46:41+00:00
ORD-120680,8,2,Wireless Mouse,peripherals,5,49.50,247.50,refunded,2026-08-24T09:25:42+00:00
ORD-120681,9,6,Desk Speakers Pair,audio,3,89.00,267.00,cancelled,2026-08-24T02:51:07+00:00
ORD-120682,8,8,Ergonomic Chair,furniture,4,612.75,2451.00,pending,2026-08-24T23:53:08+00:00
ORD-120683,5,8,Ergonomic Chair,furniture,2,612.75,1225.50,pending,2026-08-24T01:04:51+00:00
ORD-120684,6,7,Standing Desk 120cm,furniture,3,449.00,1347.00,cancelled,2026-08-24T05:47:26+00:00
ORD-120685,7,5,Over-ear Headphones,audio,2,199.95,399.90,pending,2026-08-24T08:40:50+00:00
ORD-120686,6,9,USB-C Hub 8-in-1,accessories,2,39.99,79.98,cancelled,2026-08-24T12:59:16+00:00
ORD-120687,2,7,Standing Desk 120cm,furniture,3,449.00,1347.00,completed,2026-08-24T14:26:25+00:00
ORD-120688,8,10,Laptop Stand Aluminium,accessories,2,27.50,55.00,pending,2026-08-24T17:24:35+00:00
ORD-120689,9,7,Standing Desk 120cm,furniture,3,449.00,1347.00,refunded,2026-08-24T05:47:53+00:00
ORD-120690,9,7,Standing Desk 120cm,furniture,4,449.00,1796.00,refunded,2026-08-24T23:45:09+00:00
ORD-120691,7,2,Wireless Mouse,peripherals,4,49.50,198.00,refunded,2026-08-24T23:53:09+00:00
ORD-120692,10,5,Over-ear Headphones,audio,3,199.95,599.85,completed,2026-08-24T23:16:23+00:00
ORD-120693,4,2,Wireless Mouse,peripherals,4,49.50,198.00,cancelled,2026-08-24T10:14:49+00:00
ORD-120694,9,2,Wireless Mouse,peripherals,2,49.50,99.00,refunded,2026-08-24T20:36:29+00:00
ORD-120695,5,4,34in Ultrawide Monitor,displays,4,579.00,2316.00,pending,2026-08-24T13:48:53+00:00
ORD-120696,10,8,Ergonomic Chair,furniture,5,612.75,3063.75,pending,2026-08-24T22:29:26+00:00
ORD-120697,10,4,34in Ultrawide Monitor,displays,4,579.00,2316.00,pending,2026-08-24T08:30:04+00:00
ORD-120698,6,1,Mechanical Keyboard 75%,peripherals,5,129.00,645.00,completed,2026-08-24T13:43:20+00:00
ORD-120699,1,1,Mechanical Keyboard 75%,peripherals,1,129.00,129.00,completed,2026-08-24T21:15:06+00:00
ORD-120700,3,1,Mechanical Keyboard 75%,peripherals,2,129.00,258.00,cancelled,2026-08-24T10:15:19+00:00
ORD-120701,8,5,Over-ear Headphones,audio,5,199.95,999.75,pending,2026-08-24T03:44:15+00:00
ORD-120702,4,6,Desk Speakers Pair,audio,2,89.00,178.00,pending,2026-08-24T20:33:20+00:00
ORD-120703,6,5,Over-ear Headphones,audio,1,199.95,199.95,refunded,2026-08-24T00:35:27+00:00
ORD-120704,9,9,USB-C Hub 8-in-1,accessories,1,39.99,39.99,completed,2026-08-24T02:26:46+00:00
ORD-120705,3,9,USB-C Hub 8-in-1,accessories,1,39.99,39.99,completed,2026-08-24T07:37:47+00:00
ORD-120706,5,6,Desk Speakers Pair,audio,4,89.00,356.00,refunded,2026-08-24T13:47:23+00:00
ORD-120707,9,7,Standing Desk 120cm,furniture,4,449.00,1796.00,pending,2026-08-24T17:18:45+00:00
ORD-120708,4,5,Over-ear Headphones,audio,1,199.95,199.95,completed,2026-08-24T05:32:54+00:00
ORD-120709,8,9,USB-C Hub 8-in-1,accessories,4,39.99,159.96,completed,2026-08-24T11:40:30+00:00
ORD-120710,5,10,Laptop Stand Aluminium,accessories,4,27.50,110.00,completed,2026-08-24T09:02:45+00:00
ORD-120711,3,2,Wireless Mouse,peripherals,3,49.50,148.50,cancelled,2026-08-24T21:30:53+00:00
ORD-120712,10,10,Laptop Stand Aluminium,accessories,5,27.50,137.50,completed,2026-08-24T10:32:19+00:00
ORD-120713,2,2,Wireless Mouse,peripherals,5,49.50,247.50,pending,2026-08-24T08:51:40+00:00
ORD-120714,8,6,Desk Speakers Pair,audio,5,89.00,445.00,cancelled,2026-08-24T10:31:07+00:00
ORD-120715,8,1,Mechanical Keyboard 75%,peripherals,4,129.00,516.00,cancelled,2026-08-24T13:46:17+00:00
ORD-120716,3,5,Over-ear Headphones,audio,3,199.95,599.85,completed,2026-08-24T00:58:21+00:00
ORD-120717,4,1,Mechanical Keyboard 75%,peripherals,4,129.00,516.00,pending,2026-08-24T23:55:00+00:00
ORD-120718,6,4,34in Ultrawide Monitor,displays,5,579.00,2895.00,cancelled,2026-08-24T07:48:31+00:00
ORD-120719,10,1,Mechanical Keyboard 75%,peripherals,4,129.00,516.00,cancelled,2026-08-24T15:51:31+00:00
ORD-120720,2,6,Desk Speakers Pair,audio,3,89.00,267.00,pending,2026-08-24T22:54:55+00:00
ORD-120721,4,3,27in 1440p Monitor,displays,1,319.99,319.99,cancelled,2026-08-24T15:53:53+00:00
ORD-120722,8,7,Standing Desk 120cm,furniture,1,449.00,449.00,cancelled,2026-08-24T08:04:32+00:00
ORD-120723,5,9,USB-C Hub 8-in-1,accessories,2,39.99,79.98,completed,2026-08-24T12:39:27+00:00
ORD-120724,7,7,Standing Desk 120cm,furniture,3,449.00,1347.00,refunded,2026-08-24T12:31:00+00:00
ORD-120725,7,2,Wireless Mouse,peripherals,2,49.50,99.00,pending,2026-08-24T02:20:57+00:00
ORD-120726,1,2,Wireless Mouse,peripherals,3,49.50,148.50,cancelled,2026-08-24T09:05:09+00:00
ORD-120727,1,4,34in Ultrawide Monitor,displays,3,579.00,1737.00,completed,2026-08-24T22:04:58+00:00
ORD-120728,4,8,Ergonomic Chair,furniture,2,612.75,1225.50,cancelled,2026-08-24T12:46:40+00:00
ORD-120729,3,5,Over-ear Headphones,audio,5,199.95,999.75,pending,2026-08-24T08:13:22+00:00
ORD-120730,2,1,Mechanical Keyboard 75%,peripherals,5,129.00,645.00,cancelled,2026-08-24T08:06:50+00:00
ORD-120731,3,4,34in Ultrawide Monitor,displays,1,579.00,579.00,refunded,2026-08-24T15:36:06+00:00
ORD-120732,7,5,Over-ear Headphones,audio,3,199.95,599.85,completed,2026-08-24T08:16:26+00:00
ORD-120733,3,1,Mechanical Keyboard 75%,peripherals,2,129.00,258.00,refunded,2026-08-24T07:41:45+00:00
ORD-120734,10,6,Desk Speakers Pair,audio,3,89.00,267.00,completed,2026-08-24T21:21:54+00:00
ORD-120735,3,4,34in Ultrawide Monitor,displays,3,579.00,1737.00,refunded,2026-08-24T16:09:07+00:00
ORD-120736,8,6,Desk Speakers Pair,audio,3,89.00,267.00,pending,2026-08-24T16:52:09+00:00
ORD-120737,9,1,Mechanical Keyboard 75%,peripherals,1,129.00,129.00,cancelled,2026-08-24T07:44:15+00:00
ORD-120738,2,6,Desk Speakers Pair,audio,2,89.00,178.00,pending,2026-08-24T06:40:04+00:00
ORD-120739,2,9,USB-C Hub 8-in-1,accessories,1,39.99,39.99,completed,2026-08-24T06:18:07+00:00
ORD-120740,8,6,Desk Speakers Pair,audio,2,89.00,178.00,pending,2026-08-24T03:38:15+00:00
ORD-120741,10,7,Standing Desk 120cm,furniture,3,449.00,1347.00,cancelled,2026-08-24T23:51:54+00:00
ORD-120742,9,1,Mechanical Keyboard 75%,peripherals,3,129.00,387.00,pending,2026-08-24T21:23:19+00:00
ORD-120743,1,9,USB-C Hub 8-in-1,accessories,5,39.99,199.95,pending,2026-08-24T07:16:48+00:00
ORD-120744,10,5,Over-ear Headphones,audio,5,199.95,999.75,refunded,2026-08-24T04:50:33+00:00
ORD-120745,4,4,34in Ultrawide Monitor,displays,4,579.00,2316.00,pending,2026-08-24T18:30:31+00:00
ORD-120746,3,1,Mechanical Keyboard 75%,peripherals,5,129.00,645.00,refunded,2026-08-24T22:56:20+00:00
ORD-120747,2,7,Standing Desk 120cm,furniture,2,449.00,898.00,refunded,2026-08-24T04:30:25+00:00
ORD-120748,8,3,27in 1440p Monitor,displays,2,319.99,639.98,pending,2026-08-24T12:25:49+00:00
ORD-120749,10,8,Ergonomic Chair,furniture,2,612.75,1225.50,refunded,2026-08-24T13:04:36+00:00
ORD-120750,5,6,Desk Speakers Pair,audio,1,89.00,89.00,cancelled,2026-08-24T23:17:28+00:00
ORD-120751,6,4,34in Ultrawide Monitor,displays,1,579.00,579.00,cancelled,2026-08-24T17:27:35+00:00
ORD-120752,1,8,Ergonomic Chair,furniture,5,612.75,3063.75,completed,2026-08-24T16:03:33+00:00
ORD-120753,7,2,Wireless Mouse,peripherals,1,49.50,49.50,completed,2026-08-24T06:01:08+00:00
ORD-120754,2,10,Laptop Stand Aluminium,accessories,4,27.50,110.00,pending,2026-08-24T06:54:07+00:00
ORD-120755,1,4,34in Ultrawide Monitor,displays,1,579.00,579.00,completed,2026-08-24T19:42:06+00:00
ORD-120756,6,7,Standing Desk 120cm,furniture,2,449.00,898.00,refunded,2026-08-24T13:22:09+00:00
ORD-120757,5,3,27in 1440p Monitor,displays,3,319.99,959.97,refunded,2026-08-24T08:46:31+00:00
ORD-120758,8,3,27in 1440p Monitor,displays,1,319.99,319.99,cancelled,2026-08-24T04:51:54+00:00
ORD-120759,3,9,USB-C Hub 8-in-1,accessories,3,39.99,119.97,refunded,2026-08-24T14:35:38+00:00
ORD-120760,10,8,Ergonomic Chair,furniture,2,612.75,1225.50,refunded,2026-08-24T04:30:59+00:00
ORD-120761,10,4,34in Ultrawide Monitor,displays,4,579.00,2316.00,completed,2026-08-24T02:29:47+00:00
ORD-120762,10,7,Standing Desk 120cm,furniture,4,449.00,1796.00,refunded,2026-08-24T12:30:29+00:00
ORD-120763,3,8,Ergonomic Chair,furniture,1,612.75,612.75,completed,2026-08-24T03:59:05+00:00
ORD-120764,5,10,Laptop Stand Aluminium,accessories,5,27.50,137.50,refunded,2026-08-24T18:12:00+00:00
ORD-120765,5,7,Standing Desk 120cm,furniture,1,449.00,449.00,pending,2026-08-24T19:15:17+00:00
ORD-120766,4,2,Wireless Mouse,peripherals,3,49.50,148.50,pending,2026-08-24T13:16:26+00:00
ORD-120767,9,6,Desk Speakers Pair,audio,5,89.00,445.00,completed,2026-08-24T22:17:35+00:00
ORD-120768,10,6,Desk Speakers Pair,audio,2,89.00,178.00,refunded,2026-08-24T00:09:22+00:00
ORD-120769,6,7,Standing Desk 120cm,furniture,3,449.00,1347.00,cancelled,2026-08-24T10:57:33+00:00
ORD-120770,6,5,Over-ear Headphones,audio,4,199.95,799.80,completed,2026-08-24T20:07:41+00:00
ORD-120771,4,4,34in Ultrawide Monitor,displays,4,579.00,2316.00,refunded,2026-08-24T18:39:28+00:00
ORD-120772,2,10,Laptop Stand Aluminium,accessories,5,27.50,137.50,refunded,2026-08-24T01:22:05+00:00
ORD-120773,4,8,Ergonomic Chair,furniture,5,612.75,3063.75,pending,2026-08-24T20:00:17+00:00
ORD-120774,6,10,Laptop Stand Aluminium,accessories,4,27.50,110.00,cancelled,2026-08-24T12:34:19+00:00
ORD-120775,4,5,Over-ear Headphones,audio,1,199.95,199.95,refunded,2026-08-24T00:57:14+00:00
ORD-120776,5,10,Laptop Stand Aluminium,accessories,4,27.50,110.00,completed,2026-08-24T01:00:21+00:00
ORD-120777,5,4,34in Ultrawide Monitor,displays,5,579.00,2895.00,refunded,2026-08-24T05:43:50+00:00
ORD-120778,9,4,34in Ultrawide Monitor,displays,1,579.00,579.00,completed,2026-08-24T17:15:21+00:00
ORD-120779,7,4,34in Ultrawide Monitor,displays,1,579.00,579.00,refunded,2026-08-24T19:51:37+00:00
ORD-120780,3,8,Ergonomic Chair,furniture,4,612.75,2451.00,completed,2026-08-24T10:29:07+00:00
ORD-120781,2,2,Wireless Mouse,peripherals,1,49.50,49.50,refunded,2026-08-24T04:37:24+00:00
ORD-120782,9,3,27in 1440p Monitor,displays,1,319.99,319.99,completed,2026-08-24T13:25:49+00:00
ORD-120783,9,8,Ergonomic Chair,furniture,5,612.75,3063.75,pending,2026-08-24T15:59:27+00:00
ORD-120784,4,8,Ergonomic Chair,furniture,5,612.75,3063.75,pending,2026-08-24T22:56:06+00:00
ORD-120785,6,8,Ergonomic Chair,furniture,1,612.75,612.75,completed,2026-08-24T00:34:32+00:00
ORD-120786,1,4,34in Ultrawide Monitor,displays,4,579.00,2316.00,refunded,2026-08-24T09:24:57+00:00
ORD-120787,6,3,27in 1440p Monitor,displays,1,319.99,319.99,completed,2026-08-24T10:05:11+00:00
ORD-120788,3,4,34in Ultrawide Monitor,displays,2,579.00,1158.00,pending,2026-08-24T17:52:27+00:00
ORD-120789,2,4,34in Ultrawide Monitor,displays,2,579.00,1158.00,completed,2026-08-24T01:51:51+00:00
ORD-120790,7,8,Ergonomic Chair,furniture,1,612.75,612.75,pending,2026-08-24T10:43:19+00:00
ORD-120791,2,8,Ergonomic Chair,furniture,1,612.75,612.75,refunded,2026-08-24T12:40:21+00:00
ORD-120792,3,4,34in Ultrawide Monitor,displays,2,579.00,1158.00,pending,2026-08-24T22:16:24+00:00
ORD-120793,3,1,Mechanical Keyboard 75%,peripherals,1,129.00,129.00,cancelled,2026-08-24T20:01:50+00:00
ORD-120794,9,10,Laptop Stand Aluminium,accessories,4,27.50,110.00,completed,2026-08-24T02:22:02+00:00
ORD-120795,3,2,Wireless Mouse,peripherals,4,49.50,198.00,completed,2026-08-24T23:53:52+00:00
ORD-120796,10,7,Standing Desk 120cm,furniture,1,449.00,449.00,cancelled,2026-08-24T17:59:26+00:00
ORD-120797,4,8,Ergonomic Chair,furniture,3,612.75,1838.25,refunded,2026-08-24T01:21:00+00:00
ORD-120798,6,5,Over-ear Headphones,audio,5,199.95,999.75,cancelled,2026-08-24T12:59:15+00:00
ORD-120799,4,9,USB-C Hub 8-in-1,accessories,3,39.99,119.97,pending,2026-08-24T11:41:15+00:00
ORD-120800,4,3,27in 1440p Monitor,displays,1,319.99,319.99,pending,2026-08-24T21:01:54+00:00
ORD-120801,10,9,USB-C Hub 8-in-1,accessories,2,39.99,79.98,completed,2026-08-24T23:35:38+00:00
ORD-120802,2,9,USB-C Hub 8-in-1,accessories,4,39.99,159.96,refunded,2026-08-24T23:17:28+00:00
ORD-120803,5,5,Over-ear Headphones,audio,2,199.95,399.90,completed,2026-08-24T02:29:20+00:00
ORD-120804,3,1,Mechanical Keyboard 75%,peripherals,2,129.00,258.00,cancelled,2026-08-24T10:39:50+00:00
ORD-120805,1,8,Ergonomic Chair,furniture,4,612.75,2451.00,pending,2026-08-24T15:49:16+00:00
ORD-120806,8,2,Wireless Mouse,peripherals,3,49.50,148.50,cancelled,2026-08-24T00:13:43+00:00
ORD-120807,9,9,USB-C Hub 8-in-1,accessories,3,39.99,119.97,refunded,2026-08-24T10:52:24+00:00
ORD-120808,6,6,Desk Speakers Pair,audio,5,89.00,445.00,completed,2026-08-24T02:01:33+00:00
ORD-120809,1,10,Laptop Stand Aluminium,accessories,1,27.50,27.50,cancelled,2026-08-24T03:35:55+00:00
ORD-120810,10,9,USB-C Hub 8-in-1,accessories,4,39.99,159.96,cancelled,2026-08-24T04:40:28+00:00
ORD-120811,6,8,Ergonomic Chair,furniture,2,612.75,1225.50,cancelled,2026-08-24T19:40:15+00:00
ORD-120812,4,10,Laptop Stand Aluminium,accessories,2,27.50,55.00,completed,2026-08-24T09:01:43+00:00
ORD-120813,10,1,Mechanical Keyboard 75%,peripherals,1,129.00,129.00,pending,2026-08-24T02:01:07+00:00
ORD-120814,7,6,Desk Speakers Pair,audio,2,89.00,178.00,cancelled,2026-08-24T06:18:59+00:00
ORD-120815,8,6,Desk Speakers Pair,audio,2,89.00,178.00,completed,2026-08-24T20:02:33+00:00
ORD-120816,4,4,34in Ultrawide Monitor,displays,4,579.00,2316.00,pending,2026-08-24T04:30:44+00:00
ORD-120817,6,3,27in 1440p Monitor,displays,5,319.99,1599.95,cancelled,2026-08-24T23:39:43+00:00
ORD-120818,4,10,Laptop Stand Aluminium,accessories,4,27.50,110.00,refunded,2026-08-24T04:03:45+00:00
ORD-120819,2,6,Desk Speakers Pair,audio,3,89.00,267.00,cancelled,2026-08-24T00:44:13+00:00
ORD-120820,6,8,Ergonomic Chair,furniture,5,612.75,3063.75,cancelled,2026-08-24T14:33:24+00:00
ORD-120821,1,9,USB-C Hub 8-in-1,accessories,5,39.99,199.95,pending,2026-08-24T23:04:39+00:00
ORD-120822,5,5,Over-ear Headphones,audio,3,199.95,599.85,completed,2026-08-24T05:58:06+00:00
ORD-120823,7,9,USB-C Hub 8-in-1,accessories,5,39.99,199.95,cancelled,2026-08-24T08:04:15+00:00
ORD-120824,4,2,Wireless Mouse,peripherals,3,49.50,148.50,cancelled,2026-08-24T17:23:59+00:00
ORD-120825,1,8,Ergonomic Chair,furniture,3,612.75,1838.25,pending,2026-08-24T07:08:46+00:00
ORD-120826,8,5,Over-ear Headphones,audio,4,199.95,799.80,cancelled,2026-08-24T13:23:51+00:00
ORD-120827,5,10,Laptop Stand Aluminium,accessories,2,27.50,55.00,cancelled,2026-08-24T15:00:07+00:00
ORD-120828,1,4,34in Ultrawide Monitor,displays,1,579.00,579.00,cancelled,2026-08-24T17:40:35+00:00
ORD-120829,3,5,Over-ear Headphones,audio,5,199.95,999.75,cancelled,2026-08-24T10:29:09+00:00
ORD-120830,8,7,Standing Desk 120cm,furniture,4,449.00,1796.00,completed,2026-08-24T05:18:38+00:00
ORD-120831,10,9,USB-C Hub 8-in-1,accessories,3,39.99,119.97,cancelled,2026-08-24T11:47:31+00:00
ORD-120832,5,9,USB-C Hub 8-in-1,accessories,1,39.99,39.99,cancelled,2026-08-24T02:03:27+00:00
ORD-120833,7,6,Desk Speakers Pair,audio,2,89.00,178.00,cancelled,2026-08-24T22:03:27+00:00
ORD-120834,3,1,Mechanical Keyboard 75%,peripherals,4,129.00,516.00,pending,2026-08-24T20:46:53+00:00
ORD-120835,3,3,27in 1440p Monitor,displays,2,319.99,639.98,completed,2026-08-24T23:54:40+00:00
ORD-120836,9,5,Over-ear Headphones,audio,5,199.95,999.75,cancelled,2026-08-24T18:04:31+00:00
ORD-120837,2,5,Over-ear Headphones,audio,1,199.95,199.95,cancelled,2026-08-24T15:34:17+00:00
ORD-120838,5,9,USB-C Hub 8-in-1,accessories,2,39.99,79.98,completed,2026-08-24T10:27:28+00:00
ORD-120839,7,3,27in 1440p Monitor,displays,2,319.99,639.98,pending,2026-08-24T16:52:17+00:00
ORD-120840,3,10,Laptop Stand Aluminium,accessories,5,27.50,137.50,pending,2026-08-24T18:11:30+00:00
ORD-120841,4,2,Wireless Mouse,peripherals,4,49.50,198.00,refunded,2026-08-24T12:47:32+00:00
ORD-120842,5,5,Over-ear Headphones,audio,3,199.95,599.85,refunded,2026-08-24T22:20:10+00:00
ORD-120843,7,9,USB-C Hub 8-in-1,accessories,3,39.99,119.97,completed,2026-08-24T17:12:46+00:00
ORD-120844,9,10,Laptop Stand Aluminium,accessories,3,27.50,82.50,pending,2026-08-24T17:20:24+00:00
ORD-120845,5,6,Desk Speakers Pair,audio,5,89.00,445.00,completed,2026-08-24T20:21:45+00:00
ORD-120846,6,2,Wireless Mouse,peripherals,5,49.50,247.50,refunded,2026-08-24T17:12:34+00:00
ORD-120847,6,9,USB-C Hub 8-in-1,accessories,4,39.99,159.96,completed,2026-08-24T01:22:54+00:00
ORD-120848,4,1,Mechanical Keyboard 75%,peripherals,2,129.00,258.00,pending,2026-08-24T11:38:09+00:00
ORD-120849,1,8,Ergonomic Chair,furniture,3,612.75,1838.25,refunded,2026-08-24T11:52:34+00:00
ORD-120850,7,10,Laptop Stand Aluminium,accessories,4,27.50,110.00,completed,2026-08-24T14:49:32+00:00
ORD-120851,7,5,Over-ear Headphones,audio,3,199.95,599.85,cancelled,2026-08-24T14:11:14+00:00
ORD-120852,6,2,Wireless Mouse,peripherals,2,49.50,99.00,completed,2026-08-24T05:18:58+00:00
ORD-120853,5,1,Mechanical Keyboard 75%,peripherals,5,129.00,645.00,cancelled,2026-08-24T13:55:21+00:00
ORD-120854,2,8,Ergonomic Chair,furniture,5,612.75,3063.75,refunded,2026-08-24T14:41:52+00:00
ORD-120855,7,1,Mechanical Keyboard 75%,peripherals,3,129.00,387.00,completed,2026-08-24T00:39:55+00:00
ORD-120856,9,5,Over-ear Headphones,audio,2,199.95,399.90,completed,2026-08-24T10:26:29+00:00
ORD-120857,7,4,34in Ultrawide Monitor,displays,3,579.00,1737.00,cancelled,2026-08-24T03:46:28+00:00
ORD-120858,6,7,Standing Desk 120cm,furniture,4,449.00,1796.00,refunded,2026-08-24T18:28:01+00:00
ORD-120859,3,5,Over-ear Headphones,audio,2,199.95,399.90,cancelled,2026-08-24T09:12:24+00:00
ORD-120860,5,6,Desk Speakers Pair,audio,4,89.00,356.00,pending,2026-08-24T00:45:43+00:00
ORD-120861,4,6,Desk Speakers Pair,audio,5,89.00,445.00,completed,2026-08-24T14:33:32+00:00
ORD-120862,9,2,Wireless Mouse,peripherals,2,49.50,99.00,cancelled,2026-08-24T18:08:44+00:00
ORD-120863,4,10,Laptop Stand Aluminium,accessories,1,27.50,27.50,cancelled,2026-08-24T01:14:09+00:00
ORD-120864,10,1,Mechanical Keyboard 75%,peripherals,1,129.00,129.00,refunded,2026-08-24T20:20:24+00:00
ORD-120865,3,10,Laptop Stand Aluminium,accessories,1,27.50,27.50,completed,2026-08-24T23:10:30+00:00
ORD-120866,6,3,27in 1440p Monitor,displays,4,319.99,1279.96,refunded,2026-08-24T13:47:38+00:00
ORD-120867,6,7,Standing Desk 120cm,furniture,3,449.00,1347.00,refunded,2026-08-24T08:41:02+00:00
ORD-120868,1,4,34in Ultrawide Monitor,displays,4,579.00,2316.00,refunded,2026-08-24T04:36:09+00:00
ORD-120869,4,6,Desk Speakers Pair,audio,4,89.00,356.00,refunded,2026-08-24T01:57:46+00:00
ORD-120870,10,9,USB-C Hub 8-in-1,accessories,3,39.99,119.97,refunded,2026-08-24T04:51:33+00:00
ORD-120871,8,8,Ergonomic Chair,furniture,5,612.75,3063.75,pending,2026-08-24T08:20:59+00:00
ORD-120872,6,2,Wireless Mouse,peripherals,2,49.50,99.00,pending,2026-08-24T00:58:05+00:00
ORD-120873,4,2,Wireless Mouse,peripherals,4,49.50,198.00,cancelled,2026-08-24T08:05:18+00:00
ORD-120874,10,1,Mechanical Keyboard 75%,peripherals,5,129.00,645.00,pending,2026-08-24T12:06:29+00:00
ORD-120875,4,10,Laptop Stand Aluminium,accessories,5,27.50,137.50,completed,2026-08-24T16:21:47+00:00
ORD-120876,1,4,34in Ultrawide Monitor,displays,1,579.00,579.00,cancelled,2026-08-24T00:04:17+00:00
ORD-120877,2,5,Over-ear Headphones,audio,4,199.95,799.80,cancelled,2026-08-24T06:35:14+00:00
ORD-120878,10,7,Standing Desk 120cm,furniture,2,449.00,898.00,pending,2026-08-24T04:18:02+00:00
ORD-120879,4,5,Over-ear Headphones,audio,1,199.95,199.95,cancelled,2026-08-24T20:08:39+00:00
ORD-120880,10,6,Desk Speakers Pair,audio,2,89.00,178.00,refunded,2026-08-24T02:32:09+00:00
ORD-120881,10,3,27in 1440p Monitor,displays,3,319.99,959.97,refunded,2026-08-24T17:07:03+00:00
ORD-120882,3,1,Mechanical Keyboard 75%,peripherals,2,129.00,258.00,refunded,2026-08-24T13:11:45+00:00
ORD-120883,9,10,Laptop Stand Aluminium,accessories,1,27.50,27.50,refunded,2026-08-24T11:03:12+00:00
ORD-120884,5,7,Standing Desk 120cm,furniture,1,449.00,449.00,refunded,2026-08-24T14:21:31+00:00
ORD-120885,2,10,Laptop Stand Aluminium,accessories,2,27.50,55.00,pending,2026-08-24T19:09:04+00:00
ORD-120886,2,10,Laptop Stand Aluminium,accessories,4,27.50,110.00,completed,2026-08-24T23:35:22+00:00
ORD-120887,8,2,Wireless Mouse,peripherals,3,49.50,148.50,cancelled,2026-08-24T00:09:35+00:00
ORD-120888,5,2,Wireless Mouse,peripherals,5,49.50,247.50,refunded,2026-08-24T13:09:07+00:00
ORD-120889,2,7,Standing Desk 120cm,furniture,5,449.00,2245.00,refunded,2026-08-24T21:47:50+00:00
ORD-120890,4,5,Over-ear Headphones,audio,4,199.95,799.80,completed,2026-08-24T21:56:55+00:00
ORD-120891,3,3,27in 1440p Monitor,displays,1,319.99,319.99,pending,2026-08-24T06:08:16+00:00
ORD-120892,4,2,Wireless Mouse,peripherals,4,49.50,198.00,cancelled,2026-08-24T13:44:37+00:00
ORD-120893,1,9,USB-C Hub 8-in-1,accessories,5,39.99,199.95,completed,2026-08-24T12:02:53+00:00
ORD-120894,6,7,Standing Desk 120cm,furniture,2,449.00,898.00,pending,2026-08-24T17:32:25+00:00
ORD-120895,8,1,Mechanical Keyboard 75%,peripherals,4,129.00,516.00,cancelled,2026-08-24T09:40:01+00:00
ORD-120896,9,3,27in 1440p Monitor,displays,2,319.99,639.98,completed,2026-08-24T09:37:31+00:00
ORD-120897,9,3,27in 1440p Monitor,displays,4,319.99,1279.96,completed,2026-08-24T03:36:25+00:00
ORD-120898,7,3,27in 1440p Monitor,displays,5,319.99,1599.95,pending,2026-08-24T05:40:05+00:00
ORD-120899,9,6,Desk Speakers Pair,audio,2,89.00,178.00,refunded,2026-08-24T19:52:16+00:00
ORD-120900,4,1,Mechanical Keyboard 75%,peripherals,4,129.00,516.00,pending,2026-08-24T13:52:27+00:00
ORD-120901,10,5,Over-ear Headphones,audio,2,199.95,399.90,cancelled,2026-08-24T08:36:33+00:00
ORD-120902,9,10,Laptop Stand Aluminium,accessories,1,27.50,27.50,refunded,2026-08-24T17:51:01+00:00
ORD-120903,7,10,Laptop Stand Aluminium,accessories,5,27.50,137.50,pending,2026-08-24T19:08:48+00:00
ORD-120904,1,5,Over-ear Headphones,audio,2,199.95,399.90,completed,2026-08-24T17:49:17+00:00
ORD-120905,10,3,27in 1440p Monitor,displays,4,319.99,1279.96,refunded,2026-08-24T00:58:24+00:00
ORD-120906,7,9,USB-C Hub 8-in-1,accessories,1,39.99,39.99,cancelled,2026-08-24T01:06:36+00:00
ORD-120907,5,2,Wireless Mouse,peripherals,1,49.50,49.50,completed,2026-08-24T20:04:33+00:00
ORD-120908,8,10,Laptop Stand Aluminium,accessories,1,27.50,27.50,pending,2026-08-24T20:12:32+00:00
ORD-120909,3,8,Ergonomic Chair,furniture,4,612.75,2451.00,refunded,2026-08-24T15:46:46+00:00
ORD-120910,8,9,USB-C Hub 8-in-1,accessories,1,39.99,39.99,cancelled,2026-08-24T07:45:58+00:00
ORD-120911,7,5,Over-ear Headphones,audio,3,199.95,599.85,cancelled,2026-08-24T15:23:13+00:00
ORD-120912,3,5,Over-ear Headphones,audio,2,199.95,399.90,completed,2026-08-24T10:41:19+00:00
ORD-120913,10,5,Over-ear Headphones,audio,5,199.95,999.75,pending,not-a-valid-date
ORD-120914,3,9,USB-C Hub 8-in-1,accessories,4,39.99,159.96,pending,2026-08-24T00:17:58+00:00
ORD-120915,1,3,27in 1440p Monitor,displays,1,319.99,319.99,cancelled,2026-08-24T15:24:25+00:00
ORD-120916,6,5,Over-ear Headphones,audio,2,199.95,399.90,pending,2026-08-24T01:20:20+00:00
ORD-120917,2,2,Wireless Mouse,peripherals,5,49.50,247.50,completed,2026-08-24T10:24:37+00:00
ORD-120918,9,7,Standing Desk 120cm,furniture,5,449.00,2245.00,cancelled,2026-08-24T19:02:16+00:00
ORD-120919,5,2,Wireless Mouse,peripherals,2,49.50,99.00,cancelled,2026-08-24T00:50:57+00:00
ORD-120920,10,5,Over-ear Headphones,audio,1,199.95,199.95,pending,2026-08-24T15:15:58+00:00
ORD-120921,9,2,Wireless Mouse,peripherals,1,49.50,49.50,completed,2026-08-24T01:51:49+00:00
ORD-120922,3,9,USB-C Hub 8-in-1,accessories,5,39.99,199.95,refunded,2026-08-24T21:01:44+00:00
ORD-120923,3,1,Mechanical Keyboard 75%,peripherals,5,129.00,645.00,completed,2026-08-24T04:43:38+00:00
ORD-120924,9,5,Over-ear Headphones,audio,2,199.95,399.90,completed,2026-08-24T22:49:03+00:00
ORD-120925,10,8,Ergonomic Chair,furniture,5,612.75,3063.75,completed,2026-08-24T11:08:18+00:00
ORD-120926,5,4,34in Ultrawide Monitor,displays,3,579.00,1737.00,refunded,2026-08-24T12:42:23+00:00
ORD-120927,9,9,USB-C Hub 8-in-1,accessories,4,39.99,159.96,cancelled,2026-08-24T07:23:01+00:00
ORD-120928,2,7,Standing Desk 120cm,furniture,2,449.00,898.00,cancelled,2026-08-24T02:51:44+00:00
ORD-120929,4,3,27in 1440p Monitor,displays,3,319.99,959.97,pending,2026-08-24T03:02:28+00:00
ORD-120930,9,8,Ergonomic Chair,furniture,5,612.75,3063.75,refunded,2026-08-24T03:29:48+00:00
ORD-120931,5,6,Desk Speakers Pair,audio,2,89.00,178.00,pending,2026-08-24T23:49:03+00:00
ORD-120932,6,9,USB-C Hub 8-in-1,accessories,5,39.99,199.95,completed,2026-08-24T17:06:22+00:00
ORD-120933,8,4,34in Ultrawide Monitor,displays,3,579.00,1737.00,cancelled,2026-08-24T13:59:01+00:00
ORD-120934,3,2,Wireless Mouse,peripherals,3,49.50,148.50,cancelled,2026-08-24T12:18:34+00:00
ORD-120935,6,4,34in Ultrawide Monitor,displays,2,579.00,1158.00,refunded,2026-08-24T03:03:41+00:00
ORD-120936,1,4,34in Ultrawide Monitor,displays,3,579.00,1737.00,cancelled,2026-08-24T12:00:22+00:00
ORD-120937,9,9,USB-C Hub 8-in-1,accessories,5,39.99,199.95,pending,2026-08-24T17:44:37+00:00
ORD-120938,5,10,Laptop Stand Aluminium,accessories,4,27.50,110.00,refunded,2026-08-24T20:27:23+00:00
ORD-120939,7,7,Standing Desk 120cm,furniture,2,449.00,898.00,completed,2026-08-24T19:02:13+00:00
ORD-120940,10,6,Desk Speakers Pair,audio,4,89.00,356.00,completed,2026-08-24T21:21:05+00:00
ORD-120941,4,7,Standing Desk 120cm,furniture,1,449.00,449.00,cancelled,2026-08-24T20:20:18+00:00
ORD-120942,2,2,Wireless Mouse,peripherals,2,49.50,99.00,pending,2026-08-24T15:52:08+00:00
ORD-120943,1,4,34in Ultrawide Monitor,displays,4,579.00,2316.00,pending,2026-08-24T14:36:54+00:00
ORD-120944,10,9,USB-C Hub 8-in-1,accessories,4,39.99,159.96,refunded,2026-08-24T11:17:52+00:00
ORD-120945,7,10,Laptop Stand Aluminium,accessories,1,27.50,27.50,cancelled,2026-08-24T01:53:26+00:00
ORD-120946,5,9,USB-C Hub 8-in-1,accessories,2,39.99,79.98,cancelled,2026-08-24T06:49:26+00:00
ORD-120947,4,5,Over-ear Headphones,audio,3,199.95,599.85,pending,2026-08-24T21:08:44+00:00
ORD-120948,6,4,34in Ultrawide Monitor,displays,1,579.00,579.00,cancelled,2026-08-24T22:00:03+00:00
ORD-120949,8,1,Mechanical Keyboard 75%,peripherals,4,129.00,516.00,refunded,2026-08-24T15:54:11+00:00
ORD-120950,6,8,Ergonomic Chair,furniture,3,612.75,1838.25,completed,2026-08-24T04:40:21+00:00
ORD-120951,6,9,USB-C Hub 8-in-1,accessories,5,39.99,199.95,pending,2026-08-24T12:52:24+00:00
ORD-120952,2,8,Ergonomic Chair,furniture,2,612.75,1225.50,cancelled,2026-08-24T22:57:45+00:00
ORD-120953,1,9,USB-C Hub 8-in-1,accessories,1,39.99,39.99,pending,2026-08-24T19:08:10+00:00
ORD-120954,2,1,Mechanical Keyboard 75%,peripherals,2,129.00,258.00,cancelled,2026-08-24T05:02:48+00:00
ORD-120955,4,3,27in 1440p Monitor,displays,2,319.99,639.98,pending,2026-08-24T22:06:11+00:00
ORD-120956,8,10,Laptop Stand Aluminium,accessories,4,27.50,110.00,pending,2026-08-24T11:22:49+00:00
ORD-120957,1,1,Mechanical Keyboard 75%,peripherals,3,129.00,387.00,cancelled,2026-08-24T01:27:02+00:00
ORD-120958,7,7,Standing Desk 120cm,furniture,1,449.00,449.00,refunded,2026-08-24T18:12:45+00:00
ORD-120959,4,10,Laptop Stand Aluminium,accessories,5,27.50,137.50,refunded,2026-08-24T09:43:19+00:00
ORD-120960,4,1,Mechanical Keyboard 75%,peripherals,3,129.00,387.00,pending,2026-08-24T22:16:07+00:00
ORD-120961,6,7,Standing Desk 120cm,furniture,2,449.00,898.00,pending,2026-08-24T22:03:54+00:00
ORD-120962,5,9,USB-C Hub 8-in-1,accessories,3,39.99,119.97,completed,2026-08-24T11:59:33+00:00
ORD-120963,1,2,Wireless Mouse,peripherals,5,49.50,247.50,cancelled,2026-08-24T04:55:52+00:00
ORD-120964,7,6,Desk Speakers Pair,audio,1,89.00,89.00,pending,2026-08-24T22:27:08+00:00
ORD-120965,9,7,Standing Desk 120cm,furniture,1,449.00,449.00,pending,2026-08-24T14:44:40+00:00
ORD-120966,10,4,34in Ultrawide Monitor,displays,5,579.00,2895.00,completed,2026-08-24T00:12:55+00:00
ORD-120967,1,8,Ergonomic Chair,furniture,5,612.75,3063.75,refunded,2026-08-24T01:31:30+00:00
ORD-120968,4,2,Wireless Mouse,peripherals,4,49.50,198.00,refunded,2026-08-24T10:22:13+00:00
ORD-120969,8,10,Laptop Stand Aluminium,accessories,5,27.50,137.50,pending,2026-08-24T18:57:32+00:00
ORD-120970,5,4,34in Ultrawide Monitor,displays,1,579.00,579.00,pending,2026-08-24T13:45:54+00:00
ORD-120971,10,3,27in 1440p Monitor,displays,4,319.99,1279.96,pending,2026-08-24T01:27:15+00:00
ORD-120972,3,4,34in Ultrawide Monitor,displays,1,579.00,579.00,refunded,2026-08-24T14:35:46+00:00
ORD-120973,6,8,Ergonomic Chair,furniture,2,612.75,1225.50,cancelled,2026-08-24T23:27:26+00:00
ORD-120974,8,9,USB-C Hub 8-in-1,accessories,4,39.99,159.96,completed,2026-08-24T20:16:38+00:00
ORD-120975,7,6,Desk Speakers Pair,audio,2,89.00,178.00,cancelled,2026-08-24T02:38:10+00:00
ORD-120976,6,6,Desk Speakers Pair,audio,5,89.00,445.00,completed,2026-08-24T17:11:01+00:00
ORD-120977,8,1,Mechanical Keyboard 75%,peripherals,2,129.00,258.00,completed,2026-08-24T22:43:36+00:00
ORD-120978,7,8,Ergonomic Chair,furniture,2,612.75,1225.50,pending,2026-08-24T06:32:24+00:00
ORD-120979,9,10,Laptop Stand Aluminium,accessories,5,27.50,137.50,refunded,2026-08-24T14:39:58+00:00
ORD-120980,10,7,Standing Desk 120cm,furniture,1,449.00,449.00,completed,2026-08-24T06:46:41+00:00
ORD-120981,10,10,Laptop Stand Aluminium,accessories,3,27.50,82.50,pending,2026-08-24T21:11:44+00:00
ORD-120982,10,5,Over-ear Headphones,audio,1,199.95,199.95,cancelled,2026-08-24T02:13:37+00:00
ORD-120983,5,10,Laptop Stand Aluminium,accessories,4,27.50,110.00,pending,2026-08-24T02:19:43+00:00
ORD-120984,6,9,USB-C Hub 8-in-1,accessories,4,39.99,159.96,pending,2026-08-24T06:07:14+00:00
ORD-120985,9,7,Standing Desk 120cm,furniture,1,449.00,449.00,cancelled,2026-08-24T00:25:21+00:00
ORD-120986,1,1,Mechanical Keyboard 75%,peripherals,3,129.00,387.00,pending,2026-08-24T06:28:55+00:00
ORD-120987,8,2,Wireless Mouse,peripherals,1,49.50,49.50,pending,2026-08-24T07:04:46+00:00
ORD-120988,4,7,Standing Desk 120cm,furniture,4,449.00,1796.00,refunded,2026-08-24T14:16:27+00:00
ORD-120989,3,1,Mechanical Keyboard 75%,peripherals,2,129.00,258.00,pending,2026-08-24T18:27:38+00:00
ORD-120990,10,10,Laptop Stand Aluminium,accessories,5,27.50,137.50,pending,2026-08-24T14:53:47+00:00
ORD-120991,2,9,USB-C Hub 8-in-1,accessories,2,39.99,79.98,pending,2026-08-24T09:26:23+00:00
ORD-120992,5,6,Desk Speakers Pair,audio,4,89.00,356.00,pending,2026-08-24T09:07:37+00:00
ORD-120993,2,3,27in 1440p Monitor,displays,2,319.99,639.98,pending,2026-08-24T12:44:55+00:00
ORD-120994,7,8,Ergonomic Chair,furniture,1,612.75,612.75,completed,2026-08-24T04:16:35+00:00
ORD-120995,7,10,Laptop Stand Aluminium,accessories,2,27.50,55.00,completed,2026-08-24T11:22:06+00:00
ORD-120996,8,9,USB-C Hub 8-in-1,accessories,5,39.99,199.95,cancelled,2026-08-24T06:51:05+00:00
ORD-120997,9,4,34in Ultrawide Monitor,displays,2,579.00,1158.00,completed,2026-08-24T11:36:13+00:00
ORD-120998,3,6,Desk Speakers Pair,audio,2,89.00,178.00,cancelled,2026-08-24T20:32:55+00:00
ORD-120999,3,9,USB-C Hub 8-in-1,accessories,1,39.99,39.99,cancelled,2026-08-24T20:49:02+00:00
ORD-121000,9,9,USB-C Hub 8-in-1,accessories,4,39.99,159.96,cancelled,2026-08-24T10:19:47+00:00
ORD-121001,3,7,Standing Desk 120cm,furniture,3,449.00,1347.00,cancelled,2026-08-24T18:27:48+00:00
ORD-121002,6,2,Wireless Mouse,peripherals,4,49.50,198.00,refunded,2026-08-24T12:48:21+00:00
ORD-121003,9,7,Standing Desk 120cm,furniture,4,449.00,1796.00,cancelled,2026-08-24T23:08:08+00:00
ORD-121004,1,7,Standing Desk 120cm,furniture,1,449.00,449.00,cancelled,2026-08-24T00:54:15+00:00
ORD-121005,8,8,Ergonomic Chair,furniture,2,612.75,1225.50,refunded,2026-08-24T18:23:59+00:00
ORD-121006,8,5,Over-ear Headphones,audio,2,199.95,399.90,cancelled,2026-08-24T14:34:33+00:00
ORD-121007,4,8,Ergonomic Chair,furniture,5,612.75,3063.75,cancelled,2026-08-24T11:39:37+00:00
ORD-121008,3,6,Desk Speakers Pair,audio,3,89.00,267.00,refunded,2026-08-24T03:37:00+00:00
ORD-121009,2,4,34in Ultrawide Monitor,displays,2,579.00,1158.00,refunded,2026-08-24T09:14:47+00:00
ORD-121010,10,10,Laptop Stand Aluminium,accessories,1,27.50,27.50,pending,2026-08-24T17:08:20+00:00
ORD-121011,1,5,Over-ear Headphones,audio,2,199.95,399.90,cancelled,2026-08-24T07:50:08+00:00
ORD-121012,6,6,Desk Speakers Pair,audio,3,89.00,267.00,refunded,2026-08-24T05:48:51+00:00
ORD-121013,8,9,USB-C Hub 8-in-1,accessories,3,39.99,119.97,pending,2026-08-24T07:14:34+00:00
ORD-121014,8,10,Laptop Stand Aluminium,accessories,4,27.50,110.00,cancelled,2026-08-24T19:46:30+00:00
ORD-121015,7,6,Desk Speakers Pair,audio,4,89.00,356.00,completed,2026-08-24T21:19:40+00:00
ORD-121016,1,8,Ergonomic Chair,furniture,4,612.75,2451.00,cancelled,2026-08-24T04:52:16+00:00
ORD-121017,5,4,34in Ultrawide Monitor,displays,3,579.00,1737.00,pending,2026-08-24T16:35:02+00:00
ORD-121018,2,4,34in Ultrawide Monitor,displays,3,579.00,1737.00,cancelled,2026-08-24T02:29:05+00:00
ORD-121019,10,8,Ergonomic Chair,furniture,3,612.75,1838.25,pending,2026-08-24T10:43:32+00:00
ORD-121020,5,1,Mechanical Keyboard 75%,peripherals,1,129.00,129.00,cancelled,2026-08-24T22:04:09+00:00
ORD-121021,9,5,Over-ear Headphones,audio,2,199.95,399.90,cancelled,2026-08-24T22:16:24+00:00
ORD-121022,6,10,Laptop Stand Aluminium,accessories,4,27.50,110.00,pending,2026-08-24T15:42:48+00:00
ORD-121023,5,8,Ergonomic Chair,furniture,5,612.75,3063.75,pending,2026-08-24T05:55:47+00:00
ORD-121024,7,10,Laptop Stand Aluminium,accessories,5,27.50,137.50,pending,2026-08-24T16:24:48+00:00
ORD-121025,3,5,Over-ear Headphones,audio,2,199.95,399.90,pending,2026-08-24T23:11:12+00:00
ORD-121026,1,3,27in 1440p Monitor,displays,3,319.99,959.97,cancelled,2026-08-24T20:09:49+00:00
ORD-121027,6,4,34in Ultrawide Monitor,displays,2,579.00,1158.00,refunded,2026-08-24T05:38:16+00:00
ORD-121028,5,3,27in 1440p Monitor,displays,3,319.99,-50.00,pending,2026-08-24T21:45:26+00:00
ORD-121029,6,7,Standing Desk 120cm,furniture,1,449.00,449.00,completed,2026-08-24T23:47:20+00:00
ORD-121030,3,3,27in 1440p Monitor,displays,2,319.99,639.98,completed,2026-08-24T08:15:37+00:00
ORD-121031,9,5,Over-ear Headphones,audio,2,199.95,399.90,pending,2026-08-24T10:57:38+00:00
ORD-121032,1,4,34in Ultrawide Monitor,displays,5,579.00,2895.00,cancelled,2026-08-24T05:46:38+00:00
ORD-121033,5,8,Ergonomic Chair,furniture,3,612.75,1838.25,completed,2026-08-24T21:13:59+00:00
ORD-121034,3,7,Standing Desk 120cm,furniture,3,449.00,1347.00,refunded,2026-08-24T11:52:14+00:00
ORD-121035,5,6,Desk Speakers Pair,audio,4,89.00,356.00,completed,2026-08-24T09:39:49+00:00
ORD-121036,5,1,Mechanical Keyboard 75%,peripherals,3,129.00,387.00,pending,2026-08-24T06:24:12+00:00
ORD-121037,3,8,Ergonomic Chair,furniture,5,612.75,3063.75,cancelled,2026-08-24T15:11:23+00:00
ORD-121038,1,10,Laptop Stand Aluminium,accessories,3,27.50,82.50,cancelled,2026-08-24T18:13:15+00:00
ORD-121039,5,10,Laptop Stand Aluminium,accessories,4,27.50,110.00,pending,2026-08-24T20:06:07+00:00
ORD-121040,4,3,27in 1440p Monitor,displays,2,319.99,639.98,pending,2026-08-24T08:59:19+00:00
ORD-121041,4,9,USB-C Hub 8-in-1,accessories,3,39.99,119.97,refunded,2026-08-24T18:10:24+00:00
ORD-121042,8,3,27in 1440p Monitor,displays,3,319.99,959.97,completed,2026-08-24T05:46:02+00:00
ORD-121043,6,2,Wireless Mouse,peripherals,1,49.50,49.50,pending,2026-08-24T01:13:32+00:00
ORD-121044,1,7,Standing Desk 120cm,furniture,4,449.00,1796.00,cancelled,2026-08-24T01:41:37+00:00
ORD-121045,8,4,34in Ultrawide Monitor,displays,1,579.00,579.00,completed,2026-08-24T15:37:47+00:00
ORD-121046,6,8,Ergonomic Chair,furniture,2,612.75,1225.50,cancelled,2026-08-24T21:19:16+00:00
ORD-121047,2,1,Mechanical Keyboard 75%,peripherals,4,129.00,516.00,refunded,2026-08-24T07:32:51+00:00
ORD-121048,2,6,Desk Speakers Pair,audio,3,89.00,267.00,refunded,2026-08-24T10:13:54+00:00
ORD-121049,7,8,Ergonomic Chair,furniture,2,612.75,1225.50,completed,2026-08-24T09:03:36+00:00
ORD-121050,8,8,Ergonomic Chair,furniture,1,612.75,612.75,completed,2026-08-24T06:17:20+00:00
ORD-121051,8,1,Mechanical Keyboard 75%,peripherals,4,129.00,516.00,cancelled,2026-08-24T15:16:17+00:00
ORD-121052,10,6,Desk Speakers Pair,audio,1,89.00,89.00,completed,2026-08-24T21:04:18+00:00
ORD-121053,10,2,Wireless Mouse,peripherals,2,49.50,99.00,pending,2026-08-24T02:37:55+00:00
ORD-121054,2,2,Wireless Mouse,peripherals,3,49.50,148.50,refunded,2026-08-24T19:33:21+00:00
ORD-121055,1,1,Mechanical Keyboard 75%,peripherals,2,129.00,258.00,completed,2026-08-24T07:41:23+00:00
ORD-121056,2,3,27in 1440p Monitor,displays,4,319.99,1279.96,pending,2026-08-24T14:40:21+00:00
ORD-121057,10,7,Standing Desk 120cm,furniture,2,449.00,898.00,refunded,2026-08-24T04:15:35+00:00
ORD-121058,5,9,USB-C Hub 8-in-1,accessories,3,39.99,119.97,completed,2026-08-24T04:30:26+00:00
ORD-121059,5,3,27in 1440p Monitor,displays,1,319.99,319.99,cancelled,2026-08-24T13:39:21+00:00
ORD-121060,10,1,Mechanical Keyboard 75%,peripherals,1,129.00,129.00,pending,2026-08-24T19:22:14+00:00
ORD-121061,6,6,Desk Speakers Pair,audio,3,89.00,267.00,cancelled,2026-08-24T10:42:49+00:00
ORD-121062,3,6,Desk Speakers Pair,audio,5,89.00,445.00,cancelled,2026-08-24T16:05:18+00:00
ORD-121063,8,6,Desk Speakers Pair,audio,2,89.00,178.00,completed,2026-08-24T21:06:26+00:00
ORD-121064,3,10,Laptop Stand Aluminium,accessories,5,27.50,137.50,completed,2026-08-24T15:51:29+00:00
ORD-121065,6,3,27in 1440p Monitor,displays,1,319.99,319.99,completed,2026-08-24T23:14:16+00:00
ORD-121066,5,1,Mechanical Keyboard 75%,peripherals,4,129.00,516.00,pending,2026-08-24T04:13:33+00:00
ORD-121067,3,10,Laptop Stand Aluminium,accessories,1,27.50,27.50,completed,2026-08-24T03:00:34+00:00
ORD-121068,8,1,Mechanical Keyboard 75%,peripherals,5,129.00,645.00,pending,2026-08-24T00:02:59+00:00
ORD-121069,7,4,34in Ultrawide Monitor,displays,3,579.00,1737.00,pending,2026-08-24T11:09:01+00:00
ORD-121070,2,7,Standing Desk 120cm,furniture,5,449.00,2245.00,completed,2026-08-24T16:40:58+00:00
ORD-121071,10,8,Ergonomic Chair,furniture,4,612.75,2451.00,pending,2026-08-24T07:34:53+00:00
ORD-121072,10,3,27in 1440p Monitor,displays,1,319.99,319.99,pending,2026-08-24T12:51:59+00:00
ORD-121073,3,9,USB-C Hub 8-in-1,accessories,4,39.99,159.96,pending,2026-08-24T22:47:36+00:00
ORD-121074,8,9,USB-C Hub 8-in-1,accessories,5,39.99,199.95,refunded,2026-08-24T12:56:10+00:00
ORD-121075,10,6,Desk Speakers Pair,audio,5,89.00,445.00,pending,2026-08-24T09:04:44+00:00
ORD-121076,9,4,34in Ultrawide Monitor,displays,4,579.00,2316.00,pending,2026-08-24T09:33:00+00:00
ORD-121077,6,3,27in 1440p Monitor,displays,4,319.99,1279.96,completed,2026-08-24T19:56:57+00:00
ORD-121078,7,8,Ergonomic Chair,furniture,3,612.75,1838.25,refunded,2026-08-24T08:40:38+00:00
ORD-121079,2,6,Desk Speakers Pair,audio,2,89.00,178.00,completed,2026-08-24T17:19:57+00:00
ORD-121080,4,7,Standing Desk 120cm,furniture,1,449.00,449.00,cancelled,2026-08-24T16:49:05+00:00
ORD-121081,4,4,34in Ultrawide Monitor,displays,1,579.00,579.00,pending,2026-08-24T06:59:20+00:00
ORD-121082,5,8,Ergonomic Chair,furniture,2,612.75,1225.50,completed,2026-08-24T08:42:10+00:00
ORD-121083,6,8,Ergonomic Chair,furniture,3,612.75,1838.25,pending,2026-08-24T23:40:21+00:00
ORD-121084,8,7,Standing Desk 120cm,furniture,5,449.00,2245.00,refunded,2026-08-24T11:25:36+00:00
ORD-121085,1,6,Desk Speakers Pair,audio,4,89.00,356.00,completed,2026-08-24T15:47:00+00:00
ORD-121086,2,2,Wireless Mouse,peripherals,1,49.50,49.50,completed,2026-08-24T15:42:08+00:00
ORD-121087,7,9,USB-C Hub 8-in-1,accessories,4,39.99,159.96,pending,2026-08-24T08:09:13+00:00
ORD-121088,7,8,Ergonomic Chair,furniture,1,612.75,612.75,pending,2026-08-24T11:05:08+00:00
ORD-121089,9,6,Desk Speakers Pair,audio,2,89.00,178.00,completed,2026-08-24T19:49:28+00:00
ORD-121090,3,4,34in Ultrawide Monitor,displays,1,579.00,579.00,refunded,2026-08-24T06:02:03+00:00
ORD-121091,1,4,34in Ultrawide Monitor,displays,4,579.00,2316.00,completed,2026-08-24T12:13:55+00:00
ORD-121092,2,7,Standing Desk 120cm,furniture,3,449.00,1347.00,refunded,2026-08-24T10:09:59+00:00
ORD-121093,9,4,34in Ultrawide Monitor,displays,1,579.00,579.00,refunded,2026-08-24T01:30:33+00:00
ORD-121094,1,6,Desk Speakers Pair,audio,5,89.00,445.00,pending,2026-08-24T03:50:45+00:00
ORD-121095,9,10,Laptop Stand Aluminium,accessories,4,27.50,110.00,completed,2026-08-24T01:12:15+00:00
ORD-121096,8,9,USB-C Hub 8-in-1,accessories,5,39.99,199.95,completed,2026-08-24T14:56:15+00:00
ORD-121097,9,3,27in 1440p Monitor,displays,3,319.99,959.97,completed,2026-08-24T06:31:02+00:00
ORD-121098,9,7,Standing Desk 120cm,furniture,2,449.00,898.00,refunded,2026-08-24T17:29:32+00:00
ORD-121099,6,6,Desk Speakers Pair,audio,1,89.00,89.00,refunded,2026-08-24T10:10:44+00:00
ORD-121100,4,10,Laptop Stand Aluminium,accessories,3,27.50,82.50,completed,2026-08-24T05:10:16+00:00
ORD-121101,6,4,34in Ultrawide Monitor,displays,3,579.00,1737.00,cancelled,2026-08-24T18:59:07+00:00
ORD-121102,10,4,34in Ultrawide Monitor,displays,2,579.00,1158.00,completed,2026-08-24T08:38:36+00:00
ORD-121103,7,3,27in 1440p Monitor,displays,5,319.99,1599.95,pending,2026-08-24T02:55:49+00:00
ORD-121104,5,1,Mechanical Keyboard 75%,peripherals,4,129.00,516.00,pending,2026-08-24T12:32:32+00:00
ORD-121105,2,3,27in 1440p Monitor,displays,4,319.99,1279.96,refunded,2026-08-24T02:42:03+00:00
ORD-121106,9,9,USB-C Hub 8-in-1,accessories,5,39.99,199.95,completed,2026-08-24T08:28:06+00:00
ORD-121107,4,4,34in Ultrawide Monitor,displays,3,579.00,1737.00,completed,2026-08-24T18:55:16+00:00
ORD-121108,10,8,Ergonomic Chair,furniture,3,612.75,1838.25,pending,2026-08-24T10:13:59+00:00
ORD-121109,9,9,USB-C Hub 8-in-1,accessories,5,39.99,199.95,refunded,2026-08-24T08:35:15+00:00
ORD-121110,4,3,27in 1440p Monitor,displays,1,319.99,319.99,cancelled,2026-08-24T23:44:44+00:00
ORD-121111,8,9,USB-C Hub 8-in-1,accessories,4,39.99,159.96,completed,2026-08-24T09:32:00+00:00
ORD-121112,3,10,Laptop Stand Aluminium,accessories,3,27.50,82.50,pending,2026-08-24T02:53:39+00:00
ORD-121113,3,6,Desk Speakers Pair,audio,5,89.00,445.00,completed,2026-08-24T18:04:24+00:00
ORD-121114,4,2,Wireless Mouse,peripherals,2,49.50,99.00,refunded,2026-08-24T23:41:02+00:00
ORD-121115,1,6,Desk Speakers Pair,audio,3,89.00,267.00,refunded,2026-08-24T13:16:27+00:00
ORD-121116,3,7,Standing Desk 120cm,furniture,4,449.00,1796.00,cancelled,2026-08-24T00:22:16+00:00
ORD-121117,5,1,Mechanical Keyboard 75%,peripherals,1,129.00,129.00,pending,2026-08-24T04:59:00+00:00
ORD-121118,10,9,USB-C Hub 8-in-1,accessories,3,39.99,119.97,refunded,2026-08-24T07:50:42+00:00
ORD-121119,7,4,34in Ultrawide Monitor,displays,2,579.00,1158.00,cancelled,2026-08-24T02:42:09+00:00
ORD-121120,1,9,USB-C Hub 8-in-1,accessories,1,39.99,39.99,completed,2026-08-24T16:20:41+00:00
ORD-121121,3,7,Standing Desk 120cm,furniture,4,449.00,1796.00,refunded,2026-08-24T16:19:00+00:00
ORD-121122,4,8,Ergonomic Chair,furniture,3,612.75,1838.25,completed,2026-08-24T04:36:13+00:00
ORD-121123,10,6,Desk Speakers Pair,audio,1,89.00,89.00,pending,2026-08-24T17:44:34+00:00
ORD-121124,9,3,27in 1440p Monitor,displays,1,319.99,319.99,cancelled,2026-08-24T11:31:55+00:00
ORD-121125,10,2,Wireless Mouse,peripherals,4,49.50,198.00,completed,2026-08-24T21:58:15+00:00
ORD-121126,3,1,Mechanical Keyboard 75%,peripherals,5,129.00,645.00,refunded,2026-08-24T01:02:31+00:00
ORD-121127,9,2,Wireless Mouse,peripherals,1,49.50,49.50,completed,2026-08-24T02:00:16+00:00
ORD-121128,2,9,USB-C Hub 8-in-1,accessories,2,39.99,79.98,completed,2026-08-24T17:01:45+00:00
ORD-121129,2,10,Laptop Stand Aluminium,accessories,4,27.50,110.00,cancelled,2026-08-24T08:10:56+00:00
ORD-121130,2,9,USB-C Hub 8-in-1,accessories,5,39.99,199.95,cancelled,2026-08-24T11:31:51+00:00
ORD-121131,4,3,27in 1440p Monitor,displays,2,319.99,639.98,pending,2026-08-24T07:26:28+00:00
ORD-121132,8,4,34in Ultrawide Monitor,displays,2,579.00,1158.00,refunded,2026-08-24T23:43:50+00:00
ORD-121133,6,1,Mechanical Keyboard 75%,peripherals,2,129.00,258.00,completed,2026-08-24T15:51:55+00:00
ORD-121134,7,4,34in Ultrawide Monitor,displays,5,579.00,2895.00,pending,2026-08-24T00:41:11+00:00
ORD-121135,8,1,Mechanical Keyboard 75%,peripherals,4,129.00,516.00,cancelled,2026-08-24T14:52:56+00:00
ORD-121136,9,9,USB-C Hub 8-in-1,accessories,1,39.99,39.99,completed,2026-08-24T06:09:56+00:00
ORD-121137,4,7,Standing Desk 120cm,furniture,3,449.00,1347.00,cancelled,2026-08-24T13:16:49+00:00
ORD-121138,8,8,Ergonomic Chair,furniture,5,612.75,3063.75,pending,2026-08-24T08:42:49+00:00
ORD-121139,9,1,Mechanical Keyboard 75%,peripherals,3,129.00,387.00,completed,2026-08-24T11:05:56+00:00
ORD-121140,6,9,USB-C Hub 8-in-1,accessories,2,39.99,79.98,cancelled,2026-08-24T17:13:14+00:00
ORD-121141,6,8,Ergonomic Chair,furniture,3,612.75,1838.25,cancelled,2026-08-24T16:23:36+00:00
ORD-121142,3,6,Desk Speakers Pair,audio,2,89.00,178.00,refunded,2026-08-24T20:13:04+00:00
ORD-121143,2,8,Ergonomic Chair,furniture,4,612.75,2451.00,cancelled,2026-08-24T03:33:44+00:00
ORD-121144,1,7,Standing Desk 120cm,furniture,3,449.00,1347.00,cancelled,2026-08-24T03:27:22+00:00
ORD-121145,8,6,Desk Speakers Pair,audio,5,89.00,445.00,refunded,2026-08-24T21:10:42+00:00
ORD-121146,5,2,Wireless Mouse,peripherals,1,49.50,49.50,cancelled,2026-08-24T01:45:13+00:00
ORD-121147,10,2,Wireless Mouse,peripherals,2,49.50,99.00,completed,2026-08-24T17:08:48+00:00
ORD-121148,3,2,Wireless Mouse,peripherals,1,49.50,49.50,completed,2026-08-24T02:22:01+00:00
ORD-121149,3,5,Over-ear Headphones,audio,5,199.95,999.75,completed,2026-08-24T20:41:31+00:00
ORD-121150,5,1,Mechanical Keyboard 75%,peripherals,2,129.00,258.00,pending,2026-08-24T20:00:13+00:00
ORD-121151,9,5,Over-ear Headphones,audio,4,199.95,799.80,refunded,2026-08-24T16:21:33+00:00
ORD-121152,10,10,Laptop Stand Aluminium,accessories,3,27.50,82.50,refunded,2026-08-24T14:19:28+00:00
ORD-121153,5,9,USB-C Hub 8-in-1,accessories,2,39.99,79.98,refunded,2026-08-24T19:18:39+00:00
ORD-121154,8,5,Over-ear Headphones,audio,4,199.95,799.80,completed,2026-08-24T14:18:00+00:00
ORD-121155,4,8,Ergonomic Chair,furniture,1,612.75,612.75,pending,2026-08-24T07:23:51+00:00
ORD-121156,5,10,Laptop Stand Aluminium,accessories,4,27.50,110.00,completed,2026-08-24T08:59:07+00:00
ORD-121157,2,10,Laptop Stand Aluminium,accessories,3,27.50,82.50,refunded,2026-08-24T10:13:10+00:00
ORD-121158,6,8,Ergonomic Chair,furniture,4,612.75,2451.00,refunded,2026-08-24T00:42:05+00:00
ORD-121159,5,6,Desk Speakers Pair,audio,3,89.00,267.00,pending,2026-08-24T18:13:43+00:00
ORD-121160,8,3,27in 1440p Monitor,displays,2,319.99,639.98,cancelled,2026-08-24T01:45:47+00:00
ORD-121161,9,8,Ergonomic Chair,furniture,2,612.75,1225.50,refunded,2026-08-24T11:27:27+00:00
ORD-121162,10,2,Wireless Mouse,peripherals,3,49.50,148.50,completed,2026-08-24T00:02:49+00:00
ORD-121163,4,8,Ergonomic Chair,furniture,5,612.75,3063.75,pending,2026-08-24T05:29:39+00:00
ORD-121164,7,9,USB-C Hub 8-in-1,accessories,4,39.99,159.96,cancelled,2026-08-24T15:57:27+00:00
ORD-121165,6,4,34in Ultrawide Monitor,displays,3,579.00,1737.00,refunded,2026-08-24T05:58:34+00:00
ORD-121166,4,8,Ergonomic Chair,furniture,5,612.75,3063.75,refunded,2026-08-24T23:07:06+00:00
ORD-121167,7,6,Desk Speakers Pair,audio,2,89.00,178.00,completed,2026-08-24T15:43:53+00:00
ORD-121168,10,1,Mechanical Keyboard 75%,peripherals,4,129.00,516.00,pending,2026-08-24T03:32:34+00:00
ORD-121169,1,5,Over-ear Headphones,audio,1,199.95,199.95,pending,2026-08-24T04:25:51+00:00
ORD-121170,1,10,Laptop Stand Aluminium,accessories,3,27.50,82.50,pending,2026-08-24T17:28:26+00:00
ORD-121171,10,5,Over-ear Headphones,audio,1,199.95,199.95,refunded,2026-08-24T01:45:15+00:00
ORD-121172,6,10,Laptop Stand Aluminium,accessories,2,27.50,55.00,cancelled,2026-08-24T22:39:09+00:00
ORD-121173,2,6,Desk Speakers Pair,audio,5,89.00,445.00,completed,2026-08-24T03:33:07+00:00
ORD-121174,9,3,27in 1440p Monitor,displays,5,319.99,1599.95,cancelled,2026-08-24T08:53:03+00:00
ORD-121175,2,8,Ergonomic Chair,furniture,5,612.75,3063.75,completed,2026-08-24T15:20:47+00:00
ORD-121176,9,10,Laptop Stand Aluminium,accessories,2,27.50,55.00,pending,2026-08-24T15:08:55+00:00
ORD-121177,5,8,Ergonomic Chair,furniture,4,612.75,2451.00,pending,2026-08-24T02:39:55+00:00
ORD-121178,10,8,Ergonomic Chair,furniture,1,612.75,612.75,refunded,2026-08-24T12:18:34+00:00
ORD-121179,8,9,USB-C Hub 8-in-1,accessories,1,39.99,39.99,pending,2026-08-24T14:31:19+00:00
ORD-121180,6,5,Over-ear Headphones,audio,3,199.95,599.85,cancelled,2026-08-24T18:49:29+00:00
ORD-121181,8,6,Desk Speakers Pair,audio,3,89.00,267.00,pending,2026-08-24T14:01:40+00:00
ORD-121182,3,2,Wireless Mouse,peripherals,2,49.50,99.00,cancelled,2026-08-24T14:04:50+00:00
ORD-121183,1,8,Ergonomic Chair,furniture,3,612.75,1838.25,completed,2026-08-24T04:06:19+00:00
ORD-121184,10,5,Over-ear Headphones,audio,5,199.95,999.75,pending,2026-08-24T12:27:13+00:00
ORD-121185,6,6,Desk Speakers Pair,audio,3,89.00,267.00,completed,2026-08-24T08:18:38+00:00
ORD-121186,4,1,Mechanical Keyboard 75%,peripherals,1,129.00,129.00,completed,2026-08-24T03:41:18+00:00
ORD-121187,3,6,Desk Speakers Pair,audio,1,89.00,89.00,pending,2026-08-24T21:22:51+00:00
ORD-121188,5,8,Ergonomic Chair,furniture,5,612.75,3063.75,cancelled,2026-08-24T14:54:42+00:00
ORD-121189,9,4,34in Ultrawide Monitor,displays,2,579.00,1158.00,refunded,2026-08-24T14:29:31+00:00
ORD-121190,5,8,Ergonomic Chair,furniture,5,612.75,3063.75,refunded,2026-08-24T15:44:13+00:00
ORD-121191,8,9,USB-C Hub 8-in-1,accessories,2,39.99,79.98,cancelled,2026-08-24T21:10:22+00:00
ORD-121192,4,7,Standing Desk 120cm,furniture,1,449.00,449.00,refunded,2026-08-24T02:50:46+00:00
ORD-121193,2,8,Ergonomic Chair,furniture,5,612.75,3063.75,pending,2026-08-24T16:38:44+00:00
ORD-121194,1,6,Desk Speakers Pair,audio,2,89.00,178.00,pending,2026-08-24T19:30:55+00:00
ORD-121195,1,1,Mechanical Keyboard 75%,peripherals,5,129.00,645.00,pending,2026-08-24T12:00:17+00:00
ORD-121196,4,9,USB-C Hub 8-in-1,accessories,2,39.99,79.98,completed,2026-08-24T20:21:57+00:00
ORD-121197,6,4,34in Ultrawide Monitor,displays,1,579.00,579.00,cancelled,2026-08-24T05:31:12+00:00
ORD-121198,3,1,Mechanical Keyboard 75%,peripherals,2,129.00,258.00,refunded,2026-08-24T03:26:16+00:00
ORD-121199,9,3,27in 1440p Monitor,displays,1,319.99,319.99,refunded,2026-08-24T17:32:58+00:00
ORD-121200,2,6,Desk Speakers Pair,audio,4,89.00,356.00,cancelled,2026-08-24T09:22:31+00:00
ORD-121201,4,8,Ergonomic Chair,furniture,5,612.75,3063.75,pending,2026-08-24T01:21:50+00:00
ORD-121202,6,10,Laptop Stand Aluminium,accessories,4,27.50,110.00,refunded,2026-08-24T11:09:34+00:00
ORD-121203,7,6,Desk Speakers Pair,audio,2,89.00,178.00,refunded,2026-08-24T12:21:27+00:00
ORD-121204,9,9,USB-C Hub 8-in-1,accessories,1,39.99,39.99,completed,2026-08-24T09:11:50+00:00
ORD-121205,6,3,27in 1440p Monitor,displays,2,319.99,639.98,cancelled,2026-08-24T22:59:51+00:00
ORD-121206,4,8,Ergonomic Chair,furniture,1,612.75,612.75,completed,2026-08-24T08:52:01+00:00
ORD-121207,1,6,Desk Speakers Pair,audio,1,89.00,89.00,refunded,2026-08-24T21:57:21+00:00
ORD-121208,6,10,Laptop Stand Aluminium,accessories,2,27.50,55.00,pending,2026-08-24T10:13:21+00:00
ORD-121209,7,10,Laptop Stand Aluminium,accessories,1,27.50,27.50,pending,2026-08-24T10:30:05+00:00
ORD-121210,8,10,Laptop Stand Aluminium,accessories,5,27.50,137.50,cancelled,2026-08-24T14:26:00+00:00
ORD-121211,7,7,Standing Desk 120cm,furniture,5,449.00,2245.00,pending,2026-08-24T23:46:04+00:00
ORD-121212,9,6,Desk Speakers Pair,audio,1,89.00,89.00,refunded,2026-08-24T09:34:06+00:00
ORD-121213,3,6,Desk Speakers Pair,audio,4,89.00,356.00,refunded,2026-08-24T00:33:13+00:00
ORD-121214,5,5,Over-ear Headphones,audio,2,199.95,399.90,pending,2026-08-24T07:18:12+00:00
ORD-121215,7,9,USB-C Hub 8-in-1,accessories,5,39.99,199.95,cancelled,2026-08-24T01:22:41+00:00
ORD-121216,6,10,Laptop Stand Aluminium,accessories,3,27.50,82.50,pending,2026-08-24T02:17:15+00:00
ORD-121217,3,1,Mechanical Keyboard 75%,peripherals,5,129.00,645.00,refunded,2026-08-24T04:53:08+00:00
ORD-121218,4,3,27in 1440p Monitor,displays,5,319.99,1599.95,pending,2026-08-24T03:48:54+00:00
ORD-121219,4,4,34in Ultrawide Monitor,displays,4,579.00,2316.00,completed,2026-08-24T00:03:23+00:00
ORD-121220,9,3,27in 1440p Monitor,displays,2,319.99,639.98,refunded,2026-08-24T08:06:35+00:00
ORD-121221,6,8,Ergonomic Chair,furniture,2,612.75,1225.50,cancelled,2026-08-24T21:56:23+00:00
ORD-121222,9,3,27in 1440p Monitor,displays,1,319.99,319.99,refunded,2026-08-24T09:45:50+00:00
ORD-121223,2,2,Wireless Mouse,peripherals,2,49.50,99.00,cancelled,2026-08-24T16:17:16+00:00
ORD-121224,7,6,Desk Speakers Pair,audio,3,89.00,267.00,cancelled,2026-08-24T05:27:23+00:00
ORD-121225,7,10,Laptop Stand Aluminium,accessories,1,27.50,27.50,pending,2026-08-24T00:49:48+00:00
ORD-121226,1,5,Over-ear Headphones,audio,4,199.95,799.80,cancelled,2026-08-24T09:47:08+00:00
ORD-121227,3,3,27in 1440p Monitor,displays,5,319.99,1599.95,pending,2026-08-24T05:52:50+00:00
ORD-121228,6,3,27in 1440p Monitor,displays,1,319.99,319.99,pending,2026-08-24T13:55:10+00:00
ORD-121229,7,1,Mechanical Keyboard 75%,peripherals,5,129.00,645.00,refunded,2026-08-24T01:03:14+00:00
ORD-121230,9,10,Laptop Stand Aluminium,accessories,2,27.50,55.00,refunded,2026-08-24T10:11:10+00:00
ORD-121231,4,1,Mechanical Keyboard 75%,peripherals,5,129.00,645.00,pending,2026-08-24T05:57:27+00:00
ORD-121232,4,2,Wireless Mouse,peripherals,2,49.50,99.00,cancelled,2026-08-24T09:29:39+00:00
ORD-121233,9,9,USB-C Hub 8-in-1,accessories,1,39.99,39.99,completed,2026-08-24T06:17:54+00:00
ORD-121234,4,8,Ergonomic Chair,furniture,1,612.75,612.75,cancelled,2026-08-24T14:46:00+00:00
ORD-121235,6,6,Desk Speakers Pair,audio,3,89.00,267.00,cancelled,2026-08-24T16:42:39+00:00
ORD-121236,8,8,Ergonomic Chair,furniture,5,612.75,3063.75,completed,2026-08-24T07:30:16+00:00
ORD-121237,2,10,Laptop Stand Aluminium,accessories,2,27.50,55.00,refunded,2026-08-24T14:05:36+00:00
ORD-121238,4,9,USB-C Hub 8-in-1,accessories,2,39.99,79.98,cancelled,2026-08-24T16:09:11+00:00
ORD-121239,10,6,Desk Speakers Pair,audio,1,89.00,89.00,completed,2026-08-24T06:49:57+00:00
ORD-121240,4,5,Over-ear Headphones,audio,1,199.95,199.95,completed,2026-08-24T17:53:46+00:00
ORD-121241,1,6,Desk Speakers Pair,audio,3,89.00,267.00,cancelled,2026-08-24T05:05:51+00:00
ORD-121242,1,5,Over-ear Headphones,audio,4,199.95,799.80,refunded,2026-08-24T13:22:50+00:00
ORD-121243,10,10,Laptop Stand Aluminium,accessories,1,27.50,27.50,refunded,2026-08-24T19:21:15+00:00
ORD-121244,1,5,Over-ear Headphones,audio,2,199.95,399.90,completed,2026-08-24T08:39:49+00:00
ORD-121245,5,1,Mechanical Keyboard 75%,peripherals,2,129.00,258.00,completed,2026-08-24T09:14:32+00:00
ORD-121246,6,1,Mechanical Keyboard 75%,peripherals,5,129.00,645.00,cancelled,2026-08-24T02:37:23+00:00
ORD-121247,2,2,Wireless Mouse,peripherals,2,49.50,99.00,cancelled,2026-08-24T14:40:51+00:00
ORD-121248,9,10,Laptop Stand Aluminium,accessories,3,27.50,82.50,cancelled,2026-08-24T19:28:43+00:00
ORD-121249,10,6,Desk Speakers Pair,audio,5,89.00,445.00,refunded,2026-08-24T14:18:02+00:00
ORD-121250,9,3,27in 1440p Monitor,displays,2,319.99,639.98,refunded,2026-08-24T08:17:05+00:00
ORD-121251,4,1,Mechanical Keyboard 75%,peripherals,5,129.00,645.00,pending,2026-08-24T21:42:04+00:00
ORD-121252,4,2,Wireless Mouse,peripherals,4,49.50,198.00,completed,2026-08-24T04:44:25+00:00
ORD-121253,4,10,Laptop Stand Aluminium,accessories,5,27.50,137.50,pending,2026-08-24T09:00:20+00:00
ORD-121254,5,5,Over-ear Headphones,audio,1,199.95,199.95,cancelled,2026-08-24T16:46:12+00:00
ORD-121255,5,5,Over-ear Headphones,audio,4,199.95,799.80,refunded,2026-08-24T23:38:39+00:00
ORD-121256,6,10,Laptop Stand Aluminium,accessories,3,27.50,82.50,refunded,2026-08-24T10:46:17+00:00
ORD-121257,10,1,Mechanical Keyboard 75%,peripherals,3,129.00,387.00,completed,2026-08-24T19:07:31+00:00
ORD-121258,6,2,Wireless Mouse,peripherals,4,49.50,198.00,cancelled,2026-08-24T15:44:47+00:00
ORD-121259,6,4,34in Ultrawide Monitor,displays,4,579.00,2316.00,completed,2026-08-24T12:46:22+00:00
ORD-121260,7,9,USB-C Hub 8-in-1,accessories,4,39.99,159.96,pending,2026-08-24T19:55:40+00:00
ORD-121261,9,5,Over-ear Headphones,audio,2,199.95,399.90,cancelled,2026-08-24T04:49:15+00:00
ORD-121262,1,6,Desk Speakers Pair,audio,2,89.00,178.00,cancelled,2026-08-24T15:24:01+00:00
ORD-121263,6,10,Laptop Stand Aluminium,accessories,2,27.50,55.00,pending,2026-08-24T18:51:51+00:00
ORD-121264,1,1,Mechanical Keyboard 75%,peripherals,1,129.00,129.00,pending,2026-08-24T21:56:26+00:00
ORD-121265,2,4,34in Ultrawide Monitor,displays,1,579.00,579.00,cancelled,2026-08-24T02:00:22+00:00
ORD-121266,10,10,Laptop Stand Aluminium,accessories,1,27.50,27.50,completed,2026-08-24T20:56:42+00:00
ORD-121267,2,10,Laptop Stand Aluminium,accessories,3,27.50,82.50,refunded,2026-08-24T04:03:03+00:00
ORD-121268,5,5,Over-ear Headphones,audio,5,199.95,999.75,cancelled,2026-08-24T16:26:15+00:00
ORD-121269,10,8,Ergonomic Chair,furniture,2,612.75,1225.50,refunded,2026-08-24T21:37:09+00:00
ORD-121270,5,6,Desk Speakers Pair,audio,1,89.00,89.00,refunded,2026-08-24T23:15:56+00:00
ORD-121271,1,2,Wireless Mouse,peripherals,4,49.50,198.00,refunded,2026-08-24T03:24:24+00:00
ORD-121272,3,10,Laptop Stand Aluminium,accessories,3,27.50,82.50,refunded,2026-08-24T17:27:21+00:00
ORD-121273,9,1,Mechanical Keyboard 75%,peripherals,1,129.00,129.00,pending,2026-08-24T22:32:54+00:00
ORD-121274,6,4,34in Ultrawide Monitor,displays,5,579.00,2895.00,pending,2026-08-24T15:58:04+00:00
ORD-121275,6,10,Laptop Stand Aluminium,accessories,5,27.50,137.50,refunded,2026-08-24T18:01:58+00:00
ORD-121276,2,2,Wireless Mouse,peripherals,3,49.50,148.50,pending,2026-08-24T01:48:13+00:00
ORD-121277,3,8,Ergonomic Chair,furniture,5,612.75,3063.75,pending,2026-08-24T02:16:24+00:00
ORD-121278,10,10,Laptop Stand Aluminium,accessories,4,27.50,110.00,cancelled,2026-08-24T19:54:03+00:00
ORD-121279,8,4,34in Ultrawide Monitor,displays,5,579.00,2895.00,refunded,2026-08-24T02:40:27+00:00
ORD-121280,5,8,Ergonomic Chair,furniture,4,612.75,2451.00,cancelled,2026-08-24T11:22:05+00:00
ORD-121281,4,5,Over-ear Headphones,audio,2,199.95,399.90,refunded,2026-08-24T13:56:33+00:00
ORD-121282,10,9,USB-C Hub 8-in-1,accessories,3,39.99,119.97,pending,2026-08-24T09:37:44+00:00
ORD-121283,9,4,34in Ultrawide Monitor,displays,5,579.00,2895.00,completed,2026-08-24T21:56:15+00:00
ORD-121284,4,10,Laptop Stand Aluminium,accessories,2,27.50,55.00,refunded,2026-08-24T20:38:16+00:00
ORD-121285,8,8,Ergonomic Chair,furniture,4,612.75,2451.00,completed,2026-08-24T16:38:27+00:00
ORD-121286,7,6,Desk Speakers Pair,audio,1,89.00,89.00,pending,2026-08-24T19:43:09+00:00
ORD-121287,7,7,Standing Desk 120cm,furniture,2,449.00,898.00,cancelled,2026-08-24T09:00:58+00:00
ORD-121288,2,1,Mechanical Keyboard 75%,peripherals,5,129.00,645.00,cancelled,2026-08-24T18:58:12+00:00
ORD-121289,3,1,Mechanical Keyboard 75%,peripherals,4,129.00,516.00,pending,2026-08-24T06:13:48+00:00
ORD-121290,2,9,USB-C Hub 8-in-1,accessories,3,39.99,119.97,completed,2026-08-24T00:19:55+00:00
ORD-121291,2,9,USB-C Hub 8-in-1,accessories,4,39.99,159.96,cancelled,2026-08-24T09:56:58+00:00
ORD-121292,4,7,Standing Desk 120cm,furniture,2,449.00,898.00,cancelled,2026-08-24T18:48:26+00:00
ORD-121293,10,10,Laptop Stand Aluminium,accessories,3,27.50,82.50,cancelled,2026-08-24T00:52:28+00:00
ORD-121294,1,2,Wireless Mouse,peripherals,2,49.50,99.00,pending,2026-08-24T11:33:52+00:00
ORD-121295,8,8,Ergonomic Chair,furniture,4,612.75,2451.00,completed,2026-08-24T14:55:41+00:00
ORD-121296,4,4,34in Ultrawide Monitor,displays,3,579.00,1737.00,pending,2026-08-24T00:58:57+00:00
ORD-121297,6,3,27in 1440p Monitor,displays,5,319.99,1599.95,refunded,2026-08-24T22:17:34+00:00
ORD-121298,2,6,Desk Speakers Pair,audio,4,89.00,356.00,pending,2026-08-24T10:49:32+00:00
ORD-121299,10,4,34in Ultrawide Monitor,displays,3,579.00,1737.00,pending,2026-08-24T08:53:13+00:00
ORD-121300,1,9,USB-C Hub 8-in-1,accessories,5,39.99,199.95,completed,2026-08-24T18:17:59+00:00
ORD-121301,3,10,Laptop Stand Aluminium,accessories,3,27.50,82.50,pending,2026-08-24T10:12:53+00:00
ORD-121302,7,5,Over-ear Headphones,audio,5,199.95,999.75,completed,2026-08-24T02:32:27+00:00
ORD-121303,8,4,34in Ultrawide Monitor,displays,2,579.00,1158.00,cancelled,2026-08-24T11:06:30+00:00
ORD-121304,4,3,27in 1440p Monitor,displays,2,319.99,639.98,refunded,2026-08-24T21:06:35+00:00
ORD-121305,9,6,Desk Speakers Pair,audio,4,89.00,356.00,cancelled,2026-08-24T17:00:23+00:00
ORD-121306,3,6,Desk Speakers Pair,audio,2,89.00,178.00,pending,2026-08-24T13:47:15+00:00
ORD-121307,8,6,Desk Speakers Pair,audio,5,89.00,445.00,completed,2026-08-24T01:06:59+00:00
ORD-121308,4,5,Over-ear Headphones,audio,5,199.95,999.75,pending,2026-08-24T05:07:19+00:00
ORD-121309,2,2,Wireless Mouse,peripherals,3,49.50,148.50,cancelled,2026-08-24T23:19:30+00:00
ORD-121310,9,10,Laptop Stand Aluminium,accessories,3,27.50,82.50,cancelled,2026-08-24T00:57:09+00:00
ORD-121311,2,1,Mechanical Keyboard 75%,peripherals,3,129.00,387.00,pending,2026-08-24T13:55:44+00:00
ORD-121312,3,7,Standing Desk 120cm,furniture,3,449.00,1347.00,refunded,2026-08-24T17:41:04+00:00
ORD-121313,8,10,Laptop Stand Aluminium,accessories,1,27.50,27.50,completed,2026-08-24T19:13:06+00:00
ORD-121314,4,9,USB-C Hub 8-in-1,accessories,5,39.99,199.95,refunded,2026-08-24T21:05:06+00:00
ORD-121315,7,1,Mechanical Keyboard 75%,peripherals,5,129.00,645.00,pending,2026-08-24T05:27:51+00:00
ORD-121316,4,4,34in Ultrawide Monitor,displays,4,579.00,2316.00,completed,2026-08-24T22:29:58+00:00
ORD-121317,8,4,34in Ultrawide Monitor,displays,2,579.00,1158.00,pending,2026-08-24T10:26:20+00:00
ORD-121318,10,2,Wireless Mouse,peripherals,4,49.50,198.00,completed,2026-08-24T05:06:15+00:00
ORD-121319,5,8,Ergonomic Chair,furniture,5,612.75,3063.75,completed,2026-08-24T23:38:42+00:00
ORD-121320,1,4,34in Ultrawide Monitor,displays,3,579.00,1737.00,refunded,2026-08-24T07:38:12+00:00
ORD-121321,9,1,Mechanical Keyboard 75%,peripherals,3,129.00,387.00,refunded,2026-08-24T03:43:19+00:00
ORD-121322,4,7,Standing Desk 120cm,furniture,5,449.00,2245.00,refunded,2026-08-24T14:18:07+00:00
ORD-121323,9,2,Wireless Mouse,peripherals,4,49.50,198.00,refunded,2026-08-24T04:38:13+00:00
ORD-121324,6,3,27in 1440p Monitor,displays,1,319.99,319.99,cancelled,2026-08-24T01:06:09+00:00
ORD-121325,1,6,Desk Speakers Pair,audio,5,89.00,445.00,cancelled,2026-08-24T22:30:15+00:00
ORD-121326,4,8,Ergonomic Chair,furniture,1,612.75,612.75,pending,2026-08-24T16:11:08+00:00
ORD-121327,10,7,Standing Desk 120cm,furniture,4,449.00,1796.00,refunded,2026-08-24T02:24:04+00:00
ORD-121328,4,2,Wireless Mouse,peripherals,1,49.50,49.50,pending,2026-08-24T14:18:50+00:00
ORD-121329,3,5,Over-ear Headphones,audio,4,199.95,799.80,pending,2026-08-24T04:03:52+00:00
ORD-121330,10,5,Over-ear Headphones,audio,4,199.95,799.80,pending,2026-08-24T21:21:00+00:00
ORD-121331,1,10,Laptop Stand Aluminium,accessories,3,27.50,82.50,pending,2026-08-24T02:58:31+00:00
ORD-121332,2,3,27in 1440p Monitor,displays,1,319.99,319.99,refunded,2026-08-24T09:14:22+00:00
ORD-121333,9,4,34in Ultrawide Monitor,displays,5,579.00,2895.00,pending,2026-08-24T23:31:48+00:00
ORD-121334,3,2,Wireless Mouse,peripherals,3,49.50,148.50,completed,2026-08-24T03:58:59+00:00
ORD-121335,2,9,USB-C Hub 8-in-1,accessories,3,39.99,119.97,completed,2026-08-24T18:09:25+00:00
ORD-121336,2,10,Laptop Stand Aluminium,accessories,2,27.50,55.00,refunded,2026-08-24T23:09:03+00:00
ORD-121337,9,2,Wireless Mouse,peripherals,3,49.50,148.50,cancelled,2026-08-24T04:04:54+00:00
ORD-121338,9,6,Desk Speakers Pair,audio,4,89.00,356.00,completed,2026-08-24T19:58:18+00:00
ORD-121339,9,1,Mechanical Keyboard 75%,peripherals,3,129.00,387.00,pending,2026-08-24T05:42:02+00:00
ORD-121340,1,9,USB-C Hub 8-in-1,accessories,3,39.99,119.97,pending,2026-08-24T15:03:47+00:00
ORD-121341,5,10,Laptop Stand Aluminium,accessories,4,27.50,110.00,pending,2026-08-24T14:44:43+00:00
ORD-121342,1,7,Standing Desk 120cm,furniture,3,449.00,1347.00,completed,2026-08-24T13:51:09+00:00
ORD-121343,2,10,Laptop Stand Aluminium,accessories,3,27.50,82.50,refunded,2026-08-24T20:55:44+00:00
ORD-121344,6,9,USB-C Hub 8-in-1,accessories,3,39.99,119.97,pending,2026-08-24T10:01:47+00:00
ORD-121345,3,8,Ergonomic Chair,furniture,1,612.75,612.75,completed,2026-08-24T18:56:45+00:00
ORD-121346,6,2,Wireless Mouse,peripherals,3,49.50,148.50,cancelled,2026-08-24T20:36:34+00:00
ORD-121347,2,3,27in 1440p Monitor,displays,3,319.99,959.97,completed,2026-08-24T07:39:52+00:00
ORD-121348,6,4,34in Ultrawide Monitor,displays,1,579.00,579.00,cancelled,2026-08-24T19:04:26+00:00
ORD-121349,5,2,Wireless Mouse,peripherals,2,49.50,99.00,pending,2026-08-24T20:41:36+00:00
ORD-121350,5,6,Desk Speakers Pair,audio,1,89.00,89.00,cancelled,2026-08-24T07:54:33+00:00
ORD-121351,3,9,USB-C Hub 8-in-1,accessories,5,39.99,199.95,completed,2026-08-24T22:48:53+00:00
ORD-121352,10,6,Desk Speakers Pair,audio,4,89.00,356.00,pending,2026-08-24T12:19:17+00:00
ORD-121353,8,4,34in Ultrawide Monitor,displays,1,579.00,579.00,pending,2026-08-24T16:58:56+00:00
ORD-121354,1,1,Mechanical Keyboard 75%,peripherals,4,129.00,516.00,refunded,2026-08-24T00:23:30+00:00
ORD-121355,7,2,Wireless Mouse,peripherals,5,49.50,247.50,completed,2026-08-24T23:46:39+00:00
ORD-121356,1,6,Desk Speakers Pair,audio,5,89.00,445.00,refunded,2026-08-24T20:54:17+00:00
ORD-121357,8,8,Ergonomic Chair,furniture,2,612.75,1225.50,refunded,2026-08-24T06:13:50+00:00
ORD-121358,6,2,Wireless Mouse,peripherals,5,49.50,247.50,cancelled,2026-08-24T18:04:12+00:00
ORD-121359,5,1,Mechanical Keyboard 75%,peripherals,4,129.00,516.00,completed,2026-08-24T14:52:35+00:00
ORD-121360,6,6,Desk Speakers Pair,audio,1,89.00,89.00,pending,2026-08-24T12:22:18+00:00
ORD-121361,9,8,Ergonomic Chair,furniture,3,612.75,1838.25,pending,2026-08-24T22:58:27+00:00
ORD-121362,3,1,Mechanical Keyboard 75%,peripherals,4,129.00,516.00,refunded,2026-08-24T05:31:03+00:00
ORD-121363,3,1,Mechanical Keyboard 75%,peripherals,4,129.00,516.00,pending,2026-08-24T22:13:36+00:00
ORD-121364,6,10,Laptop Stand Aluminium,accessories,3,27.50,82.50,pending,2026-08-24T20:07:26+00:00
ORD-121365,6,9,USB-C Hub 8-in-1,accessories,3,39.99,119.97,refunded,2026-08-24T06:18:18+00:00
ORD-121366,9,4,34in Ultrawide Monitor,displays,2,579.00,1158.00,cancelled,2026-08-24T04:13:46+00:00
ORD-121367,3,7,Standing Desk 120cm,furniture,3,449.00,1347.00,completed,2026-08-24T20:58:58+00:00
ORD-121368,2,10,Laptop Stand Aluminium,accessories,5,27.50,137.50,completed,2026-08-24T18:27:24+00:00
ORD-121369,6,1,Mechanical Keyboard 75%,peripherals,2,129.00,258.00,pending,2026-08-24T20:07:47+00:00
ORD-121370,1,5,Over-ear Headphones,audio,2,199.95,399.90,cancelled,2026-08-24T02:11:14+00:00
ORD-121371,3,10,Laptop Stand Aluminium,accessories,1,27.50,27.50,pending,2026-08-24T11:10:42+00:00
ORD-121372,1,5,Over-ear Headphones,audio,5,199.95,999.75,refunded,2026-08-24T02:25:35+00:00
ORD-121373,3,2,Wireless Mouse,peripherals,5,49.50,247.50,refunded,2026-08-24T04:17:18+00:00
ORD-121374,7,10,Laptop Stand Aluminium,accessories,2,27.50,55.00,completed,2026-08-24T19:17:24+00:00
ORD-121375,3,5,Over-ear Headphones,audio,4,199.95,799.80,cancelled,2026-08-24T05:22:12+00:00
ORD-121376,9,5,Over-ear Headphones,audio,2,199.95,399.90,refunded,2026-08-24T08:32:02+00:00
ORD-121377,2,10,Laptop Stand Aluminium,accessories,4,27.50,110.00,pending,2026-08-24T18:22:48+00:00
ORD-121378,4,8,Ergonomic Chair,furniture,2,612.75,1225.50,completed,2026-08-24T21:32:41+00:00
ORD-121379,2,10,Laptop Stand Aluminium,accessories,2,27.50,55.00,pending,2026-08-24T16:02:49+00:00
ORD-121380,7,1,Mechanical Keyboard 75%,peripherals,5,129.00,645.00,completed,2026-08-24T23:56:20+00:00
ORD-121381,4,7,Standing Desk 120cm,furniture,1,449.00,449.00,refunded,2026-08-24T06:42:00+00:00
ORD-121382,8,6,Desk Speakers Pair,audio,1,89.00,89.00,refunded,2026-08-24T20:04:14+00:00
ORD-121383,3,7,Standing Desk 120cm,furniture,1,449.00,449.00,refunded,2026-08-24T16:47:14+00:00
ORD-121384,4,7,Standing Desk 120cm,furniture,4,449.00,1796.00,pending,2026-08-24T09:14:03+00:00
ORD-121385,3,10,Laptop Stand Aluminium,accessories,2,27.50,55.00,pending,2026-08-24T12:35:20+00:00
ORD-121386,8,3,27in 1440p Monitor,displays,1,319.99,319.99,refunded,2026-08-24T07:02:16+00:00
ORD-121387,1,10,Laptop Stand Aluminium,accessories,5,27.50,137.50,completed,2026-08-24T19:37:34+00:00
ORD-121388,1,8,Ergonomic Chair,furniture,4,612.75,2451.00,completed,2026-08-24T03:40:00+00:00
ORD-121389,5,6,Desk Speakers Pair,audio,3,89.00,267.00,completed,2026-08-24T23:08:30+00:00
ORD-121390,6,5,Over-ear Headphones,audio,1,199.95,199.95,pending,2026-08-24T08:29:50+00:00
ORD-121391,1,10,Laptop Stand Aluminium,accessories,4,27.50,110.00,completed,2026-08-24T15:56:38+00:00
ORD-121392,2,2,Wireless Mouse,peripherals,5,49.50,247.50,completed,2026-08-24T06:51:31+00:00
ORD-121393,4,1,Mechanical Keyboard 75%,peripherals,2,129.00,258.00,cancelled,2026-08-24T17:28:23+00:00
ORD-121394,4,2,Wireless Mouse,peripherals,1,49.50,49.50,completed,2026-08-24T07:11:54+00:00
ORD-121395,6,7,Standing Desk 120cm,furniture,3,449.00,1347.00,cancelled,2026-08-24T23:08:10+00:00
ORD-121396,1,8,Ergonomic Chair,furniture,5,612.75,3063.75,refunded,2026-08-24T18:29:22+00:00
ORD-121397,7,9,USB-C Hub 8-in-1,accessories,1,39.99,39.99,pending,2026-08-24T19:41:43+00:00
ORD-121398,10,2,Wireless Mouse,peripherals,4,49.50,198.00,completed,2026-08-24T09:27:17+00:00
ORD-121399,2,3,27in 1440p Monitor,displays,4,319.99,1279.96,pending,2026-08-24T21:14:08+00:00
ORD-121400,10,2,Wireless Mouse,peripherals,5,49.50,247.50,refunded,2026-08-24T05:00:47+00:00
ORD-121401,10,7,Standing Desk 120cm,furniture,4,449.00,1796.00,pending,2026-08-24T05:25:02+00:00
ORD-121402,2,1,Mechanical Keyboard 75%,peripherals,4,129.00,516.00,pending,2026-08-24T01:45:30+00:00
ORD-121403,4,9,USB-C Hub 8-in-1,accessories,2,39.99,79.98,pending,2026-08-24T14:35:01+00:00
ORD-121404,9,10,Laptop Stand Aluminium,accessories,4,27.50,110.00,completed,2026-08-24T14:26:16+00:00
ORD-121405,6,10,Laptop Stand Aluminium,accessories,5,27.50,137.50,completed,2026-08-24T05:28:19+00:00
ORD-121406,4,7,Standing Desk 120cm,furniture,1,449.00,449.00,refunded,2026-08-24T23:56:59+00:00
ORD-121407,8,4,34in Ultrawide Monitor,displays,4,579.00,2316.00,pending,2026-08-24T14:55:12+00:00
ORD-121408,10,7,Standing Desk 120cm,furniture,2,449.00,898.00,completed,2026-08-24T16:09:49+00:00
ORD-121409,6,6,Desk Speakers Pair,audio,1,89.00,89.00,completed,2026-08-24T10:47:50+00:00
ORD-121410,7,2,Wireless Mouse,peripherals,2,49.50,99.00,refunded,2026-08-24T16:01:47+00:00
ORD-121411,5,6,Desk Speakers Pair,audio,1,89.00,89.00,pending,2026-08-24T00:09:12+00:00
ORD-121412,7,7,Standing Desk 120cm,furniture,2,449.00,898.00,cancelled,2026-08-24T09:49:26+00:00
ORD-121413,4,3,27in 1440p Monitor,displays,2,319.99,639.98,refunded,2026-08-24T18:44:58+00:00
ORD-121414,9,6,Desk Speakers Pair,audio,3,89.00,267.00,pending,2026-08-24T14:46:08+00:00
ORD-121415,1,5,Over-ear Headphones,audio,1,199.95,199.95,completed,2026-08-24T20:56:16+00:00
ORD-121416,8,9,USB-C Hub 8-in-1,accessories,2,39.99,79.98,pending,2026-08-24T14:50:44+00:00
ORD-121417,1,5,Over-ear Headphones,audio,2,199.95,399.90,pending,2026-08-24T23:57:27+00:00
ORD-121418,4,5,Over-ear Headphones,audio,1,199.95,199.95,cancelled,2026-08-24T21:57:06+00:00
ORD-121419,8,10,Laptop Stand Aluminium,accessories,3,27.50,82.50,cancelled,2026-08-24T09:57:54+00:00
ORD-121420,2,1,Mechanical Keyboard 75%,peripherals,1,129.00,129.00,refunded,2026-08-24T17:26:35+00:00
ORD-121421,3,7,Standing Desk 120cm,furniture,1,449.00,449.00,cancelled,2026-08-24T10:47:46+00:00
ORD-121422,5,1,Mechanical Keyboard 75%,peripherals,3,129.00,387.00,cancelled,2026-08-24T03:58:29+00:00
ORD-121423,9,6,Desk Speakers Pair,audio,3,89.00,267.00,pending,2026-08-24T00:32:22+00:00
ORD-121424,3,6,Desk Speakers Pair,audio,1,89.00,89.00,refunded,2026-08-24T19:36:49+00:00
ORD-121425,4,8,Ergonomic Chair,furniture,4,612.75,2451.00,completed,2026-08-24T11:55:55+00:00
ORD-121426,10,4,34in Ultrawide Monitor,displays,2,579.00,1158.00,refunded,2026-08-24T09:16:23+00:00
ORD-121427,3,7,Standing Desk 120cm,furniture,1,449.00,449.00,completed,2026-08-24T21:25:22+00:00
ORD-121428,10,9,USB-C Hub 8-in-1,accessories,3,39.99,119.97,refunded,2026-08-24T17:28:27+00:00
ORD-121429,1,9,USB-C Hub 8-in-1,accessories,4,39.99,159.96,completed,2026-08-24T03:21:30+00:00
ORD-121430,8,4,34in Ultrawide Monitor,displays,4,579.00,2316.00,completed,2026-08-24T20:20:25+00:00
ORD-121431,3,6,Desk Speakers Pair,audio,1,89.00,89.00,cancelled,2026-08-24T17:31:54+00:00
ORD-121432,3,2,Wireless Mouse,peripherals,3,49.50,148.50,pending,2026-08-24T00:16:33+00:00
ORD-121433,2,3,27in 1440p Monitor,displays,3,319.99,959.97,completed,2026-08-24T14:54:15+00:00
ORD-121434,2,4,34in Ultrawide Monitor,displays,5,579.00,2895.00,cancelled,2026-08-24T03:18:13+00:00
ORD-121435,7,10,Laptop Stand Aluminium,accessories,1,27.50,27.50,pending,2026-08-24T15:20:35+00:00
ORD-121436,6,9,USB-C Hub 8-in-1,accessories,2,39.99,79.98,refunded,2026-08-24T15:22:26+00:00
ORD-121437,10,2,Wireless Mouse,peripherals,5,49.50,247.50,cancelled,2026-08-24T06:19:47+00:00
ORD-121438,9,6,Desk Speakers Pair,audio,4,89.00,356.00,pending,2026-08-24T04:01:13+00:00
ORD-121439,1,6,Desk Speakers Pair,audio,3,89.00,267.00,cancelled,2026-08-24T09:20:01+00:00
ORD-121440,8,5,Over-ear Headphones,audio,1,199.95,199.95,refunded,2026-08-24T18:28:21+00:00
ORD-121441,9,4,34in Ultrawide Monitor,displays,4,579.00,2316.00,cancelled,2026-08-24T00:01:39+00:00
ORD-121442,6,6,Desk Speakers Pair,audio,1,89.00,89.00,cancelled,2026-08-24T12:15:04+00:00
ORD-121443,2,6,Desk Speakers Pair,audio,5,89.00,445.00,pending,2026-08-24T11:41:43+00:00
ORD-121444,5,5,Over-ear Headphones,audio,2,199.95,399.90,cancelled,2026-08-24T16:18:00+00:00
ORD-121445,7,3,27in 1440p Monitor,displays,1,319.99,319.99,pending,2026-08-24T10:54:57+00:00
ORD-121446,10,4,34in Ultrawide Monitor,displays,5,579.00,2895.00,cancelled,2026-08-24T20:15:50+00:00
ORD-121447,10,6,Desk Speakers Pair,audio,5,89.00,445.00,completed,2026-08-24T14:44:45+00:00
ORD-121448,8,5,Over-ear Headphones,audio,5,199.95,999.75,refunded,2026-08-24T10:34:36+00:00
ORD-121449,3,3,27in 1440p Monitor,displays,3,319.99,959.97,pending,2026-08-24T16:44:48+00:00
ORD-121450,8,7,Standing Desk 120cm,furniture,2,449.00,898.00,pending,2026-08-24T20:43:38+00:00
ORD-121451,4,3,27in 1440p Monitor,displays,3,319.99,959.97,completed,2026-08-24T23:28:40+00:00
ORD-121452,1,8,Ergonomic Chair,furniture,5,612.75,3063.75,cancelled,2026-08-24T08:55:49+00:00
ORD-121453,6,9,USB-C Hub 8-in-1,accessories,4,39.99,159.96,cancelled,2026-08-24T08:26:41+00:00
ORD-121454,1,10,Laptop Stand Aluminium,accessories,3,27.50,82.50,completed,2026-08-24T18:36:30+00:00
ORD-121455,3,7,Standing Desk 120cm,furniture,5,449.00,2245.00,completed,2026-08-24T12:32:43+00:00
ORD-121456,5,2,Wireless Mouse,peripherals,3,49.50,148.50,refunded,2026-08-24T20:23:12+00:00
ORD-121457,9,1,Mechanical Keyboard 75%,peripherals,1,129.00,129.00,completed,2026-08-24T21:07:43+00:00
ORD-121458,4,1,Mechanical Keyboard 75%,peripherals,4,129.00,516.00,pending,2026-08-24T00:08:18+00:00
ORD-121459,10,5,Over-ear Headphones,audio,5,199.95,999.75,completed,2026-08-24T12:32:54+00:00
ORD-121460,8,10,Laptop Stand Aluminium,accessories,1,27.50,27.50,cancelled,2026-08-24T22:47:20+00:00
ORD-121461,2,10,Laptop Stand Aluminium,accessories,3,27.50,82.50,pending,2026-08-24T01:45:36+00:00
ORD-121462,1,4,34in Ultrawide Monitor,displays,5,579.00,2895.00,completed,2026-08-24T01:37:06+00:00
ORD-121463,9,3,27in 1440p Monitor,displays,3,319.99,959.97,refunded,2026-08-24T14:34:24+00:00
ORD-121464,8,1,Mechanical Keyboard 75%,peripherals,2,129.00,258.00,pending,2026-08-24T22:54:29+00:00
ORD-121465,6,2,Wireless Mouse,peripherals,1,49.50,49.50,cancelled,2026-08-24T07:28:54+00:00
ORD-121466,5,10,Laptop Stand Aluminium,accessories,4,27.50,110.00,refunded,2026-08-24T03:24:13+00:00
ORD-121467,9,2,Wireless Mouse,peripherals,1,49.50,49.50,cancelled,2026-08-24T23:02:07+00:00
ORD-121468,6,2,Wireless Mouse,peripherals,1,49.50,49.50,completed,2026-08-24T22:18:31+00:00
ORD-121469,8,8,Ergonomic Chair,furniture,2,612.75,1225.50,pending,2026-08-24T21:39:05+00:00
ORD-121470,5,6,Desk Speakers Pair,audio,4,89.00,356.00,cancelled,2026-08-24T15:44:33+00:00
ORD-121471,4,10,Laptop Stand Aluminium,accessories,3,27.50,82.50,cancelled,2026-08-24T02:57:39+00:00
ORD-121472,2,1,Mechanical Keyboard 75%,peripherals,4,129.00,516.00,cancelled,2026-08-24T15:45:21+00:00
ORD-121473,10,2,Wireless Mouse,peripherals,4,49.50,198.00,refunded,2026-08-24T23:00:05+00:00
ORD-121474,10,1,Mechanical Keyboard 75%,peripherals,1,129.00,129.00,completed,2026-08-24T17:25:14+00:00
ORD-121475,2,8,Ergonomic Chair,furniture,1,612.75,612.75,refunded,2026-08-24T01:33:09+00:00
ORD-121476,6,8,Ergonomic Chair,furniture,5,612.75,3063.75,cancelled,2026-08-24T11:19:04+00:00
ORD-121477,6,1,Mechanical Keyboard 75%,peripherals,5,129.00,645.00,cancelled,2026-08-24T13:48:01+00:00
ORD-121478,3,4,34in Ultrawide Monitor,displays,3,579.00,1737.00,completed,2026-08-24T07:46:54+00:00
ORD-121479,4,4,34in Ultrawide Monitor,displays,4,579.00,2316.00,cancelled,2026-08-24T01:22:05+00:00
ORD-121480,1,1,Mechanical Keyboard 75%,peripherals,2,129.00,258.00,completed,2026-08-24T15:31:05+00:00
ORD-121481,1,5,Over-ear Headphones,audio,2,199.95,399.90,pending,2026-08-24T21:47:39+00:00
ORD-121482,4,2,Wireless Mouse,peripherals,2,49.50,99.00,pending,2026-08-24T22:43:25+00:00
ORD-121483,7,9,USB-C Hub 8-in-1,accessories,5,39.99,199.95,refunded,2026-08-24T08:27:51+00:00
ORD-121484,2,3,27in 1440p Monitor,displays,1,319.99,319.99,cancelled,2026-08-24T12:02:03+00:00
ORD-121485,10,8,Ergonomic Chair,furniture,3,612.75,1838.25,pending,2026-08-24T16:17:53+00:00
ORD-121486,10,9,USB-C Hub 8-in-1,accessories,2,39.99,79.98,cancelled,2026-08-24T08:52:15+00:00
ORD-121487,2,6,Desk Speakers Pair,audio,4,89.00,356.00,completed,2026-08-24T07:07:15+00:00
ORD-121488,6,8,Ergonomic Chair,furniture,5,612.75,3063.75,completed,2026-08-24T18:55:22+00:00
ORD-121489,6,4,34in Ultrawide Monitor,displays,2,579.00,1158.00,completed,2026-08-24T13:59:43+00:00
ORD-121490,9,6,Desk Speakers Pair,audio,2,89.00,178.00,cancelled,2026-08-24T19:53:48+00:00
ORD-121491,3,8,Ergonomic Chair,furniture,4,612.75,2451.00,refunded,2026-08-24T20:40:28+00:00
ORD-121492,4,3,27in 1440p Monitor,displays,4,319.99,1279.96,cancelled,2026-08-24T14:23:50+00:00
ORD-121493,5,6,Desk Speakers Pair,audio,5,89.00,445.00,refunded,2026-08-24T21:41:29+00:00
ORD-121494,9,6,Desk Speakers Pair,audio,5,89.00,445.00,completed,2026-08-24T02:11:17+00:00
ORD-121495,7,1,Mechanical Keyboard 75%,peripherals,5,129.00,645.00,cancelled,2026-08-24T20:33:38+00:00
ORD-121496,9,8,Ergonomic Chair,furniture,4,612.75,2451.00,refunded,2026-08-24T04:21:28+00:00
ORD-121497,5,1,Mechanical Keyboard 75%,peripherals,2,129.00,258.00,refunded,2026-08-24T13:52:34+00:00
ORD-121498,7,3,27in 1440p Monitor,displays,4,319.99,1279.96,refunded,2026-08-24T14:14:36+00:00
ORD-121499,2,9,USB-C Hub 8-in-1,accessories,1,39.99,39.99,completed,2026-08-24T17:55:02+00:00
ORD-121500,3,3,27in 1440p Monitor,displays,4,319.99,1279.96,pending,2026-08-24T06:10:23+00:00
ORD-121501,6,10,Laptop Stand Aluminium,accessories,5,27.50,137.50,refunded,2026-08-24T15:36:29+00:00
ORD-121502,3,10,Laptop Stand Aluminium,accessories,5,27.50,137.50,pending,2026-08-24T02:52:35+00:00
ORD-121503,8,5,Over-ear Headphones,audio,4,199.95,799.80,cancelled,2026-08-24T20:41:34+00:00
ORD-121504,2,6,Desk Speakers Pair,audio,4,89.00,356.00,pending,2026-08-24T20:30:33+00:00
ORD-121505,3,2,Wireless Mouse,peripherals,1,49.50,49.50,refunded,2026-08-24T10:18:05+00:00
ORD-121506,6,2,Wireless Mouse,peripherals,4,49.50,198.00,pending,2026-08-24T09:53:17+00:00
ORD-121507,3,9,USB-C Hub 8-in-1,accessories,2,39.99,79.98,pending,2026-08-24T16:35:03+00:00
ORD-121508,5,2,Wireless Mouse,peripherals,1,49.50,49.50,refunded,2026-08-24T10:38:25+00:00
ORD-121509,4,3,27in 1440p Monitor,displays,1,319.99,319.99,cancelled,2026-08-24T02:22:57+00:00
ORD-121510,7,1,Mechanical Keyboard 75%,peripherals,3,129.00,387.00,cancelled,2026-08-24T07:37:30+00:00
ORD-121511,2,3,27in 1440p Monitor,displays,2,319.99,639.98,refunded,2026-08-24T03:14:11+00:00
ORD-121512,10,2,Wireless Mouse,peripherals,5,49.50,247.50,cancelled,2026-08-24T19:16:42+00:00
ORD-121513,8,4,34in Ultrawide Monitor,displays,3,579.00,1737.00,cancelled,2026-08-24T11:58:06+00:00
ORD-121514,8,9,USB-C Hub 8-in-1,accessories,4,39.99,159.96,refunded,2026-08-24T16:53:59+00:00
ORD-121515,3,5,Over-ear Headphones,audio,5,199.95,999.75,refunded,2026-08-24T03:40:57+00:00
ORD-121516,3,9,USB-C Hub 8-in-1,accessories,5,39.99,199.95,pending,2026-08-24T23:02:21+00:00
ORD-121517,4,9,USB-C Hub 8-in-1,accessories,2,39.99,79.98,completed,2026-08-24T14:10:14+00:00
ORD-121518,5,6,Desk Speakers Pair,audio,3,89.00,267.00,completed,2026-08-24T01:00:17+00:00
ORD-121519,4,5,Over-ear Headphones,audio,4,199.95,799.80,pending,2026-08-24T21:42:59+00:00
ORD-121520,10,4,34in Ultrawide Monitor,displays,2,579.00,1158.00,pending,2026-08-24T09:49:52+00:00
ORD-121521,8,7,Standing Desk 120cm,furniture,3,449.00,1347.00,refunded,2026-08-24T13:21:32+00:00
ORD-121522,8,9,USB-C Hub 8-in-1,accessories,5,39.99,199.95,completed,2026-08-24T01:50:13+00:00
ORD-121523,7,8,Ergonomic Chair,furniture,3,612.75,1838.25,completed,2026-08-24T05:21:49+00:00
ORD-121524,4,7,Standing Desk 120cm,furniture,4,449.00,1796.00,refunded,2026-08-24T21:39:40+00:00
ORD-121525,7,5,Over-ear Headphones,audio,4,199.95,799.80,completed,2026-08-24T00:31:14+00:00
ORD-121526,5,4,34in Ultrawide Monitor,displays,2,579.00,1158.00,cancelled,2026-08-24T21:58:02+00:00
ORD-121527,7,9,USB-C Hub 8-in-1,accessories,2,39.99,79.98,refunded,2026-08-24T04:13:11+00:00
ORD-121528,7,9,USB-C Hub 8-in-1,accessories,4,39.99,159.96,refunded,2026-08-24T07:32:06+00:00
ORD-121529,2,8,Ergonomic Chair,furniture,2,612.75,1225.50,pending,2026-08-24T13:58:55+00:00
ORD-121530,8,4,34in Ultrawide Monitor,displays,2,579.00,1158.00,refunded,2026-08-24T23:34:27+00:00
ORD-121531,1,7,Standing Desk 120cm,furniture,1,449.00,449.00,completed,2026-08-24T06:59:22+00:00
ORD-121532,1,2,Wireless Mouse,peripherals,4,49.50,198.00,pending,2026-08-24T06:52:09+00:00
ORD-121533,1,5,Over-ear Headphones,audio,1,199.95,199.95,pending,2026-08-24T22:46:48+00:00
ORD-121534,3,1,Mechanical Keyboard 75%,peripherals,1,129.00,129.00,cancelled,2026-08-24T01:49:39+00:00
ORD-121535,2,8,Ergonomic Chair,furniture,2,612.75,1225.50,cancelled,2026-08-24T18:24:00+00:00
ORD-121536,6,5,Over-ear Headphones,audio,2,199.95,399.90,completed,2026-08-24T01:24:52+00:00
ORD-121537,6,3,27in 1440p Monitor,displays,1,319.99,319.99,refunded,2026-08-24T07:23:20+00:00
ORD-121538,9,6,Desk Speakers Pair,audio,4,89.00,356.00,cancelled,2026-08-24T17:21:34+00:00
ORD-121539,9,10,Laptop Stand Aluminium,accessories,4,27.50,110.00,cancelled,2026-08-24T01:59:59+00:00
ORD-121540,1,8,Ergonomic Chair,furniture,3,612.75,1838.25,cancelled,2026-08-24T01:33:37+00:00
ORD-121541,7,7,Standing Desk 120cm,furniture,1,449.00,449.00,pending,2026-08-24T06:07:10+00:00
ORD-121542,1,7,Standing Desk 120cm,furniture,3,449.00,1347.00,completed,2026-08-24T22:41:01+00:00
ORD-121543,7,10,Laptop Stand Aluminium,accessories,2,27.50,55.00,pending,2026-08-24T02:49:30+00:00
ORD-121544,5,9,USB-C Hub 8-in-1,accessories,2,39.99,79.98,completed,2026-08-24T09:01:07+00:00
ORD-121545,3,3,27in 1440p Monitor,displays,2,319.99,639.98,pending,2026-08-24T22:52:55+00:00
ORD-121546,9,4,34in Ultrawide Monitor,displays,4,579.00,2316.00,pending,2026-08-24T05:16:04+00:00
ORD-121547,10,4,34in Ultrawide Monitor,displays,2,579.00,1158.00,completed,2026-08-24T09:07:56+00:00
ORD-121548,10,7,Standing Desk 120cm,furniture,2,449.00,898.00,cancelled,2026-08-24T20:25:16+00:00
ORD-121549,3,3,27in 1440p Monitor,displays,1,319.99,319.99,completed,2026-08-24T13:32:00+00:00
ORD-121550,1,7,Standing Desk 120cm,furniture,3,449.00,1347.00,refunded,2026-08-24T08:26:37+00:00
ORD-121551,2,2,Wireless Mouse,peripherals,5,49.50,247.50,refunded,2026-08-24T20:17:11+00:00
ORD-121552,8,3,27in 1440p Monitor,displays,1,319.99,319.99,completed,2026-08-24T13:33:11+00:00
ORD-121553,1,1,Mechanical Keyboard 75%,peripherals,3,129.00,387.00,pending,2026-08-24T12:17:58+00:00
ORD-121554,8,5,Over-ear Headphones,audio,3,199.95,599.85,refunded,2026-08-24T15:41:38+00:00
ORD-121555,7,3,27in 1440p Monitor,displays,4,319.99,1279.96,completed,2026-08-24T07:13:48+00:00
ORD-121556,3,6,Desk Speakers Pair,audio,3,89.00,267.00,refunded,2026-08-24T22:06:39+00:00
ORD-121557,8,8,Ergonomic Chair,furniture,1,612.75,612.75,refunded,2026-08-24T15:53:05+00:00
ORD-121558,5,9,USB-C Hub 8-in-1,accessories,3,39.99,119.97,refunded,2026-08-24T20:08:28+00:00
ORD-121559,8,8,Ergonomic Chair,furniture,3,612.75,1838.25,pending,2026-08-24T02:18:06+00:00
ORD-121560,3,7,Standing Desk 120cm,furniture,4,449.00,1796.00,pending,2026-08-24T22:30:33+00:00
ORD-121561,8,8,Ergonomic Chair,furniture,1,612.75,612.75,refunded,2026-08-24T02:26:53+00:00
ORD-121562,8,9,USB-C Hub 8-in-1,accessories,3,39.99,119.97,completed,2026-08-24T19:01:15+00:00
ORD-121563,9,1,Mechanical Keyboard 75%,peripherals,2,129.00,258.00,refunded,2026-08-24T05:20:24+00:00
ORD-121564,1,8,Ergonomic Chair,furniture,5,612.75,3063.75,refunded,2026-08-24T07:10:24+00:00
ORD-121565,8,3,27in 1440p Monitor,displays,4,319.99,1279.96,refunded,2026-08-24T00:36:18+00:00
ORD-121566,6,2,Wireless Mouse,peripherals,4,49.50,198.00,completed,2026-08-24T08:53:34+00:00
ORD-121567,6,10,Laptop Stand Aluminium,accessories,1,27.50,27.50,pending,2026-08-24T18:55:05+00:00
ORD-121568,1,10,Laptop Stand Aluminium,accessories,2,27.50,55.00,refunded,2026-08-24T21:45:12+00:00
ORD-121569,5,1,Mechanical Keyboard 75%,peripherals,3,129.00,387.00,completed,2026-08-24T14:44:11+00:00
ORD-121570,2,7,Standing Desk 120cm,furniture,1,449.00,449.00,pending,2026-08-24T14:52:10+00:00
ORD-121571,5,10,Laptop Stand Aluminium,accessories,3,27.50,82.50,cancelled,2026-08-24T15:59:31+00:00
ORD-121572,10,8,Ergonomic Chair,furniture,3,612.75,1838.25,refunded,2026-08-24T22:53:57+00:00
ORD-121573,1,6,Desk Speakers Pair,audio,3,89.00,267.00,pending,2026-08-24T22:27:29+00:00
ORD-121574,2,3,27in 1440p Monitor,displays,4,319.99,1279.96,completed,2026-08-24T16:43:07+00:00
ORD-121575,7,6,Desk Speakers Pair,audio,5,89.00,445.00,completed,2026-08-24T17:22:37+00:00
ORD-121576,6,3,27in 1440p Monitor,displays,1,319.99,319.99,pending,2026-08-24T10:35:41+00:00
ORD-121577,7,10,Laptop Stand Aluminium,accessories,3,27.50,82.50,pending,2026-08-24T03:18:31+00:00
ORD-121578,7,8,Ergonomic Chair,furniture,5,612.75,3063.75,cancelled,2026-08-24T05:27:14+00:00
ORD-121579,10,4,34in Ultrawide Monitor,displays,3,579.00,1737.00,pending,2026-08-24T00:52:36+00:00
ORD-121580,1,5,Over-ear Headphones,audio,5,199.95,999.75,completed,2026-08-24T10:35:25+00:00
ORD-121581,4,7,Standing Desk 120cm,furniture,2,449.00,898.00,cancelled,2026-08-24T20:27:50+00:00
ORD-121582,5,9,USB-C Hub 8-in-1,accessories,1,39.99,39.99,cancelled,2026-08-24T02:43:37+00:00
ORD-121583,2,5,Over-ear Headphones,audio,2,199.95,399.90,refunded,2026-08-24T04:48:22+00:00
ORD-121584,1,6,Desk Speakers Pair,audio,2,89.00,178.00,cancelled,2026-08-24T03:40:38+00:00
ORD-121585,8,5,Over-ear Headphones,audio,3,199.95,599.85,refunded,2026-08-24T20:34:37+00:00
ORD-121586,4,10,Laptop Stand Aluminium,accessories,3,27.50,82.50,cancelled,2026-08-24T20:06:02+00:00
ORD-121587,3,10,Laptop Stand Aluminium,accessories,1,27.50,27.50,refunded,2026-08-24T16:50:43+00:00
ORD-121588,4,4,34in Ultrawide Monitor,displays,5,579.00,2895.00,completed,2026-08-24T22:23:45+00:00
ORD-121589,1,3,27in 1440p Monitor,displays,3,319.99,959.97,cancelled,2026-08-24T15:58:49+00:00
ORD-121590,5,3,27in 1440p Monitor,displays,1,319.99,319.99,refunded,2026-08-24T02:15:25+00:00
ORD-121591,7,5,Over-ear Headphones,audio,3,199.95,599.85,cancelled,2026-08-24T13:52:18+00:00
ORD-121592,5,7,Standing Desk 120cm,furniture,5,449.00,2245.00,pending,2026-08-24T12:00:32+00:00
ORD-121593,7,10,Laptop Stand Aluminium,accessories,4,27.50,110.00,cancelled,2026-08-24T09:55:25+00:00
ORD-121594,2,5,Over-ear Headphones,audio,2,199.95,399.90,refunded,2026-08-24T10:21:27+00:00
ORD-121595,10,9,USB-C Hub 8-in-1,accessories,4,39.99,159.96,cancelled,2026-08-24T04:25:38+00:00
ORD-121596,6,1,Mechanical Keyboard 75%,peripherals,2,129.00,258.00,refunded,2026-08-24T14:21:54+00:00
ORD-121597,3,8,Ergonomic Chair,furniture,3,612.75,1838.25,pending,2026-08-24T21:07:55+00:00
ORD-121598,5,6,Desk Speakers Pair,audio,4,89.00,356.00,pending,2026-08-24T21:31:34+00:00
ORD-121599,4,2,Wireless Mouse,peripherals,2,49.50,99.00,cancelled,2026-08-24T10:08:32+00:00
ORD-121600,10,2,Wireless Mouse,peripherals,3,49.50,148.50,completed,2026-08-24T00:19:18+00:00
ORD-121601,7,2,Wireless Mouse,peripherals,1,49.50,49.50,cancelled,2026-08-24T01:42:58+00:00
ORD-121602,8,9,USB-C Hub 8-in-1,accessories,2,39.99,79.98,completed,2026-08-24T06:31:05+00:00
ORD-121603,10,8,Ergonomic Chair,furniture,1,612.75,612.75,cancelled,2026-08-24T12:43:21+00:00
ORD-121604,4,1,Mechanical Keyboard 75%,peripherals,3,129.00,387.00,pending,2026-08-24T11:00:19+00:00
ORD-121605,3,5,Over-ear Headphones,audio,5,199.95,999.75,refunded,2026-08-24T18:10:57+00:00
ORD-121606,4,8,Ergonomic Chair,furniture,2,612.75,1225.50,cancelled,2026-08-24T18:10:40+00:00
ORD-121607,3,10,Laptop Stand Aluminium,accessories,4,27.50,110.00,pending,2026-08-24T12:17:09+00:00
ORD-121608,9,1,Mechanical Keyboard 75%,peripherals,3,129.00,387.00,cancelled,2026-08-24T06:02:35+00:00
ORD-121609,4,7,Standing Desk 120cm,furniture,3,449.00,1347.00,refunded,2026-08-24T16:47:23+00:00
ORD-121610,9,7,Standing Desk 120cm,furniture,1,449.00,449.00,cancelled,2026-08-24T11:06:34+00:00
ORD-121611,5,9,USB-C Hub 8-in-1,accessories,4,39.99,159.96,refunded,2026-08-24T16:08:54+00:00
ORD-121612,10,6,Desk Speakers Pair,audio,4,89.00,356.00,pending,2026-08-24T21:49:37+00:00
ORD-121613,3,10,Laptop Stand Aluminium,accessories,5,27.50,137.50,cancelled,2026-08-24T09:04:47+00:00
ORD-121614,4,6,Desk Speakers Pair,audio,3,89.00,267.00,pending,2026-08-24T04:59:16+00:00
ORD-121615,4,8,Ergonomic Chair,furniture,1,612.75,612.75,cancelled,2026-08-24T04:21:30+00:00
ORD-121616,3,6,Desk Speakers Pair,audio,4,89.00,356.00,completed,2026-08-24T02:56:24+00:00
ORD-121617,8,5,Over-ear Headphones,audio,4,199.95,799.80,pending,2026-08-24T02:34:30+00:00
ORD-121618,2,8,Ergonomic Chair,furniture,5,612.75,3063.75,pending,2026-08-24T02:40:19+00:00
ORD-121619,8,7,Standing Desk 120cm,furniture,5,449.00,2245.00,pending,2026-08-24T16:26:28+00:00
ORD-121620,9,9,USB-C Hub 8-in-1,accessories,5,39.99,199.95,cancelled,2026-08-24T09:46:48+00:00
ORD-121621,5,5,Over-ear Headphones,audio,1,199.95,199.95,completed,2026-08-24T23:25:29+00:00
ORD-121622,5,9,USB-C Hub 8-in-1,accessories,4,39.99,159.96,cancelled,2026-08-24T12:08:28+00:00
ORD-121623,10,4,34in Ultrawide Monitor,displays,1,579.00,579.00,completed,2026-08-24T16:23:50+00:00
ORD-121624,5,5,Over-ear Headphones,audio,3,199.95,599.85,refunded,2026-08-24T19:33:13+00:00
ORD-121625,9,2,Wireless Mouse,peripherals,4,49.50,198.00,cancelled,2026-08-24T10:53:10+00:00
ORD-121626,4,9,USB-C Hub 8-in-1,accessories,2,39.99,79.98,refunded,2026-08-24T10:49:43+00:00
ORD-121627,10,8,Ergonomic Chair,furniture,4,612.75,2451.00,refunded,2026-08-24T14:32:52+00:00
ORD-121628,10,10,Laptop Stand Aluminium,accessories,2,27.50,55.00,cancelled,2026-08-24T05:02:49+00:00
ORD-121629,6,8,Ergonomic Chair,furniture,4,612.75,2451.00,pending,2026-08-24T10:07:25+00:00
ORD-121630,1,6,Desk Speakers Pair,audio,5,89.00,445.00,cancelled,2026-08-24T17:22:32+00:00
ORD-121631,3,5,Over-ear Headphones,audio,5,199.95,999.75,pending,2026-08-24T03:55:29+00:00
ORD-121632,4,7,Standing Desk 120cm,furniture,4,449.00,1796.00,pending,2026-08-24T09:43:36+00:00
ORD-121633,3,8,Ergonomic Chair,furniture,2,612.75,1225.50,cancelled,2026-08-24T22:05:03+00:00
ORD-121634,1,3,27in 1440p Monitor,displays,1,319.99,319.99,completed,2026-08-24T04:29:59+00:00
ORD-121635,5,8,Ergonomic Chair,furniture,1,612.75,612.75,pending,2026-08-24T03:03:01+00:00
ORD-121636,4,2,Wireless Mouse,peripherals,3,49.50,148.50,completed,2026-08-24T08:44:05+00:00
ORD-121637,4,6,Desk Speakers Pair,audio,2,89.00,178.00,completed,2026-08-24T09:53:32+00:00
ORD-121638,1,4,34in Ultrawide Monitor,displays,5,579.00,2895.00,refunded,2026-08-24T03:54:11+00:00
ORD-121639,6,6,Desk Speakers Pair,audio,5,89.00,445.00,completed,2026-08-24T21:40:41+00:00
ORD-121640,5,2,Wireless Mouse,peripherals,5,49.50,247.50,refunded,2026-08-24T20:54:02+00:00
ORD-121641,8,10,Laptop Stand Aluminium,accessories,2,27.50,55.00,refunded,2026-08-24T21:03:39+00:00
ORD-121642,2,4,34in Ultrawide Monitor,displays,4,579.00,2316.00,refunded,2026-08-24T00:10:10+00:00
ORD-121643,7,9,USB-C Hub 8-in-1,accessories,1,39.99,39.99,pending,2026-08-24T23:55:02+00:00
ORD-121644,8,4,34in Ultrawide Monitor,displays,3,579.00,1737.00,pending,2026-08-24T14:52:14+00:00
ORD-121645,8,4,34in Ultrawide Monitor,displays,4,579.00,2316.00,cancelled,2026-08-24T19:13:48+00:00
ORD-121646,1,9,USB-C Hub 8-in-1,accessories,5,39.99,199.95,refunded,2026-08-24T07:54:11+00:00
ORD-121647,1,10,Laptop Stand Aluminium,accessories,1,27.50,27.50,completed,2026-08-24T12:05:24+00:00
ORD-121648,3,5,Over-ear Headphones,audio,1,199.95,199.95,refunded,2026-08-24T03:14:21+00:00
ORD-121649,10,9,USB-C Hub 8-in-1,accessories,4,39.99,159.96,completed,2026-08-24T03:05:50+00:00
ORD-121650,8,1,Mechanical Keyboard 75%,peripherals,5,129.00,645.00,cancelled,2026-08-24T09:10:47+00:00
ORD-121651,1,3,27in 1440p Monitor,displays,1,319.99,319.99,pending,2026-08-24T12:59:15+00:00
ORD-121652,2,5,Over-ear Headphones,audio,5,199.95,999.75,pending,2026-08-24T09:17:44+00:00
ORD-121653,3,6,Desk Speakers Pair,audio,3,89.00,267.00,pending,2026-08-24T12:20:22+00:00
ORD-121654,7,2,Wireless Mouse,peripherals,1,49.50,49.50,cancelled,2026-08-24T02:31:29+00:00
ORD-121655,8,10,Laptop Stand Aluminium,accessories,3,27.50,82.50,refunded,2026-08-24T07:47:56+00:00
ORD-121656,1,8,Ergonomic Chair,furniture,4,612.75,2451.00,completed,2026-08-24T05:55:09+00:00
ORD-121657,6,7,Standing Desk 120cm,furniture,3,449.00,1347.00,pending,2026-08-24T11:55:11+00:00
ORD-121658,6,1,Mechanical Keyboard 75%,peripherals,3,129.00,387.00,refunded,2026-08-24T10:04:09+00:00
ORD-121659,8,1,Mechanical Keyboard 75%,peripherals,5,129.00,645.00,refunded,2026-08-24T08:06:14+00:00
ORD-121660,2,10,Laptop Stand Aluminium,accessories,3,27.50,82.50,refunded,2026-08-24T18:17:40+00:00
ORD-121661,1,5,Over-ear Headphones,audio,3,199.95,599.85,cancelled,2026-08-24T15:06:41+00:00
ORD-121662,4,5,Over-ear Headphones,audio,3,199.95,599.85,refunded,2026-08-24T10:34:46+00:00
ORD-121663,1,7,Standing Desk 120cm,furniture,3,449.00,1347.00,pending,2026-08-24T20:52:44+00:00
ORD-121664,8,4,34in Ultrawide Monitor,displays,1,579.00,579.00,cancelled,2026-08-24T08:14:47+00:00
ORD-121665,9,4,34in Ultrawide Monitor,displays,4,579.00,2316.00,completed,2026-08-24T06:40:20+00:00
ORD-121666,6,2,Wireless Mouse,peripherals,5,49.50,247.50,refunded,2026-08-24T19:20:51+00:00
ORD-121667,3,4,34in Ultrawide Monitor,displays,4,579.00,2316.00,cancelled,2026-08-24T13:52:58+00:00
ORD-121668,6,8,Ergonomic Chair,furniture,5,612.75,3063.75,pending,2026-08-24T07:22:03+00:00
ORD-121669,2,10,Laptop Stand Aluminium,accessories,2,27.50,55.00,completed,2026-08-24T03:55:34+00:00
ORD-121670,3,6,Desk Speakers Pair,audio,2,89.00,178.00,pending,2026-08-24T05:32:11+00:00
ORD-121671,2,6,Desk Speakers Pair,audio,5,89.00,445.00,cancelled,2026-08-24T01:53:46+00:00
ORD-121672,8,2,Wireless Mouse,peripherals,4,49.50,198.00,completed,2026-08-24T01:48:58+00:00
ORD-121673,1,9,USB-C Hub 8-in-1,accessories,5,39.99,199.95,refunded,2026-08-24T16:11:08+00:00
ORD-121674,10,5,Over-ear Headphones,audio,3,199.95,599.85,pending,2026-08-24T14:50:45+00:00
ORD-121675,7,3,27in 1440p Monitor,displays,5,319.99,1599.95,pending,2026-08-24T22:50:08+00:00
ORD-121676,10,4,34in Ultrawide Monitor,displays,1,579.00,579.00,refunded,2026-08-24T08:49:36+00:00
ORD-121677,7,8,Ergonomic Chair,furniture,4,612.75,2451.00,cancelled,2026-08-24T04:46:38+00:00
ORD-121678,10,5,Over-ear Headphones,audio,5,199.95,999.75,pending,2026-08-24T02:05:53+00:00
ORD-121679,4,6,Desk Speakers Pair,audio,1,89.00,89.00,pending,2026-08-24T16:19:11+00:00
ORD-121680,10,9,USB-C Hub 8-in-1,accessories,2,39.99,79.98,completed,2026-08-24T01:41:04+00:00
ORD-121681,8,2,Wireless Mouse,peripherals,3,49.50,148.50,completed,2026-08-24T21:57:23+00:00
ORD-121682,10,5,Over-ear Headphones,audio,4,199.95,799.80,pending,2026-08-24T22:25:10+00:00
ORD-121683,9,1,Mechanical Keyboard 75%,peripherals,3,129.00,387.00,pending,2026-08-24T07:58:16+00:00
ORD-121684,1,6,Desk Speakers Pair,audio,4,89.00,356.00,cancelled,2026-08-24T18:34:35+00:00
ORD-121685,6,6,Desk Speakers Pair,audio,4,89.00,356.00,completed,2026-08-24T05:31:14+00:00
ORD-121686,5,1,Mechanical Keyboard 75%,peripherals,4,129.00,516.00,cancelled,2026-08-24T22:13:25+00:00
ORD-121687,2,10,Laptop Stand Aluminium,accessories,1,27.50,27.50,pending,2026-08-24T06:53:39+00:00
ORD-121688,10,3,27in 1440p Monitor,displays,4,319.99,1279.96,completed,2026-08-24T05:59:10+00:00
ORD-121689,5,6,Desk Speakers Pair,audio,4,89.00,356.00,completed,2026-08-24T18:34:14+00:00
ORD-121690,8,7,Standing Desk 120cm,furniture,5,449.00,2245.00,refunded,2026-08-24T06:44:01+00:00
ORD-121691,6,4,34in Ultrawide Monitor,displays,3,579.00,1737.00,refunded,2026-08-24T23:28:25+00:00
ORD-121692,9,1,Mechanical Keyboard 75%,peripherals,3,129.00,387.00,refunded,2026-08-24T10:12:46+00:00
ORD-121693,2,3,27in 1440p Monitor,displays,5,319.99,1599.95,completed,2026-08-24T13:39:21+00:00
ORD-121694,2,1,Mechanical Keyboard 75%,peripherals,2,129.00,258.00,cancelled,2026-08-24T19:48:23+00:00
ORD-121695,3,10,Laptop Stand Aluminium,accessories,2,27.50,55.00,cancelled,2026-08-24T05:22:53+00:00
ORD-121696,9,8,Ergonomic Chair,furniture,3,612.75,1838.25,completed,2026-08-24T21:01:35+00:00
ORD-121697,2,1,Mechanical Keyboard 75%,peripherals,2,129.00,258.00,completed,2026-08-24T21:09:26+00:00
ORD-121698,5,6,Desk Speakers Pair,audio,1,89.00,89.00,pending,2026-08-24T08:50:39+00:00
ORD-121699,7,3,27in 1440p Monitor,displays,4,319.99,1279.96,completed,2026-08-24T19:35:49+00:00
ORD-121700,8,5,Over-ear Headphones,audio,5,199.95,999.75,completed,2026-08-24T05:59:18+00:00
ORD-121701,7,6,Desk Speakers Pair,audio,4,89.00,-50.00,refunded,2026-08-24T09:29:51+00:00
ORD-121702,1,7,Standing Desk 120cm,furniture,3,449.00,1347.00,completed,2026-08-24T12:47:45+00:00
ORD-121703,1,9,USB-C Hub 8-in-1,accessories,2,39.99,79.98,pending,2026-08-24T03:33:37+00:00
ORD-121704,8,4,34in Ultrawide Monitor,displays,5,579.00,2895.00,pending,2026-08-24T09:27:19+00:00
ORD-121705,6,4,34in Ultrawide Monitor,displays,3,579.00,1737.00,completed,2026-08-24T10:30:13+00:00
ORD-121706,7,4,34in Ultrawide Monitor,displays,2,579.00,1158.00,refunded,2026-08-24T13:15:06+00:00
ORD-121707,3,4,34in Ultrawide Monitor,displays,5,579.00,2895.00,cancelled,2026-08-24T07:30:35+00:00
ORD-121708,1,3,27in 1440p Monitor,displays,2,319.99,639.98,cancelled,2026-08-24T12:22:44+00:00
ORD-121709,3,6,Desk Speakers Pair,audio,2,89.00,178.00,pending,2026-08-24T17:31:00+00:00
ORD-121710,8,4,34in Ultrawide Monitor,displays,3,579.00,1737.00,cancelled,2026-08-24T18:52:30+00:00
ORD-121711,6,3,27in 1440p Monitor,displays,2,319.99,639.98,completed,2026-08-24T22:57:59+00:00
ORD-121712,3,10,Laptop Stand Aluminium,accessories,2,27.50,55.00,pending,2026-08-24T11:05:53+00:00
ORD-121713,7,10,Laptop Stand Aluminium,accessories,3,27.50,82.50,cancelled,2026-08-24T20:05:27+00:00
ORD-121714,1,1,Mechanical Keyboard 75%,peripherals,1,129.00,129.00,pending,2026-08-24T12:58:32+00:00
ORD-121715,1,7,Standing Desk 120cm,furniture,4,449.00,1796.00,pending,2026-08-24T04:36:05+00:00
ORD-121716,3,5,Over-ear Headphones,audio,4,199.95,799.80,refunded,2026-08-24T04:46:52+00:00
ORD-121717,5,7,Standing Desk 120cm,furniture,3,449.00,1347.00,refunded,2026-08-24T10:47:10+00:00
ORD-121718,5,8,Ergonomic Chair,furniture,4,612.75,2451.00,cancelled,2026-08-24T08:26:23+00:00
ORD-121719,5,2,Wireless Mouse,peripherals,4,49.50,198.00,completed,2026-08-24T06:46:09+00:00
ORD-121720,6,2,Wireless Mouse,peripherals,5,49.50,247.50,pending,2026-08-24T11:11:01+00:00
ORD-121721,2,7,Standing Desk 120cm,furniture,2,449.00,898.00,refunded,2026-08-24T00:36:54+00:00
ORD-121722,6,8,Ergonomic Chair,furniture,4,612.75,2451.00,completed,2026-08-24T03:06:11+00:00
ORD-121723,4,8,Ergonomic Chair,furniture,4,612.75,2451.00,completed,2026-08-24T06:00:30+00:00
ORD-121724,7,7,Standing Desk 120cm,furniture,3,449.00,1347.00,refunded,2026-08-24T12:08:02+00:00
ORD-121725,1,8,Ergonomic Chair,furniture,4,612.75,2451.00,cancelled,2026-08-24T16:17:18+00:00
ORD-121726,6,10,Laptop Stand Aluminium,accessories,1,27.50,27.50,pending,2026-08-24T19:12:02+00:00
ORD-121727,5,5,Over-ear Headphones,audio,2,199.95,399.90,completed,2026-08-24T07:52:21+00:00
ORD-121728,4,1,Mechanical Keyboard 75%,peripherals,2,129.00,258.00,pending,2026-08-24T02:04:11+00:00
ORD-121729,4,7,Standing Desk 120cm,furniture,5,449.00,2245.00,pending,2026-08-24T16:33:35+00:00
ORD-121730,2,6,Desk Speakers Pair,audio,1,89.00,89.00,refunded,2026-08-24T17:28:57+00:00
ORD-121731,2,7,Standing Desk 120cm,furniture,3,449.00,1347.00,completed,2026-08-24T01:25:32+00:00
ORD-121732,10,5,Over-ear Headphones,audio,1,199.95,199.95,completed,2026-08-24T23:01:31+00:00
ORD-121733,5,6,Desk Speakers Pair,audio,3,89.00,267.00,pending,2026-08-24T06:25:56+00:00
ORD-121734,4,10,Laptop Stand Aluminium,accessories,5,27.50,137.50,cancelled,2026-08-24T07:02:28+00:00
ORD-121735,5,7,Standing Desk 120cm,furniture,3,449.00,1347.00,completed,2026-08-24T20:50:45+00:00
ORD-121736,6,4,34in Ultrawide Monitor,displays,1,579.00,579.00,cancelled,2026-08-24T21:02:59+00:00
ORD-121737,1,5,Over-ear Headphones,audio,3,199.95,599.85,completed,2026-08-24T12:05:39+00:00
ORD-121738,4,1,Mechanical Keyboard 75%,peripherals,4,129.00,516.00,cancelled,2026-08-24T00:43:37+00:00
ORD-121739,6,2,Wireless Mouse,peripherals,4,49.50,198.00,completed,2026-08-24T07:12:58+00:00
ORD-121740,6,10,Laptop Stand Aluminium,accessories,1,27.50,27.50,pending,2026-08-24T19:07:43+00:00
ORD-121741,3,4,34in Ultrawide Monitor,displays,1,579.00,579.00,cancelled,2026-08-24T17:30:06+00:00
ORD-121742,9,10,Laptop Stand Aluminium,accessories,5,27.50,137.50,refunded,2026-08-24T05:29:08+00:00
ORD-121743,9,5,Over-ear Headphones,audio,3,199.95,599.85,cancelled,2026-08-24T16:31:41+00:00
ORD-121744,3,7,Standing Desk 120cm,furniture,5,449.00,2245.00,refunded,2026-08-24T13:42:56+00:00
ORD-121745,5,4,34in Ultrawide Monitor,displays,3,579.00,1737.00,cancelled,2026-08-24T18:49:36+00:00
ORD-121746,6,6,Desk Speakers Pair,audio,4,89.00,356.00,pending,2026-08-24T08:27:37+00:00
ORD-121747,7,5,Over-ear Headphones,audio,2,199.95,399.90,pending,2026-08-24T13:32:54+00:00
ORD-121748,6,5,Over-ear Headphones,audio,1,199.95,199.95,cancelled,2026-08-24T23:13:56+00:00
ORD-121749,7,5,Over-ear Headphones,audio,5,199.95,999.75,pending,2026-08-24T03:43:09+00:00
ORD-121750,8,2,Wireless Mouse,peripherals,1,49.50,49.50,cancelled,2026-08-24T18:52:17+00:00
ORD-121751,3,1,Mechanical Keyboard 75%,peripherals,1,129.00,129.00,refunded,2026-08-24T14:09:46+00:00
ORD-121752,6,1,Mechanical Keyboard 75%,peripherals,4,129.00,516.00,refunded,2026-08-24T21:23:18+00:00
ORD-121753,2,9,USB-C Hub 8-in-1,accessories,5,39.99,199.95,cancelled,2026-08-24T07:49:27+00:00
ORD-121754,9,7,Standing Desk 120cm,furniture,3,449.00,1347.00,pending,2026-08-24T19:36:05+00:00
ORD-121755,8,6,Desk Speakers Pair,audio,1,89.00,89.00,cancelled,2026-08-24T22:26:17+00:00
ORD-121756,3,10,Laptop Stand Aluminium,accessories,3,27.50,82.50,cancelled,2026-08-24T22:49:04+00:00
ORD-121757,8,9,USB-C Hub 8-in-1,accessories,5,39.99,199.95,pending,2026-08-24T05:05:09+00:00
ORD-121758,10,7,Standing Desk 120cm,furniture,5,449.00,2245.00,completed,2026-08-24T08:29:43+00:00
ORD-121759,1,5,Over-ear Headphones,audio,1,199.95,199.95,pending,2026-08-24T07:28:12+00:00
ORD-121760,2,4,34in Ultrawide Monitor,displays,4,579.00,2316.00,completed,2026-08-24T09:05:24+00:00
ORD-121761,6,2,Wireless Mouse,peripherals,5,49.50,247.50,pending,2026-08-24T17:18:15+00:00
ORD-121762,8,4,34in Ultrawide Monitor,displays,2,579.00,1158.00,pending,2026-08-24T03:41:11+00:00
ORD-121763,6,4,34in Ultrawide Monitor,displays,1,579.00,579.00,pending,2026-08-24T09:54:01+00:00
ORD-121764,8,6,Desk Speakers Pair,audio,3,89.00,267.00,completed,2026-08-24T22:47:30+00:00
ORD-121765,4,5,Over-ear Headphones,audio,2,199.95,399.90,completed,2026-08-24T17:09:19+00:00
ORD-121766,7,6,Desk Speakers Pair,audio,3,89.00,267.00,cancelled,2026-08-24T13:17:54+00:00
ORD-121767,3,5,Over-ear Headphones,audio,1,199.95,199.95,refunded,2026-08-24T04:38:50+00:00
ORD-121768,3,8,Ergonomic Chair,furniture,5,612.75,3063.75,completed,2026-08-24T20:31:01+00:00
ORD-121769,10,6,Desk Speakers Pair,audio,5,89.00,445.00,cancelled,2026-08-24T06:52:56+00:00
ORD-121770,5,2,Wireless Mouse,peripherals,3,49.50,148.50,refunded,2026-08-24T19:25:39+00:00
ORD-121771,9,10,Laptop Stand Aluminium,accessories,4,27.50,110.00,cancelled,2026-08-24T00:43:57+00:00
ORD-121772,9,5,Over-ear Headphones,audio,4,199.95,-50.00,cancelled,2026-08-24T06:11:05+00:00
ORD-121773,3,10,Laptop Stand Aluminium,accessories,3,27.50,82.50,refunded,2026-08-24T13:11:13+00:00
ORD-121774,9,7,Standing Desk 120cm,furniture,1,449.00,449.00,cancelled,2026-08-24T05:11:39+00:00
ORD-121775,9,9,USB-C Hub 8-in-1,accessories,4,39.99,159.96,refunded,2026-08-24T11:39:42+00:00
ORD-121776,2,2,Wireless Mouse,peripherals,2,49.50,99.00,cancelled,2026-08-24T23:27:16+00:00
ORD-121777,6,6,Desk Speakers Pair,audio,2,89.00,178.00,completed,2026-08-24T09:51:53+00:00
ORD-121778,3,5,Over-ear Headphones,audio,4,199.95,799.80,cancelled,2026-08-24T20:31:44+00:00
ORD-121779,1,10,Laptop Stand Aluminium,accessories,2,27.50,55.00,completed,2026-08-24T01:33:35+00:00
ORD-121780,1,10,Laptop Stand Aluminium,accessories,1,27.50,27.50,refunded,2026-08-24T20:17:43+00:00
ORD-121781,7,2,Wireless Mouse,peripherals,3,49.50,148.50,cancelled,2026-08-24T10:06:17+00:00
ORD-121782,7,4,34in Ultrawide Monitor,displays,4,579.00,2316.00,pending,2026-08-24T17:32:11+00:00
ORD-121783,3,1,Mechanical Keyboard 75%,peripherals,5,129.00,645.00,cancelled,2026-08-24T00:09:41+00:00
ORD-121784,6,7,Standing Desk 120cm,furniture,1,449.00,449.00,cancelled,2026-08-24T14:47:19+00:00
ORD-121785,10,7,Standing Desk 120cm,furniture,3,449.00,1347.00,refunded,2026-08-24T16:43:13+00:00
ORD-121786,10,1,Mechanical Keyboard 75%,peripherals,3,129.00,387.00,pending,2026-08-24T12:30:27+00:00
ORD-121787,10,8,Ergonomic Chair,furniture,5,612.75,3063.75,completed,2026-08-24T08:57:14+00:00
ORD-121788,6,1,Mechanical Keyboard 75%,peripherals,3,129.00,387.00,completed,2026-08-24T00:10:33+00:00
ORD-121789,2,1,Mechanical Keyboard 75%,peripherals,5,129.00,645.00,refunded,2026-08-24T13:09:14+00:00
ORD-121790,8,2,Wireless Mouse,peripherals,1,49.50,49.50,refunded,2026-08-24T08:45:18+00:00
ORD-121791,9,8,Ergonomic Chair,furniture,4,612.75,2451.00,refunded,2026-08-24T20:19:18+00:00
ORD-121792,6,3,27in 1440p Monitor,displays,2,319.99,639.98,refunded,2026-08-24T15:35:10+00:00
ORD-121793,9,6,Desk Speakers Pair,audio,5,89.00,445.00,completed,2026-08-24T00:03:35+00:00
ORD-121794,6,3,27in 1440p Monitor,displays,5,319.99,1599.95,refunded,2026-08-24T22:57:58+00:00
ORD-121795,6,5,Over-ear Headphones,audio,2,199.95,399.90,cancelled,2026-08-24T06:50:11+00:00
ORD-121796,3,5,Over-ear Headphones,audio,2,199.95,399.90,pending,2026-08-24T12:52:56+00:00
ORD-121797,5,10,Laptop Stand Aluminium,accessories,5,27.50,137.50,refunded,2026-08-24T00:15:33+00:00
ORD-121798,5,7,Standing Desk 120cm,furniture,2,449.00,898.00,cancelled,2026-08-24T10:42:54+00:00
ORD-121799,9,8,Ergonomic Chair,furniture,5,612.75,3063.75,refunded,2026-08-24T17:27:03+00:00
ORD-121800,5,10,Laptop Stand Aluminium,accessories,4,27.50,110.00,refunded,2026-08-24T13:37:28+00:00
ORD-121801,8,10,Laptop Stand Aluminium,accessories,5,27.50,137.50,pending,2026-08-24T09:39:37+00:00
ORD-121802,2,10,Laptop Stand Aluminium,accessories,2,27.50,55.00,pending,2026-08-24T21:53:13+00:00
ORD-121803,8,4,34in Ultrawide Monitor,displays,1,579.00,579.00,refunded,2026-08-24T05:40:25+00:00
ORD-121804,4,9,USB-C Hub 8-in-1,accessories,5,39.99,199.95,refunded,2026-08-24T21:27:40+00:00
ORD-121805,6,5,Over-ear Headphones,audio,3,199.95,599.85,refunded,2026-08-24T21:45:38+00:00
ORD-121806,2,5,Over-ear Headphones,audio,3,199.95,599.85,completed,2026-08-24T06:16:00+00:00
ORD-121807,7,1,Mechanical Keyboard 75%,peripherals,1,129.00,129.00,pending,2026-08-24T08:29:28+00:00
ORD-121808,10,9,USB-C Hub 8-in-1,accessories,1,39.99,39.99,pending,2026-08-24T18:21:45+00:00
ORD-121809,2,2,Wireless Mouse,peripherals,4,49.50,198.00,completed,2026-08-24T17:09:32+00:00
ORD-121810,5,1,Mechanical Keyboard 75%,peripherals,5,129.00,645.00,cancelled,2026-08-24T18:04:25+00:00
ORD-121811,8,9,USB-C Hub 8-in-1,accessories,5,39.99,199.95,cancelled,2026-08-24T20:57:47+00:00
ORD-121812,9,6,Desk Speakers Pair,audio,4,89.00,356.00,refunded,2026-08-24T08:40:45+00:00
ORD-121813,7,10,Laptop Stand Aluminium,accessories,4,27.50,110.00,completed,2026-08-24T02:57:05+00:00
ORD-121814,9,9,USB-C Hub 8-in-1,accessories,4,39.99,159.96,cancelled,2026-08-24T14:58:06+00:00
ORD-121815,6,4,34in Ultrawide Monitor,displays,5,579.00,2895.00,pending,2026-08-24T05:21:14+00:00
ORD-121816,2,9,USB-C Hub 8-in-1,accessories,4,39.99,159.96,completed,2026-08-24T05:43:10+00:00
ORD-121817,4,6,Desk Speakers Pair,audio,4,89.00,356.00,cancelled,2026-08-24T10:23:40+00:00
ORD-121818,3,10,Laptop Stand Aluminium,accessories,1,27.50,27.50,pending,2026-08-24T03:43:41+00:00
ORD-121819,8,4,34in Ultrawide Monitor,displays,3,579.00,1737.00,cancelled,2026-08-24T03:04:26+00:00
ORD-121820,1,8,Ergonomic Chair,furniture,3,612.75,1838.25,completed,2026-08-24T11:59:35+00:00
ORD-121821,4,9,USB-C Hub 8-in-1,accessories,4,39.99,159.96,refunded,2026-08-24T07:53:58+00:00
ORD-121822,1,5,Over-ear Headphones,audio,2,199.95,399.90,pending,2026-08-24T19:10:07+00:00
ORD-121823,1,1,Mechanical Keyboard 75%,peripherals,4,129.00,516.00,cancelled,2026-08-24T13:17:56+00:00
ORD-121824,4,6,Desk Speakers Pair,audio,2,89.00,178.00,refunded,2026-08-24T09:42:12+00:00
ORD-121825,2,9,USB-C Hub 8-in-1,accessories,3,39.99,119.97,pending,2026-08-24T08:41:43+00:00
ORD-121826,4,10,Laptop Stand Aluminium,accessories,5,27.50,137.50,refunded,2026-08-24T02:59:59+00:00
ORD-121827,9,6,Desk Speakers Pair,audio,1,89.00,89.00,pending,2026-08-24T11:21:56+00:00
ORD-121828,9,8,Ergonomic Chair,furniture,2,612.75,1225.50,completed,2026-08-24T22:28:05+00:00
ORD-121829,3,3,27in 1440p Monitor,displays,4,319.99,1279.96,refunded,2026-08-24T12:07:52+00:00
ORD-121830,5,9,USB-C Hub 8-in-1,accessories,1,39.99,39.99,refunded,2026-08-24T11:00:46+00:00
ORD-121831,7,1,Mechanical Keyboard 75%,peripherals,4,129.00,516.00,refunded,2026-08-24T08:54:48+00:00
ORD-121832,2,4,34in Ultrawide Monitor,displays,3,579.00,1737.00,cancelled,2026-08-24T13:57:45+00:00
ORD-121833,8,1,Mechanical Keyboard 75%,peripherals,3,129.00,387.00,cancelled,2026-08-24T17:43:54+00:00
ORD-121834,1,3,27in 1440p Monitor,displays,1,319.99,319.99,refunded,2026-08-24T06:32:54+00:00
ORD-121835,6,8,Ergonomic Chair,furniture,4,612.75,2451.00,refunded,2026-08-24T09:08:50+00:00
ORD-121836,6,4,34in Ultrawide Monitor,displays,5,579.00,2895.00,pending,2026-08-24T05:09:47+00:00
ORD-121837,4,8,Ergonomic Chair,furniture,1,612.75,612.75,completed,2026-08-24T05:10:07+00:00
ORD-121838,5,4,34in Ultrawide Monitor,displays,4,579.00,2316.00,refunded,2026-08-24T02:00:33+00:00
ORD-121839,5,2,Wireless Mouse,peripherals,5,49.50,247.50,refunded,2026-08-24T19:46:50+00:00
ORD-121840,10,1,Mechanical Keyboard 75%,peripherals,3,129.00,387.00,completed,2026-08-24T01:31:52+00:00
ORD-121841,1,5,Over-ear Headphones,audio,2,199.95,399.90,refunded,2026-08-24T23:51:35+00:00
ORD-121842,10,10,Laptop Stand Aluminium,accessories,3,27.50,82.50,pending,2026-08-24T15:33:38+00:00
ORD-121843,9,6,Desk Speakers Pair,audio,5,89.00,445.00,refunded,2026-08-24T01:53:26+00:00
ORD-121844,1,9,USB-C Hub 8-in-1,accessories,2,39.99,79.98,cancelled,2026-08-24T21:49:13+00:00
ORD-121845,9,1,Mechanical Keyboard 75%,peripherals,4,129.00,516.00,completed,2026-08-24T12:23:41+00:00
ORD-121846,7,9,USB-C Hub 8-in-1,accessories,2,39.99,79.98,refunded,2026-08-24T23:56:25+00:00
ORD-121847,1,7,Standing Desk 120cm,furniture,2,449.00,898.00,completed,2026-08-24T05:56:00+00:00
ORD-121848,5,6,Desk Speakers Pair,audio,5,89.00,445.00,completed,2026-08-24T14:56:21+00:00
ORD-121849,10,4,34in Ultrawide Monitor,displays,2,579.00,1158.00,completed,2026-08-24T08:36:37+00:00
ORD-121850,3,9,USB-C Hub 8-in-1,accessories,5,39.99,199.95,refunded,2026-08-24T06:27:41+00:00
ORD-121851,2,5,Over-ear Headphones,audio,5,199.95,999.75,cancelled,2026-08-24T17:01:31+00:00
ORD-121852,7,6,Desk Speakers Pair,audio,4,89.00,356.00,pending,2026-08-24T08:23:33+00:00
ORD-121853,9,8,Ergonomic Chair,furniture,2,612.75,1225.50,completed,2026-08-24T15:53:25+00:00
ORD-121854,10,7,Standing Desk 120cm,furniture,1,449.00,449.00,pending,2026-08-24T16:41:05+00:00
ORD-121855,10,9,USB-C Hub 8-in-1,accessories,4,39.99,159.96,refunded,2026-08-24T18:57:50+00:00
ORD-121856,6,3,27in 1440p Monitor,displays,5,319.99,1599.95,cancelled,2026-08-24T05:57:15+00:00
ORD-121857,1,3,27in 1440p Monitor,displays,4,319.99,1279.96,pending,2026-08-24T12:21:05+00:00
ORD-121858,4,6,Desk Speakers Pair,audio,3,89.00,267.00,cancelled,2026-08-24T12:01:15+00:00
ORD-121859,7,6,Desk Speakers Pair,audio,2,89.00,178.00,cancelled,2026-08-24T14:41:12+00:00
ORD-121860,10,8,Ergonomic Chair,furniture,4,612.75,2451.00,cancelled,2026-08-24T03:21:19+00:00
ORD-121861,3,3,27in 1440p Monitor,displays,4,319.99,1279.96,completed,2026-08-24T22:46:56+00:00
ORD-121862,5,5,Over-ear Headphones,audio,3,199.95,599.85,cancelled,2026-08-24T20:23:24+00:00
ORD-121863,9,3,27in 1440p Monitor,displays,3,319.99,959.97,refunded,2026-08-24T11:30:43+00:00
ORD-121864,9,8,Ergonomic Chair,furniture,2,612.75,1225.50,completed,2026-08-24T09:54:33+00:00
ORD-121865,2,6,Desk Speakers Pair,audio,1,89.00,89.00,cancelled,2026-08-24T16:57:29+00:00
ORD-121866,5,2,Wireless Mouse,peripherals,3,49.50,148.50,pending,2026-08-24T06:24:59+00:00
ORD-121867,3,3,27in 1440p Monitor,displays,4,319.99,1279.96,cancelled,2026-08-24T18:00:35+00:00
ORD-121868,8,3,27in 1440p Monitor,displays,2,319.99,639.98,pending,2026-08-24T12:40:31+00:00
ORD-121869,2,4,34in Ultrawide Monitor,displays,2,579.00,1158.00,refunded,2026-08-24T21:42:52+00:00
ORD-121870,10,6,Desk Speakers Pair,audio,3,89.00,267.00,refunded,2026-08-24T05:54:33+00:00
ORD-121871,7,2,Wireless Mouse,peripherals,1,49.50,49.50,cancelled,2026-08-24T09:42:38+00:00
ORD-121872,3,7,Standing Desk 120cm,furniture,4,449.00,1796.00,pending,2026-08-24T06:39:59+00:00
ORD-121873,5,1,Mechanical Keyboard 75%,peripherals,3,129.00,387.00,pending,2026-08-24T01:04:28+00:00
ORD-121874,9,4,34in Ultrawide Monitor,displays,1,579.00,579.00,cancelled,2026-08-24T19:13:31+00:00
ORD-121875,8,1,Mechanical Keyboard 75%,peripherals,1,129.00,129.00,pending,2026-08-24T05:31:38+00:00
ORD-121876,4,7,Standing Desk 120cm,furniture,1,449.00,449.00,pending,2026-08-24T12:36:10+00:00
ORD-121877,3,4,34in Ultrawide Monitor,displays,2,579.00,1158.00,pending,2026-08-24T15:51:41+00:00
ORD-121878,5,8,Ergonomic Chair,furniture,4,612.75,2451.00,refunded,2026-08-24T09:19:13+00:00
ORD-121879,5,8,Ergonomic Chair,furniture,4,612.75,2451.00,refunded,2026-08-24T22:56:00+00:00
ORD-121880,8,10,Laptop Stand Aluminium,accessories,3,27.50,82.50,refunded,2026-08-24T03:40:57+00:00
ORD-121881,8,3,27in 1440p Monitor,displays,2,319.99,639.98,cancelled,2026-08-24T00:46:33+00:00
ORD-121882,6,3,27in 1440p Monitor,displays,1,319.99,319.99,pending,2026-08-24T20:26:36+00:00
ORD-121883,10,10,Laptop Stand Aluminium,accessories,1,27.50,27.50,pending,2026-08-24T20:37:48+00:00
ORD-121884,7,1,Mechanical Keyboard 75%,peripherals,4,129.00,516.00,pending,2026-08-24T06:57:56+00:00
ORD-121885,1,10,Laptop Stand Aluminium,accessories,5,27.50,137.50,cancelled,2026-08-24T04:01:16+00:00
ORD-121886,6,2,Wireless Mouse,peripherals,1,49.50,49.50,cancelled,2026-08-24T07:21:00+00:00
ORD-121887,3,10,Laptop Stand Aluminium,accessories,2,27.50,55.00,cancelled,2026-08-24T13:18:20+00:00
ORD-121888,7,1,Mechanical Keyboard 75%,peripherals,1,129.00,129.00,refunded,2026-08-24T12:30:06+00:00
ORD-121889,10,4,34in Ultrawide Monitor,displays,5,579.00,2895.00,cancelled,2026-08-24T07:23:18+00:00
ORD-121890,1,10,Laptop Stand Aluminium,accessories,3,27.50,82.50,cancelled,2026-08-24T09:31:52+00:00
ORD-121891,5,5,Over-ear Headphones,audio,5,199.95,999.75,pending,2026-08-24T12:48:29+00:00
ORD-121892,1,4,34in Ultrawide Monitor,displays,1,579.00,579.00,refunded,2026-08-24T13:24:03+00:00
ORD-121893,5,8,Ergonomic Chair,furniture,3,612.75,1838.25,completed,2026-08-24T10:24:13+00:00
ORD-121894,9,2,Wireless Mouse,peripherals,2,49.50,99.00,completed,2026-08-24T22:30:15+00:00
ORD-121895,5,6,Desk Speakers Pair,audio,2,89.00,178.00,pending,2026-08-24T19:49:35+00:00
ORD-121896,10,9,USB-C Hub 8-in-1,accessories,1,39.99,39.99,pending,2026-08-24T22:31:17+00:00
ORD-121897,10,8,Ergonomic Chair,furniture,1,612.75,612.75,refunded,2026-08-24T14:33:26+00:00
ORD-121898,3,9,USB-C Hub 8-in-1,accessories,2,39.99,79.98,refunded,2026-08-24T02:21:25+00:00
ORD-121899,7,4,34in Ultrawide Monitor,displays,3,579.00,1737.00,pending,2026-08-24T18:24:18+00:00
ORD-121900,2,6,Desk Speakers Pair,audio,5,89.00,445.00,pending,2026-08-24T20:23:31+00:00
ORD-121901,2,6,Desk Speakers Pair,audio,4,89.00,356.00,completed,2026-08-24T07:32:50+00:00
ORD-121902,2,7,Standing Desk 120cm,furniture,4,449.00,1796.00,cancelled,2026-08-24T09:20:47+00:00
ORD-121903,2,6,Desk Speakers Pair,audio,1,89.00,89.00,cancelled,2026-08-24T09:34:51+00:00
ORD-121904,2,1,Mechanical Keyboard 75%,peripherals,5,129.00,645.00,refunded,2026-08-24T00:02:00+00:00
ORD-121905,7,7,Standing Desk 120cm,furniture,3,449.00,1347.00,refunded,2026-08-24T23:56:33+00:00
ORD-121906,8,2,Wireless Mouse,peripherals,1,49.50,49.50,cancelled,2026-08-24T11:47:32+00:00
ORD-121907,2,8,Ergonomic Chair,furniture,2,612.75,1225.50,pending,2026-08-24T19:44:41+00:00
ORD-121908,4,1,Mechanical Keyboard 75%,peripherals,3,129.00,387.00,completed,2026-08-24T04:44:42+00:00
ORD-121909,4,1,Mechanical Keyboard 75%,peripherals,5,129.00,645.00,pending,2026-08-24T07:11:25+00:00
ORD-121910,10,3,27in 1440p Monitor,displays,1,319.99,319.99,pending,2026-08-24T09:00:59+00:00
ORD-121911,6,7,Standing Desk 120cm,furniture,3,449.00,1347.00,cancelled,2026-08-24T08:04:23+00:00
ORD-121912,8,5,Over-ear Headphones,audio,4,199.95,799.80,completed,2026-08-24T02:36:52+00:00
ORD-121913,9,9,USB-C Hub 8-in-1,accessories,5,39.99,199.95,pending,2026-08-24T00:56:18+00:00
ORD-121914,2,3,27in 1440p Monitor,displays,1,319.99,319.99,refunded,2026-08-24T19:22:23+00:00
ORD-121915,4,4,34in Ultrawide Monitor,displays,5,579.00,2895.00,pending,2026-08-24T13:28:11+00:00
ORD-121916,7,7,Standing Desk 120cm,furniture,1,449.00,449.00,pending,2026-08-24T02:41:14+00:00
ORD-121917,10,4,34in Ultrawide Monitor,displays,3,579.00,1737.00,pending,2026-08-24T04:47:43+00:00
ORD-121918,4,5,Over-ear Headphones,audio,2,199.95,399.90,completed,2026-08-24T06:12:40+00:00
ORD-121919,1,9,USB-C Hub 8-in-1,accessories,1,39.99,39.99,completed,2026-08-24T21:29:02+00:00
ORD-121920,9,7,Standing Desk 120cm,furniture,5,449.00,2245.00,cancelled,2026-08-24T17:54:11+00:00
ORD-121921,1,7,Standing Desk 120cm,furniture,3,449.00,1347.00,pending,2026-08-24T00:41:10+00:00
ORD-121922,10,9,USB-C Hub 8-in-1,accessories,3,39.99,119.97,cancelled,2026-08-24T16:12:00+00:00
ORD-121923,8,10,Laptop Stand Aluminium,accessories,3,27.50,82.50,completed,2026-08-24T15:36:13+00:00
ORD-121924,6,3,27in 1440p Monitor,displays,5,319.99,1599.95,completed,2026-08-24T20:21:44+00:00
ORD-121925,3,9,USB-C Hub 8-in-1,accessories,3,39.99,119.97,cancelled,2026-08-24T04:33:43+00:00
ORD-121926,8,7,Standing Desk 120cm,furniture,2,449.00,898.00,cancelled,2026-08-24T19:21:16+00:00
ORD-121927,10,5,Over-ear Headphones,audio,4,199.95,799.80,pending,2026-08-24T09:30:36+00:00
ORD-121928,1,1,Mechanical Keyboard 75%,peripherals,3,129.00,387.00,pending,2026-08-24T19:24:22+00:00
ORD-121929,8,10,Laptop Stand Aluminium,accessories,2,27.50,55.00,pending,2026-08-24T11:34:11+00:00
ORD-121930,5,5,Over-ear Headphones,audio,2,199.95,399.90,cancelled,2026-08-24T11:27:05+00:00
ORD-121931,9,4,34in Ultrawide Monitor,displays,4,579.00,2316.00,pending,2026-08-24T00:31:17+00:00
ORD-121932,9,9,USB-C Hub 8-in-1,accessories,1,39.99,39.99,cancelled,2026-08-24T00:06:57+00:00
ORD-121933,6,4,34in Ultrawide Monitor,displays,3,579.00,1737.00,refunded,2026-08-24T03:26:12+00:00
ORD-121934,6,4,34in Ultrawide Monitor,displays,2,579.00,1158.00,completed,2026-08-24T10:26:05+00:00
ORD-121935,3,3,27in 1440p Monitor,displays,4,319.99,1279.96,pending,2026-08-24T14:04:51+00:00
ORD-121936,2,7,Standing Desk 120cm,furniture,4,449.00,1796.00,refunded,2026-08-24T20:39:02+00:00
ORD-121937,4,10,Laptop Stand Aluminium,accessories,5,27.50,137.50,pending,2026-08-24T11:19:07+00:00
ORD-121938,1,6,Desk Speakers Pair,audio,3,89.00,267.00,completed,2026-08-24T05:49:14+00:00
ORD-121939,10,10,Laptop Stand Aluminium,accessories,1,27.50,27.50,completed,2026-08-24T13:43:59+00:00
ORD-121940,10,7,Standing Desk 120cm,furniture,2,449.00,898.00,completed,2026-08-24T12:03:28+00:00
ORD-121941,5,3,27in 1440p Monitor,displays,5,319.99,1599.95,completed,2026-08-24T10:58:14+00:00
ORD-121942,4,5,Over-ear Headphones,audio,2,199.95,399.90,completed,2026-08-24T21:46:39+00:00
ORD-121943,8,8,Ergonomic Chair,furniture,5,612.75,3063.75,pending,2026-08-24T02:11:06+00:00
ORD-121944,6,5,Over-ear Headphones,audio,4,199.95,799.80,cancelled,2026-08-24T20:31:33+00:00
ORD-121945,6,10,Laptop Stand Aluminium,accessories,5,27.50,137.50,completed,2026-08-24T15:47:59+00:00
ORD-121946,10,8,Ergonomic Chair,furniture,1,612.75,612.75,refunded,2026-08-24T03:06:45+00:00
ORD-121947,3,5,Over-ear Headphones,audio,4,199.95,799.80,completed,2026-08-24T21:57:07+00:00
ORD-121948,4,3,27in 1440p Monitor,displays,5,319.99,1599.95,pending,2026-08-24T12:35:06+00:00
ORD-121949,10,9,USB-C Hub 8-in-1,accessories,5,39.99,199.95,cancelled,2026-08-24T13:00:29+00:00
ORD-121950,6,5,Over-ear Headphones,audio,3,199.95,599.85,pending,2026-08-24T03:23:12+00:00
ORD-121951,6,7,Standing Desk 120cm,furniture,1,449.00,449.00,refunded,2026-08-24T11:49:55+00:00
ORD-121952,1,8,Ergonomic Chair,furniture,5,612.75,3063.75,completed,2026-08-24T19:04:00+00:00
ORD-121953,2,5,Over-ear Headphones,audio,5,199.95,999.75,pending,2026-08-24T10:17:50+00:00
ORD-121954,1,5,Over-ear Headphones,audio,3,199.95,599.85,cancelled,2026-08-24T03:41:08+00:00
ORD-121955,5,10,Laptop Stand Aluminium,accessories,5,27.50,137.50,cancelled,2026-08-24T05:53:20+00:00
ORD-121956,8,3,27in 1440p Monitor,displays,2,319.99,639.98,pending,2026-08-24T15:32:22+00:00
ORD-121957,5,8,Ergonomic Chair,furniture,3,612.75,1838.25,cancelled,2026-08-24T14:52:28+00:00
ORD-121958,6,3,27in 1440p Monitor,displays,5,319.99,1599.95,cancelled,2026-08-24T21:34:32+00:00
ORD-121959,9,5,Over-ear Headphones,audio,3,199.95,599.85,refunded,2026-08-24T23:58:15+00:00
ORD-121960,4,1,Mechanical Keyboard 75%,peripherals,5,129.00,645.00,refunded,2026-08-24T12:05:46+00:00
ORD-121961,10,7,Standing Desk 120cm,furniture,2,449.00,898.00,refunded,2026-08-24T04:03:32+00:00
ORD-121962,4,6,Desk Speakers Pair,audio,5,89.00,445.00,cancelled,2026-08-24T10:09:37+00:00
ORD-121963,5,6,Desk Speakers Pair,audio,2,89.00,178.00,pending,2026-08-24T07:00:40+00:00
ORD-121964,9,2,Wireless Mouse,peripherals,5,49.50,247.50,pending,2026-08-24T16:33:37+00:00
ORD-121965,6,10,Laptop Stand Aluminium,accessories,4,27.50,110.00,completed,2026-08-24T08:06:18+00:00
ORD-121966,1,6,Desk Speakers Pair,audio,5,89.00,445.00,refunded,2026-08-24T22:40:55+00:00
ORD-121967,6,3,27in 1440p Monitor,displays,4,319.99,1279.96,cancelled,2026-08-24T10:39:43+00:00
ORD-121968,9,9,USB-C Hub 8-in-1,accessories,2,39.99,79.98,pending,2026-08-24T04:15:11+00:00
ORD-121969,6,3,27in 1440p Monitor,displays,2,319.99,639.98,pending,2026-08-24T19:54:39+00:00
ORD-121970,7,8,Ergonomic Chair,furniture,5,612.75,3063.75,pending,2026-08-24T13:46:22+00:00
ORD-121971,5,9,USB-C Hub 8-in-1,accessories,5,39.99,199.95,refunded,2026-08-24T17:06:58+00:00
ORD-121972,5,6,Desk Speakers Pair,audio,1,89.00,89.00,cancelled,2026-08-24T13:40:15+00:00
ORD-121973,2,8,Ergonomic Chair,furniture,2,612.75,1225.50,pending,2026-08-24T06:58:53+00:00
ORD-121974,10,4,34in Ultrawide Monitor,displays,5,579.00,2895.00,refunded,2026-08-24T05:21:32+00:00
ORD-121975,9,5,Over-ear Headphones,audio,3,199.95,599.85,cancelled,2026-08-24T11:16:28+00:00
ORD-121976,6,6,Desk Speakers Pair,audio,4,89.00,356.00,refunded,2026-08-24T14:14:16+00:00
ORD-121977,8,2,Wireless Mouse,peripherals,2,49.50,99.00,completed,2026-08-24T17:49:01+00:00
ORD-121978,4,2,Wireless Mouse,peripherals,1,49.50,49.50,completed,2026-08-24T07:43:51+00:00
ORD-121979,6,2,Wireless Mouse,peripherals,5,49.50,247.50,completed,2026-08-24T07:48:40+00:00
ORD-121980,9,10,Laptop Stand Aluminium,accessories,5,27.50,137.50,cancelled,2026-08-24T23:55:54+00:00
ORD-121981,8,2,Wireless Mouse,peripherals,4,49.50,198.00,refunded,2026-08-24T15:21:29+00:00
ORD-121982,10,5,Over-ear Headphones,audio,1,199.95,199.95,cancelled,2026-08-24T07:15:52+00:00
ORD-121983,9,9,USB-C Hub 8-in-1,accessories,4,39.99,159.96,cancelled,2026-08-24T14:39:29+00:00
ORD-121984,9,3,27in 1440p Monitor,displays,4,319.99,1279.96,completed,2026-08-24T18:00:07+00:00
ORD-121985,2,9,USB-C Hub 8-in-1,accessories,4,39.99,159.96,cancelled,2026-08-24T21:00:46+00:00
ORD-121986,5,10,Laptop Stand Aluminium,accessories,4,27.50,110.00,completed,2026-08-24T06:40:23+00:00
ORD-121987,5,10,Laptop Stand Aluminium,accessories,1,27.50,27.50,completed,2026-08-24T22:41:04+00:00
ORD-121988,8,4,34in Ultrawide Monitor,displays,3,579.00,1737.00,completed,2026-08-24T22:55:16+00:00
ORD-121989,10,6,Desk Speakers Pair,audio,5,89.00,445.00,cancelled,2026-08-24T13:30:17+00:00
ORD-121990,10,8,Ergonomic Chair,furniture,4,612.75,2451.00,completed,2026-08-24T05:30:18+00:00
ORD-121991,2,7,Standing Desk 120cm,furniture,4,449.00,1796.00,cancelled,2026-08-24T00:00:53+00:00
ORD-121992,6,5,Over-ear Headphones,audio,5,199.95,999.75,cancelled,2026-08-24T01:09:31+00:00
ORD-121993,3,10,Laptop Stand Aluminium,accessories,3,27.50,82.50,cancelled,2026-08-24T18:46:58+00:00
ORD-121994,7,6,Desk Speakers Pair,audio,5,89.00,445.00,refunded,2026-08-24T07:50:17+00:00
ORD-121995,7,1,Mechanical Keyboard 75%,peripherals,4,129.00,516.00,refunded,2026-08-24T09:18:56+00:00
ORD-121996,4,9,USB-C Hub 8-in-1,accessories,4,39.99,159.96,cancelled,2026-08-24T14:43:08+00:00
ORD-121997,1,2,Wireless Mouse,peripherals,3,49.50,148.50,cancelled,2026-08-24T22:24:31+00:00
ORD-121998,5,6,Desk Speakers Pair,audio,5,89.00,445.00,cancelled,2026-08-24T09:11:52+00:00
ORD-121999,8,9,USB-C Hub 8-in-1,accessories,2,39.99,79.98,completed,2026-08-24T02:26:54+00:00
ORD-122000,1,2,Wireless Mouse,peripherals,5,49.50,247.50,cancelled,2026-08-24T23:19:48+00:00
ORD-122001,7,9,USB-C Hub 8-in-1,accessories,2,39.99,79.98,cancelled,2026-08-24T21:43:33+00:00
ORD-122002,8,9,USB-C Hub 8-in-1,accessories,2,39.99,79.98,refunded,2026-08-24T15:24:18+00:00
ORD-122003,5,7,Standing Desk 120cm,furniture,2,449.00,898.00,cancelled,2026-08-24T16:39:54+00:00
ORD-122004,5,8,Ergonomic Chair,furniture,5,612.75,3063.75,cancelled,2026-08-24T22:26:53+00:00
ORD-122005,10,6,Desk Speakers Pair,audio,1,89.00,89.00,cancelled,2026-08-24T06:53:12+00:00
ORD-122006,2,6,Desk Speakers Pair,audio,3,89.00,267.00,pending,2026-08-24T18:16:37+00:00
ORD-122007,4,10,Laptop Stand Aluminium,accessories,3,27.50,82.50,refunded,2026-08-24T11:19:47+00:00
ORD-122008,8,5,Over-ear Headphones,audio,3,199.95,599.85,completed,2026-08-24T08:12:24+00:00
ORD-122009,9,10,Laptop Stand Aluminium,accessories,1,27.50,27.50,pending,2026-08-24T19:04:31+00:00
ORD-122010,7,7,Standing Desk 120cm,furniture,3,449.00,1347.00,pending,2026-08-24T18:59:40+00:00
ORD-122011,2,9,USB-C Hub 8-in-1,accessories,1,39.99,39.99,refunded,2026-08-24T01:53:36+00:00
ORD-122012,8,6,Desk Speakers Pair,audio,3,89.00,267.00,cancelled,2026-08-24T16:44:45+00:00
ORD-122013,10,2,Wireless Mouse,peripherals,4,49.50,198.00,cancelled,2026-08-24T10:19:49+00:00
ORD-122014,8,6,Desk Speakers Pair,audio,5,89.00,445.00,pending,2026-08-24T13:14:19+00:00
ORD-122015,1,6,Desk Speakers Pair,audio,1,89.00,89.00,cancelled,2026-08-24T12:43:45+00:00
ORD-122016,7,5,Over-ear Headphones,audio,2,199.95,399.90,completed,2026-08-24T05:13:59+00:00
ORD-122017,10,9,USB-C Hub 8-in-1,accessories,1,39.99,39.99,completed,2026-08-24T12:47:18+00:00
ORD-122018,9,10,Laptop Stand Aluminium,accessories,4,27.50,110.00,cancelled,2026-08-24T16:30:01+00:00
ORD-122019,1,9,USB-C Hub 8-in-1,accessories,2,39.99,79.98,pending,2026-08-24T14:14:37+00:00
ORD-122020,5,4,34in Ultrawide Monitor,displays,1,579.00,579.00,pending,2026-08-24T08:13:29+00:00
ORD-122021,2,9,USB-C Hub 8-in-1,accessories,5,39.99,199.95,pending,2026-08-24T04:48:59+00:00
ORD-122022,6,2,Wireless Mouse,peripherals,5,49.50,247.50,refunded,2026-08-24T19:01:47+00:00
ORD-122023,7,7,Standing Desk 120cm,furniture,4,449.00,1796.00,completed,2026-08-24T09:32:52+00:00
ORD-122024,9,9,USB-C Hub 8-in-1,accessories,1,39.99,39.99,pending,2026-08-24T09:38:52+00:00
ORD-122025,5,1,Mechanical Keyboard 75%,peripherals,5,129.00,645.00,completed,2026-08-24T06:17:52+00:00
ORD-122026,4,3,27in 1440p Monitor,displays,2,319.99,639.98,completed,2026-08-24T16:18:16+00:00
ORD-122027,5,8,Ergonomic Chair,furniture,3,612.75,1838.25,completed,2026-08-24T18:34:01+00:00
ORD-122028,10,10,Laptop Stand Aluminium,accessories,3,27.50,82.50,pending,2026-08-24T14:53:14+00:00
ORD-122029,8,8,Ergonomic Chair,furniture,4,612.75,2451.00,pending,2026-08-24T14:49:39+00:00
ORD-122030,4,10,Laptop Stand Aluminium,accessories,2,27.50,55.00,refunded,2026-08-24T22:22:13+00:00
ORD-122031,9,6,Desk Speakers Pair,audio,5,89.00,445.00,refunded,2026-08-24T10:09:26+00:00
ORD-122032,4,5,Over-ear Headphones,audio,4,199.95,799.80,refunded,2026-08-24T03:24:47+00:00
ORD-122033,7,8,Ergonomic Chair,furniture,5,612.75,3063.75,cancelled,2026-08-24T17:41:06+00:00
ORD-122034,5,8,Ergonomic Chair,furniture,2,612.75,1225.50,refunded,2026-08-24T07:02:07+00:00
ORD-122035,7,8,Ergonomic Chair,furniture,4,612.75,2451.00,refunded,2026-08-24T08:45:34+00:00
ORD-122036,2,4,34in Ultrawide Monitor,displays,5,579.00,2895.00,refunded,2026-08-24T20:18:38+00:00
ORD-122037,10,4,34in Ultrawide Monitor,displays,1,579.00,579.00,completed,2026-08-24T13:55:14+00:00
ORD-122038,4,5,Over-ear Headphones,audio,5,199.95,999.75,refunded,2026-08-24T11:18:06+00:00
ORD-122039,10,4,34in Ultrawide Monitor,displays,3,579.00,1737.00,pending,2026-08-24T13:05:11+00:00
ORD-122040,8,7,Standing Desk 120cm,furniture,1,449.00,449.00,completed,2026-08-24T18:03:08+00:00
ORD-122041,4,4,34in Ultrawide Monitor,displays,5,579.00,2895.00,completed,2026-08-24T01:45:46+00:00
ORD-122042,4,6,Desk Speakers Pair,audio,3,89.00,267.00,completed,2026-08-24T02:42:15+00:00
ORD-122043,10,10,Laptop Stand Aluminium,accessories,2,27.50,55.00,completed,2026-08-24T21:36:24+00:00
ORD-122044,8,4,34in Ultrawide Monitor,displays,1,579.00,579.00,pending,2026-08-24T12:31:24+00:00
ORD-122045,3,9,USB-C Hub 8-in-1,accessories,5,39.99,199.95,pending,2026-08-24T14:47:01+00:00
ORD-122046,10,10,Laptop Stand Aluminium,accessories,4,27.50,110.00,pending,2026-08-24T09:52:46+00:00
ORD-122047,1,5,Over-ear Headphones,audio,2,199.95,399.90,cancelled,2026-08-24T09:23:25+00:00
ORD-122048,7,8,Ergonomic Chair,furniture,2,612.75,1225.50,pending,2026-08-24T11:59:59+00:00
ORD-122049,10,1,Mechanical Keyboard 75%,peripherals,5,129.00,645.00,refunded,2026-08-24T17:36:20+00:00
ORD-122050,7,2,Wireless Mouse,peripherals,2,49.50,99.00,cancelled,2026-08-24T08:07:19+00:00
ORD-122051,5,6,Desk Speakers Pair,audio,3,89.00,267.00,cancelled,2026-08-24T14:45:20+00:00
ORD-122052,3,1,Mechanical Keyboard 75%,peripherals,3,129.00,387.00,refunded,2026-08-24T17:57:52+00:00
ORD-122053,6,4,34in Ultrawide Monitor,displays,5,579.00,2895.00,cancelled,2026-08-24T17:11:29+00:00
ORD-122054,9,1,Mechanical Keyboard 75%,peripherals,5,129.00,645.00,refunded,2026-08-24T16:59:05+00:00
ORD-122055,7,6,Desk Speakers Pair,audio,4,89.00,356.00,completed,2026-08-24T21:07:58+00:00
ORD-122056,8,9,USB-C Hub 8-in-1,accessories,3,39.99,119.97,refunded,2026-08-24T23:03:59+00:00
ORD-122057,9,4,34in Ultrawide Monitor,displays,5,579.00,2895.00,pending,2026-08-24T12:52:44+00:00
ORD-122058,3,2,Wireless Mouse,peripherals,5,49.50,247.50,completed,2026-08-24T19:50:10+00:00
ORD-122059,4,1,Mechanical Keyboard 75%,peripherals,5,129.00,645.00,cancelled,2026-08-24T15:16:17+00:00
ORD-122060,8,7,Standing Desk 120cm,furniture,1,449.00,449.00,cancelled,2026-08-24T07:05:35+00:00
ORD-122061,6,9,USB-C Hub 8-in-1,accessories,3,39.99,119.97,completed,2026-08-24T22:13:42+00:00
ORD-122062,2,7,Standing Desk 120cm,furniture,1,449.00,449.00,completed,2026-08-24T14:33:10+00:00
ORD-122063,3,6,Desk Speakers Pair,audio,4,89.00,356.00,completed,2026-08-24T18:53:36+00:00
ORD-122064,4,5,Over-ear Headphones,audio,5,199.95,999.75,refunded,2026-08-24T10:45:04+00:00
ORD-122065,2,4,34in Ultrawide Monitor,displays,5,579.00,2895.00,pending,2026-08-24T07:06:56+00:00
ORD-122066,5,6,Desk Speakers Pair,audio,5,89.00,445.00,refunded,2026-08-24T06:58:47+00:00
ORD-122067,7,5,Over-ear Headphones,audio,4,199.95,799.80,refunded,2026-08-24T06:14:01+00:00
ORD-122068,2,2,Wireless Mouse,peripherals,2,49.50,99.00,refunded,2026-08-24T12:59:10+00:00
ORD-122069,3,3,27in 1440p Monitor,displays,1,319.99,319.99,refunded,2026-08-24T18:09:05+00:00
ORD-122070,6,5,Over-ear Headphones,audio,5,199.95,999.75,refunded,2026-08-24T07:28:09+00:00
ORD-122071,1,3,27in 1440p Monitor,displays,2,319.99,639.98,completed,2026-08-24T16:07:02+00:00
ORD-122072,9,4,34in Ultrawide Monitor,displays,1,579.00,579.00,completed,2026-08-24T15:22:44+00:00
ORD-122073,9,1,Mechanical Keyboard 75%,peripherals,3,129.00,387.00,pending,2026-08-24T04:24:19+00:00
ORD-122074,2,4,34in Ultrawide Monitor,displays,1,579.00,579.00,completed,2026-08-24T10:57:07+00:00
ORD-122075,3,7,Standing Desk 120cm,furniture,4,449.00,1796.00,cancelled,2026-08-24T17:58:42+00:00
ORD-122076,9,8,Ergonomic Chair,furniture,1,612.75,612.75,cancelled,2026-08-24T10:07:54+00:00
ORD-122077,4,4,34in Ultrawide Monitor,displays,3,579.00,1737.00,completed,2026-08-24T11:06:15+00:00
ORD-122078,6,3,27in 1440p Monitor,displays,5,319.99,1599.95,pending,2026-08-24T12:18:20+00:00
ORD-122079,2,4,34in Ultrawide Monitor,displays,3,579.00,1737.00,completed,2026-08-24T10:08:05+00:00
ORD-122080,7,6,Desk Speakers Pair,audio,2,89.00,178.00,pending,2026-08-24T09:49:09+00:00
ORD-122081,6,9,USB-C Hub 8-in-1,accessories,4,39.99,159.96,pending,2026-08-24T02:03:13+00:00
ORD-122082,8,3,27in 1440p Monitor,displays,1,319.99,319.99,pending,2026-08-24T02:06:45+00:00
ORD-122083,2,3,27in 1440p Monitor,displays,5,319.99,1599.95,pending,2026-08-24T00:59:12+00:00
ORD-122084,6,1,Mechanical Keyboard 75%,peripherals,5,129.00,645.00,completed,2026-08-24T17:06:01+00:00
ORD-122085,2,8,Ergonomic Chair,furniture,5,612.75,3063.75,cancelled,2026-08-24T16:17:24+00:00
ORD-122086,8,8,Ergonomic Chair,furniture,1,612.75,612.75,completed,2026-08-24T04:45:27+00:00
ORD-122087,4,8,Ergonomic Chair,furniture,3,612.75,1838.25,completed,2026-08-24T15:13:51+00:00
ORD-122088,7,6,Desk Speakers Pair,audio,5,89.00,445.00,completed,2026-08-24T14:31:17+00:00
ORD-122089,5,7,Standing Desk 120cm,furniture,4,449.00,1796.00,refunded,2026-08-24T23:37:55+00:00
ORD-122090,9,1,Mechanical Keyboard 75%,peripherals,5,129.00,645.00,cancelled,2026-08-24T14:36:38+00:00
ORD-122091,5,9,USB-C Hub 8-in-1,accessories,4,39.99,159.96,completed,2026-08-24T18:43:21+00:00
ORD-122092,5,10,Laptop Stand Aluminium,accessories,2,27.50,55.00,pending,2026-08-24T23:53:53+00:00
ORD-122093,8,2,Wireless Mouse,peripherals,4,49.50,198.00,pending,2026-08-24T18:09:49+00:00
ORD-122094,4,3,27in 1440p Monitor,displays,5,319.99,1599.95,refunded,2026-08-24T11:28:58+00:00
ORD-122095,7,4,34in Ultrawide Monitor,displays,1,579.00,579.00,refunded,2026-08-24T12:13:03+00:00
ORD-122096,8,6,Desk Speakers Pair,audio,3,89.00,267.00,cancelled,2026-08-24T19:00:28+00:00
ORD-122097,1,3,27in 1440p Monitor,displays,3,319.99,959.97,cancelled,2026-08-24T15:36:50+00:00
ORD-122098,4,10,Laptop Stand Aluminium,accessories,4,27.50,110.00,refunded,2026-08-24T13:47:24+00:00
ORD-122099,2,4,34in Ultrawide Monitor,displays,4,579.00,2316.00,cancelled,2026-08-24T22:50:05+00:00
ORD-122100,2,7,Standing Desk 120cm,furniture,4,449.00,1796.00,refunded,2026-08-24T06:19:45+00:00
ORD-122101,9,4,34in Ultrawide Monitor,displays,4,579.00,2316.00,pending,2026-08-24T20:47:00+00:00
ORD-122102,2,5,Over-ear Headphones,audio,2,199.95,399.90,refunded,2026-08-24T06:15:32+00:00
ORD-122103,10,10,Laptop Stand Aluminium,accessories,4,27.50,110.00,pending,2026-08-24T01:17:03+00:00
ORD-122104,8,3,27in 1440p Monitor,displays,4,319.99,1279.96,cancelled,2026-08-24T03:52:34+00:00
ORD-122105,10,5,Over-ear Headphones,audio,3,199.95,599.85,cancelled,2026-08-24T15:34:17+00:00
ORD-122106,8,2,Wireless Mouse,peripherals,4,49.50,198.00,cancelled,2026-08-24T17:39:12+00:00
ORD-122107,9,9,USB-C Hub 8-in-1,accessories,1,39.99,39.99,cancelled,2026-08-24T13:45:42+00:00
ORD-122108,1,9,USB-C Hub 8-in-1,accessories,5,39.99,199.95,pending,2026-08-24T15:21:55+00:00
ORD-122109,7,4,34in Ultrawide Monitor,displays,4,579.00,2316.00,completed,2026-08-24T06:57:52+00:00
ORD-122110,6,4,34in Ultrawide Monitor,displays,2,579.00,1158.00,refunded,2026-08-24T12:28:26+00:00
ORD-122111,7,5,Over-ear Headphones,audio,5,199.95,999.75,cancelled,2026-08-24T14:19:01+00:00
ORD-122112,9,1,Mechanical Keyboard 75%,peripherals,2,129.00,258.00,cancelled,2026-08-24T01:11:35+00:00
ORD-122113,1,5,Over-ear Headphones,audio,1,199.95,199.95,cancelled,2026-08-24T09:58:03+00:00
ORD-122114,2,9,USB-C Hub 8-in-1,accessories,1,39.99,39.99,cancelled,2026-08-24T23:47:42+00:00
ORD-122115,1,9,USB-C Hub 8-in-1,accessories,3,39.99,119.97,refunded,2026-08-24T02:06:29+00:00
ORD-122116,5,3,27in 1440p Monitor,displays,2,319.99,639.98,completed,2026-08-24T20:50:41+00:00
ORD-122117,4,2,Wireless Mouse,peripherals,5,49.50,247.50,pending,2026-08-24T12:00:13+00:00
ORD-122118,10,5,Over-ear Headphones,audio,5,199.95,999.75,pending,2026-08-24T17:30:15+00:00
ORD-122119,6,10,Laptop Stand Aluminium,accessories,1,27.50,27.50,pending,2026-08-24T07:05:10+00:00
ORD-122120,3,10,Laptop Stand Aluminium,accessories,1,27.50,27.50,refunded,2026-08-24T03:56:47+00:00
ORD-122121,6,8,Ergonomic Chair,furniture,5,612.75,3063.75,pending,2026-08-24T11:43:49+00:00
ORD-122122,2,9,USB-C Hub 8-in-1,accessories,3,39.99,119.97,completed,2026-08-24T21:54:33+00:00
ORD-122123,6,6,Desk Speakers Pair,audio,3,89.00,267.00,cancelled,2026-08-24T07:58:18+00:00
ORD-122124,2,7,Standing Desk 120cm,furniture,4,449.00,1796.00,pending,2026-08-24T01:20:02+00:00
ORD-122125,7,4,34in Ultrawide Monitor,displays,3,579.00,1737.00,completed,2026-08-24T13:51:08+00:00
ORD-122126,8,1,Mechanical Keyboard 75%,peripherals,5,129.00,645.00,cancelled,2026-08-24T00:02:25+00:00
ORD-122127,6,4,34in Ultrawide Monitor,displays,2,579.00,1158.00,cancelled,2026-08-24T04:38:23+00:00
ORD-122128,2,6,Desk Speakers Pair,audio,1,89.00,89.00,refunded,2026-08-24T08:13:10+00:00
ORD-122129,3,2,Wireless Mouse,peripherals,3,49.50,148.50,refunded,2026-08-24T08:35:29+00:00
ORD-122130,8,3,27in 1440p Monitor,displays,3,319.99,959.97,pending,2026-08-24T18:35:49+00:00
ORD-122131,2,1,Mechanical Keyboard 75%,peripherals,5,129.00,645.00,cancelled,2026-08-24T14:40:12+00:00
ORD-122132,1,2,Wireless Mouse,peripherals,1,49.50,49.50,pending,2026-08-24T08:18:45+00:00
ORD-122133,6,1,Mechanical Keyboard 75%,peripherals,4,129.00,516.00,cancelled,2026-08-24T23:54:19+00:00
ORD-122134,2,10,Laptop Stand Aluminium,accessories,4,27.50,110.00,cancelled,2026-08-24T21:51:58+00:00
ORD-122135,2,10,Laptop Stand Aluminium,accessories,1,27.50,27.50,cancelled,2026-08-24T08:24:16+00:00
ORD-122136,1,6,Desk Speakers Pair,audio,2,89.00,178.00,completed,2026-08-24T19:46:27+00:00
ORD-122137,7,2,Wireless Mouse,peripherals,1,49.50,49.50,refunded,2026-08-24T23:24:16+00:00
ORD-122138,9,10,Laptop Stand Aluminium,accessories,3,27.50,82.50,cancelled,2026-08-24T22:47:06+00:00
ORD-122139,3,5,Over-ear Headphones,audio,4,199.95,799.80,refunded,2026-08-24T09:22:02+00:00
ORD-122140,5,9,USB-C Hub 8-in-1,accessories,4,39.99,159.96,refunded,2026-08-24T13:44:44+00:00
ORD-122141,5,5,Over-ear Headphones,audio,1,199.95,199.95,pending,2026-08-24T20:30:03+00:00
ORD-122142,8,5,Over-ear Headphones,audio,5,199.95,999.75,refunded,2026-08-24T00:05:59+00:00
ORD-122143,4,3,27in 1440p Monitor,displays,3,319.99,959.97,cancelled,2026-08-24T14:55:36+00:00
ORD-122144,1,6,Desk Speakers Pair,audio,4,89.00,356.00,pending,2026-08-24T22:40:48+00:00
ORD-122145,2,9,USB-C Hub 8-in-1,accessories,3,39.99,119.97,cancelled,2026-08-24T07:38:08+00:00
ORD-122146,10,3,27in 1440p Monitor,displays,2,319.99,639.98,cancelled,2026-08-24T13:59:17+00:00
ORD-122147,10,8,Ergonomic Chair,furniture,3,612.75,1838.25,cancelled,2026-08-24T21:43:18+00:00
ORD-122148,8,4,34in Ultrawide Monitor,displays,5,579.00,2895.00,completed,2026-08-24T14:20:07+00:00
ORD-122149,1,9,USB-C Hub 8-in-1,accessories,2,39.99,79.98,refunded,2026-08-24T14:54:21+00:00
ORD-122150,3,7,Standing Desk 120cm,furniture,3,449.00,1347.00,completed,2026-08-24T12:06:57+00:00
ORD-122151,9,10,Laptop Stand Aluminium,accessories,4,27.50,110.00,cancelled,2026-08-24T04:25:12+00:00
ORD-122152,6,7,Standing Desk 120cm,furniture,1,449.00,449.00,cancelled,2026-08-24T21:57:47+00:00
ORD-122153,7,10,Laptop Stand Aluminium,accessories,3,27.50,82.50,completed,2026-08-24T14:04:26+00:00
ORD-122154,6,5,Over-ear Headphones,audio,5,199.95,999.75,completed,2026-08-24T20:58:08+00:00
ORD-122155,10,7,Standing Desk 120cm,furniture,5,449.00,2245.00,cancelled,2026-08-24T05:53:44+00:00
ORD-122156,5,8,Ergonomic Chair,furniture,2,612.75,1225.50,cancelled,2026-08-24T08:10:39+00:00
ORD-122157,4,7,Standing Desk 120cm,furniture,5,449.00,2245.00,completed,2026-08-24T05:08:14+00:00
ORD-122158,3,7,Standing Desk 120cm,furniture,2,449.00,898.00,refunded,2026-08-24T20:18:05+00:00
ORD-122159,1,3,27in 1440p Monitor,displays,5,319.99,1599.95,completed,2026-08-24T12:29:29+00:00
ORD-122160,5,7,Standing Desk 120cm,furniture,3,449.00,1347.00,completed,2026-08-24T09:22:35+00:00
ORD-122161,5,9,USB-C Hub 8-in-1,accessories,5,39.99,199.95,refunded,2026-08-24T16:04:27+00:00
ORD-122162,6,8,Ergonomic Chair,furniture,5,612.75,3063.75,pending,2026-08-24T03:55:56+00:00
ORD-122163,8,4,34in Ultrawide Monitor,displays,2,579.00,1158.00,cancelled,2026-08-24T00:33:15+00:00
ORD-122164,8,2,Wireless Mouse,peripherals,5,49.50,247.50,completed,2026-08-24T02:22:21+00:00
ORD-122165,6,10,Laptop Stand Aluminium,accessories,4,27.50,110.00,cancelled,2026-08-24T14:28:07+00:00
ORD-122166,5,3,27in 1440p Monitor,displays,3,319.99,959.97,cancelled,2026-08-24T15:30:02+00:00
ORD-122167,8,2,Wireless Mouse,peripherals,5,49.50,247.50,completed,2026-08-24T01:42:58+00:00
ORD-122168,9,2,Wireless Mouse,peripherals,2,49.50,99.00,cancelled,2026-08-24T03:29:07+00:00
ORD-122169,6,4,34in Ultrawide Monitor,displays,5,579.00,2895.00,refunded,2026-08-24T18:26:45+00:00
ORD-122170,7,10,Laptop Stand Aluminium,accessories,2,27.50,55.00,completed,2026-08-24T14:24:25+00:00
ORD-122171,10,7,Standing Desk 120cm,furniture,2,449.00,898.00,cancelled,2026-08-24T15:14:51+00:00
ORD-122172,1,8,Ergonomic Chair,furniture,4,612.75,2451.00,completed,2026-08-24T03:22:11+00:00
ORD-122173,2,1,Mechanical Keyboard 75%,peripherals,5,129.00,645.00,refunded,2026-08-24T01:53:33+00:00
ORD-122174,4,4,34in Ultrawide Monitor,displays,2,579.00,1158.00,pending,2026-08-24T22:27:21+00:00
ORD-122175,6,1,Mechanical Keyboard 75%,peripherals,4,129.00,516.00,refunded,2026-08-24T23:57:26+00:00
ORD-122176,5,5,Over-ear Headphones,audio,1,199.95,199.95,cancelled,2026-08-24T12:46:00+00:00
ORD-122177,7,7,Standing Desk 120cm,furniture,2,449.00,898.00,completed,2026-08-24T10:52:10+00:00
ORD-122178,7,8,Ergonomic Chair,furniture,2,612.75,1225.50,cancelled,2026-08-24T18:20:38+00:00
ORD-122179,6,4,34in Ultrawide Monitor,displays,1,579.00,579.00,cancelled,2026-08-24T08:06:50+00:00
ORD-122180,7,8,Ergonomic Chair,furniture,4,612.75,2451.00,completed,2026-08-24T07:40:44+00:00
ORD-122181,6,7,Standing Desk 120cm,furniture,3,449.00,1347.00,refunded,2026-08-24T09:45:43+00:00
ORD-122182,1,4,34in Ultrawide Monitor,displays,4,579.00,2316.00,pending,2026-08-24T10:27:54+00:00
ORD-122183,2,6,Desk Speakers Pair,audio,2,89.00,178.00,pending,2026-08-24T18:21:24+00:00
ORD-122184,6,6,Desk Speakers Pair,audio,2,89.00,178.00,pending,2026-08-24T11:42:21+00:00
ORD-122185,4,4,34in Ultrawide Monitor,displays,4,579.00,2316.00,completed,2026-08-24T19:24:35+00:00
ORD-122186,1,7,Standing Desk 120cm,furniture,2,449.00,898.00,refunded,2026-08-24T05:58:26+00:00
ORD-122187,9,8,Ergonomic Chair,furniture,2,612.75,1225.50,refunded,2026-08-24T12:32:07+00:00
ORD-122188,5,1,Mechanical Keyboard 75%,peripherals,4,129.00,516.00,completed,2026-08-24T15:43:09+00:00
ORD-122189,3,7,Standing Desk 120cm,furniture,5,449.00,2245.00,cancelled,2026-08-24T02:27:54+00:00
ORD-122190,4,7,Standing Desk 120cm,furniture,1,449.00,449.00,completed,2026-08-24T22:12:46+00:00
ORD-122191,9,4,34in Ultrawide Monitor,displays,5,579.00,2895.00,cancelled,2026-08-24T22:22:28+00:00
ORD-122192,10,1,Mechanical Keyboard 75%,peripherals,5,129.00,645.00,refunded,2026-08-24T17:54:49+00:00
ORD-122193,6,8,Ergonomic Chair,furniture,3,612.75,1838.25,cancelled,2026-08-24T11:05:37+00:00
ORD-122194,10,7,Standing Desk 120cm,furniture,3,449.00,1347.00,completed,2026-08-24T10:53:50+00:00
ORD-122195,4,1,Mechanical Keyboard 75%,peripherals,1,129.00,129.00,pending,2026-08-24T12:07:11+00:00
ORD-122196,4,9,USB-C Hub 8-in-1,accessories,5,39.99,199.95,completed,2026-08-24T03:42:23+00:00
ORD-122197,4,4,34in Ultrawide Monitor,displays,3,579.00,1737.00,cancelled,2026-08-24T10:12:33+00:00
ORD-122198,7,9,USB-C Hub 8-in-1,accessories,1,39.99,39.99,refunded,2026-08-24T19:48:26+00:00
ORD-122199,9,10,Laptop Stand Aluminium,accessories,1,27.50,27.50,pending,2026-08-24T18:12:34+00:00
ORD-122200,10,9,USB-C Hub 8-in-1,accessories,3,39.99,119.97,pending,2026-08-24T10:01:08+00:00
ORD-122201,5,8,Ergonomic Chair,furniture,4,612.75,2451.00,pending,2026-08-24T17:44:00+00:00
ORD-122202,3,1,Mechanical Keyboard 75%,peripherals,1,129.00,129.00,cancelled,2026-08-24T17:53:20+00:00
ORD-122203,8,3,27in 1440p Monitor,displays,1,319.99,319.99,cancelled,2026-08-24T08:07:01+00:00
ORD-122204,6,9,USB-C Hub 8-in-1,accessories,4,39.99,159.96,completed,2026-08-24T19:37:57+00:00
ORD-122205,6,5,Over-ear Headphones,audio,2,199.95,399.90,refunded,2026-08-24T00:44:49+00:00
ORD-122206,6,8,Ergonomic Chair,furniture,5,612.75,3063.75,completed,2026-08-24T22:53:11+00:00
ORD-122207,6,1,Mechanical Keyboard 75%,peripherals,3,129.00,387.00,refunded,2026-08-24T19:14:19+00:00
ORD-122208,4,10,Laptop Stand Aluminium,accessories,5,27.50,137.50,pending,2026-08-24T20:43:07+00:00
ORD-122209,8,5,Over-ear Headphones,audio,3,199.95,599.85,completed,2026-08-24T13:29:20+00:00
ORD-122210,7,5,Over-ear Headphones,audio,3,199.95,599.85,pending,2026-08-24T11:09:50+00:00
ORD-122211,10,4,34in Ultrawide Monitor,displays,4,579.00,2316.00,pending,2026-08-24T20:39:12+00:00
ORD-122212,1,9,USB-C Hub 8-in-1,accessories,4,39.99,159.96,cancelled,2026-08-24T19:42:26+00:00
ORD-122213,10,6,Desk Speakers Pair,audio,3,89.00,267.00,refunded,2026-08-24T22:31:00+00:00
ORD-122214,8,2,Wireless Mouse,peripherals,2,49.50,99.00,completed,2026-08-24T15:44:00+00:00
ORD-122215,5,9,USB-C Hub 8-in-1,accessories,3,39.99,119.97,completed,2026-08-24T07:03:51+00:00
ORD-122216,2,1,Mechanical Keyboard 75%,peripherals,5,129.00,645.00,completed,2026-08-24T21:58:08+00:00
ORD-122217,8,1,Mechanical Keyboard 75%,peripherals,5,129.00,645.00,cancelled,2026-08-24T02:38:59+00:00
ORD-122218,2,2,Wireless Mouse,peripherals,3,49.50,148.50,refunded,2026-08-24T02:34:46+00:00
ORD-122219,9,1,Mechanical Keyboard 75%,peripherals,4,129.00,516.00,pending,2026-08-24T08:19:00+00:00
ORD-122220,1,10,Laptop Stand Aluminium,accessories,4,27.50,110.00,refunded,2026-08-24T16:53:48+00:00
ORD-122221,9,5,Over-ear Headphones,audio,5,199.95,999.75,completed,2026-08-24T08:25:18+00:00
ORD-122222,4,3,27in 1440p Monitor,displays,3,319.99,959.97,completed,2026-08-24T13:42:04+00:00
ORD-122223,5,3,27in 1440p Monitor,displays,2,319.99,639.98,pending,2026-08-24T21:29:07+00:00
ORD-122224,9,8,Ergonomic Chair,furniture,4,612.75,2451.00,completed,2026-08-24T17:34:36+00:00
ORD-122225,5,3,27in 1440p Monitor,displays,3,319.99,959.97,pending,2026-08-24T09:18:52+00:00
ORD-122226,8,3,27in 1440p Monitor,displays,1,319.99,319.99,refunded,2026-08-24T09:33:56+00:00
ORD-122227,1,3,27in 1440p Monitor,displays,1,319.99,319.99,cancelled,2026-08-24T03:54:52+00:00
ORD-122228,2,1,Mechanical Keyboard 75%,peripherals,4,129.00,516.00,refunded,2026-08-24T00:01:13+00:00
ORD-122229,7,2,Wireless Mouse,peripherals,1,49.50,49.50,completed,2026-08-24T12:20:08+00:00
ORD-122230,10,2,Wireless Mouse,peripherals,1,49.50,49.50,cancelled,2026-08-24T03:37:55+00:00
ORD-122231,3,8,Ergonomic Chair,furniture,2,612.75,1225.50,completed,2026-08-24T17:27:53+00:00
ORD-122232,2,1,Mechanical Keyboard 75%,peripherals,4,129.00,516.00,cancelled,2026-08-24T04:51:47+00:00
ORD-122233,1,3,27in 1440p Monitor,displays,1,319.99,319.99,refunded,2026-08-24T04:57:38+00:00
ORD-122234,7,3,27in 1440p Monitor,displays,1,319.99,319.99,cancelled,2026-08-24T17:42:28+00:00
ORD-122235,10,3,27in 1440p Monitor,displays,5,319.99,1599.95,pending,2026-08-24T00:04:04+00:00
ORD-122236,7,1,Mechanical Keyboard 75%,peripherals,4,129.00,516.00,cancelled,2026-08-24T16:27:22+00:00
ORD-122237,8,10,Laptop Stand Aluminium,accessories,2,27.50,55.00,completed,2026-08-24T20:52:54+00:00
ORD-122238,1,1,Mechanical Keyboard 75%,peripherals,5,129.00,645.00,refunded,2026-08-24T09:43:11+00:00
ORD-122239,6,8,Ergonomic Chair,furniture,5,612.75,3063.75,pending,2026-08-24T15:19:21+00:00
ORD-122240,5,3,27in 1440p Monitor,displays,3,319.99,959.97,cancelled,2026-08-24T06:33:16+00:00
ORD-122241,9,8,Ergonomic Chair,furniture,1,612.75,612.75,pending,2026-08-24T19:32:23+00:00
ORD-122242,3,7,Standing Desk 120cm,furniture,1,449.00,449.00,cancelled,2026-08-24T07:33:16+00:00
ORD-122243,6,5,Over-ear Headphones,audio,2,199.95,399.90,pending,2026-08-24T09:46:57+00:00
ORD-122244,10,3,27in 1440p Monitor,displays,3,319.99,959.97,cancelled,2026-08-24T15:53:21+00:00
ORD-122245,3,4,34in Ultrawide Monitor,displays,3,579.00,1737.00,pending,2026-08-24T09:57:16+00:00
ORD-122246,5,2,Wireless Mouse,peripherals,3,49.50,148.50,pending,2026-08-24T23:56:06+00:00
ORD-122247,4,8,Ergonomic Chair,furniture,3,612.75,1838.25,cancelled,2026-08-24T23:21:37+00:00
ORD-122248,10,7,Standing Desk 120cm,furniture,5,449.00,2245.00,pending,2026-08-24T20:40:29+00:00
ORD-122249,7,10,Laptop Stand Aluminium,accessories,5,27.50,137.50,refunded,2026-08-24T09:19:23+00:00
ORD-122250,5,5,Over-ear Headphones,audio,5,199.95,999.75,cancelled,2026-08-24T19:38:19+00:00
ORD-122251,9,4,34in Ultrawide Monitor,displays,5,579.00,2895.00,refunded,2026-08-24T20:37:55+00:00
ORD-122252,5,5,Over-ear Headphones,audio,4,199.95,799.80,refunded,2026-08-24T07:08:34+00:00
ORD-122253,5,4,34in Ultrawide Monitor,displays,3,579.00,1737.00,refunded,2026-08-24T11:51:53+00:00
ORD-122254,7,9,USB-C Hub 8-in-1,accessories,1,39.99,39.99,cancelled,2026-08-24T11:01:59+00:00
ORD-122255,8,6,Desk Speakers Pair,audio,1,89.00,89.00,completed,2026-08-24T14:11:38+00:00
ORD-122256,1,4,34in Ultrawide Monitor,displays,2,579.00,1158.00,cancelled,2026-08-24T07:51:58+00:00
ORD-122257,5,4,34in Ultrawide Monitor,displays,5,579.00,2895.00,refunded,2026-08-24T11:33:42+00:00
ORD-122258,3,6,Desk Speakers Pair,audio,5,89.00,445.00,refunded,2026-08-24T12:07:21+00:00
ORD-122259,3,2,Wireless Mouse,peripherals,1,49.50,49.50,cancelled,2026-08-24T20:11:18+00:00
ORD-122260,7,6,Desk Speakers Pair,audio,4,89.00,356.00,completed,2026-08-24T09:23:56+00:00
ORD-122261,8,8,Ergonomic Chair,furniture,5,612.75,3063.75,cancelled,2026-08-24T04:22:44+00:00
ORD-122262,10,2,Wireless Mouse,peripherals,1,49.50,49.50,completed,2026-08-24T06:43:36+00:00
ORD-122263,8,8,Ergonomic Chair,furniture,5,612.75,3063.75,pending,2026-08-24T12:00:33+00:00
ORD-122264,6,4,34in Ultrawide Monitor,displays,2,579.00,1158.00,completed,2026-08-24T12:26:27+00:00
ORD-122265,10,9,USB-C Hub 8-in-1,accessories,1,39.99,39.99,cancelled,2026-08-24T12:48:55+00:00
ORD-122266,2,8,Ergonomic Chair,furniture,3,612.75,1838.25,refunded,2026-08-24T00:37:36+00:00
ORD-122267,9,1,Mechanical Keyboard 75%,peripherals,4,129.00,516.00,completed,2026-08-24T21:39:04+00:00
ORD-122268,3,8,Ergonomic Chair,furniture,4,612.75,2451.00,cancelled,2026-08-24T07:52:15+00:00
ORD-122269,10,5,Over-ear Headphones,audio,5,199.95,999.75,refunded,2026-08-24T21:07:02+00:00
ORD-122270,1,5,Over-ear Headphones,audio,2,199.95,399.90,refunded,2026-08-24T14:23:43+00:00
ORD-122271,8,1,Mechanical Keyboard 75%,peripherals,5,129.00,645.00,completed,2026-08-24T06:59:54+00:00
ORD-122272,1,2,Wireless Mouse,peripherals,1,49.50,49.50,pending,2026-08-24T10:26:08+00:00
ORD-122273,9,8,Ergonomic Chair,furniture,2,612.75,1225.50,completed,2026-08-24T22:03:10+00:00
ORD-122274,4,4,34in Ultrawide Monitor,displays,4,579.00,2316.00,refunded,2026-08-24T06:08:28+00:00
ORD-122275,3,9,USB-C Hub 8-in-1,accessories,3,39.99,119.97,cancelled,2026-08-24T08:15:02+00:00
ORD-122276,7,8,Ergonomic Chair,furniture,2,612.75,1225.50,cancelled,2026-08-24T18:17:31+00:00
ORD-122277,2,8,Ergonomic Chair,furniture,3,612.75,1838.25,pending,2026-08-24T15:28:14+00:00
ORD-122278,7,6,Desk Speakers Pair,audio,5,89.00,445.00,refunded,2026-08-24T03:19:33+00:00
ORD-122279,4,4,34in Ultrawide Monitor,displays,2,579.00,1158.00,cancelled,2026-08-24T21:11:41+00:00
ORD-122280,5,5,Over-ear Headphones,audio,1,199.95,199.95,pending,2026-08-24T15:45:44+00:00
ORD-122281,3,5,Over-ear Headphones,audio,3,199.95,599.85,completed,2026-08-24T16:32:31+00:00
ORD-122282,7,8,Ergonomic Chair,furniture,5,612.75,3063.75,cancelled,2026-08-24T21:18:32+00:00
ORD-122283,7,10,Laptop Stand Aluminium,accessories,3,27.50,82.50,pending,2026-08-24T23:15:05+00:00
ORD-122284,10,8,Ergonomic Chair,furniture,1,612.75,612.75,refunded,2026-08-24T09:22:30+00:00
ORD-122285,4,1,Mechanical Keyboard 75%,peripherals,2,129.00,258.00,pending,2026-08-24T22:45:03+00:00
ORD-122286,8,5,Over-ear Headphones,audio,5,199.95,999.75,completed,2026-08-24T15:29:48+00:00
ORD-122287,9,9,USB-C Hub 8-in-1,accessories,3,39.99,119.97,refunded,2026-08-24T23:06:56+00:00
ORD-122288,4,9,USB-C Hub 8-in-1,accessories,4,39.99,159.96,refunded,2026-08-24T17:17:19+00:00
ORD-122289,3,1,Mechanical Keyboard 75%,peripherals,2,129.00,258.00,refunded,2026-08-24T05:17:45+00:00
ORD-122290,4,1,Mechanical Keyboard 75%,peripherals,3,129.00,387.00,completed,2026-08-24T23:25:16+00:00
ORD-122291,3,7,Standing Desk 120cm,furniture,3,449.00,1347.00,completed,2026-08-24T13:05:11+00:00
ORD-122292,7,3,27in 1440p Monitor,displays,3,319.99,959.97,cancelled,2026-08-24T14:23:53+00:00
ORD-122293,6,9,USB-C Hub 8-in-1,accessories,4,39.99,159.96,pending,2026-08-24T16:10:48+00:00
ORD-122294,3,10,Laptop Stand Aluminium,accessories,5,27.50,137.50,refunded,2026-08-24T08:48:35+00:00
ORD-122295,9,1,Mechanical Keyboard 75%,peripherals,1,129.00,129.00,completed,2026-08-24T14:40:48+00:00
ORD-122296,10,1,Mechanical Keyboard 75%,peripherals,5,129.00,645.00,pending,2026-08-24T14:47:15+00:00
ORD-122297,3,9,USB-C Hub 8-in-1,accessories,3,39.99,119.97,pending,2026-08-24T05:49:53+00:00
ORD-122298,9,5,Over-ear Headphones,audio,2,199.95,399.90,refunded,2026-08-24T17:15:04+00:00
ORD-122299,6,7,Standing Desk 120cm,furniture,2,449.00,898.00,cancelled,2026-08-24T04:53:44+00:00
ORD-122300,5,8,Ergonomic Chair,furniture,4,612.75,2451.00,cancelled,2026-08-24T13:35:50+00:00
ORD-122301,9,4,34in Ultrawide Monitor,displays,2,579.00,1158.00,completed,2026-08-24T03:27:01+00:00
ORD-122302,7,1,Mechanical Keyboard 75%,peripherals,4,129.00,516.00,pending,2026-08-24T00:05:34+00:00
ORD-122303,6,1,Mechanical Keyboard 75%,peripherals,2,129.00,258.00,completed,2026-08-24T01:54:03+00:00
ORD-122304,1,7,Standing Desk 120cm,furniture,1,449.00,449.00,unknown_status,2026-08-24T20:40:13+00:00
ORD-122305,2,1,Mechanical Keyboard 75%,peripherals,3,129.00,387.00,pending,2026-08-24T13:56:46+00:00
ORD-122306,9,2,Wireless Mouse,peripherals,1,49.50,49.50,completed,2026-08-24T12:04:01+00:00
ORD-122307,9,7,Standing Desk 120cm,furniture,4,449.00,1796.00,refunded,2026-08-24T15:20:53+00:00
ORD-122308,8,9,USB-C Hub 8-in-1,accessories,2,39.99,79.98,completed,2026-08-24T19:12:18+00:00
ORD-122309,1,2,Wireless Mouse,peripherals,3,49.50,148.50,cancelled,2026-08-24T07:57:49+00:00
ORD-122310,3,2,Wireless Mouse,peripherals,3,49.50,148.50,pending,2026-08-24T22:15:16+00:00
ORD-122311,2,8,Ergonomic Chair,furniture,4,612.75,2451.00,pending,2026-08-24T00:52:41+00:00
ORD-122312,8,7,Standing Desk 120cm,furniture,2,449.00,898.00,refunded,2026-08-24T19:18:48+00:00
ORD-122313,6,1,Mechanical Keyboard 75%,peripherals,3,129.00,387.00,cancelled,2026-08-24T13:33:52+00:00
ORD-122314,4,7,Standing Desk 120cm,furniture,2,449.00,898.00,cancelled,2026-08-24T00:05:59+00:00
ORD-122315,6,10,Laptop Stand Aluminium,accessories,5,27.50,137.50,pending,2026-08-24T22:01:21+00:00
ORD-122316,7,5,Over-ear Headphones,audio,2,199.95,399.90,completed,2026-08-24T15:52:01+00:00
ORD-122317,2,10,Laptop Stand Aluminium,accessories,5,27.50,137.50,refunded,2026-08-24T04:49:34+00:00
ORD-122318,4,7,Standing Desk 120cm,furniture,5,449.00,2245.00,completed,2026-08-24T21:23:11+00:00
ORD-122319,3,3,27in 1440p Monitor,displays,3,319.99,959.97,completed,2026-08-24T01:20:09+00:00
ORD-122320,6,8,Ergonomic Chair,furniture,4,612.75,2451.00,refunded,2026-08-24T12:44:29+00:00
ORD-122321,10,1,Mechanical Keyboard 75%,peripherals,3,129.00,387.00,pending,2026-08-24T13:04:13+00:00
ORD-122322,7,9,USB-C Hub 8-in-1,accessories,3,39.99,119.97,refunded,2026-08-24T06:32:52+00:00
ORD-122323,1,4,34in Ultrawide Monitor,displays,4,579.00,2316.00,cancelled,2026-08-24T22:15:07+00:00
ORD-122324,4,7,Standing Desk 120cm,furniture,1,449.00,449.00,completed,2026-08-24T00:52:54+00:00
ORD-122325,6,2,Wireless Mouse,peripherals,2,49.50,99.00,pending,2026-08-24T16:40:41+00:00
ORD-122326,8,6,Desk Speakers Pair,audio,4,89.00,356.00,pending,2026-08-24T13:21:09+00:00
ORD-122327,10,2,Wireless Mouse,peripherals,5,49.50,247.50,pending,2026-08-24T16:54:42+00:00
ORD-122328,7,1,Mechanical Keyboard 75%,peripherals,4,129.00,516.00,pending,2026-08-24T01:52:30+00:00
ORD-122329,9,4,34in Ultrawide Monitor,displays,5,579.00,2895.00,refunded,2026-08-24T20:05:55+00:00
ORD-122330,7,2,Wireless Mouse,peripherals,5,49.50,247.50,pending,2026-08-24T16:07:56+00:00
ORD-122331,2,3,27in 1440p Monitor,displays,2,319.99,639.98,refunded,2026-08-24T19:37:56+00:00
ORD-122332,3,1,Mechanical Keyboard 75%,peripherals,2,129.00,258.00,pending,2026-08-24T16:58:43+00:00
ORD-122333,9,5,Over-ear Headphones,audio,1,199.95,199.95,refunded,2026-08-24T08:36:55+00:00
ORD-122334,3,7,Standing Desk 120cm,furniture,4,449.00,1796.00,pending,2026-08-24T22:30:53+00:00
ORD-122335,1,4,34in Ultrawide Monitor,displays,3,579.00,1737.00,pending,2026-08-24T15:35:00+00:00
ORD-122336,1,6,Desk Speakers Pair,audio,3,89.00,267.00,cancelled,2026-08-24T15:47:20+00:00
ORD-122337,4,7,Standing Desk 120cm,furniture,1,449.00,449.00,cancelled,2026-08-24T08:42:33+00:00
ORD-122338,4,3,27in 1440p Monitor,displays,4,319.99,1279.96,completed,2026-08-24T00:23:32+00:00
ORD-122339,8,7,Standing Desk 120cm,furniture,2,449.00,898.00,cancelled,2026-08-24T06:21:28+00:00
ORD-122340,7,1,Mechanical Keyboard 75%,peripherals,2,129.00,258.00,cancelled,2026-08-24T15:48:47+00:00
ORD-122341,5,2,Wireless Mouse,peripherals,3,49.50,148.50,pending,2026-08-24T09:59:09+00:00
ORD-122342,4,7,Standing Desk 120cm,furniture,4,449.00,1796.00,cancelled,2026-08-24T11:48:53+00:00
ORD-122343,7,6,Desk Speakers Pair,audio,3,89.00,267.00,pending,2026-08-24T01:12:34+00:00
ORD-122344,1,5,Over-ear Headphones,audio,4,199.95,799.80,cancelled,2026-08-24T21:38:08+00:00
ORD-122345,6,4,34in Ultrawide Monitor,displays,1,579.00,579.00,refunded,2026-08-24T03:43:50+00:00
ORD-122346,2,8,Ergonomic Chair,furniture,4,612.75,2451.00,refunded,2026-08-24T13:26:31+00:00
ORD-122347,7,7,Standing Desk 120cm,furniture,1,449.00,449.00,cancelled,2026-08-24T04:23:33+00:00
ORD-122348,7,8,Ergonomic Chair,furniture,4,612.75,2451.00,refunded,2026-08-24T09:32:10+00:00
ORD-122349,6,6,Desk Speakers Pair,audio,1,89.00,89.00,pending,2026-08-24T02:12:08+00:00
ORD-122350,1,3,27in 1440p Monitor,displays,2,319.99,639.98,pending,2026-08-24T02:38:22+00:00
ORD-122351,9,4,34in Ultrawide Monitor,displays,4,579.00,2316.00,pending,2026-08-24T23:26:00+00:00
ORD-122352,6,7,Standing Desk 120cm,furniture,4,449.00,1796.00,cancelled,2026-08-24T02:53:37+00:00
ORD-122353,7,9,USB-C Hub 8-in-1,accessories,4,39.99,159.96,cancelled,2026-08-24T11:33:16+00:00
ORD-122354,4,5,Over-ear Headphones,audio,2,199.95,399.90,completed,2026-08-24T15:32:04+00:00
ORD-122355,2,5,Over-ear Headphones,audio,5,199.95,999.75,cancelled,2026-08-24T04:13:18+00:00
ORD-122356,1,5,Over-ear Headphones,audio,3,199.95,599.85,cancelled,2026-08-24T10:10:14+00:00
ORD-122357,4,7,Standing Desk 120cm,furniture,3,449.00,1347.00,completed,2026-08-24T17:05:56+00:00
ORD-122358,10,2,Wireless Mouse,peripherals,5,49.50,247.50,refunded,2026-08-24T10:01:01+00:00
ORD-122359,4,1,Mechanical Keyboard 75%,peripherals,5,129.00,645.00,pending,2026-08-24T14:35:41+00:00
ORD-122360,2,6,Desk Speakers Pair,audio,1,89.00,89.00,refunded,2026-08-24T21:05:27+00:00
ORD-122361,10,10,Laptop Stand Aluminium,accessories,3,27.50,82.50,completed,2026-08-24T17:03:45+00:00
ORD-122362,3,8,Ergonomic Chair,furniture,5,612.75,3063.75,completed,2026-08-24T00:16:26+00:00
ORD-122363,6,2,Wireless Mouse,peripherals,4,49.50,198.00,pending,2026-08-24T15:29:31+00:00
ORD-122364,10,6,Desk Speakers Pair,audio,1,89.00,89.00,cancelled,2026-08-24T14:29:41+00:00
ORD-122365,3,8,Ergonomic Chair,furniture,2,612.75,1225.50,cancelled,2026-08-24T07:57:41+00:00
ORD-122366,7,7,Standing Desk 120cm,furniture,3,449.00,1347.00,pending,2026-08-24T16:17:12+00:00
ORD-122367,8,2,Wireless Mouse,peripherals,5,49.50,247.50,refunded,2026-08-24T08:35:01+00:00
ORD-122368,2,9,USB-C Hub 8-in-1,accessories,5,39.99,199.95,refunded,2026-08-24T23:29:15+00:00
ORD-122369,2,3,27in 1440p Monitor,displays,1,319.99,319.99,completed,2026-08-24T10:18:16+00:00
ORD-122370,1,3,27in 1440p Monitor,displays,1,319.99,319.99,refunded,2026-08-24T08:47:28+00:00
ORD-122371,10,7,Standing Desk 120cm,furniture,1,449.00,449.00,refunded,2026-08-24T00:48:40+00:00
ORD-122372,2,3,27in 1440p Monitor,displays,3,319.99,959.97,cancelled,2026-08-24T00:19:00+00:00
ORD-122373,5,2,Wireless Mouse,peripherals,5,49.50,247.50,refunded,2026-08-24T20:32:06+00:00
ORD-122374,8,3,27in 1440p Monitor,displays,4,319.99,1279.96,pending,2026-08-24T00:58:05+00:00
ORD-122375,2,5,Over-ear Headphones,audio,1,199.95,199.95,refunded,2026-08-24T05:21:52+00:00
ORD-122376,1,7,Standing Desk 120cm,furniture,1,449.00,449.00,pending,2026-08-24T17:31:13+00:00
ORD-122377,2,10,Laptop Stand Aluminium,accessories,5,27.50,137.50,pending,2026-08-24T18:26:59+00:00
ORD-122378,7,6,Desk Speakers Pair,audio,3,89.00,267.00,refunded,2026-08-24T12:44:08+00:00
ORD-122379,8,9,USB-C Hub 8-in-1,accessories,3,39.99,119.97,completed,2026-08-24T00:21:29+00:00
ORD-122380,2,5,Over-ear Headphones,audio,2,199.95,399.90,completed,2026-08-24T04:59:30+00:00
ORD-122381,1,2,Wireless Mouse,peripherals,5,49.50,247.50,completed,2026-08-24T23:51:28+00:00
ORD-122382,2,3,27in 1440p Monitor,displays,2,319.99,639.98,completed,2026-08-24T14:54:41+00:00
ORD-122383,8,6,Desk Speakers Pair,audio,1,89.00,89.00,completed,2026-08-24T19:44:34+00:00
ORD-122384,7,4,34in Ultrawide Monitor,displays,1,579.00,579.00,completed,2026-08-24T07:12:56+00:00
ORD-122385,10,7,Standing Desk 120cm,furniture,4,449.00,-50.00,refunded,2026-08-24T23:32:23+00:00
ORD-122386,8,5,Over-ear Headphones,audio,4,199.95,799.80,completed,2026-08-24T16:02:06+00:00
ORD-122387,5,7,Standing Desk 120cm,furniture,2,449.00,898.00,pending,2026-08-24T11:07:36+00:00
ORD-122388,10,5,Over-ear Headphones,audio,1,199.95,199.95,pending,2026-08-24T12:11:09+00:00
ORD-122389,10,8,Ergonomic Chair,furniture,5,612.75,3063.75,refunded,2026-08-24T16:51:05+00:00
ORD-122390,6,9,USB-C Hub 8-in-1,accessories,3,39.99,119.97,cancelled,2026-08-24T05:33:33+00:00
ORD-122391,1,6,Desk Speakers Pair,audio,3,89.00,267.00,pending,2026-08-24T01:09:41+00:00
ORD-122392,6,10,Laptop Stand Aluminium,accessories,5,27.50,137.50,completed,2026-08-24T06:49:04+00:00
ORD-122393,5,7,Standing Desk 120cm,furniture,1,449.00,449.00,refunded,2026-08-24T03:24:16+00:00
ORD-122394,8,1,Mechanical Keyboard 75%,peripherals,2,129.00,258.00,refunded,2026-08-24T22:08:54+00:00
ORD-122395,6,6,Desk Speakers Pair,audio,5,89.00,445.00,completed,2026-08-24T06:49:32+00:00
ORD-122396,9,4,34in Ultrawide Monitor,displays,5,579.00,2895.00,refunded,2026-08-24T13:36:27+00:00
ORD-122397,5,6,Desk Speakers Pair,audio,2,89.00,178.00,pending,2026-08-24T12:19:45+00:00
ORD-122398,10,9,USB-C Hub 8-in-1,accessories,1,39.99,39.99,completed,2026-08-24T14:05:03+00:00
ORD-122399,6,5,Over-ear Headphones,audio,4,199.95,799.80,cancelled,2026-08-24T06:25:44+00:00
ORD-122400,10,7,Standing Desk 120cm,furniture,1,449.00,449.00,refunded,2026-08-24T05:39:46+00:00
ORD-122401,5,6,Desk Speakers Pair,audio,5,89.00,445.00,refunded,2026-08-24T12:30:44+00:00
ORD-122402,6,4,34in Ultrawide Monitor,displays,1,579.00,579.00,completed,2026-08-24T20:10:57+00:00
ORD-122403,9,5,Over-ear Headphones,audio,5,199.95,999.75,pending,2026-08-24T04:19:57+00:00
ORD-122404,2,2,Wireless Mouse,peripherals,3,49.50,148.50,cancelled,2026-08-24T20:31:40+00:00
ORD-122405,2,8,Ergonomic Chair,furniture,4,612.75,2451.00,cancelled,2026-08-24T14:00:16+00:00
ORD-122406,6,6,Desk Speakers Pair,audio,5,89.00,445.00,cancelled,2026-08-24T03:56:20+00:00
ORD-122407,3,2,Wireless Mouse,peripherals,4,49.50,198.00,pending,2026-08-24T11:51:37+00:00
ORD-122408,5,1,Mechanical Keyboard 75%,peripherals,3,129.00,387.00,cancelled,2026-08-24T17:15:10+00:00
ORD-122409,7,7,Standing Desk 120cm,furniture,1,449.00,449.00,refunded,2026-08-24T03:20:06+00:00
ORD-122410,5,1,Mechanical Keyboard 75%,peripherals,3,129.00,387.00,completed,2026-08-24T05:20:19+00:00
ORD-122411,1,3,27in 1440p Monitor,displays,3,319.99,959.97,cancelled,2026-08-24T05:01:53+00:00
ORD-122412,1,3,27in 1440p Monitor,displays,2,319.99,639.98,refunded,2026-08-24T12:39:41+00:00
ORD-122413,8,5,Over-ear Headphones,audio,4,199.95,799.80,pending,2026-08-24T06:38:16+00:00
ORD-122414,4,1,Mechanical Keyboard 75%,peripherals,3,129.00,387.00,completed,2026-08-24T07:22:29+00:00
ORD-122415,4,7,Standing Desk 120cm,furniture,2,449.00,898.00,completed,2026-08-24T03:34:16+00:00
ORD-122416,6,8,Ergonomic Chair,furniture,5,612.75,3063.75,pending,2026-08-24T02:06:08+00:00
ORD-122417,4,1,Mechanical Keyboard 75%,peripherals,5,129.00,645.00,pending,2026-08-24T13:12:36+00:00
ORD-122418,8,4,34in Ultrawide Monitor,displays,3,579.00,1737.00,completed,2026-08-24T03:13:23+00:00
ORD-122419,6,1,Mechanical Keyboard 75%,peripherals,3,129.00,387.00,refunded,2026-08-24T04:39:17+00:00
ORD-122420,9,9,USB-C Hub 8-in-1,accessories,2,39.99,79.98,pending,2026-08-24T09:34:51+00:00
ORD-122421,5,8,Ergonomic Chair,furniture,2,612.75,1225.50,pending,2026-08-24T04:03:17+00:00
ORD-122422,2,2,Wireless Mouse,peripherals,1,49.50,49.50,refunded,2026-08-24T05:36:57+00:00
ORD-122423,4,1,Mechanical Keyboard 75%,peripherals,1,129.00,129.00,refunded,2026-08-24T11:44:27+00:00
ORD-122424,6,5,Over-ear Headphones,audio,3,199.95,599.85,refunded,2026-08-24T21:20:55+00:00
ORD-122425,7,3,27in 1440p Monitor,displays,5,319.99,1599.95,cancelled,2026-08-24T15:03:11+00:00
ORD-122426,3,1,Mechanical Keyboard 75%,peripherals,3,129.00,387.00,cancelled,2026-08-24T18:56:13+00:00
ORD-122427,8,1,Mechanical Keyboard 75%,peripherals,2,129.00,258.00,pending,2026-08-24T17:57:34+00:00
ORD-122428,9,4,34in Ultrawide Monitor,displays,5,579.00,2895.00,refunded,2026-08-24T05:56:35+00:00
ORD-122429,8,4,34in Ultrawide Monitor,displays,3,579.00,1737.00,pending,2026-08-24T22:00:39+00:00
ORD-122430,7,5,Over-ear Headphones,audio,4,199.95,799.80,refunded,2026-08-24T14:02:39+00:00
ORD-122431,6,7,Standing Desk 120cm,furniture,4,449.00,1796.00,completed,2026-08-24T14:57:13+00:00
ORD-122432,1,5,Over-ear Headphones,audio,5,199.95,999.75,refunded,2026-08-24T01:24:55+00:00
ORD-122433,6,2,Wireless Mouse,peripherals,4,49.50,198.00,cancelled,2026-08-24T02:35:04+00:00
ORD-122434,8,1,Mechanical Keyboard 75%,peripherals,3,129.00,387.00,pending,2026-08-24T11:37:37+00:00
ORD-122435,1,2,Wireless Mouse,peripherals,2,49.50,99.00,refunded,2026-08-24T14:05:04+00:00
ORD-122436,4,7,Standing Desk 120cm,furniture,5,449.00,2245.00,refunded,2026-08-24T22:30:33+00:00
ORD-122437,9,4,34in Ultrawide Monitor,displays,3,579.00,1737.00,pending,2026-08-24T02:24:08+00:00
ORD-122438,8,9,USB-C Hub 8-in-1,accessories,3,39.99,119.97,completed,2026-08-24T14:45:22+00:00
ORD-122439,1,2,Wireless Mouse,peripherals,4,49.50,198.00,pending,2026-08-24T11:14:40+00:00
ORD-122440,9,8,Ergonomic Chair,furniture,5,612.75,3063.75,refunded,2026-08-24T16:33:54+00:00
ORD-122441,7,6,Desk Speakers Pair,audio,5,89.00,445.00,cancelled,2026-08-24T13:04:19+00:00
ORD-122442,3,6,Desk Speakers Pair,audio,2,89.00,178.00,pending,2026-08-24T16:41:52+00:00
ORD-122443,1,2,Wireless Mouse,peripherals,5,49.50,247.50,cancelled,2026-08-24T13:30:19+00:00
ORD-122444,8,1,Mechanical Keyboard 75%,peripherals,5,129.00,645.00,pending,2026-08-24T09:08:23+00:00
ORD-122445,10,5,Over-ear Headphones,audio,2,199.95,399.90,pending,2026-08-24T03:34:32+00:00
ORD-122446,2,5,Over-ear Headphones,audio,2,199.95,399.90,cancelled,2026-08-24T17:49:51+00:00
ORD-122447,3,2,Wireless Mouse,peripherals,3,49.50,148.50,refunded,2026-08-24T13:11:19+00:00
ORD-122448,9,2,Wireless Mouse,peripherals,3,49.50,148.50,pending,2026-08-24T06:41:04+00:00
ORD-122449,2,4,34in Ultrawide Monitor,displays,2,579.00,1158.00,completed,2026-08-24T11:35:18+00:00
ORD-122450,9,1,Mechanical Keyboard 75%,peripherals,1,129.00,129.00,cancelled,2026-08-24T12:59:13+00:00
ORD-122451,6,9,USB-C Hub 8-in-1,accessories,5,39.99,199.95,cancelled,2026-08-24T20:40:14+00:00
ORD-122452,5,6,Desk Speakers Pair,audio,1,89.00,89.00,completed,2026-08-24T08:22:39+00:00
ORD-122453,4,6,Desk Speakers Pair,audio,4,89.00,356.00,cancelled,2026-08-24T13:04:45+00:00
ORD-122454,3,4,34in Ultrawide Monitor,displays,5,579.00,2895.00,completed,2026-08-24T14:25:38+00:00
ORD-122455,3,1,Mechanical Keyboard 75%,peripherals,4,129.00,516.00,pending,2026-08-24T00:34:00+00:00
ORD-122456,7,2,Wireless Mouse,peripherals,2,49.50,99.00,cancelled,2026-08-24T01:19:47+00:00
ORD-122457,1,5,Over-ear Headphones,audio,4,199.95,799.80,completed,2026-08-24T17:04:03+00:00
ORD-122458,9,3,27in 1440p Monitor,displays,5,319.99,1599.95,cancelled,2026-08-24T21:18:31+00:00
ORD-122459,4,10,Laptop Stand Aluminium,accessories,4,27.50,110.00,completed,2026-08-24T03:33:04+00:00
ORD-122460,9,3,27in 1440p Monitor,displays,2,319.99,639.98,cancelled,2026-08-24T18:43:44+00:00
ORD-122461,9,2,Wireless Mouse,peripherals,1,49.50,49.50,refunded,2026-08-24T01:15:12+00:00
ORD-122462,3,3,27in 1440p Monitor,displays,4,319.99,1279.96,completed,2026-08-24T00:35:31+00:00
ORD-122463,6,4,34in Ultrawide Monitor,displays,3,579.00,1737.00,cancelled,2026-08-24T15:09:57+00:00
ORD-122464,3,2,Wireless Mouse,peripherals,2,49.50,99.00,cancelled,2026-08-24T20:02:56+00:00
ORD-122465,8,3,27in 1440p Monitor,displays,2,319.99,639.98,completed,2026-08-24T08:54:34+00:00
ORD-122466,9,8,Ergonomic Chair,furniture,3,612.75,1838.25,completed,2026-08-24T12:43:38+00:00
ORD-122467,6,4,34in Ultrawide Monitor,displays,4,579.00,2316.00,pending,2026-08-24T23:39:05+00:00
ORD-122468,6,5,Over-ear Headphones,audio,2,199.95,399.90,pending,2026-08-24T06:57:11+00:00
ORD-122469,9,4,34in Ultrawide Monitor,displays,2,579.00,1158.00,cancelled,2026-08-24T03:21:45+00:00
ORD-122470,10,5,Over-ear Headphones,audio,3,199.95,599.85,pending,2026-08-24T11:44:27+00:00
ORD-122471,1,3,27in 1440p Monitor,displays,5,319.99,1599.95,completed,2026-08-24T05:56:02+00:00
ORD-122472,7,8,Ergonomic Chair,furniture,3,612.75,1838.25,pending,2026-08-24T10:01:43+00:00
ORD-122473,5,8,Ergonomic Chair,furniture,3,612.75,1838.25,pending,2026-08-24T21:59:43+00:00
ORD-122474,9,8,Ergonomic Chair,furniture,2,612.75,1225.50,completed,2026-08-24T22:54:34+00:00
ORD-122475,5,1,Mechanical Keyboard 75%,peripherals,4,129.00,516.00,completed,2026-08-24T23:37:32+00:00
ORD-122476,3,8,Ergonomic Chair,furniture,2,612.75,1225.50,pending,2026-08-24T03:11:32+00:00
ORD-122477,2,1,Mechanical Keyboard 75%,peripherals,2,129.00,258.00,pending,2026-08-24T15:57:54+00:00
ORD-122478,4,3,27in 1440p Monitor,displays,5,319.99,1599.95,completed,2026-08-24T01:30:02+00:00
ORD-122479,1,3,27in 1440p Monitor,displays,4,319.99,1279.96,completed,2026-08-24T02:08:09+00:00
ORD-122480,3,10,Laptop Stand Aluminium,accessories,2,27.50,55.00,completed,2026-08-24T00:18:04+00:00
ORD-122481,4,10,Laptop Stand Aluminium,accessories,1,27.50,27.50,completed,2026-08-24T19:19:05+00:00
ORD-122482,4,7,Standing Desk 120cm,furniture,4,449.00,1796.00,pending,2026-08-24T21:08:07+00:00
ORD-122483,3,3,27in 1440p Monitor,displays,1,319.99,319.99,pending,2026-08-24T06:06:35+00:00
